host_t_us,sensor_t_us,qw,qx,qy,qz,ax,ay,az,gx,gy,gz
1781536308977748,1752283427,0.028528807684779167,-0.8075476288795471,-0.5890417098999023,0.009100276976823807,0.07125913351774216,-0.4804385304450989,-9.32406997680664,0.4666057229042053,0.2210696041584015,0.5931965112686157
1781536308978294,1752300094,0.028514737263321877,-0.8075474500656128,-0.5890425443649292,0.00909912958741188,0.06146816909313202,-0.48156851530075073,-9.30306339263916,0.414048433303833,0.15847216546535492,0.5839887261390686
1781536309007259,1752316761,0.02849463000893593,-0.8075495362281799,-0.5890409350395203,0.009096074849367142,0.07584420591592789,-0.48412907123565674,-9.320916175842285,0.37258151173591614,0.145076721906662,0.6041074991226196
1781536309007926,1752333428,0.028490303084254265,-0.8075422048568726,-0.5890512466430664,0.009094245731830597,0.07887325435876846,-0.48373210430145264,-9.312451362609863,0.4660038948059082,0.19990071654319763,0.5120810866355896
1781536309037675,1752350095,0.028488649055361748,-0.8075430393218994,-0.5890500545501709,0.009103847667574883,0.07574447244405746,-0.4953726530075073,-9.318323135375977,0.5268852710723877,0.1478429138660431,0.5746016502380371
1781536309038147,1752366762,0.028487740084528923,-0.8075451850891113,-0.5890472531318665,0.009097712114453316,0.07246826589107513,-0.4754996597766876,-9.302380561828613,0.46636244654655457,0.24070173501968384,0.6232786178588867
1781536309067428,1752383429,0.028473343700170517,-0.8075429201126099,-0.5890509486198425,0.009103567339479923,0.06914597004652023,-0.4812609553337097,-9.305305480957031,0.44040393829345703,0.11808093637228012,0.5767018795013428
1781536309096522,1752400096,0.028365105390548706,-0.8074621558189392,-0.589165449142456,0.009190724231302738,0.07689885050058365,-0.4802775979042053,-9.289363861083984,0.44939401745796204,0.18336769938468933,0.5736795663833618
1781536309097519,1752416763,0.028355613350868225,-0.807464599609375,-0.5891623497009277,0.0092002609744668,0.07629480957984924,-0.4739547669887543,-9.326781272888184,0.48272889852523804,0.11843952536582947,0.6056826710700989
1781536309127805,1752433430,0.0283427182585001,-0.807463526725769,-0.5891645550727844,0.009194986894726753,0.08256032317876816,-0.4797482192516327,-9.26990795135498,0.4036369323730469,0.18705594539642334,0.5878562927246094
1781536309128329,1752450097,0.028338907286524773,-0.8074561357498169,-0.5891748070716858,0.009192344732582569,0.05755223333835602,-0.4889497756958008,-9.315443992614746,0.4651585519313812,0.20776379108428955,0.5274743437767029
1781536309157531,1752466764,0.028349025174975395,-0.8074617981910706,-0.5891665816307068,0.009202943183481693,0.06399182230234146,-0.4809204936027527,-9.299527168273926,0.59591144323349,0.19153815507888794,0.6233682632446289
1781536309158024,1752483431,0.02833601087331772,-0.8074620366096497,-0.5891669392585754,0.009202692657709122,0.06269122660160065,-0.49107763171195984,-9.303009986877441,0.42399901151657104,0.15614141523838043,0.555084764957428
1781536309187151,1752500098,0.028330018743872643,-0.8074628114700317,-0.589165985584259,0.009210220538079739,0.06506194174289703,-0.48079603910446167,-9.30162239074707,0.4936271607875824,0.14392417669296265,0.6067072749137878
1781536309187694,1752516765,0.02832150273025036,-0.8074660897254944,-0.58916175365448,0.00920947827398777,0.07844372093677521,-0.4740835726261139,-9.310845375061035,0.445859432220459,0.1801661252975464,0.6311545372009277
1781536309217227,1752533432,0.028326809406280518,-0.8074659705162048,-0.5891616940498352,0.00921561662107706,0.08421610295772552,-0.46960964798927307,-9.309672355651855,0.5509099364280701,0.19673752784729004,0.5926713943481445
1781536309247635,1752550099,0.028324084356427193,-0.8074660897254944,-0.5891615748405457,0.009216191247105598,0.08081155270338058,-0.48146119713783264,-9.307422637939453,0.4836125671863556,0.19543127715587616,0.600918710231781
1781536309248290,1752566766,0.028319818899035454,-0.8074637055397034,-0.5891650915145874,0.009210081771016121,0.07052996009588242,-0.4777097702026367,-9.324441909790039,0.4483310580253601,0.22478345036506653,0.5595670342445374
1781536309278049,1752583433,0.02830337919294834,-0.8074644804000854,-0.5891647934913635,0.009212827309966087,0.08454511314630508,-0.48411476612091064,-9.328393936157227,0.41646888852119446,0.12636665999889374,0.582720935344696
1781536309278763,1752600100,0.02829940989613533,-0.8074671626091003,-0.5891615152359009,0.009214304387569427,0.0732550323009491,-0.4788648784160614,-9.32961654663086,0.48041102290153503,0.18432819843292236,0.6020969748497009
1781536309307013,1752616767,0.02831268310546875,-0.8074688911437988,-0.5891581177711487,0.009230631403625011,0.06692079454660416,-0.47041597962379456,-9.30816650390625,0.6362258195877075,0.17226460576057434,0.6134049296379089
1781536309307344,1752633434,0.028303517028689384,-0.8074688911437988,-0.5891584157943726,0.009236147627234459,0.07491081207990646,-0.48915719985961914,-9.312590599060059,0.4678351581096649,0.14081218838691711,0.5899948477745056
1781536309337390,1752650101,0.028304168954491615,-0.8074646592140198,-0.5891638994216919,0.00924705807119608,0.06374231725931168,-0.48996901512145996,-9.30678939819336,0.5444811582565308,0.1496870219707489,0.5517296195030212
1781536309337982,1752666768,0.02829105034470558,-0.8074623942375183,-0.5891678333282471,0.009240234270691872,0.06256932020187378,-0.49153897166252136,-9.31548023223877,0.39604273438453674,0.1923065334558487,0.5594517588615417
1781536309366988,1752683435,0.02828916348516941,-0.8074663281440735,-0.5891626477241516,0.009235036559402943,0.0775214433670044,-0.47590020298957825,-9.300370216369629,0.46542760729789734,0.227639302611351,0.5774319171905518
1781536309399761,1752700102,0.028281569480895996,-0.8074661493301392,-0.5891632437705994,0.009236550889909267,0.07587281614542007,-0.48702579736709595,-9.30252742767334,0.460791677236557,0.16730856895446777,0.557249128818512
1781536309400267,1752716769,0.028283685445785522,-0.807465672492981,-0.5891637206077576,0.009239655919373035,0.06347052752971649,-0.4807209372520447,-9.299869537353516,0.520341157913208,0.2001696527004242,0.6001119613647461
1781536309429688,1752733436,0.028274400159716606,-0.8074666857719421,-0.5891625881195068,0.009247909300029278,0.06896000355482101,-0.4790973365306854,-9.294784545898438,0.4772862195968628,0.1268276572227478,0.6341896057128906
1781536309430430,1752750103,0.028275983408093452,-0.8074667453765869,-0.5891625285148621,0.009251674637198448,0.08092241734266281,-0.4637017548084259,-9.298238754272461,0.5203795433044434,0.19297246634960175,0.5807871222496033
1781536309461479,1752766770,0.028256701305508614,-0.8074690699577332,-0.5891600251197815,0.009258825331926346,0.08834629505872726,-0.4836820662021637,-9.283041000366211,0.41778790950775146,0.09058570861816406,0.6142373085021973
1781536309461681,1752783437,0.028253043070435524,-0.8074684143066406,-0.5891609787940979,0.009261120110750198,0.07793591916561127,-0.4809034466743469,-9.32293701171875,0.48518770933151245,0.17993561923503876,0.5812482237815857
1781536309489274,1752800104,0.028250442817807198,-0.8074661493301392,-0.5891642570495605,0.009267404675483704,0.08233144134283066,-0.49307674169540405,-9.322592735290527,0.5078806281089783,0.15979121625423431,0.5330963134765625
1781536309489704,1752816771,0.028251906856894493,-0.8074613213539124,-0.5891706347465515,0.0092765549197793,0.0713954046368599,-0.48158636689186096,-9.325128555297852,0.5417022109031677,0.16146886348724365,0.5419711470603943
1781536309518409,1752833438,0.028253119438886642,-0.807463526725769,-0.5891674757003784,0.009292401373386383,0.07457642257213593,-0.47491157054901123,-9.31694221496582,0.5667514204978943,0.12508602440357208,0.6180537343025208
1781536309547630,1752850105,0.028231581673026085,-0.8074615001678467,-0.5891709327697754,0.009304997511208057,0.074839286506176,-0.4898223876953125,-9.315987586975098,0.42789214849472046,0.04859369248151779,0.5524466633796692
1781536309548010,1752866772,0.02821602299809456,-0.8074599504470825,-0.5891738533973694,0.009300580248236656,0.07134862244129181,-0.47509923577308655,-9.339902877807617,0.3919832408428192,0.16742382943630219,0.5534840822219849
1781536309577157,1752883439,0.028203770518302917,-0.8074563145637512,-0.589179515838623,0.009300056844949722,0.08809629082679749,-0.47312864661216736,-9.30640697479248,0.4260352551937103,0.1594710648059845,0.5494372248649597
1781536309577579,1752900106,0.02821476198732853,-0.8074563145637512,-0.5891789197921753,0.00929988082498312,0.08175542205572128,-0.48001357913017273,-9.309419631958008,0.5562374591827393,0.2526884973049164,0.5913780331611633
1781536309607256,1752916773,0.02821979857981205,-0.8074553608894348,-0.589180052280426,0.009292942471802235,0.08147712796926498,-0.4852232038974762,-9.300774574279785,0.49542003870010376,0.2667626440525055,0.5982293486595154
1781536309607694,1752933440,0.028223371133208275,-0.8074504733085632,-0.5891866087913513,0.009295620024204254,0.07513649761676788,-0.5001254677772522,-9.31843376159668,0.5268212556838989,0.20571480691432953,0.5475931167602539
1781536309637233,1752950107,0.028223367407917976,-0.8074485659599304,-0.5891889333724976,0.009307109750807285,0.07838688790798187,-0.4902515411376953,-9.279645919799805,0.5425474047660828,0.14240019023418427,0.5709518194198608
1781536309637698,1752966774,0.028218356892466545,-0.807453989982605,-0.5891819000244141,0.009302525781095028,0.07546870410442352,-0.4797339141368866,-9.282361030578613,0.44868963956832886,0.2136547565460205,0.6512861251831055
1781536309667072,1752983441,0.028208190575242043,-0.8074485063552856,-0.5891900062561035,0.009302735328674316,0.08637256175279617,-0.49386706948280334,-9.354281425476074,0.44033992290496826,0.16338980197906494,0.5406007766723633
1781536309697276,1753000108,0.028214573860168457,-0.8074492812156677,-0.5891883969306946,0.009314591065049171,0.07630139589309692,-0.48733440041542053,-9.247495651245117,0.5791863799095154,0.16679629683494568,0.6008931398391724
1781536309697719,1753016775,0.028200026601552963,-0.8074499368667603,-0.5891878604888916,0.009328480809926987,0.06824082881212234,-0.5010409951210022,-9.334712982177734,0.47101113200187683,0.07065903395414352,0.6011236906051636
1781536309727977,1753033442,0.0281960591673851,-0.8074482679367065,-0.5891905426979065,0.009329590015113354,0.07250760495662689,-0.47769904136657715,-9.338810920715332,0.478336364030838,0.18309879302978516,0.5611422061920166
1781536309728968,1753050109,0.028196508064866066,-0.807437539100647,-0.5892048478126526,0.009343721903860569,0.06372801214456558,-0.4691089987754822,-9.217921257019043,0.5565319061279297,0.12608490884304047,0.4680144786834717
1781536309756974,1753066776,0.028198426589369774,-0.8074309229850769,-0.5892136693000793,0.009349564090371132,0.06907444447278976,-0.49894171953201294,-9.323859214782715,0.5306758880615234,0.17893670499324799,0.5073426961898804
1781536309757372,1753083443,0.02818000502884388,-0.8074273467063904,-0.5892195701599121,0.009352389723062515,0.09043899178504944,-0.47647958993911743,-9.443121910095215,0.40512245893478394,0.11404693871736526,0.5375913381576538
1781536309787454,1753100110,0.02815542370080948,-0.8074312806129456,-0.5892152190208435,0.009359929710626602,0.05101102218031883,-0.4814683496952057,-9.199203491210938,0.3895755410194397,0.06417901813983917,0.6072066426277161
1781536309816761,1753116777,0.028146035969257355,-0.8074305653572083,-0.589216411113739,0.00936711486428976,0.058739203959703445,-0.48437583446502686,-9.332220077514648,0.47253507375717163,0.1275448352098465,0.5780337452888489
1781536309817268,1753133444,0.028145840391516685,-0.8074307441711426,-0.5892162322998047,0.009361359290778637,0.06261975318193436,-0.46464940905570984,-9.253911972045898,0.471075177192688,0.23680861294269562,0.5852565765380859
1781536309847351,1753150111,0.02814028225839138,-0.8074337840080261,-0.5892125964164734,0.009358086623251438,0.06025909259915352,-0.4768979847431183,-9.295563697814941,0.45071303844451904,0.20296141505241394,0.6327040791511536
1781536309847920,1753166778,0.02814190462231636,-0.8074345588684082,-0.5892114043235779,0.00935877300798893,0.06615626066923141,-0.48158279061317444,-9.303396224975586,0.5070225596427917,0.20900601148605347,0.6035184264183044
1781536309877240,1753183445,0.028131240978837013,-0.8074305653572083,-0.5892173051834106,0.009360330179333687,0.08312926441431046,-0.4981442391872406,-9.34074592590332,0.44265785813331604,0.1531447321176529,0.5535480380058289
1781536309877707,1753200112,0.028129471465945244,-0.8074243068695068,-0.5892257690429688,0.009368140250444412,0.089218869805336,-0.491667777299881,-9.317737579345703,0.517767071723938,0.15310630202293396,0.5193679332733154
1781536309907141,1753216779,0.028122980147600174,-0.8074197769165039,-0.589232325553894,0.009357485920190811,0.08411626517772675,-0.4868827164173126,-9.294075965881348,0.41657131910324097,0.23651406168937683,0.5288445949554443
1781536309907812,1753233446,0.028116952627897263,-0.8074142932891846,-0.5892402529716492,0.009359658695757389,0.08001440018415451,-0.48807719349861145,-9.305788040161133,0.4709470868110657,0.1674237996339798,0.5314571261405945
1781536309937477,1753250113,0.028110617771744728,-0.807414710521698,-0.5892402529716492,0.009356611408293247,0.05948663130402565,-0.49019432067871094,-9.284523963928223,0.448228657245636,0.19453488290309906,0.5551616549491882
1781536309967680,1753266780,0.02809956483542919,-0.8074153661727905,-0.5892395973205566,0.009355820715427399,0.0716242790222168,-0.48059576749801636,-9.323348045349121,0.43023571372032166,0.1656949520111084,0.6080518960952759
1781536309968291,1753283447,0.02810553088784218,-0.8074159026145935,-0.5892387628555298,0.009347640909254551,0.06718658655881882,-0.46421656012535095,-9.3189058303833,0.4954840838909149,0.2736140489578247,0.5715665817260742
1781536309997616,1753300114,0.02809794433414936,-0.8074225187301636,-0.5892298817634583,0.009359929710626602,0.06228477880358696,-0.47487303614616394,-9.317217826843262,0.5015798807144165,0.10964155942201614,0.6922919750213623
1781536309998443,1753316781,0.028099551796913147,-0.8074241876602173,-0.5892273187637329,0.0093718022108078,0.07331225275993347,-0.473761647939682,-9.292141914367676,0.5519600510597229,0.14624209702014923,0.612956702709198
1781536310027535,1753333448,0.028101783245801926,-0.8074275255203247,-0.5892226099967957,0.009381434880197048,0.08240225911140442,-0.4883635938167572,-9.321325302124023,0.5461587905883789,0.1613920032978058,0.6264417767524719
1781536310028050,1753350115,0.028106799349188805,-0.80743408203125,-0.5892132520675659,0.00938933715224266,0.06130373850464821,-0.47275543212890625,-9.312949180603027,0.5542140007019043,0.18355980515480042,0.6696760058403015
1781536310057871,1753366782,0.028103869408369064,-0.8074303865432739,-0.5892181992530823,0.009398836642503738,0.07314453274011612,-0.4785788059234619,-9.32400894165039,0.5178824067115784,0.13822534680366516,0.5364900231361389
1781536310058713,1753383449,0.028102556243538857,-0.8074318766593933,-0.5892161130905151,0.00940163154155016,0.06813706457614899,-0.496349036693573,-9.291984558105469,0.4988136887550354,0.1844690442085266,0.610882043838501
1781536310089699,1753400116,0.028088262304663658,-0.80743008852005,-0.5892193913459778,0.009396815672516823,0.06822330504655838,-0.5007727146148682,-9.30136489868164,0.3956841826438904,0.1742495894432068,0.5919287204742432
1781536310119788,1753416783,0.028099413961172104,-0.8074357509613037,-0.589211106300354,0.009399522095918655,0.08097321540117264,-0.48711034655570984,-9.301709175109863,0.5671996474266052,0.23682141304016113,0.6612750887870789
1781536310120599,1753433450,0.02810392715036869,-0.8074327111244202,-0.5892149806022644,0.009399306029081345,0.07438549399375916,-0.4842470586299896,-9.303813934326172,0.5194191336631775,0.22284968197345734,0.553138256072998
1781536310147451,1753450117,0.028113065287470818,-0.807426929473877,-0.5892224311828613,0.009400490671396255,0.06663904339075089,-0.48366057872772217,-9.296018600463867,0.5511404871940613,0.2324928641319275,0.5157181024551392
1781536310147936,1753466784,0.02812676504254341,-0.8074214458465576,-0.5892292857170105,0.00940309651196003,0.07881209999322891,-0.4752425253391266,-9.31568431854248,0.5814530849456787,0.2453376203775406,0.5591444373130798
1781536310176570,1753483451,0.02811655029654503,-0.8074220418930054,-0.5892286896705627,0.009416674263775349,0.07527916133403778,-0.4694594740867615,-9.298007011413574,0.4928971827030182,0.08789637684822083,0.6035439968109131
1781536310177317,1753500118,0.02810366079211235,-0.8074246048927307,-0.589225709438324,0.009420142509043217,0.08731667697429657,-0.47081127762794495,-9.30215835571289,0.43683096766471863,0.13379435241222382,0.6246873736381531
1781536310208839,1753516785,0.028096362948417664,-0.8074252605438232,-0.5892253518104553,0.009415137581527233,0.0733015239238739,-0.4877517521381378,-9.293975830078125,0.43412888050079346,0.201514333486557,0.5788021683692932
1781536310209411,1753533452,0.028082702308893204,-0.8074302077293396,-0.5892190337181091,0.00942519586533308,0.0821097195148468,-0.47381529211997986,-9.30443286895752,0.45897307991981506,0.09472215920686722,0.6549615263938904
1781536310239512,1753550119,0.02808673493564129,-0.8074293732643127,-0.5892200469970703,0.009423858486115932,0.07670249044895172,-0.4908451735973358,-9.305127143859863,0.5115816593170166,0.22808746993541718,0.5925561785697937
1781536310267422,1753566786,0.028083201497793198,-0.8074268102645874,-0.5892235636711121,0.009427453391253948,0.06881338357925415,-0.48611384630203247,-9.313248634338379,0.4899389147758484,0.1684611290693283,0.5578382015228271
1781536310267811,1753583453,0.028077468276023865,-0.8074283003807068,-0.5892220735549927,0.009419944137334824,0.07125914841890335,-0.4843437373638153,-9.308460235595703,0.4320286512374878,0.22313141822814941,0.6130848526954651
1781536310297155,1753600120,0.028057437390089035,-0.8074274063110352,-0.5892244577407837,0.00941487867385149,0.07942398637533188,-0.4746413826942444,-9.300539016723633,0.36282309889793396,0.15031452476978302,0.5769964456558228
1781536310297638,1753616787,0.028047865256667137,-0.807418942451477,-0.5892361402511597,0.009420759044587612,0.074521005153656,-0.47190558910369873,-9.298782348632812,0.4650433659553528,0.13273140788078308,0.5530486106872559
1781536310327344,1753633454,0.02805442176759243,-0.8074233531951904,-0.5892296433448792,0.009428120218217373,0.07428719848394394,-0.48659899830818176,-9.305475234985352,0.5604763031005859,0.19025751948356628,0.637237548828125
1781536310327786,1753650121,0.028055647388100624,-0.8074207305908203,-0.5892331600189209,0.009432589635252953,0.07729256898164749,-0.47614338994026184,-9.291179656982422,0.5195727944374084,0.18320122361183167,0.5692742466926575
1781536310356951,1753666788,0.028047854080796242,-0.8074167370796204,-0.5892390012741089,0.009430812671780586,0.0650300681591034,-0.4670526683330536,-9.297927856445312,0.444566011428833,0.17979472875595093,0.5342104434967041
1781536310357374,1753683455,0.028038429096341133,-0.8074097633361816,-0.5892489552497864,0.009429214522242546,0.07472127676010132,-0.4911026656627655,-9.314092636108398,0.43606260418891907,0.17257197201251984,0.5244392156600952
1781536310387188,1753700122,0.028036490082740784,-0.8074149489402771,-0.5892419815063477,0.009436517022550106,0.07418852299451828,-0.4872857928276062,-9.288018226623535,0.5127982497215271,0.1563207060098648,0.6480333209037781
1781536310417225,1753716789,0.0280271265655756,-0.8074128031730652,-0.5892452001571655,0.009442259557545185,0.06736501306295395,-0.47393688559532166,-9.316309928894043,0.46593981981277466,0.13238564133644104,0.5633705258369446
1781536310417698,1753733456,0.028023798018693924,-0.807409405708313,-0.5892502665519714,0.009442256763577461,0.0708264410495758,-0.4752923846244812,-9.286660194396973,0.4761976897716522,0.18851587176322937,0.5513709783554077
1781536310447419,1753750123,0.02801874838769436,-0.8074079751968384,-0.5892522931098938,0.009446927346289158,0.06946425139904022,-0.47931548953056335,-9.313223838806152,0.48571279644966125,0.1551809310913086,0.5590547919273376
1781536310448089,1753766790,0.02800840139389038,-0.8074079751968384,-0.5892526507377625,0.009456749074161053,0.07367308437824249,-0.48180100321769714,-9.28886604309082,0.4765819013118744,0.10674732178449631,0.5966926217079163
1781536310477184,1753783457,0.028004981577396393,-0.8074084520339966,-0.5892520546913147,0.009460941888391972,0.07125987857580185,-0.476164847612381,-9.28762149810791,0.4926794767379761,0.16470886766910553,0.5773422122001648
1781536310477723,1753800124,0.028003869578242302,-0.8074072599411011,-0.5892534852027893,0.009471479803323746,0.07311555743217468,-0.47882553935050964,-9.306564331054688,0.5309576392173767,0.13942912220954895,0.5802108645439148
1781536310507488,1753816791,0.028016075491905212,-0.8074116110801697,-0.5892468094825745,0.009473903104662895,0.0677868127822876,-0.47169506549835205,-9.27798843383789,0.5714513063430786,0.24020227789878845,0.644332230091095
1781536310508079,1753833458,0.02802102081477642,-0.8074092268943787,-0.5892499685287476,0.009479775093495846,0.06679600477218628,-0.4875086843967438,-9.311224937438965,0.5458642244338989,0.18906652927398682,0.560232937335968
1781536310536270,1753850125,0.028016583994030952,-0.8074060678482056,-0.5892543792724609,0.009485087357461452,0.05759124085307121,-0.4869542717933655,-9.300259590148926,0.49162939190864563,0.15354172885417938,0.5453648567199707
1781536310569200,1753866792,0.027994917705655098,-0.8074040412902832,-0.5892581939697266,0.009481866843998432,0.08694475144147873,-0.47888991236686707,-9.30726146697998,0.36063316464424133,0.1328466534614563,0.5817603468894958
1781536310569994,1753883459,0.027991432696580887,-0.8074032068252563,-0.589259684085846,0.009474178776144981,0.0706944689154625,-0.48544153571128845,-9.297083854675293,0.4438616633415222,0.2303542196750641,0.572911262512207
1781536310597272,1753900126,0.02798076532781124,-0.8074024319648743,-0.5892611742019653,0.009471900761127472,0.059987623244524,-0.4693736433982849,-9.289527893066406,0.4258943498134613,0.17097117006778717,0.5721940994262695
1781536310597579,1753916793,0.027976233512163162,-0.8074061870574951,-0.5892565250396729,0.009461837820708752,0.07876921445131302,-0.47391557693481445,-9.291123390197754,0.42866051197052,0.23835818469524384,0.5844625234603882
1781536310630182,1753933460,0.02796243689954281,-0.807404637336731,-0.589259147644043,0.009467181749641895,0.07386267185211182,-0.4820370376110077,-9.291205406188965,0.4395587146282196,0.11527634412050247,0.5590162873268127
1781536310630394,1753950127,0.027964022010564804,-0.8074027299880981,-0.589261531829834,0.009476158767938614,0.07103380560874939,-0.46845105290412903,-9.313070297241211,0.5396019220352173,0.15785746276378632,0.5644718408584595
1781536310657121,1753966794,0.027958903461694717,-0.8074083924293518,-0.5892540812492371,0.00946776568889618,0.08134083449840546,-0.4680289626121521,-9.32994556427002,0.4311577379703522,0.22938093543052673,0.6482254266738892
1781536310657565,1753983461,0.027951890602707863,-0.8074119687080383,-0.5892494916915894,0.009467522613704205,0.0607672743499279,-0.490183562040329,-9.301722526550293,0.4542348384857178,0.17444169521331787,0.6040050983428955
1781536310687260,1754000128,0.027962781488895416,-0.8074086308479309,-0.5892534255981445,0.009479067288339138,0.06202530488371849,-0.48840630054473877,-9.318796157836914,0.601712703704834,0.180780827999115,0.5536760687828064
1781536310687685,1754016795,0.027966130524873734,-0.8074054718017578,-0.5892575979232788,0.009475864470005035,0.0694674476981163,-0.4746415317058563,-9.285444259643555,0.49959489703178406,0.23321004211902618,0.5725142359733582
1781536310716736,1754033462,0.027952095493674278,-0.8074050545692444,-0.5892587900161743,0.009484710171818733,0.080082006752491,-0.4802023768424988,-9.31667423248291,0.45191690325737,0.09549054503440857,0.5839375257492065
1781536310747940,1754050129,0.02795000560581684,-0.807401180267334,-0.5892640948295593,0.009483912028372288,0.07961710542440414,-0.4868541359901428,-9.293993949890137,0.47952741384506226,0.1963149458169937,0.5445579886436462
1781536310748348,1754066796,0.027938345447182655,-0.8073959350585938,-0.5892717838287354,0.009499633684754372,0.061643086373806,-0.4872010350227356,-9.272239685058594,0.4933837950229645,0.06513949483633041,0.5294721126556396
1781536310777213,1754083463,0.027933107689023018,-0.8073917031288147,-0.5892777442932129,0.009505870752036572,0.06213660165667534,-0.48569902777671814,-9.285236358642578,0.4906560778617859,0.14389854669570923,0.5354783535003662
1781536310777651,1754100130,0.0279307309538126,-0.8073815703392029,-0.5892915725708008,0.009511501528322697,0.06589129567146301,-0.48401111364364624,-9.306951522827148,0.5043076276779175,0.15797272324562073,0.4868013560771942
1781536310806911,1754116797,0.027932090684771538,-0.8073847889900208,-0.5892869234085083,0.009521515108644962,0.057469692081213,-0.48525458574295044,-9.3145112991333,0.5417150855064392,0.15219706296920776,0.6263393759727478
1781536310807411,1754133464,0.027935944497585297,-0.8073804378509521,-0.5892926454544067,0.009527337737381458,0.06801588833332062,-0.4808174967765808,-9.305501937866211,0.5391152501106262,0.1836366355419159,0.54921954870224
1781536310837151,1754150131,0.027909522876143456,-0.8073763251304626,-0.5892994403839111,0.00952839758247137,0.06542671471834183,-0.4858170449733734,-9.295735359191895,0.3516303300857544,0.08724325150251389,0.5460179448127747
1781536310837826,1754166798,0.02789122611284256,-0.8073777556419373,-0.58929842710495,0.009524551220238209,0.06771223247051239,-0.47921526432037354,-9.317800521850586,0.3756806552410126,0.15086519718170166,0.6398628354072571
1781536310867136,1754183465,0.027886241674423218,-0.807378888130188,-0.5892970561981201,0.00952460803091526,0.05725507810711861,-0.48036330938339233,-9.301397323608398,0.46661850810050964,0.1796666830778122,0.5791095495223999
1781536310899212,1754200132,0.027873612940311432,-0.8073805570602417,-0.5892956256866455,0.009520461782813072,0.0627409815788269,-0.47934409976005554,-9.310563087463379,0.40688973665237427,0.17235426604747772,0.5876513719558716
1781536310900524,1754216799,0.027860140427947044,-0.8073741793632507,-0.5893045663833618,0.009530720300972462,0.07038300484418869,-0.4888961613178253,-9.316113471984863,0.46034350991249084,0.08985575288534164,0.5610526204109192
1781536310933237,1754233466,0.02784990333020687,-0.8073633909225464,-0.5893199443817139,0.00953142624348402,0.06861285120248795,-0.4719485640525818,-9.309157371520996,0.4407753348350525,0.15180006623268127,0.45990800857543945
1781536310933596,1754250133,0.027842288836836815,-0.8073613047599792,-0.5893232822418213,0.009523906745016575,0.07851205766201019,-0.47809600830078125,-9.297527313232422,0.4213224947452545,0.2102738469839096,0.5488097071647644
1781536310982730,1754266800,0.02784808725118637,-0.8073592185974121,-0.5893259048461914,0.009520263411104679,0.07561496645212173,-0.47925126552581787,-9.292850494384766,0.5117097496986389,0.24244344234466553,0.539268970489502
1781536310983308,1754283467,0.02783633954823017,-0.8073558211326599,-0.5893307328224182,0.009537668898701668,0.08214905858039856,-0.4807388186454773,-9.311653137207031,0.4993388056755066,0.055086515843868256,0.5482975244522095
1781536310986869,1754300134,0.027827180922031403,-0.8073519468307495,-0.589336633682251,0.009533208794891834,0.07685597240924835,-0.49539777636528015,-9.297828674316406,0.42508751153945923,0.18663331866264343,0.5365027785301208
1781536310987040,1754316801,0.027816161513328552,-0.8073509335517883,-0.5893383622169495,0.009547430090606213,0.0693458840250969,-0.4856525659561157,-9.30436897277832,0.4903615415096283,0.07549983263015747,0.5600408315658569
1781536311017694,1754333468,0.027829481288790703,-0.8073527216911316,-0.5893352031707764,0.00955888256430626,0.07578995078802109,-0.4782068729400635,-9.309013366699219,0.6136226058006287,0.19193516671657562,0.6209990978240967
1781536311046744,1754350135,0.02781260572373867,-0.8073487281799316,-0.5893416404724121,0.009546332992613316,0.07750687003135681,-0.47351500391960144,-9.29507827758789,0.3483390808105469,0.20316632091999054,0.5892778038978577
1781536311047758,1754366802,0.02780858427286148,-0.8073452115058899,-0.589346706867218,0.009542996995151043,0.07328364253044128,-0.48821309208869934,-9.312490463256836,0.45817917585372925,0.20072032511234283,0.5353630185127258
1781536311077656,1754383469,0.02780287154018879,-0.8073455095291138,-0.5893464684486389,0.009545251727104187,0.06760498881340027,-0.4690374732017517,-9.28782844543457,0.4708830714225769,0.16454239189624786,0.5904943346977234
1781536311077992,1754400136,0.027705548331141472,-0.8074184060096741,-0.5892504453659058,0.009594601579010487,0.05657917633652687,-0.47634008526802063,-9.302938461303711,0.4921800196170807,0.16645053029060364,0.6110101342201233
1781536311107033,1754416803,0.027699122205376625,-0.8074172735214233,-0.5892521739006042,0.009602122008800507,0.07075133174657822,-0.47468793392181396,-9.306622505187988,0.48899123072624207,0.13150198757648468,0.5575820207595825
1781536311107291,1754433470,0.027695264667272568,-0.807422935962677,-0.5892447233200073,0.009594247676432133,0.07043658941984177,-0.47333621978759766,-9.308877944946289,0.43991729617118835,0.2304694801568985,0.6497109532356262
1781536311136945,1754450137,0.027695439755916595,-0.8074240684509277,-0.5892433524131775,0.009584151208400726,0.07458574324846268,-0.4822406470775604,-9.321846008300781,0.45376095175743103,0.25756770372390747,0.5953351259231567
1781536311137255,1754466804,0.027683602645993233,-0.807427704334259,-0.5892387628555298,0.009591586887836456,0.06286615133285522,-0.4854916036128998,-9.288472175598145,0.45775651931762695,0.11240773648023605,0.6300019025802612
1781536311167002,1754483471,0.027678562328219414,-0.8074288368225098,-0.5892375707626343,0.009582585655152798,0.058964505791664124,-0.48246970772743225,-9.311924934387207,0.4299796223640442,0.22758804261684418,0.5487329363822937
1781536311226366,1754500138,0.02768111042678356,-0.8074333071708679,-0.5892311334609985,0.009589122608304024,0.06434990465641022,-0.4737560451030731,-9.292708396911621,0.5337879061698914,0.1761961728334427,0.6465734839439392
1781536311226794,1754516805,0.027677325531840324,-0.8074283003807068,-0.589238166809082,0.00958807859569788,0.05509147420525551,-0.4932841658592224,-9.294018745422363,0.4689749479293823,0.18893848359584808,0.52443927526474
1781536311227406,1754533472,0.027673909440636635,-0.8074278831481934,-0.5892388820648193,0.009587932378053665,0.057573724538087845,-0.47033560276031494,-9.316839218139648,0.47411027550697327,0.1871071457862854,0.5809792876243591
1781536311227476,1754550139,0.027673281729221344,-0.8074236512184143,-0.589244544506073,0.009597531519830227,0.06387463957071304,-0.4842113256454468,-9.303263664245605,0.529395341873169,0.14338628947734833,0.5461204051971436
1781536311256931,1754566806,0.02767867036163807,-0.8074262738227844,-0.5892406702041626,0.009593000635504723,0.07328810542821884,-0.4794820249080658,-9.310632705688477,0.5046534538269043,0.24902589619159698,0.635150134563446
1781536311257220,1754583473,0.0276735071092844,-0.8074257969856262,-0.5892416834831238,0.009598126634955406,0.06637798249721527,-0.46757838129997253,-9.301955223083496,0.4857640266418457,0.15031452476978302,0.5764073729515076
1781536311288829,1754600140,0.027668248862028122,-0.8074238896369934,-0.5892446637153625,0.009587607346475124,0.08087203651666641,-0.47950875759124756,-9.304072380065918,0.4218219220638275,0.23677019774913788,0.5663288235664368
1781536311290237,1754616807,0.027665521949529648,-0.8074195384979248,-0.5892508625984192,0.009584721177816391,0.07800423353910446,-0.4721273183822632,-9.307759284973145,0.4670155346393585,0.20401152968406677,0.5436743497848511
1781536311317027,1754633474,0.02765304408967495,-0.8074256181716919,-0.5892431139945984,0.009585795924067497,0.09344987571239471,-0.47815680503845215,-9.309221267700195,0.4283532202243805,0.14410345256328583,0.6355471611022949
1781536311348000,1754650141,0.02764277718961239,-0.8074198961257935,-0.5892514586448669,0.009586150757968426,0.06898503750562668,-0.4809533953666687,-9.309124946594238,0.4376122057437897,0.1571275144815445,0.5695176124572754
1781536311348740,1754666808,0.027629069983959198,-0.8074201345443726,-0.5892517566680908,0.009581650607287884,0.05943329259753227,-0.4945429861545563,-9.30476188659668,0.3991931676864624,0.1688709259033203,0.5809409022331238
1781536311378207,1754683475,0.0276266410946846,-0.8074275255203247,-0.5892415046691895,0.009591321460902691,0.07266659289598465,-0.48930907249450684,-9.331119537353516,0.5187276005744934,0.13761064410209656,0.657996654510498
1781536311378957,1754700142,0.027633793652057648,-0.8074339032173157,-0.589232325553894,0.009594586677849293,0.07425778359174728,-0.48453831672668457,-9.303460121154785,0.5461332201957703,0.21145203709602356,0.6430643796920776
1781536311407141,1754716809,0.027628017589449883,-0.8074358105659485,-0.589229941368103,0.009594895876944065,0.0771101787686348,-0.47847864031791687,-9.313040733337402,0.4623924493789673,0.17500515282154083,0.6075011491775513
1781536311407658,1754733476,0.027637748047709465,-0.8074339628219604,-0.5892323851585388,0.009587486274540424,0.07904490828514099,-0.4847799241542816,-9.310812950134277,0.5176134705543518,0.2793385088443756,0.5618721842765808
1781536311437660,1754750143,0.027637377381324768,-0.8074349761009216,-0.5892307162284851,0.009600714780390263,0.08082228153944016,-0.4727245271205902,-9.304798126220703,0.5447116494178772,0.12512443959712982,0.6071169972419739
1781536311467449,1754766810,0.027628561481833458,-0.8074353933334351,-0.5892305374145508,0.009598721750080585,0.06060240790247917,-0.48425424098968506,-9.325711250305176,0.43624189496040344,0.1747618317604065,0.5899180769920349
1781536311468232,1754783477,0.027624180540442467,-0.8074355721473694,-0.589230477809906,0.009604763239622116,0.06910663098096848,-0.4615417420864105,-9.291208267211914,0.4933837950229645,0.1481630504131317,0.5912371277809143
1781536311498641,1754800144,0.02762247435748577,-0.8074343800544739,-0.5892322063446045,0.009605836123228073,0.05877496674656868,-0.4747164845466614,-9.307029724121094,0.48835089802742004,0.1858905553817749,0.571681797504425
1781536311499589,1754816811,0.027636922895908356,-0.8074350357055664,-0.5892306566238403,0.009605384431779385,0.07462257891893387,-0.48183581233024597,-9.320476531982422,0.5718355774879456,0.25989845395088196,0.5851925611495972
1781536311527426,1754833478,0.027634046971797943,-0.8074182271957397,-0.5892536044120789,0.009615865536034107,0.07597328722476959,-0.4986055791378021,-9.297112464904785,0.5195727944374084,0.12995243072509766,0.5023226141929626
1781536311527786,1754850145,0.027633409947156906,-0.8074182868003845,-0.5892537236213684,0.00960854534059763,0.05979776382446289,-0.48466190695762634,-9.324570655822754,0.46003609895706177,0.23692384362220764,0.5826953053474426
1781536311557104,1754866812,0.027627097442746162,-0.8074204921722412,-0.5892508029937744,0.009615463204681873,0.0765276551246643,-0.4780709743499756,-9.313255310058594,0.48590490221977234,0.13583053648471832,0.615530788898468
1781536311557472,1754883479,0.027619337663054466,-0.8074164390563965,-0.5892568230628967,0.009608913213014603,0.07621613144874573,-0.48507675528526306,-9.310548782348633,0.4241527318954468,0.20186010003089905,0.5260144472122192
1781536311587010,1754900146,0.027617240324616432,-0.8074240684509277,-0.5892466306686401,0.009602153673768044,0.07545275241136551,-0.4838009178638458,-9.324775695800781,0.45318466424942017,0.2307768017053604,0.6810224056243896
1781536311617220,1754916813,0.02761777676641941,-0.8074253797531128,-0.5892446637153625,0.00960792787373066,0.054562196135520935,-0.4806315302848816,-9.321327209472656,0.5193295478820801,0.1695752888917923,0.6071170568466187
1781536311617662,1754933480,0.027622755616903305,-0.8074260950088501,-0.5892432928085327,0.00961472187191248,0.08234932273626328,-0.4761970341205597,-9.30561351776123,0.54892498254776,0.17920565605163574,0.5577741265296936
1781536311646632,1754950147,0.027624856680631638,-0.8074211478233337,-0.5892497897148132,0.009624677710235119,0.06894569844007492,-0.49679240584373474,-9.31279468536377,0.5454800724983215,0.15062187612056732,0.5369125604629517
1781536311647291,1754966814,0.027611207216978073,-0.807420015335083,-0.5892520546913147,0.009624096564948559,0.06798043847084045,-0.4909774959087372,-9.305319786071777,0.4149577021598816,0.1461012214422226,0.571681797504425
1781536311677593,1754983481,0.027594977989792824,-0.8074198961257935,-0.5892529487609863,0.009629172272980213,0.0629945695400238,-0.49707499146461487,-9.301926612854004,0.42328184843063354,0.10489039868116379,0.5906223654747009
1781536311678162,1755000148,0.027606628835201263,-0.8074199557304382,-0.5892523527145386,0.009631731547415257,0.06977137923240662,-0.4884558320045471,-9.319610595703125,0.5679168105125427,0.23186536133289337,0.5944515466690063
1781536311706985,1755016815,0.02758672833442688,-0.8074243068695068,-0.5892472863197327,0.009633544832468033,0.07852667570114136,-0.483349472284317,-9.317146301269531,0.3894987106323242,0.10836092382669449,0.622920036315918
1781536311707496,1755033482,0.027591625228524208,-0.8074198961257935,-0.5892529487609863,0.009643645025789738,0.07034042477607727,-0.4777705669403076,-9.309075355529785,0.5612190365791321,0.1615200787782669,0.55226731300354
1781536311736926,1755050149,0.02759273163974285,-0.8074192404747009,-0.5892534255981445,0.00965605303645134,0.05654698982834816,-0.4742193818092346,-9.316445350646973,0.5496037006378174,0.13297472894191742,0.569351077079773
1781536311766999,1755066816,0.02760661579668522,-0.8074136972427368,-0.5892602205276489,0.009667590260505676,0.07933815568685532,-0.48552021384239197,-9.29586124420166,0.6173749566078186,0.18868236243724823,0.5250539183616638
1781536311767942,1755083483,0.027600377798080444,-0.8074079751968384,-0.5892682671546936,0.009677293710410595,0.07936711609363556,-0.48088547587394714,-9.305230140686035,0.4979044198989868,0.1176455169916153,0.5293440222740173
1781536311797242,1755100150,0.027582325041294098,-0.8074104189872742,-0.5892657041549683,0.009674765169620514,0.06767257302999496,-0.48675042390823364,-9.29456615447998,0.38259607553482056,0.13787955045700073,0.5806846618652344
1781536311798439,1755116817,0.027575384825468063,-0.8074091672897339,-0.5892677307128906,0.00968317873775959,0.06439998000860214,-0.4871617555618286,-9.303203582763672,0.4885173439979553,0.12237107008695602,0.5647279620170593
1781536311829078,1755133484,0.027572235092520714,-0.8074108362197876,-0.5892652869224548,0.009698606096208096,0.06237263232469559,-0.4835461378097534,-9.324552536010742,0.5376810431480408,0.09984470903873444,0.6048375368118286
1781536311829509,1755150151,0.027570325881242752,-0.8074089884757996,-0.5892679691314697,0.009698525071144104,0.06975392252206802,-0.4759860336780548,-9.316649436950684,0.4815123379230499,0.19156377017498016,0.5900589227676392
1781536311857468,1755166818,0.02755770832300186,-0.8074071407318115,-0.589271068572998,0.009703408926725388,0.07643070071935654,-0.482433944940567,-9.301700592041016,0.44258102774620056,0.11909265071153641,0.5659189820289612
1781536311859355,1755183485,0.027559947222471237,-0.8074051737785339,-0.58927321434021,0.009724936448037624,0.059800904244184494,-0.49290868639945984,-9.290382385253906,0.5925818085670471,0.08657732605934143,0.56598299741745
1781536311887074,1755200152,0.027550073340535164,-0.8074027299880981,-0.5892770290374756,0.009726102463901043,0.07986028492450714,-0.4855595529079437,-9.310698509216309,0.44267067313194275,0.1507115215063095,0.5612318515777588
1781536311917202,1755216819,0.027547571808099747,-0.8074045777320862,-0.5892744660377502,0.0097276596352458,0.06270164251327515,-0.47146928310394287,-9.306031227111816,0.4849828779697418,0.1791415959596634,0.6019431948661804
1781536311917757,1755233486,0.02754131704568863,-0.8074061274528503,-0.5892726182937622,0.009723157621920109,0.07370563596487045,-0.47241342067718506,-9.319631576538086,0.4392385482788086,0.19845357537269592,0.6143909692764282
1781536311947301,1755250153,0.02753862552344799,-0.8074113130569458,-0.5892657041549683,0.009723782539367676,0.06761892884969711,-0.48739057779312134,-9.309232711791992,0.48020607233047485,0.183124378323555,0.6158509254455566
1781536311947996,1755266820,0.02754492312669754,-0.8074179291725159,-0.5892561078071594,0.009728360921144485,0.06430843472480774,-0.4678727090358734,-9.310782432556152,0.5453904271125793,0.200169637799263,0.6728647351264954
1781536311976314,1755283487,0.027537576854228973,-0.8074246644973755,-0.589247465133667,0.009721742011606693,0.06020902469754219,-0.48737627267837524,-9.317146301269531,0.42526689171791077,0.20349928736686707,0.6057338714599609
1781536311976873,1755300154,0.02752348780632019,-0.807425320148468,-0.589247465133667,0.009715335443615913,0.05521306395530701,-0.4793190658092499,-9.345956802368164,0.38821807503700256,0.1759144365787506,0.5876386165618896
1781536312007365,1755316821,0.027513155713677406,-0.8074201941490173,-0.5892548561096191,0.009718823246657848,0.06815215200185776,-0.4825518727302551,-9.318133354187012,0.4481261670589447,0.13965964317321777,0.6193342208862305
1781536312008059,1755333488,0.027509037405252457,-0.8074168562889099,-0.5892593860626221,0.009731907397508621,0.0791843831539154,-0.4712153673171997,-9.293861389160156,0.522915244102478,0.10679854452610016,0.5488609075546265
1781536312036899,1755350155,0.027506642043590546,-0.8074148893356323,-0.5892618894577026,0.00973714143037796,0.06427159905433655,-0.48780539631843567,-9.327778816223145,0.500516951084137,0.15821604430675507,0.5707213282585144
1781536312066832,1755366822,0.027493976056575775,-0.8074197769165039,-0.589256227016449,0.009727038443088531,0.07351251691579819,-0.47757387161254883,-9.30522346496582,0.3811233341693878,0.20175759494304657,0.6071937680244446
1781536312067374,1755383489,0.027476364746689796,-0.8074187636375427,-0.5892585515975952,0.009723193012177944,0.07511437684297562,-0.48454755544662476,-9.282003402709961,0.3791767954826355,0.14635737240314484,0.5632553100585938
1781536312097070,1755400156,0.02747648023068905,-0.8074201941490173,-0.5892564654350281,0.009732541628181934,0.07472127676010132,-0.4729033410549164,-9.300453186035156,0.5308424234390259,0.14608845114707947,0.6031470894813538
1781536312097973,1755416823,0.027466798201203346,-0.8074154257774353,-0.5892634987831116,0.009734570980072021,0.0688566118478775,-0.4685332477092743,-9.318623542785645,0.4470120370388031,0.1457042396068573,0.5437384247779846
1781536312127291,1755433490,0.027452591806650162,-0.807412326335907,-0.5892683267593384,0.00973461288958788,0.07456362247467041,-0.49703922867774963,-9.314905166625977,0.41380515694618225,0.13841742277145386,0.5548415184020996
1781536312127747,1755450157,0.027455009520053864,-0.8074180483818054,-0.5892602801322937,0.009736856445670128,0.06300532072782516,-0.47618234157562256,-9.294413566589355,0.5140789151191711,0.19684001803398132,0.6660903096199036
1781536312156944,1755466824,0.02745315246284008,-0.8074190020561218,-0.5892589092254639,0.00974562019109726,0.06854516267776489,-0.4853270947933197,-9.316241264343262,0.5172804594039917,0.14159339666366577,0.6086921691894531
1781536312157302,1755483491,0.02744804136455059,-0.8074167370796204,-0.589262068271637,0.009749345481395721,0.06620275229215622,-0.4885134994983673,-9.304347038269043,0.4794889986515045,0.15388751029968262,0.5460307598114014
1781536312186725,1755500158,0.027452951297163963,-0.807415246963501,-0.589263916015625,0.009748285636305809,0.06535876542329788,-0.4994495213031769,-9.292759895324707,0.5146807432174683,0.22441205382347107,0.6106003522872925
1781536312216665,1755516825,0.027445802465081215,-0.8074135184288025,-0.5892664194107056,0.00975767895579338,0.07202481478452682,-0.4880092442035675,-9.315958976745605,0.49042555689811707,0.11614718288183212,0.5877025723457336
1781536312217297,1755533492,0.027443520724773407,-0.8074085712432861,-0.5892735719680786,0.009749745950102806,0.06443967670202255,-0.4898223876953125,-9.291780471801758,0.4478060007095337,0.22980353236198425,0.5255277156829834
1781536312247423,1755550159,0.027432899922132492,-0.8074080348014832,-0.5892746448516846,0.00975803378969431,0.07503240555524826,-0.4755533039569855,-9.324995994567871,0.46642643213272095,0.10854021459817886,0.6026219129562378
1781536312247673,1755566826,0.027428273111581802,-0.8074102401733398,-0.5892719030380249,0.009749941527843475,0.06616698950529099,-0.4879913628101349,-9.303513526916504,0.43351414799690247,0.22292651236057281,0.6008930802345276
1781536312276931,1755583493,0.02741391584277153,-0.8074082136154175,-0.5892752408981323,0.0097530921921134,0.07386656105518341,-0.4812716841697693,-9.323594093322754,0.4249594807624817,0.121320940554142,0.5833868384361267
1781536312277310,1755600160,0.027408456429839134,-0.8074119687080383,-0.5892707705497742,0.009736685082316399,0.07058750092983246,-0.47882893681526184,-9.311850547790527,0.3950822949409485,0.26603272557258606,0.614890456199646
1781536312307072,1755616827,0.02739524468779564,-0.8074169754981995,-0.5892645716667175,0.009732532314956188,0.07839404046535492,-0.48787692189216614,-9.31392765045166,0.4017927646636963,0.16616877913475037,0.619116485118866
1781536312307410,1755633494,0.027392970398068428,-0.8074188232421875,-0.5892622470855713,0.00972012896090746,0.07518976181745529,-0.46918410062789917,-9.294065475463867,0.42942890524864197,0.25498080253601074,0.5776239633560181
1781536312337262,1755650161,0.02739851363003254,-0.8074208498001099,-0.5892590284347534,0.00972770620137453,0.07391536980867386,-0.4871171712875366,-9.287578582763672,0.5534968972206116,0.17700296640396118,0.6059004068374634
1781536312337615,1755666828,0.027396878227591515,-0.8074209690093994,-0.589259147644043,0.00972849503159523,0.06568419933319092,-0.48734408617019653,-9.302180290222168,0.48589208722114563,0.18576249480247498,0.5974866151809692
1781536312366982,1755683495,0.027386106550693512,-0.8074261546134949,-0.5892524719238281,0.009730955585837364,0.07085539400577545,-0.4931625723838806,-9.284717559814453,0.4416205585002899,0.14055609703063965,0.6468807458877563
1781536312397134,1755700162,0.02738906815648079,-0.8074324727058411,-0.589243471622467,0.009738180786371231,0.06095230206847191,-0.4804772436618805,-9.30244255065918,0.5368998050689697,0.1706894338130951,0.674055814743042
1781536312397536,1755716829,0.027367375791072845,-0.807432234287262,-0.589244544506073,0.00974960159510374,0.06740760058164597,-0.48219791054725647,-9.3099946975708,0.41717323660850525,0.046301353722810745,0.6152105927467346
1781536312428877,1755733496,0.027347506955266,-0.807435154914856,-0.5892415642738342,0.009747239761054516,0.05597837269306183,-0.49435344338417053,-9.309114456176758,0.3715313971042633,0.12973472476005554,0.6226126551628113
1781536312429177,1755750163,0.027353435754776,-0.8074350953102112,-0.5892415046691895,0.009746759198606014,0.06702527403831482,-0.4777956008911133,-9.303417205810547,0.5227231979370117,0.2229393571615219,0.5910707116127014
1781536312457001,1755766830,0.027349622920155525,-0.8074395656585693,-0.5892353057861328,0.009756438434123993,0.06225103884935379,-0.4816114008426666,-9.315468788146973,0.5095198154449463,0.12781377136707306,0.6339079141616821
1781536312457341,1755783497,0.027354080229997635,-0.8074384331703186,-0.5892367362976074,0.009748758748173714,0.06779058277606964,-0.473976194858551,-9.3071870803833,0.48529016971588135,0.25683775544166565,0.5835021138191223
1781536312486891,1755800164,0.027339596301317215,-0.8074405789375305,-0.5892347097396851,0.00974369514733553,0.05066770315170288,-0.48213711380958557,-9.318280220031738,0.39045917987823486,0.16627123951911926,0.6152746677398682
1781536312487428,1755816831,0.027333414182066917,-0.8074427247047424,-0.5892320275306702,0.009741283021867275,0.058614037930965424,-0.486807644367218,-9.280879974365234,0.4474090039730072,0.1848660558462143,0.6109204888343811
1781536312516712,1755833498,0.027331707999110222,-0.8074414730072021,-0.5892337560653687,0.009742368943989277,0.06814105063676834,-0.465303897857666,-9.311156272888184,0.48686543107032776,0.18201026320457458,0.5658549666404724
1781536312548110,1755850165,0.02733396552503109,-0.8074378967285156,-0.5892384648323059,0.009747996926307678,0.05851786211133003,-0.484089732170105,-9.326973915100098,0.5274102687835693,0.17266161739826202,0.5501031279563904
1781536312548937,1755866832,0.02731565199792385,-0.8074389696121216,-0.5892378687858582,0.009747150354087353,0.06011573597788811,-0.4855310022830963,-9.311668395996094,0.38605380058288574,0.1275448352098465,0.6167858242988586
1781536312577035,1755883499,0.027315152809023857,-0.8074378967285156,-0.5892392992973328,0.009746120311319828,0.07113039493560791,-0.48297762870788574,-9.315655708312988,0.484752357006073,0.19911953806877136,0.5766250491142273
1781536312577502,1755900166,0.027311040088534355,-0.807439386844635,-0.589237630367279,0.00974476058036089,0.08225992321968079,-0.4712439775466919,-9.30810260772705,0.46298161149024963,0.1873120665550232,0.6096270680427551
1781536312607803,1755916833,0.02731192111968994,-0.8074432015419006,-0.589232325553894,0.009744727984070778,0.06524032354354858,-0.48203352093696594,-9.323150634765625,0.49602189660072327,0.20052821934223175,0.632435142993927
1781536312608455,1755933500,0.0273111741989851,-0.8074439764022827,-0.5892311334609985,0.00975084025412798,0.06505478918552399,-0.4734290540218353,-9.30024528503418,0.5124651789665222,0.15770377218723297,0.5782259106636047
1781536312637449,1755950167,0.027317959815263748,-0.807442307472229,-0.5892329216003418,0.009757326915860176,0.06455455720424652,-0.49083441495895386,-9.299569129943848,0.5553537011146545,0.18786273896694183,0.5955784916877747
1781536312638177,1755966834,0.027302561327815056,-0.8074432015419006,-0.5892325639724731,0.009760661981999874,0.06736469268798828,-0.46880507469177246,-9.298922538757324,0.4192734956741333,0.11504585295915604,0.6013926267623901
1781536312666816,1755983501,0.027289381250739098,-0.8074414134025574,-0.589235782623291,0.009750132448971272,0.0643860325217247,-0.48367130756378174,-9.296029090881348,0.37573185563087463,0.1998622715473175,0.5659445524215698
1781536312696088,1756000168,0.027280988171696663,-0.8074451684951782,-0.5892308950424194,0.009755375795066357,0.07179911434650421,-0.48352116346359253,-9.285496711730957,0.4658629894256592,0.1330387443304062,0.6253659725189209
1781536312696868,1756016835,0.02728056162595749,-0.8074467778205872,-0.5892283320426941,0.009767848998308182,0.0641428530216217,-0.47627928853034973,-9.329495429992676,0.5397427678108215,0.12409992516040802,0.5970768332481384
1781536312727294,1756033502,0.027283834293484688,-0.8074494004249573,-0.589224636554718,0.009773804806172848,0.07830463349819183,-0.4876873791217804,-9.302934646606445,0.5335957407951355,0.1758888065814972,0.6135457754135132
1781536312727856,1756050169,0.027293233200907707,-0.8074496984481812,-0.5892236232757568,0.009777897968888283,0.07429701834917068,-0.48397552967071533,-9.314414024353027,0.560232937335968,0.21054278314113617,0.5925562381744385
1781536312757231,1756066836,0.027289673686027527,-0.807451069355011,-0.5892219543457031,0.009775999933481216,0.07321211695671082,-0.4960557222366333,-9.320393562316895,0.4633784890174866,0.19307492673397064,0.6289517879486084
1781536312757791,1756083503,0.027295658364892006,-0.8074547648429871,-0.5892167687416077,0.009770631790161133,0.0702832043170929,-0.491481751203537,-9.294870376586914,0.5030142068862915,0.24855202436447144,0.5998045802116394
1781536312787401,1756100170,0.02728894352912903,-0.8074639439582825,-0.5892044305801392,0.009772591292858124,0.05633280426263809,-0.48310616612434387,-9.313802719116211,0.4622131586074829,0.15617983043193817,0.6299635171890259
1781536312787911,1756116837,0.02727491967380047,-0.8074600696563721,-0.5892099738121033,0.009787875227630138,0.0702328011393547,-0.48067086935043335,-9.317351341247559,0.4756598174571991,0.052128247916698456,0.5483999252319336
1781536312817036,1756133504,0.027281315997242928,-0.8074666857719421,-0.5892008543014526,0.00978385005146265,0.0732780396938324,-0.48182669281959534,-9.299724578857422,0.5098784565925598,0.24528641998767853,0.6647327542304993
1781536312847158,1756150171,0.027285253629088402,-0.807465136051178,-0.5892025828361511,0.009791478514671326,0.06438960880041122,-0.4920324683189392,-9.311967849731445,0.5441737771034241,0.16816657781600952,0.5767019391059875
1781536312847567,1756166838,0.027274155989289284,-0.8074663281440735,-0.5892015695571899,0.00979133415967226,0.06670665740966797,-0.4892466962337494,-9.312361717224121,0.4287501573562622,0.1512237787246704,0.6046838164329529
1781536312877427,1756183505,0.027263568714261055,-0.8074684143066406,-0.5891991853713989,0.009787636809051037,0.0622832253575325,-0.4843364953994751,-9.299673080444336,0.4174293875694275,0.17230302095413208,0.5978963971138
1781536312877969,1756200172,0.027252906933426857,-0.8074707388877869,-0.589196503162384,0.009787002578377724,0.07086576521396637,-0.49024802446365356,-9.31340217590332,0.42909595370292664,0.15594933927059174,0.6177719235420227
1781536312907272,1756216839,0.02725478820502758,-0.8074676990509033,-0.5892006754875183,0.009782737120985985,0.07030466198921204,-0.4663374423980713,-9.311163902282715,0.484112024307251,0.22656351327896118,0.5805438160896301
1781536312907846,1756233506,0.027246007695794106,-0.8074622750282288,-0.5892086625099182,0.009783693589270115,0.07550446689128876,-0.47828197479248047,-9.297273635864258,0.44664064049720764,0.15205618739128113,0.5267955660820007
1781536312937354,1756250173,0.02725120820105076,-0.8074652552604675,-0.5892043709754944,0.009784311056137085,0.06294839829206467,-0.4765153229236603,-9.311338424682617,0.5223132967948914,0.21297599375247955,0.6203843355178833
1781536312937967,1756266840,0.02725241892039776,-0.8074637651443481,-0.5892062783241272,0.00978770200163126,0.07270786911249161,-0.48025959730148315,-9.30495834350586,0.5116456747055054,0.18051187694072723,0.578661322593689
1781536312967251,1756283507,0.027246996760368347,-0.8074655532836914,-0.5892038941383362,0.009789954870939255,0.06635652482509613,-0.47242772579193115,-9.304150581359863,0.46990975737571716,0.1605852246284485,0.6100881099700928
1781536312997639,1756300174,0.027254728600382805,-0.8074628114700317,-0.5892072916030884,0.009795180521905422,0.06972173601388931,-0.4689766764640808,-9.304343223571777,0.5553665161132812,0.19607160985469818,0.5619361996650696
1781536312998325,1756316841,0.027253802865743637,-0.8074679970741272,-0.5891999006271362,0.009809368290007114,0.06571689993143082,-0.47818467020988464,-9.301294326782227,0.5429188013076782,0.11358591169118881,0.6526051163673401
1781536313027362,1756333508,0.027265142649412155,-0.8074705004692078,-0.589195966720581,0.009809914045035839,0.068070188164711,-0.47914981842041016,-9.31045913696289,0.5561733245849609,0.23753856122493744,0.6094861626625061
1781536313028479,1756350175,0.027249295264482498,-0.807470977306366,-0.589195966720581,0.009812491945922375,0.08163050562143326,-0.4894576072692871,-9.311274528503418,0.4134337604045868,0.11568614095449448,0.5913011431694031
1781536313057173,1756366842,0.027246693149209023,-0.8074684739112854,-0.5891994833946228,0.009810823947191238,0.07030823826789856,-0.4866252541542053,-9.324027061462402,0.46999940276145935,0.1924217939376831,0.5628710389137268
1781536313058487,1756383509,0.027250880375504494,-0.8074682950973511,-0.5891994833946228,0.009807733818888664,0.061167046427726746,-0.4838752746582031,-9.304937362670898,0.5015414357185364,0.22877903282642365,0.5956296920776367
1781536313087191,1756400176,0.027153365314006805,-0.8074175119400024,-0.5892720818519592,0.00990526657551527,0.07563678175210953,-0.47490960359573364,-9.296887397766113,0.47623616456985474,0.17115047574043274,0.608295202255249
1781536313117181,1756416843,0.02715170755982399,-0.8074209690093994,-0.5892675518989563,0.009900250472128391,0.05742673575878143,-0.47945496439933777,-9.30605697631836,0.46161124110221863,0.21595987677574158,0.6023914813995361
1781536313117580,1756433510,0.027157429605722427,-0.807422935962677,-0.589264452457428,0.009906168095767498,0.061947062611579895,-0.4852484166622162,-9.323015213012695,0.5470680594444275,0.18455870449543,0.5876641869544983
1781536313147338,1756450177,0.027165111154317856,-0.8074244856834412,-0.5892619490623474,0.009907649829983711,0.06784508377313614,-0.48836666345596313,-9.301971435546875,0.5395251512527466,0.21848274767398834,0.6083720326423645
1781536313147934,1756466844,0.02715306356549263,-0.8074249625205994,-0.5892617702484131,0.009913908317685127,0.07958134263753891,-0.4876087009906769,-9.31594467163086,0.4485616385936737,0.1142902672290802,0.6431284546852112
1781536313177619,1756483511,0.027162356302142143,-0.8074184060096741,-0.5892702341079712,0.009919880889356136,0.06324522942304611,-0.4839359521865845,-9.318323135375977,0.5675197839736938,0.1970192790031433,0.5091484785079956
1781536313178298,1756500178,0.027153048664331436,-0.8074186444282532,-0.5892702341079712,0.009929087944328785,0.07087327539920807,-0.47946569323539734,-9.297220230102539,0.4763641953468323,0.10669608414173126,0.6020585298538208
1781536313206494,1756516845,0.027147166430950165,-0.8074211478233337,-0.5892671346664429,0.009925312362611294,0.0672437772154808,-0.4715944230556488,-9.31182861328125,0.4429267942905426,0.19185832142829895,0.6010339856147766
1781536313207281,1756533512,0.02714979276061058,-0.8074218034744263,-0.5892661809921265,0.009921836666762829,0.07324787974357605,-0.482201486825943,-9.322976112365723,0.49143722653388977,0.2246553897857666,0.5900589823722839
1781536313236935,1756550179,0.027140401303768158,-0.8074246048927307,-0.5892626643180847,0.009922155179083347,0.06571996212005615,-0.4884348213672638,-9.284523963928223,0.43981486558914185,0.15547549724578857,0.6157100796699524
1781536313267126,1756566846,0.027146829292178154,-0.807416558265686,-0.5892733335494995,0.009926043450832367,0.06901364773511887,-0.48231592774391174,-9.308548927307129,0.5432005524635315,0.1960972249507904,0.4877106249332428
1781536313267677,1756583513,0.027148587629199028,-0.8074159622192383,-0.5892741680145264,0.009925613179802895,0.07511503249406815,-0.47297126054763794,-9.307841300964355,0.49905696511268616,0.20319192111492157,0.5686339139938354
1781536313297219,1756600180,0.02714177966117859,-0.8074092864990234,-0.5892837047576904,0.009920593351125717,0.0610029436647892,-0.4762578308582306,-9.306002616882324,0.4331299364566803,0.1933310478925705,0.5212504267692566
1781536313297620,1756616847,0.027137210592627525,-0.8074051141738892,-0.5892894864082336,0.009927723556756973,0.06456484645605087,-0.47856804728507996,-9.291919708251953,0.49490776658058167,0.1343706250190735,0.5280889272689819
1781536313327277,1756633514,0.02712700515985489,-0.8073989152908325,-0.5892983078956604,0.009934516623616219,0.09293165057897568,-0.48614248633384705,-9.31005859375,0.46172651648521423,0.11496900022029877,0.545121431350708
1781536313328129,1756650181,0.02712399698793888,-0.8073958158493042,-0.589302659034729,0.009940063580870628,0.07125235348939896,-0.46872633695602417,-9.309715270996094,0.4973025619983673,0.14882898330688477,0.5249130725860596
1781536313357137,1756666848,0.02712533064186573,-0.8073960542678833,-0.5893020629882812,0.00994896050542593,0.06489385664463043,-0.4909345805644989,-9.291400909423828,0.533967137336731,0.15128780901432037,0.6079366207122803
1781536313357721,1756683515,0.027136916294693947,-0.8073938488960266,-0.5893044471740723,0.009952801279723644,0.06943921744823456,-0.47720909118652344,-9.314754486083984,0.5711183547973633,0.21854674816131592,0.5528693199157715
1781536313386961,1756700182,0.027119776234030724,-0.8074021339416504,-0.5892935991287231,0.009965497069060802,0.06372483819723129,-0.4928084909915924,-9.296815872192383,0.4463460445404053,0.056379951536655426,0.6770653128623962
1781536313417187,1756716849,0.027109600603580475,-0.8074058294296265,-0.5892893075942993,0.009959823451936245,0.06349556148052216,-0.4913351237773895,-9.31045913696289,0.41105177998542786,0.18468676507472992,0.6107284426689148
1781536313417877,1756733516,0.02710898406803608,-0.8074131011962891,-0.5892794728279114,0.009951788000762463,0.07467120885848999,-0.4877195656299591,-9.299161911010742,0.4542604088783264,0.23762820661067963,0.6534503698348999
1781536313447116,1756750183,0.027108367532491684,-0.8074137568473816,-0.589278519153595,0.009954487904906273,0.07559386640787125,-0.476697713136673,-9.30667495727539,0.4980453550815582,0.17695172131061554,0.599125862121582
1781536313447648,1756766850,0.02709706872701645,-0.8074169158935547,-0.589274525642395,0.00995777640491724,0.05637533217668533,-0.4766691029071808,-9.325296401977539,0.4410698115825653,0.13057994842529297,0.6175541877746582
1781536313477366,1756783517,0.027092084288597107,-0.8074213862419128,-0.5892687439918518,0.00995978806167841,0.06100651994347572,-0.48545941710472107,-9.321266174316406,0.4706781506538391,0.16408134996891022,0.6391072869300842
1781536313477930,1756800184,0.027085162699222565,-0.8074215054512024,-0.5892690420150757,0.009962287731468678,0.0626412108540535,-0.47652962803840637,-9.287982940673828,0.4621875286102295,0.1522482931613922,0.592095136642456
1781536313507455,1756816851,0.02709180675446987,-0.8074312806129456,-0.5892553329467773,0.009951276704668999,0.07054457068443298,-0.48970112204551697,-9.308066368103027,0.4819733202457428,0.28520381450653076,0.702319324016571
1781536313508089,1756833518,0.027087857946753502,-0.8074354529380798,-0.5892496109008789,0.009952742606401443,0.06725415587425232,-0.4912421405315399,-9.284721374511719,0.4741743206977844,0.17104800045490265,0.6359312534332275
1781536313537075,1756850185,0.027086975052952766,-0.8074352741241455,-0.5892502069473267,0.009951857849955559,0.07292602211236954,-0.48745492100715637,-9.307083129882812,0.4819093346595764,0.1954697072505951,0.5911346673965454
1781536313568152,1756866852,0.027071157470345497,-0.8074348568916321,-0.5892514586448669,0.009952574037015438,0.06823372840881348,-0.4767836034297943,-9.293669700622559,0.405288964509964,0.12620016932487488,0.593183696269989
1781536313568909,1756883519,0.027072232216596603,-0.8074353933334351,-0.5892503261566162,0.009962945245206356,0.06934265792369843,-0.4676928222179413,-9.31162166595459,0.5383341908454895,0.1410299390554428,0.603941023349762
1781536313598619,1756900186,0.027066871523857117,-0.8074327111244202,-0.5892544388771057,0.009961677715182304,0.059032123535871506,-0.47150513529777527,-9.301565170288086,0.45570749044418335,0.1783476173877716,0.5590931177139282
1781536313599247,1756916853,0.02706398442387581,-0.8074339628219604,-0.5892528295516968,0.009961950592696667,0.06424298882484436,-0.49255460500717163,-9.296368598937988,0.4754805266857147,0.18053750693798065,0.5960139632225037
1781536313628494,1756933520,0.02706310898065567,-0.8074377179145813,-0.5892474055290222,0.009973294101655483,0.07547109574079514,-0.48219820857048035,-9.326930046081543,0.5310344696044922,0.12885108590126038,0.6435126066207886
1781536313628738,1756950187,0.02707246132194996,-0.8074363470077515,-0.5892486572265625,0.009983190335333347,0.07613030076026917,-0.4847477376461029,-9.312905311584473,0.582669734954834,0.17604248225688934,0.5743712186813354
1781536313659764,1756966854,0.027082856744527817,-0.8074361085891724,-0.589248538017273,0.009984978474676609,0.0773998573422432,-0.4646745026111603,-9.309046745300293,0.5556738972663879,0.22471942007541656,0.5692614316940308
1781536313660460,1756983521,0.02708675153553486,-0.8074408769607544,-0.5892418026924133,0.009982934221625328,0.06587693095207214,-0.4702957570552826,-9.307107925415039,0.5032575130462646,0.22226059436798096,0.6448573470115662
1781536313688101,1757000188,0.027087172493338585,-0.8074394464492798,-0.5892435908317566,0.009989062324166298,0.07354509830474854,-0.47879335284233093,-9.324409484863281,0.5177415013313293,0.16046997904777527,0.5706445574760437
1781536313718847,1757016855,0.027076028287410736,-0.8074386715888977,-0.5892453193664551,0.009988095611333847,0.07299754023551941,-0.4951831102371216,-9.32602596282959,0.42408865690231323,0.15512971580028534,0.608500063419342
1781536313719329,1757033522,0.027067285031080246,-0.8074436187744141,-0.5892390608787537,0.00998217985033989,0.06165023893117905,-0.47951218485832214,-9.324288368225098,0.4176214933395386,0.19124363362789154,0.624059796333313
1781536313749893,1757050189,0.02707272581756115,-0.8074394464492798,-0.5892444849014282,0.009983418509364128,0.058585427701473236,-0.4763794243335724,-9.31404972076416,0.5258224010467529,0.20757173001766205,0.5476827621459961
1781536313750505,1757066856,0.027066253125667572,-0.8074402809143066,-0.5892435312271118,0.009984815493226051,0.07130957394838333,-0.4892430305480957,-9.31581974029541,0.4603562355041504,0.1583569198846817,0.5767531394958496
1781536313779854,1757083523,0.027064483612775803,-0.807440459728241,-0.5892433524131775,0.009980099275708199,0.07198227941989899,-0.4962594211101532,-9.298064231872559,0.4610093832015991,0.21338579058647156,0.6095629930496216
1781536313780499,1757100190,0.027066456153988838,-0.8074372410774231,-0.5892478227615356,0.009979771450161934,0.0656198263168335,-0.47492390871047974,-9.300946235656738,0.49977418780326843,0.20316633582115173,0.572270929813385
1781536313808862,1757116857,0.02706516720354557,-0.807437539100647,-0.5892475247383118,0.009979619644582272,0.07433862239122391,-0.48436152935028076,-9.293811798095703,0.4824216067790985,0.18887442350387573,0.5913011431694031
1781536313809247,1757133524,0.027062708511948586,-0.8074387907981873,-0.5892461538314819,0.009970968589186668,0.07085897028446198,-0.4800342917442322,-9.313745498657227,0.44167178869247437,0.23040542006492615,0.5809151530265808
1781536313838134,1757150191,0.027067039161920547,-0.8074368834495544,-0.5892483592033386,0.009978646412491798,0.07358046621084213,-0.4789828956127167,-9.295113563537598,0.5450702905654907,0.1687684953212738,0.5933886170387268
1781536313869329,1757166858,0.027065826579928398,-0.8074330687522888,-0.5892534852027893,0.009989866986870766,0.06634937226772308,-0.47309646010398865,-9.308609962463379,0.5292800068855286,0.12462498247623444,0.5475930571556091
1781536313897287,1757183525,0.027055716142058372,-0.807430624961853,-0.5892571210861206,0.010003686882555485,0.06507659703493118,-0.4831313490867615,-9.316023826599121,0.490374356508255,0.07411674410104752,0.5554946064949036
1781536313927564,1757200192,0.027039971202611923,-0.8074350357055664,-0.5892518162727356,0.009999397210776806,0.07819019258022308,-0.48851707577705383,-9.315254211425781,0.3850677013397217,0.15370820462703705,0.6269412040710449
1781536313928039,1757216859,0.02704046666622162,-0.8074327707290649,-0.5892547369003296,0.010004994459450245,0.060491546988487244,-0.47611477971076965,-9.292595863342285,0.5157052278518677,0.1631464809179306,0.5643181800842285
1781536313928571,1757233526,0.02702758088707924,-0.807439386844635,-0.5892462134361267,0.009999612346291542,0.059236299246549606,-0.47955867648124695,-9.310516357421875,0.39636290073394775,0.1718291938304901,0.6497108936309814
1781536313956860,1757250193,0.02701958268880844,-0.8074395656585693,-0.5892463326454163,0.010005516931414604,0.06609152257442474,-0.4912135899066925,-9.305578231811523,0.4695640504360199,0.12749361991882324,0.5900717973709106
1781536313957201,1757266860,0.027015769854187965,-0.8074424266815186,-0.5892425775527954,0.01000258233398199,0.06878834962844849,-0.48660022020339966,-9.325647354125977,0.45675763487815857,0.1943555623292923,0.6180280447006226
1781536313957562,1757283527,0.027007125318050385,-0.807442843914032,-0.5892426371574402,0.010004127398133278,0.0691491961479187,-0.4709329605102539,-9.296966552734375,0.44825422763824463,0.14894424378871918,0.5884965658187866
1781536313987822,1757300194,0.027005312964320183,-0.8074427247047424,-0.5892425179481506,0.010016263462603092,0.070500947535038,-0.48628199100494385,-9.308331489562988,0.5292288661003113,0.11774797737598419,0.5868829488754272
1781536314017553,1757316861,0.026995377615094185,-0.8074434399604797,-0.5892418622970581,0.010021327063441277,0.06662473827600479,-0.4883418381214142,-9.312171936035156,0.45522090792655945,0.12450973689556122,0.5983574986457825
1781536314018140,1757333528,0.026997700333595276,-0.8074394464492798,-0.5892471075057983,0.010026784613728523,0.06548751145601273,-0.48904991149902344,-9.309450149536133,0.5255277156829834,0.16995947062969208,0.5354654788970947
1781536314047101,1757350195,0.02699798345565796,-0.8074468970298767,-0.589236855506897,0.010031824000179768,0.0825674757361412,-0.4758894741535187,-9.299365997314453,0.512055516242981,0.16552847623825073,0.6294640898704529
1781536314047519,1757366862,0.026995258405804634,-0.8074397444725037,-0.5892466902732849,0.01003167126327753,0.07975982129573822,-0.4811859428882599,-9.309679985046387,0.47440484166145325,0.1816004514694214,0.5341848731040955
1781536314076826,1757383529,0.026982583105564117,-0.8074355721473694,-0.5892531871795654,0.010035282000899315,0.06393186002969742,-0.4832671880722046,-9.313069343566895,0.4350380599498749,0.11799127608537674,0.5091228485107422
1781536314077264,1757400196,0.02697744034230709,-0.8074274659156799,-0.5892643928527832,0.01004069671034813,0.06885272264480591,-0.4774200916290283,-9.300488471984863,0.4836381673812866,0.14024874567985535,0.5190093517303467
1781536314107688,1757416863,0.02699054405093193,-0.807428240776062,-0.5892624855041504,0.010045105591416359,0.06625336408615112,-0.4724942445755005,-9.312261581420898,0.5803773999214172,0.22151784598827362,0.6054649949073792
1781536314108012,1757433530,0.02698040008544922,-0.8074257969856262,-0.5892662405967712,0.010048915632069111,0.06755781173706055,-0.48526278138160706,-9.29245662689209,0.4492403268814087,0.1289791464805603,0.5555458068847656
1781536314137429,1757450197,0.026985855773091316,-0.8074283003807068,-0.5892625451087952,0.010051717981696129,0.06892941892147064,-0.48542463779449463,-9.292825698852539,0.5311369299888611,0.20036174356937408,0.632076621055603
1781536314137960,1757466864,0.026988353580236435,-0.8074241876602173,-0.5892680287361145,0.010047786869108677,0.06629215180873871,-0.4838143587112427,-9.328862190246582,0.4878770709037781,0.2236308753490448,0.555866003036499
1781536314168951,1757483531,0.026991115882992744,-0.8074318766593933,-0.589257538318634,0.010048789903521538,0.06124107539653778,-0.48748287558555603,-9.304481506347656,0.508892297744751,0.19900426268577576,0.6553072929382324
1781536314198784,1757500198,0.026998300105333328,-0.8074303865432739,-0.5892590880393982,0.0100591741502285,0.06785853207111359,-0.4855559766292572,-9.301128387451172,0.5717074275016785,0.16390205919742584,0.587740957736969
1781536314199745,1757516865,0.0269915908575058,-0.8074321746826172,-0.5892569422721863,0.010062606073915958,0.06699308753013611,-0.4813682436943054,-9.31850528717041,0.46645209193229675,0.1457170695066452,0.5960652232170105
1781536314227428,1757533532,0.02698376402258873,-0.8074317574501038,-0.5892579555511475,0.010054586455225945,0.06186838448047638,-0.48812010884284973,-9.296125411987305,0.4129343628883362,0.2076229453086853,0.6338823437690735
1781536314227973,1757550199,0.02698734775185585,-0.8074337840080261,-0.5892547369003296,0.010066317394375801,0.059124577790498734,-0.47984689474105835,-9.304533004760742,0.5570442080497742,0.14219528436660767,0.6168753504753113
1781536314257328,1757566866,0.026986759155988693,-0.8074368238449097,-0.5892505645751953,0.010066798888146877,0.07651295512914658,-0.47936198115348816,-9.30913257598877,0.4883893132209778,0.18683822453022003,0.604440450668335
1781536314257902,1757583533,0.026985231786966324,-0.807437002658844,-0.5892501473426819,0.010071231983602047,0.07951339334249496,-0.47631147503852844,-9.305642127990723,0.4994412064552307,0.1604955941438675,0.5790711045265198
1781536314286711,1757600200,0.026991883292794228,-0.8074390888214111,-0.5892470479011536,0.01008087582886219,0.08250043541193008,-0.47702285647392273,-9.308012008666992,0.5654194951057434,0.16625842452049255,0.6188347935676575
1781536314287433,1757616867,0.026980487629771233,-0.8074429035186768,-0.5892421007156372,0.010089297778904438,0.06750091165304184,-0.48776963353157043,-9.31033706665039,0.4602538049221039,0.09984469413757324,0.6283754706382751
1781536314317431,1757633534,0.02697225660085678,-0.8074398040771484,-0.5892466902732849,0.010086819529533386,0.06521604210138321,-0.490798681974411,-9.301389694213867,0.43398794531822205,0.17184200882911682,0.5629094839096069
1781536314347095,1757650201,0.026965511962771416,-0.8074449300765991,-0.5892401337623596,0.010097299702465534,0.07888355851173401,-0.48577773571014404,-9.297778129577637,0.4943186640739441,0.10733641684055328,0.638326108455658
1781536314347748,1757666868,0.026964811608195305,-0.8074517846107483,-0.5892305374145508,0.01009923592209816,0.054618820548057556,-0.49929600954055786,-9.304126739501953,0.493102103471756,0.1799612194299698,0.6621586084365845
1781536314376985,1757683535,0.026957960799336433,-0.8074491024017334,-0.5892342925071716,0.010107292793691158,0.05817773938179016,-0.46153101325035095,-9.304450988769531,0.4843426048755646,0.11845233291387558,0.5609244704246521
1781536314377466,1757700202,0.026954615488648415,-0.8074548840522766,-0.5892266035079956,0.010108103044331074,0.07870201021432877,-0.47895774245262146,-9.305419921875,0.4736236333847046,0.17563268542289734,0.6586498022079468
1781536314406833,1757716869,0.026945888996124268,-0.8074573874473572,-0.5892234444618225,0.010111904703080654,0.07747495174407959,-0.48033827543258667,-9.302337646484375,0.4563734531402588,0.1354975700378418,0.6103571057319641
1781536314407443,1757733536,0.02693897671997547,-0.8074575662612915,-0.5892236232757568,0.010119463317096233,0.07235024869441986,-0.4887852966785431,-9.309282302856445,0.4817941188812256,0.12170515209436417,0.5924537777900696
1781536314437442,1757750203,0.02694152109324932,-0.8074641227722168,-0.5892141461372375,0.010127111338078976,0.06728655844926834,-0.4910005033016205,-9.30074405670166,0.5345562100410461,0.15991929173469543,0.640221357345581
1781536314437972,1757766870,0.02693059854209423,-0.8074718713760376,-0.5892038345336914,0.010131515562534332,0.061410631984472275,-0.493659645318985,-9.309042930603027,0.44605159759521484,0.12485551089048386,0.6722884774208069
1781536314467309,1757783537,0.026942426338791847,-0.8074758648872375,-0.5891979336738586,0.010136226192116737,0.06610526144504547,-0.46918758749961853,-9.30224609375,0.574358344078064,0.21306563913822174,0.6110613346099854
1781536314497567,1757800204,0.02693975903093815,-0.8074774146080017,-0.5891960263252258,0.010127230547368526,0.06720014661550522,-0.46795400977134705,-9.289834976196289,0.4379323124885559,0.2314939796924591,0.6124316453933716
1781536314498039,1757816871,0.02693711221218109,-0.8074763417243958,-0.5891976356506348,0.010129477828741074,0.0816376581788063,-0.47446614503860474,-9.291343688964844,0.4837022125720978,0.1688581109046936,0.5960906744003296
1781536314527315,1757833538,0.026933088898658752,-0.8074792623519897,-0.5891936421394348,0.010140408761799335,0.06530154496431351,-0.488620787858963,-9.298078536987305,0.5111590623855591,0.11519952118396759,0.62356036901474
1781536314527901,1757850205,0.026925165206193924,-0.8074827790260315,-0.5891890525817871,0.010146552696824074,0.061278313398361206,-0.4888139069080353,-9.313273429870605,0.4702683389186859,0.12523970007896423,0.6131744384765625
1781536314557504,1757866872,0.026904894039034843,-0.8074867725372314,-0.5891847014427185,0.010139119811356068,0.07000454515218735,-0.4762505888938904,-9.288640975952148,0.3462260365486145,0.15199215710163116,0.6391200423240662
1781536314558117,1757883539,0.02689358778297901,-0.8074838519096375,-0.5891892313957214,0.010137702338397503,0.06918530911207199,-0.4778921604156494,-9.298410415649414,0.4208998680114746,0.15290141105651855,0.5649328827857971
1781536314587274,1757900206,0.02689838781952858,-0.8074814081192017,-0.5891924500465393,0.010130183771252632,0.07825814187526703,-0.4846583306789398,-9.32790756225586,0.4860841929912567,0.25060102343559265,0.5418046116828918
1781536314587827,1757916873,0.026897311210632324,-0.8074743747711182,-0.5892019271850586,0.010134953074157238,0.0660775825381279,-0.48367130756378174,-9.329366683959961,0.5027836561203003,0.15994490683078766,0.5435078740119934
1781536314617017,1757933540,0.02689930610358715,-0.807467520236969,-0.5892113447189331,0.010143864899873734,0.07465369254350662,-0.4895613491535187,-9.295063018798828,0.5370663404464722,0.14757397770881653,0.5124781131744385
1781536314645889,1757950207,0.026889139786362648,-0.8074702620506287,-0.5892080068588257,0.010146589949727058,0.06879192590713501,-0.4784393310546875,-9.299637794494629,0.4439641237258911,0.1344730705022812,0.6009443402290344
1781536314646592,1757966874,0.02689390443265438,-0.8074696063995361,-0.5892085433006287,0.010143338702619076,0.06271952390670776,-0.47302135825157166,-9.314268112182617,0.5026300549507141,0.22844605147838593,0.5870494246482849
1781536314677204,1757983541,0.026895882561802864,-0.8074699640274048,-0.5892080664634705,0.010152296163141727,0.07303014397621155,-0.47922608256340027,-9.300541877746582,0.5366180539131165,0.14921317994594574,0.5924408435821533
1781536314677771,1758000208,0.02688620239496231,-0.8074730038642883,-0.5892040729522705,0.010148534551262856,0.07157063484191895,-0.48969364166259766,-9.29919719696045,0.4199777841567993,0.1736476868391037,0.62583988904953
1781536314706995,1758016875,0.026881126686930656,-0.8074706196784973,-0.5892078876495361,0.010144222527742386,0.07150236517190933,-0.4812038540840149,-9.292556762695312,0.4437336027622223,0.19349752366542816,0.5593621134757996
1781536314707394,1758033542,0.026883870363235474,-0.8074748516082764,-0.5892020463943481,0.010139628313481808,0.07142401486635208,-0.4771876335144043,-9.279778480529785,0.4855719804763794,0.22865095734596252,0.6349964141845703
1781536314737386,1758050209,0.026896923780441284,-0.8074784874916077,-0.589196503162384,0.010143052786588669,0.0786823034286499,-0.4884793162345886,-9.289361953735352,0.5756005644798279,0.22492432594299316,0.6154283285140991
1781536314767373,1758066876,0.02688451297581196,-0.8074790835380554,-0.5891960263252258,0.010143541730940342,0.07378821074962616,-0.47741296887397766,-9.315619468688965,0.4223982095718384,0.13718801736831665,0.5814914703369141
1781536314767907,1758083543,0.02687225118279457,-0.8074777126312256,-0.5891982913017273,0.010154356248676777,0.06505836546421051,-0.4839824438095093,-9.31044864654541,0.4653891921043396,0.07888071238994598,0.5474137663841248
1781536314797057,1758100210,0.026866145431995392,-0.8074753880500793,-0.5892015099525452,0.010165879502892494,0.0650118738412857,-0.4737938344478607,-9.299100875854492,0.50193852186203,0.1021498516201973,0.5815043449401855
1781536314797643,1758116877,0.026872431859374046,-0.8074778318405151,-0.5891979932785034,0.010163028724491596,0.06928583234548569,-0.4814826250076294,-9.301407814025879,0.5129519104957581,0.2307768017053604,0.5825928449630737
1781536314827192,1758133544,0.026861924678087234,-0.8074719905853271,-0.5892062783241272,0.010170677676796913,0.07601228356361389,-0.4685510993003845,-9.30345630645752,0.4623028635978699,0.10367381572723389,0.523350715637207
1781536314827710,1758150211,0.02686425670981407,-0.8074706196784973,-0.5892079472541809,0.01017217431217432,0.06982902437448502,-0.4768514931201935,-9.316381454467773,0.5081495642662048,0.19176867604255676,0.5837582349777222
1781536314857230,1758166878,0.02686089277267456,-0.8074668049812317,-0.589213490486145,0.010159264318645,0.06653564423322678,-0.48244819045066833,-9.294637680053711,0.41828739643096924,0.24795013666152954,0.5526387691497803
1781536314857736,1758183545,0.02686687931418419,-0.8074634075164795,-0.589218258857727,0.010153448209166527,0.07801853865385056,-0.478435754776001,-9.294788360595703,0.49904415011405945,0.24609321355819702,0.551358163356781
1781536314887176,1758200212,0.026866860687732697,-0.8074631690979004,-0.5892183780670166,0.010156640782952309,0.0825607180595398,-0.4750383496284485,-9.309836387634277,0.5019128322601318,0.17276404798030853,0.5922360420227051
1781536314917125,1758216879,0.02685982920229435,-0.8074769377708435,-0.5891996622085571,0.010163954459130764,0.068642757833004,-0.49886554479599,-9.341289520263672,0.47918152809143066,0.12317787110805511,0.7076979875564575
1781536314917606,1758233546,0.02686479687690735,-0.8074782490730286,-0.5891976952552795,0.010167177766561508,0.06891351193189621,-0.487547904253006,-9.30351734161377,0.5295233130455017,0.19327983260154724,0.6105747222900391
1781536314947450,1758250213,0.026871992275118828,-0.8074710965156555,-0.5892072916030884,0.010162190534174442,0.06431451439857483,-0.4914495646953583,-9.306482315063477,0.5094173550605774,0.24500468373298645,0.5089178681373596
1781536314947890,1758266880,0.026856649667024612,-0.8074799180030823,-0.589195966720581,0.010163269005715847,0.0738951712846756,-0.47254928946495056,-9.313316345214844,0.4078117609024048,0.12356206029653549,0.6662951111793518
1781536314977223,1758283547,0.026856951415538788,-0.8074851036071777,-0.5891886949539185,0.010160108096897602,0.0705728754401207,-0.46924132108688354,-9.308377265930176,0.47754234075546265,0.21049155294895172,0.6463300585746765
1781536314977655,1758300214,0.02686011977493763,-0.8074805736541748,-0.5891948938369751,0.010150695219635963,0.06686758249998093,-0.4801560342311859,-9.300843238830566,0.4685395061969757,0.25490400195121765,0.554021954536438
1781536315007416,1758316881,0.026863448321819305,-0.8074836134910583,-0.5891905426979065,0.01015409454703331,0.08045035600662231,-0.47486668825149536,-9.288250923156738,0.5210711359977722,0.1854935586452484,0.6199234127998352
1781536315008516,1758333548,0.026872579008340836,-0.807487964630127,-0.5891839861869812,0.010166112333536148,0.0750737115740776,-0.48335862159729004,-9.302619934082031,0.5886759161949158,0.15962475538253784,0.6051321029663086
1781536315037273,1758350215,0.026879729703068733,-0.8074910640716553,-0.5891792178153992,0.010173519141972065,0.07628658413887024,-0.4884261190891266,-9.304130554199219,0.5586706399917603,0.17800186574459076,0.6144934892654419
1781536315067181,1758366882,0.026865242049098015,-0.8074898719787598,-0.5891816020011902,0.01017748098820448,0.06784065067768097,-0.4949721097946167,-9.308570861816406,0.42481866478919983,0.10813041776418686,0.5608348846435547
1781536315067681,1758383549,0.026861347258090973,-0.807485818862915,-0.5891873240470886,0.010182804428040981,0.06843072921037674,-0.49396005272865295,-9.308978080749512,0.4887094795703888,0.14514076709747314,0.5759079456329346
1781536315097207,1758400216,0.026703480631113052,-0.8074697256088257,-0.5892156958580017,0.0102237518876791,0.0770958736538887,-0.4960986375808716,-9.32531452178955,0.4838559329509735,0.1330643892288208,0.5727063417434692
1781536315097703,1758416883,0.026704352349042892,-0.8074690103530884,-0.5892165303230286,0.010225770995020866,0.06364218145608902,-0.47851797938346863,-9.313220024108887,0.5029245615005493,0.18177972733974457,0.5622435808181763
1781536315127633,1758433550,0.02668979950249195,-0.8074763417243958,-0.589206874370575,0.010239710099995136,0.07952412217855453,-0.47828197479248047,-9.288762092590332,0.4644926190376282,0.05673852190375328,0.6779105067253113
1781536315128060,1758450217,0.026677589863538742,-0.8074746131896973,-0.5892096757888794,0.010246878489851952,0.06385675817728043,-0.4820798933506012,-9.308141708374023,0.45022642612457275,0.10313592851161957,0.6123548150062561
1781536315157300,1758466884,0.02667238563299179,-0.807475209236145,-0.5892091393470764,0.01024226937443018,0.046115536242723465,-0.4704393148422241,-9.296576499938965,0.44204315543174744,0.19458608329296112,0.5818884968757629
1781536315157755,1758483551,0.026663128286600113,-0.8074754476547241,-0.5892091989517212,0.01024594996124506,0.07295820862054825,-0.490126371383667,-9.285994529724121,0.4531334340572357,0.13218073546886444,0.5832971930503845
1781536315187427,1758500218,0.02666579931974411,-0.8074734210968018,-0.5892118811607361,0.010246236808598042,0.06605652719736099,-0.4822765588760376,-9.33309268951416,0.5051272511482239,0.20104047656059265,0.5997405648231506
1781536315217292,1758516885,0.02667326107621193,-0.8074712753295898,-0.5892143845558167,0.010248768143355846,0.07607598602771759,-0.4885479211807251,-9.290670394897461,0.5406136512756348,0.20891638100147247,0.6180536150932312
1781536315217700,1758533552,0.026667706668376923,-0.8074744343757629,-0.589210569858551,0.010247474536299706,0.07779324054718018,-0.4677393138408661,-9.323140144348145,0.45306938886642456,0.17622177302837372,0.6255069971084595
1781536315247421,1758550219,0.02665962651371956,-0.8074754476547241,-0.5892095565795898,0.010247577913105488,0.0742921307682991,-0.47222745418548584,-9.298761367797852,0.44511666893959045,0.15656401216983795,0.5850131511688232
1781536315248020,1758566886,0.026659196242690086,-0.8074767589569092,-0.5892075896263123,0.010255001485347748,0.06363145262002945,-0.48577412962913513,-9.310927391052246,0.5169603824615479,0.14802218973636627,0.609230101108551
1781536315277141,1758583553,0.026647275313735008,-0.8074826598167419,-0.5892000794410706,0.010243933647871017,0.0732511579990387,-0.4849230945110321,-9.304458618164062,0.37884384393692017,0.2018088549375534,0.5903918743133545
1781536315277572,1758600220,0.02665545418858528,-0.8074899911880493,-0.5891895890235901,0.010249999351799488,0.0796537920832634,-0.4909067451953888,-9.30224323272705,0.5590676069259644,0.19094908237457275,0.6543980240821838
1781536315307424,1758616887,0.0266585536301136,-0.8074910640716553,-0.5891879796981812,0.010249797254800797,0.07117367535829544,-0.4871259331703186,-9.293292999267578,0.5057419538497925,0.20416522026062012,0.5998045802116394
1781536315307842,1758633554,0.026657307520508766,-0.8074972629547119,-0.5891794562339783,0.010256915353238583,0.07978873699903488,-0.46699681878089905,-9.306190490722656,0.510608434677124,0.14823992550373077,0.6728776693344116
1781536315337258,1758650221,0.02665833756327629,-0.8074916005134583,-0.5891871452331543,0.010260894894599915,0.06725415587425232,-0.4726172387599945,-9.305530548095703,0.5117993354797363,0.17011311650276184,0.5182281136512756
1781536315366156,1758666888,0.026658285409212112,-0.807488739490509,-0.589191198348999,0.01026153564453125,0.07512181252241135,-0.4727424085140228,-9.294022560119629,0.4920903742313385,0.18469959497451782,0.5426883101463318
1781536315366855,1758683555,0.026654010638594627,-0.8074893355369568,-0.5891903042793274,0.010276028886437416,0.07631269097328186,-0.49736103415489197,-9.293289184570312,0.5240678191184998,0.09355677664279938,0.6180280447006226
1781536315396960,1758700222,0.0266544371843338,-0.8074842095375061,-0.5891973376274109,0.010272753424942493,0.07701005041599274,-0.48405396938323975,-9.312225341796875,0.47837480902671814,0.21015861630439758,0.562256395816803
1781536315397265,1758716889,0.02664959989488125,-0.8074840903282166,-0.58919757604599,0.010272404178977013,0.07150626182556152,-0.4792153537273407,-9.280440330505371,0.46106061339378357,0.172110915184021,0.584168016910553
1781536315427420,1758733556,0.026644233614206314,-0.8074821829795837,-0.5892003774642944,0.010274221189320087,0.07853351533412933,-0.4805707335472107,-9.295753479003906,0.46714353561401367,0.15708906948566437,0.5617312788963318
1781536315427879,1758750223,0.026647932827472687,-0.8074857592582703,-0.5891954302787781,0.010269599966704845,0.07473278045654297,-0.4919552505016327,-9.294836044311523,0.4904767572879791,0.23288984596729279,0.6508762836456299
1781536315457418,1758766890,0.026641283184289932,-0.8074872493743896,-0.5891937017440796,0.010266897268593311,0.07395954430103302,-0.47402268648147583,-9.306900978088379,0.44135168194770813,0.1779378354549408,0.5968464016914368
1781536315457769,1758783557,0.02664197050035,-0.807486891746521,-0.589194118976593,0.010268354788422585,0.06966451555490494,-0.4805278182029724,-9.313112258911133,0.49914664030075073,0.1839568018913269,0.5776751637458801
1781536315486930,1758800224,0.026641882956027985,-0.8074870705604553,-0.5891937613487244,0.010271292179822922,0.056882765144109726,-0.4697134494781494,-9.327972412109375,0.500657856464386,0.1730457991361618,0.5890088677406311
1781536315517455,1758816891,0.026640091091394424,-0.8074818849563599,-0.5892010927200317,0.010273176245391369,0.07135248929262161,-0.4822300970554352,-9.300670623779297,0.48733916878700256,0.1703948676586151,0.528729259967804
1781536315518067,1758833558,0.026633163914084435,-0.8074824810028076,-0.5892005562782288,0.010274852626025677,0.08304310590028763,-0.4827701151371002,-9.31462574005127,0.4575260877609253,0.15240195393562317,0.5937216281890869
1781536315547135,1758850225,0.026620756834745407,-0.8074856996536255,-0.5891967415809631,0.010278088971972466,0.07159924507141113,-0.47908660769462585,-9.325422286987305,0.4329378306865692,0.12321629375219345,0.6399012804031372
1781536315548219,1758866892,0.026620011776685715,-0.8074917793273926,-0.5891884565353394,0.010272885672748089,0.07528232783079147,-0.4869078993797302,-9.313835144042969,0.4634169638156891,0.21766313910484314,0.6617873311042786
1781536315577208,1758883559,0.026612520217895508,-0.8074899911880493,-0.5891910195350647,0.010284663178026676,0.07824347913265228,-0.4773235619068146,-9.299745559692383,0.49539443850517273,0.09346713870763779,0.5737564563751221
1781536315577766,1758900226,0.02662801928818226,-0.8074939846992493,-0.5891848802566528,0.010288798250257969,0.06937047094106674,-0.4817885458469391,-9.312447547912598,0.5916597247123718,0.23080244660377502,0.6399012804031372
1781536315606935,1758916893,0.026625780388712883,-0.8074965476989746,-0.589181125164032,0.01029809471219778,0.07914504408836365,-0.47539955377578735,-9.30150032043457,0.5142582058906555,0.12933771312236786,0.615044116973877
1781536315607288,1758933560,0.026620307937264442,-0.8074931502342224,-0.5891859531402588,0.010304318740963936,0.0689210519194603,-0.48615676164627075,-9.306292533874512,0.48335644602775574,0.13512620329856873,0.6113942861557007
1781536315636546,1758950227,0.02662394382059574,-0.8074990510940552,-0.5891777873039246,0.010295323096215725,0.07239056378602982,-0.4876970052719116,-9.313692092895508,0.4726247191429138,0.2553778290748596,0.646611750125885
1781536315666870,1758966894,0.02663133665919304,-0.8074995279312134,-0.5891769528388977,0.010285666212439537,0.06645308434963226,-0.47375449538230896,-9.303399085998535,0.49112987518310547,0.2727816700935364,0.5869598388671875
1781536315667291,1758983561,0.02662208490073681,-0.8074970245361328,-0.5891809463500977,0.010278888046741486,0.06323092430830002,-0.47408348321914673,-9.310076713562012,0.41044989228248596,0.1884518414735794,0.5543292760848999
1781536315696797,1759000228,0.026617003604769707,-0.8075017929077148,-0.5891745686531067,0.010282100178301334,0.07298323512077332,-0.4740799069404602,-9.315862655639648,0.47459688782691956,0.14840637147426605,0.5713744759559631
1781536315697364,1759016895,0.026611994951963425,-0.8074969053268433,-0.5891816020011902,0.01027704868465662,0.05860330909490585,-0.4930195212364197,-9.299180030822754,0.4408649802207947,0.19687838852405548,0.5563269853591919
1781536315726900,1759033562,0.026596983894705772,-0.8074914813041687,-0.5891895294189453,0.010282264091074467,0.0788121297955513,-0.47237056493759155,-9.303943634033203,0.4262017011642456,0.10145829617977142,0.5931965112686157
1781536315727450,1759050229,0.026596853509545326,-0.8074944019317627,-0.5891855955123901,0.0102914460003376,0.08012492209672928,-0.49127790331840515,-9.319231033325195,0.5254124402999878,0.13844303786754608,0.6198336482048035
1781536315759196,1759066896,0.026593266054987907,-0.8074935674667358,-0.5891869068145752,0.010289845988154411,0.06512630730867386,-0.4940244257450104,-9.285099983215332,0.46255892515182495,0.18368786573410034,0.5873439908027649
1781536315759986,1759083563,0.026594672352075577,-0.8074942827224731,-0.589185893535614,0.010287299752235413,0.07305118441581726,-0.48704010248184204,-9.307455062866211,0.48642995953559875,0.20926213264465332,0.5975505709648132
1781536315788258,1759100230,0.026604099199175835,-0.807494580745697,-0.5891850590705872,0.010290076024830341,0.07748925685882568,-0.4901907444000244,-9.291919708251953,0.5527924299240112,0.21111907064914703,0.5782002806663513
1781536315788770,1759116897,0.026601020246744156,-0.8075011968612671,-0.5891758799552917,0.010297847911715508,0.07128598541021347,-0.4697514474391937,-9.297725677490234,0.5027837157249451,0.13563846051692963,0.670124351978302
1781536315819101,1759133564,0.02659844420850277,-0.8075031638145447,-0.5891731977462769,0.010300909169018269,0.062451306730508804,-0.49547278881073,-9.313481330871582,0.48646843433380127,0.16387644410133362,0.6433078050613403
1781536315848836,1759150231,0.026595981791615486,-0.8075085282325745,-0.589165985584259,0.010298597626388073,0.07295820862054825,-0.49748262763023376,-9.31843376159668,0.4655812382698059,0.19307492673397064,0.6423729062080383
1781536315849461,1759166898,0.026591196656227112,-0.8075045943260193,-0.589171826839447,0.01029637549072504,0.07428497821092606,-0.4797947108745575,-9.287882804870605,0.4531974494457245,0.18203586339950562,0.5668283104896545
1781536315877064,1759183565,0.026588842272758484,-0.8075088858604431,-0.5891659259796143,0.010305396281182766,0.06515089422464371,-0.4938599765300751,-9.298428535461426,0.5118889808654785,0.1312202662229538,0.649685263633728
1781536315877468,1759200232,0.026589777320623398,-0.8075026273727417,-0.5891743898391724,0.010313410311937332,0.06552684307098389,-0.4895470142364502,-9.284960746765137,0.5262961387634277,0.1492644101381302,0.5718482732772827
1781536315909856,1759216899,0.026579158380627632,-0.8075064420700073,-0.5891695022583008,0.010310021229088306,0.07022956013679504,-0.4772055149078369,-9.305630683898926,0.41530346870422363,0.1677311658859253,0.6665384769439697
1781536315910374,1759233566,0.02657962404191494,-0.8075045347213745,-0.5891722440719604,0.010304413735866547,0.07264707237482071,-0.4837106466293335,-9.291193962097168,0.46889808773994446,0.22110801935195923,0.5634217262268066
1781536315938207,1759250233,0.026566261425614357,-0.8075039386749268,-0.5891736745834351,0.010299411602318287,0.06877374649047852,-0.47546398639678955,-9.328022003173828,0.3944803476333618,0.16176339983940125,0.5727447867393494
1781536315938884,1759266900,0.026561478152871132,-0.8075032234191895,-0.5891748666763306,0.010302640497684479,0.050320811569690704,-0.48708659410476685,-9.305423736572266,0.4746480882167816,0.15414361655712128,0.6318332552909851
1781536315969725,1759283567,0.02655705064535141,-0.8075050711631775,-0.5891726016998291,0.01030726172029972,0.05648261681199074,-0.49558722972869873,-9.321577072143555,0.4827929437160492,0.14556336402893066,0.6066303849220276
1781536316000061,1759300234,0.02655107155442238,-0.8075034022331238,-0.5891749858856201,0.010312233120203018,0.07454926520586014,-0.48048853874206543,-9.286666870117188,0.47592875361442566,0.1362147331237793,0.5687363743782043
1781536316000496,1759316901,0.0265379399061203,-0.8075094223022461,-0.589167058467865,0.01032190304249525,0.0692925900220871,-0.47433382272720337,-9.304304122924805,0.45500320196151733,0.08169810473918915,0.6241622567176819
1781536316027300,1759333568,0.026543794199824333,-0.8075118064880371,-0.5891634821891785,0.010327267460525036,0.07966002076864243,-0.48435795307159424,-9.311192512512207,0.5429700613021851,0.18280424177646637,0.6080390810966492
1781536316028360,1759350235,0.02653738111257553,-0.8075065612792969,-0.5891709327697754,0.010329978540539742,0.06813067197799683,-0.4787754714488983,-9.305630683898926,0.4638267457485199,0.14820146560668945,0.5702219009399414
1781536316057069,1759366902,0.026531388983130455,-0.8075073957443237,-0.5891700387001038,0.010331523604691029,0.07004038244485855,-0.4782891273498535,-9.31583023071289,0.4618033468723297,0.15543705224990845,0.5900589227676392
1781536316057612,1759383569,0.026537083089351654,-0.8075132369995117,-0.5891616344451904,0.010339313186705112,0.0579240545630455,-0.48594406247138977,-9.323843002319336,0.5513709783554077,0.17040768265724182,0.6623507738113403
1781536316086364,1759400236,0.026532024145126343,-0.8075082898139954,-0.5891684293746948,0.010354475118219852,0.08076149225234985,-0.4870615601539612,-9.312897682189941,0.5222237706184387,0.08327329158782959,0.5515887141227722
1781536316087439,1759416903,0.0265377014875412,-0.8075056076049805,-0.5891715884208679,0.010373592376708984,0.06917285919189453,-0.48343634605407715,-9.305936813354492,0.5974354147911072,0.10636314749717712,0.596398115158081
1781536316116938,1759433570,0.026551075279712677,-0.807508647441864,-0.5891662240028381,0.010390562005341053,0.07344930619001389,-0.4737359285354614,-9.286831855773926,0.6316795945167542,0.14893142879009247,0.6210247278213501
1781536316147216,1759450237,0.0265496913343668,-0.8075124025344849,-0.5891610980033875,0.010395355522632599,0.0662456601858139,-0.4674639403820038,-9.30422592163086,0.500158429145813,0.15715312957763672,0.6296305656433105
1781536316147774,1759466904,0.026540912687778473,-0.8075149655342102,-0.5891580581665039,0.010397220961749554,0.05489478260278702,-0.4752851128578186,-9.286066055297852,0.44756269454956055,0.14202880859375,0.596257209777832
1781536316177295,1759483571,0.026539882645010948,-0.8075206279754639,-0.5891502499580383,0.0103995930403471,0.07673110067844391,-0.4648032486438751,-9.313434600830078,0.4922184944152832,0.17255917191505432,0.650505006313324
1781536316177823,1759500238,0.02653653733432293,-0.8075264096260071,-0.5891426205635071,0.010395724326372147,0.0749930664896965,-0.48174014687538147,-9.312361717224121,0.4541195333003998,0.19735224545001984,0.6405414938926697
1781536316207251,1759516905,0.0265330970287323,-0.8075239062309265,-0.5891460180282593,0.010403196327388287,0.06109950318932533,-0.4905698001384735,-9.280704498291016,0.5000303387641907,0.13212950527668,0.5636650919914246
1781536316207879,1759533572,0.02653062902390957,-0.8075281977653503,-0.5891404151916504,0.010401862673461437,0.07756435871124268,-0.49790817499160767,-9.308145523071289,0.469167023897171,0.18726085126399994,0.6426674723625183
1781536316237233,1759550239,0.026524538174271584,-0.8075284361839294,-0.5891405344009399,0.010392537340521812,0.07334085553884506,-0.4882095158100128,-9.294416427612305,0.4172116219997406,0.21442310512065887,0.5714513063430786
1781536316237823,1759566906,0.026515623554587364,-0.8075273633003235,-0.5891424417495728,0.010384363122284412,0.07485359162092209,-0.48128241300582886,-9.323705673217773,0.4060060679912567,0.1972113698720932,0.5771245360374451
1781536316267063,1759583573,0.026506442576646805,-0.8075201511383057,-0.5891526937484741,0.010384821332991123,0.06177511811256409,-0.48311346769332886,-9.297030448913574,0.44001975655555725,0.14602439105510712,0.5022842288017273
1781536316297013,1759600240,0.02649907022714615,-0.8075119853019714,-0.5891643762588501,0.010379788465797901,0.07781112194061279,-0.47987696528434753,-9.296010971069336,0.427815318107605,0.1839696168899536,0.4994540214538574
1781536316297520,1759616907,0.026498155668377876,-0.8075226545333862,-0.5891496539115906,0.010385113768279552,0.06202707812190056,-0.48584920167922974,-9.306905746459961,0.5042691826820374,0.15785746276378632,0.7092348337173462
1781536316327704,1759633574,0.026487279683351517,-0.8075203895568848,-0.5891532301902771,0.010386688634753227,0.059214841574430466,-0.4778170585632324,-9.312089920043945,0.43470513820648193,0.13447308540344238,0.5621411800384521
1781536316328075,1759650241,0.026478957384824753,-0.8075173497200012,-0.5891578197479248,0.010387178510427475,0.07716739922761917,-0.4851733148097992,-9.311653137207031,0.44410502910614014,0.1521458476781845,0.5781106352806091
1781536316357844,1759666908,0.026483068242669106,-0.8075180649757385,-0.5891566872596741,0.010383933782577515,0.0754043310880661,-0.4946681559085846,-9.305913925170898,0.4980069100856781,0.22329790890216827,0.6054137945175171
1781536316358264,1759683575,0.02647898718714714,-0.8075230717658997,-0.5891498923301697,0.010383585467934608,0.0821562111377716,-0.48489436507225037,-9.310093879699707,0.4643133878707886,0.1738526076078415,0.629144012928009
1781536316387156,1759700242,0.026481108739972115,-0.8075269460678101,-0.5891445875167847,0.010378050617873669,0.0677337646484375,-0.4828522205352783,-9.325322151184082,0.4775935709476471,0.2282155156135559,0.6290029883384705
1781536316417259,1759716909,0.026473041623830795,-0.807525634765625,-0.5891467332839966,0.010380744934082031,0.06391040235757828,-0.48094624280929565,-9.30913257598877,0.4543628692626953,0.14074817299842834,0.5925049185752869
1781536316417892,1759733576,0.026466473937034607,-0.8075249791145325,-0.5891480445861816,0.010373840108513832,0.07608023285865784,-0.47115814685821533,-9.299734115600586,0.4237300753593445,0.20031052827835083,0.5998302698135376
1781536316447266,1759750243,0.026468545198440552,-0.8075272440910339,-0.5891447067260742,0.010382236912846565,0.07017189264297485,-0.4873369634151459,-9.315322875976562,0.5338262319564819,0.15032732486724854,0.6180792450904846
1781536316447831,1759766910,0.026458723470568657,-0.8075259327888489,-0.5891466736793518,0.01039593480527401,0.06765826791524887,-0.483481764793396,-9.311084747314453,0.489413857460022,0.07177318632602692,0.5814274549484253
1781536316477086,1759783577,0.026452435180544853,-0.807524561882019,-0.589148759841919,0.010401572100818157,0.0650869756937027,-0.47279247641563416,-9.300931930541992,0.4760184586048126,0.13200144469738007,0.6009443998336792
1781536316477626,1759800244,0.026446251198649406,-0.8075224757194519,-0.589151918888092,0.010398322716355324,0.0697646513581276,-0.47402268648147583,-9.282089233398438,0.44094187021255493,0.18055032193660736,0.5744736194610596
1781536316507261,1759816911,0.02643030509352684,-0.8075267672538757,-0.5891464948654175,0.010415319353342056,0.07124877721071243,-0.4908415973186493,-9.31214714050293,0.46828338503837585,0.03010132722556591,0.6422961354255676
1781536316507925,1759833578,0.02643478289246559,-0.8075252771377563,-0.5891482830047607,0.010416315868496895,0.07073737680912018,-0.4869614243507385,-9.304862022399902,0.5174084901809692,0.1996573805809021,0.5687363743782043
1781536316537127,1759850245,0.02643316239118576,-0.8075237274169922,-0.5891507863998413,0.010400231927633286,0.05697285756468773,-0.49247586727142334,-9.323708534240723,0.41471439599990845,0.26814574003219604,0.5365284085273743
1781536316567914,1759866912,0.026440342888236046,-0.8075279593467712,-0.5891445875167847,0.010401744395494461,0.06741908937692642,-0.46920233964920044,-9.284305572509766,0.5339799523353577,0.20982563495635986,0.6426418423652649
1781536316568478,1759883579,0.026436377316713333,-0.8075295686721802,-0.5891424417495728,0.010402324609458447,0.05769495293498039,-0.4854057729244232,-9.289080619812012,0.46860355138778687,0.16848674416542053,0.6036977171897888
1781536316596227,1759900246,0.02644297480583191,-0.8075381517410278,-0.5891306400299072,0.010399666614830494,0.08356229960918427,-0.4882269501686096,-9.290725708007812,0.5137330889701843,0.2307768017053604,0.6721348762512207
1781536316597303,1759916913,0.026432080194354057,-0.8075388073921204,-0.5891303420066833,0.010392562486231327,0.06430736184120178,-0.4767656624317169,-9.312043190002441,0.3987961411476135,0.183354914188385,0.6029677391052246
1781536316629655,1759933580,0.026429226621985435,-0.8075346350669861,-0.5891361832618713,0.010397656820714474,0.0862545445561409,-0.49704989790916443,-9.323912620544434,0.49287158250808716,0.1483679711818695,0.5794296860694885
1781536316630143,1759950247,0.0264301560819149,-0.8075299859046936,-0.5891423225402832,0.010396471247076988,0.0837547779083252,-0.4785573184490204,-9.312007904052734,0.4889144003391266,0.19663511216640472,0.5423552989959717
1781536316658364,1759966914,0.026437614113092422,-0.807526171207428,-0.5891470909118652,0.010405493900179863,0.07675613462924957,-0.4872010350227356,-9.306989669799805,0.5665336847305298,0.16647614538669586,0.5506153702735901
1781536316658730,1759983581,0.02642003260552883,-0.8075338006019592,-0.5891374349594116,0.010401420295238495,0.06946457177400589,-0.48307397961616516,-9.332366943359375,0.3737853467464447,0.14004382491111755,0.6564471125602722
1781536316691474,1760000248,0.026408208534121513,-0.8075321316719055,-0.5891401767730713,0.010402294807136059,0.06040182337164879,-0.4857384264469147,-9.299591064453125,0.4262145161628723,0.13414010405540466,0.5723733901977539
1781536316719661,1760016915,0.02640746720135212,-0.8075311779975891,-0.589141845703125,0.010391906835138798,0.06930331885814667,-0.4929587244987488,-9.318276405334473,0.4421456456184387,0.24114997684955597,0.5669307112693787
1781536316721113,1760033582,0.026401353999972343,-0.807532548904419,-0.5891400575637817,0.010403034277260303,0.0682876780629158,-0.48160067200660706,-9.324173927307129,0.49899303913116455,0.10181689262390137,0.6205381155014038
1781536316749672,1760050249,0.02639569155871868,-0.8075330853462219,-0.5891392827033997,0.01041936594992876,0.07398100197315216,-0.4682864546775818,-9.30266284942627,0.5227872133255005,0.07401429861783981,0.6046966910362244
1781536316750184,1760066916,0.026395156979560852,-0.8075413703918457,-0.5891281962394714,0.010407612659037113,0.07099613547325134,-0.4944057762622833,-9.316629409790039,0.437010258436203,0.2525220215320587,0.6760664582252502
1781536316777009,1760083583,0.026387227699160576,-0.8075441718101501,-0.5891245603561401,0.010411393828690052,0.06862384080886841,-0.4860244393348694,-9.308313369750977,0.45926767587661743,0.13465234637260437,0.6148776412010193
1781536316808107,1760100250,0.026383521035313606,-0.8075406551361084,-0.589129626750946,0.010405766777694225,0.07754647731781006,-0.4903874099254608,-9.303596496582031,0.4445916712284088,0.20366577804088593,0.5751011967658997
1781536316839516,1760116917,0.026375509798526764,-0.8075429201126099,-0.5891267657279968,0.010408979840576649,0.0820024311542511,-0.47244203090667725,-9.31766128540039,0.45642468333244324,0.1376362442970276,0.6187835335731506
1781536316840183,1760133584,0.026376638561487198,-0.8075445890426636,-0.5891244411468506,0.010416561737656593,0.07526843249797821,-0.4849623143672943,-9.318552017211914,0.5248746275901794,0.1505962610244751,0.6197696328163147
1781536316840429,1760150251,0.026372745633125305,-0.8075407147407532,-0.5891298055648804,0.010418522171676159,0.07358404248952866,-0.4833744764328003,-9.29743766784668,0.47449442744255066,0.1600857675075531,0.5612190365791321
1781536316869727,1760166918,0.02637622319161892,-0.8075395822525024,-0.589131236076355,0.010420654900372028,0.07644858211278915,-0.4746556878089905,-9.305659294128418,0.5157821178436279,0.1904880404472351,0.6063870191574097
1781536316870310,1760183585,0.026370037347078323,-0.8075348734855652,-0.5891377925872803,0.010424060747027397,0.06739719957113266,-0.4825197756290436,-9.315290451049805,0.4679375886917114,0.14140130579471588,0.5332244038581848
1781536316900874,1760200252,0.026362426578998566,-0.8075336217880249,-0.5891402363777161,0.010417272336781025,0.0708121806383133,-0.4895399808883667,-9.305152893066406,0.41868436336517334,0.19206322729587555,0.5481182336807251
1781536316901433,1760216919,0.026356792077422142,-0.8075366616249084,-0.5891362428665161,0.01042405515909195,0.06269806623458862,-0.46913403272628784,-9.301332473754883,0.48453468084335327,0.12515006959438324,0.5865628123283386
1781536316929585,1760233586,0.02635519579052925,-0.807537853717804,-0.5891346335411072,0.010423606261610985,0.07933457940816879,-0.4803919196128845,-9.30051326751709,0.47765758633613586,0.18184375762939453,0.577572762966156
1781536316930260,1760250253,0.026346329599618912,-0.8075436949729919,-0.5891268253326416,0.01042780838906765,0.06929974257946014,-0.4808961749076843,-9.29631519317627,0.45546427369117737,0.12885108590126038,0.6494036316871643
1781536316989770,1760266920,0.02633230946958065,-0.8075435161590576,-0.5891275405883789,0.010433007031679153,0.07626262307167053,-0.4762149155139923,-9.295088768005371,0.4312985837459564,0.10063868761062622,0.5817475914955139
1781536316990269,1760283587,0.02632628008723259,-0.8075419068336487,-0.5891303420066833,0.010421346873044968,0.07188499718904495,-0.4644993841648102,-9.304919242858887,0.40656960010528564,0.22956021130084991,0.6228815913200378
1781536316990403,1760300254,0.026322878897190094,-0.8075388073921204,-0.5891345143318176,0.01043124683201313,0.06377770751714706,-0.47493112087249756,-9.303367614746094,0.5093660950660706,0.11768394708633423,0.5692742466926575
1781536317026857,1760316921,0.02632911130785942,-0.8075397610664368,-0.5891329646110535,0.010425874032080173,0.06240878999233246,-0.48935016989707947,-9.292556762695312,0.5009652376174927,0.24171346426010132,0.5938624143600464
1781536317056165,1760333588,0.026320233941078186,-0.807540237903595,-0.5891324877738953,0.010431679897010326,0.06340257823467255,-0.48874595761299133,-9.314425468444824,0.4622899293899536,0.11799129098653793,0.5849363207817078
1781536317056929,1760350255,0.026318974792957306,-0.8075383901596069,-0.5891351699829102,0.01043128315359354,0.07111287862062454,-0.4811071753501892,-9.300212860107422,0.47943776845932007,0.18336772918701172,0.5727192163467407
1781536317057401,1760366922,0.026323236525058746,-0.8075383305549622,-0.5891350507736206,0.010431429371237755,0.08041857182979584,-0.49386703968048096,-9.316238403320312,0.5124012231826782,0.20253880321979523,0.5806847214698792
1781536317094493,1760383589,0.026320772245526314,-0.8075484037399292,-0.5891212224960327,0.010437645949423313,0.0824291780591011,-0.47759902477264404,-9.318700790405273,0.49928751587867737,0.1425410807132721,0.6605451107025146
1781536317094998,1760400256,0.02630787156522274,-0.8073485493659973,-0.5893957018852234,0.010441632010042667,0.07677759230136871,-0.4779350757598877,-9.300896644592285,0.48436814546585083,0.17718225717544556,0.5967182517051697
1781536317115761,1760416923,0.026309246197342873,-0.8073523640632629,-0.5893901586532593,0.010443504899740219,0.08214147388935089,-0.48598161339759827,-9.322181701660156,0.5029117465019226,0.18257372081279755,0.6295024752616882
1781536317116306,1760433590,0.02631165087223053,-0.8073470592498779,-0.5893975496292114,0.010446099564433098,0.0779394879937172,-0.48107150197029114,-9.310405731201172,0.5116584897041321,0.18207426369190216,0.5644078254699707
1781536317145772,1760450257,0.026299702003598213,-0.8073490858078003,-0.5893953442573547,0.010444152168929577,0.06822330504655838,-0.4818402826786041,-9.299022674560547,0.41351062059402466,0.14913633465766907,0.6081671118736267
1781536317146223,1760466924,0.026301218196749687,-0.8073492646217346,-0.5893950462341309,0.010444424115121365,0.0669322982430458,-0.4863355755805969,-9.322918891906738,0.497110515832901,0.1922297179698944,0.6140708327293396
1781536317176903,1760483591,0.026295309886336327,-0.8073498606681824,-0.5893945097923279,0.010443180799484253,0.06866279989480972,-0.4783106744289398,-9.312143325805664,0.44949644804000854,0.17106081545352936,0.6243799328804016
1781536317177484,1760500258,0.026296688243746758,-0.8073457479476929,-0.589400053024292,0.010438835248351097,0.07331582903862,-0.48885682225227356,-9.31760025024414,0.478016197681427,0.2153835892677307,0.5545213222503662
1781536317205838,1760516925,0.026303522288799286,-0.8073427081108093,-0.5894040465354919,0.010430440306663513,0.07112360745668411,-0.48096054792404175,-9.305115699768066,0.4924105405807495,0.25825926661491394,0.5278969407081604
1781536317206164,1760533592,0.026310494169592857,-0.8073456287384033,-0.5893996357917786,0.010433257557451725,0.06635352969169617,-0.4936879873275757,-9.31592845916748,0.5379371047019958,0.1991451382637024,0.6127262115478516
1781536317235639,1760550259,0.026307618245482445,-0.8073459267616272,-0.5893992781639099,0.010432957671582699,0.08006412535905838,-0.46536827087402344,-9.300009727478027,0.47014033794403076,0.1779634654521942,0.6247513890266418
1781536317265917,1760566926,0.026300974190235138,-0.8073383569717407,-0.5894104242324829,0.010419361293315887,0.08130864799022675,-0.4800235629081726,-9.317550659179688,0.39510786533355713,0.2368854284286499,0.582234263420105
1781536317266437,1760583593,0.02629518136382103,-0.8073368072509766,-0.5894128680229187,0.010418339632451534,0.06761927902698517,-0.48202624917030334,-9.313119888305664,0.4513789117336273,0.16878128051757812,0.5882276296615601
1781536317298049,1760600260,0.02629215084016323,-0.8073399662971497,-0.5894086956977844,0.010420158505439758,0.07000067830085754,-0.48552021384239197,-9.300588607788086,0.47879743576049805,0.16207076609134674,0.5786485075950623
1781536317298376,1760616927,0.026295170187950134,-0.8073434233665466,-0.5894035696983337,0.010420400649309158,0.06436458230018616,-0.4867933392524719,-9.319974899291992,0.5059341192245483,0.19561059772968292,0.587177574634552
1781536317326301,1760633594,0.026289938017725945,-0.8073373436927795,-0.5894120335578918,0.010420877486467361,0.06899546086788177,-0.4850875735282898,-9.314815521240234,0.4612525999546051,0.15984244644641876,0.510326623916626
1781536317326828,1760650261,0.02627766877412796,-0.8073384165763855,-0.5894112586975098,0.01042338740080595,0.07765410095453262,-0.4886959195137024,-9.291586875915527,0.42963382601737976,0.12262719124555588,0.5994203686714172
1781536317355609,1760666928,0.026277992874383926,-0.8073410391807556,-0.589407742023468,0.01041826605796814,0.05570300295948982,-0.48916077613830566,-9.290092468261719,0.4685139060020447,0.21666422486305237,0.619539201259613
1781536317355996,1760683595,0.026285488158464432,-0.8073362112045288,-0.5894139409065247,0.010423798114061356,0.06203646957874298,-0.47910091280937195,-9.325310707092285,0.5519856810569763,0.1846611648797989,0.5449549555778503
1781536317386321,1760700262,0.026282409206032753,-0.807328999042511,-0.5894238948822021,0.010422873310744762,0.0717172622680664,-0.4774487018585205,-9.314496994018555,0.467207670211792,0.17706698179244995,0.5192270278930664
1781536317416752,1760716929,0.02628556825220585,-0.8073209524154663,-0.5894348621368408,0.01042264886200428,0.06285867094993591,-0.48838841915130615,-9.316571235656738,0.5049735307693481,0.1972113698720932,0.49276912212371826
1781536317417044,1760733596,0.026288680732250214,-0.8073223233222961,-0.5894327759742737,0.010428935289382935,0.0764700397849083,-0.48266997933387756,-9.293396949768066,0.5303941369056702,0.16394048929214478,0.6041715145111084
1781536317446055,1760750263,0.026292646303772926,-0.8073229789733887,-0.5894317030906677,0.01043202169239521,0.06550538539886475,-0.49338069558143616,-9.320837020874023,0.5220316052436829,0.1854807585477829,0.6070529818534851
1781536317447008,1760766930,0.026287956163287163,-0.8073220252990723,-0.5894330143928528,0.01042926125228405,0.06375986337661743,-0.4891144037246704,-9.296773910522461,0.45040568709373474,0.18194620311260223,0.5800700187683105
1781536317476318,1760783597,0.026299145072698593,-0.8073247671127319,-0.589428722858429,0.010430780239403248,0.07542131841182709,-0.4832143485546112,-9.313007354736328,0.5554305911064148,0.22462977468967438,0.6400677561759949
1781536317476908,1760800264,0.02629326470196247,-0.8073164224624634,-0.5894405841827393,0.010421856306493282,0.05954742804169655,-0.47683003544807434,-9.300810813903809,0.4192478358745575,0.20942865312099457,0.5022329688072205
1781536317507092,1760816931,0.02626856602728367,-0.8073210120201111,-0.5894355177879333,0.010422036051750183,0.058109793812036514,-0.48911070823669434,-9.30915355682373,0.350631445646286,0.08611629158258438,0.6458945870399475
1781536317507570,1760833598,0.02626425214111805,-0.8073190450668335,-0.5894383192062378,0.010429716669023037,0.07010439038276672,-0.47631147503852844,-9.31418228149414,0.4945363700389862,0.12631544470787048,0.5923768877983093
1781536317539588,1760850265,0.026256822049617767,-0.8073192238807678,-0.5894384980201721,0.0104210851714015,0.06565558910369873,-0.46280771493911743,-9.315351486206055,0.4114871919155121,0.20276932418346405,0.5753188729286194
1781536317566392,1760866932,0.026242736726999283,-0.8073192834854126,-0.5894388556480408,0.010430369526147842,0.08155182749032974,-0.48356401920318604,-9.323458671569824,0.4469864070415497,0.07672924548387527,0.5863963961601257
1781536317566894,1760883599,0.026242688298225403,-0.8073203563690186,-0.5894370675086975,0.010438176803290844,0.07001140713691711,-0.4857812821865082,-9.313048362731934,0.5187020301818848,0.14311736822128296,0.6155052781105042
1781536317596184,1760900266,0.026236390694975853,-0.8073219060897827,-0.5894351601600647,0.010450872592628002,0.0646757110953331,-0.48774102330207825,-9.302799224853516,0.5039490461349487,0.08995820581912994,0.6081799268722534
1781536317596504,1760916933,0.026237377896904945,-0.8073250651359558,-0.5894308090209961,0.010451140813529491,0.06908159703016281,-0.4924294352531433,-9.318498611450195,0.4937168061733246,0.18969406187534332,0.6336005926132202
1781536317628270,1760933600,0.026226161047816277,-0.807320237159729,-0.58943772315979,0.010457576252520084,0.06083162501454353,-0.4879520535469055,-9.286283493041992,0.45111003518104553,0.10501846671104431,0.5730393528938293
1781536317628820,1760950267,0.02623225376009941,-0.807316243648529,-0.5894427299499512,0.010463932529091835,0.07456034421920776,-0.47364363074302673,-9.303742408752441,0.547144889831543,0.17482587695121765,0.5626405477523804
1781536317655258,1760966934,0.026232857257127762,-0.807308554649353,-0.5894531011581421,0.010465754196047783,0.07875848561525345,-0.4775417745113373,-9.315351486206055,0.49876245856285095,0.17582476139068604,0.5072530508041382
1781536317655653,1760983601,0.0262215007096529,-0.8073142766952515,-0.5894461274147034,0.01046475488692522,0.0783761590719223,-0.483864426612854,-9.304197311401367,0.4195680022239685,0.1479453593492508,0.6750290989875793
1781536317685433,1761000268,0.02622014842927456,-0.8073158860206604,-0.589444100856781,0.010454795323312283,0.06694302707910538,-0.490126371383667,-9.292177200317383,0.4397764503955841,0.23438821732997894,0.5813122391700745
1781536317717287,1761016935,0.02621845155954361,-0.8073133230209351,-0.5894477963447571,0.010454014874994755,0.06523717194795609,-0.48783043026924133,-9.295475006103516,0.4743279814720154,0.18503253161907196,0.6110485792160034
1781536317717779,1761033602,0.02621469832956791,-0.8073111176490784,-0.5894509553909302,0.010454037226736546,0.05900384485721588,-0.48597437143325806,-9.302026748657227,0.46631115674972534,0.17121447622776031,0.5972432494163513
1781536317748336,1761050269,0.026217130944132805,-0.8073051571846008,-0.5894590020179749,0.010453841648995876,0.06780488789081573,-0.4758036434650421,-9.298567771911621,0.5005809664726257,0.19450925290584564,0.5243239998817444
1781536317748786,1761066936,0.02622193470597267,-0.8073027729988098,-0.5894620418548584,0.010453443974256516,0.07122016698122025,-0.4933556914329529,-9.310330390930176,0.5129263401031494,0.20542025566101074,0.5484511256217957
1781536317778178,1761083603,0.02621409483253956,-0.8073012232780457,-0.5894643068313599,0.010457449592649937,0.07863364368677139,-0.4814397394657135,-9.309786796569824,0.46004894375801086,0.13155324757099152,0.5842192769050598
1781536317778702,1761100270,0.026204394176602364,-0.8073008060455322,-0.5894654393196106,0.010448106564581394,0.07957061380147934,-0.4877016842365265,-9.307555198669434,0.39564576745033264,0.1975315362215042,0.5789558291435242
1781536317806182,1761116937,0.02619212120771408,-0.8072970509529114,-0.5894713401794434,0.010442914441227913,0.06334864348173141,-0.4823768138885498,-9.305935859680176,0.3981429636478424,0.16391487419605255,0.5566471815109253
1781536317806620,1761133604,0.026194604113698006,-0.8073028922080994,-0.5894632339477539,0.01044472772628069,0.07740343362092972,-0.4867933392524719,-9.298003196716309,0.5085465312004089,0.1852758526802063,0.6217290163040161
1781536317835951,1761150271,0.026190126314759254,-0.8073028326034546,-0.589463472366333,0.010449730791151524,0.07404179871082306,-0.48428285121917725,-9.307232856750488,0.48270323872566223,0.13924984633922577,0.5903534293174744
1781536317866170,1761166938,0.026183053851127625,-0.8073061108589172,-0.589459240436554,0.0104513643309474,0.06245092675089836,-0.4955694079399109,-9.294201850891113,0.45440128445625305,0.14829112589359283,0.6240085959434509
1781536317866720,1761183605,0.026177065446972847,-0.807305634021759,-0.5894602537155151,0.010447058826684952,0.07179202139377594,-0.48709744215011597,-9.2927827835083,0.4364212155342102,0.18504534661769867,0.5905584692955017
1781536317896169,1761200272,0.026168830692768097,-0.8073017001152039,-0.5894657969474792,0.010455326177179813,0.0746065080165863,-0.47652608156204224,-9.308417320251465,0.475467711687088,0.10422446578741074,0.5399220585823059
1781536317896818,1761216939,0.026164710521697998,-0.8073087334632874,-0.5894561409950256,0.010463152080774307,0.06418171525001526,-0.4857965409755707,-9.309868812561035,0.49549686908721924,0.12707100808620453,0.6716610193252563
1781536317925709,1761233606,0.026162011548876762,-0.8073071837425232,-0.5894582867622375,0.01046348549425602,0.07815121114253998,-0.4926297068595886,-9.288293838500977,0.4738157391548157,0.17141938209533691,0.5645358562469482
1781536317926102,1761250273,0.02616308256983757,-0.8073025941848755,-0.5894644856452942,0.010465050116181374,0.06670738756656647,-0.4800950586795807,-9.31948184967041,0.49898022413253784,0.18250970542430878,0.5961804389953613
1781536317956163,1761266940,0.026157252490520477,-0.8073024153709412,-0.5894650220870972,0.010473567992448807,0.07455319166183472,-0.4946252405643463,-9.300267219543457,0.4890040457248688,0.11549405753612518,0.6149160861968994
1781536317956814,1761283607,0.02615184895694256,-0.807307779788971,-0.5894577503204346,0.01048584096133709,0.07630911469459534,-0.48050278425216675,-9.29959487915039,0.5073683261871338,0.09353116899728775,0.5964236855506897
1781536317985704,1761300274,0.026144804432988167,-0.8073059916496277,-0.589460551738739,0.010484395548701286,0.06383530050516129,-0.4660334587097168,-9.317342758178711,0.4419150948524475,0.16546443104743958,0.596398115158081
1781536318014410,1761316941,0.026144763454794884,-0.8073124885559082,-0.5894516110420227,0.010484550148248672,0.08434382826089859,-0.48999151587486267,-9.297329902648926,0.48707035183906555,0.18592901527881622,0.6643998622894287
1781536318015350,1761333608,0.02614619955420494,-0.8073146939277649,-0.5894483923912048,0.010487595573067665,0.07264707237482071,-0.47837138175964355,-9.286559104919434,0.5073298811912537,0.1744672805070877,0.6154154539108276
1781536318045603,1761350275,0.026152577251195908,-0.80731201171875,-0.5894516110420227,0.010493576526641846,0.06605254858732224,-0.48685771226882935,-9.30765151977539,0.5471192598342896,0.17638824880123138,0.5550079345703125
1781536318045996,1761366942,0.02615400403738022,-0.8073141574859619,-0.5894485712051392,0.010497445240616798,0.07532922923564911,-0.4802345633506775,-9.296615600585938,0.5104930996894836,0.1699850708246231,0.6180408000946045
1781536318078208,1761383609,0.026143686845898628,-0.8073215484619141,-0.5894389152526855,0.01049936842173338,0.05803469195961952,-0.48035258054733276,-9.318648338317871,0.437304824590683,0.13375592231750488,0.6581887602806091
1781536318078994,1761400276,0.02613758109509945,-0.8073233962059021,-0.5894366502761841,0.010499878786504269,0.06703600287437439,-0.4870830178260803,-9.297698974609375,0.4553617835044861,0.1568073332309723,0.5924921035766602
1781536318105636,1761416943,0.02613607794046402,-0.8073205351829529,-0.5894405841827393,0.01050234492868185,0.06664583086967468,-0.47916895151138306,-9.29434871673584,0.4887094795703888,0.16522110998630524,0.5781106352806091
1781536318108534,1761433610,0.026133006438612938,-0.8073250651359558,-0.5894343852996826,0.010507311671972275,0.07439626753330231,-0.4783748686313629,-9.312175750732422,0.4896571636199951,0.14685679972171783,0.6566904187202454
1781536318137699,1761450277,0.026130760088562965,-0.8073263168334961,-0.5894328355789185,0.010510776191949844,0.08142982423305511,-0.48328155279159546,-9.29541015625,0.48835083842277527,0.15778063237667084,0.623176097869873
1781536318168256,1761466944,0.026135146617889404,-0.8073210120201111,-0.5894398093223572,0.01051645539700985,0.08018214255571365,-0.4793512523174286,-9.305401802062988,0.5348507761955261,0.16939598321914673,0.5337750315666199
1781536318168491,1761483611,0.02612241916358471,-0.8073254823684692,-0.589434027671814,0.010524829849600792,0.05890728533267975,-0.4758894741535187,-9.29135799407959,0.44994473457336426,0.08803725242614746,0.6449726223945618
1781536318195998,1761500278,0.026122236624360085,-0.8073244094848633,-0.5894354581832886,0.01053155679255724,0.06300519406795502,-0.47247424721717834,-9.315876960754395,0.5128110647201538,0.14839357137680054,0.6185787320137024
1781536318196315,1761516945,0.026121381670236588,-0.807321310043335,-0.5894396305084229,0.010535597801208496,0.06234366074204445,-0.48359987139701843,-9.297406196594238,0.49887770414352417,0.1579471081495285,0.5582223534584045
1781536318228026,1761533612,0.02612406201660633,-0.8073192834854126,-0.589442253112793,0.010532648302614689,0.06755813211202621,-0.48539862036705017,-9.306903839111328,0.4900285601615906,0.21124716103076935,0.5661623477935791
1781536318228375,1761550279,0.026116177439689636,-0.807319700717926,-0.5894418954849243,0.010534760542213917,0.07167399674654007,-0.47432318329811096,-9.292950630187988,0.45169907808303833,0.14126043021678925,0.5986007452011108
1781536318258068,1761566946,0.026106661185622215,-0.8073167204856873,-0.5894463658332825,0.010546606965363026,0.07184277474880219,-0.49009424448013306,-9.288275718688965,0.48234477639198303,0.07926490902900696,0.5573131442070007
1781536318258451,1761583613,0.026100212708115578,-0.8073110580444336,-0.5894542932510376,0.010550293140113354,0.07710302621126175,-0.484014630317688,-9.297087669372559,0.46651607751846313,0.13634279370307922,0.526923656463623
1781536318287845,1761600280,0.026098070666193962,-0.8073102235794067,-0.5894553065299988,0.010563518851995468,0.06804807484149933,-0.48303472995758057,-9.29141902923584,0.5279737114906311,0.10515933483839035,0.639017641544342
1781536318314628,1761616947,0.026087550446391106,-0.8073095679283142,-0.5894566774368286,0.010561446659266949,0.07049745321273804,-0.4917929768562317,-9.308149337768555,0.4200930893421173,0.1532599925994873,0.5843088626861572
1781536318315600,1761633614,0.02608644776046276,-0.8073113560676575,-0.5894542336463928,0.010561902076005936,0.06531942635774612,-0.4675390422344208,-9.305309295654297,0.482498437166214,0.17801468074321747,0.612047553062439
1781536318348595,1761650281,0.0260836910456419,-0.8073103427886963,-0.5894556045532227,0.010569046251475811,0.07287915050983429,-0.47716623544692993,-9.304730415344238,0.5007474422454834,0.13300034403800964,0.5756005644798279
1781536318349724,1761666948,0.02607794664800167,-0.807309627532959,-0.5894567966461182,0.010565272532403469,0.07380576431751251,-0.47448402643203735,-9.303306579589844,0.4397764503955841,0.18174131214618683,0.5778928995132446
1781536318375762,1761683615,0.02607220783829689,-0.8073116540908813,-0.589454710483551,0.010556151159107685,0.06691441684961319,-0.4761183559894562,-9.326434135437012,0.4178263545036316,0.2126174420118332,0.6180024743080139
1781536318376241,1761700282,0.026061974465847015,-0.8073089122772217,-0.5894585847854614,0.010563423857092857,0.0741848424077034,-0.48485860228538513,-9.287811279296875,0.459856778383255,0.10120216757059097,0.5504104495048523
1781536318405626,1761716949,0.02606658637523651,-0.8073123097419739,-0.589453935623169,0.010558564215898514,0.06906729191541672,-0.484529584646225,-9.330814361572266,0.4929996430873871,0.22929126024246216,0.5973841547966003
1781536318406074,1761733616,0.026062244549393654,-0.80730801820755,-0.5894598960876465,0.010557768866419792,0.07142434269189835,-0.479873389005661,-9.313055038452148,0.4598439335823059,0.1697673499584198,0.541253924369812
1781536318436004,1761750283,0.02605733461678028,-0.8073050379753113,-0.5894642472267151,0.010555907152593136,0.07009042054414749,-0.48698288202285767,-9.29835033416748,0.45227545499801636,0.17377576231956482,0.5556867122650146
1781536318466104,1761766950,0.02606535330414772,-0.8073093295097351,-0.589458167552948,0.010548566468060017,0.0668010488152504,-0.4704451858997345,-9.30173110961914,0.5015286207199097,0.2580031454563141,0.6248409748077393
1781536318466607,1761783617,0.026058392599225044,-0.8073112964630127,-0.5894559621810913,0.010542408563196659,0.0646510198712349,-0.4928298592567444,-9.310462951660156,0.42308974266052246,0.19083382189273834,0.6115352511405945
1781536318496015,1761800284,0.02605116181075573,-0.8073080778121948,-0.5894606709480286,0.010538753122091293,0.06848079711198807,-0.47548893094062805,-9.283254623413086,0.43193894624710083,0.17468500137329102,0.5642925500869751
1781536318496847,1761816951,0.026046069338917732,-0.8073094487190247,-0.5894593000411987,0.010526178404688835,0.08035380393266678,-0.4738939702510834,-9.31796932220459,0.4075813293457031,0.2331331968307495,0.5915317535400391
1781536318526063,1761833618,0.026039164513349533,-0.8073074817657471,-0.5894622206687927,0.010525823570787907,0.06724309176206589,-0.4767228364944458,-9.299748420715332,0.4472425878047943,0.1575373113155365,0.5676863193511963
1781536318526347,1761850285,0.02602960728108883,-0.8073113560676575,-0.5894572138786316,0.010529877617955208,0.06401451677083969,-0.4864821135997772,-9.294676780700684,0.44939401745796204,0.1261105239391327,0.6720836162567139
1781536318557833,1761866952,0.026045000180602074,-0.8073146343231201,-0.5894520282745361,0.010534950532019138,0.0788155272603035,-0.4843122661113739,-9.283291816711426,0.5930043458938599,0.21793204545974731,0.6042739748954773
1781536318558125,1761883619,0.0260485652834177,-0.8073136210441589,-0.5894532799720764,0.010536862537264824,0.07908067107200623,-0.48492297530174255,-9.295013427734375,0.5144118666648865,0.1876194328069687,0.5777777433395386
1781536318587652,1761900286,0.02605738304555416,-0.8073149919509888,-0.5894508957862854,0.010543569922447205,0.06957895308732986,-0.47226157784461975,-9.295563697814941,0.5628326535224915,0.18309877812862396,0.609729528427124
1781536318615990,1761916953,0.02606281079351902,-0.8073145151138306,-0.589451253414154,0.010544097982347012,0.07644858211278915,-0.49191445112228394,-9.303606986999512,0.5190733075141907,0.20310229063034058,0.5886246562004089
1781536318616436,1761933620,0.026060890406370163,-0.807310938835144,-0.5894561409950256,0.010547434911131859,0.06705030798912048,-0.4844401776790619,-9.346324920654297,0.48983651399612427,0.15666647255420685,0.5534840822219849
1781536318645605,1761950287,0.026052411645650864,-0.8073109984397888,-0.5894566178321838,0.010549560189247131,0.06242627277970314,-0.48114293813705444,-9.291533470153809,0.4480621814727783,0.13851989805698395,0.6044661402702332
1781536318645868,1761966954,0.026054762303829193,-0.8073145151138306,-0.589451789855957,0.010541982017457485,0.05931854993104935,-0.48290959000587463,-9.30148983001709,0.469346284866333,0.23461870849132538,0.5937343835830688
1781536318676126,1761983621,0.026062756776809692,-0.8073093295097351,-0.5894585251808167,0.01054612547159195,0.06806199252605438,-0.49762219190597534,-9.291023254394531,0.5483742952346802,0.1917046457529068,0.5317131876945496
1781536318676501,1762000288,0.0260700061917305,-0.8073110580444336,-0.5894554853439331,0.01055221352726221,0.07574407011270523,-0.4968639314174652,-9.291719436645508,0.5519856214523315,0.17857815325260162,0.5851413607597351
1781536318706259,1762016955,0.02607681229710579,-0.8073067665100098,-0.5894609093666077,0.010566730052232742,0.07578698545694351,-0.5049569010734558,-9.316226959228516,0.5836173892021179,0.1297987550497055,0.5509099364280701
1781536318706937,1762033622,0.02606620453298092,-0.8073097467422485,-0.5894571542739868,0.01057322695851326,0.06294124573469162,-0.4854629933834076,-9.295313835144043,0.45378658175468445,0.10611981153488159,0.6331523060798645
1781536318735303,1762050289,0.0260554738342762,-0.8073088526725769,-0.5894588232040405,0.010576584376394749,0.05375722795724869,-0.48108577728271484,-9.294076919555664,0.4410570561885834,0.12014276534318924,0.5593366026878357
1781536318766017,1762066956,0.026042556390166283,-0.8073152899742126,-0.5894505977630615,0.010571889579296112,0.05933285504579544,-0.47989127039909363,-9.311184883117676,0.39536401629447937,0.15962474048137665,0.6648223996162415
1781536318766542,1762083623,0.02604229748249054,-0.8073188066482544,-0.589445948600769,0.010571063496172428,0.06240839511156082,-0.4750061631202698,-9.336726188659668,0.4816659986972809,0.18797799944877625,0.6202178597450256
1781536318795974,1762100290,0.026037411764264107,-0.8073175549507141,-0.5894479751586914,0.010565859265625477,0.07699216902256012,-0.47856447100639343,-9.283207893371582,0.43816283345222473,0.19352313876152039,0.5945795774459839
1781536318796472,1762116957,0.026035385206341743,-0.8073224425315857,-0.5894412994384766,0.010571478866040707,0.08845748752355576,-0.47970888018608093,-9.308234214782715,0.4978276193141937,0.1457938849925995,0.6447165012359619
1781536318825075,1762133624,0.026025082916021347,-0.8073284029960632,-0.5894337892532349,0.010567348450422287,0.06881695985794067,-0.49313753843307495,-9.29906177520752,0.41228121519088745,0.16633526980876923,0.650761067867279
1781536318826002,1762150291,0.02601741999387741,-0.8073247075080872,-0.589438796043396,0.010571304708719254,0.07212529331445694,-0.4818546175956726,-9.312067985534668,0.460151344537735,0.13036222755908966,0.5642797946929932
1781536318855927,1762166958,0.026026591658592224,-0.8073230981826782,-0.5894405841827393,0.010576779022812843,0.05530962347984314,-0.4785465896129608,-9.324989318847656,0.5598103404045105,0.1901678740978241,0.578072190284729
1781536318886513,1762183625,0.026018638163805008,-0.8073245286941528,-0.5894390344619751,0.010573362931609154,0.06653891503810883,-0.4784822165966034,-9.295389175415039,0.42830196022987366,0.17124010622501373,0.6151081919670105
1781536318917116,1762200292,0.026008253917098045,-0.8073211312294006,-0.5894442796707153,0.010562621988356113,0.05742645263671875,-0.48889267444610596,-9.27459716796875,0.3853878378868103,0.20091240108013153,0.5650097727775574
1781536318917622,1762216959,0.02600095607340336,-0.8073209524154663,-0.5894447565078735,0.01057238969951868,0.06058095023036003,-0.47908303141593933,-9.304483413696289,0.48562321066856384,0.09946051239967346,0.5864091515541077
1781536318917823,1762233626,0.02599666267633438,-0.8073204755783081,-0.5894453525543213,0.010579021647572517,0.07663454860448837,-0.48778393864631653,-9.299476623535156,0.4897339642047882,0.12874862551689148,0.5783795714378357
1781536318948332,1762250293,0.025991741567850113,-0.8073229789733887,-0.5894421339035034,0.01058105193078518,0.07106677442789078,-0.4923507571220398,-9.302072525024414,0.46734848618507385,0.15265808999538422,0.6114839911460876
1781536318949371,1762266960,0.025979550555348396,-0.8073259592056274,-0.5894386172294617,0.010588668286800385,0.07060112804174423,-0.4817473292350769,-9.297696113586426,0.4495604336261749,0.09232737123966217,0.6185787320137024
1781536318978205,1762283627,0.025961890816688538,-0.8073216080665588,-0.5894453525543213,0.010589989833533764,0.06349198520183563,-0.481976181268692,-9.3218994140625,0.3942755162715912,0.10259806364774704,0.52837073802948
1781536318978694,1762300294,0.025959650054574013,-0.8073257207870483,-0.5894396901130676,0.010591823607683182,0.0678907185792923,-0.49295514822006226,-9.308574676513672,0.4811537563800812,0.16563092172145844,0.6415532231330872
1781536319007723,1762316961,0.025966566056013107,-0.8073318600654602,-0.5894313454627991,0.010576840490102768,0.0501062385737896,-0.4908559024333954,-9.317997932434082,0.46409568190574646,0.2947317063808441,0.6273893713951111
1781536319007952,1762333628,0.02595461905002594,-0.8073348999023438,-0.589428186416626,0.010557323694229126,0.07275793701410294,-0.4842005968093872,-9.29587173461914,0.34079617261886597,0.24385210871696472,0.6145830750465393
1781536319038110,1762350295,0.02594802714884281,-0.8073420524597168,-0.5894185304641724,0.010555954650044441,0.07744276523590088,-0.4786932170391083,-9.289820671081543,0.44379767775535583,0.1661047786474228,0.6611855030059814
1781536319068212,1762366962,0.025938047096133232,-0.8073390126228333,-0.5894233584403992,0.010545647703111172,0.06786210834980011,-0.4896972179412842,-9.313105583190918,0.38901206851005554,0.2007971554994583,0.5825543999671936
1781536319068790,1762383629,0.02593350037932396,-0.8073365688323975,-0.5894266963005066,0.01055300235748291,0.07450634241104126,-0.4662016034126282,-9.303500175476074,0.4911939203739166,0.12345960736274719,0.5654707551002502
1781536319095968,1762400296,0.02597619593143463,-0.8073431253433228,-0.5894149541854858,0.01060178130865097,0.05994519963860512,-0.4866926372051239,-9.307781219482422,0.5555586218833923,0.20658563077449799,0.6240854263305664
1781536319096726,1762416963,0.025985389947891235,-0.8073419332504272,-0.5894160270690918,0.010609233751893044,0.06623092293739319,-0.48175814747810364,-9.310158729553223,0.5673276782035828,0.17919285595417023,0.5848979949951172
1781536319128161,1762433630,0.02598796971142292,-0.8073405027389526,-0.5894178748130798,0.010609525255858898,0.07054106891155243,-0.47586798667907715,-9.287027359008789,0.501707911491394,0.19165341556072235,0.5704780220985413
1781536319128750,1762450297,0.025986650958657265,-0.8073387145996094,-0.5894203782081604,0.010609393008053303,0.07035472244024277,-0.484837144613266,-9.290875434875488,0.47777286171913147,0.18014051020145416,0.6046198010444641
1781536319157011,1762466964,0.025984348729252815,-0.8073429465293884,-0.589414656162262,0.01060845423489809,0.07599440217018127,-0.4822300970554352,-9.306102752685547,0.4687187969684601,0.1819078028202057,0.6641693115234375
1781536319157554,1762483631,0.02598557248711586,-0.8073445558547974,-0.5894125699996948,0.010601834394037724,0.06229037791490555,-0.4931125044822693,-9.303213119506836,0.4654020071029663,0.22726787626743317,0.6388127207756042
1781536319187734,1762500298,0.02598310075700283,-0.8073408603668213,-0.5894177556037903,0.010600989684462547,0.0625511035323143,-0.4904482960700989,-9.311993598937988,0.46900054812431335,0.17723348736763,0.5548158288002014
1781536319216968,1762516965,0.025980781763792038,-0.8073416948318481,-0.5894166827201843,0.010603697970509529,0.062090493738651276,-0.47635796666145325,-9.294273376464844,0.48386868834495544,0.1594710648059845,0.6071938276290894
1781536319217310,1762533632,0.025981996208429337,-0.8073432445526123,-0.589414656162262,0.01059606485068798,0.07012227177619934,-0.4862425923347473,-9.287725448608398,0.46143195033073425,0.23177571594715118,0.6193726658821106
1781536319247937,1762550299,0.02598036266863346,-0.8073456883430481,-0.5894115567207336,0.010594083927571774,0.07014691829681396,-0.48355695605278015,-9.301168441772461,0.4686931371688843,0.18796519935131073,0.6094093322753906
1781536319249126,1762566966,0.025972601026296616,-0.8073432445526123,-0.5894152522087097,0.010595174506306648,0.08769575506448746,-0.47521358728408813,-9.316412925720215,0.4473962187767029,0.1448846310377121,0.5617697238922119
1781536319278163,1762583633,0.025972943753004074,-0.8073431253433228,-0.5894152522087097,0.010594883933663368,0.06882373988628387,-0.48409342765808105,-9.296716690063477,0.48669883608818054,0.18606984615325928,0.5838990807533264
1781536319278549,1762600300,0.02597001940011978,-0.8073431253433228,-0.5894152522087097,0.01060329657047987,0.0670216977596283,-0.4869399666786194,-9.306049346923828,0.5037441849708557,0.1245993822813034,0.591198742389679
1781536319308559,1762616967,0.02596261166036129,-0.8073444366455078,-0.5894137620925903,0.010604675859212875,0.07207095623016357,-0.49516531825065613,-9.315040588378906,0.4504569172859192,0.14480780065059662,0.5839887857437134
1781536319309938,1762633634,0.025963658466935158,-0.807340145111084,-0.589419424533844,0.010608363896608353,0.06371728330850601,-0.48693639039993286,-9.307344436645508,0.5061901211738586,0.1684611290693283,0.5934270024299622
1781536319337381,1762650301,0.025956694036722183,-0.8073407411575317,-0.5894190669059753,0.010606005787849426,0.07517903298139572,-0.48234453797340393,-9.324960708618164,0.43745848536491394,0.1684611290693283,0.6049399375915527
1781536319368048,1762666968,0.025951435789465904,-0.8073437213897705,-0.5894149541854858,0.010613230988383293,0.06688263267278671,-0.47868600487709045,-9.314668655395508,0.48559752106666565,0.12311384081840515,0.6287469267845154
1781536319368434,1762683635,0.025954220443964005,-0.807341992855072,-0.5894172191619873,0.010615727864205837,0.07425279170274734,-0.473761647939682,-9.31750774383545,0.5114151239395142,0.18056312203407288,0.5835661292076111
1781536319398192,1762700302,0.025952255353331566,-0.8073399066925049,-0.5894199013710022,0.010631702840328217,0.07798277586698532,-0.48448309302330017,-9.33700180053711,0.5398581027984619,0.0855272114276886,0.5659317970275879
1781536319398591,1762716969,0.025946801528334618,-0.8073438405990601,-0.589414656162262,0.010640411637723446,0.0738200694322586,-0.4822050631046295,-9.286458969116211,0.4905664026737213,0.1137780100107193,0.6346890926361084
1781536319426826,1762733636,0.025932125747203827,-0.8073444366455078,-0.5894142985343933,0.010636778548359871,0.06512273848056793,-0.4840611219406128,-9.292939186096191,0.38972920179367065,0.14277157187461853,0.5766763091087341
1781536319427413,1762750303,0.02592470496892929,-0.8073490262031555,-0.5894085764884949,0.010633806698024273,0.07991787791252136,-0.49299079179763794,-9.285679817199707,0.43225914239883423,0.17024120688438416,0.6328834295272827
1781536319457029,1762766970,0.025917094200849533,-0.8073521256446838,-0.589404821395874,0.010631358250975609,0.09238024055957794,-0.480899840593338,-9.311572074890137,0.43351414799690247,0.1657077670097351,0.6093708872795105
1781536319457415,1762783637,0.02591107040643692,-0.8073566555976868,-0.5893986225128174,0.0106343450024724,0.06924967467784882,-0.4788613021373749,-9.299219131469727,0.46407005190849304,0.14324542880058289,0.6430003643035889
1781536319487876,1762800304,0.02589992992579937,-0.8073522448539734,-0.5894052982330322,0.01063117478042841,0.06111738085746765,-0.477294921875,-9.303231239318848,0.41134634613990784,0.1537722498178482,0.5362850427627563
1781536319518599,1762816971,0.02588953636586666,-0.8073529601097107,-0.5894049406051636,0.010624570772051811,0.060999684035778046,-0.49552997946739197,-9.291909217834473,0.40105006098747253,0.17786100506782532,0.6016359329223633
1781536319519286,1762833638,0.02587740495800972,-0.8073554635047913,-0.5894021391868591,0.010616987943649292,0.05548875778913498,-0.48509451746940613,-9.288122177124023,0.3871679902076721,0.17716947197914124,0.6287341713905334
1781536319545499,1762850305,0.02586125023663044,-0.8073513507843018,-0.5894083976745605,0.010621342808008194,0.06732241064310074,-0.49042683839797974,-9.33812427520752,0.41361311078071594,0.09310857206583023,0.5686467885971069
1781536319547912,1762866972,0.025835637003183365,-0.8073495626449585,-0.5894122123718262,0.010612809099256992,0.07658805698156357,-0.47856447100639343,-9.29606819152832,0.3090236186981201,0.1250988245010376,0.5539834499359131
1781536319578417,1762883639,0.02582949586212635,-0.8073588609695435,-0.5893996357917786,0.010623525828123093,0.07614818215370178,-0.48426496982574463,-9.263435363769531,0.4957786202430725,0.09559299051761627,0.5940673351287842
1781536319578969,1762900306,0.025833221152424812,-0.8073588609695435,-0.5893992185592651,0.010624343529343605,0.06998955458402634,-0.48339247703552246,-9.309293746948242,0.5096095204353333,0.19362561404705048,0.598139762878418
1781536319608567,1762916973,0.025832857936620712,-0.8073602914810181,-0.589397132396698,0.010638153180480003,0.060091011226177216,-0.4924115538597107,-9.34172534942627,0.539614737033844,0.10454463958740234,0.6003296375274658
1781536319609037,1762933640,0.02583460882306099,-0.8073627352714539,-0.5893938541412354,0.010632995516061783,0.06357742100954056,-0.48240187764167786,-9.298195838928223,0.4742511510848999,0.21900777518749237,0.6153002381324768
1781536319637495,1762950307,0.025833943858742714,-0.807361364364624,-0.5893957018852234,0.010644424706697464,0.06741150468587875,-0.4711688756942749,-9.280669212341309,0.5284731984138489,0.11573738604784012,0.5685954689979553
1781536319668481,1762966974,0.02583080716431141,-0.8073704242706299,-0.5893833041191101,0.010642381384968758,0.06498683989048004,-0.4824911653995514,-9.296493530273438,0.4602794051170349,0.1800764799118042,0.6223693490028381
1781536319669194,1762983641,0.025829670950770378,-0.8073704242706299,-0.5893832445144653,0.010649334639310837,0.06936015188694,-0.5042882561683655,-9.302437782287598,0.5074963569641113,0.1394675374031067,0.5933758020401001
1781536319698510,1763000308,0.025830021128058434,-0.8073654770851135,-0.589389979839325,0.010648285038769245,0.07210744172334671,-0.48860645294189453,-9.28087329864502,0.4830362796783447,0.1907953917980194,0.5781362652778625
1781536319699012,1763016975,0.025839656591415405,-0.8073605298995972,-0.5893965363502502,0.010640583001077175,0.07529346644878387,-0.48677903413772583,-9.29475212097168,0.5080471634864807,0.2637019753456116,0.5473498106002808
1781536319727259,1763033642,0.025842616334557533,-0.8073610663414001,-0.5893957018852234,0.01064123772084713,0.07631310075521469,-0.49131712317466736,-9.30848503112793,0.504384458065033,0.19193516671657562,0.609434962272644
1781536319727599,1763050309,0.025833819061517715,-0.8073664903640747,-0.5893885493278503,0.010641448199748993,0.06773693859577179,-0.47798871994018555,-9.3079195022583,0.4372280240058899,0.1469336599111557,0.6423601508140564
1781536319754999,1763066976,0.025821730494499207,-0.8073667883872986,-0.5893886685371399,0.010643059387803078,0.06305600702762604,-0.464799702167511,-9.295575141906738,0.42503634095191956,0.12408711761236191,0.5837838649749756
1781536319756164,1763083643,0.025823300704360008,-0.8073657155036926,-0.589390218257904,0.010635314509272575,0.05576379969716072,-0.476697713136673,-9.294387817382812,0.4628022611141205,0.23195499181747437,0.584155261516571
1781536319788135,1763100310,0.025820292532444,-0.8073738813400269,-0.5893790125846863,0.010634594596922398,0.06493319571018219,-0.47811388969421387,-9.31326675415039,0.46550440788269043,0.1760040670633316,0.6716353893280029
1781536319818517,1763116977,0.025810569524765015,-0.807376503944397,-0.5893758535385132,0.010635435581207275,0.06837743520736694,-0.48571333289146423,-9.294169425964355,0.43484601378440857,0.1387760043144226,0.612662136554718
1781536319819108,1763133644,0.025805288925766945,-0.8073725700378418,-0.5893812775611877,0.010649568401277065,0.07063009589910507,-0.4767656624317169,-9.332763671875,0.5137843489646912,0.08137794584035873,0.5464789867401123
1781536319848225,1763150311,0.02581075020134449,-0.8073736429214478,-0.5893796682357788,0.01064553577452898,0.07257913053035736,-0.4830669164657593,-9.325089454650879,0.49959489703178406,0.22635866701602936,0.5864092111587524
1781536319848632,1763166978,0.02580207958817482,-0.8073698282241821,-0.5893852710723877,0.010649983771145344,0.06616698950529099,-0.48563823103904724,-9.308527946472168,0.45551541447639465,0.12160267680883408,0.5499109625816345
1781536319878185,1763183645,0.02580087073147297,-0.8073748350143433,-0.5893784761428833,0.010654107667505741,0.07571545988321304,-0.4959663152694702,-9.30580997467041,0.4949718713760376,0.15656404197216034,0.6557555794715881
1781536319878503,1763200312,0.025793245062232018,-0.807378351688385,-0.589373767375946,0.010661600157618523,0.067053884267807,-0.48636776208877563,-9.333000183105469,0.47275277972221375,0.11279191821813583,0.666666567325592
1781536319908101,1763216979,0.025795074179768562,-0.8073814511299133,-0.5893694162368774,0.010668442584574223,0.08024651557207108,-0.4775059223175049,-9.309825897216797,0.5231970548629761,0.15253004431724548,0.6228688359260559
1781536319908635,1763233646,0.0257944967597723,-0.8073826432228088,-0.5893675088882446,0.010673773474991322,0.0832219198346138,-0.491099089384079,-9.301865577697754,0.5042051672935486,0.1488802134990692,0.5701578855514526
1781536319938323,1763250313,0.025794772431254387,-0.8073898553848267,-0.5893575549125671,0.010680348612368107,0.0763624832034111,-0.485622763633728,-9.300821304321289,0.5134258270263672,0.1478429138660431,0.6496981382369995
1781536319965608,1763266980,0.025792211294174194,-0.8073903918266296,-0.5893571972846985,0.010675198398530483,0.07993181049823761,-0.4858027398586273,-9.319016456604004,0.45062339305877686,0.19896583259105682,0.5657268762588501
1781536319966214,1763283647,0.025781825184822083,-0.8073972463607788,-0.589347779750824,0.010683391243219376,0.06819469481706619,-0.4751814007759094,-9.316226959228516,0.4607917368412018,0.0952216163277626,0.6443579196929932
1781536319998202,1763300314,0.025787102058529854,-0.8073939681053162,-0.5893521904945374,0.010686445981264114,0.06506551802158356,-0.47656896710395813,-9.304655075073242,0.5269492864608765,0.1869150698184967,0.5765866637229919
1781536319998751,1763316981,0.02579702064394951,-0.8073936700820923,-0.5893519520759583,0.010692705400288105,0.07811171561479568,-0.49023330211639404,-9.290679931640625,0.5654963254928589,0.18879759311676025,0.6166961193084717
1781536320028384,1763333648,0.025806477293372154,-0.807399570941925,-0.5893431901931763,0.010709933936595917,0.07238317281007767,-0.4855453372001648,-9.276700973510742,0.6075267791748047,0.1256110817193985,0.6442169547080994
1781536320028956,1763350315,0.025807209312915802,-0.8073990345001221,-0.5893439054489136,0.010715043172240257,0.06550896167755127,-0.4917571246623993,-9.307433128356934,0.5104547142982483,0.15537302196025848,0.5675454139709473
1781536320055503,1763366982,0.02580910176038742,-0.8073970675468445,-0.5893463492393494,0.010716047137975693,0.07031181454658508,-0.48484787344932556,-9.305527687072754,0.5001968145370483,0.18308596312999725,0.5589138269424438
1781536320055870,1763383649,0.025795377790927887,-0.8073940277099609,-0.5893510580062866,0.010724816471338272,0.06842390447854996,-0.49911701679229736,-9.298614501953125,0.4446556568145752,0.07720308005809784,0.5677375197410583
1781536320088233,1763400316,0.02579319104552269,-0.8073953986167908,-0.5893494486808777,0.010714040137827396,0.07900949567556381,-0.49078065156936646,-9.306500434875488,0.429390549659729,0.23280024528503418,0.5993949174880981
1781536320118080,1763416983,0.0257926844060421,-0.8073843717575073,-0.5893645286560059,0.01071418821811676,0.07686342298984528,-0.49112412333488464,-9.316238403320312,0.48365098237991333,0.17684927582740784,0.48796671628952026
1781536320148281,1763433650,0.025785569101572037,-0.8073863983154297,-0.5893619060516357,0.01072266697883606,0.07109857350587845,-0.4771876335144043,-9.291504859924316,0.479770690202713,0.10727238655090332,0.6248537302017212
1781536320178168,1763450317,0.025789976119995117,-0.8073785901069641,-0.5893725156784058,0.010718779638409615,0.08114057034254074,-0.4856346547603607,-9.319416999816895,0.494421124458313,0.21949443221092224,0.5082904100418091
1781536320178726,1763466984,0.02577560767531395,-0.8073817491531372,-0.5893687605857849,0.010723624378442764,0.06607400625944138,-0.48995113372802734,-9.307812690734863,0.425228476524353,0.09588754922151566,0.5934398770332336
1781536320178939,1763483651,0.025767840445041656,-0.8073787689208984,-0.5893732905387878,0.01071735005825758,0.06812351197004318,-0.4722416400909424,-9.278909683227539,0.41614869236946106,0.18729925155639648,0.6095374226570129
1781536320208020,1763500318,0.025764262303709984,-0.8073790669441223,-0.589372992515564,0.010724303312599659,0.08184508234262466,-0.4842935800552368,-9.310208320617676,0.49387043714523315,0.12768571078777313,0.5708494186401367
1781536320208307,1763516985,0.025772282853722572,-0.8073765635490417,-0.589375913143158,0.010721643455326557,0.06601320952177048,-0.4998500645160675,-9.322549819946289,0.5187147259712219,0.23018772900104523,0.5976658463478088
1781536320208406,1763533652,0.025758979842066765,-0.8073781728744507,-0.5893742442131042,0.010719231329858303,0.05848529562354088,-0.4936453402042389,-9.307165145874023,0.4014982581138611,0.14127324521541595,0.5980501174926758
1781536320238142,1763550319,0.025758372619748116,-0.8073815703392029,-0.5893694758415222,0.010735337622463703,0.06672530621290207,-0.48716890811920166,-9.292867660522461,0.5471320152282715,0.08984293788671494,0.6109588146209717
1781536320264547,1763566986,0.025762759149074554,-0.8073819279670715,-0.5893687605857849,0.0107368603348732,0.060266245156526566,-0.4685153365135193,-9.30980110168457,0.5155515670776367,0.19193516671657562,0.6072450876235962
1781536320265643,1763583653,0.025758234784007072,-0.8073791861534119,-0.5893728733062744,0.010730898939073086,0.06722554564476013,-0.47610047459602356,-9.293597221374512,0.43606266379356384,0.19561059772968292,0.5559428334236145
1781536320298074,1763600320,0.02574566751718521,-0.8073770999908447,-0.5893762111663818,0.010733016766607761,0.0672827661037445,-0.4872618317604065,-9.34036636352539,0.42379412055015564,0.11904142051935196,0.5742303133010864
1781536320298532,1763616987,0.025738541036844254,-0.807373583316803,-0.589381217956543,0.010739892721176147,0.06594168394804001,-0.4875979721546173,-9.298410415649414,0.4738157391548157,0.11315049976110458,0.5424961447715759
1781536320328372,1763633654,0.025740157812833786,-0.8073692321777344,-0.5893871188163757,0.010734597221016884,0.07877669483423233,-0.4795515239238739,-9.318938255310059,0.4729961156845093,0.21606232225894928,0.5330579280853271
1781536320328914,1763650321,0.02573438361287117,-0.8073692321777344,-0.5893872380256653,0.010737125761806965,0.08038241416215897,-0.49633467197418213,-9.279120445251465,0.4631480276584625,0.1444748342037201,0.6023146510124207
1781536320359446,1763666988,0.02573089487850666,-0.8073661923408508,-0.5893918871879578,0.010731889866292477,0.07581526786088943,-0.4856562316417694,-9.313456535339355,0.444681316614151,0.19557218253612518,0.5512301325798035
1781536320389723,1763683655,0.02572474256157875,-0.8073645830154419,-0.5893940925598145,0.010743693448603153,0.06204719468951225,-0.4782140254974365,-9.288204193115234,0.499108225107193,0.09012468159198761,0.5655475854873657
1781536320390064,1763700322,0.025713859125971794,-0.80736243724823,-0.5893973708152771,0.01074494980275631,0.06565916538238525,-0.470893532037735,-9.328075408935547,0.42972344160079956,0.13046468794345856,0.5770605206489563
1781536320422872,1763716989,0.02570570632815361,-0.8073617815971375,-0.5893985033035278,0.010740546509623528,0.06119963526725769,-0.4857204854488373,-9.2733736038208,0.4219883978366852,0.17285370826721191,0.5822598934173584
1781536320423118,1763733656,0.025710055604577065,-0.8073675632476807,-0.5893905758857727,0.010749576613307,0.061421722173690796,-0.4766348898410797,-9.290419578552246,0.5450190305709839,0.15210740268230438,0.6836477518081665
1781536320467991,1763750323,0.02570272423326969,-0.8073688745498657,-0.5893892049789429,0.010740568861365318,0.06759747117757797,-0.4964991509914398,-9.307876586914062,0.40791425108909607,0.20168079435825348,0.5961291790008545
1781536320468259,1763766990,0.02569051831960678,-0.807375431060791,-0.5893806219100952,0.010741832666099072,0.07244323194026947,-0.4835461378097534,-9.319485664367676,0.4218091070652008,0.1271350383758545,0.6653987169265747
1781536320477543,1763783657,0.02569693885743618,-0.8073769211769104,-0.5893783569335938,0.010744157247245312,0.0684092715382576,-0.46944159269332886,-9.309353828430176,0.5300484299659729,0.19505992531776428,0.6075012683868408
1781536320477679,1763800324,0.025694528594613075,-0.8073793053627014,-0.5893750786781311,0.010747648775577545,0.0646403431892395,-0.4822693467140198,-9.302766799926758,0.48568716645240784,0.15296544134616852,0.6191037893295288
1781536320510116,1763816991,0.025700783357024193,-0.8073808550834656,-0.5893726348876953,0.010747869499027729,0.06530869752168655,-0.48607808351516724,-9.324621200561523,0.5208021998405457,0.20543304085731506,0.5966286063194275
1781536320510527,1763833658,0.025700768455863,-0.807383120059967,-0.5893694758415222,0.010751040652394295,0.05234137177467346,-0.48091763257980347,-9.322964668273926,0.49795567989349365,0.16341541707515717,0.5974097847938538
1781536320539439,1763850325,0.02569918893277645,-0.8073844313621521,-0.5893676280975342,0.010758118703961372,0.07794701308012009,-0.48180094361305237,-9.287256240844727,0.5049223303794861,0.13603542745113373,0.6039282083511353
1781536320566824,1763866992,0.025699706748127937,-0.807378351688385,-0.5893762707710266,0.010756832547485828,0.06675674021244049,-0.47701963782310486,-9.291963577270508,0.4831002354621887,0.18879759311676025,0.5176517963409424
1781536320568334,1763883659,0.025689104571938515,-0.8073780536651611,-0.5893769860267639,0.01074950024485588,0.06103124842047691,-0.48268797993659973,-9.298014640808105,0.3963245153427124,0.17962826788425446,0.5950021743774414
1781536320599475,1763900326,0.025699462741613388,-0.807383120059967,-0.5893697142601013,0.010746948421001434,0.06654808670282364,-0.47949305176734924,-9.303890228271484,0.5316107869148254,0.24002298712730408,0.6630935072898865
1781536320599864,1763916993,0.02570219151675701,-0.8073847889900208,-0.589367151260376,0.010751347057521343,0.05445133149623871,-0.4800235629081726,-9.306382179260254,0.5177287459373474,0.1690758317708969,0.6181305050849915
1781536320629074,1763933660,0.025689339265227318,-0.8073889017105103,-0.5893620848655701,0.010752101428806782,0.05913258716464043,-0.48334944248199463,-9.30148983001709,0.41613590717315674,0.12708380818367004,0.6443066000938416
1781536320629485,1763950327,0.025687895715236664,-0.8073857426643372,-0.589366614818573,0.010742495767772198,0.06921391934156418,-0.4811393618583679,-9.312901496887207,0.43795791268348694,0.22881744801998138,0.5758054852485657
1781536320657531,1763966994,0.02569678984582424,-0.807380199432373,-0.5893738269805908,0.01075114868581295,0.07601228356361389,-0.48182597756385803,-9.32374095916748,0.5694150924682617,0.16901178658008575,0.5547518134117126
1781536320658024,1763983661,0.025699809193611145,-0.807381272315979,-0.5893721580505371,0.01075204461812973,0.05532750114798546,-0.48036688566207886,-9.303184509277344,0.5052809119224548,0.18891285359859467,0.607654869556427
1781536320686883,1764000328,0.025699710473418236,-0.8073842525482178,-0.5893679857254028,0.010755326598882675,0.07760012149810791,-0.48378217220306396,-9.298524856567383,0.4974178075790405,0.1638636738061905,0.62870854139328
1781536320717206,1764016995,0.02569662593305111,-0.8073916435241699,-0.5893579721450806,0.010756498202681541,0.06580962240695953,-0.4924129247665405,-9.29449462890625,0.4717154800891876,0.16606633365154266,0.6993483304977417
1781536320718196,1764033662,0.025688519701361656,-0.807399332523346,-0.5893478393554688,0.010750897228717804,0.07031896710395813,-0.4941639006137848,-9.317221641540527,0.41666099429130554,0.18177972733974457,0.6730824708938599
1781536320747274,1764050329,0.02567780762910843,-0.8073999285697937,-0.5893475413322449,0.010743803344666958,0.07326576113700867,-0.4971035420894623,-9.313409805297852,0.39668306708335876,0.1768108606338501,0.5839118957519531
1781536320747789,1764066996,0.025678707286715508,-0.8074048161506653,-0.5893409848213196,0.010737503878772259,0.07757508754730225,-0.47618988156318665,-9.291537284851074,0.46396759152412415,0.22121044993400574,0.6426802277565002
1781536320775848,1764083663,0.02569042332470417,-0.8074051141738892,-0.5893400311470032,0.010742180980741978,0.06472866237163544,-0.4862518310546875,-9.305009841918945,0.5687747597694397,0.20329438149929047,0.6026732325553894
1781536320821702,1764100330,0.02567780762910843,-0.8074088096618652,-0.5893353223800659,0.010752980597317219,0.06400338560342789,-0.4860530495643616,-9.312615394592285,0.4582432210445404,0.07128655165433884,0.6349708437919617
1781536320836912,1764116997,0.02565947361290455,-0.8074063062667847,-0.5893394947052002,0.010753683745861053,0.07289741188287735,-0.4910132586956024,-9.315022468566895,0.38606661558151245,0.10203459858894348,0.5548414587974548
1781536320837269,1764133664,0.025650829076766968,-0.8074052333831787,-0.5893412828445435,0.01075613684952259,0.08313251286745071,-0.4876551926136017,-9.325210571289062,0.446794331073761,0.1323344111442566,0.58396315574646
1781536320837958,1764150331,0.02565642260015011,-0.8074031472206116,-0.5893441438674927,0.010752449743449688,0.0734485313296318,-0.49241864681243896,-9.319643020629883,0.5007474422454834,0.22469380497932434,0.5874976515769958
1781536320838276,1764166998,0.025649383664131165,-0.8074025511741638,-0.5893453359603882,0.010742589831352234,0.07668819278478622,-0.4805886149406433,-9.30967903137207,0.40555787086486816,0.20794309675693512,0.5938496589660645
1781536320867031,1764183665,0.025641417130827904,-0.8074020743370056,-0.5893463492393494,0.010742871090769768,0.06316297501325607,-0.4889998435974121,-9.293722152709961,0.44133880734443665,0.14817585051059723,0.6066815257072449
1781536320898430,1764200332,0.025624416768550873,-0.8074021935462952,-0.5893470048904419,0.01073863822966814,0.07304733246564865,-0.47697311639785767,-9.291297912597656,0.3732730746269226,0.135497584939003,0.5847955942153931
1781536320898921,1764216999,0.02561931125819683,-0.8074054718017578,-0.5893427133560181,0.010736186057329178,0.06899219006299973,-0.46919482946395874,-9.284564018249512,0.44617959856987,0.17521007359027863,0.6320509910583496
1781536320929475,1764233666,0.025614716112613678,-0.8074036836624146,-0.589345395565033,0.010731802321970463,0.07464943081140518,-0.48197630047798157,-9.302559852600098,0.44164615869522095,0.1858777552843094,0.564049243927002
1781536320930119,1764250333,0.025618860498070717,-0.807401180267334,-0.5893487334251404,0.010736329481005669,0.06840211898088455,-0.4901621341705322,-9.289667129516602,0.5263217091560364,0.1718035787343979,0.5627557635307312
1781536320957828,1764267000,0.025617530569434166,-0.8073984384536743,-0.5893526673316956,0.010727128945291042,0.07859430462121964,-0.4912206828594208,-9.315901756286621,0.4402887225151062,0.2253725528717041,0.5493475794792175
1781536320958682,1764283667,0.025614846497774124,-0.8073989748954773,-0.5893522500991821,0.01071892399340868,0.06285184621810913,-0.4807817339897156,-9.305448532104492,0.436690092086792,0.21510183811187744,0.5810816884040833
1781536320988324,1764300334,0.02560805343091488,-0.8074100017547607,-0.5893373489379883,0.010721546597778797,0.0689581111073494,-0.4827834665775299,-9.301234245300293,0.45671921968460083,0.14251546561717987,0.722822368144989
1781536321019539,1764317001,0.025600142776966095,-0.8074068427085876,-0.5893417596817017,0.010732303373515606,0.07710660248994827,-0.4816829264163971,-9.327828407287598,0.4843553900718689,0.08907456696033478,0.5745505094528198
1781536321020013,1764333668,0.025593915954232216,-0.8074050545692444,-0.5893442630767822,0.01074149738997221,0.07279369980096817,-0.48504456877708435,-9.283265113830566,0.4876978099346161,0.10355854779481888,0.561308741569519
1781536321049587,1764350335,0.025583423674106598,-0.8074041604995728,-0.5893460512161255,0.010741549544036388,0.07085897028446198,-0.4838465452194214,-9.321345329284668,0.4265218675136566,0.1380588412284851,0.5852693915367126
1781536321050216,1764367002,0.025573676452040672,-0.8074050545692444,-0.5893451571464539,0.010742372833192348,0.06937484443187714,-0.4840432405471802,-9.366966247558594,0.43430811166763306,0.13470359146595,0.5585938096046448
1781536321079490,1764383669,0.025549469515681267,-0.8074080944061279,-0.5893420577049255,0.010741107165813446,0.055295318365097046,-0.4781961441040039,-9.2774076461792,0.34453558921813965,0.09148215502500534,0.6408488750457764
1781536321079878,1764400336,0.02560409903526306,-0.8073799014091492,-0.5893784165382385,0.010740771889686584,0.06491929292678833,-0.48557013273239136,-9.29265308380127,0.4959578514099121,0.2302517592906952,0.5980244874954224
1781536321109566,1764417003,0.025597475469112396,-0.807387113571167,-0.589368999004364,0.010732286609709263,0.07098771631717682,-0.48577412962913513,-9.292141914367676,0.41278064250946045,0.2022954821586609,0.6581887006759644
1781536321109965,1764433670,0.025600945577025414,-0.8073909878730774,-0.5893638134002686,0.010715669021010399,0.0841052457690239,-0.4876122772693634,-9.322643280029297,0.43602418899536133,0.28763702511787415,0.6198080778121948
1781536321137932,1764450337,0.02559855580329895,-0.8073893785476685,-0.5893660187721252,0.010721388272941113,0.07962068170309067,-0.4870758652687073,-9.293246269226074,0.49457475543022156,0.13830216228961945,0.5579021573066711
1781536321138342,1764467004,0.02561003901064396,-0.8073920607566833,-0.5893616080284119,0.010728095658123493,0.0818999707698822,-0.48900261521339417,-9.289450645446777,0.575139582157135,0.19052645564079285,0.6221644282341003
1781536321169245,1764483671,0.025613417848944664,-0.8073898553848267,-0.5893647074699402,0.010720559395849705,0.0759371891617775,-0.475041925907135,-9.34334945678711,0.4722149074077606,0.23733365535736084,0.5989977717399597
1781536321198801,1764500338,0.025605343282222748,-0.8073881268501282,-0.5893673896789551,0.010722598992288113,0.06957153975963593,-0.4788362681865692,-9.306510925292969,0.447793185710907,0.13595861196517944,0.5709646344184875
1781536321199087,1764517005,0.025598576292395592,-0.8073963522911072,-0.5893564820289612,0.01071823388338089,0.06525110453367233,-0.4741014540195465,-9.302083969116211,0.42892950773239136,0.17728471755981445,0.6399140954017639
1781536321229456,1764533672,0.025597449392080307,-0.8074051737785339,-0.5893443822860718,0.010723832063376904,0.05126626044511795,-0.47251060605049133,-9.308389663696289,0.5004785656929016,0.14574266970157623,0.6613263487815857
1781536321230043,1764550339,0.025587424635887146,-0.8074014782905579,-0.5893497467041016,0.010723261162638664,0.05343956872820854,-0.48376432061195374,-9.315526008605957,0.4267139732837677,0.14115798473358154,0.5364771485328674
1781536321259325,1764567006,0.025586599484086037,-0.8073996901512146,-0.5893521904945374,0.010723253712058067,0.0574299693107605,-0.45746496319770813,-9.297287940979004,0.48010361194610596,0.17541496455669403,0.5510379672050476
1781536321259737,1764583673,0.02558218501508236,-0.8074026703834534,-0.5893484950065613,0.01072091143578291,0.062357958406209946,-0.4724135100841522,-9.305305480957031,0.450162410736084,0.1758888065814972,0.6152746677398682
1781536321286928,1764600340,0.025584282353520393,-0.8074111342430115,-0.5893371105194092,0.010706540197134018,0.06510414183139801,-0.4851260781288147,-9.301098823547363,0.43680539727211,0.2719748616218567,0.698413610458374
1781536321287298,1764617007,0.02558223344385624,-0.8074185252189636,-0.5893269777297974,0.010707599110901356,0.08284272253513336,-0.49406835436820984,-9.294930458068848,0.4766715466976166,0.16811534762382507,0.6709310412406921
1781536321319393,1764633674,0.025583375245332718,-0.8074149489402771,-0.589331865310669,0.010712217539548874,0.0775071382522583,-0.48463329672813416,-9.306611061096191,0.5093789100646973,0.15889476239681244,0.5610653162002563
1781536321348599,1764650341,0.02558658830821514,-0.8074213266372681,-0.5893229246139526,0.01071093138307333,0.0727175921201706,-0.48268747329711914,-9.317102432250977,0.49659818410873413,0.20157834887504578,0.6521185040473938
1781536321349154,1764667008,0.025576701387763023,-0.8074180483818054,-0.5893279314041138,0.010708410292863846,0.06716832518577576,-0.48530563712120056,-9.303954124450684,0.4192734956741333,0.15329840779304504,0.5572106838226318
1781536321378340,1764683675,0.02557379938662052,-0.8074210286140442,-0.5893239378929138,0.010705975815653801,0.05884649232029915,-0.4800521731376648,-9.30789852142334,0.4579358398914337,0.1833420991897583,0.6252251863479614
1781536321378828,1764700342,0.0255745742470026,-0.8074139356613159,-0.5893337726593018,0.010700560174882412,0.06570889055728912,-0.47753822803497314,-9.304344177246094,0.466413676738739,0.2138340175151825,0.5535352826118469
1781536321409678,1764717009,0.025563577190041542,-0.8074219822883606,-0.589323103427887,0.010704480111598969,0.08004625141620636,-0.4719341993331909,-9.304962158203125,0.4383549392223358,0.11650574952363968,0.6862602233886719
1781536321410041,1764733676,0.025546949356794357,-0.8074200749397278,-0.5893263816833496,0.01070495881140232,0.07444591075181961,-0.49185726046562195,-9.3108491897583,0.3940705358982086,0.10933420807123184,0.5595158338546753
1781536321439404,1764750343,0.025540566071867943,-0.8074243068695068,-0.5893210172653198,0.010710691101849079,0.07077313959598541,-0.47726988792419434,-9.326824188232422,0.47165146470069885,0.12380538135766983,0.6399140954017639
1781536321471490,1764767010,0.025530312210321426,-0.8074243664741516,-0.589320957660675,0.010724294930696487,0.05721895396709442,-0.4790973663330078,-9.299827575683594,0.48256242275238037,0.06228368356823921,0.5778545141220093
1781536321472195,1764783677,0.025526167824864388,-0.8074268102645874,-0.5893177390098572,0.010723919607698917,0.07026174664497375,-0.4989631772041321,-9.31227970123291,0.4592420160770416,0.1668218970298767,0.6310263872146606
1781536321496466,1764800344,0.025530368089675903,-0.8074312210083008,-0.5893115997314453,0.010715141892433167,0.06918888539075851,-0.47996634244918823,-9.299201011657715,0.4717154800891876,0.24656705558300018,0.626979649066925
1781536321497816,1764817011,0.025543678551912308,-0.8074285387992859,-0.589314877986908,0.010712896473705769,0.06675666570663452,-0.46841534972190857,-9.31168270111084,0.5492322444915771,0.24546566605567932,0.55631422996521
1781536321529695,1764833678,0.025555189698934555,-0.8074328899383545,-0.5893081426620483,0.010721639730036259,0.0742853507399559,-0.4933893084526062,-9.302780151367188,0.583028256893158,0.18030698597431183,0.6579197645187378
1781536321530148,1764850345,0.02555283159017563,-0.8074352741241455,-0.5893049836158752,0.010726897977292538,0.07646288722753525,-0.47672632336616516,-9.313892364501953,0.49216726422309875,0.1417471021413803,0.6160559058189392
1781536321558600,1764867012,0.025543464347720146,-0.8074342608451843,-0.5893068313598633,0.01072495337575674,0.08293550461530685,-0.4786396622657776,-9.31926441192627,0.42442166805267334,0.1515183299779892,0.5614240169525146
1781536321559329,1764883679,0.025543158873915672,-0.8074328303337097,-0.5893087387084961,0.010726776905357838,0.06791932880878448,-0.4916176497936249,-9.32058334350586,0.48981091380119324,0.16838431358337402,0.5784180164337158
1781536321589339,1764900346,0.02555375173687935,-0.8074315190315247,-0.5893099904060364,0.010729800909757614,0.05793141946196556,-0.49392426013946533,-9.312139511108398,0.5551615953445435,0.20658563077449799,0.5924921035766602
1781536321618238,1764917013,0.025552239269018173,-0.8074398636817932,-0.5892986059188843,0.010734357871115208,0.06439622491598129,-0.48161137104034424,-9.31064510345459,0.4935118556022644,0.1512237787246704,0.6914724111557007
1781536321618499,1764933680,0.02555660903453827,-0.8074309825897217,-0.5893104672431946,0.010733198374509811,0.07242177426815033,-0.4801415801048279,-9.324112892150879,0.5033215880393982,0.20550988614559174,0.5634986162185669
1781536321648022,1764950347,0.025553671643137932,-0.8074303269386292,-0.5893116593360901,0.010731865651905537,0.06739004701375961,-0.4678930938243866,-9.321556091308594,0.46227723360061646,0.17556864023208618,0.5882405042648315
1781536321648314,1764967014,0.025564637035131454,-0.8074310421943665,-0.589310348033905,0.010724220424890518,0.06298773735761642,-0.48474058508872986,-9.31057357788086,0.5140276551246643,0.2666473984718323,0.5912755727767944
1781536321679132,1764983681,0.02556224726140499,-0.8074289560317993,-0.5893134474754333,0.01071936171501875,0.06429696828126907,-0.479698121547699,-9.325185775756836,0.45134055614471436,0.19614845514297485,0.5584656596183777
1781536321679512,1765000348,0.025553010404109955,-0.8074275255203247,-0.5893155932426453,0.010727398097515106,0.08479902893304825,-0.4760110676288605,-9.333311080932617,0.46514585614204407,0.0983847826719284,0.5914548635482788
1781536321708417,1765017015,0.025545058771967888,-0.8074314594268799,-0.5893104672431946,0.010731512680649757,0.06849111616611481,-0.4764617383480072,-9.313359260559082,0.4560149312019348,0.12689171731472015,0.6523874998092651
1781536321708935,1765033682,0.025537649169564247,-0.8074303269386292,-0.5893123745918274,0.010727914050221443,0.08595414459705353,-0.4877338707447052,-9.297895431518555,0.4277128577232361,0.17199568450450897,0.621127188205719
1781536321739355,1765050349,0.025513706728816032,-0.8074331283569336,-0.5893096327781677,0.010725296102464199,0.06488670408725739,-0.4704393446445465,-9.304704666137695,0.340027779340744,0.09865371137857437,0.6293360590934753
1781536321771457,1765067016,0.025514407083392143,-0.8074296712875366,-0.5893142819404602,0.010726852342486382,0.06348125636577606,-0.48500165343284607,-9.302165985107422,0.4942034184932709,0.17418555915355682,0.5693126320838928
1781536321772149,1765083683,0.025515850633382797,-0.807429313659668,-0.5893148183822632,0.010724302381277084,0.07156705856323242,-0.4819618761539459,-9.307784080505371,0.48152515292167664,0.20033611357212067,0.5997405648231506
1781536321799490,1765100350,0.025520551949739456,-0.8074398636817932,-0.5893001556396484,0.010729757137596607,0.05821298062801361,-0.4738207459449768,-9.312939643859863,0.5314956307411194,0.17149624228477478,0.708236038684845
1781536321799995,1765117017,0.02552640251815319,-0.8074438571929932,-0.5892943143844604,0.010736441239714622,0.06321205943822861,-0.477298766374588,-9.319138526916504,0.5432516932487488,0.16760307550430298,0.6370454430580139
1781536321829406,1765133684,0.025533711537718773,-0.807445764541626,-0.5892912745475769,0.010739562101662159,0.07659163326025009,-0.4849444329738617,-9.306672096252441,0.5371943712234497,0.19243460893630981,0.6110357046127319
1781536321829828,1765150351,0.025537751615047455,-0.8074443936347961,-0.5892929434776306,0.010738770477473736,0.07620501518249512,-0.47904738783836365,-9.311296463012695,0.5032318830490112,0.20040015876293182,0.5817732214927673
1781536321859351,1765167018,0.02553730085492134,-0.8074416518211365,-0.5892966389656067,0.010738770477473736,0.07501094788312912,-0.4779958724975586,-9.319921493530273,0.4814995229244232,0.17755363881587982,0.5701322555541992
1781536321859681,1765183685,0.025533657521009445,-0.8074439764022827,-0.5892935395240784,0.010742072016000748,0.06741547584533691,-0.4804454743862152,-9.31371021270752,0.47695329785346985,0.14721539616584778,0.617464542388916
1781536321889508,1765200352,0.02552926354110241,-0.807449460029602,-0.5892861485481262,0.010740268975496292,0.06457557529211044,-0.4686726927757263,-9.305777549743652,0.451801598072052,0.17363490164279938,0.6557043790817261
1781536321919353,1765217019,0.02553495392203331,-0.8074406981468201,-0.5892981290817261,0.010739295743405819,0.07996364682912827,-0.4880594313144684,-9.31445026397705,0.5119786262512207,0.2065856158733368,0.5158461332321167
1781536321919775,1765233686,0.025536755099892616,-0.8074383735656738,-0.5893011093139648,0.01074593048542738,0.0667320266366005,-0.4777097702026367,-9.321523666381836,0.5203796029090881,0.15199215710163116,0.613046407699585
1781536321949623,1765250353,0.025527970865368843,-0.8074302673339844,-0.5893127918243408,0.010741648264229298,0.07163143157958984,-0.48089975118637085,-9.288844108581543,0.41769829392433167,0.16770556569099426,0.5414204001426697
1781536321950062,1765267020,0.025517206639051437,-0.8074316382408142,-0.589311420917511,0.010728346183896065,0.06579506397247314,-0.473761647939682,-9.310136795043945,0.37017396092414856,0.21001772582530975,0.6008803248405457
1781536321978549,1765283687,0.02551206201314926,-0.8074262738227844,-0.5893189311027527,0.010730724781751633,0.05298834294080734,-0.4876480996608734,-9.304158210754395,0.4653891324996948,0.14389854669570923,0.5295617580413818
1781536321979102,1765300354,0.02551070973277092,-0.8074241280555725,-0.5893218517303467,0.010733683593571186,0.05637214332818985,-0.4764294922351837,-9.326287269592285,0.4880819618701935,0.15867707133293152,0.6027628183364868
1781536322006959,1765317021,0.02550404705107212,-0.8074277639389038,-0.5893170237541199,0.01074254047125578,0.07972398400306702,-0.4840146601200104,-9.308774948120117,0.48252400755882263,0.10444217920303345,0.6320509910583496
1781536322007973,1765333688,0.02550981007516384,-0.8074319362640381,-0.589311420917511,0.010738187469542027,0.0666799321770668,-0.4759010076522827,-9.28528881072998,0.4979812502861023,0.22840763628482819,0.6377112865447998
1781536322039749,1765350355,0.025505173951387405,-0.8074290156364441,-0.58931565284729,0.010730131529271603,0.07912749797105789,-0.4807066023349762,-9.32601547241211,0.4251644015312195,0.2065087854862213,0.5915829539299011
1781536322069406,1765367022,0.025499669834971428,-0.8074330687522888,-0.5893102288246155,0.01073404960334301,0.07299754023551941,-0.47926899790763855,-9.309819221496582,0.4689365029335022,0.1365348845720291,0.6336005330085754
1781536322069745,1765383689,0.025512002408504486,-0.8074294924736023,-0.5893146395683289,0.010731706395745277,0.06773693859577179,-0.5024714469909668,-9.289291381835938,0.5427138805389404,0.24316056072711945,0.5816195607185364
1781536322098525,1765400356,0.02551674284040928,-0.8074280619621277,-0.5893163084983826,0.010729920119047165,0.06410351395606995,-0.47963377833366394,-9.308009147644043,0.5031935572624207,0.2076101452112198,0.5650354027748108
1781536322099074,1765417023,0.025527341291308403,-0.8074274659156799,-0.5893163681030273,0.01074462290853262,0.08352704346179962,-0.4797342121601105,-9.295260429382324,0.6025323271751404,0.1399926096200943,0.5745760798454285
1781536322129233,1765433690,0.025531746447086334,-0.8074244260787964,-0.5893203616142273,0.010751158930361271,0.06218666955828667,-0.4960557222366333,-9.328039169311523,0.5349276661872864,0.16032908856868744,0.5640749335289001
1781536322129728,1765450357,0.025535540655255318,-0.8074254393577576,-0.5893189311027527,0.010747058317065239,0.07150626182556152,-0.4910740554332733,-9.300145149230957,0.48806920647621155,0.21818819642066956,0.6078982353210449
1781536322159489,1765467024,0.025525379925966263,-0.8074245452880859,-0.5893206596374512,0.010740907862782478,0.06967135518789291,-0.47418370842933655,-9.306032180786133,0.4022410213947296,0.17309701442718506,0.5927354693412781
1781536322160015,1765483691,0.02553100511431694,-0.8074186444282532,-0.589328408241272,0.01074261125177145,0.06987909227609634,-0.4756963551044464,-9.306739807128906,0.5223133563995361,0.1912052035331726,0.5291391611099243
1781536322187427,1765500358,0.02552712894976139,-0.8074126839637756,-0.5893368124961853,0.01074008084833622,0.05670076608657837,-0.4819726049900055,-9.286752700805664,0.45235228538513184,0.17622177302837372,0.5272054672241211
1781536322219586,1765517025,0.025514643639326096,-0.8074187636375427,-0.589329183101654,0.010736919939517975,0.07723534852266312,-0.4764294922351837,-9.305384635925293,0.4012165367603302,0.14809902012348175,0.6587138175964355
1781536322219851,1765533692,0.02550758421421051,-0.8074188232421875,-0.5893293023109436,0.010739083401858807,0.08278562128543854,-0.4750669598579407,-9.302652359008789,0.45317184925079346,0.1394931524991989,0.6027116179466248
1781536322248281,1765550359,0.025506487116217613,-0.807418167591095,-0.5893301963806152,0.010737928561866283,0.06935733556747437,-0.4865322411060333,-9.31275463104248,0.47298336029052734,0.1816004514694214,0.5893674492835999
1781536322248852,1765567026,0.025505799800157547,-0.8074236512184143,-0.589322566986084,0.010744244791567326,0.059722740203142166,-0.4773080348968506,-9.302734375,0.5050888061523438,0.14332225918769836,0.6600328087806702
1781536322279520,1765583693,0.025503337383270264,-0.8074266314506531,-0.5893187522888184,0.01073374506086111,0.062429849058389664,-0.4878089725971222,-9.290664672851562,0.4274439811706543,0.22786976397037506,0.6116632223129272
1781536322279918,1765600360,0.025506749749183655,-0.8074307441711426,-0.589313268661499,0.010716819204390049,0.07812940329313278,-0.4884026348590851,-9.290135383605957,0.43389829993247986,0.28785476088523865,0.6260320544242859
1781536322309909,1765617027,0.025496317073702812,-0.8074324131011963,-0.5893116593360901,0.010705515742301941,0.058170586824417114,-0.47158730030059814,-9.299983978271484,0.37985557317733765,0.19999036192893982,0.603877067565918
1781536322310250,1765633694,0.02549787610769272,-0.8074368834495544,-0.5893056392669678,0.010693606920540333,0.07446340471506119,-0.4976794421672821,-9.301054000854492,0.4438360929489136,0.25298306345939636,0.6391841769218445
1781536322339233,1765650361,0.025491585955023766,-0.8074422478675842,-0.5892987847328186,0.010693417862057686,0.06343834102153778,-0.4904482066631317,-9.320035934448242,0.44756269454956055,0.15653841197490692,0.6549872159957886
1781536322373762,1765667028,0.025487909093499184,-0.807442307472229,-0.5892989635467529,0.010686144232749939,0.07103778421878815,-0.4788970649242401,-9.319889068603516,0.43387269973754883,0.20471592247486115,0.5863707661628723
1781536322374228,1765683695,0.02549033798277378,-0.8074451088905334,-0.5892949104309082,0.010693633928894997,0.07484286278486252,-0.47757744789123535,-9.318004608154297,0.5274358987808228,0.14802217483520508,0.6165681481361389
1781536322400534,1765700362,0.025485817342996597,-0.8074443340301514,-0.5892961025238037,0.010699399746954441,0.06607042998075485,-0.476622611284256,-9.310101509094238,0.48207587003707886,0.12821076810359955,0.5739613175392151
1781536322400964,1765717029,0.02547578327357769,-0.8074445128440857,-0.5892961025238037,0.010705841705203056,0.0702764093875885,-0.49259039759635925,-9.31064510345459,0.45388907194137573,0.10328961908817291,0.6031470894813538
1781536322429496,1765733696,0.025482693687081337,-0.8074431419372559,-0.5892975330352783,0.010713265277445316,0.06673245131969452,-0.4810428023338318,-9.306672096252441,0.5521906018257141,0.16582302749156952,0.5819525718688965
1781536322429899,1765750363,0.02549499273300171,-0.8074444532394409,-0.5892952084541321,0.010709340684115887,0.055097147822380066,-0.4919959604740143,-9.3098726272583,0.535900890827179,0.25143346190452576,0.6107795834541321
1781536322459506,1765767030,0.02548164501786232,-0.8074519634246826,-0.5892854928970337,0.010707625187933445,0.06731101125478745,-0.4779279828071594,-9.303224563598633,0.4021129906177521,0.13636840879917145,0.6654883623123169
1781536322460027,1765783697,0.025489235296845436,-0.8074496984481812,-0.589288055896759,0.010716411285102367,0.061224669218063354,-0.48501595854759216,-9.30488395690918,0.5617057681083679,0.16013698279857635,0.5645614862442017
1781536322489125,1765800364,0.02548985742032528,-0.807448148727417,-0.5892899632453918,0.010729196481406689,0.06863099336624146,-0.4833780527114868,-9.297355651855469,0.5385774374008179,0.11169058829545975,0.6058363914489746
1781536322518654,1765817031,0.02548355609178543,-0.8074475526809692,-0.5892912149429321,0.010719172656536102,0.07777147740125656,-0.4867505431175232,-9.301068305969238,0.40818318724632263,0.20795589685440063,0.5598103404045105
1781536322519019,1765833698,0.025483204051852226,-0.8074495792388916,-0.589288592338562,0.010722413659095764,0.08233901858329773,-0.48156481981277466,-9.295084953308105,0.49429306387901306,0.16158410906791687,0.6386718153953552
1781536322549614,1765850365,0.025487227365374565,-0.8074460029602051,-0.5892933011054993,0.010722886770963669,0.0727686658501625,-0.48028820753097534,-9.325336456298828,0.5080726742744446,0.1918199211359024,0.5574155449867249
1781536322550317,1765867032,0.025494791567325592,-0.807445228099823,-0.5892942547798157,0.010711482726037502,0.06971815973520279,-0.4852770268917084,-9.318241119384766,0.47928404808044434,0.2733835279941559,0.5898925065994263
1781536322579315,1765883699,0.025505749508738518,-0.8074494004249573,-0.5892878770828247,0.010720847174525261,0.05521765351295471,-0.4864957332611084,-9.298919677734375,0.582234263420105,0.17216213047504425,0.6330626606941223
1781536322579815,1765900366,0.025505447760224342,-0.807450532913208,-0.5892862677574158,0.010728034190833569,0.067962646484375,-0.4831491708755493,-9.287842750549316,0.511107861995697,0.13772588968276978,0.5980885028839111
1781536322609162,1765917033,0.02550416812300682,-0.807451605796814,-0.5892848372459412,0.01073182001709938,0.06260865926742554,-0.48823097348213196,-9.295767784118652,0.4917701482772827,0.15306788682937622,0.5998429656028748
1781536322609681,1765933700,0.025504469871520996,-0.8074566721916199,-0.5892779231071472,0.010726380161941051,0.06494392454624176,-0.4943355619907379,-9.317503929138184,0.4628406763076782,0.2120027095079422,0.646752655506134
1781536322637188,1765950367,0.025506094098091125,-0.8074576258659363,-0.5892762541770935,0.010735447518527508,0.058935895562171936,-0.4730142056941986,-9.317085266113281,0.5292543768882751,0.1365220844745636,0.6149289011955261
1781536322668256,1765967034,0.02551591582596302,-0.8074575066566467,-0.5892760753631592,0.010727264918386936,0.0634562224149704,-0.48960065841674805,-9.293607711791992,0.5048454403877258,0.2647136449813843,0.5985879898071289
1781536322669500,1765983701,0.02551882341504097,-0.8074583411216736,-0.5892746448516846,0.010732453316450119,0.05469809100031853,-0.4909166991710663,-9.343942642211914,0.5208022594451904,0.1616097390651703,0.5969232320785522
1781536322697243,1766000368,0.025518333539366722,-0.807453989982605,-0.5892806649208069,0.010738358832895756,0.07114902138710022,-0.49486127495765686,-9.295889854431152,0.5046021342277527,0.14433395862579346,0.571925163269043
1781536322697520,1766017035,0.025511370971798897,-0.8074551820755005,-0.5892794132232666,0.010736060328781605,0.0641428530216217,-0.48312056064605713,-9.292091369628906,0.43524304032325745,0.1643631011247635,0.6134433746337891
1781536322725972,1766033702,0.02550738863646984,-0.8074533343315125,-0.5892819762229919,0.010743478313088417,0.088250070810318,-0.4818224012851715,-9.325518608093262,0.49143728613853455,0.12182042747735977,0.5833484530448914
1781536322727016,1766050369,0.025494635105133057,-0.8074527978897095,-0.5892831087112427,0.01074596494436264,0.09606050699949265,-0.4868541359901428,-9.286824226379395,0.42260313034057617,0.11390607804059982,0.5944643616676331
1781536322757270,1766067036,0.025490934029221535,-0.8074576258659363,-0.5892766118049622,0.010748222470283508,0.09087857604026794,-0.4908451735973358,-9.343341827392578,0.4719843864440918,0.1518384963274002,0.6338310241699219
1781536322757626,1766083703,0.02549312449991703,-0.8074585199356079,-0.5892752408981323,0.010753312148153782,0.08539309352636337,-0.4884527027606964,-9.268967628479004,0.5159870982170105,0.16023945808410645,0.6112534999847412
1781536322786995,1766100370,0.02549044042825699,-0.8074556589126587,-0.5892793536186218,0.010747862048447132,0.060906387865543365,-0.46980634331703186,-9.342215538024902,0.4466150403022766,0.19739067554473877,0.5610141158103943
1781536322787335,1766117037,0.025495441630482674,-0.8074508905410767,-0.5892857909202576,0.010743185877799988,0.05543478950858116,-0.47380098700523376,-9.334269523620605,0.49244895577430725,0.22428399324417114,0.5504360795021057
1781536322816805,1766133704,0.02549133636057377,-0.8074525594711304,-0.5892836451530457,0.01075164508074522,0.058553241193294525,-0.4782891273498535,-9.263496398925781,0.49475404620170593,0.1159166768193245,0.6115095019340515
1781536322846667,1766150371,0.025490175932645798,-0.8074496984481812,-0.5892876386642456,0.010744171217083931,0.06575214862823486,-0.4909918010234833,-9.373589515686035,0.4464229345321655,0.21630564332008362,0.5855383276939392
1781536322846966,1766167038,0.025487417355179787,-0.8074460029602051,-0.5892928242683411,0.010747968219220638,0.047191984951496124,-0.47380098700523376,-9.301336288452148,0.4835357666015625,0.14613966643810272,0.5592085123062134
1781536322879372,1766183705,0.025482648983597755,-0.8074499368667603,-0.5892876386642456,0.010744981467723846,0.07814764976501465,-0.49003684520721436,-9.275813102722168,0.4446684420108795,0.1764906942844391,0.621741771697998
1781536322880064,1766200372,0.02548752725124359,-0.8074474334716797,-0.5892907977104187,0.01074497401714325,0.07378073036670685,-0.46166691184043884,-9.267165184020996,0.5105827450752258,0.19786451756954193,0.564535915851593
1781536322908865,1766217039,0.02551300823688507,-0.8074453473091125,-0.5892924070358276,0.010751144029200077,0.04273240640759468,-0.46937432885169983,-9.228204727172852,0.6498133540153503,0.24848799407482147,0.5976402163505554
1781536322909359,1766233706,0.025523914024233818,-0.8074455261230469,-0.5892916917800903,0.010755972936749458,0.06117212772369385,-0.47987180948257446,-9.413228034973145,0.5632681250572205,0.19709613919258118,0.6079751253128052
1781536322938823,1766250373,0.025508958846330643,-0.8074547052383423,-0.5892797112464905,0.010759438388049603,0.056253742426633835,-0.4794120490550995,-9.327345848083496,0.4140356779098511,0.10034414380788803,0.6733002066612244
1781536322939196,1766267040,0.0254958663135767,-0.8074617385864258,-0.5892706513404846,0.010759088210761547,0.05608923360705376,-0.4927155375480652,-9.255121231079102,0.40872102975845337,0.12972190976142883,0.6741582751274109
1781536322970184,1766283707,0.025480277836322784,-0.8074645400047302,-0.5892678499221802,0.010744676925241947,0.08925498276948929,-0.48100703954696655,-9.3015718460083,0.3383757770061493,0.1955721378326416,0.593977689743042
1781536322999924,1766300374,0.025463266298174858,-0.8074677586555481,-0.5892642140388489,0.010739059187471867,0.10972161591053009,-0.48284879326820374,-9.322882652282715,0.3657941520214081,0.14209283888339996,0.6265442371368408
1781536323000445,1766317041,0.025462577119469643,-0.8074694871902466,-0.5892619490623474,0.010735337622463703,0.10039882361888885,-0.48909270763397217,-9.257406234741211,0.4643133878707886,0.19695526361465454,0.6084232330322266
1781536323031933,1766333708,0.025465164333581924,-0.807468056678772,-0.589263916015625,0.010723455809056759,0.09468366205692291,-0.49655279517173767,-9.345691680908203,0.4495733082294464,0.255083292722702,0.5813250541687012
1781536323033486,1766350375,0.02547190524637699,-0.8074674606323242,-0.5892641544342041,0.01073632575571537,0.09137209504842758,-0.4963167905807495,-9.320937156677246,0.5728472471237183,0.13484445214271545,0.5972688794136047
1781536323059557,1766367042,0.02548203617334366,-0.8074653148651123,-0.5892663598060608,0.010751517489552498,0.06487812101840973,-0.4826084077358246,-9.305886268615723,0.6011236310005188,0.13516461849212646,0.58396315574646
1781536323059905,1766383709,0.025492548942565918,-0.8074628114700317,-0.58926922082901,0.010757094249129295,0.0387839674949646,-0.46631598472595215,-9.316527366638184,0.5643821954727173,0.19024470448493958,0.5750242471694946
1781536323089255,1766400376,0.025416072458028793,-0.8073722124099731,-0.5893956422805786,0.010825888253748417,0.040679749101400375,-0.4783964455127716,-9.289902687072754,0.49267953634262085,0.12636664509773254,0.6085257530212402
1781536323116990,1766417043,0.025427211076021194,-0.8073714971542358,-0.5893958210945129,0.01082820538431406,0.04470574110746384,-0.4655972719192505,-9.319268226623535,0.5548030138015747,0.21101661026477814,0.5826184749603271
1781536323117642,1766433710,0.025423087179660797,-0.8073680400848389,-0.5894007682800293,0.010826452635228634,0.047019973397254944,-0.45776882767677307,-9.293335914611816,0.45299261808395386,0.17401909828186035,0.6009956002235413
1781536323147128,1766450377,0.025424541905522346,-0.8073567152023315,-0.5894163250923157,0.010830103419721127,0.060791946947574615,-0.4782426357269287,-9.332906723022461,0.505959689617157,0.16637369990348816,0.5513197779655457
1781536323147434,1766467044,0.025414038449525833,-0.8073567152023315,-0.5894168615341187,0.010822104290127754,0.06528366357088089,-0.49054834246635437,-9.30620288848877,0.3926618695259094,0.18106256425380707,0.5884965658187866
1781536323177265,1766483711,0.025422435253858566,-0.8073567152023315,-0.5894165635108948,0.010819992050528526,0.0999617725610733,-0.49520108103752136,-9.309101104736328,0.5211479663848877,0.22662754356861115,0.6200001835823059
1781536323177856,1766500378,0.025431640446186066,-0.8073551058769226,-0.5894181728363037,0.010828427970409393,0.08366259187459946,-0.47558191418647766,-9.302922248840332,0.568416178226471,0.17125290632247925,0.614544689655304
1781536323207589,1766517045,0.025438537821173668,-0.8073506951332092,-0.589423656463623,0.010846010409295559,0.0979626327753067,-0.4867611825466156,-9.318291664123535,0.5934782028198242,0.10752850770950317,0.5299715399742126
1781536323207969,1766533712,0.025422407314181328,-0.8073513507843018,-0.5894231796264648,0.010861217975616455,0.0889831930398941,-0.5031258463859558,-9.318634033203125,0.45563071966171265,0.028513334691524506,0.5863323211669922
1781536323236878,1766550379,0.025427429005503654,-0.807345986366272,-0.5894302725791931,0.01086620707064867,0.08411597460508347,-0.4894111156463623,-9.29651165008545,0.5317132472991943,0.17054857313632965,0.5408057570457458
1781536323267179,1766567046,0.025412987917661667,-0.807346522808075,-0.5894302129745483,0.010865855030715466,0.07018664479255676,-0.4745483994483948,-9.291240692138672,0.40167751908302307,0.12269122153520584,0.5969231724739075
1781536323267642,1766583713,0.025420114398002625,-0.8073476552963257,-0.589428186416626,0.010870738886296749,0.04820369929075241,-0.47833919525146484,-9.318305015563965,0.5427011251449585,0.1809985637664795,0.605375349521637
1781536323300515,1766600380,0.02542613446712494,-0.8073417544364929,-0.5894356966018677,0.010880776681005955,0.05113261193037033,-0.4754496216773987,-9.303367614746094,0.5577613115310669,0.14635735750198364,0.5364643335342407
1781536323301360,1766617047,0.02542324922978878,-0.8073407411575317,-0.5894371867179871,0.010878771543502808,0.055810291320085526,-0.4813646674156189,-9.298314094543457,0.45928049087524414,0.17806588113307953,0.5772398114204407
1781536323327789,1766633714,0.025415413081645966,-0.8073357343673706,-0.5894442796707153,0.010882703587412834,0.07006505131721497,-0.48411476612091064,-9.275200843811035,0.45555388927459717,0.12639226019382477,0.5711951851844788
1781536323328278,1766650381,0.025404376909136772,-0.8073301315307617,-0.5894524455070496,0.010882244445383549,0.07554052025079727,-0.4774058163166046,-9.299830436706543,0.42063093185424805,0.13478043675422668,0.515615701675415
1781536323358371,1766667048,0.0253907460719347,-0.8073282837867737,-0.5894556045532227,0.010894319042563438,0.0675402507185936,-0.49040886759757996,-9.297874450683594,0.4567064344882965,0.0562518909573555,0.5752547383308411
1781536323358681,1766683715,0.025391532108187675,-0.8073307871818542,-0.5894519686698914,0.01089228130877018,0.07744276523590088,-0.4930803179740906,-9.303728103637695,0.4791688323020935,0.1948678344488144,0.6318461298942566
1781536323388199,1766700382,0.02538762427866459,-0.8073225021362305,-0.5894634127616882,0.010896272026002407,0.08214905858039856,-0.4864357113838196,-9.321834564208984,0.47829797863960266,0.13868635892868042,0.5028477907180786
1781536323417809,1766717049,0.02538267895579338,-0.8073163628578186,-0.5894720554351807,0.01089650671929121,0.06894537061452866,-0.47572505474090576,-9.30003833770752,0.45675763487815857,0.15739643573760986,0.5572106838226318
1781536323418252,1766733716,0.025368396192789078,-0.8073163628578186,-0.5894724726676941,0.01090659387409687,0.07212495058774948,-0.492994487285614,-9.295352935791016,0.44543683528900146,0.06277032196521759,0.5499750971794128
1781536323445643,1766750383,0.025363154709339142,-0.8073158264160156,-0.5894734263420105,0.010907836258411407,0.07663454860448837,-0.4907521903514862,-9.298782348632812,0.45917803049087524,0.150788351893425,0.5878562331199646
1781536323446363,1766767050,0.025359338149428368,-0.8073126673698425,-0.5894777774810791,0.010913831181824207,0.07207523286342621,-0.4924866855144501,-9.311209678649902,0.4867885410785675,0.1287742406129837,0.5447884798049927
1781536323479427,1766783717,0.02535858377814293,-0.8073111176490784,-0.5894797444343567,0.01092107966542244,0.06271594762802124,-0.47925469279289246,-9.307876586914062,0.5085337162017822,0.13552318513393402,0.5827081203460693
1781536323479760,1766800384,0.02535383030772209,-0.807311475276947,-0.5894792675971985,0.010930711403489113,0.06239408999681473,-0.47699809074401855,-9.309707641601562,0.4958297908306122,0.10636313259601593,0.6018664240837097
1781536323509385,1766817051,0.025352422147989273,-0.8073105216026306,-0.5894807577133179,0.010922489687800407,0.07678509503602982,-0.49240076541900635,-9.317511558532715,0.442017525434494,0.2192382961511612,0.5908528566360474
1781536323509975,1766833718,0.02534787729382515,-0.807316243648529,-0.5894730091094971,0.010936134494841099,0.07629838585853577,-0.4919859766960144,-9.2942476272583,0.5129775404930115,0.08594981580972672,0.6501079201698303
1781536323538151,1766850385,0.025348342955112457,-0.8073099851608276,-0.5894813537597656,0.010942770168185234,0.07190679758787155,-0.47958728671073914,-9.313316345214844,0.513246476650238,0.1419263631105423,0.5187404155731201
1781536323569464,1766867052,0.025349210947752,-0.8073122501373291,-0.5894783139228821,0.010937784798443317,0.07265422493219376,-0.48440802097320557,-9.310487747192383,0.46755340695381165,0.21117031574249268,0.6250587105751038
1781536323569917,1766883719,0.025345223024487495,-0.807310938835144,-0.5894803404808044,0.010932082310318947,0.07227157056331635,-0.48394668102264404,-9.28421688079834,0.43727919459342957,0.19676315784454346,0.6338822841644287
1781536323598280,1766900386,0.02534952573478222,-0.8073154091835022,-0.5894740223884583,0.01093308161944151,0.060751400887966156,-0.498220831155777,-9.307588577270508,0.510582685470581,0.1931389570236206,0.6643357276916504
1781536323599117,1766917053,0.02534765750169754,-0.8073133826255798,-0.5894768238067627,0.01093241386115551,0.06757601350545883,-0.4823695719242096,-9.317536354064941,0.4702299237251282,0.1739550530910492,0.5630375146865845
1781536323629465,1766933720,0.025348542258143425,-0.8073151111602783,-0.5894744992256165,0.010927192866802216,0.06680355221033096,-0.4825519621372223,-9.302945137023926,0.46669530868530273,0.2123100608587265,0.6194623112678528
1781536323629900,1766950387,0.02534526214003563,-0.8073080778121948,-0.5894841551780701,0.010940414853394032,0.07173871994018555,-0.4762292206287384,-9.293975830078125,0.5182281732559204,0.09345433115959167,0.5757414698600769
1781536323659113,1766967054,0.02534465678036213,-0.807303249835968,-0.5894908308982849,0.010934130288660526,0.07355185598134995,-0.4737187325954437,-9.308345794677734,0.4543500542640686,0.21102942526340485,0.5582095384597778
1781536323659703,1766983721,0.025348931550979614,-0.8073014616966248,-0.5894930958747864,0.010939075611531734,0.06897788494825363,-0.47573569416999817,-9.302305221557617,0.5268084406852722,0.16922952234745026,0.5921335220336914
1781536323689280,1767000388,0.025347542017698288,-0.8073071837425232,-0.589485228061676,0.010938381776213646,0.06327025592327118,-0.4730320870876312,-9.302276611328125,0.472074031829834,0.17933371663093567,0.6694198846817017
1781536323719517,1767017055,0.025339653715491295,-0.8073068857192993,-0.5894860625267029,0.010930363088846207,0.07168865203857422,-0.482051283121109,-9.291136741638184,0.40676167607307434,0.19143569469451904,0.591762125492096
1781536323719945,1767033722,0.025348305702209473,-0.8073107600212097,-0.589480459690094,0.010931190103292465,0.06438960880041122,-0.4812251925468445,-9.325064659118652,0.5345306396484375,0.20928776264190674,0.6111510396003723
1781536323748030,1767050389,0.02535337209701538,-0.8073126673698425,-0.5894775986671448,0.010930227115750313,0.0655798390507698,-0.48495912551879883,-9.308911323547363,0.5068689584732056,0.20673932135105133,0.6421168446540833
1781536323748449,1767067056,0.025345254689455032,-0.807310938835144,-0.5894806385040283,0.010923817753791809,0.0661240741610527,-0.4753745198249817,-9.289634704589844,0.41208910942077637,0.18093450367450714,0.572770357131958
1781536323779526,1767083723,0.02534126117825508,-0.8073128461837769,-0.5894781351089478,0.010926180519163609,0.07687057554721832,-0.4899618625640869,-9.301111221313477,0.4702555537223816,0.15091641247272491,0.627286970615387
1781536323780041,1767100390,0.02534313127398491,-0.8073051571846008,-0.5894885063171387,0.010928199626505375,0.06365648657083511,-0.47710537910461426,-9.306371688842773,0.5019897222518921,0.1736605167388916,0.5215833783149719
1781536323809431,1767117057,0.025343412533402443,-0.8073059320449829,-0.5894877314567566,0.010919037275016308,0.06598459929227829,-0.46926993131637573,-9.310165405273438,0.44757550954818726,0.23059751093387604,0.5918133854866028
1781536323809984,1767133724,0.025339102372527122,-0.8073127269744873,-0.5894783139228821,0.010923062451183796,0.07336946576833725,-0.48759081959724426,-9.309228897094727,0.4754292964935303,0.13932667672634125,0.6435126066207886
1781536323841979,1767150391,0.025340605527162552,-0.8073145747184753,-0.5894759297370911,0.010917880572378635,0.06263726949691772,-0.4864714741706848,-9.31314468383789,0.4697432816028595,0.21622879803180695,0.6568312048912048
1781536323869846,1767167058,0.025350654497742653,-0.8073110580444336,-0.5894802808761597,0.010920900851488113,0.0661240741610527,-0.4802524447441101,-9.313774108886719,0.5513709783554077,0.20162954926490784,0.553586483001709
1781536323870386,1767183725,0.02534428983926773,-0.8073137998580933,-0.5894767642021179,0.010919244028627872,0.08523532748222351,-0.4818474352359772,-9.303202629089355,0.440877765417099,0.16218601167201996,0.616683304309845
1781536323900225,1767200392,0.025340627878904343,-0.8073127269744873,-0.5894784927368164,0.010912884026765823,0.08179143816232681,-0.48676472902297974,-9.330403327941895,0.43716394901275635,0.1979285478591919,0.562960684299469
1781536323900766,1767217059,0.0253306832164526,-0.8073177337646484,-0.5894721746444702,0.010908158496022224,0.07144510746002197,-0.4808104336261749,-9.295685768127441,0.4082472324371338,0.16656580567359924,0.6540395021438599
1781536323927436,1767233726,0.025341439992189407,-0.8073164820671082,-0.589473307132721,0.010916638188064098,0.06699308753013611,-0.47302135825157166,-9.296562194824219,0.577419102191925,0.17432641983032227,0.5710670948028564
1781536323927983,1767250393,0.02534286491572857,-0.807317852973938,-0.5894712805747986,0.010921236127614975,0.06655322015285492,-0.47696590423583984,-9.311507225036621,0.5097246766090393,0.1588691771030426,0.600918710231781
1781536323956987,1767267060,0.025337563827633858,-0.8073195815086365,-0.5894689559936523,0.010925663635134697,0.06088888645172119,-0.4787432849407196,-9.314056396484375,0.47135689854621887,0.13323086500167847,0.6167729496955872
1781536323957531,1767283727,0.025333596393465996,-0.8073223829269409,-0.5894654989242554,0.010921341367065907,0.053328029811382294,-0.49321985244750977,-9.301497459411621,0.4433366060256958,0.18749134242534637,0.624047040939331
1781536323989234,1767300394,0.025336407124996185,-0.8073181509971619,-0.5894710421562195,0.010922981426119804,0.07839404046535492,-0.48102134466171265,-9.284399032592773,0.5058700442314148,0.17825797200202942,0.5192526578903198
1781536324019298,1767317061,0.025324998423457146,-0.8073170781135559,-0.5894728899002075,0.01092378981411457,0.08155928552150726,-0.48120734095573425,-9.292191505432129,0.4233587384223938,0.126328244805336,0.5590164065361023
1781536324019726,1767333728,0.025324570015072823,-0.8073166608810425,-0.5894735455513,0.010931516997516155,0.06769760698080063,-0.4782533645629883,-9.306403160095215,0.512017011642456,0.13362784683704376,0.5857176184654236
1781536324048164,1767350395,0.025318074971437454,-0.8073148727416992,-0.589476466178894,0.010920359753072262,0.07506459206342697,-0.4777240753173828,-9.307941436767578,0.40185680985450745,0.2136162966489792,0.5699145197868347
1781536324048439,1767367062,0.02532346174120903,-0.8073110580444336,-0.5894814729690552,0.010922613553702831,0.07824383676052094,-0.48420417308807373,-9.314289093017578,0.5220828652381897,0.18801641464233398,0.5761256217956543
1781536324079721,1767383729,0.025314107537269592,-0.807315468788147,-0.5894757509231567,0.010925449430942535,0.07652368396520615,-0.4857276380062103,-9.32640552520752,0.4427218437194824,0.12424078583717346,0.6035695672035217
1781536324080138,1767400396,0.025314023718237877,-0.8073111176490784,-0.589481770992279,0.010919122025370598,0.08086519688367844,-0.4817759096622467,-9.315190315246582,0.45696255564689636,0.21277107298374176,0.5569289326667786
1781536324109614,1767417063,0.025319190695881844,-0.8073101043701172,-0.5894829630851746,0.010921522974967957,0.06671056896448135,-0.4752421975135803,-9.293231964111328,0.5215066075325012,0.1858009248971939,0.5778673887252808
1781536324110164,1767433730,0.025326596572995186,-0.8073093295097351,-0.5894836187362671,0.01092962920665741,0.06221885606646538,-0.47413355112075806,-9.31104564666748,0.5568649768829346,0.16400451958179474,0.6031854152679443
1781536324137082,1767450397,0.025333857163786888,-0.8073039650917053,-0.589490532875061,0.010927673429250717,0.06760820001363754,-0.4768371880054474,-9.310222625732422,0.5154362916946411,0.21859797835350037,0.5595541596412659
1781536324166226,1767467064,0.02533268742263317,-0.807293713092804,-0.5895046591758728,0.010932433418929577,0.053811538964509964,-0.49659934639930725,-9.310508728027344,0.49581700563430786,0.14701049029827118,0.5316107869148254
1781536324170977,1767483731,0.025336654856801033,-0.8072930574417114,-0.589505672454834,0.0109181497246027,0.06944994628429413,-0.4691912531852722,-9.311113357543945,0.44719135761260986,0.2736268937587738,0.5816708207130432
1781536324200422,1767500398,0.025332877412438393,-0.8073025345802307,-0.5894924998283386,0.010921293869614601,0.0843694731593132,-0.48794493079185486,-9.317832946777344,0.47499388456344604,0.14474375545978546,0.631295382976532
1781536324201454,1767517065,0.025336269289255142,-0.8072978258132935,-0.5894990563392639,0.010928157716989517,0.06753309816122055,-0.4812251925468445,-9.315176010131836,0.529164731502533,0.15607737004756927,0.6036720871925354
1781536324229452,1767533732,0.025336243212223053,-0.80730801820755,-0.5894849300384521,0.010925304144620895,0.07263276726007462,-0.47847864031791687,-9.305248260498047,0.4711776077747345,0.19449642300605774,0.6656164526939392
1781536324229821,1767550399,0.025338632985949516,-0.8073063492774963,-0.5894872546195984,0.010920282453298569,0.07917365431785583,-0.4721273183822632,-9.295084953308105,0.47635143995285034,0.21389807760715485,0.5454416871070862
1781536324259551,1767567066,0.025333784520626068,-0.8073113560676575,-0.5894805192947388,0.010923287831246853,0.072371706366539,-0.4713369607925415,-9.321413040161133,0.4680272936820984,0.14291246235370636,0.6361746191978455
1781536324260023,1767583733,0.025319382548332214,-0.8073042631149292,-0.5894907712936401,0.010928375646471977,0.07547613978385925,-0.48859938979148865,-9.292871475219727,0.4239605963230133,0.09017590433359146,0.5218395590782166
1781536324289078,1767600400,0.025319615378975868,-0.8073002696037292,-0.5894960761070251,0.010933220386505127,0.07617321610450745,-0.4746878743171692,-9.307175636291504,0.5045125484466553,0.14987912774085999,0.5241703391075134
1781536324318907,1767617067,0.02532094530761242,-0.8072983026504517,-0.5894986987113953,0.01093524880707264,0.05414377897977829,-0.4743660092353821,-9.307083129882812,0.4983143210411072,0.1734427958726883,0.6006369590759277
1781536324319153,1767633734,0.025322791188955307,-0.807302713394165,-0.589492678642273,0.010933318175375462,0.0788947120308876,-0.48352110385894775,-9.312186241149902,0.48509812355041504,0.19787728786468506,0.6457537412643433
1781536324348025,1767650401,0.025328248739242554,-0.8072999715805054,-0.5894961953163147,0.0109346779063344,0.06925682723522186,-0.47535306215286255,-9.276005744934082,0.5187532305717468,0.19316458702087402,0.5824008584022522
1781536324348551,1767667068,0.025328118354082108,-0.8072966933250427,-0.5895005464553833,0.010940449312329292,0.06654926389455795,-0.47993066906929016,-9.305782318115234,0.5057676434516907,0.1449999064207077,0.5621284246444702
1781536324378447,1767683735,0.0253260750323534,-0.8072935342788696,-0.5895048975944519,0.010937943123281002,0.07907743752002716,-0.48877814412117004,-9.318795204162598,0.46175211668014526,0.18265056610107422,0.5527541041374207
1781536324378916,1767700402,0.025328751653432846,-0.8072928190231323,-0.589505672454834,0.010940559208393097,0.0853855237364769,-0.4772484302520752,-9.305041313171387,0.5083160996437073,0.1749923676252365,0.5974353551864624
1781536324409591,1767717069,0.025327570736408234,-0.8072918057441711,-0.5895074009895325,0.010931839235126972,0.0673113763332367,-0.4754353165626526,-9.278823852539062,0.44103145599365234,0.22226059436798096,0.5899949073791504
1781536324409955,1767733736,0.02531481347978115,-0.8072962760925293,-0.5895017385482788,0.010934198275208473,0.06637440621852875,-0.4558555781841278,-9.301528930664062,0.42134809494018555,0.11484093219041824,0.6484814882278442
1781536324438728,1767750403,0.025312460958957672,-0.807295560836792,-0.5895026326179504,0.010942140594124794,0.07935961335897446,-0.49394217133522034,-9.30064582824707,0.5020921230316162,0.1246890127658844,0.5913267731666565
1781536324470888,1767767070,0.025315340608358383,-0.8072970509529114,-0.5895007848739624,0.010932676494121552,0.07809324562549591,-0.48560261726379395,-9.309364318847656,0.46022817492485046,0.2437368482351303,0.625148355960846
1781536324471439,1767783737,0.02530674636363983,-0.8072989583015442,-0.5894985198974609,0.010933254845440388,0.07081963121891022,-0.47615769505500793,-9.301955223083496,0.4375353455543518,0.1399925947189331,0.6026860475540161
1781536324499527,1767800404,0.025322044268250465,-0.8072991967201233,-0.589497447013855,0.010934888385236263,0.0888013169169426,-0.4856300950050354,-9.299165725708008,0.5744608044624329,0.23131468892097473,0.600124716758728
1781536324499908,1767817071,0.025321604683995247,-0.8072996139526367,-0.5894969701766968,0.010931363329291344,0.06626354157924652,-0.48042768239974976,-9.299981117248535,0.4665929079055786,0.19388172030448914,0.5592084527015686
1781536324529648,1767833738,0.025332175195217133,-0.8072996139526367,-0.5894966721534729,0.010927674360573292,0.06934265792369843,-0.48399674892425537,-9.306793212890625,0.5266675353050232,0.24134203791618347,0.5918774604797363
1781536324530181,1767850405,0.02532854676246643,-0.8073047399520874,-0.5894898772239685,0.010917367413640022,0.06527328491210938,-0.4826841354370117,-9.309647560119629,0.4208742678165436,0.22085188329219818,0.6180921196937561
1781536324559693,1767867072,0.025327099487185478,-0.8073152899742126,-0.5894754528999329,0.010919922962784767,0.06406410783529282,-0.47055885195732117,-9.323810577392578,0.48454749584198,0.16145604848861694,0.713806688785553
1781536324560118,1767883739,0.025324523448944092,-0.8073171377182007,-0.5894728302955627,0.01092853955924511,0.06909232586622238,-0.488545686006546,-9.300410270690918,0.5033215284347534,0.12065503001213074,0.620281994342804
1781536324588242,1767900406,0.025320058688521385,-0.8073117136955261,-0.5894807577133179,0.010921277105808258,0.07715989649295807,-0.4720880687236786,-9.315672874450684,0.4281098544597626,0.20266686379909515,0.6055930256843567
1781536324588698,1767917073,0.025327757000923157,-0.8073111176490784,-0.5894811153411865,0.010924168862402439,0.06688223034143448,-0.47720909118652344,-9.326970100402832,0.5372968316078186,0.19317738711833954,0.5918006896972656
1781536324619511,1767933740,0.02534330077469349,-0.8073089122772217,-0.589483380317688,0.01092561986297369,0.08231477439403534,-0.4869241416454315,-9.30278491973877,0.575293242931366,0.23227515816688538,0.5688644647598267
1781536324647514,1767950407,0.025342708453536034,-0.8073080778121948,-0.5894847512245178,0.010917306877672672,0.07362338155508041,-0.4780566692352295,-9.325651168823242,0.4459874927997589,0.22137698531150818,0.5822214484214783
1781536324647736,1767967074,0.025345448404550552,-0.8073024749755859,-0.5894924998283386,0.010908481664955616,0.0710771232843399,-0.4778921604156494,-9.30646800994873,0.4629303216934204,0.23542551696300507,0.5134257674217224
1781536324677957,1767983741,0.02533399499952793,-0.8073016405105591,-0.5894943475723267,0.010893996804952621,0.058903709053993225,-0.47374019026756287,-9.311714172363281,0.36036428809165955,0.2125149816274643,0.5949254035949707
1781536324678278,1768000408,0.025335878133773804,-0.8073033094406128,-0.5894920825958252,0.010891551151871681,0.06839817017316818,-0.48765888810157776,-9.309232711791992,0.4836253821849823,0.19808220863342285,0.5851284861564636
1781536324709737,1768017075,0.02534814178943634,-0.8073040843009949,-0.5894904732704163,0.010896364226937294,0.059444718062877655,-0.477845162153244,-9.300169944763184,0.5702987909317017,0.20165517926216125,0.6081799268722534
1781536324710148,1768033742,0.02534194476902485,-0.8073008060455322,-0.589495062828064,0.010893543250858784,0.04722413793206215,-0.4711045026779175,-9.300084114074707,0.4373176097869873,0.16750064492225647,0.5560836791992188
1781536324738485,1768050409,0.02534046210348606,-0.8073012828826904,-0.5894944667816162,0.010895543731749058,0.07262957841157913,-0.48092836141586304,-9.301368713378906,0.4825752377510071,0.16154569387435913,0.6083592176437378
1781536324770969,1768067076,0.025336328893899918,-0.8073071837425232,-0.5894862413406372,0.010913137346506119,0.06566944718360901,-0.46512508392333984,-9.305366516113281,0.5311369895935059,0.06467846035957336,0.6348555088043213
1781536324771826,1768083743,0.025343379005789757,-0.8073127865791321,-0.589478075504303,0.010918933898210526,0.07631190121173859,-0.47134488821029663,-9.317900657653809,0.5451087355613708,0.17632423341274261,0.6654500365257263
1781536324796888,1768100410,0.025338362902402878,-0.8073102831840515,-0.5894820690155029,0.010911940596997738,0.059801340103149414,-0.47381529211997986,-9.33635425567627,0.42620164155960083,0.19840234518051147,0.606374204158783
1781536324797164,1768117077,0.025341255590319633,-0.8073074221611023,-0.5894858241081238,0.010919117368757725,0.06826622039079666,-0.4862211346626282,-9.303367614746094,0.5279609560966492,0.14995595812797546,0.5858840942382812
1781536324830174,1768133744,0.025347808375954628,-0.8073078393936157,-0.5894849896430969,0.010912965051829815,0.05958319082856178,-0.4857848584651947,-9.311796188354492,0.49448511004447937,0.23814046382904053,0.5860505700111389
1781536324831934,1768150411,0.02532956935465336,-0.8073133230209351,-0.5894783735275269,0.010909903794527054,0.06551611423492432,-0.49036598205566406,-9.295685768127441,0.36861154437065125,0.1230626180768013,0.6586881875991821
1781536324859614,1768167078,0.025327403098344803,-0.8073105216026306,-0.5894822478294373,0.010911580175161362,0.0653623417019844,-0.4743660092353821,-9.328351020812988,0.4776192307472229,0.16000893712043762,0.572270929813385
1781536324859978,1768183745,0.025326047092676163,-0.8073042035102844,-0.5894907116889954,0.010910495184361935,0.07208918780088425,-0.47966596484184265,-9.32066535949707,0.47112637758255005,0.17766888439655304,0.5426626205444336
1781536324885716,1768200412,0.02531849592924118,-0.8073034286499023,-0.5894924402236938,0.010905319824814796,0.08021432906389236,-0.47654035687446594,-9.309490203857422,0.4201827347278595,0.1747618317604065,0.564395010471344
1781536324919415,1768217079,0.025319036096334457,-0.8073042035102844,-0.5894913673400879,0.010904889553785324,0.05540260300040245,-0.47613266110420227,-9.284899711608887,0.4840351939201355,0.1826249659061432,0.6014437675476074
1781536324919878,1768233746,0.02531704120337963,-0.8073002696037292,-0.5894967317581177,0.010911540128290653,0.06646738946437836,-0.4802166819572449,-9.349947929382324,0.4988136887550354,0.13228318095207214,0.5669050812721252
1781536324949297,1768250413,0.025315944105386734,-0.8073040843009949,-0.5894916653633118,0.010909565724432468,0.06030558422207832,-0.4629543423652649,-9.288955688476562,0.4683474004268646,0.18594178557395935,0.6434742212295532
1781536324949602,1768267080,0.025324873626232147,-0.8073047399520874,-0.5894905924797058,0.010899211280047894,0.07172441482543945,-0.4746735692024231,-9.28442096710205,0.49031031131744385,0.2721797227859497,0.6088330149650574
1781536324979662,1768283747,0.025324130430817604,-0.8073089718818665,-0.589484453201294,0.010908386670053005,0.0843387246131897,-0.490229070186615,-9.33807373046875,0.5155516266822815,0.12576475739479065,0.6520801186561584
1781536324980060,1768300414,0.02532428316771984,-0.8073142766952515,-0.5894771218299866,0.01091257855296135,0.0725635290145874,-0.4883559048175812,-9.304561614990234,0.5000559091567993,0.15778064727783203,0.6732490062713623
1781536325009776,1768317081,0.02532155066728592,-0.8073221445083618,-0.5894665718078613,0.010907238349318504,0.0672970712184906,-0.4764151871204376,-9.29206657409668,0.44551369547843933,0.19891461730003357,0.6807278990745544
1781536325010357,1768333748,0.02532055787742138,-0.8073275089263916,-0.5894591808319092,0.010911166667938232,0.08140163123607635,-0.47550323605537415,-9.323626518249512,0.4929100573062897,0.15368260443210602,0.6578943133354187
1781536325039389,1768350415,0.025315258651971817,-0.8073315024375916,-0.5894538164138794,0.010913203470408916,0.06373874098062515,-0.47718048095703125,-9.324907302856445,0.46164965629577637,0.14491026103496552,0.615825355052948
1781536325070804,1768367082,0.025314753875136375,-0.8073282241821289,-0.5894584655761719,0.010916298255324364,0.06523001939058304,-0.48236599564552307,-9.292305946350098,0.4917702078819275,0.1620195358991623,0.6367124915122986
1781536325071155,1768383749,0.025318054482340813,-0.8073347210884094,-0.589449405670166,0.010912459343671799,0.08333993703126907,-0.4899725914001465,-9.32118034362793,0.4857639670372009,0.21165692806243896,0.6125597357749939
1781536325098474,1768400416,0.025227203965187073,-0.807341456413269,-0.5894441604614258,0.010908355936408043,0.07836185395717621,-0.4801880717277527,-9.307415962219238,0.5405367612838745,0.11951525509357452,0.6083847284317017
1781536325098815,1768417083,0.025225462391972542,-0.8073410391807556,-0.5894449353218079,0.010904861614108086,0.06414642930030823,-0.49691757559776306,-9.323687553405762,0.4592932462692261,0.19074416160583496,0.5967182517051697
1781536325129003,1768433750,0.025223631411790848,-0.8073412179946899,-0.5894447565078735,0.010905141942203045,0.05519875884056091,-0.48829177021980286,-9.29912281036377,0.4740718603134155,0.16990825533866882,0.6119194030761719
1781536325129411,1768450417,0.02522485889494419,-0.807343065738678,-0.5894423127174377,0.010902696289122105,0.06318443268537521,-0.48155418038368225,-9.30482292175293,0.48023173213005066,0.19643019139766693,0.6031470894813538
1781536325157848,1768467084,0.02521463669836521,-0.807350218296051,-0.5894327163696289,0.010907641611993313,0.06563453376293182,-0.48176512122154236,-9.295363426208496,0.44594907760620117,0.11166496574878693,0.685158908367157
1781536325158428,1768483751,0.025211980566382408,-0.8073543310165405,-0.5894272327423096,0.010906092822551727,0.07331225275993347,-0.4882488548755646,-9.301082611083984,0.46203386783599854,0.17668281495571136,0.6312185525894165
1781536325187672,1768500418,0.02521570771932602,-0.8073534965515137,-0.5894282460212708,0.010907478630542755,0.06829801201820374,-0.47909387946128845,-9.298593521118164,0.5095197558403015,0.18581371009349823,0.5959882736206055
1781536325219622,1768517085,0.025223011150956154,-0.8073523640632629,-0.5894294381141663,0.010907239280641079,0.07758264988660812,-0.4712153375148773,-9.33327865600586,0.5227488279342651,0.20921093225479126,0.5947973132133484
1781536325220080,1768533752,0.025225527584552765,-0.8073577284812927,-0.5894219875335693,0.010901564732193947,0.07434219866991043,-0.4771232604980469,-9.332256317138672,0.47398221492767334,0.2209671437740326,0.6522337794303894
1781536325247800,1768550419,0.025220971554517746,-0.8073573112487793,-0.5894231200218201,0.010890795849263668,0.07930954545736313,-0.48025959730148315,-9.306621551513672,0.414022833108902,0.2199554592370987,0.6021865010261536
1781536325248058,1768567086,0.025219477713108063,-0.807354211807251,-0.5894274115562439,0.010894468985497952,0.0666780099272728,-0.46511444449424744,-9.309268951416016,0.489759624004364,0.15204337239265442,0.5801467895507812
1781536325279413,1768583753,0.025225549936294556,-0.8073481917381287,-0.5894353985786438,0.01089453138411045,0.06924252212047577,-0.4733217656612396,-9.301021575927734,0.5175877809524536,0.20069469511508942,0.5295233130455017
1781536325279665,1768600420,0.02521808259189129,-0.8073565363883972,-0.589424192905426,0.010889648459851742,0.06575572490692139,-0.4767442047595978,-9.310401916503906,0.42156583070755005,0.17674681544303894,0.677628755569458
1781536325309613,1768617087,0.025205474346876144,-0.8073599338531494,-0.5894201397895813,0.010891126468777657,0.07103811949491501,-0.4872940480709076,-9.309249877929688,0.41908133029937744,0.11896458268165588,0.6209990382194519
1781536325310083,1768633754,0.025204626843333244,-0.8073551058769226,-0.5894271731376648,0.010871244594454765,0.06530898809432983,-0.4708934426307678,-9.315186500549316,0.3980661630630493,0.28406402468681335,0.5476186871528625
1781536325338410,1768650421,0.025206344202160835,-0.8073586225509644,-0.5894219875335693,0.010885855183005333,0.06599131971597672,-0.4856168329715729,-9.315069198608398,0.5521777272224426,0.10312312096357346,0.6063230037689209
1781536325369554,1768667088,0.025209587067365646,-0.8073552250862122,-0.5894264578819275,0.010890176519751549,0.05564220994710922,-0.48167935013771057,-9.304715156555176,0.5190605521202087,0.16555407643318176,0.5453519821166992
1781536325370021,1768683755,0.025202585384249687,-0.8073561787605286,-0.5894255042076111,0.010891955345869064,0.06726524233818054,-0.48823097348213196,-9.304443359375,0.45154547691345215,0.13962122797966003,0.6003937125205994
1781536325396775,1768700422,0.025204621255397797,-0.8073571920394897,-0.589424192905426,0.0108794579282403,0.06845970451831818,-0.4867037534713745,-9.280890464782715,0.44357991218566895,0.2565816044807434,0.6180152297019958
1781536325399458,1768717089,0.02520103193819523,-0.8073615431785583,-0.5894181132316589,0.010881830006837845,0.08014995604753494,-0.48120373487472534,-9.314249992370605,0.4737260639667511,0.14658787846565247,0.5542396306991577
1781536325430275,1768733756,0.025197478011250496,-0.8073582649230957,-0.5894226431846619,0.010892168618738651,0.056439705193042755,-0.47771692276000977,-9.31019401550293,0.5055370926856995,0.10544107109308243,0.5639596581459045
1781536325431048,1768750423,0.025203894823789597,-0.8073553442955017,-0.5894262194633484,0.010896454565227032,0.07305476069450378,-0.4800342917442322,-9.303267478942871,0.5362850427627563,0.17975632846355438,0.5670971870422363
1781536325458512,1768767090,0.02519732154905796,-0.8073515892028809,-0.589431643486023,0.010903417132794857,0.06893105059862137,-0.4715730547904968,-9.303224563598633,0.47489142417907715,0.11219003051519394,0.5679296255111694
1781536325459002,1768783757,0.02519727312028408,-0.8073501586914062,-0.5894336104393005,0.010904437862336636,0.08582539856433868,-0.4837607145309448,-9.308899879455566,0.4871727526187897,0.17125290632247925,0.575280487537384
1781536325488245,1768800424,0.025196252390742302,-0.8073504567146301,-0.5894332528114319,0.010905793868005276,0.06472935527563095,-0.47831058502197266,-9.27302360534668,0.48301059007644653,0.16621999442577362,0.5951685905456543
1781536325519633,1768817091,0.025189965963363647,-0.807349681854248,-0.5894345045089722,0.010910551063716412,0.06956438720226288,-0.4875371754169464,-9.316263198852539,0.46773263812065125,0.12518846988677979,0.5790070295333862
1781536325520091,1768833758,0.025184059515595436,-0.8073530197143555,-0.5894303321838379,0.01091075036674738,0.07379467785358429,-0.48574918508529663,-9.320326805114746,0.45119962096214294,0.152337908744812,0.6064382791519165
1781536325549362,1768850425,0.025178667157888412,-0.8073549270629883,-0.5894280076026917,0.010910733602941036,0.06506194174289703,-0.4832350015640259,-9.298060417175293,0.4530310332775116,0.15665367245674133,0.6151977777481079
1781536325549854,1768867092,0.02517085336148739,-0.8073540925979614,-0.5894292593002319,0.01091044582426548,0.07017949223518372,-0.4726744592189789,-9.300130844116211,0.43848299980163574,0.14831672608852386,0.5993179678916931
1781536325579551,1768883759,0.025168463587760925,-0.8073580265045166,-0.5894238948822021,0.010918076150119305,0.07147092372179031,-0.47592517733573914,-9.313506126403809,0.5006962418556213,0.12641789019107819,0.6324095129966736
1781536325580015,1768900426,0.025171412155032158,-0.8073651790618896,-0.5894142389297485,0.010907527059316635,0.07150872051715851,-0.4897800385951996,-9.280366897583008,0.45636069774627686,0.24985827505588531,0.6635033488273621
1781536325605834,1768917093,0.025172719731926918,-0.8073751330375671,-0.5894002914428711,0.010914340615272522,0.0808233916759491,-0.4979865849018097,-9.304614067077637,0.5174341797828674,0.1481374353170395,0.707992672920227
1781536325606917,1768933760,0.025174491107463837,-0.8073728084564209,-0.589403510093689,0.010910586453974247,0.06249779835343361,-0.47236692905426025,-9.292027473449707,0.4776704013347626,0.2058940827846527,0.5823367238044739
1781536325641081,1768950427,0.025170067325234413,-0.8073746562004089,-0.5894010066986084,0.010920214466750622,0.0696287527680397,-0.47823548316955566,-9.3173828125,0.49795567989349365,0.10454463958740234,0.5824135541915894
1781536325667327,1768967094,0.0251796692609787,-0.8073736429214478,-0.58940190076828,0.01092410646378994,0.06009816378355026,-0.48054569959640503,-9.309392929077148,0.5523314476013184,0.19504711031913757,0.5866012573242188
1781536325667692,1768983761,0.02517678588628769,-0.8073762059211731,-0.5893985033035278,0.010932845994830132,0.07422060519456863,-0.48266640305519104,-9.30594253540039,0.5024635195732117,0.1178632527589798,0.6148648858070374
1781536325698083,1769000428,0.02516956813633442,-0.8073766827583313,-0.5893981456756592,0.010929922573268414,0.0713810995221138,-0.47919389605522156,-9.30062484741211,0.4310552775859833,0.1651698797941208,0.6021737456321716
1781536325698391,1769017095,0.025181736797094345,-0.8073729872703552,-0.5894026756286621,0.010934300720691681,0.07006505131721497,-0.492994487285614,-9.302870750427246,0.5686851143836975,0.20168079435825348,0.5546237230300903
1781536325729958,1769033762,0.02517814375460148,-0.8073807954788208,-0.5893918871879578,0.010934275574982166,0.07204432040452957,-0.4895269572734833,-9.308721542358398,0.4623924493789673,0.16618157923221588,0.6904479265213013
1781536325730259,1769050429,0.025168735533952713,-0.8073922991752625,-0.5893763303756714,0.010944311507046223,0.0747867003083229,-0.4666670560836792,-9.294734001159668,0.4706781506538391,0.08784515410661697,0.7249994277954102
1781536325759542,1769067096,0.025170382112264633,-0.8073961734771729,-0.5893709659576416,0.010940185748040676,0.05848529562354088,-0.4684259295463562,-9.320916175842285,0.4752371907234192,0.20862184464931488,0.6404390931129456
1781536325759814,1769083763,0.025169609114527702,-0.8073959350585938,-0.589371383190155,0.010942278429865837,0.06545928120613098,-0.4822515547275543,-9.2946195602417,0.48723676800727844,0.16286475956439972,0.5937983989715576
1781536325789121,1769100430,0.025168130174279213,-0.8073984384536743,-0.5893678665161133,0.010952926240861416,0.06978253275156021,-0.4839824438095093,-9.299423217773438,0.5179848670959473,0.11286875605583191,0.6167601943016052
1781536325819336,1769117097,0.02516990527510643,-0.8074019551277161,-0.5893630981445312,0.010951540432870388,0.08275343477725983,-0.4821693003177643,-9.278559684753418,0.4874929189682007,0.19187112152576447,0.6058619618415833
1781536325819740,1769133764,0.025167519226670265,-0.8074107766151428,-0.5893509984016418,0.010953906923532486,0.07567562162876129,-0.4777357876300812,-9.302279472351074,0.4789894223213196,0.1567176878452301,0.6788325309753418
1781536325849395,1769150431,0.025163624435663223,-0.8074024319648743,-0.5893625020980835,0.01095606293529272,0.06879192590713501,-0.48174014687538147,-9.291204452514648,0.4701274633407593,0.15016084909439087,0.5511020421981812
1781536325879111,1769167098,0.02515983209013939,-0.8074066042900085,-0.5893568992614746,0.010960737243294716,0.07152056694030762,-0.4779350757598877,-9.300613403320312,0.4809487760066986,0.13634279370307922,0.6204355359077454
1781536325908285,1769183765,0.025157976895570755,-0.8074058890342712,-0.5893581509590149,0.010953986085951328,0.08379053324460983,-0.4755246937274933,-9.294402122497559,0.4453856348991394,0.20755890011787415,0.5884453654289246
1781536325908590,1769200432,0.025155898183584213,-0.807403028011322,-0.5893621444702148,0.010951570235192776,0.05655414238572121,-0.47797083854675293,-9.321505546569824,0.46205946803092957,0.18094728887081146,0.5491426587104797
1781536325908688,1769217099,0.025156231597065926,-0.8074011206626892,-0.5893646478652954,0.010954750701785088,0.08233144134283066,-0.4820190966129303,-9.293360710144043,0.49767395853996277,0.1617249846458435,0.5887911319732666
1781536325908891,1769233766,0.025151338428258896,-0.807396411895752,-0.5893712639808655,0.010955914855003357,0.07983525097370148,-0.4742122292518616,-9.328150749206543,0.4611246585845947,0.14911074936389923,0.5267956256866455
1781536325939423,1769250433,0.02513929083943367,-0.807401180267334,-0.5893651247024536,0.010962189175188541,0.07766449451446533,-0.48306334018707275,-9.300349235534668,0.4413003921508789,0.0949142575263977,0.6417710185050964
1781536325970209,1769267100,0.025137683376669884,-0.8074033260345459,-0.5893620848655701,0.010972895659506321,0.06815270334482193,-0.48361673951148987,-9.305302619934082,0.5169987678527832,0.11405974626541138,0.6542571783065796
1781536325970847,1769283767,0.025135880336165428,-0.8074022531509399,-0.5893636345863342,0.010973199270665646,0.0747177004814148,-0.48283448815345764,-9.320565223693848,0.4740462303161621,0.16960088908672333,0.6085769534111023
1781536325999846,1769300434,0.025137925520539284,-0.807401180267334,-0.5893650650978088,0.01097102276980877,0.06260547786951065,-0.4826340973377228,-9.277636528015137,0.48531579971313477,0.1987353414297104,0.6091275811195374
1781536326001244,1769317101,0.025127993896603584,-0.8074048161506653,-0.5893605947494507,0.010963309556245804,0.06965378671884537,-0.47617200016975403,-9.346400260925293,0.396298885345459,0.18179254233837128,0.6388767957687378
1781536326027230,1769333768,0.025134041905403137,-0.8074045181274414,-0.5893607139587402,0.010965125635266304,0.07783972471952438,-0.4768514931201935,-9.323033332824707,0.5239781737327576,0.19197358191013336,0.5944002866744995
1781536326057539,1769350435,0.02512715943157673,-0.8074128031730652,-0.5893495082855225,0.0109736742451787,0.06656158715486526,-0.4726841151714325,-9.2687406539917,0.4788742661476135,0.10453183948993683,0.6988104581832886
1781536326058105,1769367102,0.02512413077056408,-0.8074114918708801,-0.5893515348434448,0.010964938439428806,0.07867690920829773,-0.4681289494037628,-9.310935020446777,0.43060705065727234,0.21439746022224426,0.5984854698181152
1781536326058281,1769383769,0.025125563144683838,-0.8074114322662354,-0.5893515348434448,0.010971151292324066,0.0601339265704155,-0.48097485303878784,-9.338610649108887,0.5159997940063477,0.14934124052524567,0.6076804399490356
1781536326087119,1769400436,0.02512369491159916,-0.8074135184288025,-0.5893489122390747,0.01096758060157299,0.0752505511045456,-0.4728747308254242,-9.289037704467773,0.4581151604652405,0.1900654435157776,0.6118937730789185
1781536326116295,1769417103,0.025118686258792877,-0.8074169754981995,-0.5893440246582031,0.010978322476148605,0.06682143360376358,-0.47137629985809326,-9.303556442260742,0.498403936624527,0.0997038260102272,0.6504536867141724
1781536326116675,1769433770,0.025120334699749947,-0.8074169158935547,-0.5893440246582031,0.010980667546391487,0.06369980424642563,-0.4677714705467224,-9.33584976196289,0.5016950964927673,0.17145781219005585,0.6041587591171265
1781536326146785,1769450437,0.025106830522418022,-0.807408332824707,-0.5893566012382507,0.01097035687416792,0.07072664797306061,-0.49051257967948914,-9.298822402954102,0.36597350239753723,0.18115222454071045,0.5677375197410583
1781536326147271,1769467104,0.025102734565734863,-0.8074050545692444,-0.589361310005188,0.010970927774906158,0.06445040553808212,-0.46726366877555847,-9.298489570617676,0.4624820947647095,0.1577294021844864,0.5802108645439148
1781536326176835,1769483771,0.025107579305768013,-0.807400107383728,-0.5893677473068237,0.01097373478114605,0.06482948362827301,-0.4651322364807129,-9.307390213012695,0.5208791494369507,0.18340614438056946,0.5947973728179932
1781536326177203,1769500438,0.025108130648732185,-0.8074026703834534,-0.5893644690513611,0.010963978245854378,0.06327345967292786,-0.49148187041282654,-9.326641082763672,0.44644853472709656,0.23406805098056793,0.6127774119377136
1781536326207046,1769517105,0.02511109597980976,-0.8074007630348206,-0.5893669128417969,0.010969985276460648,0.06807310879230499,-0.4903552532196045,-9.303482055664062,0.524003803730011,0.15515533089637756,0.5700810551643372
1781536326207594,1769533772,0.02510678395628929,-0.8073996305465698,-0.5893685817718506,0.010975122451782227,0.07179594039916992,-0.48668962717056274,-9.28939151763916,0.48007798194885254,0.13024696707725525,0.5733466148376465
1781536326238589,1769550439,0.025100668892264366,-0.8074089288711548,-0.5893559455871582,0.010978193022310734,0.07024940848350525,-0.4800182282924652,-9.321829795837402,0.4608044922351837,0.13793079555034637,0.6993738412857056
1781536326239256,1769567106,0.025096049532294273,-0.8074132800102234,-0.5893503427505493,0.010970677249133587,0.08097926527261734,-0.48311710357666016,-9.322346687316895,0.4265090525150299,0.202193021774292,0.6510170698165894
1781536326270513,1769583773,0.025102591142058372,-0.8074148893356323,-0.5893479585647583,0.01097027026116848,0.08528538793325424,-0.4794728457927704,-9.308646202087402,0.5176262259483337,0.20647037029266357,0.6108821034431458
1781536326296748,1769600440,0.02509595826268196,-0.8074187636375427,-0.5893430113792419,0.010958798229694366,0.07130242139101028,-0.4939171373844147,-9.313101768493652,0.39914190769195557,0.2162928283214569,0.6581247448921204
1781536326297109,1769617107,0.02510306052863598,-0.8074214458465576,-0.5893388390541077,0.01096973568201065,0.06385483592748642,-0.48193517327308655,-9.319934844970703,0.5667257905006409,0.14562739431858063,0.6143782138824463
1781536326325817,1769633774,0.025104952976107597,-0.8074275255203247,-0.58933025598526,0.010976913385093212,0.07148343324661255,-0.4914056062698364,-9.311312675476074,0.5225310921669006,0.1458963304758072,0.647047221660614
1781536326326471,1769650441,0.02510593645274639,-0.8074278235435486,-0.5893298387527466,0.01097829733043909,0.06810887157917023,-0.4857419431209564,-9.29207706451416,0.4945620596408844,0.17122730612754822,0.5561349391937256
1781536326356960,1769667108,0.02509455382823944,-0.807428240776062,-0.589329719543457,0.010978939943015575,0.08052578568458557,-0.4755426347255707,-9.28892993927002,0.42238542437553406,0.1275448352098465,0.5961035490036011
1781536326357451,1769683775,0.025108568370342255,-0.8074279427528381,-0.589329719543457,0.010971643030643463,0.08587510138750076,-0.48829618096351624,-9.31900691986084,0.5312393307685852,0.2746257781982422,0.5972049236297607
1781536326386943,1769700442,0.025100102648139,-0.807431697845459,-0.5893247127532959,0.01098552718758583,0.07320496439933777,-0.4925617575645447,-9.290840148925781,0.4921928942203522,0.06611277908086777,0.6241238713264465
1781536326419186,1769717109,0.02509940229356289,-0.8074361085891724,-0.5893185138702393,0.01098730880767107,0.06187911331653595,-0.4805886149406433,-9.283519744873047,0.48610979318618774,0.16561810672283173,0.6363795399665833
1781536326419526,1769733776,0.02510465681552887,-0.8074381351470947,-0.5893153548240662,0.010995052754878998,0.0752362459897995,-0.48387157917022705,-9.297012329101562,0.5437127947807312,0.1546686887741089,0.5944643616676331
1781536326446893,1769750443,0.02509954385459423,-0.807436466217041,-0.5893179178237915,0.01099195796996355,0.07548658549785614,-0.48911428451538086,-9.323244094848633,0.4417102336883545,0.17482587695121765,0.6080390810966492
1781536326447078,1769767110,0.025094956159591675,-0.8074387311935425,-0.589314877986908,0.011000134982168674,0.07348427921533585,-0.474526971578598,-9.30986213684082,0.49091216921806335,0.11180582642555237,0.5856791734695435
1781536326478457,1769783777,0.025090645998716354,-0.8074405193328857,-0.5893123149871826,0.0110119404271245,0.061854083091020584,-0.4872332215309143,-9.31267261505127,0.5065615177154541,0.09533686935901642,0.6292847990989685
1781536326478918,1769800444,0.02509705349802971,-0.8074458241462708,-0.5893046855926514,0.011017240583896637,0.0660310909152031,-0.478285551071167,-9.30311393737793,0.5401782393455505,0.17342998087406158,0.6164399981498718
1781536326508389,1769817111,0.025102995336055756,-0.8074538707733154,-0.5892935395240784,0.01102079264819622,0.07326269149780273,-0.4806927740573883,-9.303145408630371,0.5298306941986084,0.1835469752550125,0.6739405393600464
1781536326508736,1769833778,0.025112967938184738,-0.8074551820755005,-0.5892914533615112,0.01101209782063961,0.07523982226848602,-0.48833468556404114,-9.307458877563477,0.502937376499176,0.26660898327827454,0.6073987483978271
1781536326539383,1769850445,0.025129077956080437,-0.8074522018432617,-0.5892946124076843,0.011022605001926422,0.06569842249155045,-0.48589205741882324,-9.302687644958496,0.6148775815963745,0.18472519516944885,0.5945283770561218
1781536326569755,1769867112,0.025142692029476166,-0.8074545860290527,-0.5892904996871948,0.011037585325539112,0.0655517503619194,-0.48032596707344055,-9.326507568359375,0.6193086504936218,0.14900827407836914,0.6097422242164612
1781536326570576,1769883779,0.025142565369606018,-0.8074577450752258,-0.589286208152771,0.011039462871849537,0.07154202461242676,-0.4817902147769928,-9.314475059509277,0.48958033323287964,0.16734695434570312,0.6352397203445435
1781536326598173,1769900446,0.025145214051008224,-0.8074612617492676,-0.5892813205718994,0.011032946407794952,0.056614939123392105,-0.47650817036628723,-9.281574249267578,0.4710367023944855,0.2248346507549286,0.6251866817474365
1781536326598996,1769917113,0.025137655436992645,-0.8074619770050049,-0.5892804861068726,0.011040900833904743,0.04783852398395538,-0.4774952232837677,-9.320526123046875,0.4727015495300293,0.10433973371982574,0.6363027095794678
1781536326628732,1769933780,0.02512957714498043,-0.8074644207954407,-0.5892775058746338,0.011045531369745731,0.062275711447000504,-0.47384753823280334,-9.33059024810791,0.45675763487815857,0.11909265071153641,0.6101649403572083
1781536326629148,1769950447,0.025130964815616608,-0.8074678182601929,-0.589272677898407,0.01104417722672224,0.08057194948196411,-0.4786967933177948,-9.294981002807617,0.484752357006073,0.19215285778045654,0.6478923559188843
1781536326659174,1769967114,0.02513277344405651,-0.8074681162834167,-0.5892720222473145,0.011048492975533009,0.06702209264039993,-0.4791259467601776,-9.299991607666016,0.5106211304664612,0.1596887707710266,0.5842704772949219
1781536326659534,1769983781,0.025126595050096512,-0.8074796199798584,-0.5892565846443176,0.01105189137160778,0.07252548635005951,-0.46825069189071655,-9.302541732788086,0.462405264377594,0.13288508355617523,0.6551408171653748
1781536326689123,1770000448,0.02512727864086628,-0.8074749112129211,-0.5892629623413086,0.011054784059524536,0.0677083358168602,-0.4922327399253845,-9.34081745147705,0.498634397983551,0.1627238690853119,0.5470296144485474
1781536326718428,1770017115,0.025118388235569,-0.8074728846549988,-0.5892661213874817,0.011058692820370197,0.07523982226848602,-0.479108065366745,-9.318233489990234,0.4495604932308197,0.1174534410238266,0.5612446665763855
1781536326718782,1770033782,0.02511398121714592,-0.8074767589569092,-0.5892606973648071,0.011062615551054478,0.07158535718917847,-0.46297571063041687,-9.301336288452148,0.4738541841506958,0.13932667672634125,0.6548206210136414
1781536326749684,1770050449,0.02510892041027546,-0.8074706196784973,-0.5892694592475891,0.01105910912156105,0.06263726949691772,-0.47451263666152954,-9.317797660827637,0.44092899560928345,0.17392942309379578,0.5134897232055664
1781536326750042,1770067116,0.025108594447374344,-0.8074686527252197,-0.5892719626426697,0.011065427213907242,0.06821972876787186,-0.498491108417511,-9.314682960510254,0.5067664384841919,0.14033839106559753,0.5773294568061829
1781536326779209,1770083783,0.025092434138059616,-0.8074719905853271,-0.5892680883407593,0.011065554805099964,0.07359801977872849,-0.47896862030029297,-9.306378364562988,0.3933662474155426,0.11202353239059448,0.6321278214454651
1781536326779718,1770100450,0.025073135271668434,-0.8074711561203003,-0.5892705917358398,0.011052371002733707,0.08096890896558762,-0.47334322333335876,-9.321566581726074,0.3223934471607208,0.17113766074180603,0.5678783655166626
1781536326809833,1770117117,0.025086449459195137,-0.8074708580970764,-0.5892704129219055,0.011049626395106316,0.062308259308338165,-0.4829310178756714,-9.305373191833496,0.5459154844284058,0.2450687140226364,0.5738332867622375
1781536326810487,1770133784,0.025087714195251465,-0.8074714541435242,-0.5892694592475891,0.011055420152842999,0.0719604417681694,-0.48367488384246826,-9.30750846862793,0.5129903554916382,0.1519281417131424,0.6275431513786316
1781536326836104,1770150451,0.025088012218475342,-0.8074744939804077,-0.5892652273178101,0.011058073490858078,0.07517609000205994,-0.48002389073371887,-9.310287475585938,0.4946388304233551,0.166309654712677,0.6667305827140808
1781536326871133,1770167118,0.025095637887716293,-0.8074780106544495,-0.589259684085846,0.011065212078392506,0.05422191321849823,-0.4768070578575134,-9.315666198730469,0.5543805360794067,0.1675518900156021,0.6146472096443176
1781536326871898,1770183785,0.02509412169456482,-0.807468831539154,-0.5892723202705383,0.011072607710957527,0.0809435322880745,-0.48279520869255066,-9.301261901855469,0.5044869780540466,0.1288767009973526,0.5253741145133972
1781536326898140,1770200452,0.02509349212050438,-0.8074776530265808,-0.5892601013183594,0.01108029019087553,0.06671056896448135,-0.4866359829902649,-9.296186447143555,0.5104802846908569,0.13238565623760223,0.6519776582717896
1781536326900705,1770217119,0.025084013119339943,-0.8074854016304016,-0.5892500877380371,0.01107124611735344,0.05823853611946106,-0.4705144464969635,-9.302172660827637,0.39331504702568054,0.18960441648960114,0.6569209098815918
1781536326928213,1770233786,0.0250752791762352,-0.8074851632118225,-0.5892505049705505,0.011083747260272503,0.07904097437858582,-0.4939708113670349,-9.315122604370117,0.48512375354766846,0.07151706516742706,0.5849876999855042
1781536326928473,1770250453,0.025076327845454216,-0.8074894547462463,-0.5892443656921387,0.011092772707343102,0.06363502889871597,-0.49045535922050476,-9.322232246398926,0.5251563191413879,0.1312074512243271,0.6258014440536499
1781536326959657,1770267120,0.025073863565921783,-0.8074906468391418,-0.5892429947853088,0.011088025756180286,0.054043643176555634,-0.47510629892349243,-9.299769401550293,0.45012399554252625,0.1922040730714798,0.5798266530036926
1781536326960082,1770283787,0.025078311562538147,-0.8074918389320374,-0.5892412066459656,0.011085513979196548,0.060173265635967255,-0.4799055755138397,-9.301729202270508,0.4973922073841095,0.20877552032470703,0.5972817540168762
1781536326991416,1770300454,0.025070637464523315,-0.8074914216995239,-0.5892422795295715,0.0110812122002244,0.06621705740690231,-0.48996901512145996,-9.30580997467041,0.4224238991737366,0.17103520035743713,0.6165168881416321
1781536327019442,1770317121,0.0250617153942585,-0.8074961304664612,-0.589236319065094,0.011074820533394814,0.07755005359649658,-0.48106783628463745,-9.30543041229248,0.40727388858795166,0.17646507918834686,0.6233298182487488
1781536327019894,1770333788,0.025052078068256378,-0.8074977397918701,-0.5892345905303955,0.011074341833591461,0.07682017236948013,-0.4620639383792877,-9.31104564666748,0.42727741599082947,0.14067134261131287,0.6059004068374634
1781536327048225,1770350455,0.025047609582543373,-0.8074988722801208,-0.5892329812049866,0.01108642015606165,0.06215090677142143,-0.4786932170391083,-9.308252334594727,0.5067280530929565,0.09291647374629974,0.6256222128868103
1781536327048749,1770367122,0.02505873702466488,-0.8074961304664612,-0.589235782623291,0.011103506200015545,0.07708027213811874,-0.495595782995224,-9.331506729125977,0.6140452027320862,0.1267252266407013,0.5844241380691528
1781536327076961,1770383789,0.02504795603454113,-0.8074935674667358,-0.589239776134491,0.01110178604722023,0.074521005153656,-0.4930195212364197,-9.304214477539062,0.4160975515842438,0.14211846888065338,0.5668666958808899
1781536327077160,1770400456,0.025039521977305412,-0.8073906898498535,-0.5893826484680176,0.011016813106834888,0.06877762079238892,-0.493734747171402,-9.307998657226562,0.4060060977935791,0.24335265159606934,0.6146472096443176
1781536327106926,1770417123,0.025046899914741516,-0.8073945045471191,-0.5893773436546326,0.011017171666026115,0.06606700271368027,-0.4916505515575409,-9.365324020385742,0.5251819491386414,0.2050616592168808,0.6378394365310669
1781536327107338,1770433790,0.025033866986632347,-0.8073914647102356,-0.5893821120262146,0.011005223728716373,0.07552234828472137,-0.4852055013179779,-9.310992240905762,0.36188820004463196,0.19134606420993805,0.60300612449646
1781536327137044,1770450457,0.025023672729730606,-0.807384192943573,-0.5893926024436951,0.010999680496752262,0.07544367015361786,-0.4603937864303589,-9.254294395446777,0.4033679962158203,0.16812816262245178,0.5936576128005981
1781536327168334,1770467124,0.025013316422700882,-0.8073912858963013,-0.5893833637237549,0.010992097668349743,0.06072007492184639,-0.47610414028167725,-9.300410270690918,0.3944931924343109,0.17778414487838745,0.660429835319519
1781536327168619,1770483791,0.025013694539666176,-0.807389497756958,-0.5893858075141907,0.01099110022187233,0.056954678148031235,-0.48829177021980286,-9.327628135681152,0.48110252618789673,0.18341892957687378,0.5838606953620911
1781536327197295,1770500458,0.025001659989356995,-0.8073938488960266,-0.5893805623054504,0.010988716967403889,0.06558728963136673,-0.4802989959716797,-9.29900074005127,0.4063262939453125,0.14137570559978485,0.6306294798851013
1781536327197807,1770517125,0.02499070204794407,-0.8073915243148804,-0.5893841981887817,0.010989351198077202,0.07739660888910294,-0.4720701277256012,-9.310087203979492,0.42449843883514404,0.1288638859987259,0.5899180769920349
1781536327227083,1770533792,0.024986455217003822,-0.8073890209197998,-0.5893880128860474,0.010981207713484764,0.07293675094842911,-0.47804951667785645,-9.321145057678223,0.4259711802005768,0.20645757019519806,0.6178615093231201
1781536327227793,1770550459,0.024977775290608406,-0.8073981404304504,-0.5893760323524475,0.010977137833833694,0.07162070274353027,-0.4948791265487671,-9.301440238952637,0.4178263247013092,0.1660151183605194,0.6899228692054749
1781536327257047,1770567126,0.024979107081890106,-0.8073965907096863,-0.5893776416778564,0.010990719310939312,0.06119963526725769,-0.4756069481372833,-9.282854080200195,0.5454672574996948,0.10650400072336197,0.5931965112686157
1781536327257437,1770583793,0.024988768622279167,-0.8073859214782715,-0.5893917679786682,0.010995011776685715,0.05819562077522278,-0.474126398563385,-9.293278694152832,0.5536504983901978,0.19306211173534393,0.5594005584716797
1781536327286525,1770600460,0.0249855425208807,-0.8073858618736267,-0.5893920660018921,0.010994872078299522,0.061989977955818176,-0.4866252541542053,-9.320575714111328,0.46450552344322205,0.1642606556415558,0.5979477167129517
1781536327317185,1770617127,0.024985378608107567,-0.807388961315155,-0.5893877148628235,0.011002293787896633,0.07731442898511887,-0.4950258135795593,-9.278674125671387,0.5123628377914429,0.1336662769317627,0.5975890755653381
1781536327317467,1770633794,0.024977626278996468,-0.8073849081993103,-0.5893937945365906,0.010995547287166119,0.07077637314796448,-0.4767693281173706,-9.33420181274414,0.41202512383461,0.18473799526691437,0.6134689450263977
1781536327346782,1770650461,0.024989169090986252,-0.8073849678039551,-0.589393138885498,0.010999483987689018,0.05817284807562828,-0.47870445251464844,-9.315570831298828,0.5629350543022156,0.20164236426353455,0.6179511547088623
1781536327347070,1770667128,0.024989750236272812,-0.8073880672454834,-0.5893887877464294,0.011004545725882053,0.08140520751476288,-0.4870758652687073,-9.312365531921387,0.506663978099823,0.15085236728191376,0.6216393113136292
1781536327377178,1770683795,0.024991948157548904,-0.8073865175247192,-0.5893906950950623,0.011009309440851212,0.07310802489519119,-0.48231959342956543,-9.294845581054688,0.5146422982215881,0.15790867805480957,0.5738076567649841
1781536327377532,1770700462,0.02499750815331936,-0.8073866963386536,-0.5893898606300354,0.01102232001721859,0.06647122651338577,-0.47481128573417664,-9.305020332336426,0.5659958720207214,0.12905599176883698,0.651567816734314
1781536327407147,1770717129,0.024980489164590836,-0.8073901534080505,-0.5893858075141907,0.011018429882824421,0.07256154716014862,-0.4857383966445923,-9.322400093078613,0.3726199269294739,0.1284668892621994,0.6104082465171814
1781536327407893,1770733796,0.024979038164019585,-0.8073920011520386,-0.589383602142334,0.011015588417649269,0.07140577584505081,-0.485956609249115,-9.301934242248535,0.46368589997291565,0.18480201065540314,0.5815426707267761
1781536327437438,1770750463,0.024988336488604546,-0.8073926568031311,-0.5893824696540833,0.011008104309439659,0.059400804340839386,-0.47887560725212097,-9.31614875793457,0.5043973326683044,0.25500643253326416,0.5924409627914429
1781536327467330,1770767130,0.025001665577292442,-0.8073903918266296,-0.5893852114677429,0.010999904945492744,0.07123951613903046,-0.46659907698631287,-9.310962677001953,0.5226847529411316,0.2804655134677887,0.660609245300293
1781536327467883,1770783797,0.02499348670244217,-0.8073950409889221,-0.5893788933753967,0.011005289852619171,0.062239911407232285,-0.4774165451526642,-9.342666625976562,0.4591652750968933,0.1142902746796608,0.6470727920532227
1781536327497220,1770800464,0.02498648688197136,-0.8073891997337341,-0.5893873572349548,0.010992350056767464,0.07644116133451462,-0.4792655408382416,-9.29787826538086,0.39205998182296753,0.21727892756462097,0.5205460786819458
1781536327497766,1770817131,0.02499225363135338,-0.8073832988739014,-0.5893954634666443,0.010992522351443768,0.06932120025157928,-0.4710901975631714,-9.297005653381348,0.5151033401489258,0.2008739858865738,0.6016871333122253
1781536327527480,1770833798,0.02499515376985073,-0.8073890805244446,-0.5893874764442444,0.010991692543029785,0.0730055421590805,-0.48123690485954285,-9.310864448547363,0.4952279329299927,0.1948806196451187,0.672122061252594
1781536327528021,1770850465,0.0249998290091753,-0.8073884844779968,-0.589387834072113,0.0109948068857193,0.06842000037431717,-0.4721881151199341,-9.31332015991211,0.5218139886856079,0.1768236756324768,0.57370525598526
1781536327555962,1770867132,0.02499040588736534,-0.8073915839195251,-0.5893841981887817,0.010991960763931274,0.06014857813715935,-0.5004722476005554,-9.323644638061523,0.41900452971458435,0.15432290732860565,0.6233938932418823
1781536327556531,1770883799,0.024985525757074356,-0.8073943853378296,-0.5893806219100952,0.010990235954523087,0.07924553751945496,-0.4834030866622925,-9.314757347106934,0.44889456033706665,0.16537480056285858,0.6030829548835754
1781536327587028,1770900466,0.024976419284939766,-0.8073911666870117,-0.589385449886322,0.0109785757958889,0.07015803456306458,-0.4681970477104187,-9.31228256225586,0.38482439517974854,0.20494642853736877,0.590251088142395
1781536327616994,1770917133,0.02497498132288456,-0.8073773384094238,-0.5894044637680054,0.010979115962982178,0.06412497162818909,-0.4762256443500519,-9.330242156982422,0.4763769805431366,0.17081747949123383,0.5793144106864929
1781536327617361,1770933800,0.024976354092359543,-0.8073813319206238,-0.589398980140686,0.010980552062392235,0.07316166162490845,-0.4701748192310333,-9.289556503295898,0.496700644493103,0.172725647687912,0.6044788956642151
1781536327646741,1770950467,0.024974266067147255,-0.8073872923851013,-0.5893909931182861,0.010973227210342884,0.08193448185920715,-0.47268161177635193,-9.302830696105957,0.4418126046657562,0.20835289359092712,0.6250458359718323
1781536327647095,1770967134,0.0249568372964859,-0.8073815107345581,-0.5893996953964233,0.010971525683999062,0.06260892748832703,-0.47292840480804443,-9.333707809448242,0.3792920708656311,0.1142902746796608,0.5467990636825562
1781536327677297,1770983801,0.024930326268076897,-0.8073875904083252,-0.5893924832344055,0.010972291231155396,0.05962967872619629,-0.4756033718585968,-9.30418586730957,0.3384910523891449,0.06558772921562195,0.6525412201881409
1781536327677726,1771000468,0.024936312809586525,-0.8073862791061401,-0.5893941521644592,0.010966000147163868,0.06273341178894043,-0.47863253951072693,-9.294934272766113,0.490169495344162,0.23744894564151764,0.6277737021446228
1781536327707283,1771017135,0.024929840117692947,-0.8073903918266296,-0.5893887877464294,0.010969113558530807,0.06597785651683807,-0.4831705391407013,-9.324102401733398,0.459152489900589,0.13495972752571106,0.6606348156929016
1781536327707632,1771033802,0.0249190554022789,-0.8073938488960266,-0.5893845558166504,0.010969175025820732,0.06827659159898758,-0.5023928284645081,-9.315047264099121,0.42319226264953613,0.13248810172080994,0.6223309636116028
1781536327737180,1771050469,0.024912815541028976,-0.8073956966400146,-0.5893822908401489,0.010968467220664024,0.08092241734266281,-0.48885324597358704,-9.320976257324219,0.4451935887336731,0.15542426705360413,0.6201027035713196
1781536327767157,1771067136,0.024908777326345444,-0.8073864579200745,-0.5893948078155518,0.010975120589137077,0.08401941508054733,-0.4843508005142212,-9.298027992248535,0.48732641339302063,0.12361328303813934,0.5576844811439514
1781536327767627,1771083803,0.0249056164175272,-0.8073919415473938,-0.589387834072113,0.010967454873025417,0.07355185598134995,-0.4914996325969696,-9.312175750732422,0.43429526686668396,0.20562514662742615,0.6253148317337036
1781536327796746,1771100470,0.024910151958465576,-0.8073960542678833,-0.5893818736076355,0.010962930507957935,0.08378295600414276,-0.4902409315109253,-9.294598579406738,0.48942670226097107,0.2207878679037094,0.6443706750869751
1781536327797047,1771117137,0.024897875264286995,-0.8073989748954773,-0.5893783569335938,0.010964597575366497,0.07662739604711533,-0.47204506397247314,-9.298471450805664,0.42123284935951233,0.1178632378578186,0.6289518475532532
1781536327826763,1771133804,0.024898100644350052,-0.8074000477790833,-0.5893769860267639,0.010957951657474041,0.06663904339075089,-0.47652605175971985,-9.28905200958252,0.4570394456386566,0.2146792709827423,0.6177207231521606
1781536327827097,1771150471,0.02489563636481762,-0.8074076771736145,-0.589366614818573,0.010966280475258827,0.06448673456907272,-0.47848236560821533,-9.299715995788574,0.502386748790741,0.12237107008695602,0.6906784772872925
1781536327856926,1771167138,0.024907326325774193,-0.8074063658714294,-0.5893679261207581,0.010970395058393478,0.06054876744747162,-0.4770052433013916,-9.29658317565918,0.5645999908447266,0.19990073144435883,0.5741919279098511
1781536327857645,1771183805,0.024898551404476166,-0.8074032664299011,-0.5893723964691162,0.010974797420203686,0.06483305990695953,-0.47048941254615784,-9.295170783996582,0.4519937038421631,0.11577580124139786,0.575728714466095
1781536327886865,1771200472,0.024894515052437782,-0.8074100017547607,-0.5893632769584656,0.010977293364703655,0.06764437258243561,-0.4682863652706146,-9.32315444946289,0.4703451991081238,0.14715135097503662,0.6629398465156555
1781536327916792,1771217139,0.024886872619390488,-0.807407021522522,-0.5893677473068237,0.010976513847708702,0.08258926123380661,-0.4703463613986969,-9.317371368408203,0.4374072551727295,0.14859847724437714,0.5646895170211792
1781536327917139,1771233806,0.024884309619665146,-0.807398796081543,-0.5893791317939758,0.010972842574119568,0.06957190483808517,-0.4870077967643738,-9.305130004882812,0.4529542028903961,0.18928426504135132,0.6139811873435974
1781536327946767,1771250473,0.024881822988390923,-0.8073973059654236,-0.5893813371658325,0.010970508679747581,0.07352324575185776,-0.47872182726860046,-9.30234432220459,0.45951101183891296,0.17918004095554352,0.5914292335510254
1781536327947176,1771267140,0.024885421618819237,-0.8073937296867371,-0.5893860459327698,0.010976670309901237,0.06459703296422958,-0.47416216135025024,-9.303460121154785,0.5276920199394226,0.15687137842178345,0.5826952457427979
1781536327976685,1771283807,0.02488444186747074,-0.8073962926864624,-0.5893823504447937,0.01097982469946146,0.06383845955133438,-0.47622570395469666,-9.318666458129883,0.4900413155555725,0.1555010974407196,0.6337413787841797
1781536327976965,1771300474,0.024882452562451363,-0.807400107383728,-0.589377224445343,0.01097860001027584,0.0640852227807045,-0.48920735716819763,-9.303975105285645,0.46652886271476746,0.17611932754516602,0.6483533978462219
1781536328007505,1771317141,0.024872617796063423,-0.8074053525924683,-0.5893706679344177,0.010972494259476662,0.06573104113340378,-0.480166494846344,-9.324817657470703,0.4031374752521515,0.17144501209259033,0.6519904732704163
1781536328007861,1771333808,0.024866420775651932,-0.8074080348014832,-0.5893673896789551,0.010968875139951706,0.06235832720994949,-0.4842756986618042,-9.299981117248535,0.43360379338264465,0.17122730612754822,0.6204612851142883
1781536328069979,1771350475,0.024868853390216827,-0.8074063658714294,-0.5893695950508118,0.010954692959785461,0.06083843857049942,-0.46783944964408875,-9.301461219787598,0.4385598301887512,0.26604554057121277,0.6082695722579956
1781536328070328,1771367142,0.02486797794699669,-0.8074073791503906,-0.5893685221672058,0.010944157838821411,0.07473915815353394,-0.47976967692375183,-9.304722785949707,0.4355759620666504,0.2294449508190155,0.5813890099525452
1781536328070499,1771383809,0.024857820942997932,-0.8074103593826294,-0.5893649458885193,0.01093881856650114,0.07949943840503693,-0.49433544278144836,-9.315919876098633,0.40463581681251526,0.1650674194097519,0.6317436099052429
1781536328099352,1771400476,0.024853257462382317,-0.8074120283126831,-0.5893625617027283,0.010950269177556038,0.07017195224761963,-0.48204416036605835,-9.30861759185791,0.5039234161376953,0.09362082183361053,0.6030317544937134
1781536328099865,1771417143,0.02484932728111744,-0.8074151873588562,-0.5893582701683044,0.010958835482597351,0.06826622039079666,-0.48111075162887573,-9.3008394241333,0.49549686908721924,0.11350907385349274,0.6381852030754089
1781536328127692,1771433810,0.02485189400613308,-0.8074181079864502,-0.5893538594245911,0.010973906144499779,0.061111774295568466,-0.4907808303833008,-9.302597045898438,0.5577741265296936,0.104186050593853,0.6548846960067749
1781536328128243,1771450477,0.024847574532032013,-0.8074238896369934,-0.5893464088439941,0.010967929847538471,0.06691799312829971,-0.4762864410877228,-9.339264869689941,0.4347435534000397,0.19044961035251617,0.6060155630111694
1781536328158824,1771467144,0.024845696985721588,-0.8074238300323486,-0.5893465876579285,0.010969877243041992,0.0787799060344696,-0.48470133543014526,-9.310624122619629,0.4804237186908722,0.15706345438957214,0.5821829438209534
1781536328159109,1771483811,0.02483108825981617,-0.8074219822883606,-0.589349627494812,0.010968613438308239,0.08972346782684326,-0.4797517955303192,-9.289691925048828,0.39655500650405884,0.12356206029653549,0.581440269947052
1781536328187930,1771500478,0.024822069332003593,-0.8074183464050293,-0.5893548130989075,0.010972371324896812,0.0734982118010521,-0.4863141179084778,-9.342759132385254,0.4481390118598938,0.11783763021230698,0.5607708692550659
1781536328216803,1771517145,0.02481766603887081,-0.8074190616607666,-0.5893540382385254,0.01096817385405302,0.07657767832279205,-0.4881558418273926,-9.318827629089355,0.4413003921508789,0.18134431540966034,0.6013669371604919
1781536328217210,1771533812,0.024830853566527367,-0.8074201345443726,-0.5893522500991821,0.010968592017889023,0.06878344714641571,-0.46587899327278137,-9.301552772521973,0.5576204657554626,0.22696052491664886,0.6099984645843506
1781536328247005,1771550479,0.02482409030199051,-0.8074245452880859,-0.5893465280532837,0.010967113077640533,0.06002306193113327,-0.4459494650363922,-9.286473274230957,0.439148873090744,0.15679451823234558,0.6241366267204285
1781536328247309,1771567146,0.024824146181344986,-0.8074270486831665,-0.589343249797821,0.010958707891404629,0.06936769187450409,-0.48479780554771423,-9.284810066223145,0.4493427872657776,0.22167149186134338,0.5978580117225647
1781536328275642,1771583813,0.02482445538043976,-0.8074305057525635,-0.5893381834030151,0.010964233428239822,0.05653311312198639,-0.48343876004219055,-9.306632041931152,0.5067279934883118,0.1475483477115631,0.6409897804260254
1781536328276583,1771600480,0.024833716452121735,-0.8074308037757874,-0.5893374681472778,0.010961226187646389,0.07675255835056305,-0.47574642300605774,-9.297745704650879,0.522006094455719,0.23021337389945984,0.6023530960083008
1781536328307168,1771617147,0.024834871292114258,-0.8074270486831665,-0.589342474937439,0.010964992456138134,0.05939365178346634,-0.48201194405555725,-9.320712089538574,0.5044612884521484,0.15950947999954224,0.5763305425643921
1781536328307669,1771633814,0.024840932339429855,-0.8074263334274292,-0.5893431901931763,0.010963676497340202,0.06134625896811485,-0.47696590423583984,-9.30032730102539,0.5110182166099548,0.20790468156337738,0.5984727740287781
1781536328337624,1771650481,0.02484075352549553,-0.8074303269386292,-0.5893378853797913,0.010959056206047535,0.06828410178422928,-0.49579107761383057,-9.31830883026123,0.4629686772823334,0.20111729204654694,0.6223565340042114
1781536328367029,1771667148,0.024848710745573044,-0.8074358105659485,-0.5893298387527466,0.010971732437610626,0.08615171909332275,-0.47823524475097656,-9.292878150939941,0.5780466794967651,0.13894249498844147,0.6573435664176941
1781536328367351,1771683815,0.024842513725161552,-0.8074360489845276,-0.5893298983573914,0.01096871867775917,0.06776589155197144,-0.47888633608818054,-9.305663108825684,0.43615224957466125,0.16720610857009888,0.5946052074432373
1781536328395722,1771700482,0.024842089042067528,-0.807436466217041,-0.5893291234970093,0.010980140417814255,0.062265343964099884,-0.488313227891922,-9.292677879333496,0.5267571210861206,0.11047395318746567,0.5969231128692627
1781536328396382,1771717149,0.024845147505402565,-0.8074413537979126,-0.5893221497535706,0.010985657572746277,0.06518939882516861,-0.4905913174152374,-9.306968688964844,0.5217882990837097,0.15871548652648926,0.6526307463645935
1781536328428380,1771733816,0.024848198518157005,-0.8074386715888977,-0.5893256068229675,0.010991851799190044,0.06876331567764282,-0.4776740074157715,-9.321870803833008,0.5241959095001221,0.156410351395607,0.6235091686248779
1781536328428877,1771750483,0.0248422734439373,-0.8074423670768738,-0.5893208980560303,0.010981318540871143,0.07425636798143387,-0.49184295535087585,-9.32713794708252,0.40719708800315857,0.20950546860694885,0.6092684268951416
1781536328459083,1771767150,0.024838166311383247,-0.807441771030426,-0.5893222093582153,0.010965704917907715,0.0876925066113472,-0.5034905076026917,-9.302967071533203,0.3965805768966675,0.24622125923633575,0.6032878756523132
1781536328459519,1771783817,0.02483203075826168,-0.8074468374252319,-0.5893154144287109,0.010967670939862728,0.07363727688789368,-0.4849373400211334,-9.31125259399414,0.4562069773674011,0.141619011759758,0.6597766876220703
1781536328487920,1771800484,0.024830715730786324,-0.8074526786804199,-0.5893073678016663,0.010967283509671688,0.08284600079059601,-0.5022068619728088,-9.275155067443848,0.47336748242378235,0.17399346828460693,0.6581630706787109
1781536328519537,1771817151,0.024832626804709435,-0.8074451088905334,-0.5893177390098572,0.010975886136293411,0.07135606557130814,-0.48656803369522095,-9.300921440124512,0.5285243988037109,0.13339734077453613,0.5170755982398987
1781536328520049,1771833818,0.024841394275426865,-0.8074488043785095,-0.5893122553825378,0.010977426543831825,0.07167720049619675,-0.461706280708313,-9.315834999084473,0.5374889373779297,0.20315353572368622,0.624341607093811
1781536328549598,1771850485,0.02483777143061161,-0.8074341416358948,-0.5893326997756958,0.010970218107104301,0.058288879692554474,-0.4714442491531372,-9.353852272033691,0.4337189793586731,0.19929881393909454,0.47441762685775757
1781536328549965,1771867152,0.02483675256371498,-0.8074378371238708,-0.5893277525901794,0.01096622459590435,0.058345820754766464,-0.47881123423576355,-9.262938499450684,0.4604075253009796,0.19573865830898285,0.6568312644958496
1781536328579397,1771883819,0.02484670840203762,-0.8074324131011963,-0.589335024356842,0.010957389138638973,0.049619875848293304,-0.4709221422672272,-9.314983367919922,0.5021689534187317,0.2648673355579376,0.5581710934638977
1781536328579900,1771900486,0.024861523881554604,-0.8074309825897217,-0.5893362164497375,0.010963721200823784,0.07018566131591797,-0.453253835439682,-9.284736633300781,0.5899308919906616,0.203947514295578,0.6551408171653748
1781536328606902,1771917153,0.024867741391062737,-0.8074418306350708,-0.589320957660675,0.010972876101732254,0.07535380125045776,-0.48608002066612244,-9.302878379821777,0.5537145137786865,0.15310631692409515,0.7234243154525757
1781536328607272,1771933820,0.024872619658708572,-0.8074426054954529,-0.5893197059631348,0.010970724746584892,0.06298773735761642,-0.4840790033340454,-9.320844650268555,0.5017463564872742,0.20457501709461212,0.5554561614990234
1781536328637239,1771950487,0.024877266958355904,-0.8074491620063782,-0.5893104672431946,0.010975358076393604,0.06537284702062607,-0.4911559224128723,-9.338464736938477,0.5266804099082947,0.17136816680431366,0.681278645992279
1781536328666678,1771967154,0.024864504113793373,-0.8074511885643005,-0.5893082618713379,0.010964865796267986,0.07369877398014069,-0.47847864031791687,-9.302845001220703,0.3693799376487732,0.18156200647354126,0.5933757424354553
1781536328666992,1771983821,0.02484457567334175,-0.8074554800987244,-0.589303195476532,0.010968327522277832,0.06302350014448166,-0.48606735467910767,-9.308305740356445,0.3856695890426636,0.07679327577352524,0.6426546573638916
1781536328696747,1772000488,0.024834776297211647,-0.8074612021446228,-0.5892956852912903,0.010974748060107231,0.07865191251039505,-0.4778134226799011,-9.310465812683105,0.454055517911911,0.10074114054441452,0.6392865777015686
1781536328697256,1772017155,0.024832241237163544,-0.8074640035629272,-0.5892921686172485,0.010971132665872574,0.08026439696550369,-0.4991527199745178,-9.313931465148926,0.4533127248287201,0.18840061128139496,0.660173773765564
1781536328727338,1772033822,0.024830300360918045,-0.807458758354187,-0.5892994999885559,0.010951538570225239,0.08026769012212753,-0.4806710481643677,-9.288408279418945,0.392572283744812,0.2762393653392792,0.5562502145767212
1781536328727975,1772050489,0.02482113614678383,-0.8074601292610168,-0.5892980694770813,0.010945873335003853,0.08793535828590393,-0.49617016315460205,-9.32805347442627,0.4084393084049225,0.1718163937330246,0.6323967576026917
1781536328757130,1772067156,0.024820178747177124,-0.8074520230293274,-0.5893089175224304,0.01095745712518692,0.09369305521249771,-0.4913351237773895,-9.319170951843262,0.5240038633346558,0.1084761768579483,0.5701578855514526
1781536328757455,1772083823,0.024817969650030136,-0.8074466586112976,-0.5893163084983826,0.010969669558107853,0.06731852889060974,-0.4659547805786133,-9.288040161132812,0.5203154683113098,0.09634856134653091,0.5206997394561768
1781536328786458,1772100490,0.024816332384943962,-0.8074390888214111,-0.5893265008926392,0.010985049419105053,0.04496365413069725,-0.4589168131351471,-9.302695274353027,0.5349404811859131,0.0876658633351326,0.6316668391227722
1781536328816962,1772117157,0.024822574108839035,-0.8074393272399902,-0.5893257856369019,0.010990386828780174,0.02331230416893959,-0.4810599982738495,-9.294412612915039,0.5386158227920532,0.1725207418203354,0.6265186667442322
1781536328817366,1772133824,0.024820294231176376,-0.8074381351470947,-0.5893273949623108,0.010995239950716496,0.03709957376122475,-0.47546032071113586,-9.288751602172852,0.4896700382232666,0.13919863104820251,0.5881764888763428
1781536328878391,1772150491,0.024826159700751305,-0.8074456453323364,-0.5893168449401855,0.010997064411640167,0.04361027106642723,-0.4588523209095001,-9.278972625732422,0.5221213102340698,0.19138449430465698,0.6800107359886169
1781536328878606,1772167158,0.024828985333442688,-0.8074442148208618,-0.5893185138702393,0.011006084270775318,0.047134410589933395,-0.4634156823158264,-9.333661079406738,0.5346843004226685,0.13803322613239288,0.6021225452423096
1781536328878845,1772183825,0.024830110371112823,-0.8074403405189514,-0.589323878288269,0.01100410521030426,0.061511144042015076,-0.4850016236305237,-9.281059265136719,0.4805389642715454,0.19249862432479858,0.5964365005493164
1781536328907075,1772200492,0.024829639121890068,-0.8074480295181274,-0.5893133282661438,0.011005175299942493,0.0625494197010994,-0.49329328536987305,-9.305296897888184,0.4838302731513977,0.16971614956855774,0.6882579922676086
1781536328907244,1772217159,0.02483946830034256,-0.8074551224708557,-0.5893031358718872,0.011005277745425701,0.08810259401798248,-0.48585134744644165,-9.334315299987793,0.5371943116188049,0.21686911582946777,0.6747601628303528
1781536328907344,1772233826,0.02483004331588745,-0.8074604868888855,-0.5892963409423828,0.010997530072927475,0.08317185193300247,-0.47762393951416016,-9.28533935546875,0.39873212575912476,0.18096013367176056,0.6391457319259644
1781536328938938,1772250493,0.024829179048538208,-0.8074665069580078,-0.5892883539199829,0.010988515801727772,0.09806713461875916,-0.48136094212532043,-9.31836223602295,0.4411082863807678,0.2227088212966919,0.6389920115470886
1781536328967162,1772267160,0.02482234314084053,-0.807464599609375,-0.5892913341522217,0.010987256653606892,0.08744151890277863,-0.4865681231021881,-9.289785385131836,0.4396868348121643,0.1538618803024292,0.5684802532196045
1781536328967582,1772283827,0.024806687608361244,-0.807465672492981,-0.58929044008255,0.010993577539920807,0.07638812065124512,-0.4944572150707245,-9.309121131896973,0.42121997475624084,0.07724149525165558,0.6102674007415771
1781536328996104,1772300494,0.02480972930788994,-0.8074621558189392,-0.5892950296401978,0.01098962314426899,0.07547228038311005,-0.4804026484489441,-9.319660186767578,0.4835997521877289,0.2087370753288269,0.5697224736213684
1781536328996825,1772317161,0.024811282753944397,-0.8074667453765869,-0.5892886519432068,0.010991358198225498,0.07102705538272858,-0.4700388014316559,-9.331093788146973,0.4980197250843048,0.17322510480880737,0.6435126662254333
1781536329027243,1772333828,0.024812858551740646,-0.8074657917022705,-0.5892899632453918,0.010989140719175339,0.06646344810724258,-0.46757492423057556,-9.293065071105957,0.48257526755332947,0.19290845096111298,0.5669820308685303
1781536329027635,1772350495,0.02481682039797306,-0.8074651956558228,-0.5892906785011292,0.010981712490320206,0.05779508501291275,-0.4801308512687683,-9.302967071533203,0.4741230309009552,0.23438821732997894,0.6216906309127808
1781536329057193,1772367162,0.024821290746331215,-0.8074641823768616,-0.5892919301986694,0.010980463586747646,0.03724660351872444,-0.47789204120635986,-9.32680606842041,0.5022714138031006,0.20054103434085846,0.6046326160430908
1781536329057514,1772383829,0.02481461502611637,-0.8074657917022705,-0.5892900228500366,0.010975250974297523,0.04986626282334328,-0.47293204069137573,-9.315057754516602,0.42378130555152893,0.179986834526062,0.6569080948829651
1781536329086760,1772400496,0.024823999032378197,-0.807309627532959,-0.5895017981529236,0.011066704988479614,0.05051713064312935,-0.4695417881011963,-9.299098014831543,0.4701530933380127,0.15564195811748505,0.6105875372886658
1781536329116849,1772417163,0.02482425421476364,-0.8073083758354187,-0.5895036458969116,0.011062794364988804,0.06995419412851334,-0.4821693003177643,-9.30331039428711,0.4678351581096649,0.19809500873088837,0.5826568007469177
1781536329117334,1772433830,0.024828093126416206,-0.8073044419288635,-0.5895090103149414,0.011062400415539742,0.07654514163732529,-0.48687559366226196,-9.315991401672363,0.5020152926445007,0.19315177202224731,0.5646127462387085
1781536329147338,1772450497,0.02482934296131134,-0.8073121309280396,-0.5894984602928162,0.011057758703827858,0.06799759715795517,-0.4721488952636719,-9.269092559814453,0.47021710872650146,0.20684173703193665,0.644972562789917
1781536329147807,1772467164,0.024832310155034065,-0.807319700717926,-0.5894880294799805,0.011057110503315926,0.07612713426351547,-0.47456881403923035,-9.305227279663086,0.49542003870010376,0.19418907165527344,0.6885910034179688
1781536329179111,1772483831,0.024837899953126907,-0.8073214292526245,-0.5894852876663208,0.011057197116315365,0.07138867676258087,-0.48195818066596985,-9.352633476257324,0.5132848024368286,0.19897864758968353,0.6224589347839355
1781536329179400,1772500498,0.024826867505908012,-0.8073221445083618,-0.5894849896430969,0.011053414084017277,0.07021848112344742,-0.5040557384490967,-9.31164264678955,0.4051224887371063,0.1538746953010559,0.6312441825866699
1781536329209024,1772517165,0.02482014149427414,-0.8073281645774841,-0.5894770622253418,0.011052984744310379,0.0793059691786766,-0.4681791663169861,-9.285511016845703,0.44269633293151855,0.1522354781627655,0.6645022630691528
1781536329209400,1772533832,0.024814102798700333,-0.8073356747627258,-0.5894668102264404,0.011055290699005127,0.07262561470270157,-0.4649105370044708,-9.293325424194336,0.4574876129627228,0.1405945122241974,0.6822134256362915
1781536329239433,1772550499,0.024827882647514343,-0.8073345422744751,-0.5894677042961121,0.011060520075261593,0.07053298503160477,-0.4730960428714752,-9.294662475585938,0.5800315737724304,0.20183447003364563,0.5789942145347595
1781536329266758,1772567166,0.024829862639307976,-0.8073326349258423,-0.5894702076911926,0.011061731725931168,0.07587281614542007,-0.4812466502189636,-9.335932731628418,0.49784043431282043,0.1780402660369873,0.6020968556404114
1781536329296896,1772583833,0.024821795523166656,-0.8073321580886841,-0.5894713401794434,0.011059384793043137,0.0635635107755661,-0.48210492730140686,-9.291422843933105,0.42796891927719116,0.1551809459924698,0.576343297958374
1781536329359137,1772600500,0.02481771819293499,-0.807332456111908,-0.5894711017608643,0.011060679331421852,0.06737931817770004,-0.47744154930114746,-9.301972389221191,0.464723140001297,0.15224827826023102,0.5939648747444153
1781536329359524,1772617167,0.024801619350910187,-0.8073373436927795,-0.5894653797149658,0.011044967919588089,0.06434644013643265,-0.48164013028144836,-9.314411163330078,0.32915520668029785,0.19657106697559357,0.5993820428848267
1781536329359820,1772633834,0.024801477789878845,-0.8073381185531616,-0.5894643664360046,0.011049470864236355,0.07346244901418686,-0.4822908937931061,-9.285847663879395,0.49959489703178406,0.15022487938404083,0.596705436706543
1781536329387078,1772650501,0.02482318878173828,-0.8073353171348572,-0.5894671678543091,0.01105012558400631,0.04582773521542549,-0.4778061807155609,-9.297529220581055,0.6057723164558411,0.2583104968070984,0.5459666848182678
1781536329387538,1772667168,0.024820061400532722,-0.8073390126228333,-0.5894621014595032,0.011057035066187382,0.04888114705681801,-0.4800047278404236,-9.325496673583984,0.49165505170822144,0.12951701879501343,0.7089660167694092
1781536329387807,1772683835,0.024824485182762146,-0.8073408603668213,-0.5894595384597778,0.01105137076228857,0.07077313959598541,-0.4697026312351227,-9.29769229888916,0.48374056816101074,0.22477062046527863,0.5985495448112488
1781536329388155,1772700502,0.024813411757349968,-0.8073396682739258,-0.5894615054130554,0.011060627177357674,0.07169580459594727,-0.4753780961036682,-9.314940452575684,0.4581535756587982,0.07957226037979126,0.5923768877983093
1781536329388520,1772717169,0.02481529489159584,-0.807343602180481,-0.589455783367157,0.011061109602451324,0.07090586423873901,-0.4943712055683136,-9.308027267456055,0.4946388304233551,0.1802685558795929,0.6089866757392883
1781536329418385,1772733836,0.02482023648917675,-0.8073497414588928,-0.5894473791122437,0.011048691347241402,0.08157328516244888,-0.48764804005622864,-9.308403015136719,0.45951107144355774,0.26336899399757385,0.6033647656440735
1781536329449131,1772750503,0.024811025708913803,-0.8073544502258301,-0.5894414782524109,0.011045386083424091,0.07993538677692413,-0.49254387617111206,-9.324413299560547,0.4176086485385895,0.15615423023700714,0.6115096211433411
1781536329449390,1772767170,0.024814423173666,-0.8073672652244568,-0.5894237756729126,0.011044440791010857,0.0657307431101799,-0.4739795923233032,-9.297779083251953,0.4970081150531769,0.19520080089569092,0.685735285282135
1781536329479030,1772783837,0.02480323053896427,-0.807375431060791,-0.5894131660461426,0.011036211624741554,0.06212944909930229,-0.47742724418640137,-9.315272331237793,0.38595134019851685,0.17862936854362488,0.6901661157608032
1781536329479392,1772800504,0.024797463789582253,-0.8073798418045044,-0.5894074440002441,0.01103436853736639,0.08368644118309021,-0.4719843566417694,-9.303954124450684,0.44227373600006104,0.16372278332710266,0.6424626111984253
1781536329507471,1772817171,0.024786345660686493,-0.8073723316192627,-0.5894182324409485,0.011033672839403152,0.06625309586524963,-0.4674210548400879,-9.320916175842285,0.41781356930732727,0.13279543817043304,0.5198161602020264
1781536329507901,1772833838,0.02478315867483616,-0.8073724508285522,-0.5894181728363037,0.011041553691029549,0.05536326393485069,-0.4665233790874481,-9.26480484008789,0.4962780177593231,0.11906703561544418,0.598639190196991
1781536329539336,1772850505,0.02478373982012272,-0.8073776364326477,-0.5894110202789307,0.011041323654353619,0.07313384860754013,-0.48364973068237305,-9.339822769165039,0.4844193756580353,0.1790519803762436,0.6227151155471802
1781536329569434,1772867172,0.024778766557574272,-0.8073778748512268,-0.5894109606742859,0.011039871722459793,0.07024744153022766,-0.477294921875,-9.290253639221191,0.44833099842071533,0.16428624093532562,0.6095245480537415
1781536329570021,1772883839,0.024762600660324097,-0.8073784708976746,-0.5894107818603516,0.011044375598430634,0.0696648359298706,-0.4641953408718109,-9.332295417785645,0.41044989228248596,0.08541194349527359,0.6059004068374634
1781536329598053,1772900506,0.024752268567681313,-0.8073788285255432,-0.5894102454185486,0.01105599757283926,0.061596594750881195,-0.4627397656440735,-9.29382610321045,0.4711904227733612,0.07193966954946518,0.6523106098175049
1781536329598468,1772917173,0.02475205436348915,-0.8073763847351074,-0.5894138813018799,0.011056220158934593,0.07600155472755432,-0.48551663756370544,-9.30327033996582,0.48149946331977844,0.17472343146800995,0.6034287810325623
1781536329630383,1772933840,0.024742234498262405,-0.8073788285255432,-0.5894109010696411,0.011050050146877766,0.06647060811519623,-0.4760218858718872,-9.331647872924805,0.401946485042572,0.17255917191505432,0.6567800045013428
1781536329631335,1772950507,0.024737464264035225,-0.8073822259902954,-0.5894065499305725,0.011042509227991104,0.07819019258022308,-0.47340402007102966,-9.317654609680176,0.42501071095466614,0.19810780882835388,0.6133665442466736
1781536329659431,1772967174,0.024738144129514694,-0.8073854446411133,-0.5894021987915039,0.011040499433875084,0.0739416629076004,-0.47603967785835266,-9.306085586547852,0.4775039255619049,0.1905904859304428,0.6350732445716858
1781536329659774,1772983841,0.024728285148739815,-0.8073951005935669,-0.589389443397522,0.011042441241443157,0.074521005153656,-0.47928330302238464,-9.312665939331055,0.43502530455589294,0.12527811527252197,0.6618769764900208
1781536329689187,1773000508,0.024729937314987183,-0.8073945641517639,-0.5893901586532593,0.011042517609894276,0.06064523756504059,-0.489788293838501,-9.327792167663574,0.49077123403549194,0.1854679435491562,0.6581246256828308
1781536329715441,1773017175,0.02470514178276062,-0.8073935508728027,-0.5893926024436951,0.01104196161031723,0.06893828511238098,-0.47081488370895386,-9.315634727478027,0.34182068705558777,0.07893194258213043,0.6033006906509399
1781536329717583,1773033842,0.02469818852841854,-0.8073924779891968,-0.5893942713737488,0.01103989314287901,0.0796099528670311,-0.49412456154823303,-9.315079689025879,0.4349484443664551,0.1593686193227768,0.597845196723938
1781536329749735,1773050509,0.02468509040772915,-0.8073883056640625,-0.5894007086753845,0.011033815331757069,0.08656209707260132,-0.4813181757926941,-9.306171417236328,0.3850165009498596,0.1546686887741089,0.5408057570457458
1781536329750035,1773067176,0.02467917464673519,-0.8073903322219849,-0.5893982648849487,0.011027293279767036,0.06626354157924652,-0.47620776295661926,-9.32889461517334,0.4226415455341339,0.18829816579818726,0.6173493266105652
1781536329779055,1773083843,0.02466817945241928,-0.8073976635932922,-0.5893886089324951,0.011030182242393494,0.07292602211236954,-0.4850517213344574,-9.345291137695312,0.43275853991508484,0.11435431241989136,0.6281450986862183
1781536329779416,1773100510,0.024657977744936943,-0.807396411895752,-0.5893908143043518,0.011024830862879753,0.0706944689154625,-0.4752350449562073,-9.31850528717041,0.4036881625652313,0.16392767429351807,0.5881764888763428
1781536329808080,1773117177,0.024659862741827965,-0.8074046969413757,-0.5893794894218445,0.011021035723388195,0.06544774025678635,-0.48433467745780945,-9.297099113464355,0.47653067111968994,0.20693138241767883,0.6951094269752502
1781536329808346,1773133844,0.024664871394634247,-0.8074057102203369,-0.5893777012825012,0.011030039750039577,0.07821693271398544,-0.49156343936920166,-9.297873497009277,0.5460434556007385,0.14730504155158997,0.6313338279724121
1781536329839284,1773150511,0.024663686752319336,-0.8074151277542114,-0.589364767074585,0.01103179156780243,0.07425951957702637,-0.4771662652492523,-9.309128761291504,0.48253682255744934,0.16122552752494812,0.655934751033783
1781536329867919,1773167178,0.024660000577569008,-0.8074061274528503,-0.589377224445343,0.011035451665520668,0.07477492094039917,-0.4696168005466461,-9.307007789611816,0.4762617349624634,0.1406073123216629,0.5507435202598572
1781536329869340,1773183845,0.024646727368235588,-0.8074126243591309,-0.5893690586090088,0.011029413901269436,0.0823633000254631,-0.47732001543045044,-9.324993133544922,0.3837742507457733,0.15521934628486633,0.6332034468650818
1781536329900893,1773200512,0.02464529126882553,-0.8074053525924683,-0.5893790125846863,0.011038697324693203,0.06345979869365692,-0.4840039014816284,-9.246001243591309,0.5111846327781677,0.12025801837444305,0.5947972536087036
1781536329901481,1773217179,0.024666912853717804,-0.8074048161506653,-0.5893786549568176,0.011039831675589085,0.06968136131763458,-0.47873979806900024,-9.301187515258789,0.6067840456962585,0.2564407289028168,0.5875616669654846
1781536329928825,1773233846,0.02465268038213253,-0.8074023723602295,-0.5893826484680176,0.011037364602088928,0.07087356597185135,-0.46945950388908386,-9.372714042663574,0.39311012625694275,0.13059276342391968,0.5644078254699707
1781536329929068,1773250513,0.024594491347670555,-0.8073965311050415,-0.5893931984901428,0.01103226188570261,0.06441464275121689,-0.46383407711982727,-9.325929641723633,0.1378539651632309,-0.03156765550374985,0.566917896270752
1781536329959464,1773267180,0.0246205385774374,-0.8073978424072266,-0.5893902778625488,0.011030278168618679,0.06267723441123962,-0.4970472753047943,-9.224018096923828,0.6185531616210938,0.29254183173179626,0.6142373085021973
1781536329959851,1773283847,0.024653855711221695,-0.8073917031288147,-0.589397132396698,0.011035160161554813,0.06995605677366257,-0.46608272194862366,-9.298104286193848,0.6862474679946899,0.28630515933036804,0.6179255843162537
1781536329989312,1773300514,0.02464115619659424,-0.8074025511741638,-0.5893827676773071,0.011043824255466461,0.08357596397399902,-0.48147907853126526,-9.361298561096191,0.4470888376235962,0.07361730933189392,0.6159918308258057
1781536330019300,1773317181,0.024628743529319763,-0.8074054718017578,-0.5893793702125549,0.011036086827516556,0.07006862759590149,-0.4711366891860962,-9.304343223571777,0.3821478486061096,0.1657973974943161,0.5672508478164673
1781536330019884,1773333848,0.024632897228002548,-0.807409405708313,-0.5893738865852356,0.011034118942916393,0.07868728786706924,-0.49398866295814514,-9.256147384643555,0.4968671202659607,0.2043572962284088,0.6413739323616028
1781536330048984,1773350515,0.02464734949171543,-0.8074128031730652,-0.5893687009811401,0.011030944064259529,0.05769501253962517,-0.47092103958129883,-9.29438591003418,0.5489250421524048,0.2538538873195648,0.6580223441123962
1781536330049331,1773367182,0.024638257920742035,-0.807413637638092,-0.5893678665161133,0.011036771349608898,0.08141951262950897,-0.47899362444877625,-9.346443176269531,0.45502880215644836,0.1063375324010849,0.6042868494987488
1781536330079326,1773383849,0.024611404165625572,-0.807418942451477,-0.5893619060516357,0.011030883528292179,0.06566274166107178,-0.4681362509727478,-9.28918743133545,0.30846014618873596,0.1013430505990982,0.6644383072853088
1781536330079778,1773400516,0.024610009044408798,-0.8074160814285278,-0.5893657207489014,0.011035328730940819,0.06726130843162537,-0.47677281498908997,-9.291723251342773,0.4920007884502411,0.14613966643810272,0.6011492609977722
1781536330109444,1773417183,0.024618329480290413,-0.8074159622192383,-0.5893656611442566,0.011032256297767162,0.07319781184196472,-0.4628148674964905,-9.323687553405762,0.5160254240036011,0.22483468055725098,0.569056510925293
1781536330109926,1773433850,0.024608567357063293,-0.8074135184288025,-0.5893697142601013,0.01101707760244608,0.07266110926866531,-0.4712655544281006,-9.341901779174805,0.3664472997188568,0.2188284993171692,0.5557764172554016
1781536330138177,1773450517,0.024603674188256264,-0.8074100017547607,-0.5893748998641968,0.011011959053575993,0.06648169457912445,-0.4646637737751007,-9.311922073364258,0.43359097838401794,0.18571126461029053,0.6071810126304626
1781536330170094,1773467184,0.024610504508018494,-0.807415783405304,-0.5893663763999939,0.011028754524886608,0.08092695474624634,-0.4668758511543274,-9.316350936889648,0.5873823761940002,0.11261262744665146,0.6873103976249695
1781536330170532,1773483851,0.02462470717728138,-0.8074217438697815,-0.5893576145172119,0.011030077934265137,0.051583677530288696,-0.4772142469882965,-9.294785499572754,0.5658292770385742,0.22726787626743317,0.6653090715408325
1781536330199657,1773500518,0.024600353091955185,-0.8074062466621399,-0.5893793702125549,0.011043479666113853,-0.11232151836156845,-0.48190823197364807,-9.216297149658203,0.40198495984077454,-0.0023051430471241474,0.42339715361595154
1781536330200033,1773517185,0.024434596300125122,-0.8079875707626343,-0.588584840297699,0.011268975213170052,-1.507314920425415,-0.18191589415073395,-9.555533409118652,0.43750980496406555,-1.5693800449371338,7.416177749633789
1781536330225790,1773533852,0.02470099925994873,-0.8087451457977295,-0.5875386595726013,0.010937739163637161,0.042454928159713745,-0.528407633304596,-9.214922904968262,0.575447142124176,3.3289923667907715,9.399882316589355
1781536330227077,1773550519,0.024791335687041283,-0.8095332980155945,-0.586453378200531,0.0106726735830307,0.9383463263511658,-0.61248779296875,-9.270831108093262,-0.13847510516643524,2.2587268352508545,9.76576042175293
1781536330259456,1773567186,0.024892793968319893,-0.8097772598266602,-0.5861110091209412,0.010726057924330235,0.9954069256782532,-0.6515445113182068,-9.25126838684082,1.2455391883850098,0.36414214968681335,3.4903388023376465
1781536330259775,1773583853,0.024973027408123016,-0.8098441958427429,-0.5860156416893005,0.010699003003537655,0.12994416058063507,-1.028344750404358,-9.449699401855469,0.8151690363883972,0.6705853939056396,1.3893033266067505
1781536330286835,1773600520,0.025055065751075745,-0.810736358165741,-0.5847727060317993,0.010939506813883781,0.12906545400619507,-1.3151931762695312,-9.200626373291016,1.8456838130950928,-0.554194986820221,11.150115966796875
1781536330316663,1773617187,0.025461765006184578,-0.8123748302459717,-0.5824767351150513,0.010937344282865524,-0.2803207039833069,-1.1280826330184937,-9.326218605041504,2.6299989223480225,2.3412153720855713,19.953659057617188
1781536330316917,1773633854,0.025785937905311584,-0.8145899176597595,-0.5793570280075073,0.011123690754175186,-0.2573452591896057,-0.40297773480415344,-9.537178993225098,2.884695529937744,1.145601511001587,26.90314483642578
1781536330346875,1773650521,0.02636263146996498,-0.8165555596351624,-0.576566755771637,0.010625369846820831,-0.248517245054245,0.1188570037484169,-9.283207893371582,1.5908912420272827,5.908574104309082,23.923227310180664
1781536330347216,1773667188,0.026877975091338158,-0.818048894405365,-0.5744274854660034,0.010339699685573578,0.07281320542097092,0.9940822124481201,-8.304149627685547,2.127899408340454,4.319247722625732,18.438304901123047
1781536330376645,1773683855,0.02571697160601616,-0.8191705942153931,-0.5728512406349182,0.01181648951023817,-0.299265593290329,0.05437837168574333,-10.359521865844727,-0.3104134798049927,-12.344579696655273,14.250033378601074
1781536330376954,1773700522,0.024874495342373848,-0.81989985704422,-0.5718448162078857,0.011797768995165825,-0.061597347259521484,-0.0889185294508934,-9.240254402160645,-4.383077621459961,-2.7995715141296387,9.20463752746582
1781536330407384,1773717189,0.02306830883026123,-0.8207223415374756,-0.5707139372825623,0.012978182174265385,0.4427943527698517,-0.12585502862930298,-9.240473747253418,-5.106652736663818,-13.319502830505371,10.553872108459473
1781536330408021,1773733856,0.0197888370603323,-0.8184450268745422,-0.5739791989326477,0.0174381285905838,0.6955161094665527,-1.8108474016189575,-8.846416473388672,-0.4522084593772888,-38.58021926879883,-25.761734008789062
1781536330439357,1773750523,0.014079844579100609,-0.8180410265922546,-0.574482798576355,0.024087941274046898,0.3584282398223877,-0.6956526041030884,-9.482466697692871,-5.405961513519287,-59.89061737060547,-2.2334814071655273
1781536330467763,1773767190,0.012265471741557121,-0.8178297281265259,-0.5747350454330444,0.02614867500960827,-0.5177919268608093,-0.3180140554904938,-9.489256858825684,-1.6038564443588257,-18.639984130859375,-1.1351690292358398
1781536330468471,1773783857,0.01154997106641531,-0.8177508115768433,-0.5748191475868225,0.027079077437520027,-0.4562421441078186,-0.48349204659461975,-9.22301197052002,0.12700700759887695,-7.904951095581055,0.019856248050928116
1781536330499579,1773800524,0.009674686938524246,-0.8176476955413818,-0.5748904347419739,0.02932196855545044,-0.6711217761039734,-0.6494673490524292,-9.188390731811523,-1.2023003101348877,-19.871192932128906,0.3174506425857544
1781536330500124,1773817191,0.007630185689777136,-0.8177717328071594,-0.5746116042137146,0.03182437643408775,-0.5572295784950256,-0.2849154770374298,-9.514363288879395,-1.072431206703186,-21.9296817779541,3.2360103130340576
1781536330528109,1773833858,0.005564509890973568,-0.8177530765533447,-0.5745256543159485,0.034193795174360275,0.08473482728004456,-0.3341955542564392,-9.34133243560791,-1.75156569480896,-21.30693244934082,1.5848588943481445
1781536330528546,1773850525,0.0036148875951766968,-0.8176287412643433,-0.5745956897735596,0.03619731590151787,-0.5308694243431091,-0.46835124492645264,-9.1453218460083,-2.5768845081329346,-18.822324752807617,0.2505245804786682
1781536330558408,1773867192,-0.0011426180135458708,-0.8173364400863647,-0.5746450424194336,0.0417499840259552,-0.6009038686752319,-0.38784873485565186,-9.324722290039062,-4.331043243408203,-49.90824508666992,0.48927736282348633
1781536330558915,1773883859,-0.0038288419600576162,-0.8171417713165283,-0.5746833086013794,0.044764194637537,-1.0170820951461792,-0.48701342940330505,-9.300044059753418,-2.716758966445923,-27.431758880615234,0.3601090908050537
1781536330588883,1773900526,-0.0029791283886879683,-0.817409336566925,-0.5743802785873413,0.04382559657096863,-1.0441887378692627,-0.45845088362693787,-9.610063552856445,1.6476974487304688,8.88020133972168,3.1219778060913086
1781536330619358,1773917193,0.002414129441604018,-0.8181745409965515,-0.5737330317497253,0.037616875022649765,-0.6212641596794128,-0.42166608572006226,-9.416640281677246,6.484269618988037,56.58467483520508,5.760778903961182
1781536330619781,1773933860,0.007985590025782585,-0.8190187215805054,-0.572848379611969,0.0314561203122139,-0.5355470180511475,-0.11914994567632675,-9.094385147094727,7.73599100112915,57.04217529296875,7.363142967224121
1781536330647929,1773950527,0.008212452754378319,-0.8194130659103394,-0.5722867250442505,0.031352318823337555,-1.0841983556747437,-0.44083160161972046,-8.875443458557129,1.4508250951766968,1.769587755203247,5.260970115661621
1781536330648217,1773967194,0.0030903122387826443,-0.8200069665908813,-0.5711371898651123,0.03717095032334328,-1.577329158782959,-0.17972537875175476,-9.29275894165039,-5.265909194946289,-52.5665283203125,10.844353675842285
1781536330679528,1773983861,-0.002370051108300686,-0.8208547234535217,-0.5694670081138611,0.04358082264661789,-0.10901454091072083,-0.3218122720718384,-9.332762718200684,-4.723297119140625,-57.15171432495117,14.87629222869873
1781536330679910,1774000528,-0.004213050939142704,-0.8220121264457703,-0.5675546526908875,0.04647623375058174,-0.43216827511787415,-0.13592395186424255,-9.931714057922363,2.009481906890869,-23.065031051635742,16.428115844726562
1781536330709225,1774017195,0.0010856151347979903,-0.8244346380233765,-0.5643064379692078,0.043181270360946655,-0.6197834014892578,0.6310700178146362,-10.911931037902832,18.67974281311035,40.154144287109375,26.812284469604492
1781536330738407,1774033862,0.015051037073135376,-0.8293929100036621,-0.5577296018600464,0.028612736612558365,-0.48133134841918945,0.48302966356277466,-13.974486351013184,25.03792381286621,138.4693145751953,52.865386962890625
1781536330774921,1774050529,0.038233235478401184,-0.8366621136665344,-0.5463577508926392,-0.0052924673072993755,0.05198812484741211,-0.6683810353279114,-13.939082145690918,4.151329040527344,285.1051330566406,85.27741241455078
1781536330775657,1774067196,0.06598450988531113,-0.8428038358688354,-0.5311911106109619,-0.05624862015247345,-0.6217018961906433,-1.1843702793121338,-11.051020622253418,-33.47917175292969,401.54425048828125,98.59001159667969
1781536330775774,1774083863,0.0955127403140068,-0.842137336730957,-0.51768559217453,-0.11697850376367569,0.012723922729492188,-2.0148990154266357,-9.894218444824219,-55.16984939575195,466.6741638183594,60.34127426147461
1781536330799573,1774100530,0.1250496357679367,-0.8332655429840088,-0.5082201957702637,-0.1781666874885559,2.4050421714782715,-1.8842463493347168,-8.506148338317871,-48.1090087890625,473.3143615722656,7.408924102783203
1781536330799978,1774117197,0.15192824602127075,-0.8204934597015381,-0.5015089511871338,-0.22846683859825134,3.624444007873535,-0.6640966534614563,-8.353302001953125,-18.539531707763672,403.9142150878906,-15.907867431640625
1781536330828733,1774133864,0.18389199674129486,-0.8029109239578247,-0.49257397651672363,-0.2808711528778076,5.361396789550781,-0.03237385302782059,-6.795923709869385,4.436101913452148,443.2716369628906,-14.160859107971191
1781536330829305,1774150531,0.21717341244220734,-0.782778263092041,-0.48058804869651794,-0.3303470015525818,5.476015567779541,0.46022793650627136,-5.146435737609863,18.97023582458496,440.34368896484375,0.30257150530815125
1781536330859402,1774167198,0.24657797813415527,-0.7633007168769836,-0.4677989184856415,-0.3711276054382324,4.912093162536621,1.0303312540054321,-3.1516213417053223,24.03285789489746,380.34161376953125,10.974126815795898
1781536330859722,1774183865,0.26727935671806335,-0.7489959001541138,-0.458501398563385,-0.3966658115386963,6.133944034576416,0.32930582761764526,-2.4471020698547363,27.516887664794922,253.1027374267578,12.919144630432129
1781536330888745,1774200532,0.2814793884754181,-0.7394648790359497,-0.4522663354873657,-0.41160210967063904,8.084526062011719,-0.3086814880371094,-4.02541446685791,27.033885955810547,159.3214569091797,13.948105812072754
1781536330917736,1774217199,0.29241636395454407,-0.7315713763237,-0.444885790348053,-0.4258786737918854,9.437686920166016,-0.14479640126228333,-4.424162864685059,6.082701683044434,143.39871215820312,16.906503677368164
1781536330918051,1774233866,0.30080917477607727,-0.7248867750167847,-0.43635135889053345,-0.44005751609802246,10.327958106994629,-0.33377605676651,-3.4653003215789795,-13.452386856079102,133.97341918945312,19.771867752075195
1781536330945750,1774250533,0.30792081356048584,-0.7177163362503052,-0.42742720246315,-0.45538365840911865,10.734813690185547,0.2581172287464142,-2.9317209720611572,-23.30719757080078,138.11663818359375,13.881443977355957
1781536330946687,1774267200,0.3145289123058319,-0.7090234756469727,-0.4174649119377136,-0.4733712375164032,10.385293006896973,1.1116048097610474,-4.884232521057129,-33.5568733215332,156.7312774658203,7.23101282119751
1781536330979342,1774283867,0.32185178995132446,-0.6974742412567139,-0.40364697575569153,-0.4970013201236725,9.697056770324707,1.15895676612854,-5.239894866943359,-52.68001174926758,203.93894958496094,7.907834529876709
1781536330979889,1774300534,0.32849857211112976,-0.6845352053642273,-0.38783079385757446,-0.5225778222084045,9.589280128479004,0.013138942420482635,-2.8867974281311035,-65.20333099365234,220.57864379882812,6.982076168060303
1781536331009618,1774317201,0.333036333322525,-0.6723489761352539,-0.37349414825439453,-0.5454684495925903,9.768807411193848,-1.2178945541381836,-1.1039766073226929,-64.34526824951172,196.25064086914062,0.44023966789245605
1781536331009883,1774333868,0.33550816774368286,-0.6611245274543762,-0.36194899678230286,-0.56510329246521,9.37524127960205,-0.5911006927490234,-0.98558509349823,-57.262760162353516,165.87847900390625,-10.35023307800293
1781536331038035,1774350535,0.33757704496383667,-0.6495578289031982,-0.3514058291912079,-0.5836357474327087,9.433938980102539,-1.434024691581726,-1.0843887329101562,-51.804298400878906,158.8773651123047,-14.818633079528809
1781536331067129,1774367202,0.34245336055755615,-0.6342670321464539,-0.3384239077568054,-0.6048970222473145,9.193467140197754,-1.2595794200897217,-0.9134043455123901,-47.088401794433594,198.4605255126953,-8.054367065429688
1781536331067837,1774383869,0.34837833046913147,-0.6162699460983276,-0.32356560230255127,-0.6278129816055298,9.959466934204102,-1.5269508361816406,0.061739444732666016,-47.86128234863281,223.79957580566406,-5.787298202514648
1781536331096879,1774400536,0.35120677947998047,-0.5996215343475342,-0.30968159437179565,-0.6490033268928528,10.0145845413208,-1.8941559791564941,0.3755631446838379,-56.23772048950195,201.43089294433594,-16.241661071777344
1781536331097346,1774417203,0.3508116602897644,-0.5831926465034485,-0.2978903353214264,-0.6693870425224304,9.901348114013672,-1.6547050476074219,0.47332024574279785,-57.504188537597656,185.17132568359375,-36.750431060791016
1781536331126869,1774433870,0.3488071858882904,-0.5647722482681274,-0.28849178552627563,-0.6900278925895691,9.685074806213379,-0.9074711203575134,0.6325904130935669,-48.667423248291016,186.30218505859375,-58.45457458496094
1781536331127328,1774450537,0.34623345732688904,-0.543620765209198,-0.2807496190071106,-0.7111812233924866,9.512531280517578,-0.4281734526157379,1.905940055847168,-37.4857292175293,196.15286254882812,-74.23738098144531
1781536331157365,1774467204,0.3429849147796631,-0.5225409865379333,-0.27499017119407654,-0.7305428385734558,9.33990478515625,-0.38591116666793823,3.358126640319824,-27.02355194091797,183.07833862304688,-80.54380798339844
1781536331157605,1774483871,0.3401033580303192,-0.5035219788551331,-0.2703864872455597,-0.7467840909957886,8.930145263671875,0.11653848737478256,4.043020725250244,-18.85887908935547,159.47596740722656,-71.5948257446289
1781536331186823,1774500538,0.3396952450275421,-0.4846137762069702,-0.265365332365036,-0.7611425518989563,8.339757919311523,1.2748132944107056,3.439845323562622,-9.197307586669922,157.96092224121094,-52.83842468261719
1781536331216620,1774517205,0.3428451120853424,-0.4611690640449524,-0.2566430866718292,-0.7771197557449341,8.092528343200684,2.375882387161255,3.2423319816589355,-9.070265769958496,202.24436950683594,-33.944610595703125
1781536331216893,1774533872,0.3463808596134186,-0.4392753541469574,-0.24481633305549622,-0.791910707950592,7.201757431030273,2.0611653327941895,4.525315284729004,-25.999950408935547,198.19332885742188,-16.503154754638672
1781536331246831,1774550539,0.3485864996910095,-0.42287614941596985,-0.22981460392475128,-0.8042690753936768,7.361705780029297,1.4857789278030396,5.209808349609375,-56.29765701293945,166.24319458007812,0.8884281516075134
1781536331247106,1774567206,0.34995466470718384,-0.4102694094181061,-0.21126581728458405,-0.8152162432670593,7.162406921386719,1.1261814832687378,5.294251441955566,-86.99332427978516,148.2021942138672,14.749768257141113
1781536331276810,1774583873,0.35092031955718994,-0.39934319257736206,-0.18971993029117584,-0.8254613280296326,6.668313980102539,0.969322681427002,5.90802526473999,-107.88525390625,143.4759063720703,25.01483154296875
1781536331277289,1774600540,0.3519043028354645,-0.38881421089172363,-0.16743586957454681,-0.8348366022109985,6.407562255859375,0.3985013961791992,6.601578712463379,-111.73664855957031,140.69361877441406,29.739173889160156
1781536331308454,1774617207,0.3529246151447296,-0.37807342410087585,-0.14634568989276886,-0.8432603478431702,6.185851573944092,-0.29921942949295044,7.474172592163086,-103.05345916748047,136.56991577148438,28.812122344970703
1781536331309019,1774633874,0.3532658517360687,-0.37068599462509155,-0.12899763882160187,-0.8492083549499512,6.057670593261719,-0.8473166227340698,8.227140426635742,-88.62845611572266,100.96392059326172,24.56241798400879
1781536331341726,1774650541,0.3535776138305664,-0.366629034280777,-0.11565016210079193,-0.8527551293373108,5.712416648864746,-0.7882574796676636,8.380217552185059,-71.1537857055664,65.6808853149414,23.0633544921875
1781536331369702,1774667208,0.3529373109340668,-0.36533239483833313,-0.10457035154104233,-0.8550044894218445,6.400436878204346,-0.5276772975921631,5.810515880584717,-65.86174011230469,39.978363037109375,17.153657913208008
1781536331370160,1774683875,0.3532215654850006,-0.35353121161460876,-0.09028936922550201,-0.8614512085914612,5.92839241027832,-1.2376302480697632,5.538546562194824,-59.79802703857422,120.72966003417969,12.934575080871582
1781536331399529,1774700542,0.3533175587654114,-0.34029918909072876,-0.07495538145303726,-0.8681849241256714,5.779796600341797,-1.3386892080307007,7.062392234802246,-62.16590881347656,132.21337890625,13.880596160888672
1781536331399922,1774717209,0.35270917415618896,-0.3346920907497406,-0.061359915882349014,-0.8716723918914795,5.198302745819092,-1.7292810678482056,8.83054256439209,-70.2839584350586,74.51148223876953,17.422542572021484
1781536331429170,1774733876,0.35163646936416626,-0.34134525060653687,-0.05198818817734718,-0.8701335787773132,5.1487860679626465,-1.7952059507369995,9.460664749145508,-73.64909362792969,-20.974245071411133,22.281068801879883
1781536331429395,1774750543,0.3508791923522949,-0.3582611680030823,-0.04964360594749451,-0.8637524247169495,6.353070259094238,-2.0557384490966797,12.254837036132812,-53.951080322265625,-110.61875915527344,23.05219841003418
1781536331458185,1774767210,0.3501867651939392,-0.37700018286705017,-0.055349256843328476,-0.8556732535362244,7.241477966308594,-2.051511764526367,8.713064193725586,-9.800278663635254,-145.03311157226562,8.32664966583252
1781536331458563,1774783877,0.3497093617916107,-0.38312241435050964,-0.05954988673329353,-0.8528624773025513,7.498570919036865,-1.6744263172149658,5.869478702545166,10.275546073913574,-53.43741226196289,-3.9939582347869873
1781536331490392,1774800544,0.3492724895477295,-0.3812917172908783,-0.06184118241071701,-0.8536984324455261,7.0162129402160645,-1.5311263799667358,6.990820407867432,16.81521987915039,7.41110372543335,-10.75107479095459
1781536331519388,1774817211,0.34844139218330383,-0.3800405263900757,-0.0649566724896431,-0.8543643355369568,6.62824010848999,-1.5765364170074463,7.699084758758545,19.29991912841797,1.4172495603561401,-14.570683479309082
1781536331548355,1774833878,0.34725093841552734,-0.38076716661453247,-0.06879919767379761,-0.8542247414588928,6.731368541717529,-1.3600893020629883,7.4705729484558105,18.25335693359375,-14.207993507385254,-15.767669677734375
1781536331548927,1774850545,0.3458601236343384,-0.38337448239326477,-0.07196167856454849,-0.8533618450164795,6.9099321365356445,-1.1372779607772827,7.368091583251953,9.58648681640625,-25.61833953857422,-12.548009872436523
1781536331549131,1774867212,0.34441307187080383,-0.38809606432914734,-0.07394162565469742,-0.8516417145729065,6.882389545440674,-1.1339566707611084,7.417848587036133,-2.1035304069519043,-37.49942398071289,-6.675894260406494
1781536331579221,1774883879,0.3429465889930725,-0.39519810676574707,-0.07496239989995956,-0.8488736748695374,6.972419738769531,-1.2024588584899902,7.340198993682861,-12.876209259033203,-51.97319412231445,-0.5388069748878479
1781536331579404,1774900546,0.3413144648075104,-0.4040970504283905,-0.0757036879658699,-0.845268726348877,7.160279273986816,-1.347874641418457,7.098684787750244,-18.763389587402344,-64.16236877441406,2.154299020767212
1781536331607652,1774917213,0.3392494022846222,-0.41395390033721924,-0.07706902176141739,-0.84119713306427,7.300867080688477,-1.5051277875900269,6.889099597930908,-18.344919204711914,-72.71619415283203,-0.5023005604743958
1781536331607969,1774933880,0.3367420434951782,-0.42452970147132874,-0.07988561689853668,-0.8366586565971375,7.33878755569458,-1.5390512943267822,6.723801612854004,-12.639419555664062,-81.82291412353516,-5.720454216003418
1781536331639373,1774950547,0.3341120779514313,-0.4353486895561218,-0.08422820270061493,-0.8317129015922546,7.635566711425781,-1.4816179275512695,6.552456855773926,-4.5584821701049805,-88.01190185546875,-9.803391456604004
1781536331665881,1774967214,0.33174216747283936,-0.44438305497169495,-0.08941580355167389,-0.8273305296897888,8.183267593383789,-1.4540307521820068,6.3261027336120605,4.825827121734619,-77.91082000732422,-13.172389030456543
1781536331667244,1774983881,0.33000409603118896,-0.4494735896587372,-0.09446310251951218,-0.8247106671333313,8.624518394470215,-1.3903400897979736,6.456571578979492,13.869587898254395,-49.38368606567383,-15.594064712524414
1781536331699622,1775000548,0.3288818597793579,-0.4522457420825958,-0.09904887527227402,-0.8231037855148315,8.393855094909668,-1.4077508449554443,6.739155292510986,17.75803565979004,-31.65956687927246,-14.479703903198242
1781536331700148,1775017215,0.3278140723705292,-0.4565025269985199,-0.10350637882947922,-0.8206278085708618,8.209807395935059,-1.3073238134384155,6.6935553550720215,14.436341285705566,-42.438026428222656,-10.795884132385254
1781536331729770,1775033882,0.3262784779071808,-0.46430492401123047,-0.1082972064614296,-0.8162321448326111,7.814612865447998,-1.0153164863586426,6.111126899719238,8.223428726196289,-69.55379486083984,-7.631591796875
1781536331730328,1775050549,0.3246612846851349,-0.4742807447910309,-0.11274001747369766,-0.8105199933052063,7.815502643585205,-0.8466841578483582,5.221827030181885,2.114529848098755,-85.23484802246094,-2.406400442123413
1781536331758229,1775067216,0.3231058120727539,-0.48331862688064575,-0.11576142907142639,-0.8053603768348694,8.401337623596191,-0.9575099945068359,4.444726467132568,-3.939836263656616,-74.98516845703125,0.6128536462783813
1781536331758710,1775083883,0.3213478922843933,-0.4886786937713623,-0.11662614345550537,-0.8026999235153198,8.895442008972168,-1.287729263305664,3.9796950817108154,-10.373543739318848,-41.68498992919922,-1.8199604749679565
1781536331789131,1775100550,0.31958937644958496,-0.48857051134109497,-0.11578236520290375,-0.8035894632339478,8.929017066955566,-1.2598429918289185,4.504495620727539,-10.569676399230957,4.196559906005859,-8.311134338378906
1781536331819449,1775117217,0.31795957684516907,-0.48719704151153564,-0.11589714884757996,-0.8050522208213806,8.541769981384277,-1.36312735080719,5.875326633453369,-2.517014265060425,11.108797073364258,-13.085516929626465
1781536331820000,1775133884,0.31633347272872925,-0.48746877908706665,-0.11810103803873062,-0.8052076697349548,8.480369567871094,-1.3258702754974365,6.245689392089844,6.503359794616699,-6.941061973571777,-15.89465618133545
1781536331849422,1775150551,0.3150328993797302,-0.4865787625312805,-0.12070997059345245,-0.8058688640594482,8.609638214111328,-0.9079028367996216,4.368196964263916,11.952947616577148,0.5673030018806458,-17.4927978515625
1781536331849896,1775167218,0.31450155377388,-0.4809136390686035,-0.12167379260063171,-0.8093246817588806,8.602161407470703,-1.002899169921875,4.650189399719238,13.434468269348145,40.57634735107422,-17.74348258972168
1781536331876686,1775183885,0.31363630294799805,-0.47795119881629944,-0.12300987541675568,-0.8112112879753113,8.17320442199707,-0.7587534785270691,6.442220687866211,9.870498657226562,19.26465606689453,-15.177674293518066
1781536331876936,1775200552,0.31213104724884033,-0.4791063070297241,-0.12447205930948257,-0.810887336730957,8.338151931762695,-0.8622300028800964,5.8969221115112305,1.460636019706726,-11.779702186584473,-10.912006378173828
1781536331909524,1775217219,0.310211181640625,-0.4811128079891205,-0.1248999610543251,-0.810370147228241,8.484740257263184,-0.6151781678199768,5.475707530975342,-7.333207130432129,-15.299241065979004,-8.672944068908691
1781536331910046,1775233886,0.3099122643470764,-0.47730720043182373,-0.12242858111858368,-0.8131074905395508,8.367920875549316,-0.4447839558124542,4.419703960418701,-8.524126052856445,35.424049377441406,-1.9833415746688843
1781536331939770,1775250553,0.30967822670936584,-0.47131678462028503,-0.11849699914455414,-0.8172628879547119,8.39669132232666,-1.1693469285964966,6.073073387145996,-13.01330852508545,55.45796203613281,-1.6889079809188843
1781536331969906,1775267220,0.30914250016212463,-0.4690852761268616,-0.11697372049093246,-0.8189672231674194,8.12841510772705,-1.3009198904037476,6.759705066680908,-6.464912414550781,21.019641876220703,-2.907263994216919
1781536331970227,1775283887,0.3089164197444916,-0.468229740858078,-0.11715250462293625,-0.8195164203643799,8.251129150390625,-1.2770916223526,5.353388786315918,2.1217241287231445,6.1753692626953125,-3.0912225246429443
1781536331999384,1775300554,0.3085874915122986,-0.46777141094207764,-0.11703871935606003,-0.8199182152748108,8.151106834411621,-0.7151936888694763,5.166530132293701,-0.5827018618583679,4.001363754272461,-2.0962204933166504
1781536332033051,1775317221,0.30920568108558655,-0.46470943093299866,-0.11517861485481262,-0.8216879367828369,7.88580846786499,-0.3697925806045532,4.543647766113281,-2.9579286575317383,27.545047760009766,3.86242413520813
1781536332035087,1775333888,0.30905044078826904,-0.46327242255210876,-0.11309566348791122,-0.8228464126586914,8.051385879516602,-0.8757830262184143,6.245833873748779,-9.659062385559082,16.273622512817383,2.791743278503418
1781536332035663,1775350555,0.30824679136276245,-0.4655241370201111,-0.11320360004901886,-0.8218615055084229,8.207442283630371,-1.1228910684585571,6.481368064880371,-5.501741409301758,-16.582317352294922,-0.43240681290626526
1781536332056875,1775367222,0.3077699840068817,-0.46730807423591614,-0.11380859464406967,-0.8209437131881714,8.634748458862305,-0.8611243963241577,5.786011219024658,-0.707653820514679,-14.5250244140625,-0.6824252605438232
1781536332057503,1775383889,0.3076457381248474,-0.46675950288772583,-0.1136859878897667,-0.8213193416595459,8.696200370788574,-0.8507676720619202,5.760275363922119,0.2417134940624237,4.6109209060668945,-0.9164866209030151
1781536332089868,1775400556,0.3078196942806244,-0.4651966691017151,-0.11305392533540726,-0.8222275972366333,8.751681327819824,-0.7425614595413208,5.924473762512207,0.050271354615688324,13.357420921325684,0.4834720194339752
1781536332118581,1775417223,0.3082889914512634,-0.4629833698272705,-0.11158360540866852,-0.82350093126297,8.552399635314941,-0.8734342455863953,5.690304756164551,-2.6513025760650635,20.20584487915039,3.5562326908111572
1781536332119062,1775433890,0.3086056411266327,-0.46063125133514404,-0.10956123471260071,-0.824971616268158,8.41763973236084,-1.0642428398132324,5.774738788604736,-6.12066650390625,22.672672271728516,3.9244179725646973
1781536332149345,1775450557,0.30897951126098633,-0.45902568101882935,-0.10783597826957703,-0.8259532451629639,8.24929428100586,-1.1583625078201294,5.941086769104004,-5.469815731048584,16.30153465270996,4.908339977264404
1781536332149815,1775467224,0.3094520568847656,-0.4582766592502594,-0.10643918067216873,-0.826373279094696,8.183727264404297,-1.0256297588348389,5.884349346160889,-4.6968207359313965,9.039691925048828,6.26013708114624
1781536332177765,1775483891,0.31001317501068115,-0.45672956109046936,-0.10475096106529236,-0.82723468542099,8.084089279174805,-0.9297969937324524,5.796428680419922,-4.698731422424316,15.649317741394043,6.158227443695068
1781536332178018,1775500558,0.310189813375473,-0.45526349544525146,-0.1031607910990715,-0.8281760811805725,8.079096794128418,-0.9860363006591797,6.068579196929932,-5.57904052734375,14.952610969543457,3.5521836280822754
1781536332209967,1775517225,0.309992253780365,-0.45381787419319153,-0.10153493285179138,-0.8292436599731445,8.040984153747559,-0.9776215553283691,6.069601535797119,-7.087285041809082,15.041335105895996,1.2780429124832153
1781536332210322,1775533892,0.3094148635864258,-0.4523492157459259,-0.0993637964129448,-0.8305238485336304,7.921738624572754,-0.9311110973358154,6.021162509918213,-11.480703353881836,16.73185920715332,0.3456246256828308
1781536332238806,1775550559,0.30868130922317505,-0.4512977600097656,-0.09687812626361847,-0.8316616415977478,7.920165061950684,-0.9335343837738037,6.17146110534668,-14.553309440612793,14.468127250671387,1.0197261571884155
1781536332269083,1775567226,0.3079114258289337,-0.4503325819969177,-0.09431403875350952,-0.8327642679214478,7.95635461807251,-1.0964187383651733,6.198182582855225,-15.274209022521973,14.00739574432373,1.187720537185669
1781536332270415,1775583893,0.3072465658187866,-0.4493938684463501,-0.0919523537158966,-0.8337804079055786,8.15778636932373,-1.1917890310287476,6.106281757354736,-13.790766716003418,13.22657585144043,1.3626679182052612
1781536332298853,1775600560,0.306951105594635,-0.4475291669368744,-0.08960272371768951,-0.835146963596344,8.155674934387207,-1.1515476703643799,6.144574165344238,-10.845909118652344,19.825040817260742,2.117527484893799
1781536332299208,1775617227,0.3069057762622833,-0.44535839557647705,-0.08695421367883682,-0.8366028666496277,7.965373516082764,-1.073207974433899,6.2213897705078125,-11.202366828918457,22.641223907470703,4.096292972564697
1781536332327624,1775633894,0.3067164421081543,-0.44332751631736755,-0.08399218320846558,-0.8380520939826965,7.894075393676758,-1.1852822303771973,6.125148296356201,-13.738238334655762,22.39095115661621,4.325515270233154
1781536332328255,1775650561,0.30621787905693054,-0.4419926106929779,-0.08105859160423279,-0.8392276763916016,7.653868198394775,-1.3171025514602661,6.079751968383789,-15.82707691192627,17.30739974975586,3.4367122650146484
1781536332359617,1775667228,0.30564722418785095,-0.4419943392276764,-0.0789734497666359,-0.8396335244178772,7.550667762756348,-1.3427982330322266,6.116304874420166,-13.535797119140625,5.428660869598389,2.807711601257324
1781536332359994,1775683895,0.3053703308105469,-0.442211776971817,-0.07707269489765167,-0.8397963643074036,7.5443644523620605,-1.150046944618225,6.030695915222168,-11.900602340698242,3.2158877849578857,4.570826053619385
1781536332393443,1775700562,0.30512285232543945,-0.44140586256980896,-0.07455813884735107,-0.840536892414093,7.733010292053223,-1.298577070236206,6.095654487609863,-13.51317310333252,12.18510913848877,4.851198196411133
1781536332419227,1775717229,0.3046857714653015,-0.43970397114753723,-0.07144571095705032,-0.8418567180633545,7.728688716888428,-1.347307562828064,6.535928249359131,-15.96142292022705,20.276756286621094,3.8963215351104736
1781536332449198,1775733896,0.3039870262145996,-0.43751224875450134,-0.06839258223772049,-0.8435032367706299,7.736733913421631,-1.413027048110962,6.473726272583008,-15.544174194335938,23.845947265625,1.2769567966461182
1781536332449443,1775750563,0.30298182368278503,-0.4351712763309479,-0.06564702093601227,-0.8452922105789185,7.767343044281006,-1.4356963634490967,6.699942588806152,-14.437588691711426,24.35167121887207,-1.7929071187973022
1781536332449637,1775767230,0.3018774688243866,-0.4332064688205719,-0.0633053407073021,-0.8468737602233887,7.697837829589844,-1.5367261171340942,6.720232009887695,-13.077640533447266,20.657716751098633,-2.975740909576416
1781536332479411,1775783897,0.3009290099143982,-0.4317812919616699,-0.061295077204704285,-0.8480860590934753,7.719311237335205,-1.6540725231170654,6.592581272125244,-11.643356323242188,15.79499340057373,-2.0542690753936768
1781536332479809,1775800564,0.30052775144577026,-0.42984139919281006,-0.059266913682222366,-0.849357008934021,7.731868267059326,-1.6006795167922974,6.307862758636475,-9.083211898803711,19.236927032470703,0.8508744835853577
1781536332509594,1775817231,0.30076509714126587,-0.42788615822792053,-0.05726354569196701,-0.8503971099853516,7.457999229431152,-1.6577526330947876,6.613399982452393,-6.925632476806641,18.852863311767578,4.977880477905273
1781536332510068,1775833898,0.3012736737728119,-0.4269639551639557,-0.05562419071793556,-0.8507893085479736,7.255403995513916,-1.5740407705307007,6.624399185180664,-5.880897521972656,10.259781837463379,7.238941192626953
1781536332539624,1775850565,0.3016887903213501,-0.427333265542984,-0.054802604019641876,-0.8505100011825562,7.368203163146973,-1.6126251220703125,6.760951042175293,-3.7905519008636475,-0.997089684009552,6.176508903503418
1781536332569779,1775867232,0.3018909692764282,-0.42780521512031555,-0.05445140227675438,-0.8502235412597656,7.426564693450928,-1.51425302028656,6.665265083312988,-1.8762708902359009,-2.675745725631714,3.6029961109161377
1781536332570301,1775883899,0.3020353615283966,-0.4272160232067108,-0.05416211485862732,-0.8504870533943176,7.562104225158691,-1.5749560594558716,6.665897846221924,0.31202033162117004,4.993868350982666,1.544721245765686
1781536332596948,1775900566,0.30147600173950195,-0.4270205497741699,-0.05450432375073433,-0.8507616519927979,7.617370128631592,-1.645188808441162,6.844168663024902,1.1151961088180542,1.1498630046844482,-4.301845073699951
1781536332597393,1775917233,0.3006211519241333,-0.4274788796901703,-0.055253103375434875,-0.8507858514785767,7.548071384429932,-1.6759281158447266,6.616495609283447,1.3644847869873047,-4.36376428604126,-6.459537029266357
1781536332652044,1775933900,0.30014222860336304,-0.42817750573158264,-0.056350477039813995,-0.8505315184593201,7.882956027984619,-1.4411406517028809,6.2745819091796875,4.117325782775879,-7.166961193084717,-4.618227958679199
1781536332681860,1775950567,0.3006393313407898,-0.42707645893096924,-0.05580390244722366,-0.8509454131126404,7.5525641441345215,-1.2889323234558105,5.247560501098633,0.8319326639175415,9.094989776611328,3.853489398956299
1781536332682370,1775967234,0.3017171025276184,-0.42351219058036804,-0.05320654436945915,-0.8525102734565735,7.52133321762085,-1.5070013999938965,6.5427165031433105,-4.811645984649658,31.3483829498291,9.948888778686523
1781536332711709,1775983901,0.30230993032455444,-0.4223511219024658,-0.05121181905269623,-0.8529984354972839,7.831480026245117,-2.0674092769622803,6.616201400756836,-7.283900737762451,12.699358940124512,8.463821411132812
1781536332740612,1776000568,0.3028898537158966,-0.4199557900428772,-0.04966852068901062,-0.8540659546852112,7.885509967803955,-1.711389422416687,6.7808098793029785,-2.3123695850372314,20.676633834838867,5.438525676727295
1781536332741168,1776017235,0.3038265109062195,-0.41766902804374695,-0.04921535775065422,-0.8548804521560669,6.103769779205322,-1.852587103843689,6.617390155792236,4.978902339935303,17.16069793701172,4.949230670928955
1781536332741413,1776033902,0.3036862015724182,-0.4215097725391388,-0.0510309636592865,-0.8529365658760071,7.380035877227783,-1.4663739204406738,8.099196434020996,3.3544366359710693,-31.88223648071289,-0.0607791543006897
1781536332771222,1776050569,0.30260398983955383,-0.42717039585113525,-0.053181588649749756,-0.8503697514533997,6.8466105461120605,-1.550610899925232,6.828742980957031,-0.9925761222839355,-45.39280319213867,-4.615121364593506
1781536332771819,1776067236,0.30209702253341675,-0.43443435430526733,-0.05507412925362587,-0.8467419147491455,7.466732978820801,-1.6586978435516357,7.165456295013428,-3.7599244117736816,-57.13813400268555,2.30033540725708
1781536332771988,1776083903,0.30262529850006104,-0.4372673034667969,-0.054607659578323364,-0.8451234698295593,8.72709846496582,-1.5810039043426514,5.05369234085083,-5.959125518798828,-20.049758911132812,9.521774291992188
1781536332801057,1776100570,0.3049802780151367,-0.4285471439361572,-0.05034516379237175,-0.848999559879303,8.59587574005127,-1.782507061958313,5.9568657875061035,-0.5493261218070984,72.1864013671875,15.779231071472168
1781536332802132,1776117237,0.30788037180900574,-0.41936346888542175,-0.047257378697395325,-0.8527082204818726,7.905797958374023,-1.9741243124008179,7.866708755493164,8.943137168884277,72.1257095336914,15.690139770507812
1781536332829310,1776133904,0.3104642629623413,-0.41332000494003296,-0.0465664304792881,-0.8547577857971191,7.304308891296387,-1.7175654172897339,6.984691143035889,15.974186897277832,43.75234603881836,11.458259582519531
1781536332829987,1776150571,0.312331885099411,-0.4079246520996094,-0.04649744927883148,-0.8566708564758301,7.147472381591797,-1.5043100118637085,6.33065938949585,16.253271102905273,37.99821090698242,5.979596138000488
1781536332862048,1776167238,0.31319525837898254,-0.40295764803886414,-0.046470846980810165,-0.8587054014205933,7.060484886169434,-1.6241734027862549,6.733704566955566,12.726840019226074,35.403133392333984,-0.17761215567588806
1781536332862546,1776183905,0.3141729533672333,-0.40108728408813477,-0.046564776450395584,-0.8592186570167542,6.7531633377075195,-1.884306788444519,7.516634464263916,7.572714328765869,12.68229866027832,4.42888069152832
1781536332891985,1776200572,0.3166225254535675,-0.4018479585647583,-0.045808400958776474,-0.8580040335655212,6.694189548492432,-1.7225980758666992,6.920263290405273,1.4779894351959229,-5.319291591644287,20.042997360229492
1781536332892418,1776217239,0.32065171003341675,-0.40044623613357544,-0.04312139004468918,-0.8573017716407776,6.818384170532227,-1.6237564086914062,6.903776168823242,-1.0014992952346802,13.552192687988281,32.898624420166016
1781536332921751,1776233906,0.32527223229408264,-0.397020548582077,-0.041236188262701035,-0.8572472333908081,7.221206188201904,-1.8072357177734375,7.72374153137207,9.62131118774414,25.67169761657715,32.1489372253418
1781536332949445,1776250573,0.3293507695198059,-0.3928486108779907,-0.042186565697193146,-0.8575657606124878,7.496180534362793,-1.9665182828903198,7.8123698234558105,26.416439056396484,24.59189224243164,20.169065475463867
1781536332950060,1776267240,0.3320121467113495,-0.3861422836780548,-0.04398201406002045,-0.8594931364059448,7.288965225219727,-1.672640085220337,7.157023906707764,32.842926025390625,41.5550537109375,5.152693271636963
1781536332979446,1776283907,0.33290016651153564,-0.37800702452659607,-0.044616445899009705,-0.8627271056175232,6.602609634399414,-1.4354609251022339,7.146386623382568,24.139652252197266,55.581993103027344,-5.6584320068359375
1781536332979946,1776300574,0.3322039842605591,-0.3715706169605255,-0.043892547488212585,-0.8658232092857361,6.106377601623535,-1.5474278926849365,6.960196495056152,8.118098258972168,47.768218994140625,-10.687938690185547
1781536333010005,1776317241,0.33072471618652344,-0.3692568242549896,-0.043253667652606964,-0.8674101829528809,5.797704696655273,-1.8982065916061401,7.487091541290283,-2.337226629257202,18.93997573852539,-10.875964164733887
1781536333010231,1776333908,0.3294937014579773,-0.372385710477829,-0.044870588928461075,-0.8664582967758179,5.913034439086914,-2.366870403289795,8.159688949584961,0.12552174925804138,-25.02227210998535,-7.73159646987915
1781536333039641,1776350575,0.3289722204208374,-0.376081258058548,-0.04719608277082443,-0.8649353384971619,6.677307605743408,-1.6275948286056519,6.984794616699219,5.056445121765137,-31.250045776367188,-3.85183048248291
1781536333040075,1776367242,0.3294329047203064,-0.37736934423446655,-0.04852191358804703,-0.8641253113746643,6.799520015716553,-1.2521770000457764,7.551770210266113,6.865175724029541,-12.510507583618164,2.1809678077697754
1781536333069403,1776383909,0.3306654989719391,-0.3770290017127991,-0.04863094538450241,-0.8637968897819519,6.835225582122803,-1.4806716442108154,7.602725982666016,5.16505241394043,1.426134705543518,8.290775299072266
1781536333099764,1776400576,0.3320292532444,-0.3760090470314026,-0.04852122813463211,-0.8637244701385498,6.937783241271973,-1.6476545333862305,7.478848457336426,5.664873123168945,6.666612148284912,8.82797908782959
1781536333128851,1776417243,0.3331461250782013,-0.3744003474712372,-0.04855942726135254,-0.8639910221099854,6.683180332183838,-1.357752799987793,7.56165075302124,7.135350704193115,10.618359565734863,6.00970983505249
1781536333160427,1776433910,0.33390912413597107,-0.3748664855957031,-0.04854908213019371,-0.8634949922561646,6.35902214050293,-1.2614798545837402,7.692343235015869,1.4372761249542236,-3.678483724594116,6.473143100738525
1781536333160977,1776450577,0.3350251019001007,-0.3797941207885742,-0.048052575439214706,-0.8609333634376526,6.019431114196777,-1.4453977346420288,7.010989189147949,-10.093429565429688,-34.256858825683594,16.053016662597656
1781536333161153,1776467244,0.33770331740379333,-0.3865414559841156,-0.046704791486263275,-0.8569490313529968,6.243137359619141,-1.790113091468811,6.637622356414795,-14.775639533996582,-46.26798629760742,31.4021053314209
1781536333191951,1776483911,0.3413565754890442,-0.39388513565063477,-0.04594246670603752,-0.8521856069564819,6.756771564483643,-1.9007866382598877,7.055545330047607,-9.869695663452148,-52.899349212646484,37.59174346923828
1781536333192592,1776500578,0.34409698843955994,-0.4020690619945526,-0.04652887582778931,-0.8472152352333069,7.287336826324463,-1.5146404504776,7.122696399688721,-6.346599578857422,-61.83738327026367,29.34245491027832
1781536333192783,1776517245,0.34631702303886414,-0.40675872564315796,-0.044873397797346115,-0.8441557288169861,7.779484272003174,-2.542072057723999,6.274708271026611,-13.190089225769043,-31.06350326538086,26.87108039855957
1781536333221064,1776533912,0.3470429480075836,-0.4103264808654785,-0.04519221931695938,-0.8421115279197693,7.10300874710083,-1.9936363697052002,7.608636856079102,-3.5509045124053955,-26.87257957458496,9.913893699645996
1781536333249831,1776550579,0.3498581349849701,-0.41418612003326416,-0.04947396367788315,-0.8388099074363708,6.884995937347412,-2.3010709285736084,6.917031764984131,24.981380462646484,-40.91918182373047,13.92218017578125
1781536333250325,1776567246,0.3535992205142975,-0.4197544753551483,-0.05286489054560661,-0.8342540264129639,7.125553131103516,-1.6552307605743408,6.917660236358643,18.79705047607422,-51.888912200927734,25.39797592163086
1781536333282108,1776583913,0.35769662261009216,-0.4295279085636139,-0.053935833275318146,-0.827436089515686,6.990583419799805,-1.1990267038345337,6.858804702758789,-2.8842082023620605,-76.76905822753906,41.167335510253906
1781536333282570,1776600580,0.3617192208766937,-0.4405282139778137,-0.05269838869571686,-0.819949746131897,7.457343578338623,-1.7189711332321167,6.549429416656494,-19.01004409790039,-80.07557678222656,49.660343170166016
1781536333311220,1776617247,0.3648104965686798,-0.4505492150783539,-0.051931869238615036,-0.8131559491157532,8.040326118469238,-2.7957589626312256,6.1944098472595215,-16.992294311523438,-73.96627807617188,40.90910339355469
1781536333311681,1776633914,0.3669813871383667,-0.45741328597068787,-0.05329391360282898,-0.8082438111305237,8.210797309875488,-2.9984259605407715,6.01984167098999,-0.6967127919197083,-56.15352249145508,23.321863174438477
1781536333338253,1776650581,0.3680478632450104,-0.46139806509017944,-0.056559089571237564,-0.8052666783332825,8.117889404296875,-2.9891881942749023,5.740663051605225,12.962416648864746,-39.27421188354492,5.2623982429504395
1781536333338915,1776667248,0.3686056137084961,-0.46418365836143494,-0.06118956208229065,-0.8030691146850586,8.051448822021484,-2.929454803466797,5.710505962371826,21.640148162841797,-33.81401824951172,-4.324652671813965
1781536333371497,1776683915,0.3690779209136963,-0.46814271807670593,-0.06716957688331604,-0.8000707030296326,8.14908218383789,-2.9649691581726074,6.021259307861328,26.182456970214844,-46.305625915527344,-6.579341411590576
1781536333401016,1776700582,0.3695852756500244,-0.47713685035705566,-0.07566620409488678,-0.7937395572662354,7.1373419761657715,-2.6231906414031982,6.290976047515869,28.902950286865234,-91.10203552246094,-3.703869581222534
1781536333401528,1776717249,0.3720356523990631,-0.49152106046676636,-0.08598069101572037,-0.7826905846595764,5.271637916564941,-1.7532281875610352,4.540661811828613,33.95758056640625,-139.61251831054688,15.73092269897461
1781536333431993,1776733916,0.37674251198768616,-0.5086497068405151,-0.09628460556268692,-0.7681605815887451,6.200913906097412,-2.4395806789398193,4.548459053039551,36.56607437133789,-164.79345703125,38.44111251831055
1781536333432487,1776750583,0.38236165046691895,-0.5262236595153809,-0.10760967433452606,-0.7518703937530518,8.076520919799805,-2.8486061096191406,5.002068042755127,45.16376495361328,-175.34835815429688,44.54545211791992
1781536333461821,1776767250,0.38877469301223755,-0.5398395657539368,-0.11976117640733719,-0.7369433641433716,9.019336700439453,-2.790461540222168,5.215174674987793,61.70619201660156,-151.5360107421875,39.148399353027344
1781536333462337,1776783917,0.39610233902931213,-0.5493231415748596,-0.13214245438575745,-0.7237997055053711,8.897150993347168,-2.5578958988189697,4.6479597091674805,75.84242248535156,-123.83644104003906,34.762062072753906
1781536333491611,1776800584,0.40424761176109314,-0.556782066822052,-0.14498372375965118,-0.7110260725021362,7.980649948120117,-2.3404831886291504,3.609469413757324,86.39710235595703,-112.87286376953125,34.24924850463867
1781536333492222,1776817251,0.4126971662044525,-0.5657849311828613,-0.15967272222042084,-0.6957541704177856,6.987830638885498,-2.390486717224121,3.557440996170044,94.79814147949219,-134.82147216796875,37.151981353759766
1781536333522333,1776833918,0.4217233657836914,-0.5782627463340759,-0.17695778608322144,-0.6756094694137573,7.224248886108398,-2.1931440830230713,3.242117166519165,104.95635986328125,-177.14755249023438,47.459922790527344
1781536333549908,1776850585,0.4326699674129486,-0.5899303555488586,-0.19508159160614014,-0.6532402634620667,9.346528053283691,-2.0550992488861084,3.667954206466675,119.67198944091797,-181.8231201171875,58.01936340332031
1781536333550660,1776867252,0.44485458731651306,-0.5972859263420105,-0.21242298185825348,-0.6326382160186768,10.418730735778809,-2.4150593280792236,3.3033618927001953,131.25831604003906,-151.1776580810547,55.708274841308594
1781536333582103,1776883919,0.4572819769382477,-0.5997585654258728,-0.2278435379266739,-0.6158498525619507,9.504007339477539,-2.362971782684326,2.208193063735962,135.51431274414062,-108.65709686279297,46.36869812011719
1781536333582644,1776900586,0.4681244492530823,-0.6008153557777405,-0.2422741949558258,-0.6009860634803772,8.735590934753418,-2.5217268466949463,1.4588842391967773,126.22137451171875,-94.09024047851562,35.47468566894531
1781536333612233,1776917253,0.4748803973197937,-0.6060752272605896,-0.25852417945861816,-0.5833759307861328,8.364850044250488,-2.642683982849121,0.9432123899459839,107.90684509277344,-135.46815490722656,26.919281005859375
1781536333612888,1776933920,0.4781719148159027,-0.6148279309272766,-0.27450957894325256,-0.5639004111289978,9.329619407653809,-2.597468137741089,0.3292044699192047,84.32263946533203,-162.54566955566406,26.428625106811523
1781536333640328,1776950587,0.48193296790122986,-0.6212067008018494,-0.2845454514026642,-0.5485231280326843,11.7582368850708,-2.7717056274414062,0.9312282204627991,63.308773040771484,-115.555419921875,35.4475212097168
1781536333640857,1776967254,0.4883780777454376,-0.623418927192688,-0.28646916151046753,-0.5392326712608337,10.749889373779297,-1.883449673652649,1.5285598039627075,46.074344635009766,-41.70710754394531,51.900535583496094
1781536333671962,1776983921,0.49544182419776917,-0.6251775026321411,-0.28399020433425903,-0.5320158004760742,9.480066299438477,-0.9759551882743835,1.0819300413131714,29.840185165405273,-15.135472297668457,65.21412658691406
1781536333703340,1777000588,0.5010493397712708,-0.628022313117981,-0.2810923457145691,-0.5249050855636597,8.973149299621582,-1.5699591636657715,0.1074071153998375,18.13930320739746,-20.069950103759766,63.45457458496094
1781536333731443,1777017255,0.5044864416122437,-0.629185676574707,-0.2787768840789795,-0.521443247795105,10.353346824645996,-4.199764728546143,-0.8169847130775452,9.608904838562012,-4.444454193115234,37.291744232177734
1781536333732092,1777033922,0.5068904161453247,-0.6226304769515991,-0.27473941445350647,-0.5290673971176147,9.970535278320312,-5.771111011505127,-0.2945854365825653,4.490158557891846,75.18256378173828,-12.210901260375977
1781536333732361,1777050589,0.5066642761230469,-0.6123115420341492,-0.27177897095680237,-0.542681097984314,9.697199821472168,-4.735074520111084,-0.004517853260040283,-1.0489307641983032,105.79731750488281,-54.38080596923828
1781536333759488,1777067256,0.5052734613418579,-0.5994266867637634,-0.26934814453125,-0.5593198537826538,9.818873405456543,-2.8671605587005615,1.9350908994674683,-0.6908389329910278,124.09078216552734,-76.2959976196289
1781536333759907,1777083923,0.5058732628822327,-0.5814828872680664,-0.2640073597431183,-0.579888641834259,8.132472038269043,-2.2761151790618896,3.497283935546875,6.616091728210449,173.5474090576172,-79.6749496459961
1781536333789572,1777100590,0.5129749774932861,-0.5620961785316467,-0.25653666257858276,-0.595897912979126,6.55763053894043,-2.4220824241638184,5.818667888641357,37.411460876464844,180.2755584716797,-31.99176597595215
1781536333790064,1777117257,0.5215064287185669,-0.5460278391838074,-0.2542751431465149,-0.6043424010276794,9.089159965515137,-2.62166428565979,4.391214847564697,65.91016387939453,121.56854248046875,-13.732504844665527
1781536333819619,1777133924,0.5297326445579529,-0.5310693383216858,-0.25635141134262085,-0.6096174716949463,9.724379539489746,-2.3230323791503906,4.302935600280762,84.34502410888672,88.96360778808594,-17.980026245117188
1781536333849950,1777150591,0.5393537878990173,-0.515192985534668,-0.2607686519622803,-0.6129227876663208,9.995064735412598,-2.1232757568359375,3.5584094524383545,106.0638198852539,79.55054473876953,-15.122010231018066
1781536333850469,1777167258,0.5515655875205994,-0.4955010712146759,-0.2603791058063507,-0.6184314489364624,9.75418758392334,-2.4158694744110107,1.0737817287445068,105.18228149414062,125.91302490234375,-2.1865718364715576
1781536333879756,1777183925,0.5680389404296875,-0.4671672284603119,-0.24826622009277344,-0.6304373145103455,8.136059761047363,-2.453737258911133,2.4168028831481934,91.00115966796875,236.93150329589844,15.765347480773926
1781536333880199,1777200592,0.5854802131652832,-0.435135155916214,-0.23048506677150726,-0.6440092921257019,7.3196210861206055,-2.245159149169922,4.643163681030273,81.3086166381836,281.8199462890625,25.737632751464844
1781536333909635,1777217259,0.6022943258285522,-0.39871785044670105,-0.20798315107822418,-0.6595525741577148,6.113512992858887,-2.55181884765625,5.560487270355225,73.0526123046875,325.18560791015625,22.194292068481445
1781536333910281,1777233926,0.6183506846427917,-0.35783061385154724,-0.180021271109581,-0.6761603951454163,4.135601043701172,-3.112180709838867,7.151084899902344,63.198421478271484,369.9546203613281,22.918746948242188
1781536333939294,1777250593,0.6306621432304382,-0.3194418251514435,-0.15134650468826294,-0.6908813714981079,3.7980575561523438,-2.5820744037628174,7.452619552612305,42.364990234375,352.0596618652344,18.359086990356445
1781536333939652,1777267260,0.638481616973877,-0.28538721799850464,-0.12313622981309891,-0.7040835618972778,3.5196030139923096,-2.198681116104126,8.890912055969238,17.47516441345215,321.4017639160156,7.0801005363464355
1781536333969965,1777283927,0.6425281763076782,-0.25633734464645386,-0.09664037823677063,-0.7156186103820801,3.8726282119750977,-2.225754976272583,8.387211799621582,-2.1985111236572266,283.1372985839844,-3.007256031036377
1781536334001946,1777300594,0.6443478465080261,-0.22873111069202423,-0.07186061888933182,-0.7261781692504883,3.683434009552002,-1.527783751487732,9.617592811584473,-3.4114861488342285,265.2361755371094,-11.732662200927734
1781536334002411,1777317261,0.6446824073791504,-0.20347096025943756,-0.049545831978321075,-0.735207736492157,3.9644360542297363,-1.4014242887496948,9.788349151611328,-3.080923318862915,239.440673828125,-15.094614028930664
1781536334032004,1777333928,0.6442841291427612,-0.18040789663791656,-0.029424181208014488,-0.7426208257675171,3.7030816078186035,-1.3577311038970947,9.852481842041016,-2.2111637592315674,216.088623046875,-13.961010932922363
1781536334032554,1777350595,0.643526554107666,-0.15819695591926575,-0.010686306282877922,-0.7488215565681458,3.8101015090942383,-1.3172857761383057,9.498459815979004,0.8768582344055176,204.0259246826172,-11.975085258483887
1781536334059942,1777367262,0.6429348587989807,-0.13583873212337494,0.006560129579156637,-0.753750741481781,3.821558952331543,-1.540358543395996,9.746453285217285,9.479720115661621,196.8140411376953,-7.133077621459961
1781536334060484,1777383929,0.6439815759658813,-0.11582048237323761,0.02056075818836689,-0.7559439539909363,3.9992899894714355,-1.7375773191452026,9.89315414428711,17.362512588500977,167.70558166503906,10.312600135803223
1781536334092019,1777400596,0.6472854614257812,-0.09877869486808777,0.031574562191963196,-0.755160927772522,3.694702625274658,-1.9033677577972412,10.094117164611816,21.08270835876465,136.32321166992188,32.418766021728516
1781536334092584,1777417263,0.6524962782859802,-0.08307332545518875,0.04010309278964996,-0.7521567940711975,2.491422653198242,-2.33609938621521,10.72844409942627,28.850906372070312,116.40869140625,50.22431564331055
1781536334122215,1777433930,0.6576038002967834,-0.06957641988992691,0.044083163142204285,-0.7488484978675842,1.8087818622589111,-2.6222832202911377,10.909418106079102,42.32243347167969,84.44072723388672,47.84501266479492
1781536334149781,1777450597,0.6626413464546204,-0.057391464710235596,0.04422545060515404,-0.7454243302345276,1.6253434419631958,-1.609495997428894,10.022747993469238,56.08331298828125,60.30437469482422,45.773956298828125
1781536334150261,1777467264,0.6654061675071716,-0.04507977515459061,0.043185386806726456,-0.7438670992851257,0.4836183488368988,-1.0966743230819702,10.411714553833008,62.39087677001953,57.00006103515625,25.190532684326172
1781536334180216,1777483931,0.6674141883850098,-0.043217260390520096,0.03036554343998432,-0.7428117394447327,0.29363012313842773,-0.4496167302131653,14.788724899291992,74.74615478515625,-49.95307540893555,12.272237777709961
1781536334180748,1777500598,0.6686227321624756,-0.04347817227244377,0.015975570306181908,-0.7421582937240601,0.5034192800521851,-1.0258649587631226,10.438037872314453,72.86308288574219,-67.71675872802734,5.4385786056518555
1781536334212014,1777517265,0.6704401969909668,-0.0411398746073246,0.00914918165653944,-0.7407661080360413,0.43843743205070496,-0.22318771481513977,11.145403861999512,46.31653594970703,-19.968812942504883,14.491771697998047
1781536334212584,1777533932,0.673500657081604,-0.03922797739505768,0.005947894416749477,-0.7381215691566467,0.732691764831543,-0.2772543728351593,10.844499588012695,26.15807342529297,-5.862367630004883,27.59465980529785
1781536334242040,1777550599,0.6774388551712036,-0.04001188650727272,0.0029077271465212107,-0.734484851360321,0.5012325644493103,-0.6183376908302307,10.128575325012207,13.051146507263184,-19.098709106445312,36.57807922363281
1781536334242582,1777567266,0.6823391914367676,-0.0447784960269928,-0.0033687460236251354,-0.7296557426452637,0.0857621505856514,-0.5754581689834595,9.884068489074707,11.084195137023926,-54.630855560302734,46.02230453491211
1781536334269454,1777583933,0.6880800724029541,-0.05564908683300018,-0.015959035605192184,-0.7233220934867859,0.009678423404693604,-0.6343558430671692,9.36369800567627,14.415879249572754,-115.32183074951172,55.50039291381836
1781536334302018,1777600600,0.6933953762054443,-0.05582623928785324,-0.01730804331600666,-0.7181835174560547,1.3504536151885986,0.8771792054176331,13.393880844116211,8.80522346496582,-8.545835494995117,50.85801696777344
1781536334302263,1777617267,0.6964071989059448,-0.05525943264365196,-0.017240561544895172,-0.7153089046478271,1.8353115320205688,0.25419604778289795,9.433371543884277,4.197442054748535,2.4770309925079346,29.147235870361328
1781536334332074,1777633934,0.6980143189430237,-0.05249064043164253,-0.01490025594830513,-0.7140024900436401,0.838222086429596,-0.5606155395507812,10.277280807495117,2.840027332305908,24.622114181518555,15.331873893737793
1781536334332728,1777650601,0.6988894939422607,-0.05047960206866264,-0.013141791336238384,-0.7133253812789917,1.1193429231643677,-0.8023539781570435,10.398313522338867,1.7309021949768066,18.2618350982666,8.586368560791016
1781536334359570,1777667268,0.6995363235473633,-0.04784974455833435,-0.01066385954618454,-0.712913990020752,0.793364405632019,-0.6535886526107788,9.760250091552734,1.0732578039169312,24.82636260986328,6.381373882293701
1781536334360048,1777683935,0.7002532482147217,-0.04405947029590607,-0.007036823313683271,-0.7124993801116943,0.8091339468955994,-0.7259860634803772,10.21555233001709,1.045534372329712,36.044952392578125,7.0324931144714355
1781536334388531,1777700602,0.7009037137031555,-0.04025520756840706,-0.0033261904027312994,-0.71211177110672,0.7241195440292358,-0.6230953931808472,10.29423999786377,0.6823832988739014,36.52134704589844,6.5992279052734375
1781536334389765,1777717269,0.7014626860618591,-0.036727022379636765,0.00010807538637891412,-0.7117598652839661,0.3303091526031494,-0.5679280161857605,10.330474853515625,0.6790274381637573,33.84592056274414,5.907420635223389
1781536334422224,1777733936,0.7023150324821472,-0.03206424415111542,0.004757882561534643,-0.711128294467926,0.2686188817024231,-0.34547996520996094,9.470587730407715,0.27635669708251953,45.18916702270508,8.998993873596191
1781536334451434,1777750603,0.7032865285873413,-0.024785222485661507,0.012160790152847767,-0.7103708982467651,0.4508257210254669,-0.4933578372001648,9.871254920959473,-0.5300453901290894,71.24347686767578,10.8782320022583
1781536334452036,1777767270,0.7039247751235962,-0.012900610454380512,0.02514720894396305,-0.7097126245498657,0.547707200050354,-0.1449330747127533,7.143547058105469,-5.57961893081665,120.78636169433594,10.10486888885498
1781536334480629,1777783937,0.7046321630477905,-0.008070127107203007,0.031039081513881683,-0.7088481783866882,-0.23993147909641266,-1.1813395023345947,15.890323638916016,-5.131875038146973,51.99638748168945,9.586536407470703
1781536334481109,1777800604,0.7045639157295227,-0.0074647883884608746,0.031559355556964874,-0.708899736404419,-0.29312288761138916,-0.4332531690597534,10.200091361999512,0.731518030166626,5.5981364250183105,0.16759030520915985
1781536334511935,1777817271,0.7045722007751465,-0.007591245695948601,0.03146587312221527,-0.7088941931724548,-0.3555033206939697,0.32809874415397644,10.19200611114502,0.16902460157871246,-0.961039662361145,0.6265698671340942
1781536334512396,1777833938,0.7049092054367065,-0.007547776214778423,0.031232915818691254,-0.7085699439048767,-0.4161911606788635,0.5838174223899841,9.934921264648438,1.6166160106658936,-0.8961755633354187,3.8023271560668945
1781536334542143,1777850605,0.7054550051689148,-0.007257888559252024,0.03121231310069561,-0.7080303430557251,-0.3195023238658905,-0.651431143283844,10.323601722717285,1.736419439315796,1.2772477865219116,5.92668342590332
1781536334542612,1777867272,0.7060953974723816,-0.007353197783231735,0.030808979645371437,-0.7074083089828491,-0.1670549362897873,-0.7164202332496643,10.30301284790039,1.7185546159744263,-2.4781954288482666,6.685548782348633
1781536334570842,1777883939,0.7065874338150024,-0.0071069481782615185,0.030731813982129097,-0.7069227695465088,-0.25143250823020935,-0.7721604704856873,10.262738227844238,1.8122458457946777,0.8056923151016235,5.3898024559021
1781536334602057,1777900606,0.7070249915122986,-0.007042202167212963,0.030568746849894524,-0.7064929008483887,-0.23751360177993774,-0.7321527004241943,10.387822151184082,1.3578509092330933,-0.47895753383636475,4.812671184539795
1781536334602887,1777917273,0.7073977589607239,-0.006915980949997902,0.030454406514763832,-0.7061259746551514,-0.28549498319625854,-0.6730728149414062,10.204180717468262,1.4307318925857544,0.07373256236314774,4.207660675048828
1781536334630381,1777933940,0.7077255249023438,-0.006697366945445538,0.030467906966805458,-0.7057989835739136,-0.3440251350402832,-0.6961280703544617,10.299324989318848,1.266150951385498,1.1557857990264893,3.8203516006469727
1781536334631142,1777950607,0.7080935835838318,-0.006738301832228899,0.030240053310990334,-0.7054391503334045,-0.3018532693386078,-0.6201638579368591,10.274751663208008,1.1699304580688477,-1.287921667098999,4.110050678253174
1781536334661972,1777967274,0.7084065079689026,-0.006668955087661743,0.030169768258929253,-0.70512855052948,-0.24233420193195343,-0.5496570467948914,10.205723762512207,0.9505321383476257,0.0281035378575325,3.6337316036224365
1781536334662473,1777983941,0.7086510062217712,-0.006636243779212236,0.030093735083937645,-0.7048861980438232,-0.2510469853878021,-0.6816875338554382,10.257554054260254,0.8110453486442566,-0.15966959297657013,2.9611804485321045
1781536334691248,1778000608,0.7088237404823303,-0.006514042150229216,0.030083268880844116,-0.704714298248291,-0.30025479197502136,-0.7004981637001038,10.371309280395508,0.9411707520484924,0.6120474934577942,2.291600465774536
1781536334691767,1778017275,0.7089881300926208,-0.006438600365072489,0.030061068013310432,-0.7045506238937378,-0.3316695988178253,-0.6377716660499573,10.210382461547852,0.7722164988517761,0.33061516284942627,2.201481819152832
1781536334721753,1778033942,0.7090851068496704,-0.006368349306285381,0.030062971636652946,-0.7044535875320435,-0.2633386552333832,-0.6105950474739075,10.322299003601074,0.6413996815681458,0.4399814009666443,1.5496132373809814
1781536334752143,1778050609,0.7091583609580994,-0.006324359215795994,0.030042441561818123,-0.704380989074707,-0.27916765213012695,-0.5577028393745422,10.260272979736328,0.6263905763626099,0.20982563495635986,1.3094940185546875
1781536334753450,1778067276,0.7091865539550781,-0.006299744825810194,0.030043013393878937,-0.7043527960777283,-0.2882874011993408,-0.6316690444946289,10.287257194519043,0.4370615482330322,0.2303926646709442,0.8716578483581543
1781536334780966,1778083943,0.7091884016990662,-0.006273202132433653,0.030021941289305687,-0.7043522000312805,-0.2849593460559845,-0.541266143321991,10.267959594726562,0.5564039349555969,0.14117079973220825,0.6090379953384399
1781536334781490,1778100610,0.7091861367225647,-0.00624148128554225,0.03002093732357025,-0.7043545842170715,-0.2783505320549011,-0.49702486395835876,10.264458656311035,0.48491889238357544,0.26528993248939514,0.5765354633331299
1781536334810207,1778117277,0.7091795206069946,-0.006223914213478565,0.030024530366063118,-0.7043613195419312,-0.2734687030315399,-0.5191614031791687,10.310625076293945,0.3944035470485687,0.2205701619386673,0.5310344696044922
1781536334810751,1778133944,0.7091687321662903,-0.006207258440554142,0.030029771849513054,-0.7043721675872803,-0.2880744934082031,-0.5094952583312988,10.25876522064209,0.3826345205307007,0.22553901374340057,0.49080970883369446
1781536334841594,1778150611,0.7091682553291321,-0.00618367176502943,0.03003939799964428,-0.7043724656105042,-0.2844332754611969,-0.4925793409347534,10.313620567321777,0.39350709319114685,0.2781731188297272,0.5939136147499084
1781536334841922,1778167278,0.7091599702835083,-0.006167156156152487,0.030042041093111038,-0.7043807506561279,-0.2877270579338074,-0.49813687801361084,10.246753692626953,0.3941345810890198,0.21213077008724213,0.5153594613075256
1781536334870134,1778183945,0.7091484069824219,-0.006154391914606094,0.03005281463265419,-0.7043920755386353,-0.30081674456596375,-0.500883936882019,10.280380249023438,0.3368645906448364,0.23469552397727966,0.4843297302722931
1781536334900025,1778200612,0.7091487050056458,-0.006139347795397043,0.030049340799450874,-0.7043919563293457,-0.3027617037296295,-0.5051822066307068,10.285297393798828,0.4151754379272461,0.17351962625980377,0.5974866151809692
1781536334900390,1778217279,0.709144115447998,-0.006105531472712755,0.03003702126443386,-0.7043974995613098,-0.29030266404151917,-0.5067846179008484,10.283061981201172,0.5504617094993591,0.22276005148887634,0.549629271030426
1781536334929455,1778233946,0.70914226770401,-0.006071482785046101,0.030043648555874825,-0.7043993473052979,-0.2850237190723419,-0.49988582730293274,10.340170860290527,0.45921650528907776,0.31590065360069275,0.5819397568702698
1781536334942132,1778250613,0.7091373205184937,-0.00604674918577075,0.03005770407617092,-0.7044039964675903,-0.30684903264045715,-0.5014591217041016,10.28884220123291,0.3782803416252136,0.3080503046512604,0.5513709783554077
1781536334960907,1778267280,0.7091324925422668,-0.006038449238985777,0.030054686591029167,-0.7044091820716858,-0.2998757064342499,-0.5042809844017029,10.255743980407715,0.381008118391037,0.14552494883537292,0.5452495217323303
1781536334961185,1778283947,0.7091321349143982,-0.006027780473232269,0.03005964867770672,-0.7044093608856201,-0.291818231344223,-0.5245042443275452,10.277276992797852,0.3530646562576294,0.19503431022167206,0.5920566916465759
1781536334989363,1778300614,0.7091264128684998,-0.0060182432644069195,0.030045825988054276,-0.7044156789779663,-0.2957562506198883,-0.5036267042160034,10.276824951171875,0.4396612346172333,0.09952455013990402,0.5351837873458862
1781536334989655,1778317281,0.709121823310852,-0.006001392845064402,0.030040277168154716,-0.7044206261634827,-0.30091312527656555,-0.5058190226554871,10.273062705993652,0.43512770533561707,0.17535093426704407,0.5494627952575684
1781536335021397,1778333948,0.7091172337532043,-0.005987990647554398,0.030042018741369247,-0.7044254541397095,-0.2892436385154724,-0.4885850250720978,10.289689064025879,0.38312116265296936,0.19440679252147675,0.5489633679389954
1781536335051872,1778350615,0.7091203927993774,-0.005971923470497131,0.03002420999109745,-0.7044230103492737,-0.2834966778755188,-0.5089443922042847,10.278653144836426,0.48951634764671326,0.1104099452495575,0.6222413182258606
1781536335052094,1778367282,0.7091166973114014,-0.005941914394497871,0.030000437051057816,-0.7044281363487244,-0.29123157262802124,-0.4986948072910309,10.289915084838867,0.5877922773361206,0.15098047256469727,0.5548287034034729
1781536335079206,1778383949,0.7091136574745178,-0.0059213824570178986,0.029996568337082863,-0.7044314742088318,-0.27695220708847046,-0.4877946674823761,10.276352882385254,0.4449630081653595,0.20215462148189545,0.566328763961792
1781536335079502,1778400616,0.7091132998466492,-0.005912999622523785,0.029980124905705452,-0.7044326066970825,-0.3058801591396332,-0.5022997856140137,10.283086776733398,0.4462820589542389,0.08180055022239685,0.5863066911697388
1781536335111996,1778417283,0.709106981754303,-0.0059000542387366295,0.029975594952702522,-0.7044392228126526,-0.2852919399738312,-0.507996678352356,10.298840522766113,0.4118073880672455,0.16373558342456818,0.5325841307640076
1781536335112370,1778433950,0.7091073393821716,-0.005885384511202574,0.029962249100208282,-0.7044395804405212,-0.2943679690361023,-0.4947037696838379,10.258169174194336,0.461995393037796,0.12772411108016968,0.5954247117042542
1781536335142020,1778450617,0.7090943455696106,-0.0058687832206487656,0.029951535165309906,-0.7044532299041748,-0.30041930079460144,-0.5023748874664307,10.289449691772461,0.4609261453151703,0.1534968912601471,0.4657028913497925
1781536335142437,1778467284,0.7090923190116882,-0.0058624520897865295,0.029942987486720085,-0.704455554485321,-0.28071439266204834,-0.5191007852554321,10.274175643920898,0.398578405380249,0.11189547181129456,0.5724630355834961
1781536335171693,1778483951,0.7090839147567749,-0.005837049335241318,0.029946301132440567,-0.7044641971588135,-0.3021462857723236,-0.5038802623748779,10.283055305480957,0.43539661169052124,0.2640477120876312,0.5153722763061523
1781536335201953,1778500618,0.7090790867805481,-0.005829220172017813,0.029935209080576897,-0.704469621181488,-0.2996933162212372,-0.48402178287506104,10.297706604003906,0.41910699009895325,0.10810479521751404,0.5444811582565308
1781536335202168,1778517285,0.709070086479187,-0.005827879533171654,0.02992366999387741,-0.7044792771339417,-0.29011625051498413,-0.492003858089447,10.245965957641602,0.390382319688797,0.07584560662508011,0.5021177530288696
1781536335231749,1778533952,0.7090628743171692,-0.005811602342873812,0.029921937733888626,-0.704486608505249,-0.28606438636779785,-0.5078107118606567,10.279375076293945,0.41541874408721924,0.19584108889102936,0.5251179933547974
1781536335232275,1778550619,0.7090572118759155,-0.005793963558971882,0.029929762706160545,-0.7044922113418579,-0.28840652108192444,-0.501326858997345,10.2987699508667,0.37578314542770386,0.2489490658044815,0.5422784686088562
1781536335261967,1778567286,0.7090511918067932,-0.005770903080701828,0.029922276735305786,-0.7044987678527832,-0.2829420268535614,-0.5029468536376953,10.290908813476562,0.4765690863132477,0.2010788768529892,0.5363618731498718
1781536335262317,1778583953,0.7090426087379456,-0.005759646650403738,0.029909368604421616,-0.7045080065727234,-0.2808821499347687,-0.5004042983055115,10.29871940612793,0.44590431451797485,0.11845874786376953,0.5084633231163025
1781536335287990,1778600620,0.7090402841567993,-0.0057509648613631725,0.02989773452281952,-0.7045109272003174,-0.2945650517940521,-0.5089908838272095,10.252596855163574,0.42634257674217224,0.11110147833824158,0.568902850151062
1781536335288863,1778617287,0.7090328931808472,-0.005732533521950245,0.02989617921411991,-0.7045184969902039,-0.2869831621646881,-0.5235064625740051,10.286846160888672,0.4259968101978302,0.20908285677433014,0.5242471098899841
1781536335321526,1778633954,0.7090299129486084,-0.005718549247831106,0.029891882091760635,-0.7045217156410217,-0.2898229956626892,-0.5035979151725769,10.283834457397461,0.417211651802063,0.17340436577796936,0.5655987858772278
1781536335351653,1778650621,0.7090265154838562,-0.005699384491890669,0.02988128364086151,-0.7045259475708008,-0.2891005873680115,-0.4930838942527771,10.282025337219238,0.47345712780952454,0.1682562232017517,0.5595542192459106
1781536335352009,1778667288,0.7090211510658264,-0.005670788232237101,0.029877234250307083,-0.7045316696166992,-0.27810415625572205,-0.49925315380096436,10.273818016052246,0.48803073167800903,0.24669510126113892,0.5448781251907349
1781536335380688,1778683955,0.7090155482292175,-0.005664808209985495,0.029880085960030556,-0.7045372128486633,-0.29856300354003906,-0.5042844414710999,10.283817291259766,0.3445228040218353,0.17118887603282928,0.5401013493537903
1781536335381083,1778700622,0.7090142369270325,-0.005638830363750458,0.029872944578528404,-0.7045390605926514,-0.2893076241016388,-0.5089083909988403,10.284003257751465,0.4900285601615906,0.21867483854293823,0.5828874707221985
1781536335411915,1778717289,0.709010660648346,-0.005620788317173719,0.02986079454421997,-0.70454341173172,-0.2868475914001465,-0.5081468820571899,10.253140449523926,0.47623610496520996,0.15678171813488007,0.5578894019126892
1781536335412472,1778733956,0.7090019583702087,-0.0056105018593370914,0.029841871932148933,-0.7045530080795288,-0.2973616421222687,-0.50739586353302,10.295339584350586,0.4724838435649872,0.08785796165466309,0.5055498480796814
1781536335441675,1778750623,0.7089988589286804,-0.005593764595687389,0.02983240783214569,-0.7045566439628601,-0.30024799704551697,-0.5072888135910034,10.292196273803711,0.45734673738479614,0.1641581803560257,0.563255250453949
1781536335442100,1778767290,0.708994448184967,-0.005580921657383442,0.02981552667915821,-0.7045619487762451,-0.3011556565761566,-0.5079679489135742,10.260417938232422,0.47476330399513245,0.10974399745464325,0.5479260683059692
1781536335471550,1778783957,0.7089830040931702,-0.005567819811403751,0.029807906597852707,-0.704573929309845,-0.2938965857028961,-0.4977010190486908,10.307526588439941,0.4326305389404297,0.1581520140171051,0.48185816407203674
1781536335499708,1778800624,0.7089806199073792,-0.005559240002185106,0.029800040647387505,-0.7045766711235046,-0.2977907955646515,-0.500211238861084,10.27530574798584,0.4104115068912506,0.13323086500167847,0.5703243613243103
1781536335500451,1778817291,0.7089713215827942,-0.005540470592677593,0.029801972210407257,-0.7045859694480896,-0.29674267768859863,-0.4996853470802307,10.287057876586914,0.413984477519989,0.23233921825885773,0.5068561434745789
1781536335531991,1778833958,0.7089617252349854,-0.005531817674636841,0.029799245297908783,-0.7045958042144775,-0.30750733613967896,-0.5027110576629639,10.271178245544434,0.3876161575317383,0.16105903685092926,0.5003504157066345
1781536335532767,1778850625,0.7089616060256958,-0.0055206227116286755,0.029795890673995018,-0.7045962810516357,-0.28249821066856384,-0.5111505389213562,10.271578788757324,0.40174156427383423,0.16830743849277496,0.5924152731895447
1781536335562139,1778867292,0.708960235118866,-0.005508023779839277,0.029772449284791946,-0.7045986652374268,-0.301488995552063,-0.49860215187072754,10.28282642364502,0.5065358877182007,0.07799707353115082,0.5771757364273071
1781536335562575,1778883959,0.7089549899101257,-0.005497589707374573,0.02976234070956707,-0.7046043872833252,-0.2980625629425049,-0.49208611249923706,10.2676420211792,0.43219509720802307,0.13362784683704376,0.5423168540000916
1781536335590517,1778900626,0.7089546322822571,-0.005477824714034796,0.029755525290966034,-0.7046052813529968,-0.2887497544288635,-0.4999142289161682,10.297178268432617,0.46122705936431885,0.19412505626678467,0.5913268327713013
1781536335590819,1778917293,0.7089521288871765,-0.005462126340717077,0.029751693829894066,-0.7046079635620117,-0.283035010099411,-0.5017237663269043,10.28635311126709,0.4276232123374939,0.18979649245738983,0.5712720155715942
1781536335621781,1778933960,0.7089484333992004,-0.0054496158845722675,0.029749948531389236,-0.7046120762825012,-0.3011881709098816,-0.49167487025260925,10.280670166015625,0.4025355875492096,0.18539109826087952,0.557812511920929
1781536335652144,1778950627,0.708942711353302,-0.005433708429336548,0.029734397307038307,-0.7046185731887817,-0.28171253204345703,-0.5038091540336609,10.279542922973633,0.4865964353084564,0.1353822946548462,0.5370534658432007
1781536335652773,1778967294,0.7089369893074036,-0.005421813111752272,0.029729461297392845,-0.7046245336532593,-0.2918006479740143,-0.5045384764671326,10.299416542053223,0.4158797562122345,0.16806411743164062,0.5386542081832886
1781536335681992,1778983961,0.7089326977729797,-0.005398980341851711,0.02972622960805893,-0.7046292424201965,-0.28969067335128784,-0.5082684755325317,10.282279014587402,0.46106061339378357,0.2294449508190155,0.5542652010917664
1781536335682550,1779000628,0.7089249491691589,-0.0053780581802129745,0.0297173373401165,-0.7046375274658203,-0.29395028948783875,-0.5046102404594421,10.276896476745605,0.4801676273345947,0.19377925992012024,0.519188642501831
1781536335710702,1779017295,0.7089299559593201,-0.005361656658351421,0.02969968318939209,-0.7046332955360413,-0.29269111156463623,-0.5034906268119812,10.317687034606934,0.4988008737564087,0.1265459507703781,0.6405799984931946
1781536335711313,1779033962,0.7089205980300903,-0.00534462183713913,0.029690343886613846,-0.7046433687210083,-0.27448105812072754,-0.5118446946144104,10.299347877502441,0.4644286334514618,0.173955038189888,0.5018872022628784
1781536335741000,1779050629,0.7089240550994873,-0.0053243194706737995,0.02968713454902172,-0.7046401500701904,-0.2791551649570465,-0.5080682039260864,10.288963317871094,0.44875362515449524,0.2170996367931366,0.6297842264175415
1781536335741598,1779067296,0.7089180946350098,-0.005313784349709749,0.02968224138021469,-0.7046463489532471,-0.28438326716423035,-0.5081002116203308,10.247039794921875,0.41135916113853455,0.1642606556415558,0.5360674262046814
1781536335771579,1779083963,0.708911120891571,-0.005303558427840471,0.02967337891459465,-0.704653799533844,-0.30020830035209656,-0.5108576416969299,10.30265998840332,0.4296722114086151,0.14409063756465912,0.5245801210403442
1781536335799000,1779100630,0.7089043855667114,-0.0052916062995791435,0.029670370742678642,-0.7046608328819275,-0.2916504442691803,-0.4939850866794586,10.285798072814941,0.4100145101547241,0.18126748502254486,0.5291007161140442
1781536335799986,1779117297,0.7089017629623413,-0.005279634613543749,0.02966618537902832,-0.7046636343002319,-0.29624977707862854,-0.4990313947200775,10.279929161071777,0.4155084192752838,0.17501796782016754,0.5690950155258179
1781536335831987,1779133964,0.7089009881019592,-0.0052653104066848755,0.02966601587831974,-0.7046646475791931,-0.298119455575943,-0.4972177743911743,10.315524101257324,0.4076324701309204,0.20590689778327942,0.5877794027328491
1781536335832684,1779150631,0.70890212059021,-0.005255489144474268,0.029644420370459557,-0.7046644687652588,-0.2884644567966461,-0.509681224822998,10.317322731018066,0.48960599303245544,0.0796106681227684,0.6007394194602966
1781536335861265,1779167298,0.7088959813117981,-0.005238293670117855,0.029633963480591774,-0.704671323299408,-0.2950582206249237,-0.5047314167022705,10.283817291259766,0.4733419418334961,0.17179077863693237,0.5336597561836243
1781536335861840,1779183965,0.7088905572891235,-0.005227117333561182,0.029629534110426903,-0.7046770453453064,-0.3080366253852844,-0.4933592677116394,10.280891418457031,0.4148937165737152,0.1722261905670166,0.5414204001426697
1781536335890914,1779200632,0.7088830471038818,-0.005222155712544918,0.02962908335030079,-0.7046846151351929,-0.30281177163124084,-0.5079859495162964,10.294941902160645,0.3660118281841278,0.16233967244625092,0.5213785171508789
1781536335891418,1779217299,0.708882749080658,-0.005209831055253744,0.02962837927043438,-0.7046850323677063,-0.2972683310508728,-0.4931444823741913,10.29062271118164,0.40239474177360535,0.19539287686347961,0.5928635597229004
1781536335921644,1779233966,0.708873987197876,-0.0051954928785562515,0.02961024083197117,-0.7046945691108704,-0.2792481482028961,-0.489518404006958,10.248808860778809,0.49855753779411316,0.12260159105062485,0.5066127181053162
1781536335952204,1779250633,0.7088741660118103,-0.00518082594498992,0.029599709436297417,-0.7046950459480286,-0.289029061794281,-0.4943212568759918,10.283956527709961,0.4622132182121277,0.15956071019172668,0.5954888463020325
1781536335952887,1779267300,0.7088662981987,-0.0051629990339279175,0.029595443978905678,-0.7047033309936523,-0.2879165709018707,-0.502363920211792,10.276006698608398,0.44899699091911316,0.20777659118175507,0.5189836621284485
1781536335981795,1779283967,0.7088637948036194,-0.005144922062754631,0.029608240351080894,-0.7047054767608643,-0.2981516420841217,-0.5201840996742249,10.283172607421875,0.3668570816516876,0.29127398133277893,0.5756774544715881
1781536335982423,1779300634,0.708857536315918,-0.005134774371981621,0.02958449348807335,-0.7047127485275269,-0.28668704628944397,-0.5046995878219604,10.284113883972168,0.5066896080970764,0.07597366720438004,0.529305636882782
1781536336008516,1779317301,0.7088533043861389,-0.005112572107464075,0.029571758583188057,-0.7047175765037537,-0.29981133341789246,-0.5017240047454834,10.264290809631348,0.5122347474098206,0.1880548596382141,0.5541244149208069
1781536336009324,1779333968,0.7088431715965271,-0.005098951980471611,0.029555650427937508,-0.7047286629676819,-0.2865046262741089,-0.5128819942474365,10.274243354797363,0.48824843764305115,0.13179653882980347,0.49357590079307556
1781536336042134,1779350635,0.7088398337364197,-0.00508881825953722,0.02954263612627983,-0.7047325968742371,-0.2979910373687744,-0.49931007623672485,10.264691352844238,0.45545142889022827,0.12879985570907593,0.5603737831115723
1781536336042757,1779367302,0.7088468670845032,-0.005067357327789068,0.029529066756367683,-0.7047262191772461,-0.29660478234291077,-0.4963216483592987,10.284201622009277,0.5121579170227051,0.17889828979969025,0.6629014611244202
1781536336071775,1779383969,0.7088382244110107,-0.005054543726146221,0.02951476350426674,-0.7047356963157654,-0.29648903012275696,-0.508762001991272,10.270853042602539,0.4767099618911743,0.13748256862163544,0.5084697604179382
1781536336099788,1779400636,0.7088351249694824,-0.005046970210969448,0.029512932524085045,-0.704738974571228,-0.28707680106163025,-0.4982231855392456,10.281471252441406,0.3900877833366394,0.17195725440979004,0.5644590854644775
1781536336100318,1779417303,0.7088329195976257,-0.005044304765760899,0.02949143573641777,-0.7047421932220459,-0.3039919137954712,-0.5104213356971741,10.297667503356934,0.46196988224983215,0.05255085229873657,0.5676734447479248
1781536336133037,1779433970,0.7088255882263184,-0.005039284471422434,0.029481709003448486,-0.7047498226165771,-0.30673131346702576,-0.5014021396636963,10.28944206237793,0.4176982641220093,0.12289612740278244,0.5224286317825317
1781536336134658,1779450637,0.7088260054588318,-0.005023087840527296,0.02947378344833851,-0.7047499418258667,-0.2912677824497223,-0.4966600835323334,10.288501739501953,0.4627126157283783,0.1842641532421112,0.5987416505813599
1781536336159930,1779467304,0.7088178992271423,-0.005007426720112562,0.029466714709997177,-0.7047584652900696,-0.29518699645996094,-0.48939305543899536,10.266762733459473,0.4577309489250183,0.1882213056087494,0.5168963074684143
1781536336160486,1779483971,0.7088053822517395,-0.0050023505464196205,0.02945740520954132,-0.7047716379165649,-0.2804175615310669,-0.5049676299095154,10.314983367919922,0.41821053624153137,0.12757045030593872,0.47072938084602356
1781536336191182,1779500638,0.7088021039962769,-0.004979761783033609,0.029449643567204475,-0.7047752737998962,-0.28611087799072266,-0.49598777294158936,10.26020336151123,0.49501022696495056,0.21820098161697388,0.5648048520088196
1781536336191654,1779517305,0.7087958455085754,-0.004970758222043514,0.02944203093647957,-0.7047819495201111,-0.28595679998397827,-0.508279025554657,10.291170120239258,0.4290831387042999,0.1542844921350479,0.5323023796081543
1781536336221931,1779533972,0.708795964717865,-0.0049613951705396175,0.02942686900496483,-0.7047824859619141,-0.29531246423721313,-0.5087441205978394,10.280186653137207,0.46706679463386536,0.11818340420722961,0.5932605862617493
1781536336252452,1779550639,0.7087898254394531,-0.0049530742689967155,0.02942252904176712,-0.7047889232635498,-0.3062628209590912,-0.5040592551231384,10.275169372558594,0.4108853340148926,0.16767993569374084,0.5348379611968994
1781536336252922,1779567306,0.7087841629981995,-0.004922111984342337,0.029414135962724686,-0.704795241355896,-0.2832034230232239,-0.5060333609580994,10.282740592956543,0.5414332747459412,0.25786224007606506,0.542201578617096
1781536336282101,1779583973,0.7087810039520264,-0.00489887036383152,0.02938920632004738,-0.7047996520996094,-0.28752705454826355,-0.4957624673843384,10.287435531616211,0.5841937065124512,0.13977491855621338,0.561603307723999
1781536336282711,1779600640,0.7087748646736145,-0.004879536107182503,0.02938743121922016,-0.7048060297966003,-0.29828786849975586,-0.49975350499153137,10.273199081420898,0.45377376675605774,0.23478516936302185,0.5373736023902893
1781536336312097,1779617307,0.7087681293487549,-0.004864638205617666,0.029368292540311813,-0.7048135995864868,-0.2842938005924225,-0.5211247801780701,10.292811393737793,0.5169987678527832,0.12914563715457916,0.5273846983909607
1781536336312696,1779633974,0.7087593674659729,-0.004853271413594484,0.029363764449954033,-0.7048227190971375,-0.29384949803352356,-0.5038767457008362,10.275195121765137,0.4299411475658417,0.18413609266281128,0.5095838308334351
1781536336340367,1779650641,0.7087514400482178,-0.004841234534978867,0.029345473274588585,-0.7048314213752747,-0.2906276285648346,-0.5113082528114319,10.278424263000488,0.5002864599227905,0.12053977698087692,0.5152954459190369
1781536336341242,1779667308,0.7087384462356567,-0.004828948527574539,0.02933604270219803,-0.7048450708389282,-0.29715779423713684,-0.5163649916648865,10.289084434509277,0.4600488841533661,0.1665145605802536,0.46743813157081604
1781536336371800,1779683975,0.7087337374687195,-0.004813057370483875,0.02932720072567463,-0.7048503160476685,-0.30019041895866394,-0.49556219577789307,10.291998863220215,0.47386693954467773,0.1852886825799942,0.54921954870224
1781536336401979,1779700642,0.7087316513061523,-0.004808137193322182,0.029315145686268806,-0.7048529386520386,-0.2895258367061615,-0.5100492835044861,10.280269622802734,0.4362034797668457,0.1161215677857399,0.5721428394317627
1781536336402562,1779717309,0.7087230682373047,-0.004797273315489292,0.029310068115592003,-0.7048617601394653,-0.28901150822639465,-0.4888499081134796,10.291380882263184,0.4329506456851959,0.18094730377197266,0.5117737650871277
1781536336429425,1779733976,0.708719789981842,-0.004787190351635218,0.029302045702934265,-0.7048655152320862,-0.28663983941078186,-0.49778643250465393,10.255036354064941,0.442952424287796,0.1619170755147934,0.562807023525238
1781536336430327,1779750643,0.7087092399597168,-0.00478350417688489,0.029280761256814003,-0.7048770785331726,-0.2991032600402832,-0.5062693357467651,10.323698997497559,0.47796496748924255,0.0684947669506073,0.48786425590515137
1781536336459602,1779767310,0.7087111473083496,-0.0047663357108831406,0.029260167852044106,-0.7048761248588562,-0.30837276577949524,-0.5169801115989685,10.262842178344727,0.5387823581695557,0.1345883309841156,0.612162709236145
1781536336460090,1779783977,0.7087036371231079,-0.004743720404803753,0.029267139732837677,-0.7048835158348083,-0.3026618957519531,-0.4982125461101532,10.291019439697266,0.43378302454948425,0.2978564500808716,0.5280889272689819
