host_t_us,sensor_t_us,qw,qx,qy,qz,ax,ay,az,gx,gy,gz
1781547253469043,102992508,-0.18236500024795532,-0.0067586773075163364,0.009078961797058582,0.9831658005714417,0.015140242874622345,0.2445240020751953,10.124104499816895,-2.8398334980010986,4.998593330383301,-0.6659814119338989
1781547253471603,103009175,-0.18311375379562378,-0.007543649990111589,0.008932258002460003,0.9830222725868225,-0.19228023290634155,0.32315802574157715,10.230504035949707,-3.5127310752868652,6.325883388519287,3.9028961658477783
1781547253498876,103025842,-0.18479225039482117,-0.008175578899681568,0.00889015942811966,0.9827033877372742,0.06762411445379257,0.34219834208488464,10.167522430419922,-3.035977363586426,5.225691318511963,10.423483848571777
1781547253501524,103042509,-0.1866072565317154,-0.008599678054451942,0.00890782568603754,0.982356607913971,-0.035010211169719696,0.16327325999736786,10.168797492980957,-2.9019718170166016,3.755713939666748,11.396434783935547
1781547253529053,103059176,-0.1874876320362091,-0.008964008651673794,0.008889217860996723,0.9821858406066895,-0.34898799657821655,-0.0070632402785122395,10.241226196289062,-3.179202079772949,3.330925464630127,4.860413551330566
1781547253531628,103075843,-0.1880616843700409,-0.009358836337924004,0.008806377649307251,0.9820731282234192,-0.10813432186841965,0.28190916776657104,10.142182350158691,-3.558103561401367,3.597322702407837,2.711059331893921
1781547253561233,103092510,-0.18856632709503174,-0.009840824641287327,0.008747328072786331,0.9819722175598145,-0.250127375125885,0.0786660686135292,10.164779663085938,-3.2808971405029297,4.150057792663574,2.2222537994384766
1781547253561730,103109177,-0.18830953538417816,-0.010194544680416584,0.008717241697013378,0.9820181131362915,-0.17027217149734497,0.1830248087644577,10.181622505187988,-3.2090795040130615,3.190682888031006,-3.098944902420044
1781547253589495,103125844,-0.18854071199893951,-0.010392163880169392,0.008667311631143093,0.9819721579551697,-0.07336322963237762,0.26453837752342224,10.219529151916504,-3.5737531185150146,2.1981520652770996,0.3230721950531006
1781547253591449,103142511,-0.18890447914600372,-0.010389475151896477,0.008650552481412888,0.9819024801254272,-0.03549479320645332,0.14528720080852509,10.186240196228027,-3.6175129413604736,0.8124541640281677,1.2631738185882568
1781547253619221,103159178,-0.18914200365543365,-0.010394181124866009,0.008623791858553886,0.9818569421768188,-0.29069817066192627,0.1852240413427353,10.192511558532715,-3.667853832244873,0.8662536144256592,0.37902316451072693
1781547253649529,103175845,-0.18921759724617004,-0.010470600798726082,0.008457683026790619,0.9818430542945862,-0.09693282097578049,0.20928780734539032,10.183817863464355,-4.505786895751953,1.5197234153747559,-0.7698155045509338
1781547253651378,103192512,-0.1891811490058899,-0.010643764398992062,0.008109554648399353,0.9818511009216309,-0.2220180332660675,0.19632677733898163,10.163090705871582,-5.601767539978027,2.4015049934387207,-1.5741567611694336
1781547253679144,103209179,-0.18913239240646362,-0.01078148651868105,0.007881302386522293,0.981860876083374,-0.12632493674755096,0.19904984533786774,10.172325134277344,-4.8376240730285645,2.005326986312866,-1.6487023830413818
1781547253681282,103225846,-0.18911121785640717,-0.011082394048571587,0.007476056460291147,0.9818648099899292,-0.11612328141927719,0.1763915866613388,10.177356719970703,-5.82187032699585,3.3390960693359375,-1.47463858127594
1781547253709239,103242513,-0.18907800316810608,-0.011487270705401897,0.007301730569452047,0.9818677306175232,-0.1717127561569214,0.12235628068447113,10.115132331848145,-4.127269268035889,3.7403571605682373,-1.543907880783081
1781547253711008,103259180,-0.18900997936725616,-0.013058719225227833,0.008323593065142632,0.9818531274795532,-0.1679941713809967,0.08087616413831711,10.004624366760254,5.4681925773620605,10.05988597869873,-1.722224473953247
1781547253739393,103275847,-0.1889978051185608,-0.013371609151363373,0.008730457164347172,0.9818477034568787,-0.26535800099372864,0.33655691146850586,10.357665061950684,-0.3244616985321045,2.3656210899353027,-1.3387502431869507
1781547253769518,103292514,-0.1889978051185608,-0.013384152203798294,0.008769260719418526,0.9818471670150757,-0.2028833031654358,0.22218497097492218,10.17548656463623,-3.2010750770568848,0.8166672587394714,-1.2777022123336792
1781547253773649,103309181,-0.188984677195549,-0.01339095737785101,0.008770917542278767,0.9818495512008667,-0.2028139978647232,0.2252226322889328,10.191001892089844,-3.4578559398651123,0.8250427842140198,-1.374070405960083
1781547253799050,103325848,-0.18896484375,-0.013403018936514854,0.008766629733145237,0.9818533062934875,-0.19822825491428375,0.21352054178714752,10.170204162597656,-3.490626811981201,0.8678287267684937,-1.4231313467025757
1781547253801667,103342515,-0.1889456957578659,-0.013410558924078941,0.008769837208092213,0.9818568229675293,-0.1990983635187149,0.2072177231311798,10.176406860351562,-3.445945978164673,0.8274504542350769,-1.4159855842590332
1781547253829024,103359182,-0.18893030285835266,-0.013424184173345566,0.008780443109571934,0.9818595051765442,-0.20437216758728027,0.21981137990951538,10.18048095703125,-3.3887012004852295,0.8594149947166443,-1.3896042108535767
1781547253831014,103375849,-0.18891142308712006,-0.013434430584311485,0.008813356049358845,0.9818627238273621,-0.19482287764549255,0.21435625851154327,10.18736457824707,-3.2421071529388428,0.8073699474334717,-1.411118984222412
1781547253859587,103392516,-0.18886293470859528,-0.013447102159261703,0.008846360258758068,0.9818716049194336,-0.19903650879859924,0.21809610724449158,10.172422409057617,-3.2360496520996094,0.8213289380073547,-1.6176724433898926
1781547253861142,103409183,-0.18854078650474548,-0.013457441702485085,0.008910258300602436,0.9819328188896179,-0.19186288118362427,0.22705087065696716,10.190906524658203,-3.0084166526794434,0.7439529895782471,-3.5301218032836914
1781547253889851,103425850,-0.18822439014911652,-0.013480599038302898,0.008998244069516659,0.9819924235343933,-0.21299603581428528,0.21472561359405518,10.173491477966309,-2.829716682434082,0.7999935746192932,-3.488398790359497
1781547253919165,103442517,-0.18806491792201996,-0.01348064560443163,0.009046279825270176,0.9820225238800049,-0.20551858842372894,0.2174597829580307,10.197327613830566,-3.1419615745544434,0.7079543471336365,-2.392495632171631
1781547253922179,103459184,-0.1877467781305313,-0.013501991517841816,0.009084369987249374,0.9820828437805176,-0.1894715279340744,0.23588934540748596,10.177520751953125,-3.1685218811035156,0.8519360423088074,-3.5063276290893555
1781547253949243,103475851,-0.18739570677280426,-0.013519380241632462,0.00909416750073433,0.9821494817733765,-0.21421180665493011,0.21598142385482788,10.21040153503418,-3.3619229793548584,0.8591717481613159,-3.739288330078125
1781547253952962,103492518,-0.1871216744184494,-0.013535541482269764,0.009085236117243767,0.9822015166282654,-0.20551039278507233,0.2294503152370453,10.183034896850586,-3.4963126182556152,0.8810831904411316,-3.202035427093506
1781547253979435,103509185,-0.1869708150625229,-0.013530352152884007,0.009078454226255417,0.9822303652763367,-0.19667476415634155,0.2218799591064453,10.19066333770752,-3.519390106201172,0.7441450357437134,-2.338554859161377
1781547253981456,103525852,-0.18691092729568481,-0.01352984644472599,0.009073377586901188,0.9822418689727783,-0.2143246978521347,0.21927224099636078,10.18068790435791,-3.508927822113037,0.7807968854904175,-1.7018487453460693
1781547254009481,103542519,-0.18682585656642914,-0.013542496599256992,0.009096669033169746,0.9822576642036438,-0.21314623951911926,0.22331339120864868,10.17934513092041,-3.2985706329345703,0.8313307762145996,-1.876322627067566
1781547254010420,103559186,-0.18680590391159058,-0.013548561371862888,0.009117617271840572,0.9822611808776855,-0.20399035513401031,0.21449986100196838,10.18564224243164,-3.3283579349517822,0.794960618019104,-1.4193791151046753
1781547254039615,103575853,-0.18667353689670563,-0.013545961119234562,0.009139593690633774,0.9822862148284912,-0.19191452860832214,0.2268787920475006,10.172289848327637,-3.323004961013794,0.7262033224105835,-2.2055227756500244
1781547254069198,103592520,-0.186369389295578,-0.013557693921029568,0.009148438461124897,0.9823437333106995,-0.18809038400650024,0.22599990665912628,10.173372268676758,-3.3792364597320557,0.8257213830947876,-3.409447193145752
1781547254071799,103609187,-0.18617141246795654,-0.013567921705543995,0.00915177445858717,0.9823811054229736,-0.20703944563865662,0.22728556394577026,10.180411338806152,-3.427414894104004,0.8314074277877808,-2.666999101638794
1781547254099165,103625854,-0.18597759306430817,-0.013573730364441872,0.0091556366533041,0.9824175834655762,-0.19812940061092377,0.21421869099140167,10.195423126220703,-3.4297327995300293,0.8012229800224304,-2.638389825820923
1781547254101687,103642521,-0.18582788109779358,-0.01356892567127943,0.009157652966678143,0.9824459552764893,-0.18910229206085205,0.2104693353176117,10.156391143798828,-3.4591867923736572,0.7354622483253479,-2.329756736755371
1781547254130960,103659188,-0.1856861114501953,-0.013573913834989071,0.009182648733258247,0.9824724793434143,-0.20657403767108917,0.2236354500055313,10.186981201171875,-3.2919750213623047,0.7729209661483765,-2.2717955112457275
1781547254131828,103675855,-0.1855187565088272,-0.013563534244894981,0.009192120283842087,0.9825041890144348,-0.20496752858161926,0.22971218824386597,10.198506355285645,-3.4144928455352783,0.6869133710861206,-2.45100736618042
1781547254159192,103692522,-0.18522460758686066,-0.013563067652285099,0.009199488908052444,0.9825596213340759,-0.20078004896640778,0.21788199245929718,10.174910545349121,-3.405938148498535,0.7463988661766052,-3.3381927013397217
1781547254160961,103709189,-0.18501056730747223,-0.013549583964049816,0.009211575612425804,0.9825999736785889,-0.20961548388004303,0.20347832143306732,10.181763648986816,-3.397268772125244,0.6589699387550354,-2.7763655185699463
1781547254189295,103725856,-0.18484899401664734,-0.013541949912905693,0.009232046082615852,0.9826303124427795,-0.18054865300655365,0.21888835728168488,10.175498008728027,-3.337334632873535,0.6919718980789185,-2.4096810817718506
1781547254219030,103742523,-0.18483933806419373,-0.013532823882997036,0.009234520606696606,0.9826322197914124,-0.20780709385871887,0.21671642363071442,10.175549507141113,-3.473043441772461,0.7171875238418579,-1.349507451057434
1781547254221388,103759190,-0.184830442070961,-0.013529364950954914,0.009226761758327484,0.9826339483261108,-0.20131732523441315,0.22384540736675262,10.199992179870605,-3.535142183303833,0.7684003710746765,-1.3447564840316772
1781547254249068,103775857,-0.18479664623737335,-0.01352312695235014,0.009216942824423313,0.9826406240463257,-0.1859757900238037,0.2251165360212326,10.194220542907715,-3.550496816635132,0.7502920031547546,-1.5183976888656616
1781547254251411,103792524,-0.18470115959644318,-0.0135326674208045,0.009226583875715733,0.9826582074165344,-0.21280208230018616,0.22676900029182434,10.169978141784668,-3.3941187858581543,0.8272711038589478,-1.9495238065719604
1781547254279620,103809191,-0.18440310657024384,-0.013528873212635517,0.009239312261343002,0.9827142953872681,-0.17902064323425293,0.2281617522239685,10.17842960357666,-3.3737945556640625,0.7170212268829346,-3.3658931255340576
1781547254281073,103825858,-0.1842246949672699,-0.013511083088815212,0.009230714291334152,0.9827479124069214,-0.20552650094032288,0.21943016350269318,10.172447204589844,-3.5452332496643066,0.6590980291366577,-2.5289723873138428
1781547254309595,103842525,-0.18376179039478302,-0.013507615774869919,0.009233027696609497,0.9828346967697144,-0.21487818658351898,0.21363817155361176,10.175729751586914,-3.430116891860962,0.7190573215484619,-4.519335746765137
1781547254310543,103859192,-0.18358001112937927,-0.013503879308700562,0.009233063086867332,0.9828687310218811,-0.18138200044631958,0.2342495173215866,10.185093879699707,-3.4688048362731934,0.7427747249603271,-2.553445339202881
1781547254339453,103875859,-0.18356853723526,-0.013496886007487774,0.009242275729775429,0.982870876789093,-0.18906208872795105,0.22377075254917145,10.182171821594238,-3.4250969886779785,0.7230913639068604,-1.3609180450439453
1781547254369333,103892526,-0.18357501924037933,-0.01348839420825243,0.009245824068784714,0.9828697443008423,-0.1926935762166977,0.20972026884555817,10.181739807128906,-3.4661028385162354,0.7215674519538879,-1.235095739364624
1781547254371658,103909193,-0.18357515335083008,-0.013474700041115284,0.009245320223271847,0.9828698635101318,-0.18756119906902313,0.20866329967975616,10.198738098144531,-3.4995532035827637,0.6908577680587769,-1.2798794507980347
1781547254399005,103925860,-0.18358105421066284,-0.013470237143337727,0.009256507270038128,0.9828686714172363,-0.19230009615421295,0.22990456223487854,10.19534969329834,-3.4095494747161865,0.7392657399177551,-1.2399747371673584
1781547254401295,103942527,-0.1835150122642517,-0.013458245433866978,0.009221043437719345,0.9828816056251526,-0.21483570337295532,0.22009217739105225,10.172103881835938,-3.7283382415771484,0.7411867380142212,-1.7469652891159058
1781547254429623,103959194,-0.18252073228359222,-0.013405364006757736,0.009225164540112019,0.9830673933029175,-0.26204973459243774,0.19148434698581696,10.185395240783691,-3.437904119491577,0.34021997451782227,-8.232102394104004
1781547254430676,103975861,-0.1813453733921051,-0.013339314609766006,0.009129699319601059,0.9832867383956909,-0.15773944556713104,0.24089109897613525,10.204236030578613,-4.112568378448486,0.36156824231147766,-9.506848335266113
1781547254459545,103992528,-0.18074999749660492,-0.013299355283379555,0.009083910845220089,0.9833973050117493,-0.16732284426689148,0.21495318412780762,10.16815185546875,-3.7905523777008057,0.5223774909973145,-5.446464538574219
1781547254461138,104009195,-0.18058530986309052,-0.013388479128479958,0.00919851940125227,0.9834251403808594,-0.15939292311668396,0.22058841586112976,10.173089027404785,-2.5799672603607178,1.2303379774093628,-2.4253687858581543
1781547254489301,104025862,-0.18055002391338348,-0.013425550423562527,0.009257467463612556,0.9834306836128235,-0.19988597929477692,0.22536934912204742,10.214487075805664,-3.0315444469451904,0.9578573107719421,-1.5247751474380493
1781547254519704,104042529,-0.1805127114057541,-0.013427164405584335,0.009247706271708012,0.9834375381469727,-0.20736488699913025,0.23104441165924072,10.175742149353027,-3.5397398471832275,0.8030030131340027,-1.544100284576416
1781547254521533,104059196,-0.18034382164478302,-0.013418679125607014,0.009230165742337704,0.983468770980835,-0.2095581293106079,0.21161331236362457,10.187690734863281,-3.5945634841918945,0.7338613867759705,-2.46321177482605
1781547254549112,104075863,-0.18017028272151947,-0.013419301249086857,0.009228458628058434,0.9835007190704346,-0.18052572011947632,0.23660574853420258,10.181035041809082,-3.4757204055786133,0.7754693031311035,-2.494433879852295
1781547254551511,104092530,-0.18014632165431976,-0.013441953808069229,0.00925943348556757,0.9835044145584106,-0.21292094886302948,0.23098798096179962,10.193696975708008,-3.239353656768799,0.8960795402526855,-1.4480012655258179
1781547254579176,104109197,-0.18002483248710632,-0.013454219326376915,0.009260345250368118,0.9835264682769775,-0.21651016175746918,0.21204794943332672,10.171117782592773,-3.4481735229492188,0.8552528023719788,-2.1323981285095215
1781547254582544,104125864,-0.1791396588087082,-0.01345726940780878,0.009290695190429688,0.9836878180503845,-0.24241703748703003,0.20416271686553955,10.166553497314453,-3.1981303691864014,0.694789469242096,-7.465513706207275
1781547254609256,104142531,-0.17850017547607422,-0.013014886528253555,0.008896556682884693,0.9838137030601501,-0.15097248554229736,0.24812527000904083,10.217025756835938,-6.638416767120361,-1.7759082317352295,-5.770081996917725
1781547254611700,104159198,-0.17851422727108002,-0.012977593578398228,0.00896544475108385,0.9838109016418457,-0.15536412596702576,0.20536932349205017,10.112065315246582,-3.059821367263794,0.4475499391555786,-1.175533413887024
1781547254639548,104175865,-0.1785162091255188,-0.012981191277503967,0.008953429758548737,0.9838106632232666,-0.18886910378932953,0.2081998586654663,10.182175636291504,-3.556259870529175,0.8224686980247498,-1.2702620029449463
1781547254669452,104192532,-0.1785070300102234,-0.012980797328054905,0.008955517783761024,0.9838123321533203,-0.1860441416501999,0.20502083003520966,10.185640335083008,-3.4644765853881836,0.7772878408432007,-1.3470360040664673
1781547254673006,104209199,-0.1785089522600174,-0.01297067105770111,0.008951352909207344,0.983812153339386,-0.18453019857406616,0.20544342696666718,10.203102111816406,-3.5200047492980957,0.7200434803962708,-1.2679952383041382
1781547254699052,104225866,-0.17849934101104736,-0.012954463250935078,0.00893271341919899,0.9838142991065979,-0.17009137570858002,0.2125445455312729,10.180093765258789,-3.6242871284484863,0.6957371234893799,-1.3505322933197021
1781547254701080,104242533,-0.1784927099943161,-0.012943010777235031,0.008918233215808868,0.9838157892227173,-0.19981545209884644,0.2134486436843872,10.178767204284668,-3.590132236480713,0.7229633331298828,-1.3295810222625732
1781547254729845,104259200,-0.17848926782608032,-0.012945071794092655,0.008914574049413204,0.9838163256645203,-0.19399426877498627,0.2223948985338211,10.183501243591309,-3.5006930828094482,0.801491916179657,-1.3059406280517578
1781547254732458,104275867,-0.17850354313850403,-0.012934448197484016,0.008918185718357563,0.9838138222694397,-0.17976157367229462,0.21163608133792877,10.178790092468262,-3.468459129333496,0.7080439329147339,-1.1814626455307007
1781547254759090,104292534,-0.17850610613822937,-0.012929756194353104,0.008908350020647049,0.9838135838508606,-0.2018478512763977,0.2051805555820465,10.164933204650879,-3.551124334335327,0.7637386918067932,-1.2666120529174805
1781547254761518,104309201,-0.1785111427307129,-0.012930348515510559,0.008911908604204655,0.9838126301765442,-0.17959776520729065,0.21529024839401245,10.182260513305664,-3.4545254707336426,0.7832683324813843,-1.2464419603347778
1781547254789309,104325868,-0.1785104125738144,-0.012936878949403763,0.00890254881232977,0.9838127493858337,-0.1914314478635788,0.21579347550868988,10.178171157836914,-3.5342838764190674,0.8389632105827332,-1.288677453994751
1781547254819759,104342535,-0.17852042615413666,-0.012939129956066608,0.008911998942494392,0.9838108420372009,-0.18709732592105865,0.22529950737953186,10.185234069824219,-3.413238286972046,0.7877634763717651,-1.2106868028640747
1781547254821675,104359202,-0.17852026224136353,-0.01293761283159256,0.008917669765651226,0.9838107824325562,-0.17498426139354706,0.21641701459884644,10.189536094665527,-3.4424235820770264,0.7661077976226807,-1.2826327085494995
1781547254849466,104375869,-0.1785140484571457,-0.012944821268320084,0.00892676878720522,0.9838117361068726,-0.1783544421195984,0.20853310823440552,10.186214447021484,-3.4082560539245605,0.8207013010978699,-1.3251880407333374
1781547254851803,104392536,-0.1785111129283905,-0.012939976528286934,0.008935908786952496,0.9838122725486755,-0.18664385378360748,0.21456444263458252,10.17266845703125,-3.4229326248168945,0.7392786145210266,-1.3018807172775269
1781547254879636,104409203,-0.1785094141960144,-0.012947208248078823,0.00893799401819706,0.9838123917579651,-0.18980872631072998,0.23326094448566437,10.175159454345703,-3.4559214115142822,0.8296529054641724,-1.2935436964035034
1781547254881743,104425870,-0.1785149872303009,-0.012938755564391613,0.00893312320113182,0.983811616897583,-0.19751928746700287,0.2286602258682251,10.191643714904785,-3.522911787033081,0.7325937151908875,-1.2447515726089478
1781547254909768,104442537,-0.17851269245147705,-0.01294421125203371,0.00894248764961958,0.9838118553161621,-0.201934814453125,0.22609496116638184,10.18040943145752,-3.408806800842285,0.8087528944015503,-1.2984485626220703
1781547254912240,104459204,-0.17851674556732178,-0.012945946305990219,0.008944349363446236,0.9838110208511353,-0.18665346503257751,0.2035115510225296,10.178400993347168,-3.464630126953125,0.7932061553001404,-1.2533190250396729
1781547254939299,104475871,-0.17851413786411285,-0.012945683673024178,0.00895051471889019,0.9838114976882935,-0.18563836812973022,0.21535933017730713,10.174118995666504,-3.4375698566436768,0.7740606069564819,-1.3014965057373047
1781547254969158,104492538,-0.17851383984088898,-0.012949006631970406,0.008962532505393028,0.9838114380836487,-0.2031341791152954,0.21520105004310608,10.187200546264648,-3.393439292907715,0.7910929918289185,-1.2835419178009033
1781547254970986,104509205,-0.17851898074150085,-0.012954255566000938,0.008956841193139553,0.9838104844093323,-0.18158946931362152,0.21028254926204681,10.172582626342773,-3.511385917663574,0.8264899253845215,-1.2476714849472046
1781547254999710,104525872,-0.17851442098617554,-0.012945199385285378,0.008954985998570919,0.9838114380836487,-0.1727563738822937,0.22358158230781555,10.19154167175293,-3.5020506381988525,0.724269688129425,-1.313624382019043
1781547255001178,104542539,-0.17851735651493073,-0.012943286448717117,0.008951947093009949,0.9838109016418457,-0.1867695152759552,0.22947470843791962,10.163461685180664,-3.502063035964966,0.7745729088783264,-1.261912226676941
1781547255029239,104559206,-0.17851944267749786,-0.01295558176934719,0.008945096284151077,0.9838104248046875,-0.1743234097957611,0.21025249361991882,10.19055461883545,-3.510554075241089,0.8755382895469666,-1.2684948444366455
1781547255031460,104575873,-0.17852087318897247,-0.012947130016982555,0.008946769870817661,0.983810305595398,-0.18416862189769745,0.21617552638053894,10.19286823272705,-3.4783074855804443,0.7244616150856018,-1.27205491065979
1781547255089248,104592540,-0.17851820588111877,-0.01293949130922556,0.008945218287408352,0.9838108420372009,-0.18145665526390076,0.21411354839801788,10.149425506591797,-3.4984004497528076,0.7335925698280334,-1.3009074926376343
1781547255091535,104609207,-0.17851966619491577,-0.01294331718236208,0.008943776600062847,0.9838106036186218,-0.19829218089580536,0.21323059499263763,10.160440444946289,-3.4841084480285645,0.811275839805603,-1.27117121219635
1781547255093370,104625874,-0.17851145565509796,-0.01293910015374422,0.00894309114664793,0.983812153339386,-0.1893966645002365,0.2166963368654251,10.195747375488281,-3.4880149364471436,0.7551841139793396,-1.3399542570114136
1781547255119103,104642541,-0.17851248383522034,-0.012927208095788956,0.008950399234890938,0.9838120341300964,-0.1832052767276764,0.2275969386100769,10.174670219421387,-3.444293737411499,0.6944179534912109,-1.2738349437713623
1781547255122146,104659208,-0.17850805819034576,-0.012918601743876934,0.008957186713814735,0.9838128685951233,-0.1948147416114807,0.22236987948417664,10.19393253326416,-3.4436533451080322,0.716957151889801,-1.3111014366149902
1781547255149273,104675875,-0.17849808931350708,-0.012924456037580967,0.008958553895354271,0.9838145971298218,-0.20416319370269775,0.1973881870508194,10.182119369506836,-3.4615185260772705,0.8207014799118042,-1.3519666194915771
1781547255151697,104692542,-0.1785016506910324,-0.012921257875859737,0.008961151354014874,0.983814001083374,-0.18073804676532745,0.2048862725496292,10.177009582519531,-3.4657695293426514,0.7591924071311951,-1.2570456266403198
1781547255179196,104709209,-0.17850153148174286,-0.012924022041261196,0.008972381241619587,0.9838138818740845,-0.1966811865568161,0.21154464781284332,10.179407119750977,-3.3997654914855957,0.7885957956314087,-1.282466173171997
1781547255181667,104725876,-0.1785023957490921,-0.012923238798975945,0.008967505767941475,0.9838138222694397,-0.1859188824892044,0.2317519336938858,10.189642906188965,-3.513256072998047,0.7846516370773315,-1.2770750522613525
1781547255209605,104742543,-0.178501158952713,-0.01292450726032257,0.008973228745162487,0.9838139414787292,-0.18751554191112518,0.2081075757741928,10.193605422973633,-3.438671588897705,0.7851381301879883,-1.2895867824554443
1781547255210726,104759210,-0.17849336564540863,-0.01290824543684721,0.008977018296718597,0.9838154911994934,-0.18295295536518097,0.207109272480011,10.192543029785156,-3.472557306289673,0.6684338450431824,-1.3358815908432007
1781547255239444,104775877,-0.1784914880990982,-0.0129119036719203,0.008983103558421135,0.9838157296180725,-0.19384130835533142,0.2135562151670456,10.160460472106934,-3.4327166080474854,0.8008258938789368,-1.2952214479446411
1781547255269481,104792544,-0.1784968078136444,-0.01292329840362072,0.008979244157671928,0.9838147163391113,-0.19208043813705444,0.21356703341007233,10.190018653869629,-3.49137020111084,0.8661256432533264,-1.2452255487442017
1781547255272245,104809211,-0.17850087583065033,-0.012921265326440334,0.00897848978638649,0.983814001083374,-0.19341473281383514,0.21379823982715607,10.172469139099121,-3.4866442680358887,0.771320104598999,-1.253408670425415
1781547255299272,104825878,-0.1785093992948532,-0.012920008972287178,0.008988178335130215,0.9838123917579651,-0.19225828349590302,0.21765734255313873,10.173836708068848,-3.4155945777893066,0.7641357183456421,-1.2221996784210205
1781547255301543,104842545,-0.1782224029302597,-0.013072085566818714,0.009104174561798573,0.9838613867759705,-0.19388864934444427,0.14681118726730347,10.180573463439941,-2.485328197479248,1.6479017734527588,-3.282228946685791
1781547255329153,104859212,-0.17860054969787598,-0.01253960095345974,0.008767091669142246,0.983802855014801,0.664570152759552,-0.8591266870498657,10.306714057922363,-6.441800117492676,-2.376103639602661,1.3494884967803955
1781547255331760,104875879,-0.1838667243719101,-0.010873435996472836,0.007851232774555683,0.98285973072052,0.2758488655090332,-0.3434465825557709,10.104104995727539,-12.116215705871582,-8.961994171142578,35.51741027832031
1781547255359122,104892546,-0.18816624581813812,-0.010777081362903118,0.007712486665695906,0.9820479154586792,-0.7889760732650757,1.0376266241073608,10.121400833129883,-4.814664840698242,0.6020219922065735,28.793691635131836
1781547255360866,104909213,-0.18819108605384827,-0.010729263536632061,0.007970777340233326,0.9820415377616882,-1.2947338819503784,-1.1610482931137085,10.132745742797852,-1.7974225282669067,0.12910722196102142,-1.084954023361206
1781547255389329,104925880,-0.18278640508651733,-0.010577757842838764,0.008091158233582973,0.9830625057220459,-0.6795081496238708,0.7476516962051392,10.20988941192627,-2.5175111293792725,-0.7666817307472229,-39.07756042480469
1781547255419104,104942547,-0.17933529615402222,-0.010553992353379726,0.008297809399664402,0.9836965203285217,0.30978018045425415,0.7609826922416687,10.191293716430664,-1.895241379737854,0.12476613372564316,-25.387746810913086
1781547255421118,104959214,-0.18028713762760162,-0.010489390231668949,0.008386466652154922,0.983522355556488,0.192770317196846,0.4444182813167572,10.213842391967773,-3.0172786712646484,0.3042340576648712,5.379672050476074
1781547255449121,104975881,-0.1789010614156723,-0.010528205893933773,0.008291011676192284,0.9837758541107178,-0.8348405957221985,-0.177916020154953,10.170418739318848,-3.9902427196502686,1.0662506818771362,-10.978349685668945
1781547255451171,104992548,-0.17484834790229797,-0.010569474659860134,0.008437731303274632,0.9845025539398193,-0.0303163044154644,0.6244475841522217,10.18403434753418,-2.1831564903259277,0.5982824563980103,-29.578968048095703
1781547255479118,105009215,-0.174030601978302,-0.010614451952278614,0.008571215905249119,0.9846457839012146,0.6570565700531006,0.9564719796180725,10.16142749786377,-2.46970534324646,0.8695065975189209,-6.9818572998046875
1781547255480691,105025882,-0.17491242289543152,-0.010602445341646671,0.008698408491909504,0.9844884872436523,-0.17874573171138763,0.16078034043312073,10.204741477966309,-2.6873104572296143,0.6138787865638733,4.885513782501221
1781547255509429,105042549,-0.17640432715415955,-0.010580630041658878,0.008834833279252052,0.9842212796211243,-0.19110910594463348,0.05719805136322975,10.17444896697998,-2.6742992401123047,0.5808385014533997,9.149209022521973
1781547255512058,105059216,-0.17691084742546082,-0.010562092997133732,0.009141655638813972,0.9841278195381165,-0.5141533017158508,-0.07573997229337692,10.17924976348877,-1.4560436010360718,0.32375094294548035,2.2826743125915527
1781547255539890,105075883,-0.17515839636325836,-0.01052909530699253,0.009318721480667591,0.9844399690628052,-0.30817171931266785,0.07154913991689682,10.192426681518555,-2.2133612632751465,0.21229737997055054,-13.503726959228516
1781547255569328,105092550,-0.17292264103889465,-0.01057162694633007,0.009502226486802101,0.9848330020904541,-0.10894330590963364,0.34402862191200256,10.141554832458496,-2.0485057830810547,0.6787691712379456,-16.876787185668945
1781547255571761,105109217,-0.17101100087165833,-0.010525749996304512,0.00971060898154974,0.9851650595664978,-0.026390746235847473,0.3621757924556732,10.182512283325195,-2.004758834838867,0.07617862522602081,-14.602898597717285
1781547255600236,105125884,-0.1700166016817093,-0.010608810931444168,0.010163361206650734,0.9853317141532898,-0.11412614583969116,0.31314507126808167,10.170175552368164,-0.2535914182662964,0.7355777025222778,-8.18644905090332
1781547255602537,105142551,-0.16940335929393768,-0.010580874048173428,0.01056278869509697,0.9854333996772766,0.2870385944843292,0.507372260093689,10.18484115600586,-0.768252968788147,0.07731834053993225,-5.524877548217773
1781547255629193,105159218,-0.16965420544147491,-0.01050204411149025,0.010760481469333172,0.985388994216919,-0.10971928387880325,0.2679000794887543,10.174181938171387,-2.2464513778686523,0.0411532036960125,0.4897724986076355
1781547255631658,105175885,-0.17000266909599304,-0.010355752892792225,0.010904734022915363,0.9853289723396301,-0.15396854281425476,0.2601998746395111,10.187545776367188,-2.6932008266448975,-0.3450414836406708,1.1684064865112305
1781547255659197,105192552,-0.17085376381874084,-0.010188756510615349,0.011130187660455704,0.9851808547973633,-0.24977152049541473,0.23503080010414124,10.187786102294922,-2.1962764263153076,-0.5363043546676636,4.686938762664795
1781547255661625,105209219,-0.17175976932048798,-0.00976256188005209,0.011354940943419933,0.98502516746521,-0.034074172377586365,0.2993544638156891,10.208826065063477,-2.50886607170105,-2.286573648452759,5.087059497833252
1781547255689428,105225886,-0.1727505773305893,-0.009442973881959915,0.011596440337598324,0.9848521947860718,-0.37372294068336487,0.11899764090776443,10.153372764587402,-2.2740108966827393,-1.5764875411987305,5.672208309173584
1781547255719248,105242553,-0.17375443875789642,-0.008924887515604496,0.011878934688866138,0.9846768975257874,-0.00843760184943676,0.31649917364120483,10.12929916381836,-2.2324414253234863,-2.9683456420898438,5.783879280090332
1781547255722850,105259220,-0.17627716064453125,-0.010781148448586464,0.010852130129933357,0.9842216968536377,-0.4247603118419647,0.16034145653247833,10.16784381866455,-8.33017349243164,14.81155014038086,16.125585556030273
1781547255749287,105275887,-0.1778906285762787,-0.010899500921368599,0.010995747521519661,0.9839285016059875,-0.03114629164338112,0.2975060045719147,10.143342018127441,-2.461266040802002,1.552751064300537,9.992932319641113
1781547255751831,105292554,-0.18114928901195526,-0.011084333062171936,0.0110707962885499,0.9833308458328247,-0.02171170525252819,0.31042715907096863,10.23389720916748,-2.944274425506592,2.23356556892395,21.485177993774414
1781547255779250,105309221,-0.18328243494033813,-0.010985853150486946,0.01102299615740776,0.9829371571540833,0.16726082563400269,0.3137330710887909,10.152091979980469,-4.057323455810547,0.3701229989528656,13.634464263916016
1781547255781149,105325888,-0.1838032603263855,-0.010952450335025787,0.01103622280061245,0.9828401207923889,-0.10273715108633041,0.24101021885871887,10.184539794921875,-3.4635159969329834,0.5886247158050537,2.3638408184051514
1781547255809295,105342555,-0.1849195957183838,-0.010950078256428242,0.011018773540854454,0.9826309680938721,-0.13894417881965637,0.2780008912086487,10.145309448242188,-3.668020725250244,0.8908033967018127,6.5243048667907715
1781547255811832,105359222,-0.18660449981689453,-0.010919515043497086,0.011018251068890095,0.9823126792907715,-0.12957486510276794,0.3486255407333374,10.173808097839355,-3.6238396167755127,0.7300838232040405,10.506647109985352
1781547255839471,105375889,-0.18869665265083313,-0.010846835561096668,0.010938440449535847,0.9819146394729614,-0.1340440958738327,0.1918119639158249,10.151239395141602,-4.238187313079834,0.584283709526062,13.357409477233887
1781547255869269,105392556,-0.1906769871711731,-0.010848085395991802,0.010954301804304123,0.9815318584442139,-0.13523423671722412,0.2865315079689026,10.169543266296387,-3.4888100624084473,0.9495465755462646,12.584928512573242
1781547255871612,105409223,-0.19321133196353912,-0.010848024860024452,0.010884460061788559,0.9810369610786438,0.04411571845412254,0.190201073884964,10.1513671875,-4.101954460144043,1.1032743453979492,16.463403701782227
1781547255899525,105425890,-0.19749750196933746,-0.010882236063480377,0.011009950190782547,0.9801811575889587,-0.12387287616729736,0.31692084670066833,10.206731796264648,-2.8427743911743164,1.2331204414367676,28.771961212158203
1781547255902131,105442557,-0.20301440358161926,-0.010881130583584309,0.011007851921021938,0.9790534377098083,-0.053852252662181854,0.3422463834285736,10.16500473022461,-3.821831226348877,1.281787633895874,37.42930221557617
1781547255929568,105459224,-0.21006356179714203,-0.01071150228381157,0.010945362038910389,0.9775678515434265,-0.4528309106826782,0.5363881587982178,10.189927101135254,-4.551004409790039,0.3746720552444458,48.25015640258789
1781547255930904,105475891,-0.21757347881793976,-0.010671611875295639,0.010922339744865894,0.9759246110916138,-0.03610147908329964,0.09518617391586304,10.140281677246094,-4.1207380294799805,1.2356387376785278,51.5675048828125
1781547255959181,105492558,-0.22554777562618256,-0.010645486414432526,0.01101116742938757,0.9741117358207703,-0.19473017752170563,0.26520055532455444,10.22585678100586,-3.370462656021118,1.2079654932022095,54.94499969482422
1781547255961361,105509225,-0.23342157900333405,-0.010476024821400642,0.010879776440560818,0.9722583889961243,-0.4115314185619354,0.14866472780704498,10.112957954406738,-5.057229518890381,0.5847376585006714,54.328765869140625
1781547255989350,105525892,-0.23974868655204773,-0.010404425673186779,0.010928564704954624,0.9707178473472595,-0.39939939975738525,0.0986345037817955,10.253564834594727,-3.607316732406616,0.8111916184425354,43.49310302734375
1781547256019242,105542559,-0.24360081553459167,-0.010491122491657734,0.011071129702031612,0.9697557091712952,-0.24978508055210114,0.1465395838022232,10.167267799377441,-2.586747884750366,1.4855592250823975,26.018178939819336
1781547256021183,105559226,-0.24604696035385132,-0.0104340435937047,0.010958394035696983,0.9691398739814758,0.3551335632801056,0.20264381170272827,10.120162010192871,-4.454808712005615,0.8225334286689758,16.05522918701172
1781547256049750,105575893,-0.24877029657363892,-0.010621866211295128,0.010927379131317139,0.9684426784515381,0.2406109869480133,0.34154579043388367,10.170150756835938,-3.5095458030700684,2.343186855316162,18.027908325195312
1781547256051761,105592560,-0.2531428635120392,-0.011250954121351242,0.009921323508024216,0.9673126935958862,-0.23755064606666565,0.32284265756607056,10.302016258239746,-9.335156440734863,7.104584217071533,29.644493103027344
1781547256079702,105609227,-0.25628286600112915,-0.010965419933199883,0.00813797302544117,0.9665055274963379,-0.2837890088558197,0.051882192492485046,10.080552101135254,-16.023075103759766,2.2657368183135986,20.88712501525879
1781547256082216,105625894,-0.2570694088935852,-0.01097970549017191,0.008235622197389603,0.9662955403327942,-0.3328382670879364,0.09358369559049606,10.158795356750488,-2.851167917251587,0.7669275999069214,4.320036888122559
1781547256109736,105642561,-0.2568639814853668,-0.010991865769028664,0.008194994181394577,0.9663503766059875,-0.1384725719690323,0.20256000757217407,10.179221153259277,-3.7137134075164795,0.920808732509613,-2.748767852783203
1781547256113282,105659228,-0.2568625509738922,-0.01099675428122282,0.008191211149096489,0.9663507342338562,-0.17574352025985718,0.2111824005842209,10.173802375793457,-3.4938032627105713,0.8228785395622253,-1.2935184240341187
1781547256139334,105675895,-0.256869375705719,-0.0109947444871068,0.00818604975938797,0.9663490056991577,-0.18175309896469116,0.2014349400997162,10.173215866088867,-3.5158560276031494,0.7804126739501953,-1.2349933385849
1781547256169157,105692562,-0.25687071681022644,-0.01098757702857256,0.008190835826098919,0.9663486480712891,-0.17756441235542297,0.19562269747257233,10.192636489868164,-3.458534002304077,0.7279192805290222,-1.271209478378296
1781547256171507,105709229,-0.2568681240081787,-0.010985161177814007,0.008196531794965267,0.9663493037223816,-0.17206692695617676,0.19465312361717224,10.148609161376953,-3.443755865097046,0.7575916647911072,-1.2996013164520264
1781547256199141,105725896,-0.2568625509738922,-0.010989397764205933,0.008202695287764072,0.9663506150245667,-0.1666967123746872,0.21684405207633972,10.170780181884766,-3.4287209510803223,0.8006593585014343,-1.320629358291626
1781547256201600,105742563,-0.25685757398605347,-0.010988086462020874,0.008206930942833424,0.9663519859313965,-0.1627742201089859,0.21164624392986298,10.18543529510498,-3.4513626098632812,0.7672604918479919,-1.3180038928985596
1781547256229156,105759230,-0.25695160031318665,-0.012818608433008194,0.0087761664763093,0.9662994146347046,-0.1513015627861023,0.15590965747833252,10.100181579589844,3.5332672595977783,11.95000171661377,-0.6246172189712524
1781547256231601,105775897,-0.2570950388908386,-0.012771944515407085,0.008775576017796993,0.9662618637084961,-0.19897587597370148,0.2964494526386261,10.24805736541748,-3.5742266178131104,0.4868909418582916,-0.2603018283843994
1781547256259132,105792564,-0.2580932080745697,-0.012656914070248604,0.008652741089463234,0.9659982919692993,-0.03620075061917305,0.30864688754081726,10.167908668518066,-4.568705081939697,0.3201524615287781,5.811645030975342
1781547256261439,105809231,-0.2653883993625641,-0.012488803826272488,0.007979858666658401,0.9640277624130249,0.554393470287323,0.6351544260978699,10.214314460754395,-8.762505531311035,1.4669744968414307,50.6181755065918
1781547256290170,105825898,-0.28788381814956665,-0.012003697454929352,0.007686845026910305,0.95755934715271,0.9826608896255493,0.8309540748596191,10.172866821289062,-7.881852149963379,-0.10681457817554474,159.63601684570312
1781547256319238,105842565,-0.32652539014816284,-0.011477332562208176,0.007509926799684763,0.9450890421867371,0.4078439772129059,0.7196966409683228,10.170376777648926,-8.215462684631348,0.7415040135383606,277.89105224609375
1781547256321563,105859232,-0.3686562180519104,-0.010265529155731201,0.008045067079365253,0.9294743537902832,-0.40229517221450806,0.40847548842430115,10.153581619262695,-5.23934268951416,-4.884167671203613,307.7383117675781
1781547256350040,105875899,-0.40844959020614624,-0.0096175791695714,0.008355882950127125,0.9126920104026794,-0.48784834146499634,0.5674469470977783,10.09081745147705,-5.01345157623291,-0.7582159638404846,295.7037048339844
1781547256350936,105892566,-0.44606614112854004,-0.009052237495779991,0.007894725538790226,0.8949194550514221,-0.3896430730819702,0.4453917443752289,10.280811309814453,-9.425660133361816,1.8684110641479492,284.758056640625
1781547256379714,105909233,-0.4798241853713989,-0.00821494311094284,0.007989533245563507,0.877289891242981,-0.755213737487793,0.521491527557373,10.197897911071777,-6.605060577392578,-1.729822039604187,260.6096496582031
1781547256381577,105925900,-0.5222822427749634,-0.0073003098368644714,0.009036806412041187,0.8526936173439026,-2.602576494216919,2.981832265853882,9.809261322021484,-1.2221357822418213,-4.46950626373291,336.197998046875
1781547256409387,105942567,-0.5703749060630798,-0.006370880641043186,0.008911311626434326,0.8213115334510803,-2.6148016452789307,1.3840702772140503,10.468036651611328,-8.017171859741211,0.3454414904117584,393.6225891113281
1781547256411893,105959234,-0.6069499254226685,-0.005666336510330439,0.008461966179311275,0.7946748733520508,-0.7579023838043213,-1.1685818433761597,9.89840316772461,-8.750239372253418,1.9697266817092896,309.83673095703125
1781547256439330,105975901,-0.6289281845092773,-0.0053397915326058865,0.008425583131611347,0.7773995399475098,-1.2295126914978027,-0.5012388229370117,10.600044250488281,-4.889747142791748,1.0965373516082764,190.93251037597656
1781547256469164,105992568,-0.6445949673652649,-0.004386735148727894,0.007872014306485653,0.764471173286438,-2.0523555278778076,1.2718809843063354,10.065007209777832,-10.38306713104248,-0.5423344373703003,138.40341186523438
1781547256471032,106009235,-0.6589853167533875,-0.0038482239469885826,0.008008982054889202,0.7521033883094788,-0.6742466688156128,1.1996251344680786,10.352126121520996,-4.908898830413818,-1.5115200281143188,129.20677185058594
1781547256499100,106025902,-0.677003026008606,-0.004163041245192289,0.0069855633191764355,0.7359353303909302,0.31423822045326233,0.04430520161986351,9.609500885009766,-6.9308762550354,8.459532737731934,165.11302185058594
1781547256503197,106042569,-0.6871916651725769,-0.00423488300293684,0.007180423010140657,0.7264285087585449,5.235274314880371,-4.207486152648926,10.389047622680664,-1.9929485321044922,0.9918638467788696,94.52593994140625
1781547256529140,106059236,-0.6956726908683777,-0.0019005303038284183,0.008382205851376057,0.7183075547218323,-0.43141254782676697,1.2982738018035889,10.836226463317871,-8.347732543945312,-15.904271125793457,79.59695434570312
1781547256531505,106075903,-0.7062098979949951,0.0022240113466978073,0.01179289910942316,0.7079010009765625,-0.4788425862789154,0.02598806843161583,10.302327156066895,-5.897241115570068,-35.16377258300781,100.81781768798828
1781547256559700,106092570,-0.7120354175567627,0.005711454898118973,0.0156388022005558,0.7019461989402771,-0.44808074831962585,-0.5667684078216553,9.94828987121582,-1.118433952331543,-34.48983383178711,56.208988189697266
1781547256561138,106109237,-0.7177457809448242,0.00946514680981636,0.018096204847097397,0.6960058212280273,0.4363989233970642,0.3633889853954315,10.39626407623291,-9.128570556640625,-28.98978614807129,55.665435791015625
1781547256589677,106125904,-0.7236673831939697,0.015023894608020782,0.020159266889095306,0.689690887928009,0.13041236996650696,0.13796769082546234,10.305729866027832,-19.86321258544922,-35.67967224121094,58.775115966796875
1781547256619457,106142571,-0.7271892428398132,0.019684555009007454,0.02288389950990677,0.6857731342315674,-0.7087746262550354,-0.3557790517807007,9.746747970581055,-12.837703704833984,-34.797603607177734,35.2752571105957
1781547256621688,106159238,-0.7261930108070374,0.020912591367959976,0.02753898687660694,0.6866209506988525,-0.5316541194915771,-0.07376255095005035,10.36974048614502,12.065478324890137,-28.331146240234375,-10.655243873596191
1781547256649133,106175905,-0.7218384146690369,0.027672693133354187,0.030854472890496254,0.6908195614814758,-0.6812804937362671,0.650471031665802,10.935139656066895,-22.996774673461914,-47.91434097290039,-42.00081253051758
1781547256651921,106192572,-0.7169187068939209,0.036995306611061096,0.033021390438079834,0.6953909993171692,1.8113898038864136,0.052016377449035645,10.847319602966309,-41.357059478759766,-54.43565368652344,-45.772911071777344
1781547256679141,106209239,-0.7141219973564148,0.05187463015317917,0.03314109519124031,0.6973095536231995,1.4026615619659424,-0.20324388146400452,10.436422348022461,-77.39417266845703,-71.10514831542969,-20.764415740966797
1781547256681298,106225906,-0.7127860188484192,0.0653492882847786,0.03222263604402542,0.6975868344306946,2.032655715942383,-0.5926128625869751,9.379509925842285,-74.57891082763672,-59.52513885498047,-5.651508331298828
1781547256709328,106242573,-0.7126584649085999,0.07506104558706284,0.03267756104469299,0.6967180371284485,1.237342357635498,-0.5784804821014404,9.965505599975586,-48.75275802612305,-48.453712463378906,4.310733795166016
1781547256711377,106259240,-0.7100072503089905,0.08914467692375183,0.0326848030090332,0.6977641582489014,0.8320531249046326,-0.554897665977478,11.202741622924805,-74.05280303955078,-66.7827377319336,-15.948527336120605
1781547256739505,106275907,-0.7055228352546692,0.120528444647789,0.027622554451227188,0.6978163719177246,2.0236289501190186,0.08866268396377563,17.767345428466797,-183.75344848632812,-126.0724105834961,-12.897849082946777
1781547256769446,106292574,-0.6796510219573975,0.23417750000953674,-0.025902407243847847,0.694668710231781,0.09082216024398804,-2.9389991760253906,16.33059310913086,-834.6785278320312,-293.1794738769531,-44.32136917114258
1781547256771598,106309241,-0.6683563590049744,0.3050481975078583,-0.04937565699219704,0.6766147017478943,3.2654154300689697,0.015319257974624634,-2.9172377586364746,-468.6244201660156,-255.342529296875,54.360931396484375
1781547256800556,106325908,-0.6557818651199341,0.34783196449279785,-0.05260841175913811,0.667978823184967,1.515127182006836,-5.368655204772949,10.971334457397461,-244.50357055664062,-197.31272888183594,-27.850555419921875
1781547256801372,106342575,-0.6306809186935425,0.41403883695602417,-0.06593789905309677,0.6530434489250183,5.148595809936523,-5.741429328918457,6.723486423492432,-429.0191650390625,-270.0736999511719,-41.33224868774414
1781547256829678,106359242,-0.606939971446991,0.4863772988319397,-0.08301682025194168,0.6230324506759644,4.582579135894775,-4.359351634979248,5.5368828773498535,-475.5706787109375,-325.0120544433594,38.12023162841797
1781547256830647,106375909,-0.5883418917655945,0.543011486530304,-0.09456247091293335,0.5916506052017212,4.4213643074035645,-6.090473651885986,0.0576472282409668,-369.6567687988281,-288.195068359375,56.3297119140625
1781547256859140,106392576,-0.5914099812507629,0.5343148112297058,-0.10295334458351135,0.5950988531112671,5.181711196899414,-8.269274711608887,5.101655006408691,11.263833999633789,80.97428131103516,34.22594451904297
1781547256861592,106409243,-0.5944563746452332,0.5321323275566101,-0.11033790558576584,0.5926910042762756,6.382730960845947,-7.184523105621338,3.1485676765441895,-15.331732749938965,28.729421615600586,49.64105224609375
1781547256889384,106425910,-0.5955908894538879,0.5334464311599731,-0.11718259751796722,0.5890456438064575,3.380631923675537,-7.486264228820801,4.342626571655273,-35.35563278198242,9.199023246765137,42.280540466308594
1781547256919624,106442577,-0.5983295440673828,0.5319408774375916,-0.12092478573322296,0.5868714451789856,5.13236141204834,-5.85850191116333,2.9952824115753174,-4.17634916305542,12.01596450805664,33.64503860473633
1781547256920939,106459244,-0.6010977029800415,0.525158703327179,-0.12636476755142212,0.5890005230903625,2.3514482975006104,-7.579418182373047,3.1208770275115967,14.365670204162598,56.0051383972168,26.659149169921875
1781547256949378,106475911,-0.6041398048400879,0.5198100209236145,-0.12901708483695984,0.5900572538375854,6.201065540313721,-7.248476982116699,3.90659499168396,19.78826141357422,34.56853103637695,20.887807846069336
1781547256951798,106492578,-0.6093755960464478,0.5057734847068787,-0.13422878086566925,0.5956824421882629,2.9940030574798584,-8.989368438720703,4.538548946380615,57.38613510131836,94.83059692382812,27.6663875579834
1781547256979229,106509245,-0.612542986869812,0.49719858169555664,-0.14298522472381592,0.5976119637489319,5.862999439239502,-8.397473335266113,8.35537052154541,9.38156509399414,76.36775970458984,41.964229583740234
1781547256981370,106525912,-0.6090973615646362,0.502916157245636,-0.15875180065631866,0.5923459529876709,4.095117568969727,-7.440620422363281,4.7121901512146,-109.30239868164062,29.068479537963867,55.01136779785156
1781547257009459,106542579,-0.6094914674758911,0.5025527477264404,-0.17046277225017548,0.5889850854873657,3.6592469215393066,-6.558454513549805,3.1788642406463623,-51.958770751953125,39.24665832519531,55.28374481201172
1781547257013558,106559246,-0.6119980216026306,0.5003178119659424,-0.1780596226453781,0.586033821105957,3.3722870349884033,-6.967809200286865,3.148189067840576,-19.675561904907227,28.52482032775879,50.099178314208984
1781547257039584,106575913,-0.6157823801040649,0.49548566341400146,-0.1843648999929428,0.5842224359512329,3.1288719177246094,-8.127102851867676,4.343794345855713,2.2476015090942383,35.910621643066406,49.188560485839844
1781547257069186,106592580,-0.61741703748703,0.49094563722610474,-0.192484050989151,0.5837110877037048,2.950875759124756,-8.638006210327148,5.496863842010498,-11.950079917907715,49.57090377807617,40.858001708984375
1781547257071484,106609247,-0.6160455942153931,0.48980244994163513,-0.20382612943649292,0.5822682976722717,2.6668105125427246,-8.917158126831055,6.283742904663086,-50.68555450439453,50.454654693603516,39.13033676147461
1781547257099147,106625914,-0.6107495427131653,0.4946451783180237,-0.21979007124900818,0.5779305100440979,3.011397123336792,-9.084863662719727,5.594557285308838,-111.82113647460938,41.818321228027344,42.85721206665039
1781547257102542,106642581,-0.6028525233268738,0.5032870769500732,-0.241781547665596,0.5699235796928406,3.854921340942383,-8.346619606018066,4.887466907501221,-166.12771606445312,43.487056732177734,62.6927490234375
1781547257129473,106659248,-0.5984507203102112,0.509323000907898,-0.2653816342353821,0.5585869550704956,4.530866622924805,-7.662984848022461,2.509929895401001,-155.07150268554688,43.03471374511719,100.09353637695312
1781547257131853,106675915,-0.5977379083633423,0.5108276009559631,-0.29198917746543884,0.5445246696472168,4.105805397033691,-8.077652931213379,2.278040885925293,-140.03353881835938,56.53989791870117,144.2867889404297
1781547257159192,106692582,-0.6016300916671753,0.5045874714851379,-0.32683494687080383,0.525938868522644,4.5719990730285645,-8.308297157287598,2.694063425064087,-131.96934509277344,94.277099609375,224.63856506347656
1781547257161670,106709249,-0.6113928556442261,0.49052533507347107,-0.3690688908100128,0.4993715286254883,5.153104305267334,-6.647335529327393,2.198401927947998,-123.9208755493164,112.2679214477539,322.1822814941406
1781547257190378,106725916,-0.6263301372528076,0.47179776430130005,-0.4077043831348419,0.46786177158355713,3.7466423511505127,-6.436338424682617,2.0257768630981445,-87.031494140625,83.35330963134766,360.464599609375
1781547257219156,106742583,-0.6415034532546997,0.45538777112960815,-0.43746712803840637,0.4355660676956177,-1.3467880487442017,-7.906325817108154,2.841048240661621,-69.89240264892578,34.45143127441406,329.28466796875
1781547257223369,106759250,-0.6508016586303711,0.44187748432159424,-0.4629172682762146,0.40854543447494507,-7.8113322257995605,-8.374381065368652,0.29025787115097046,-72.28827667236328,40.93109893798828,266.1395568847656
1781547257250209,106775917,-0.6541200876235962,0.4213389754295349,-0.4849112033843994,0.3993265926837921,-10.390767097473145,-7.112096786499023,-1.0461409091949463,7.380324363708496,118.33009338378906,181.50828552246094
1781547257251599,106792584,-0.6527798771858215,0.39522597193717957,-0.5026018023490906,0.406283974647522,-8.932535171508789,-6.3306779861450195,-1.058592438697815,84.71688079833984,176.68222045898438,102.06661224365234
1781547257279670,106809251,-0.6492775082588196,0.3647695779800415,-0.5145082473754883,0.4250449538230896,-7.56364631652832,-6.790323734283447,-0.11652271449565887,155.3057403564453,202.41537475585938,42.32870864868164
1781547257281078,106825918,-0.6431115865707397,0.33258146047592163,-0.5213221311569214,0.4516861140727997,-6.191792011260986,-7.867751121520996,1.7076808214187622,199.14041137695312,213.9420166015625,-7.294954776763916
1781547257309414,106842585,-0.6323160529136658,0.30885905027389526,-0.5221859812736511,0.4817720651626587,-5.594392776489258,-10.762283325195312,5.654062747955322,181.9358673095703,185.79583740234375,-80.87406158447266
1781547257312844,106859252,-0.6197443008422852,0.30499744415283203,-0.5172780156135559,0.5052890181541443,-4.252627372741699,-11.27530574798584,6.735668182373047,87.3161392211914,87.30683135986328,-141.75823974609375
1781547257339521,106875919,-0.6082912683486938,0.31427228450775146,-0.5114362835884094,0.5192760825157166,-1.9823861122131348,-9.099732398986816,4.1896586418151855,3.026465654373169,13.72046184539795,-145.9364013671875
1781547257369644,106892586,-0.6015070080757141,0.3225943446159363,-0.5074834823608398,0.5259114503860474,0.007400209084153175,-7.269742965698242,2.5180182456970215,-15.498497009277344,-7.280144214630127,-91.08023834228516
1781547257371751,106909253,-0.599780261516571,0.3228074610233307,-0.5069272518157959,0.5282838940620422,0.8893282413482666,-8.61192512512207,3.124783515930176,2.0988423824310303,8.987056732177734,-19.331806182861328
1781547257399225,106925920,-0.6008939146995544,0.3183186948299408,-0.5113560557365417,0.5254661440849304,1.1494455337524414,-9.832457542419434,4.5871429443359375,-8.404106140136719,25.204761505126953,39.84279251098633
1781547257403365,106942587,-0.6055124998092651,0.3146820366382599,-0.5190958976745605,0.5146546363830566,0.048430345952510834,-9.917433738708496,5.212789058685303,-44.322811126708984,5.989211082458496,89.78817749023438
1781547257429261,106959254,-0.6117639541625977,0.3135583996772766,-0.5299370288848877,0.4965810179710388,-1.5484576225280762,-9.193998336791992,4.517948150634766,-88.15145111083984,-11.530627250671387,123.54998016357422
1781547257431671,106975921,-0.6195518970489502,0.3143436014652252,-0.5401082038879395,0.47500184178352356,-3.015324831008911,-7.952857494354248,2.9440128803253174,-103.35944366455078,-34.022308349609375,135.14755249023438
1781547257459195,106992588,-0.6278776526451111,0.3161066770553589,-0.5468114614486694,0.45480045676231384,-5.026414394378662,-7.591851711273193,1.6927140951156616,-89.91891479492188,-51.00735092163086,119.90553283691406
1781547257461571,107009255,-0.634933352470398,0.3175278604030609,-0.5504289865493774,0.4393902122974396,-6.1773295402526855,-7.238554954528809,0.8203051686286926,-63.537105560302734,-48.069793701171875,89.82215881347656
1781547257489399,107025922,-0.6408649682998657,0.31735363602638245,-0.5506844520568848,0.4304945468902588,-6.290992736816406,-7.019296646118164,0.45387011766433716,-24.213346481323242,-39.449668884277344,56.678897857666016
1781547257519184,107042589,-0.64573734998703,0.31729328632354736,-0.5475314855575562,0.4272676110267639,-6.278876781463623,-7.218191623687744,0.7073173522949219,4.526492118835449,-38.426414489746094,20.694334030151367
1781547257521758,107059256,-0.6498751044273376,0.317531555891037,-0.5408023595809937,0.42938220500946045,-6.182183265686035,-7.619406700134277,0.652128279209137,32.212623596191406,-40.76486587524414,-14.107417106628418
1781547257549215,107075923,-0.6532554626464844,0.3163308799266815,-0.5320195555686951,0.436058908700943,-5.889926433563232,-7.901947021484375,1.2305504083633423,60.01606750488281,-32.91830062866211,-35.8647575378418
1781547257552235,107092590,-0.6546931266784668,0.31405171751976013,-0.5232229232788086,0.4460787773132324,-5.100099563598633,-8.425389289855957,2.200115442276001,72.90702056884766,-15.371055603027344,-52.79270935058594
1781547257579778,107109257,-0.6550660133361816,0.3135516047477722,-0.5125930905342102,0.4580635726451874,-4.20919942855835,-8.603431701660156,2.902462959289551,75.2916030883789,-21.0073184967041,-75.2635726928711
1781547257581536,107125924,-0.6551917791366577,0.31460773944854736,-0.5008112788200378,0.47003597021102905,-3.493394136428833,-8.524651527404785,3.2239797115325928,71.3340835571289,-30.253854751586914,-83.95552825927734
1781547257610151,107142591,-0.6557455062866211,0.3161906599998474,-0.48831430077552795,0.48121780157089233,-2.943880558013916,-8.424479484558105,3.457113265991211,69.47520446777344,-38.36260986328125,-82.37144470214844
1781547257611674,107159258,-0.6569491028785706,0.31897348165512085,-0.4744282364845276,0.4915197193622589,-2.798229932785034,-8.529376983642578,3.871792793273926,67.1195297241211,-52.6905517578125,-83.30253601074219
1781547257639776,107175925,-0.6582999229431152,0.3228647708892822,-0.4598422646522522,0.5009440183639526,-2.7857940196990967,-8.559671401977539,4.003419399261475,61.93662643432617,-62.003517150878906,-83.9917221069336
1781547257669670,107192592,-0.6593886017799377,0.32749494910240173,-0.4455369710922241,0.509363055229187,-2.7462737560272217,-8.723978996276855,4.279580116271973,53.86399459838867,-64.68154907226562,-82.05685424804688
1781547257671872,107209259,-0.6594212651252747,0.33161044120788574,-0.4337044656276703,0.5168158411979675,-2.4827749729156494,-8.743314743041992,4.683075904846191,42.198326110839844,-50.60700607299805,-74.22954559326172
1781547257699289,107225926,-0.6586102247238159,0.33542099595069885,-0.42430537939071655,0.5231543779373169,-2.125582695007324,-8.573291778564453,4.668006896972656,29.685569763183594,-38.515480041503906,-65.718017578125
1781547257701662,107242593,-0.6574613451957703,0.33759739995002747,-0.41707393527030945,0.5289821028709412,-2.032611846923828,-8.754036903381348,4.92716121673584,27.017555236816406,-23.014366149902344,-54.8521728515625
1781547257729372,107259260,-0.6557976007461548,0.33985984325408936,-0.41184335947036743,0.5336758494377136,-1.596733808517456,-8.455340385437012,4.892910957336426,14.903703689575195,-15.43840503692627,-47.20108413696289
1781547257731988,107275927,-0.6543286442756653,0.342441588640213,-0.40652996301651,0.5378860235214233,-1.7304027080535889,-8.44080638885498,4.492698669433594,12.852396011352539,-18.665462493896484,-45.402889251708984
1781547257759694,107292594,-0.6529415249824524,0.3447953760623932,-0.40101298689842224,0.5421922206878662,-1.7340835332870483,-8.523616790771484,4.486255168914795,15.091468811035156,-18.740333557128906,-45.37586975097656
1781547257761130,107309261,-0.6515226364135742,0.34679359197616577,-0.39604130387306213,0.5462636351585388,-1.4835045337677002,-8.593437194824219,4.568869113922119,13.931757926940918,-15.436753273010254,-42.16693878173828
1781547257789463,107325928,-0.650417149066925,0.348045289516449,-0.39186233282089233,0.5497872829437256,-1.0875186920166016,-8.592743873596191,4.746622562408447,13.553692817687988,-11.24188232421875,-34.61281204223633
1781547257819172,107342595,-0.6498119831085205,0.3489515483379364,-0.3886163532733917,0.5522271394729614,-0.9774227142333984,-8.598331451416016,4.9188232421875,9.848167419433594,-9.705151557922363,-24.712671279907227
1781547257821580,107359262,-0.6495078206062317,0.34961146116256714,-0.3866405487060547,0.5535526871681213,-1.0269793272018433,-8.620912551879883,4.933572769165039,3.870678424835205,-6.572571277618408,-14.88491153717041
1781547257849208,107375929,-0.6493350267410278,0.350089967250824,-0.38567957282066345,0.5541229844093323,-1.1205222606658936,-8.565682411193848,4.8810272216796875,-0.8740464448928833,-3.5154716968536377,-8.09046459197998
1781547257851203,107392596,-0.6491743922233582,0.35052254796028137,-0.3852504789829254,0.5543362498283386,-1.2416865825653076,-8.48976993560791,4.7687811851501465,-3.6137349605560303,-1.8573051691055298,-5.0496087074279785
1781547257879346,107409263,-0.6489841341972351,0.3509947955608368,-0.3848540484905243,0.5545356869697571,-1.3236969709396362,-8.467552185058594,4.723196029663086,-4.024344444274902,-1.8180663585662842,-5.126958847045898
1781547257881660,107425930,-0.6486735343933105,0.3515462577342987,-0.38443782925605774,0.5548383593559265,-1.3301740884780884,-8.486542701721191,4.688487529754639,-4.320544242858887,-1.6405324935913086,-6.304286479949951
1781547257909333,107442597,-0.6483174562454224,0.35215240716934204,-0.38384976983070374,0.5552769899368286,-1.2817773818969727,-8.474419593811035,4.681339740753174,-3.6592607498168945,-2.16767954826355,-7.643803119659424
1781547257911111,107459264,-0.6478909254074097,0.3528047800064087,-0.38319993019104004,0.5558094382286072,-1.2172082662582397,-8.485325813293457,4.7206339836120605,-3.5532636642456055,-2.20638108253479,-8.603910446166992
1781547257939531,107475931,-0.6474923491477966,0.3534529209136963,-0.3825535774230957,0.5563071966171265,-1.1682037115097046,-8.513509750366211,4.723873138427734,-3.5719990730285645,-2.3323826789855957,-8.324334144592285
1781547257969999,107492598,-0.6471347212791443,0.35408711433410645,-0.38198578357696533,0.5567100048065186,-1.1249586343765259,-8.499518394470215,4.694090843200684,-3.961606740951538,-2.2688372135162354,-7.516598701477051
1781547257971974,107509265,-0.6468889117240906,0.3546534776687622,-0.3813208043575287,0.5570909976959229,-1.1350847482681274,-8.501032829284668,4.698991775512695,-3.0733582973480225,-2.7884552478790283,-7.050076007843018
1781547257999967,107525932,-0.6466689109802246,0.35510584712028503,-0.38065528869628906,0.5575129985809326,-1.0954021215438843,-8.491057395935059,4.739847183227539,-2.394044876098633,-2.3223037719726562,-6.836338043212891
1781547258000981,107542599,-0.6465165615081787,0.35544130206108093,-0.38001638650894165,0.5579116940498352,-1.0853179693222046,-8.52285099029541,4.69100284576416,-1.8730442523956299,-1.9892362356185913,-6.103801727294922
1781547258029339,107559266,-0.6464131474494934,0.3557478189468384,-0.3794099688529968,0.55824875831604,-1.0742472410202026,-8.479918479919434,4.775813102722168,-1.9109891653060913,-2.0123515129089355,-5.487508296966553
1781547258031717,107575933,-0.6462977528572083,0.35608547925949097,-0.3788544535636902,0.5585443377494812,-1.0987358093261719,-8.486083030700684,4.747191905975342,-2.3836076259613037,-1.9771339893341064,-5.305581092834473
1781547258059329,107592600,-0.6461507678031921,0.3564721941947937,-0.37829625606536865,0.5588458776473999,-1.0659302473068237,-8.490299224853516,4.756621837615967,-2.6533100605010986,-2.0804944038391113,-5.5892815589904785
1781547258061937,107609267,-0.6459864377975464,0.3568650782108307,-0.3777906596660614,0.5591272711753845,-1.0590509176254272,-8.504642486572266,4.745109558105469,-2.9786674976348877,-1.8747860193252563,-5.4537129402160645
1781547258089310,107625934,-0.6458196043968201,0.35728779435157776,-0.3772661089897156,0.5594040155410767,-1.0452959537506104,-8.487524032592773,4.776198863983154,-3.056978702545166,-2.078176259994507,-5.5671257972717285
1781547258119033,107642601,-0.6456288695335388,0.35774916410446167,-0.37676239013671875,0.5596687197685242,-1.0454927682876587,-8.49465274810791,4.766598224639893,-3.399561882019043,-2.102931261062622,-5.654568672180176
1781547258121400,107659268,-0.6454224586486816,0.3582676947116852,-0.37630265951156616,0.5598844289779663,-0.9752689003944397,-8.505989074707031,4.772233009338379,-3.9887425899505615,-2.207814931869507,-5.538426876068115
1781547258149115,107675935,-0.6452177166938782,0.3587283194065094,-0.3760331869125366,0.5600064396858215,-0.940514326095581,-8.52410888671875,4.76057767868042,-4.702927589416504,-1.375466227531433,-4.498256206512451
1781547258150841,107692602,-0.6450566053390503,0.35910463333129883,-0.37593477964401245,0.560016930103302,-0.9336469173431396,-8.520838737487793,4.796572685241699,-5.169206142425537,-0.6799787878990173,-3.195760488510132
1781547258179931,107709269,-0.6449509859085083,0.35941317677497864,-0.3759947717189789,0.5599005222320557,-0.9477189779281616,-8.50987434387207,4.749174118041992,-5.670716762542725,-0.1737181693315506,-1.853540301322937
1781547258181534,107725936,-0.6449061632156372,0.35963937640190125,-0.37611716985702515,0.5597245693206787,-0.9583942890167236,-8.51853084564209,4.70864725112915,-5.550246715545654,0.11590386927127838,-0.9883044958114624
1781547258209409,107742603,-0.6449025869369507,0.3597761392593384,-0.3762841522693634,0.5595285892486572,-0.9689846038818359,-8.531109809875488,4.7016706466674805,-5.27549934387207,0.5013110041618347,-0.4003649652004242
1781547258211931,107759270,-0.6449357867240906,0.35985490679740906,-0.3764384686946869,0.5593357086181641,-0.9637511968612671,-8.51128101348877,4.715488433837891,-4.871612548828125,0.5801340937614441,-0.15390673279762268
1781547258239554,107775937,-0.644980251789093,0.359889954328537,-0.3765717148780823,0.5591720342636108,-0.9859110116958618,-8.517842292785645,4.682333469390869,-4.493581771850586,0.6982598900794983,-0.17985239624977112
1781547258269362,107792604,-0.6450410485267639,0.3598625957965851,-0.376661479473114,0.559059202671051,-0.9981821775436401,-8.52241039276123,4.698634624481201,-3.878122091293335,0.8283340334892273,-0.29048648476600647
1781547258271883,107809271,-0.645090639591217,0.35980576276779175,-0.37674790620803833,0.5589802861213684,-1.0055447816848755,-8.497769355773926,4.711970329284668,-3.675551176071167,1.0401766300201416,-0.4157582223415375
1781547258299151,107825938,-0.6451494097709656,0.35977569222450256,-0.3767876923084259,0.5589051246643066,-1.0327647924423218,-8.501537322998047,4.721003532409668,-3.5836777687072754,0.7157533168792725,-0.5814467072486877
1781547258301678,107842605,-0.6451705694198608,0.35981208086013794,-0.37671783566474915,0.5589042901992798,-1.0260133743286133,-8.504502296447754,4.6720290184021,-3.358670473098755,0.2547503113746643,-1.4990473985671997
1781547258329819,107859272,-0.6451703906059265,0.35985299944877625,-0.3764404058456421,0.5590649843215942,-1.0351300239562988,-8.495192527770996,4.697141647338867,-2.2160239219665527,-0.228900745511055,-2.8245303630828857
1781547258331682,107875939,-0.6451377272605896,0.35991212725639343,-0.3760429620742798,0.5593321323394775,-1.016795039176941,-8.506851196289062,4.718496799468994,-1.6415435075759888,-0.4835549294948578,-3.7659504413604736
1781547258359176,107892606,-0.6450884938240051,0.3599933087825775,-0.37557515501976013,0.5596508979797363,-1.002140760421753,-8.507657051086426,4.699880599975586,-1.3762600421905518,-0.7107268571853638,-4.29035758972168
1781547258361148,107909273,-0.6450386643409729,0.3600992262363434,-0.3750993311405182,0.559959352016449,-0.9554017186164856,-8.496481895446777,4.743052005767822,-1.48434579372406,-0.8653892278671265,-4.331018447875977
1781547258389447,107925940,-0.6449785828590393,0.360161691904068,-0.37470901012420654,0.560249388217926,-0.9019011855125427,-8.514678001403809,4.751587867736816,-1.694766879081726,-0.3392530381679535,-3.9648590087890625
1781547258419169,107942607,-0.6449691653251648,0.3601298928260803,-0.37454754114151,0.5603886842727661,-0.8823723793029785,-8.520007133483887,4.78165340423584,-2.422013759613037,0.5352093577384949,-2.292733669281006
1781547258421213,107959274,-0.6450634598731995,0.3602525293827057,-0.3745075762271881,0.5602279901504517,-0.8818926811218262,-8.544610977172852,4.761704921722412,-4.090719223022461,-0.5304645895957947,-0.6608588099479675
1781547258449203,107975941,-0.6452407836914062,0.3601537048816681,-0.3746335208415985,0.5600032210350037,-0.9195922613143921,-8.50455093383789,4.748457431793213,-3.708155870437622,0.6856968998908997,0.9242151975631714
1781547258450763,107992608,-0.6454221606254578,0.36015990376472473,-0.37470588088035583,0.5597416758537292,-0.984920859336853,-8.495826721191406,4.767286777496338,-4.053183555603027,-0.05884517356753349,0.7004753351211548
1781547258479954,108009275,-0.6455516815185547,0.36012008786201477,-0.3746929168701172,0.559626579284668,-1.0035550594329834,-8.47984504699707,4.7341628074646,-3.2730469703674316,0.23551517724990845,-0.2432565987110138
1781547258480949,108025942,-0.6455931067466736,0.3601410686969757,-0.37460049986839294,0.559627115726471,-0.9954085946083069,-8.501579284667969,4.736439228057861,-3.157930612564087,0.16255739331245422,-1.4484748840332031
1781547258509711,108042609,-0.6455949544906616,0.3601922392845154,-0.37448567152023315,0.559669017791748,-0.9551968574523926,-8.503703117370605,4.7576904296875,-3.198411703109741,0.15109573304653168,-1.9193004369735718
1781547258511535,108059276,-0.645591139793396,0.36022666096687317,-0.3744654953479767,0.5596646666526794,-0.9321197867393494,-8.512374877929688,4.760210037231445,-3.6217386722564697,0.5354271531105042,-1.4582592248916626
1781547258539402,108075943,-0.6456171870231628,0.3602016270160675,-0.3745719790458679,0.5595794320106506,-0.9243622422218323,-8.525373458862305,4.766934871673584,-3.980546474456787,1.048807978630066,-0.5178247094154358
1781547258569936,108092610,-0.6456907987594604,0.360138863325119,-0.3747600018978119,0.5594089031219482,-0.9496974945068359,-8.5082368850708,4.76495361328125,-4.229822158813477,1.2218858003616333,0.3409498631954193
1781547258571667,108109277,-0.6457419395446777,0.3600928783416748,-0.3749982714653015,0.5592198371887207,-0.9690830707550049,-8.498834609985352,4.739155292510986,-4.601718425750732,1.3923383951187134,0.4178391396999359
1781547258599324,108125944,-0.6457828879356384,0.3600383698940277,-0.37519022822380066,0.5590789318084717,-0.9767921566963196,-8.50004768371582,4.737866401672363,-4.287911891937256,1.364945650100708,0.07140181213617325
1781547258601380,108142611,-0.6457927823066711,0.3599909543991089,-0.3753564953804016,0.5589863657951355,-0.9944933652877808,-8.508499145507812,4.727474689483643,-4.173282146453857,1.423662781715393,-0.34418347477912903
1781547258629380,108159278,-0.6458055973052979,0.3599601686000824,-0.375509649515152,0.5588885545730591,-0.980938196182251,-8.497321128845215,4.749250411987305,-4.20424747467041,1.2800265550613403,-0.3857272267341614
1781547258631109,108175945,-0.6458062529563904,0.3599427342414856,-0.37569659948349,0.5587733387947083,-0.9759433269500732,-8.506085395812988,4.738836288452148,-4.469045162200928,1.3674556016921997,-0.3069554269313812
1781547258660112,108192612,-0.6458254456520081,0.3599373996257782,-0.37590277194976807,0.5586159825325012,-0.9827414751052856,-8.504483222961426,4.737689971923828,-4.660691261291504,1.2537095546722412,-0.032694607973098755
1781547258661168,108209279,-0.6458411812782288,0.35995981097221375,-0.37605321407318115,0.5584821105003357,-0.9984752535820007,-8.495396614074707,4.726590633392334,-4.518516540527344,0.9660534262657166,-0.3601914346218109
1781547258689632,108225946,-0.6458569765090942,0.35995587706565857,-0.37620028853416443,0.5583672523498535,-0.9953559041023254,-8.50232982635498,4.721151828765869,-4.34037971496582,1.0998029708862305,-0.3854839503765106
1781547258719240,108242613,-0.6458661556243896,0.359954833984375,-0.37635403871536255,0.5582537651062012,-1.0042368173599243,-8.50363826751709,4.716665267944336,-4.3928728103637695,1.1385294198989868,-0.4086378514766693
1781547258722283,108259280,-0.6458516120910645,0.3599911034107208,-0.37651440501213074,0.558138906955719,-0.9949217438697815,-8.505217552185059,4.7290120124816895,-4.647156238555908,1.083065152168274,-0.5736860632896423
1781547258749284,108275947,-0.6458520889282227,0.3600322902202606,-0.37665030360221863,0.5580201745033264,-1.0028942823410034,-8.514650344848633,4.722316265106201,-4.548418998718262,0.906619131565094,-0.5727769136428833
1781547258751685,108292614,-0.6458749771118164,0.360049307346344,-0.3767482042312622,0.5579166412353516,-0.9985866546630859,-8.534592628479004,4.688948631286621,-4.201776027679443,0.8095470070838928,-0.5872095823287964
1781547258779970,108309281,-0.6459255218505859,0.36003002524375916,-0.37678641080856323,0.5578446984291077,-1.009881854057312,-8.521032333374023,4.668869495391846,-3.6614513397216797,0.6901022791862488,-0.6749330759048462
1781547258781877,108325948,-0.6460094451904297,0.35997211933135986,-0.37679529190063477,0.5577789545059204,-0.9918438792228699,-8.51490592956543,4.709075927734375,-3.2801289558410645,0.6365972757339478,-0.5485600233078003
1781547258809289,108342615,-0.6460889577865601,0.35992559790611267,-0.3767998218536377,0.5577136874198914,-0.9876689314842224,-8.516504287719727,4.710496425628662,-3.3246567249298096,0.5861915349960327,-0.6084681749343872
1781547258811372,108359282,-0.6462035179138184,0.3598799407482147,-0.37677910923957825,0.5576243996620178,-1.0164459943771362,-8.516166687011719,4.684876441955566,-3.2078752517700195,0.3210616111755371,-0.4327009618282318
1781547258839429,108375949,-0.6462838053703308,0.3598875403404236,-0.37670189142227173,0.5575787425041199,-1.029404640197754,-8.503860473632812,4.737764835357666,-3.2005114555358887,0.0614512674510479,-1.035790205001831
1781547258869730,108392616,-0.6463034749031067,0.3599565029144287,-0.3766084611415863,0.5575745105743408,-1.0237236022949219,-8.507487297058105,4.733486652374268,-3.4547057151794434,0.014144616201519966,-1.651955485343933
1781547258871286,108409283,-0.6462833881378174,0.36008620262145996,-0.3765179514884949,0.5575752258300781,-0.9993858337402344,-8.500840187072754,4.75573205947876,-3.8227851390838623,-0.09141173213720322,-1.976954698562622
1781547258899243,108425950,-0.6462075114250183,0.3602432608604431,-0.37649351358413696,0.5575781464576721,-0.9966576099395752,-8.505895614624023,4.746260166168213,-4.330876350402832,0.24788610637187958,-2.1099486351013184
1781547258901942,108442617,-0.6460765600204468,0.36048877239227295,-0.37650683522224426,0.5575622916221619,-1.0029377937316895,-8.492964744567871,4.758699417114258,-5.0543975830078125,0.1714065819978714,-2.3722994327545166
1781547258929411,108459284,-0.6459200382232666,0.36077016592025757,-0.3765753209590912,0.5575155019760132,-0.9945257306098938,-8.514581680297852,4.728663444519043,-5.570096969604492,0.2679024636745453,-2.2894811630249023
1781547258932168,108475951,-0.6457645297050476,0.3610858619213104,-0.3766147196292877,0.557464599609375,-1.010903000831604,-8.525249481201172,4.7069807052612305,-5.620169162750244,-0.005327442195266485,-2.429326295852661
1781547258959365,108492618,-0.6455803513526917,0.3613779842853546,-0.37664473056793213,0.5574683547019958,-0.9928416013717651,-8.537823677062988,4.654661655426025,-5.410325050354004,0.2531111240386963,-2.744144916534424
1781547258961918,108509285,-0.6454479098320007,0.3615807294845581,-0.3766597807407379,0.557479977607727,-0.9786730408668518,-8.549581527709961,4.659717082977295,-4.808016300201416,0.4144967198371887,-2.387462615966797
1781547258990747,108525952,-0.6453380584716797,0.361718088388443,-0.3767501413822174,0.5574570298194885,-0.9414387345314026,-8.539127349853516,4.670953750610352,-4.840429782867432,0.8553555011749268,-1.7919158935546875
1781547259019288,108542619,-0.6452888250350952,0.36172646284103394,-0.37691831588745117,0.5573949217796326,-0.9525628089904785,-8.54965877532959,4.657106399536133,-4.517940521240234,1.4393635988235474,-0.858371376991272
1781547259021893,108559286,-0.6453104019165039,0.36165115237236023,-0.3771304190158844,0.5572753548622131,-0.9729795455932617,-8.550552368164062,4.697004795074463,-4.2890520095825195,1.6281291246414185,-0.006364756729453802
1781547259049238,108575953,-0.6453205943107605,0.3615933060646057,-0.3773455321788788,0.5571553707122803,-0.9976682066917419,-8.537113189697266,4.689878940582275,-4.408215045928955,1.6038483381271362,-0.08643006533384323
1781547259052099,108592620,-0.6453044414520264,0.3615739047527313,-0.37752071022987366,0.5570679306983948,-0.9955845475196838,-8.511015892028809,4.688568115234375,-4.407510757446289,1.4280682802200317,-0.5312587022781372
1781547259079710,108609287,-0.6452207565307617,0.36159178614616394,-0.3776629865169525,0.5570569038391113,-1.016833782196045,-8.521496772766113,4.680676460266113,-4.417831897735596,1.505303144454956,-1.3086167573928833
1781547259081881,108625954,-0.6450125575065613,0.3616236746311188,-0.377866268157959,0.5571394562721252,-1.0137351751327515,-8.523533821105957,4.698444843292236,-4.780790328979492,2.2776029109954834,-2.085719108581543
1781547259109402,108642621,-0.6447197794914246,0.36153626441955566,-0.3782939016819,0.5572448968887329,-0.997273862361908,-8.551044464111328,4.673488140106201,-5.263615131378174,4.005039215087891,-1.6445019245147705
1781547259111572,108659288,-0.6442649960517883,0.3612580895423889,-0.37906578183174133,0.5574266314506531,-0.9989638924598694,-8.552607536315918,4.673427104949951,-5.941596508026123,6.873380184173584,-1.2519360780715942
1781547259139722,108675955,-0.6436611413955688,0.36082616448402405,-0.3800671398639679,0.5577220916748047,-1.042457938194275,-8.526036262512207,4.677117824554443,-6.214834213256836,9.14939022064209,-1.3568077087402344
1781547259169871,108692622,-0.6429607272148132,0.36057236790657043,-0.38096559047698975,0.5580810904502869,-1.076522707939148,-8.541147232055664,4.635570526123047,-6.6822662353515625,8.42164421081543,-2.729712963104248
1781547259171652,108709289,-0.6421184539794922,0.36037132143974304,-0.3817327916622162,0.5586560368537903,-1.083235740661621,-8.532830238342285,4.672894477844238,-6.1991729736328125,8.544791221618652,-4.693606376647949
1781547259199385,108725956,-0.6409342288970947,0.35992124676704407,-0.38272640109062195,0.559625506401062,-1.0843291282653809,-8.535465240478516,4.656984806060791,-5.782020568847656,12.375598907470703,-6.535252094268799
1781547259202504,108742623,-0.6396952271461487,0.3594622015953064,-0.38362565636634827,0.5607213973999023,-1.0055125951766968,-8.560729026794434,4.604293346405029,-5.1826958656311035,12.45114517211914,-7.514286518096924
1781547259229319,108759290,-0.638375461101532,0.3588535189628601,-0.3846214711666107,0.5619319081306458,-1.0398640632629395,-8.580615997314453,4.630492687225342,-4.795354843139648,13.949435234069824,-7.696993827819824
1781547259231536,108775957,-0.6370649933815002,0.3583057224750519,-0.3855455815792084,0.563133955001831,-1.0273594856262207,-8.567419052124023,4.597799777984619,-4.785353183746338,13.352917671203613,-7.961893558502197
1781547259259268,108792624,-0.6358659863471985,0.3579528033733368,-0.38628146052360535,0.5642083287239075,-1.0161315202713013,-8.593409538269043,4.555481910705566,-4.975039958953857,11.163616180419922,-7.953069686889648
1781547259261816,108809291,-0.6348057389259338,0.35769206285476685,-0.38688263297080994,0.5651550889015198,-0.9691334366798401,-8.600051879882812,4.545741081237793,-4.85341739654541,9.534427642822266,-7.433538913726807
1781547259289461,108825958,-0.6339172124862671,0.3574585020542145,-0.38744959235191345,0.5659111738204956,-0.9517993927001953,-8.583456993103027,4.575819969177246,-4.924439907073975,8.353501319885254,-6.091790676116943
1781547259319352,108842625,-0.6331958770751953,0.35729971528053284,-0.38794660568237305,0.5664780139923096,-0.9685860872268677,-8.590973854064941,4.572533130645752,-5.071917533874512,6.847384452819824,-4.988112926483154
1781547259321152,108859292,-0.6326289176940918,0.3571917712688446,-0.3883030116558075,0.5669352412223816,-0.9770519137382507,-8.586715698242188,4.545291900634766,-4.658874034881592,5.355405330657959,-4.39076042175293
1781547259349900,108875959,-0.632253885269165,0.3571334779262543,-0.3884490132331848,0.567290186882019,-0.9853232502937317,-8.593279838562012,4.5410475730896,-3.8579773902893066,3.482565402984619,-3.8477838039398193
1781547259351463,108892626,-0.632028341293335,0.35714948177337646,-0.38844186067581177,0.5675364136695862,-0.9620904922485352,-8.576955795288086,4.563447952270508,-3.507262945175171,1.8611407279968262,-3.3675708770751953
1781547259381325,108909293,-0.6319060921669006,0.35717862844467163,-0.3883926570415497,0.5676878094673157,-0.9744777679443359,-8.583492279052734,4.575935363769531,-3.401174783706665,1.1177319288253784,-2.6907291412353516
1781547259382576,108925960,-0.6318525075912476,0.35726162791252136,-0.38834714889526367,0.5677262544631958,-0.9735020399093628,-8.585736274719238,4.58071231842041,-3.7836875915527344,0.46342983841896057,-2.0672779083251953
1781547259409453,108942627,-0.6318577527999878,0.35734155774116516,-0.38831430673599243,0.5676926374435425,-0.9776092767715454,-8.591471672058105,4.559739112854004,-3.868208885192871,0.19604599475860596,-1.486048698425293
1781547259411756,108959294,-0.6319307684898376,0.35741233825683594,-0.388271301984787,0.5675962567329407,-0.9830998182296753,-8.592671394348145,4.551270484924316,-3.7907187938690186,-0.14772126078605652,-0.9493860602378845
1781547259440040,108975961,-0.6320253610610962,0.3574979305267334,-0.3881695866584778,0.5675065517425537,-1.002708077430725,-8.599139213562012,4.540642261505127,-3.55627179145813,-0.5019960999488831,-1.079088568687439
1781547259469410,108992628,-0.6321058869361877,0.3576061725616455,-0.3879929184913635,0.5674693584442139,-0.9900625944137573,-8.577651023864746,4.571939468383789,-3.2574360370635986,-0.7495044469833374,-1.607094645500183
1781547259471129,109009295,-0.6322128772735596,0.35772740840911865,-0.3878108263015747,0.5673984289169312,-0.9806857109069824,-8.59599781036377,4.573684215545654,-3.318765640258789,-0.977175772190094,-1.4049335718154907
1781547259499366,109025962,-0.6323296427726746,0.35783493518829346,-0.38765817880630493,0.567304790019989,-0.9774643182754517,-8.574268341064453,4.59575891494751,-3.4117398262023926,-0.8774271607398987,-1.161651372909546
1781547259501253,109042629,-0.6324313282966614,0.35793188214302063,-0.3875390887260437,0.5672115087509155,-0.9609319567680359,-8.58558464050293,4.571982383728027,-3.5335538387298584,-0.6498838663101196,-1.110144019126892
1781547259529724,109059296,-0.6325467824935913,0.3579946458339691,-0.3874547481536865,0.5671007633209229,-0.9824150204658508,-8.589144706726074,4.585478782653809,-3.5338356494903564,-0.44590431451797485,-0.8047254681587219
1781547259531166,109075963,-0.6326757073402405,0.3580475449562073,-0.3873997926712036,0.5669610500335693,-0.9571991562843323,-8.588533401489258,4.54563045501709,-3.6503477096557617,-0.3873280882835388,-0.5282619595527649
1781547259560011,109092630,-0.6327943205833435,0.35809651017189026,-0.3873259723186493,0.5668482184410095,-0.9853464365005493,-8.586648941040039,4.559269428253174,-3.5149974822998047,-0.35980722308158875,-0.72147136926651
1781547259561476,109109297,-0.6328981518745422,0.3581700325012207,-0.3872028589248657,0.566770076751709,-0.9841070771217346,-8.591008186340332,4.572699546813965,-3.3742172718048096,-0.5454608798027039,-1.1173540353775024
1781547259589505,109125964,-0.6330057382583618,0.35826849937438965,-0.3870452642440796,0.5666951537132263,-1.0097395181655884,-8.584532737731934,4.583946228027344,-3.3316617012023926,-0.7946212291717529,-1.2687251567840576
1781547259619431,109142631,-0.6330668330192566,0.358362078666687,-0.3868996202945709,0.5666671991348267,-0.9902982711791992,-8.577764511108398,4.582418441772461,-3.3470163345336914,-0.4847460091114044,-1.611538290977478
1781547259621519,109159298,-0.633101224899292,0.35845568776130676,-0.38676783442497253,0.5666595101356506,-0.9855490922927856,-8.580277442932129,4.57251501083374,-3.4146339893341064,-0.3044966161251068,-1.7703371047973633
1781547259649429,109175965,-0.6331186294555664,0.35852912068367004,-0.3866502344608307,0.5666739344596863,-0.9687022566795349,-8.595405578613281,4.584117889404297,-3.366098403930664,-0.06396772712469101,-1.8449982404708862
1781547259651595,109192632,-0.6331530809402466,0.35855409502983093,-0.38658177852630615,0.566666305065155,-0.9404014348983765,-8.603550910949707,4.570047855377197,-3.3632678985595703,0.2392418384552002,-1.4329410791397095
1781547259680936,109209299,-0.6332070827484131,0.358568012714386,-0.3865751028060913,0.5666016936302185,-0.9556514024734497,-8.585017204284668,4.609288692474365,-3.6606826782226562,0.358302503824234,-0.9275639057159424
1781547259681841,109225966,-0.6332494616508484,0.3585658073425293,-0.38663503527641296,0.5665149092674255,-0.9550796747207642,-8.594079971313477,4.587768077850342,-3.9382095336914062,0.6869775056838989,-0.6701563596725464
1781547259709405,109242633,-0.6333019733428955,0.35858118534088135,-0.3866787850856781,0.5664165616035461,-0.9761349558830261,-8.593491554260254,4.564521789550781,-3.9588019847869873,0.4925259053707123,-0.6672749519348145
1781547259711173,109259300,-0.6333476901054382,0.35856977105140686,-0.3866746127605438,0.5663754940032959,-0.977475106716156,-8.591826438903809,4.552348613739014,-3.5202221870422363,0.5480412840843201,-0.9898412823677063
1781547259739540,109275967,-0.6333948969841003,0.3585481345653534,-0.38663673400878906,0.5663622617721558,-0.9701724648475647,-8.58713150024414,4.576627254486084,-3.2681033611297607,0.5056906938552856,-1.1629701852798462
1781547259769292,109292634,-0.6334038376808167,0.358569860458374,-0.38658154010772705,0.5663761496543884,-0.9812553524971008,-8.584999084472656,4.571758270263672,-3.412508249282837,0.42954421043395996,-1.587795376777649
1781547259771570,109309301,-0.6333980560302734,0.35857510566711426,-0.3865370452404022,0.5664096474647522,-0.9730953574180603,-8.589609146118164,4.585562229156494,-3.3675456047058105,0.6268260478973389,-1.6616753339767456
1781547259800387,109325968,-0.6333726048469543,0.35860008001327515,-0.3865492343902588,0.566413938999176,-0.9617447257041931,-8.591703414916992,4.597548007965088,-3.801039695739746,0.7772622108459473,-1.523404836654663
1781547259801323,109342635,-0.6333398222923279,0.3586547374725342,-0.38660937547683716,0.5663749575614929,-0.9711809754371643,-8.580058097839355,4.589874267578125,-4.2510809898376465,0.7829610705375671,-1.324778437614441
1781547259830067,109359302,-0.6332915425300598,0.3587222993373871,-0.3866608142852783,0.5663509964942932,-0.9656109809875488,-8.597766876220703,4.53331995010376,-4.272685527801514,0.7734587788581848,-1.507115364074707
1781547259830973,109375969,-0.6332552433013916,0.3587909936904907,-0.38667523860931396,0.5663383603096008,-0.9594879746437073,-8.591582298278809,4.529612064361572,-4.074915885925293,0.6025707721710205,-1.6037136316299438
1781547259859758,109392636,-0.6332241296768188,0.35883355140686035,-0.3866397738456726,0.56637042760849,-0.9803372025489807,-8.598393440246582,4.53337287902832,-3.635364055633545,0.5848723649978638,-1.832012414932251
1781547259861147,109409303,-0.6332291960716248,0.3588522672653198,-0.38653063774108887,0.5664273500442505,-0.9567765593528748,-8.599416732788086,4.527585029602051,-3.0903000831604004,0.3218427300453186,-1.9189674854278564
1781547259889665,109425970,-0.6332657933235168,0.35886284708976746,-0.3864232003688812,0.5664530396461487,-0.9646602869033813,-8.601736068725586,4.561654567718506,-3.068209409713745,0.19984948635101318,-1.6346408128738403
1781547259919279,109442637,-0.6332866549491882,0.3588609993457794,-0.3863587975502014,0.5664747357368469,-0.9576317667961121,-8.603132247924805,4.585206031799316,-3.2307729721069336,0.4672716557979584,-1.539617657661438
1781547259921136,109459304,-0.6332946419715881,0.35885125398635864,-0.38632258772850037,0.5664966702461243,-0.9608525633811951,-8.583239555358887,4.584034442901611,-3.3385510444641113,0.6553969383239746,-1.499764323234558
1781547259949292,109475971,-0.6332958340644836,0.358819842338562,-0.3863397538661957,0.5665035843849182,-0.9613810181617737,-8.578631401062012,4.580994129180908,-3.5099265575408936,0.9530167579650879,-1.272925853729248
1781547259952976,109492638,-0.6332966089248657,0.35880348086357117,-0.38636866211891174,0.5664933919906616,-0.9687266945838928,-8.598138809204102,4.585628509521484,-3.6677775382995605,0.9043141603469849,-1.211749792098999
1781547259979801,109509305,-0.6332566142082214,0.35880497097969055,-0.3864285349845886,0.5664963126182556,-0.965943455696106,-8.57474136352539,4.565358638763428,-3.933598518371582,1.109689474105835,-1.3988118171691895
1781547259980913,109525972,-0.6332288384437561,0.3587977886199951,-0.3864686191082001,0.5665045380592346,-0.957918107509613,-8.592127799987793,4.550128936767578,-3.774850606918335,1.0380250215530396,-1.4000028371810913
1781547260009297,109542639,-0.63321852684021,0.35879817605018616,-0.3864988684654236,0.5664951801300049,-0.9575676918029785,-8.595050811767578,4.568573474884033,-3.7737879753112793,0.875960648059845,-1.3003822565078735
1781547260012397,109559306,-0.6332148909568787,0.3587758243083954,-0.38653481006622314,0.5664889812469482,-0.9672434329986572,-8.605474472045898,4.555365085601807,-3.673412322998047,0.9792441129684448,-1.2141190767288208
1781547260039477,109575973,-0.6332314014434814,0.3587612211704254,-0.3865532875061035,0.5664671063423157,-0.9640803337097168,-8.587716102600098,4.560462474822998,-3.631740093231201,0.7802589535713196,-1.131389856338501
1781547260069332,109592640,-0.6332505345344543,0.3587615489959717,-0.3865662217140198,0.5664367079734802,-0.9652602076530457,-8.593728065490723,4.571491718292236,-3.692032814025879,0.6698554158210754,-1.1382670402526855
1781547260071550,109609307,-0.633254885673523,0.3587520718574524,-0.38654112815856934,0.5664549469947815,-0.9746586680412292,-8.57932186126709,4.557344913482666,-3.4089865684509277,0.7023195028305054,-1.4764186143875122
1781547260099766,109625974,-0.6332435607910156,0.35873693227767944,-0.38652607798576355,0.5664873719215393,-0.9581280946731567,-8.587419509887695,4.568478584289551,-3.4250457286834717,0.8442266583442688,-1.5589938163757324
1781547260100762,109642641,-0.6332366466522217,0.35873085260391235,-0.38654372096061707,0.5664869546890259,-0.9498023986816406,-8.590807914733887,4.589874744415283,-3.6693778038024902,0.8582367897033691,-1.3419134616851807
1781547260129867,109659308,-0.6332376599311829,0.3587258756160736,-0.38660988211631775,0.5664438009262085,-0.9598368406295776,-8.593558311462402,4.560224533081055,-3.9578278064727783,0.9381867051124573,-1.0091402530670166
1781547260130974,109675975,-0.6332331895828247,0.35872846841812134,-0.3866756558418274,0.5664021968841553,-0.9635626077651978,-8.593953132629395,4.582784652709961,-3.999614953994751,0.9259567260742188,-1.058867335319519
1781547260159797,109692642,-0.6332331895828247,0.358710914850235,-0.3867204487323761,0.5663828253746033,-0.9647051095962524,-8.58532428741455,4.544832706451416,-3.7608284950256348,0.9560261964797974,-1.136832594871521
1781547260162933,109709309,-0.6332401633262634,0.35870832204818726,-0.3867122530937195,0.5663821697235107,-0.9649982452392578,-8.60997200012207,4.527830123901367,-3.553365468978882,0.6934830546379089,-1.3620450496673584
1781547260189681,109725976,-0.633277952671051,0.35868826508522034,-0.3866741955280304,0.5663787722587585,-0.9700186848640442,-8.600820541381836,4.567914962768555,-3.292717695236206,0.5444684028625488,-1.2583776712417603
1781547260219634,109742643,-0.633314311504364,0.3586762547492981,-0.38661134243011475,0.5663886666297913,-0.9786405563354492,-8.578734397888184,4.56580924987793,-3.2003836631774902,0.4404551684856415,-1.403972864151001
1781547260223164,109759310,-0.6332904696464539,0.3586741089820862,-0.38658177852630615,0.5664368271827698,-0.9630741477012634,-8.610689163208008,4.564761638641357,-3.4203970432281494,0.801543116569519,-1.749667763710022
1781547260249341,109775977,-0.6332839131355286,0.35865575075149536,-0.3865966796875,0.566445529460907,-0.956614077091217,-8.59054183959961,4.580804824829102,-3.585944890975952,0.9147000312805176,-1.358151912689209
1781547260252932,109792644,-0.6332887411117554,0.358635812997818,-0.386638879776001,0.5664239525794983,-0.9688665866851807,-8.617520332336426,4.5599164962768555,-3.738750457763672,0.9351774454116821,-1.1112840175628662
1781547260279276,109809311,-0.6332858800888062,0.3586134612560272,-0.3866550922393799,0.5664302706718445,-0.9834953546524048,-8.59921646118164,4.570406913757324,-3.5725882053375244,0.9195153117179871,-1.3199635744094849
1781547260281388,109825978,-0.6332434415817261,0.3586242198944092,-0.38663867115974426,0.5664820671081543,-0.9891147017478943,-8.58635139465332,4.5690717697143555,-3.566593885421753,0.8669066429138184,-1.8413994312286377
1781547260309892,109842645,-0.6331817507743835,0.35862767696380615,-0.38662201166152954,0.5665602087974548,-0.9619710445404053,-8.592239379882812,4.550236701965332,-3.5128326416015625,1.0099278688430786,-2.0119926929473877
1781547260311653,109859312,-0.6330918073654175,0.3586603105068207,-0.3865989148616791,0.5666558146476746,-0.9627931118011475,-8.598286628723145,4.574599266052246,-3.637874126434326,0.9867228865623474,-2.2929768562316895
1781547260340845,109875979,-0.6329741477966309,0.3586772382259369,-0.38662153482437134,0.5667612552642822,-0.9740689396858215,-8.595257759094238,4.56571626663208,-3.790680408477783,1.3437896966934204,-2.289494037628174
1781547260369354,109892646,-0.6328291893005371,0.35867273807525635,-0.3866407573223114,0.5669128894805908,-0.9786229729652405,-8.579627990722656,4.573428630828857,-3.6298320293426514,1.5986871719360352,-2.548182249069214
1781547260371264,109909313,-0.6325761675834656,0.35871025919914246,-0.3866986632347107,0.5671318769454956,-0.9811569452285767,-8.585772514343262,4.583831787109375,-4.050994396209717,2.057103395462036,-3.2791810035705566
1781547260399421,109925980,-0.632223904132843,0.358752578496933,-0.3867959678173065,0.5674315094947815,-0.9596654772758484,-8.600678443908691,4.579809188842773,-4.257112979888916,2.6727817058563232,-3.9334967136383057
1781547260401499,109942647,-0.6318771243095398,0.3587769865989685,-0.3869430720806122,0.5677019953727722,-0.9385656118392944,-8.632442474365234,4.553649425506592,-4.437772750854492,2.872138261795044,-3.6154513359069824
1781547260429255,109959314,-0.6316038370132446,0.3587596118450165,-0.38714590668678284,0.5678788423538208,-0.8884735703468323,-8.6640625,4.496219635009766,-4.542143821716309,2.850687265396118,-2.673043966293335
1781547260431270,109975981,-0.6315422058105469,0.35866066813468933,-0.3872314393520355,0.5679514408111572,-0.9526371359825134,-8.609755516052246,4.499147891998291,-3.4859142303466797,1.8383451700210571,-1.466442346572876
1781547260459230,109992648,-0.6314660310745239,0.35859715938568115,-0.3871917426586151,0.5681033730506897,-1.055249571800232,-8.565313339233398,4.575603485107422,-2.975863218307495,1.3909811973571777,-2.2716164588928223
1781547260462441,110009315,-0.6311227083206177,0.35869210958480835,-0.38703688979148865,0.5685303807258606,-1.1622107028961182,-8.54730224609375,4.66642427444458,-3.1410651206970215,1.6608364582061768,-5.216180324554443
1781547260489518,110025982,-0.6302415728569031,0.3592124283313751,-0.3868288993835449,0.5693203806877136,-1.0511329174041748,-8.532573699951172,4.785337448120117,-5.1405229568481445,2.0936152935028076,-10.158053398132324
1781547260519685,110042649,-0.6290180683135986,0.3596128821372986,-0.3865521550178528,0.57060706615448,-0.7791966795921326,-8.655282974243164,4.421467304229736,-3.878021478652954,4.401872634887695,-13.502409934997559
1781547260521432,110059316,-0.6284401416778564,0.3599359095096588,-0.385909765958786,0.5714743733406067,-0.659772515296936,-8.673287391662598,4.356786727905273,-1.6270471811294556,0.37071192264556885,-9.853759765625
1781547260549893,110075983,-0.6285380721092224,0.36019590497016907,-0.3850998878479004,0.571749210357666,-0.7097786068916321,-8.658787727355957,4.489511013031006,-0.5960589051246643,-3.3647024631500244,-4.8848419189453125
1781547260552748,110092650,-0.6288453936576843,0.36023643612861633,-0.38462433218955994,0.5717057585716248,-0.8589954376220703,-8.674798965454102,4.557777404785156,-1.2866027355194092,-2.4000251293182373,-1.276203989982605
1781547260579871,110109317,-0.6290618181228638,0.3600274622440338,-0.3846438229084015,0.571586012840271,-0.9233894348144531,-8.616156578063965,4.613605976104736,-2.580876350402832,0.7715889811515808,0.5823239684104919
1781547260581790,110125984,-0.6289816498756409,0.35972073674201965,-0.38515505194664,0.5715233087539673,-0.8792647123336792,-8.576719284057617,4.7291035652160645,-4.6748433113098145,4.2087883949279785,0.6445373296737671
1781547260609425,110142651,-0.6283678412437439,0.3593304455280304,-0.38626131415367126,0.5716973543167114,-0.5747029781341553,-8.642178535461426,4.576021194458008,-7.345289707183838,9.108962059020996,-0.7833006978034973
1781547260612452,110159318,-0.6282821893692017,0.3584548234939575,-0.38773518800735474,0.5713433027267456,-0.6070804595947266,-8.74328899383545,4.473673343658447,-6.79162073135376,9.897988319396973,5.771921157836914
1781547260639460,110175985,-0.6290041208267212,0.3576105237007141,-0.3893587589263916,0.5699721574783325,-0.7498499751091003,-8.709765434265137,4.512997627258301,-8.236053466796875,5.763369083404541,13.622800827026367
1781547260669286,110192652,-0.6298890709877014,0.35660597681999207,-0.3909551799297333,0.5685299038887024,-1.1212646961212158,-8.610239028930664,4.409852504730225,-7.226503372192383,5.663249492645264,14.93117618560791
1781547260670719,110209319,-0.6304903030395508,0.3554322123527527,-0.3921390473842621,0.5677826404571533,-1.2975432872772217,-8.56362247467041,4.380321502685547,-3.7087979316711426,7.005058765411377,10.255081176757812
1781547260699236,110225986,-0.6305639743804932,0.3542594015598297,-0.39270076155662537,0.5680454969406128,-1.3062903881072998,-8.509248733520508,4.47554349899292,0.15003283321857452,8.195432662963867,2.2917802333831787
1781547260701654,110242653,-0.6300455927848816,0.3531767725944519,-0.39298680424690247,0.569096028804779,-1.212998867034912,-8.50863265991211,4.618993282318115,1.5198131799697876,10.163922309875488,-4.350804805755615
1781547260729981,110259320,-0.6290181279182434,0.35213351249694824,-0.39338457584381104,0.570602297782898,-1.01290762424469,-8.532477378845215,4.78278112411499,0.9070682525634766,12.975090026855469,-8.154155731201172
1781547260730871,110275987,-0.6279916763305664,0.35129228234291077,-0.39397743344306946,0.5718408823013306,-0.8943421244621277,-8.596189498901367,4.77301025390625,-1.4549560546875,12.375738143920898,-7.066689968109131
1781547260759263,110292654,-0.6274154782295227,0.3507145643234253,-0.3947950005531311,0.5722640752792358,-0.885313093662262,-8.680830955505371,4.5119948387146,-4.5981855392456055,9.120922088623047,-1.947077989578247
1781547260761213,110309321,-0.6272475719451904,0.34998980164527893,-0.3957509696483612,0.5722314715385437,-1.003389596939087,-8.704325675964355,4.3307108879089355,-4.760934829711914,8.08967113494873,2.3587253093719482
1781547260789519,110325988,-0.627342939376831,0.3489249646663666,-0.3965342342853546,0.5722349286079407,-1.142478585243225,-8.659358024597168,4.2371978759765625,-1.8831489086151123,8.053000450134277,3.747824192047119
1781547260819664,110342655,-0.6275056004524231,0.3476415276527405,-0.3969203233718872,0.5725700855255127,-1.1836274862289429,-8.543509483337402,4.394526481628418,1.6889209747314453,7.811805248260498,2.2259554862976074
1781547260821611,110359322,-0.6274735927581787,0.3463822603225708,-0.3970329761505127,0.5732899308204651,-1.1955691576004028,-8.454319953918457,4.6827712059021,3.2458150386810303,7.986995220184326,-0.9199444055557251
1781547260849734,110375989,-0.6270627975463867,0.3454616069793701,-0.3971237540245056,0.5742312669754028,-1.1892019510269165,-8.493112564086914,4.824052810668945,1.5726521015167236,8.119836807250977,-4.346642971038818
1781547260851860,110392656,-0.6263213157653809,0.3448415994644165,-0.3972385823726654,0.5753325819969177,-1.1148042678833008,-8.523365020751953,4.749431133270264,-0.16804496943950653,8.31937313079834,-7.106425762176514
1781547260880005,110409323,-0.6255773305892944,0.3444465696811676,-0.3974006474018097,0.5762660503387451,-1.024102807044983,-8.716910362243652,4.4291462898254395,-1.7889899015426636,7.241390705108643,-6.89572811126709
1781547260881744,110425990,-0.6252232789993286,0.34372270107269287,-0.3974579870700836,0.5770422220230103,-1.1156694889068604,-8.6497802734375,4.45148229598999,0.5344282388687134,6.655928611755371,-4.0247931480407715
1781547260909346,110442657,-0.625031054019928,0.34279415011405945,-0.3971296548843384,0.57802814245224,-1.1310389041900635,-8.482904434204102,4.574380397796631,3.9000909328460693,5.862306118011475,-4.63657808303833
1781547260911690,110459324,-0.6248452663421631,0.34189191460609436,-0.3960490822792053,0.5795028805732727,-1.2669780254364014,-8.327730178833008,4.828042984008789,8.126753807067871,3.65932035446167,-8.55710506439209
1781547260939904,110475991,-0.6240589022636414,0.3413722515106201,-0.3946680724620819,0.5815949440002441,-1.303096890449524,-8.504256248474121,5.015071392059326,7.947432518005371,3.930446147918701,-15.35116958618164
1781547260969327,110492658,-0.6226131319999695,0.3410471975803375,-0.39443647861480713,0.5834891200065613,-1.3816747665405273,-8.65346908569336,5.169524669647217,0.4304923415184021,9.406946182250977,-14.970101356506348
1781547260971964,110509325,-0.6207765936851501,0.340203195810318,-0.3946283161640167,0.5858045816421509,-1.1030147075653076,-8.476712226867676,4.894503593444824,1.1782310009002686,15.348123550415039,-15.942691802978516
1781547260999280,110525992,-0.6185414791107178,0.34015271067619324,-0.3940398693084717,0.5885875225067139,-1.1484301090240479,-8.379219055175781,4.511677265167236,1.2690801620483398,10.995319366455078,-23.519798278808594
1781547261001590,110542659,-0.616067111492157,0.3401007354259491,-0.39290881156921387,0.5919589996337891,-1.1765998601913452,-8.478466987609863,4.423941612243652,4.507318019866943,10.716419219970703,-28.259220123291016
1781547261029333,110559326,-0.6142605543136597,0.3387090265750885,-0.3922559916973114,0.5950592756271362,-1.2636221647262573,-8.473639488220215,4.525640487670898,9.065247535705566,15.755057334899902,-19.656145095825195
1781547261031466,110575993,-0.6122598052024841,0.3361912667751312,-0.39262375235557556,0.5982977151870728,-0.7229139804840088,-8.902796745300293,4.979216575622559,9.567059516906738,25.515193939208984,-15.623029708862305
1781547261060043,110592660,-0.6113283038139343,0.33321407437324524,-0.39264461398124695,0.600896418094635,-0.654570996761322,-8.895990371704102,5.37985372543335,13.672844886779785,21.57952880859375,-8.09326171875
1781547261062306,110609327,-0.6097153425216675,0.3322499990463257,-0.39190638065338135,0.6035449504852295,-1.257665991783142,-8.496627807617188,5.3600006103515625,6.920353412628174,12.02525520324707,-18.29119110107422
1781547261089566,110625994,-0.6070246696472168,0.33181849122047424,-0.39046910405158997,0.6074137091636658,-1.7206273078918457,-8.253498077392578,5.257439136505127,8.413225173950195,12.57429313659668,-30.912185668945312
1781547261119416,110642661,-0.6029629707336426,0.3299580514431,-0.3914617598056793,0.6118178963661194,-2.182002305984497,-7.957254409790039,5.674877166748047,2.537743330001831,33.58248519897461,-29.497329711914062
1781547261121604,110659328,-0.5994470119476318,0.32694777846336365,-0.39497801661491394,0.6146226525306702,-3.1773602962493896,-8.125202178955078,6.819220066070557,-6.380465030670166,43.78005599975586,-11.757315635681152
1781547261149569,110675995,-0.5979145169258118,0.3231956362724304,-0.400270938873291,0.614675760269165,-4.774746417999268,-9.24610710144043,7.849902629852295,-13.850699424743652,42.66200256347656,13.963313102722168
1781547261153630,110692662,-0.5948610901832581,0.3233402371406555,-0.4048178791999817,0.6145842671394348,-5.217988014221191,-9.992051124572754,7.974338531494141,-30.502412796020508,26.986732482910156,-4.2670111656188965
1781547261179296,110709329,-0.5871219038963318,0.32774439454078674,-0.4071853458881378,0.618119478225708,-5.568479537963867,-9.604146003723145,7.3632354736328125,-39.04401397705078,21.171802520751953,-55.617610931396484
1781547261181789,110725996,-0.5761836171150208,0.3309823274612427,-0.4103831350803375,0.6245390176773071,-5.6345319747924805,-8.802408218383789,6.4063401222229,-37.003971099853516,44.92750930786133,-75.73942565917969
1781547261209337,110742663,-0.5642116069793701,0.3288259208202362,-0.41694217920303345,0.6322166919708252,-5.422579288482666,-8.066280364990234,6.262579441070557,-28.870079040527344,87.17871856689453,-62.315093994140625
1781547261211491,110759330,-0.5525354743003845,0.32103973627090454,-0.42611628770828247,0.6403617858886719,-4.80510139465332,-7.652815341949463,6.21055793762207,-16.387451171875,121.99596405029297,-40.81372833251953
1781547261240179,110775997,-0.5400157570838928,0.3102475106716156,-0.43660348653793335,0.6492357850074768,-3.6802990436553955,-7.1749587059021,5.175437927246094,-10.473198890686035,144.29522705078125,-35.613136291503906
1781547261269563,110792664,-0.5255195498466492,0.298562616109848,-0.44613897800445557,0.660037636756897,-2.3552663326263428,-6.542782783508301,3.997745990753174,-1.330665946006775,154.7884979248047,-50.96516799926758
1781547261271755,110809331,-0.5096501708030701,0.2852649688720703,-0.45340538024902344,0.67327880859375,-1.7374005317687988,-6.007116794586182,3.7890446186065674,19.472415924072266,163.12582397460938,-65.73686981201172
1781547261299517,110825998,-0.4946867525577545,0.2680908143520355,-0.45876288414001465,0.6877129077911377,-1.663554310798645,-6.022441387176514,4.218957901000977,47.405357360839844,173.8933563232422,-57.392093658447266
1781547261301510,110842665,-0.479965478181839,0.24637749791145325,-0.46343305706977844,0.7029659748077393,-1.518251895904541,-6.584395408630371,4.787105083465576,69.14218139648438,193.76345825195312,-45.98969268798828
1781547261331566,110859332,-0.4645591378211975,0.22300985455513,-0.46823617815971375,0.7177788019180298,-0.49694639444351196,-6.491801738739014,4.261282920837402,71.41270446777344,203.6316680908203,-42.35844802856445
1781547261332746,110875999,-0.44979897141456604,0.1985068917274475,-0.473169207572937,0.7310178279876709,-0.2151765525341034,-6.426605701446533,4.012884616851807,70.33921813964844,205.14801025390625,-30.287296295166016
1781547261359331,110892666,-0.437613844871521,0.1738203912973404,-0.4782183766365051,0.7413419485092163,-0.08163534104824066,-6.1392598152160645,3.6245367527008057,64.36946868896484,194.06338500976562,-7.569106578826904
1781547261361465,110909333,-0.42937004566192627,0.1488979160785675,-0.4820477068424225,0.7490668296813965,-0.28954747319221497,-6.005316734313965,3.749558448791504,67.47557067871094,175.52084350585938,19.66541862487793
1781547261390089,110926000,-0.42293041944503784,0.12497078627347946,-0.483802855014801,0.7559413313865662,-0.5220981240272522,-6.504641056060791,4.418139934539795,74.26054382324219,157.41311645507812,26.051307678222656
1781547261419731,110942667,-0.41589605808258057,0.10258802771568298,-0.4836300313472748,0.7632879018783569,-0.7310093641281128,-7.2159342765808105,4.937273025512695,80.86004638671875,146.1575164794922,14.799003601074219
1781547261421732,110959334,-0.4062308967113495,0.0820389911532402,-0.4834097921848297,0.7710778713226318,-0.5122672319412231,-8.240228652954102,6.005223274230957,75.49441528320312,145.45530700683594,-6.400503635406494
1781547261449373,110976001,-0.3963835835456848,0.06450881063938141,-0.48770394921302795,0.7751539945602417,-0.28058454394340515,-8.685992240905762,5.9717936515808105,30.687875747680664,140.56832885742188,-4.470613479614258
1781547261451694,110992668,-0.3920940160751343,0.046890564262866974,-0.49591049551963806,0.7733928561210632,-0.39970511198043823,-8.382650375366211,5.348511695861816,-7.025186061859131,130.47906494140625,43.100521087646484
1781547261479923,111009335,-0.3942519426345825,0.02779819443821907,-0.5051135420799255,0.7672374248504639,-1.2223646640777588,-8.076793670654297,4.693615913391113,-21.248844146728516,117.61280059814453,94.59121704101562
1781547261481568,111026002,-0.3989609479904175,0.007949682883918285,-0.5134222507476807,0.7597136497497559,-2.4020767211914062,-8.138967514038086,4.38023567199707,-18.7412052154541,110.0616455078125,114.22177124023438
1781547261509612,111042669,-0.40249741077423096,-0.01240329910069704,-0.5211377143859863,0.7525008916854858,-3.8383381366729736,-8.039210319519043,4.7148542404174805,-13.219895362854004,115.22925567626953,108.9971923828125
1781547261511550,111059336,-0.4031652510166168,-0.0350164957344532,-0.5300888419151306,0.7451426386833191,-4.844664096832275,-8.25851058959961,4.2144317626953125,-13.629697799682617,140.639892578125,102.554443359375
1781547261539713,111076003,-0.4006121754646301,-0.06164100393652916,-0.5398136377334595,0.7377746105194092,-4.903812885284424,-7.950028419494629,3.5350356101989746,-5.72524881362915,175.08544921875,100.51795196533203
1781547261569447,111092670,-0.3959480822086334,-0.09086815267801285,-0.5476832389831543,0.731444776058197,-4.520623207092285,-7.536182880401611,3.329409599304199,15.616758346557617,190.576904296875,97.40153503417969
1781547261571983,111109337,-0.3895179331302643,-0.11928175389766693,-0.5509636998176575,0.7283452749252319,-4.220633506774902,-7.195947647094727,3.7825815677642822,49.76290512084961,178.6162109375,79.53343963623047
1781547261599851,111126004,-0.3819883465766907,-0.14323750138282776,-0.5499935150146484,0.7287489771842957,-4.367190361022949,-7.068770408630371,4.000524044036865,73.28938293457031,146.1893768310547,51.24905776977539
1781547261601872,111142671,-0.3714181184768677,-0.16516491770744324,-0.5470470786094666,0.7317847013473511,-5.187011241912842,-6.8766093254089355,3.8542308807373047,90.81942749023438,139.73965454101562,23.386837005615234
1781547261629626,111159338,-0.3572981655597687,-0.19022545218467712,-0.5441873669624329,0.7348554134368896,-5.2959136962890625,-6.294608116149902,4.031093597412109,102.55926513671875,169.0419921875,17.134489059448242
1781547261631942,111176005,-0.34430253505706787,-0.21854136884212494,-0.543704628944397,0.7335399389266968,-4.331172943115234,-5.664951801300049,5.675133228302002,80.670654296875,192.86302185058594,42.67671203613281
1781547261660477,111192672,-0.33418968319892883,-0.24777543544769287,-0.542757511138916,0.7296156287193298,-4.634073257446289,-6.272343635559082,4.368988990783691,71.10071563720703,189.5436553955078,67.53731536865234
1781547261662082,111209339,-0.3273138999938965,-0.2748192250728607,-0.5364661812782288,0.7276979088783264,-5.285254955291748,-6.217355251312256,4.697762489318848,94.85311126708984,150.77102661132812,80.10891723632812
1781547261689528,111226006,-0.32343730330467224,-0.2941879332065582,-0.525451123714447,0.7298924326896667,-6.36539888381958,-5.631830215454102,5.026629447937012,110.70782470703125,82.89695739746094,66.4848403930664
1781547261719359,111242673,-0.3101505637168884,-0.3172876834869385,-0.5194052457809448,0.7303105592727661,-7.2214837074279785,-5.140995979309082,5.78033447265625,106.68648529052734,150.2738037109375,26.647668838500977
1781547261721705,111259340,-0.29746583104133606,-0.33533936738967896,-0.5160241723060608,0.7299183011054993,-9.645955085754395,-5.880153656005859,4.992488861083984,78.3245849609375,130.22555541992188,7.561415672302246
1781547261749444,111276007,-0.2871617376804352,-0.354717493057251,-0.5172873735427856,0.7239664793014526,-9.909543991088867,-5.993276596069336,4.6384735107421875,32.51278305053711,150.75941467285156,24.880762100219727
1781547261751901,111292674,-0.28453293442726135,-0.3724888265132904,-0.5182400941848755,0.7153463363647461,-9.31015396118164,-5.6640143394470215,3.9299938678741455,2.6727914810180664,121.35821533203125,63.3984260559082
1781547261779499,111309341,-0.28401222825050354,-0.38922467827796936,-0.5132424831390381,0.7102277874946594,-8.681417465209961,-4.844482898712158,3.304456949234009,36.99044418334961,88.14700317382812,78.46734619140625
1781547261781228,111326008,-0.28600218892097473,-0.40054190158843994,-0.504462718963623,0.7094268798828125,-8.570756912231445,-4.470424652099609,3.354752779006958,53.389122009277344,33.88679122924805,73.29646301269531
1781547261809993,111342675,-0.28907763957977295,-0.4053296148777008,-0.4932197034358978,0.7133557796478271,-8.739380836486816,-4.582920551300049,3.0039443969726562,65.97489166259766,-19.592853546142578,53.42692184448242
1781547261811841,111359342,-0.2931695282459259,-0.4062865674495697,-0.4831969738006592,0.7179858088493347,-9.16633129119873,-4.766622543334961,3.004270076751709,51.91442108154297,-41.35596466064453,40.62849807739258
1781547261840316,111376009,-0.2963612377643585,-0.409587025642395,-0.47401612997055054,0.7209141850471497,-9.333227157592773,-4.912090301513672,2.6186530590057373,49.3385009765625,-20.345401763916016,45.05001449584961
1781547261869838,111392676,-0.2986067831516266,-0.4168563485145569,-0.4685964286327362,0.7193624377250671,-8.636552810668945,-4.921760559082031,2.960381031036377,26.844087600708008,22.690994262695312,51.834285736083984
1781547261871397,111409343,-0.29672229290008545,-0.433004230260849,-0.4629058837890625,0.7142699360847473,-8.504607200622559,-4.782623767852783,2.701836347579956,46.841644287109375,89.50640869140625,68.06521606445312
1781547261899750,111426010,-0.29533252120018005,-0.4462208151817322,-0.46042096614837646,0.708292543888092,-8.873173713684082,-4.517533302307129,3.331695079803467,20.828819274902344,82.71025085449219,53.431034088134766
1781547261901409,111442677,-0.2941405475139618,-0.45472288131713867,-0.4596332311630249,0.7038792967796326,-8.651511192321777,-4.653321743011475,3.1160736083984375,7.333291530609131,57.77626419067383,31.08966827392578
1781547261929357,111459344,-0.292550265789032,-0.45916223526000977,-0.46028944849967957,0.7012261748313904,-9.071688652038574,-4.506004333496094,3.036334991455078,-1.0639184713363647,36.796058654785156,8.25335693359375
1781547261932835,111476011,-0.29069939255714417,-0.46291303634643555,-0.46149325370788574,0.6987342238426208,-8.981399536132812,-4.285160541534424,2.650007963180542,-3.7563748359680176,34.899436950683594,2.76839280128479
1781547261959462,111492678,-0.2897195816040039,-0.4666789472103119,-0.463001549243927,0.6956313252449036,-9.091835021972656,-4.203441619873047,2.5246496200561523,-9.900994300842285,34.7657470703125,7.255670547485352
1781547261961242,111509345,-0.2898438274860382,-0.46965304017066956,-0.46459534764289856,0.692508339881897,-9.146842002868652,-4.030818939208984,2.455932140350342,-15.495166778564453,27.703475952148438,9.783493995666504
1781547261989710,111526012,-0.29065778851509094,-0.47071683406829834,-0.46596983075141907,0.6905185580253601,-9.435362815856934,-3.961298704147339,2.2435004711151123,-16.86672019958496,12.313523292541504,5.416370868682861
1781547262019449,111542679,-0.2904694080352783,-0.4702497124671936,-0.46630364656448364,0.6906907558441162,-9.788030624389648,-3.6979992389678955,2.022266387939453,-4.8155341148376465,-0.8154700994491577,-5.198853492736816
1781547262021301,111559346,-0.29130667448043823,-0.4686970114707947,-0.46816879510879517,0.6901317238807678,-9.4380521774292,-3.960744619369507,2.0111584663391113,-19.917299270629883,-3.832639455795288,-7.299324035644531
1781547262049523,111576013,-0.29324987530708313,-0.46709439158439636,-0.4702375829219818,0.688987672328949,-9.549260139465332,-3.753648519515991,1.828487753868103,-26.431663513183594,-5.3323974609375,-1.6970375776290894
1781547262051345,111592680,-0.2957169711589813,-0.46584922075271606,-0.472978800535202,0.6868966817855835,-9.43935489654541,-3.5819618701934814,1.5711578130722046,-33.640350341796875,-0.9336634874343872,1.6891578435897827
1781547262079383,111609347,-0.29813921451568604,-0.46540355682373047,-0.47618773579597473,0.6839281320571899,-9.222127914428711,-3.500439405441284,1.368054986000061,-36.936424255371094,6.751931667327881,4.361730098724365
1781547262081097,111626014,-0.3007151782512665,-0.46558302640914917,-0.47998058795928955,0.6800158619880676,-9.254002571105957,-3.2046101093292236,1.3518214225769043,-41.982452392578125,13.407234191894531,7.196430683135986
1781547262109413,111642681,-0.30377593636512756,-0.4653332233428955,-0.4836881756782532,0.6761886477470398,-9.276144981384277,-3.001413583755493,1.293380856513977,-43.74290466308594,9.3543062210083,8.140908241271973
1781547262112498,111659348,-0.30713269114494324,-0.4634624719619751,-0.48732689023017883,0.6733383536338806,-9.329568862915039,-2.986640453338623,1.1708699464797974,-44.50690841674805,-2.4328646659851074,2.3030779361724854
1781547262139556,111676015,-0.3092503249645233,-0.46160009503364563,-0.49070101976394653,0.6711946129798889,-9.23926830291748,-3.1230454444885254,0.9986118674278259,-36.949459075927734,-1.0505355596542358,-4.0573530197143555
1781547262199288,111692682,-0.310135155916214,-0.4611835777759552,-0.4938618838787079,0.6687499284744263,-9.006102561950684,-3.2720415592193604,0.8448734879493713,-29.994308471679688,10.28437328338623,-3.5543766021728516
1781547262201015,111709349,-0.3096100389957428,-0.4628535211086273,-0.49591246247291565,0.6663177609443665,-8.76938247680664,-3.3124611377716064,0.9274977445602417,-15.92668342590332,22.258808135986328,0.5399747490882874
1781547262203365,111726016,-0.30822110176086426,-0.46523013710975647,-0.49635550379753113,0.6649751663208008,-8.719924926757812,-3.3154773712158203,0.9539085626602173,-0.5936265587806702,21.552820205688477,1.7873915433883667
1781547262229913,111742683,-0.30503106117248535,-0.46836790442466736,-0.4949359893798828,0.6653014421463013,-8.653295516967773,-3.328658103942871,0.9485946893692017,20.99126625061035,21.894807815551758,-1.4286296367645264
1781547262231426,111759350,-0.30182957649230957,-0.4699956774711609,-0.4925321638584137,0.6673943996429443,-8.881413459777832,-3.485456943511963,1.116698980331421,28.376035690307617,7.2741899490356445,-7.154200553894043
1781547262236535,111776017,-0.298994779586792,-0.4700721502304077,-0.49007123708724976,0.6704211831092834,-8.974250793457031,-3.591782808303833,1.0651211738586426,27.394710540771484,-4.2213454246521,-12.477511405944824
1781547262259442,111792684,-0.29666781425476074,-0.4700143039226532,-0.4876190423965454,0.6732774376869202,-9.115131378173828,-3.8644728660583496,1.0246293544769287,24.86235809326172,-5.982770919799805,-10.266955375671387
1781547262261438,111809351,-0.29536172747612,-0.470905601978302,-0.4858703017234802,0.6744920611381531,-9.152562141418457,-3.986804723739624,1.063897967338562,14.738819122314453,1.7279813289642334,-1.2825440168380737
1781547262289743,111826018,-0.2954883277416229,-0.4726008176803589,-0.48506200313568115,0.6738324165344238,-9.193068504333496,-3.918154716491699,1.1581975221633911,1.1102536916732788,8.649332046508789,8.809666633605957
1781547262319456,111842685,-0.2966056764125824,-0.47377532720565796,-0.48466750979423523,0.672799825668335,-9.190848350524902,-3.7568798065185547,1.0356817245483398,-6.327249526977539,4.986750602722168,11.077325820922852
1781547262321322,111859352,-0.29807108640670776,-0.47433117032051086,-0.48414137959480286,0.672139048576355,-9.265195846557617,-3.7094740867614746,0.9864276647567749,-6.8756303787231445,-0.513445258140564,10.29673957824707
1781547262349884,111876019,-0.299629807472229,-0.47425392270088196,-0.48347774147987366,0.6719780564308167,-9.378890991210938,-3.7279815673828125,1.0194885730743408,-6.179219722747803,-5.6592817306518555,8.045380592346191
1781547262351357,111892686,-0.3010506331920624,-0.4739111363887787,-0.48286187648773193,0.6720278263092041,-9.325746536254883,-3.739182710647583,1.0685230493545532,-5.797706127166748,-7.014707088470459,5.935470104217529
1781547262379650,111909353,-0.3024013638496399,-0.4738195538520813,-0.48260581493377686,0.6716696619987488,-9.211134910583496,-3.7213683128356934,1.1480807065963745,-8.066019058227539,-3.5477962493896484,6.118639945983887
1781547262381053,111926020,-0.30403387546539307,-0.47402894496917725,-0.482681542634964,0.67072993516922,-9.074535369873047,-3.6161515712738037,1.196516513824463,-11.821050643920898,-0.5067859888076782,8.54732894897461
1781547262409660,111942687,-0.30549752712249756,-0.47402599453926086,-0.48236119747161865,0.6702972054481506,-8.88400936126709,-3.518389940261841,1.2369848489761353,-8.206274032592773,-3.4047491550445557,7.295198917388916
1781547262411523,111959354,-0.3064292371273041,-0.47324806451797485,-0.4815361201763153,0.6710144877433777,-8.821743965148926,-3.443936586380005,1.1980314254760742,-1.9613184928894043,-10.0175142288208,1.5041511058807373
1781547262470072,111976021,-0.30743643641471863,-0.47282281517982483,-0.48086315393447876,0.6713361144065857,-8.262029647827148,-3.5489203929901123,2.003373622894287,-3.476604461669922,-7.031583786010742,3.3594841957092285
1781547262529546,111992688,-0.3089578449726105,-0.4742141664028168,-0.4822326600551605,0.6686685681343079,-9.127615928649902,-3.224777936935425,0.8258564472198486,-20.620044708251953,13.692347526550293,11.419136047363281
1781547262531288,112009355,-0.30944567918777466,-0.47442179918289185,-0.4815000593662262,0.668823778629303,-8.668539047241211,-3.4262020587921143,1.5016343593597412,-0.7415004372596741,-1.9898890256881714,3.5995638370513916
1781547262532773,112026022,-0.309817373752594,-0.4749718904495239,-0.4809487462043762,0.6686577796936035,-8.813043594360352,-3.429976224899292,1.3926786184310913,-1.5324976444244385,1.4056955575942993,4.292337417602539
1781547262559445,112042689,-0.3109399676322937,-0.4750942289829254,-0.48052263259887695,0.6683561205863953,-8.756904602050781,-3.4840846061706543,1.3894480466842651,-5.920312881469727,-2.332587480545044,6.2107672691345215
1781547262561225,112059356,-0.3125409781932831,-0.4757636785507202,-0.48003122210502625,0.6674858331680298,-8.977956771850586,-3.437164783477783,1.4981966018676758,-7.8934807777404785,0.32231682538986206,11.646736145019531
1781547262563657,112076023,-0.31507256627082825,-0.47621950507164,-0.4800698459148407,0.6659409999847412,-9.263931274414062,-3.302870988845825,1.5280389785766602,-16.056076049804688,-0.3809254467487335,14.928750038146973
1781547262590991,112092690,-0.31774529814720154,-0.476405531167984,-0.4806612730026245,0.6641086935997009,-9.586216926574707,-3.4127182960510254,1.4186818599700928,-20.584049224853516,0.0596713088452816,13.49712085723877
1781547262592820,112109357,-0.32056787610054016,-0.47665315866470337,-0.48237496614456177,0.6613263487815857,-9.729765892028809,-3.402679204940796,1.3175106048583984,-29.205141067504883,5.4123358726501465,12.784658432006836
1781547262593309,112126024,-0.32299768924713135,-0.47783786058425903,-0.4849677085876465,0.6573811769485474,-9.750029563903809,-3.285823106765747,1.3103418350219727,-33.70661926269531,16.726741790771484,13.78853988647461
1781547262619271,112142691,-0.32524943351745605,-0.4799712896347046,-0.4885232448577881,0.6520625352859497,-9.618904113769531,-3.1549313068389893,1.314961314201355,-39.94638442993164,28.26278305053711,16.03384780883789
1781547262620994,112159358,-0.32748812437057495,-0.48263782262802124,-0.49277275800704956,0.6457456946372986,-9.489370346069336,-3.278231382369995,1.0009067058563232,-45.17548751831055,35.54599380493164,17.707326889038086
1781547262650593,112176025,-0.33090806007385254,-0.4847644567489624,-0.49867627024650574,0.6378285884857178,-9.893370628356934,-3.0057640075683594,1.1749851703643799,-63.07550811767578,38.18521499633789,19.237546920776367
1781547262651529,112192692,-0.3343258202075958,-0.4873388707637787,-0.5060222148895264,0.628226637840271,-9.17076587677002,-2.8874523639678955,0.4910684823989868,-74.152587890625,49.05855941772461,19.788251876831055
1781547262679794,112209359,-0.33959823846817017,-0.4884788691997528,-0.512371301651001,0.6193038821220398,-9.161705017089844,-2.695927858352661,0.10442298650741577,-76.99449920654297,31.846904754638672,24.5866641998291
1781547262681542,112226026,-0.3458772599697113,-0.48878106474876404,-0.5180216431617737,0.6108318567276001,-9.242722511291504,-2.6565535068511963,-0.02936183474957943,-77.76719665527344,21.590831756591797,27.215473175048828
1781547262739321,112242693,-0.35218560695648193,-0.48906761407852173,-0.5231285095214844,0.6025902628898621,-9.186923027038574,-2.602318525314331,-0.4400072693824768,-74.7988052368164,19.3552303314209,28.560230255126953
1781547262741039,112259360,-0.3585119843482971,-0.4897211194038391,-0.5273097157478333,0.5946317315101624,-8.994994163513184,-2.556300401687622,-0.5001938343048096,-69.11681365966797,17.619056701660156,32.38163757324219
1781547262742346,112276027,-0.3662213683128357,-0.49006548523902893,-0.5307044982910156,0.5865752100944519,-9.001365661621094,-2.4742205142974854,-0.49138277769088745,-71.67533111572266,9.733899116516113,39.805259704589844
1781547262769325,112292694,-0.3747645914554596,-0.49019575119018555,-0.53294837474823,0.5789868831634521,-8.997537612915039,-2.430978536605835,-0.5783169269561768,-68.67322540283203,1.3534907102584839,45.086143493652344
1781547262771377,112309361,-0.38363245129585266,-0.4894871711730957,-0.5350428223609924,0.5718022584915161,-9.331080436706543,-2.3591718673706055,-0.3908578157424927,-69.85521697998047,-4.918485164642334,42.76859664916992
1781547262799442,112326028,-0.39278703927993774,-0.4875204861164093,-0.537791907787323,0.5646434426307678,-9.626409530639648,-2.0775465965270996,-0.27399396896362305,-76.61672973632812,-9.278132438659668,36.99703598022461
1781547262801535,112342695,-0.39489927887916565,-0.49009138345718384,-0.5410892963409424,0.557752251625061,-9.529935836791992,-1.6327091455459595,-0.4784338176250458,-41.89552307128906,34.963623046875,23.874425888061523
1781547262829676,112359362,-0.38803359866142273,-0.5019730925559998,-0.5424601435661316,0.5506269931793213,-9.900673866271973,-2.090860605239868,-0.44555598497390747,20.155967712402344,99.63025665283203,31.210325241088867
1781547262831794,112376029,-0.37813836336135864,-0.5165866613388062,-0.5417709946632385,0.5446411967277527,-9.231788635253906,-1.6675710678100586,-1.1581881046295166,49.953643798828125,111.84613037109375,34.00018310546875
1781547262859481,112392696,-0.3670220673084259,-0.533182680606842,-0.5390588641166687,0.5389127731323242,-9.191173553466797,-1.612237811088562,-0.9414606094360352,67.98430633544922,117.64404296875,43.329280853271484
1781547262863379,112409363,-0.35548239946365356,-0.5511730313301086,-0.532705545425415,0.5348509550094604,-9.674857139587402,-1.0522575378417969,-1.9570343494415283,92.72972869873047,109.07978057861328,56.071044921875
1781547262889543,112426030,-0.3472866714000702,-0.5648478269577026,-0.5295463800430298,0.5290743112564087,-9.113077163696289,-2.2769381999969482,0.20420387387275696,51.48273849487305,95.25968170166016,44.64329147338867
1781547262919297,112442697,-0.35152262449264526,-0.5677461624145508,-0.5312068462371826,0.5214551687240601,-9.784429550170898,-1.396783709526062,-0.4040740132331848,-46.77001953125,29.46553611755371,36.3142204284668
1781547262921692,112459364,-0.35251933336257935,-0.5692800879478455,-0.5327374935150146,0.5175336003303528,-10.176708221435547,-0.9451315402984619,-2.5529634952545166,-23.453821182250977,21.6646728515625,11.286519050598145
1781547262949349,112476031,-0.35028403997421265,-0.5705989003181458,-0.5332633852958679,0.5170573592185974,-10.13981819152832,-1.0731991529464722,-2.042736530303955,4.871418476104736,16.816207885742188,-5.421125411987305
1781547262952021,112492698,-0.3487265110015869,-0.57085120677948,-0.5338042974472046,0.5172734260559082,-10.054685592651367,-1.3499867916107178,-2.088956594467163,2.1300108432769775,7.861059665679932,-8.65002727508545
1781547262979456,112509365,-0.3495703935623169,-0.5714181661605835,-0.5364953279495239,0.5132784247398376,-10.522425651550293,-1.7188314199447632,-2.338538408279419,-29.64236831665039,21.850061416625977,2.702287197113037
1781547262981941,112526032,-0.3471442461013794,-0.5752362608909607,-0.5385927557945251,0.5084407925605774,-9.693160057067871,-1.2668272256851196,-2.517754554748535,-9.993968963623047,47.27107620239258,7.512454509735107
1781547263009502,112542699,-0.34307724237442017,-0.5806198716163635,-0.5395955443382263,0.5039994120597839,-9.225407600402832,-1.3711637258529663,-2.022576332092285,5.5278000831604,54.63839340209961,10.956664085388184
1781547263011707,112559366,-0.3404606580734253,-0.5849765539169312,-0.5404524803161621,0.4998001158237457,-9.014217376708984,-1.2314454317092896,-2.1123855113983154,-1.2800297737121582,44.389923095703125,12.184685707092285
1781547263039722,112576033,-0.3390592634677887,-0.5881409645080566,-0.5407160520553589,0.49674466252326965,-8.901028633117676,-1.3078714609146118,-2.338852643966675,-2.6672520637512207,29.788986206054688,11.639572143554688
1781547263069545,112592700,-0.3384604752063751,-0.5904006361961365,-0.5402724742889404,0.49495208263397217,-9.03731632232666,-1.3010143041610718,-2.5963287353515625,-0.9112116098403931,16.96027374267578,10.932982444763184
1781547263072318,112609367,-0.33730626106262207,-0.5930564999580383,-0.5388819575309753,0.4940798580646515,-8.943672180175781,-1.2136722803115845,-2.523685932159424,8.905643463134766,14.43228530883789,12.216742515563965
1781547263099309,112626034,-0.3378256857395172,-0.595750093460083,-0.537897527217865,0.4915507435798645,-9.298195838928223,-1.494908094406128,-2.264821767807007,-5.347433090209961,16.057300567626953,20.228878021240234
1781547263101723,112642701,-0.33909642696380615,-0.599012017250061,-0.5375500321388245,0.48707106709480286,-8.959051132202148,-1.2629239559173584,-2.495976686477661,-16.470951080322266,24.67130470275879,26.793302536010742
1781547263129359,112659368,-0.33927032351493835,-0.6026760339736938,-0.5377264022827148,0.4822111427783966,-9.199193000793457,-0.972579836845398,-2.8551533222198486,-14.174952507019043,32.860206604003906,23.33654022216797
1781547263131251,112676035,-0.34417539834976196,-0.6018060445785522,-0.5420758128166199,0.47489652037620544,-8.835522651672363,0.5906480550765991,0.4319130778312683,-67.26589965820312,20.243492126464844,10.694279670715332
1781547263159318,112692702,-0.36044180393218994,-0.5933004021644592,-0.5497609376907349,0.46458521485328674,-9.355709075927734,-1.7408833503723145,-3.2313168048858643,-154.41395568847656,-26.723159790039062,12.617767333984375
1781547263161715,112709369,-0.3724488317966461,-0.5865261554718018,-0.5529569387435913,0.4598996937274933,-8.805804252624512,-0.5603121519088745,-3.814445972442627,-97.13839721679688,-39.16242218017578,9.931436538696289
1781547263189555,112726036,-0.38436537981033325,-0.5792805552482605,-0.5551661252975464,0.4566049575805664,-9.366368293762207,-1.1275360584259033,-2.40887188911438,-89.57308959960938,-48.446868896484375,8.272148132324219
1781547263219334,112742703,-0.3991304337978363,-0.5703621506690979,-0.5590284466743469,0.45041000843048096,-9.727706909179688,-0.9598610401153564,-2.1887872219085693,-121.6046371459961,-48.64723205566406,11.913493156433105
1781547263221743,112759370,-0.41744861006736755,-0.5589520335197449,-0.5655580163002014,0.43983376026153564,-9.556063652038574,-0.07237210869789124,-2.433943748474121,-167.48687744140625,-45.51456069946289,14.90894889831543
1781547263249981,112776037,-0.436425119638443,-0.5460288524627686,-0.5728191137313843,0.42809367179870605,-9.556118965148926,0.09995724260807037,-2.403973340988159,-181.10206604003906,-46.07334899902344,11.547022819519043
1781547263251320,112792704,-0.4488671123981476,-0.5370628833770752,-0.576839029788971,0.421115905046463,-9.658435821533203,0.5510451197624207,-2.2402780055999756,-116.3866958618164,-36.28594207763672,5.776920795440674
1781547263282120,112809371,-0.4515571594238281,-0.53496915102005,-0.581092357635498,0.4150131940841675,-10.413960456848145,-0.5134641528129578,-1.9285703897476196,-56.36927032470703,19.781620025634766,1.2335423231124878
1781547263282640,112826038,-0.45821553468704224,-0.5292728543281555,-0.5849418640136719,0.40957537293434143,-8.747035026550293,0.7911257743835449,-2.381857395172119,-78.34281921386719,-10.047264099121094,-2.411360502243042
1781547263310001,112842705,-0.46271276473999023,-0.5239431858062744,-0.5878736972808838,0.40716731548309326,-9.956049919128418,0.12135736644268036,-2.4359965324401855,-54.55246353149414,-14.23876667022705,-13.229640007019043
1781547263311640,112859372,-0.4665544927120209,-0.5169479846954346,-0.5912413597106934,0.40684816241264343,-9.609003067016602,0.7517195343971252,-2.4734675884246826,-50.26829528808594,-22.388280868530273,-30.0112361907959
1781547263339572,112876039,-0.46117934584617615,-0.5172773003578186,-0.588557779788971,0.4163382351398468,-9.526618003845215,1.116686224937439,-3.9392271041870117,62.78779220581055,-18.71039581298828,-35.98093032836914
1781547263369392,112892706,-0.44883236289024353,-0.5245288014411926,-0.5722546577453613,0.4426552951335907,-9.255424499511719,-0.0209260955452919,-2.765974998474121,216.64920043945312,-73.73823547363281,-32.857208251953125
1781547263371763,112909373,-0.4551059603691101,-0.5177911520004272,-0.5689719915390015,0.44837692379951477,-10.049249649047852,-2.3370521068573,1.7551548480987549,-14.37557315826416,-75.11518096923828,-14.625009536743164
1781547263399478,112926040,-0.4577375054359436,-0.5262373685836792,-0.5658005475997925,0.43979567289352417,-7.94236421585083,-1.081085205078125,-3.6171634197235107,-10.19572639465332,37.22649383544922,77.91505432128906
1781547263401747,112942707,-0.4560283422470093,-0.5424649119377136,-0.5513375401496887,0.4402238130569458,-9.84444808959961,-1.1599551439285278,-2.868471622467041,99.19865417480469,9.49606990814209,107.57012939453125
1781547263430047,112959374,-0.4484943449497223,-0.5621830224990845,-0.5371038317680359,0.4408203661441803,-9.263081550598145,0.7673437595367432,-1.7387462854385376,131.81964111328125,42.22742462158203,101.79399871826172
1781547263431658,112976041,-0.44242316484451294,-0.5790783166885376,-0.5240945816040039,0.4407438039779663,-10.254951477050781,1.6618999242782593,-1.2881028652191162,111.26261901855469,34.642364501953125,93.13912963867188
1781547263489986,112992708,-0.43708837032318115,-0.5883930325508118,-0.5195098519325256,0.4391546845436096,-10.307344436645508,2.932884454727173,0.33472922444343567,54.288272857666016,40.66476821899414,39.10105895996094
1781547263490884,113009375,-0.43491822481155396,-0.5914855003356934,-0.521382749080658,0.43491506576538086,-9.72754955291748,0.3251579999923706,-2.036543607711792,-6.173953056335449,40.713218688964844,8.261163711547852
1781547263493891,113026042,-0.4356687664985657,-0.5919526219367981,-0.5233412981033325,0.431159645318985,-9.30343246459961,0.5118038654327393,-1.7520445585250854,-24.421720504760742,20.681671142578125,5.789726734161377
1781547263520117,113042709,-0.43872883915901184,-0.5892848968505859,-0.5267135500907898,0.42758989334106445,-9.4324951171875,0.7126752138137817,-1.9197453260421753,-46.733558654785156,6.561084270477295,-4.951883316040039
1781547263521717,113059376,-0.4432383179664612,-0.5844377279281616,-0.5312533378601074,0.42396023869514465,-9.378082275390625,0.5712208151817322,-2.0733718872070312,-62.829345703125,-1.3257708549499512,-13.131628036499023
1781547263550156,113076043,-0.44888535141944885,-0.5779625773429871,-0.5362979769706726,0.4205303490161896,-9.380645751953125,0.5884175896644592,-2.1836063861846924,-73.10466766357422,-9.487866401672363,-18.397348403930664
1781547263551679,113092710,-0.45502975583076477,-0.5698781609535217,-0.5417842864990234,0.41791942715644836,-9.553558349609375,0.47357040643692017,-2.2901763916015625,-78.30656433105469,-17.863285064697266,-27.17357063293457
1781547263580056,113109377,-0.4588020145893097,-0.5596503615379333,-0.5492019653320312,0.4179348647594452,-9.823930740356445,-0.2936307489871979,-2.6349387168884277,-71.48645782470703,-19.431869506835938,-57.755882263183594
1781547263581276,113126044,-0.45638829469680786,-0.5484730005264282,-0.5597665309906006,0.4213654398918152,-9.736950874328613,-0.056739985942840576,-2.601546049118042,-46.83042907714844,-2.014566421508789,-101.9945297241211
1781547263609842,113142711,-0.4533027708530426,-0.5389530062675476,-0.5690051913261414,0.42459335923194885,-9.72205638885498,0.3987056612968445,-2.2750911712646484,-36.03660202026367,1.9758124351501465,-91.92163848876953
1781547263611213,113159378,-0.4499721825122833,-0.5321680307388306,-0.5756767392158508,0.4276897609233856,-10.179930686950684,-0.2920507788658142,-2.5020992755889893,-19.626361846923828,3.405576705932617,-72.01314544677734
1781547263639987,113176045,-0.44520649313926697,-0.5267099142074585,-0.5815463066101074,0.4314764440059662,-9.879927635192871,-0.6275947690010071,-2.391098737716675,-5.182859420776367,7.981256484985352,-70.18077850341797
1781547263671313,113192712,-0.43981462717056274,-0.5218979120254517,-0.5866528749465942,0.43591755628585815,-9.397102355957031,-0.1868894100189209,-1.7905124425888062,3.9415082931518555,7.695470809936523,-68.69279479980469
1781547263671781,113209379,-0.4351179599761963,-0.5179966688156128,-0.5907254815101624,0.43976733088493347,-8.80543327331543,-0.642286479473114,-1.8095790147781372,4.913693428039551,6.618546485900879,-57.43784713745117
1781547263700059,113226046,-0.4297392964363098,-0.5153341889381409,-0.5942790508270264,0.44338157773017883,-9.088930130004883,-0.5466020703315735,-1.8106740713119507,11.659465789794922,12.421656608581543,-51.91545486450195
1781547263701690,113242713,-0.4247879385948181,-0.5132168531417847,-0.5975000858306885,0.4462704658508301,-9.04271125793457,-0.16545329988002777,-1.7509516477584839,9.805011749267578,13.925539016723633,-45.0644645690918
1781547263729644,113259380,-0.42066213488578796,-0.5115460157394409,-0.6005066633224487,0.44805800914764404,-9.389192581176758,-0.6819687485694885,-1.7538832426071167,4.329127311706543,15.165754318237305,-36.72687911987305
1781547263732234,113276047,-0.41644901037216187,-0.5085263848304749,-0.6045122742652893,0.450040340423584,-9.601799011230469,-1.0416215658187866,-1.9922279119491577,-1.5384140014648438,13.57831859588623,-46.64297103881836
1781547263759495,113292714,-0.4108788073062897,-0.504657506942749,-0.6088706254959106,0.45362547039985657,-9.915199279785156,-1.4053128957748413,-2.183009624481201,6.343742370605469,11.998525619506836,-60.19456100463867
1781547263761369,113309381,-0.4035668671131134,-0.499322772026062,-0.6135597229003906,0.4597337245941162,-9.902779579162598,-1.882408857345581,-2.50527286529541,17.775415420532227,6.8996052742004395,-80.03953552246094
1781547263789861,113326048,-0.39450472593307495,-0.4925864636898041,-0.6188471913337708,0.4677101671695709,-9.706894874572754,-1.9835858345031738,-2.291706085205078,25.881515502929688,5.099080562591553,-98.72261810302734
1781547263819493,113342715,-0.38602399826049805,-0.4856109023094177,-0.6237979531288147,0.4754406809806824,-9.555334091186523,-1.4368174076080322,-2.1709532737731934,23.295785903930664,1.7751682996749878,-96.06272888183594
1781547263822809,113359382,-0.3786104917526245,-0.47913989424705505,-0.628390371799469,0.4818762540817261,-9.129632949829102,-1.7874201536178589,-1.9705804586410522,16.687421798706055,2.219944477081299,-85.77871704101562
1781547263849930,113376049,-0.37209606170654297,-0.4726911187171936,-0.6331734657287598,0.487030953168869,-9.042032241821289,-2.0897750854492188,-1.7885284423828125,7.615283489227295,3.12664532661438,-80.00030517578125
1781547263852769,113392716,-0.36666539311408997,-0.46640142798423767,-0.6380715370178223,0.49080660939216614,-8.885918617248535,-2.344576358795166,-1.948333501815796,-1.8907517194747925,3.719846248626709,-72.52511596679688
1781547263879821,113409383,-0.3603349030017853,-0.4597572982311249,-0.6430944800376892,0.4951883852481842,-8.89932918548584,-2.7287402153015137,-2.228638172149658,2.336704730987549,4.844025611877441,-79.04631042480469
1781547263882499,113426050,-0.3524884581565857,-0.45302507281303406,-0.6477004885673523,0.5010034441947937,-8.8397855758667,-3.05283260345459,-2.41125750541687,14.66478157043457,5.682750225067139,-86.83121490478516
1781547263910337,113442717,-0.3425184190273285,-0.446168452501297,-0.6517118811607361,0.5088090300559998,-8.569385528564453,-3.5058839321136475,-2.259255886077881,31.887907028198242,7.069055080413818,-97.67411804199219
1781547263911633,113459384,-0.3317710757255554,-0.43953195214271545,-0.6551287770271301,0.5172485113143921,-8.118688583374023,-3.543577194213867,-1.953680396080017,39.708580017089844,7.975700855255127,-99.0761489868164
1781547263939690,113476051,-0.32337063550949097,-0.4348377287387848,-0.6566753387451172,0.5245238542556763,-8.579296112060547,-3.007582902908325,-1.8713032007217407,38.45073699951172,3.562537908554077,-73.6712417602539
1781547263969957,113492718,-0.31803426146507263,-0.43150511384010315,-0.6567632555961609,0.5303956866264343,-8.76355266571045,-3.3906280994415283,-1.7960314750671387,31.239120483398438,-4.407473564147949,-48.99545669555664
1781547263971840,113509385,-0.3142872154712677,-0.42806777358055115,-0.6568939685821533,0.5352306365966797,-9.154075622558594,-3.730372190475464,-2.1266844272613525,21.454254150390625,-8.79555892944336,-41.53630828857422
1781547264000048,113526052,-0.3118359446525574,-0.4246200919151306,-0.6568610072135925,0.5394347906112671,-8.678033828735352,-4.034329414367676,-1.9162577390670776,15.370288848876953,-13.18301010131836,-34.97336959838867
1781547264001620,113542719,-0.3103164732456207,-0.4222266972064972,-0.655846357345581,0.5434095859527588,-8.637128829956055,-4.010671138763428,-1.7965435981750488,17.513843536376953,-14.91612434387207,-23.39923667907715
1781547264030892,113559386,-0.30978327989578247,-0.42208606004714966,-0.6524788737297058,0.5478586554527283,-8.960094451904297,-3.829829454421997,-1.6152180433273315,30.38567543029785,-17.34309959411621,-3.740264654159546
1781547264032127,113576053,-0.30985280871391296,-0.42466893792152405,-0.6466569900512695,0.5527045130729675,-8.838479042053223,-3.6580357551574707,-1.658734679222107,45.462005615234375,-16.16613006591797,17.021032333374023
1781547264089792,113592720,-0.3070466220378876,-0.43302205204963684,-0.6409541964530945,0.5544294118881226,-8.173187255859375,-3.7756025791168213,-1.8896350860595703,51.8240966796875,27.91194725036621,38.044403076171875
1781547264090719,113609387,-0.29179537296295166,-0.4441554844379425,-0.6403356194496155,0.5545735359191895,-8.278034210205078,-4.90577507019043,-1.1277931928634644,68.40479278564453,108.79630279541016,-8.946859359741211
1781547264092972,113626054,-0.2693714499473572,-0.4476982653141022,-0.6464173793792725,0.5560126900672913,-8.707533836364746,-4.625669002532959,-1.7153754234313965,55.23556137084961,120.92391204833984,-92.7801284790039
1781547264120172,113642721,-0.25224927067756653,-0.4531404972076416,-0.6523897647857666,0.5526496171951294,-8.534746170043945,-5.25947904586792,-1.8480098247528076,21.505970001220703,119.19771575927734,-54.8370246887207
1781547264121746,113659388,-0.2547169625759125,-0.4535379409790039,-0.6537156701087952,0.5496166944503784,-7.937251567840576,-5.1966872215271,-3.1728458404541016,-29.140872955322266,3.068277597427368,10.87777042388916
1781547264149569,113676055,-0.2500529885292053,-0.4570060968399048,-0.6505061984062195,0.5526852011680603,-7.739355087280273,-4.374332427978516,-2.697997808456421,43.038429260253906,19.754121780395508,1.18977689743042
1781547264151745,113692722,-0.24874179065227509,-0.458029568195343,-0.6488655209541321,0.5543553829193115,-7.577789783477783,-4.593152046203613,-1.592611312866211,16.08650016784668,2.5575904846191406,0.47006386518478394
1781547264179914,113709389,-0.2483862340450287,-0.45828384160995483,-0.6464274525642395,0.5571461915969849,-7.901294708251953,-4.557111740112305,-2.3872909545898438,19.797990798950195,-9.52827262878418,1.2756233215332031
1781547264182032,113726056,-0.24815095961093903,-0.45790860056877136,-0.6446358561515808,0.5596296787261963,-7.864665985107422,-4.666605472564697,-1.9291677474975586,14.501830101013184,-10.403517723083496,-2.5745911598205566
1781547264209525,113742723,-0.24837106466293335,-0.4573105275630951,-0.6431325674057007,0.5617468953132629,-7.924890518188477,-4.6757636070251465,-2.0082039833068848,9.95212459564209,-11.632786750793457,-2.0926620960235596
1781547264212400,113759390,-0.24887250363826752,-0.45686691999435425,-0.6421335339546204,0.5630273222923279,-8.14193058013916,-4.71934700012207,-1.920780062675476,3.6833183765411377,-8.787308692932129,-0.47908565402030945
1781547264240040,113776057,-0.24915513396263123,-0.456851989030838,-0.6413375735282898,0.5638211369514465,-8.361361503601074,-4.651133060455322,-1.8742212057113647,2.1692097187042236,-4.284595012664795,0.7612029910087585
1781547264271673,113792724,-0.24857118725776672,-0.4572256803512573,-0.6404584050178528,0.5647743940353394,-8.366133689880371,-4.778896331787109,-2.1638400554656982,6.580960273742676,0.4014599025249481,-0.8972130417823792
1781547264272150,113809391,-0.24743442237377167,-0.4575224220752716,-0.6394638419151306,0.5661585927009583,-8.217864036560059,-4.9372944831848145,-2.1635684967041016,10.533668518066406,0.9846101999282837,-3.7566416263580322
1781547264299861,113826058,-0.2463969886302948,-0.45751717686653137,-0.6386595368385315,0.5675215721130371,-8.065180778503418,-4.9693193435668945,-2.1368558406829834,8.872504234313965,-0.23719929158687592,-5.259659290313721
1781547264301543,113842725,-0.24565674364566803,-0.45723533630371094,-0.6379284858703613,0.5688900947570801,-8.026113510131836,-4.9722185134887695,-2.133222818374634,7.206551551818848,-2.514822006225586,-5.553769588470459
1781547264329556,113859392,-0.24495576322078705,-0.4568203091621399,-0.6372711062431335,0.5702610015869141,-8.12903118133545,-4.908557891845703,-2.131335496902466,6.580077171325684,-3.0914535522460938,-6.218803405761719
1781547264331997,113876059,-0.2436039298772812,-0.4563872516155243,-0.6364259123802185,0.5721276998519897,-8.244458198547363,-4.863454341888428,-2.2093374729156494,11.502473831176758,-2.184854507446289,-9.094539642333984
1781547264359532,113892726,-0.2415517121553421,-0.45600223541259766,-0.6355654001235962,0.5742571949958801,-8.260811805725098,-4.965177536010742,-2.175812244415283,14.990240097045898,0.218021959066391,-12.031656265258789
1781547264361998,113909393,-0.238732248544693,-0.4559973180294037,-0.6348781585693359,0.57619708776474,-8.101612091064453,-5.012615203857422,-2.166929244995117,16.514463424682617,5.952369689941406,-13.628772735595703
1781547264389800,113926060,-0.23566049337387085,-0.45643043518066406,-0.6341632604598999,0.5779036283493042,-7.969754219055176,-5.052629470825195,-2.1671597957611084,17.11394500732422,9.472996711730957,-12.246607780456543
1781547264419888,113942727,-0.23226489126682281,-0.45723140239715576,-0.6332203149795532,0.5796763300895691,-7.93325662612915,-5.010660648345947,-2.037090539932251,19.92250633239746,11.768158912658691,-11.32054328918457
1781547264421399,113959394,-0.22871382534503937,-0.45819753408432007,-0.6322711706161499,0.5813589692115784,-7.904560089111328,-5.083268642425537,-2.0039193630218506,20.307418823242188,13.376093864440918,-11.057453155517578
1781547264451153,113976061,-0.22506842017173767,-0.45934784412384033,-0.6312546730041504,0.5829763412475586,-7.856781959533691,-5.0482940673828125,-1.882360577583313,20.879737854003906,14.620643615722656,-10.319934844970703
1781547264451998,113992728,-0.22140996158123016,-0.4605879485607147,-0.6299054026603699,0.5848552584648132,-7.885043621063232,-5.106069564819336,-1.9332163333892822,23.52802848815918,13.696269989013672,-9.33653450012207
1781547264479345,114009395,-0.21777771413326263,-0.4618355333805084,-0.6282728910446167,0.586987316608429,-7.788787364959717,-5.148285388946533,-1.8382121324539185,25.691965103149414,12.378969192504883,-8.687573432922363
1781547264481128,114026062,-0.21459916234016418,-0.46293798089027405,-0.6264322996139526,0.5892524123191833,-7.804657936096191,-5.167638301849365,-1.7229222059249878,25.44826316833496,9.099006652832031,-7.021613121032715
1781547264509408,114042729,-0.21182510256767273,-0.4637291133403778,-0.624596893787384,0.5915777683258057,-7.794925689697266,-5.181427955627441,-1.6403028964996338,23.93902015686035,5.911263465881348,-6.829397678375244
1781547264511339,114059396,-0.209590345621109,-0.4642305076122284,-0.6229247450828552,0.5937397480010986,-7.787572383880615,-5.194972991943359,-1.5831629037857056,20.431215286254883,3.176024913787842,-6.1623101234436035
1781547264540093,114076063,-0.2084159404039383,-0.46403470635414124,-0.6217505931854248,0.5955341458320618,-7.181168079376221,-5.426954746246338,-1.4920231103897095,12.43377685546875,-2.3203840255737305,-5.879834175109863
1781547264600570,114092730,-0.208095520734787,-0.46353447437286377,-0.6214492917060852,0.5963495969772339,-8.496149063110352,-5.046306133270264,-1.5530614852905273,1.5128591060638428,-2.842907428741455,-5.063848972320557
1781547264601114,114109397,-0.20711582899093628,-0.46379825472831726,-0.6205427050590515,0.5974286794662476,-7.736684322357178,-5.315858840942383,-1.5989857912063599,8.313685417175293,1.401930570602417,-2.9531962871551514
1781547264629637,114126064,-0.20614147186279297,-0.46415743231773376,-0.6195263862609863,0.5985405445098877,-7.831491470336914,-5.248221397399902,-1.5013179779052734,9.023337364196777,1.51027250289917,-2.220211982727051
1781547264632428,114142731,-0.2055361121892929,-0.4644700288772583,-0.6186336278915405,0.5994290709495544,-7.859038352966309,-5.294306755065918,-1.4992934465408325,6.3188652992248535,0.6359186172485352,-0.9772911071777344
1781547264634221,114159398,-0.20515477657318115,-0.46472588181495667,-0.6178379058837891,0.600181519985199,-7.936422348022461,-5.3170037269592285,-1.4916889667510986,4.543059349060059,0.022097360342741013,-0.41340184211730957
1781547264659596,114176065,-0.20484094321727753,-0.46487194299697876,-0.6171413660049438,0.6008918285369873,-7.8835530281066895,-5.370859622955322,-1.5132850408554077,3.584106922149658,-0.4426130950450897,-0.8583840727806091
1781547264661600,114192732,-0.20476625859737396,-0.46489864587783813,-0.6164715886116028,0.6015838384628296,-7.88400936126709,-5.320315837860107,-1.4915885925292969,2.4620659351348877,-1.853245735168457,-0.4359794557094574
1781547264664070,114209399,-0.20481596887111664,-0.46483373641967773,-0.6158407926559448,0.6022626757621765,-7.844168186187744,-5.308553218841553,-1.4763233661651611,1.7175811529159546,-2.6610569953918457,-0.4153099060058594
1781547264689805,114226066,-0.2051074057817459,-0.4646718204021454,-0.6152677536010742,0.602873682975769,-7.837206840515137,-5.301042079925537,-1.4414856433868408,0.2805679440498352,-3.787670850753784,0.08605227619409561
1781547264719635,114242733,-0.20561492443084717,-0.4644005596637726,-0.6147833466529846,0.6034037470817566,-7.851436138153076,-5.347968101501465,-1.4875208139419556,-1.274052381515503,-4.770557403564453,0.35056740045547485
1781547264721263,114259400,-0.20626290142536163,-0.4640718996524811,-0.6143818497657776,0.6038442254066467,-7.9005351066589355,-5.3438944816589355,-1.432202935218811,-2.52697491645813,-5.1982645988464355,0.5533944368362427
1781547264749479,114276067,-0.2070736140012741,-0.4636760354042053,-0.6141272187232971,0.6041299700737,-7.939598083496094,-5.3467607498168945,-1.4484635591506958,-4.406435966491699,-5.461602210998535,0.6968769431114197
1781547264751792,114292734,-0.20782943069934845,-0.4632642865180969,-0.6139492988586426,0.6043670773506165,-7.956034183502197,-5.3563737869262695,-1.476631760597229,-4.778933525085449,-5.029707908630371,0.22694776952266693
1781547264780087,114309401,-0.20857973396778107,-0.4628843069076538,-0.6138254404067993,0.6045253276824951,-7.961520671844482,-5.336717128753662,-1.479429841041565,-5.274590969085693,-4.545806884765625,0.27910804748535156
1781547264781738,114326068,-0.209128737449646,-0.4625895917415619,-0.6136754155158997,0.6047136187553406,-7.977275848388672,-5.331830978393555,-1.506567358970642,-4.276706695556641,-3.4748244285583496,-0.1571851521730423
1781547264809888,114342735,-0.20949698984622955,-0.46235013008117676,-0.6134802103042603,0.6049673557281494,-7.962162017822266,-5.294255256652832,-1.4940719604492188,-3.1592369079589844,-2.754197597503662,-0.6250011324882507
1781547264812587,114359402,-0.20968914031982422,-0.46210765838623047,-0.6131991744041443,0.6053709983825684,-7.943171977996826,-5.293320655822754,-1.5284616947174072,-1.6146501302719116,-2.623713731765747,-1.312599539756775
1781547264839638,114376069,-0.20972026884555817,-0.46189406514167786,-0.6127650141716003,0.6059625744819641,-7.91459321975708,-5.2697553634643555,-1.4984952211380005,0.36790725588798523,-2.6422576904296875,-1.6453214883804321
1781547264869502,114392736,-0.20972582697868347,-0.46173205971717834,-0.6122005581855774,0.6066539883613586,-7.903609275817871,-5.248990058898926,-1.5251926183700562,1.4861319065093994,-2.823646306991577,-1.2646909952163696
1781547264871886,114409403,-0.20956997573375702,-0.4616760313510895,-0.6114628911018372,0.607494056224823,-7.904148101806641,-5.255331993103027,-1.5500253438949585,3.4993417263031006,-2.4248440265655518,-1.1558243036270142
1781547264899430,114426070,-0.20925578474998474,-0.4618135094642639,-0.6106149554252625,0.6083501577377319,-7.926262378692627,-5.2376790046691895,-1.503167986869812,4.808790683746338,-1.1606779098510742,-0.6763802170753479
1781547264901846,114442737,-0.20877237617969513,-0.4621583819389343,-0.6097192764282227,0.6091519594192505,-7.923702716827393,-5.23342752456665,-1.5046578645706177,5.615424156188965,0.521071195602417,-0.28413447737693787
1781547264929659,114459404,-0.20812731981277466,-0.46269431710243225,-0.6088005304336548,0.6098843812942505,-7.956331253051758,-5.243320941925049,-1.4612290859222412,6.209446907043457,2.185499906539917,0.012735915370285511
1781547264932358,114476071,-0.2073812335729599,-0.4633256196975708,-0.6078478097915649,0.6106091141700745,-7.959481239318848,-5.268542766571045,-1.4169267416000366,6.777090549468994,2.984424591064453,0.10733645409345627
1781547264959557,114492738,-0.20656490325927734,-0.46402350068092346,-0.6068985462188721,0.6112999320030212,-7.968777179718018,-5.312084674835205,-1.337525725364685,6.939486980438232,3.67002534866333,0.12768574059009552
1781547264989652,114509405,-0.20577114820480347,-0.4646635055541992,-0.6060120463371277,0.6119605302810669,-7.963836193084717,-5.343166828155518,-1.314074158668518,6.395203113555908,3.5185129642486572,-0.1759592592716217
1781547264992653,114526072,-0.20501691102981567,-0.4652439057826996,-0.6051729917526245,0.6126025319099426,-7.955515384674072,-5.345631122589111,-1.2864431142807007,5.906013488769531,3.230907678604126,-0.3837551176548004
1781547265019627,114542739,-0.20427103340625763,-0.46574369072914124,-0.6042953133583069,0.613338053226471,-7.983626842498779,-5.320710182189941,-1.2773559093475342,6.318045616149902,2.502546787261963,-0.6913636922836304
1781547265022564,114559406,-0.20344765484333038,-0.466134637594223,-0.6032397150993347,0.614352822303772,-8.033364295959473,-5.304483413696289,-1.2701613903045654,8.32284164428711,1.2225134372711182,-1.2929421663284302
1781547265079446,114576073,-0.20241720974445343,-0.4663642644882202,-0.6019672751426697,0.6157654523849487,-8.021296501159668,-5.353626728057861,-1.2660411596298218,11.326689720153809,-0.17859743535518646,-2.6984269618988037
1781547265082052,114592740,-0.20126542448997498,-0.4664550721645355,-0.6005064249038696,0.6174982190132141,-8.013525009155273,-5.342471122741699,-1.2044150829315186,13.643757820129395,-1.5521817207336426,-3.6281306743621826
1781547265083989,114609407,-0.19995732605457306,-0.4665580689907074,-0.5988762378692627,0.6194255352020264,-7.94706392288208,-5.3835768699646,-1.2208436727523804,15.683789253234863,-1.7132989168167114,-3.967794895172119
1781547265109500,114626074,-0.19856609404087067,-0.4667718708515167,-0.5971888899803162,0.6213379502296448,-7.96013069152832,-5.407283306121826,-1.1634533405303955,16.2840633392334,-0.9307407140731812,-3.662158727645874
1781547265111886,114642741,-0.19717805087566376,-0.4669177532196045,-0.5955523252487183,0.6232383847236633,-7.929694175720215,-5.43837833404541,-1.122887134552002,15.913844108581543,-1.125474214553833,-4.074010848999023
1781547265113673,114659408,-0.19583839178085327,-0.46697527170181274,-0.593953013420105,0.6251410245895386,-7.974119186401367,-5.405406475067139,-1.0293318033218384,15.487406730651855,-1.6586544513702393,-4.350743770599365
1781547265140070,114676075,-0.19445212185382843,-0.4668649137020111,-0.5922992825508118,0.6272218227386475,-7.985432147979736,-5.432531356811523,-1.0713995695114136,16.371902465820312,-2.8348803520202637,-5.302051544189453
1781547265169494,114692742,-0.19280801713466644,-0.46661779284477234,-0.5902901887893677,0.6298019289970398,-7.995860576629639,-5.466156482696533,-1.1043299436569214,20.58136749267578,-4.452634334564209,-6.497222423553467
1781547265171467,114709409,-0.19075553119182587,-0.46634015440940857,-0.5878631472587585,0.6328951120376587,-7.975317478179932,-5.534619331359863,-1.0316102504730225,25.74269676208496,-5.128175735473633,-7.729421138763428
1781547265199568,114726076,-0.18832950294017792,-0.46613937616348267,-0.5850458741188049,0.6363705992698669,-7.940831661224365,-5.577027797698975,-0.9558646082878113,30.284147262573242,-5.0225653648376465,-8.294304847717285
1781547265201626,114742743,-0.185641348361969,-0.46606311202049255,-0.5819294452667236,0.6400629878044128,-7.935542106628418,-5.605595588684082,-0.8503073453903198,33.46577453613281,-4.507341384887695,-8.262537002563477
1781547265229627,114759410,-0.1826557070016861,-0.4660912752151489,-0.5785806775093079,0.6439256072044373,-7.938650131225586,-5.631357669830322,-0.7502588629722595,36.254798889160156,-3.6998372077941895,-8.627399444580078
1781547265231561,114776077,-0.17913523316383362,-0.4662809371948242,-0.5747750401496887,0.6481716632843018,-7.989132881164551,-5.63872766494751,-0.62987220287323,41.718727111816406,-2.6606903076171875,-9.370672225952148
1781547265259555,114792744,-0.17443148791790009,-0.46684491634368896,-0.5697346329689026,0.6534769535064697,-8.09288215637207,-5.649292945861816,-0.4717532992362976,55.660953521728516,-1.2346614599227905,-10.512031555175781
1781547265261621,114809411,-0.16793884336948395,-0.4679676294326782,-0.5624825954437256,0.660618245601654,-8.181118965148926,-5.746798515319824,-0.19545915722846985,79.20177459716797,-0.26316362619400024,-11.46551513671875
1781547265289673,114826078,-0.1595504879951477,-0.4698260426521301,-0.5529235601425171,0.6693899035453796,-8.200749397277832,-5.984737396240234,0.36462703347206116,102.93450164794922,2.498274087905884,-11.693573951721191
1781547265319434,114842745,-0.15062332153320312,-0.4731278717517853,-0.5431836843490601,0.6770628690719604,-8.046442031860352,-6.047659873962402,2.1623783111572266,102.91044616699219,14.5399169921875,-6.899812698364258
1781547265322306,114859412,-0.141848623752594,-0.47695061564445496,-0.5335766673088074,0.6838808655738831,-8.210112571716309,-6.006556510925293,2.1280417442321777,99.13581085205078,19.320375442504883,-3.793351888656616
1781547265349474,114876079,-0.13127535581588745,-0.4806493818759918,-0.5219769477844238,0.6923028230667114,-8.213468551635742,-5.972685813903809,2.127549409866333,120.16278076171875,18.137136459350586,-7.738243103027344
1781547265352065,114892746,-0.11868922412395477,-0.48413580656051636,-0.5073109269142151,0.7029659152030945,-8.33364486694336,-5.910377025604248,2.3853955268859863,149.260986328125,14.179737091064453,-9.975955963134766
1781547265379443,114909413,-0.1047031506896019,-0.4875293970108032,-0.48933589458465576,0.7154737710952759,-8.610830307006836,-5.845970630645752,2.978294849395752,176.27426147460938,9.774824142456055,-7.563980579376221
1781547265381791,114926080,-0.08990520238876343,-0.490737646818161,-0.46907731890678406,0.7287387251853943,-8.894587516784668,-6.234290599822998,3.486846923828125,192.64125061035156,7.413856029510498,-5.080291271209717
1781547265409487,114942747,-0.07546181976795197,-0.49399420619010925,-0.4490591287612915,0.7406898140907288,-8.99887466430664,-7.144716262817383,4.182701110839844,186.02198791503906,11.096774101257324,-3.1539371013641357
1781547265411513,114959414,-0.06198606267571449,-0.4972446858882904,-0.4309382140636444,0.7504651546478271,-9.192005157470703,-7.8787150382995605,4.58827543258667,166.33872985839844,16.45587921142578,-3.5646913051605225
1781547265439641,114976081,-0.04945635795593262,-0.49803414940834045,-0.4148447513580322,0.7598814964294434,-9.443084716796875,-8.231008529663086,5.791772365570068,150.5192108154297,3.048880100250244,-12.754985809326172
1781547265469432,114992748,-0.03822769969701767,-0.49334147572517395,-0.4008583724498749,0.7710158228874207,-9.375961303710938,-8.447623252868652,6.771698951721191,138.0777130126953,-34.46414566040039,-29.393259048461914
1781547265471337,115009415,-0.02931980974972248,-0.4827576279640198,-0.38984546065330505,0.7836491465568542,-9.460687637329102,-8.627721786499023,7.6248698234558105,117.00875091552734,-76.38603973388672,-43.80415344238281
1781547265499465,115026082,-0.02313021756708622,-0.4686659872531891,-0.38252484798431396,0.7959221601486206,-9.40904712677002,-8.403358459472656,7.7877631187438965,86.39855194091797,-100.61981964111328,-50.73640823364258
1781547265501499,115042749,-0.019268222153186798,-0.45295804738998413,-0.3782251179218292,0.8070959448814392,-9.129216194152832,-8.300018310546875,7.835280418395996,59.19846725463867,-111.55200958251953,-51.801151275634766
1781547265529414,115059416,-0.01724909245967865,-0.43483006954193115,-0.3759399950504303,0.818104088306427,-8.58200740814209,-8.17678165435791,7.788149833679199,41.51052474975586,-128.98304748535156,-54.111793518066406
1781547265531820,115076083,-0.017837638035416603,-0.4119870960712433,-0.3750050961971283,0.8302526473999023,-8.140596389770508,-8.226804733276367,8.47812271118164,28.490877151489258,-165.49244689941406,-55.79233169555664
1781547265559636,115092750,-0.021256720647215843,-0.384758859872818,-0.37646573781967163,0.8424859046936035,-7.152616024017334,-7.816945552825928,8.598694801330566,6.458243370056152,-197.77040100097656,-57.72287368774414
1781547265561554,115109417,-0.028942162171006203,-0.35341835021972656,-0.3791242837905884,0.854706346988678,-5.9451799392700195,-7.339756488800049,8.56612777709961,-12.422835350036621,-232.43040466308594,-46.80061340332031
1781547265589798,115126084,-0.04169724881649017,-0.31878164410591125,-0.3818930387496948,0.8664856553077698,-5.143626689910889,-6.516091346740723,8.344401359558105,-27.214807510375977,-263.92987060546875,-25.752429962158203
1781547265619570,115142751,-0.05862639099359512,-0.2811437249183655,-0.38443470001220703,0.8773432374000549,-4.940390110015869,-6.083456516265869,7.652919769287109,-38.309478759765625,-290.8261413574219,-7.9700703620910645
1781547265621347,115159418,-0.07757846266031265,-0.2415420264005661,-0.3861824870109558,0.8868496417999268,-4.695500373840332,-6.065380573272705,7.165444850921631,-41.80541229248047,-305.7334899902344,1.153605341911316
1781547265650076,115176085,-0.09656809270381927,-0.2008441537618637,-0.3869819939136505,0.8947522044181824,-4.046015739440918,-6.11559534072876,7.0981526374816895,-40.93124771118164,-310.3600158691406,0.9328101277351379
1781547265652062,115192752,-0.11485473066568375,-0.1585254967212677,-0.3869103789329529,0.9010984897613525,-2.8544111251831055,-6.56725549697876,7.535484313964844,-39.8176383972168,-316.89434814453125,-5.439084529876709
1781547265680154,115209419,-0.13280345499515533,-0.11356736719608307,-0.387359619140625,0.9052174091339111,-1.555664300918579,-6.4689130783081055,7.652101039886475,-50.687015533447266,-329.521240234375,-13.331034660339355
1781547265681964,115226086,-0.15179979801177979,-0.06884641200304031,-0.3912944197654724,0.9050446152687073,-1.1852059364318848,-5.756855487823486,6.897030830383301,-84.4161605834961,-324.2966613769531,-4.940930366516113
1781547265709600,115242753,-0.17153054475784302,-0.028698524460196495,-0.40026581287384033,0.8997450470924377,-1.0686523914337158,-4.816608905792236,5.57550048828125,-125.12303161621094,-290.1065368652344,14.941742897033691
1781547265711502,115259420,-0.19166940450668335,0.005657035857439041,-0.4116628170013428,0.8909347653388977,-0.6178156733512878,-4.28674840927124,4.131794452667236,-143.02218627929688,-251.82164001464844,37.105133056640625
1781547265739637,115276087,-0.21264423429965973,0.03680315986275673,-0.419525146484375,0.881718099117279,0.21632100641727448,-4.187922477722168,2.84209942817688,-118.22765350341797,-239.19338989257812,51.73728942871094
1781547265769442,115292754,-0.2345426380634308,0.06749887019395828,-0.4198082983493805,0.874182403087616,0.5960828065872192,-3.943270206451416,2.0710737705230713,-66.5012435913086,-249.78321838378906,54.28480911254883
1781547265771794,115309421,-0.2567587196826935,0.09773869812488556,-0.4133246839046478,0.8681503534317017,0.5272583365440369,-3.4202687740325928,2.4226722717285156,-20.567535400390625,-258.17529296875,51.964900970458984
1781547265799827,115326088,-0.27914947271347046,0.1260603368282318,-0.4048137366771698,0.8615744709968567,0.21869388222694397,-3.06357479095459,2.5644290447235107,-6.477933406829834,-251.1587677001953,58.07244110107422
1781547265802619,115342755,-0.30187222361564636,0.15009644627571106,-0.39853960275650024,0.8529422879219055,-0.22347807884216309,-2.5913021564483643,2.661405086517334,-16.91417121887207,-224.16932678222656,77.86345672607422
1781547265829922,115359422,-0.3246282637119293,0.16951236128807068,-0.39317846298217773,0.8433818221092224,-0.3512257933616638,-1.9268121719360352,2.5597681999206543,-15.164140701293945,-196.21719360351562,93.5931167602539
1781547265831619,115376089,-0.3478497862815857,0.18565423786640167,-0.3837575316429138,0.8350229263305664,-0.6401927471160889,-1.186818242073059,2.492158889770508,19.500791549682617,-186.14857482910156,97.73226165771484
1781547265859576,115392756,-0.3713497519493103,0.19871105253696442,-0.36754417419433594,0.8291711211204529,-1.1743342876434326,-0.48794275522232056,2.412973403930664,72.87206268310547,-182.2146453857422,92.80133056640625
1781547265861302,115409423,-0.39468351006507874,0.2052757292985916,-0.3488318622112274,0.8248655796051025,-2.1759183406829834,0.08881526440382004,2.3029427528381348,107.39290618896484,-149.039794921875,100.88807678222656
1781547265889818,115426090,-0.4179776906967163,0.20175430178642273,-0.333649605512619,0.820529043674469,-3.416707754135132,0.8047499656677246,2.6948726177215576,114.62015533447266,-82.19369506835938,129.90476989746094
1781547265919526,115442757,-0.44100552797317505,0.18921934068202972,-0.32248371839523315,0.8159133791923523,-4.763097763061523,1.0889943838119507,3.7493538856506348,116.85797882080078,-19.573299407958984,155.4356689453125
1781547265922096,115459424,-0.4633669853210449,0.17227354645729065,-0.30731600522994995,0.8131235241889954,-5.590260982513428,0.9004781246185303,4.877388000488281,155.86732482910156,-3.1155457496643066,150.7104034423828
1781547265949456,115476091,-0.4832547605037689,0.1533217430114746,-0.2793111205101013,0.8154401779174805,-6.222711563110352,0.8471786975860596,6.437621116638184,241.91017150878906,-21.535900115966797,109.6161880493164
1781547265952929,115492758,-0.4972012937068939,0.13117553293704987,-0.238572359085083,0.8238125443458557,-6.55878210067749,0.5565836429595947,9.204414367675781,329.3355712890625,-28.15779685974121,48.85037612915039
1781547265979387,115509425,-0.5036768317222595,0.10455481708049774,-0.19288505613803864,0.8355677127838135,-6.457492351531982,-0.07137113809585571,12.656646728515625,371.49713134765625,-4.4298224449157715,-2.214667797088623
1781547265981453,115526092,-0.5039318203926086,0.07804760336875916,-0.1502658873796463,0.846983790397644,-5.456106662750244,-0.873339056968689,16.348604202270508,348.4955749511719,13.537236213684082,-34.77067184448242
1781547266009423,115542759,-0.5031986832618713,0.05970563739538193,-0.11441990733146667,0.8544790148735046,-3.279447078704834,-2.3785436153411865,19.971338272094727,276.07647705078125,-11.657366752624512,-31.7619686126709
1781547266011125,115559426,-0.5083371996879578,0.05702514573931694,-0.08327613770961761,0.8552231788635254,-1.2195663452148438,-4.424489974975586,21.05829620361328,191.3052215576172,-94.81383514404297,15.696952819824219
1781547266039640,115576093,-0.5185873508453369,0.06638731062412262,-0.05926916375756264,0.8503805994987488,-2.0564680099487305,-6.965359210968018,18.829912185668945,106.0405044555664,-145.80429077148438,61.1854362487793
1781547266069434,115592760,-0.5291398167610168,0.08035533875226974,-0.04971633851528168,0.8432570099830627,-3.3474018573760986,-7.882264137268066,15.743228912353516,4.326601982116699,-122.36195373535156,75.8034439086914
1781547266071078,115609427,-0.5356106758117676,0.09215186536312103,-0.05387378856539726,0.8376914858818054,-3.481083393096924,-7.304030418395996,12.390250205993652,-68.95734405517578,-57.6513671875,54.783966064453125
1781547266099406,115626094,-0.5349417328834534,0.09854017198085785,-0.06280171871185303,0.836769700050354,-2.731788396835327,-5.603423595428467,10.199646949768066,-79.29268646240234,-3.3700268268585205,1.5812668800354004
1781547266101611,115642761,-0.5272306203842163,0.10033931583166122,-0.06713106483221054,0.8411024212837219,-1.6988753080368042,-3.7033848762512207,9.937576293945312,-38.442256927490234,12.699615478515625,-59.396697998046875
1781547266129579,115659428,-0.51436847448349,0.10081155598163605,-0.06280972063541412,0.8493039608001709,-0.2583353817462921,-2.0549681186676025,10.196335792541504,14.632919311523438,-5.954590797424316,-108.57138061523438
1781547266131283,115676095,-0.5006288290023804,0.10090178996324539,-0.04997964948415756,0.8583075404167175,1.6623523235321045,-0.7706365585327148,10.386276245117188,65.40815734863281,-32.89115905761719,-122.27124786376953
1781547266159974,115692762,-0.49025315046310425,0.10008753091096878,-0.03203616291284561,0.865221381187439,2.8410847187042236,-0.2089575231075287,10.445733070373535,100.30757904052734,-47.76158142089844,-98.46163940429688
1781547266161534,115709429,-0.4846612215042114,0.09770456701517105,-0.0165628083050251,0.8690702319145203,2.899534225463867,-0.16491611301898956,10.642217636108398,93.5057601928711,-33.25909423828125,-57.621437072753906
1781547266190338,115726096,-0.4826723635196686,0.09374109655618668,-0.009504104033112526,0.8707180023193359,2.3365612030029297,-0.5080544352531433,11.765355110168457,50.651885986328125,2.342569351196289,-22.923654556274414
1781547266219510,115742763,-0.4827577769756317,0.0902840718626976,-0.010723012499511242,0.8710217475891113,2.192131519317627,-0.9169997572898865,12.32409954071045,0.6615455746650696,25.780338287353516,-0.7424114346504211
1781547266222490,115759430,-0.48383864760398865,0.08900913596153259,-0.015069559216499329,0.8704885840415955,1.8570835590362549,-1.0671133995056152,12.218658447265625,-24.75648307800293,22.502283096313477,9.777222633361816
1781547266249999,115776097,-0.48514023423194885,0.08922562003135681,-0.019118532538414,0.8696621656417847,1.388984203338623,-1.3480526208877563,11.468134880065918,-27.83295440673828,12.384292602539062,11.737467765808105
1781547266250975,115792764,-0.4855894148349762,0.09020595997571945,-0.022587334737181664,0.8692271113395691,0.9989460706710815,-1.3003653287887573,10.704194068908691,-27.382692337036133,6.232669830322266,4.8787150382995605
1781547266279802,115809431,-0.4847411811351776,0.09119652211666107,-0.0257041547447443,0.8695105910301208,0.9644007086753845,-0.947327733039856,9.963890075683594,-26.006200790405273,5.64071798324585,-5.4937968254089355
1781547266282856,115826098,-0.4833369851112366,0.09178456664085388,-0.0281060803681612,0.870155930519104,1.1380290985107422,-0.6857084035873413,9.415938377380371,-20.677379608154297,5.986896991729736,-10.400518417358398
1781547266310667,115842765,-0.48201075196266174,0.09199778735637665,-0.030444560572504997,0.8707900643348694,1.2797709703445435,-0.45269402861595154,8.969987869262695,-19.00786781311035,7.9950361251831055,-9.863787651062012
1781547266312161,115859432,-0.4814300835132599,0.09142746776342392,-0.033383794128894806,0.8710635900497437,1.4476008415222168,-0.46996283531188965,8.535435676574707,-19.615474700927734,14.292588233947754,-3.6608052253723145
1781547266339839,115876099,-0.4813598096370697,0.0901934877038002,-0.03617959842085838,0.8711194396018982,1.2540122270584106,-0.8582360148429871,9.18091869354248,-16.292129516601562,17.539630889892578,0.17868095636367798
1781547266370001,115892766,-0.48100027441978455,0.09014710783958435,-0.03738368675112724,0.8712720274925232,1.2706254720687866,-1.2933804988861084,9.963783264160156,-10.847188949584961,5.290991306304932,-3.15571665763855
1781547266373115,115909433,-0.4803768992424011,0.09143611788749695,-0.036350689828395844,0.8715252876281738,1.0835285186767578,-1.4545015096664429,10.067496299743652,-2.000762701034546,-9.97658634185791,-6.79836893081665
1781547266399938,115926100,-0.47950825095176697,0.09315671771764755,-0.034331753849983215,0.871903121471405,0.7555890679359436,-1.5335863828659058,9.887639045715332,2.35840106010437,-15.680907249450684,-9.407889366149902
1781547266402143,115942767,-0.4780925214290619,0.09496116638183594,-0.032916564494371414,0.872540295124054,0.6782341599464417,-1.4775558710098267,9.906759262084961,-1.8260340690612793,-13.901116371154785,-13.175431251525879
1781547266429456,115959434,-0.4760170876979828,0.09658183157444,-0.031964413821697235,0.8735319375991821,1.0468641519546509,-1.2227059602737427,9.711126327514648,-4.350106239318848,-10.899707794189453,-17.954633712768555
1781547266432050,115976101,-0.4742879867553711,0.09766063094139099,-0.03088609129190445,0.8743909597396851,1.225836157798767,-0.98817378282547,9.687342643737793,-1.6188266277313232,-8.22500228881836,-15.40453052520752
1781547266459473,115992768,-0.473318874835968,0.09852762520313263,-0.0308738611638546,0.8748190402984619,1.2000550031661987,-1.157034993171692,9.937492370605469,-6.920528888702393,-3.927363395690918,-8.669377326965332
1781547266461728,116009435,-0.4728175401687622,0.09956049174070358,-0.03263341635465622,0.8749094009399414,1.214482069015503,-1.3342070579528809,9.909603118896484,-17.872934341430664,0.5108779072761536,-3.5917625427246094
1781547266489814,116026102,-0.4725615680217743,0.10043284296989441,-0.03518131747841835,0.8748493194580078,1.1557908058166504,-1.3142341375350952,9.690322875976562,-21.95940589904785,3.8795559406280518,-1.0510317087173462
1781547266519545,116042769,-0.4724334478378296,0.10084565728902817,-0.0377337783575058,0.8747644424438477,0.9617973566055298,-1.4649144411087036,9.774739265441895,-20.412317276000977,6.608952045440674,-0.08800537884235382
1781547266521821,116059436,-0.47186896204948425,0.10142656415700912,-0.04043896496295929,0.8748812675476074,0.9952231049537659,-1.936879277229309,10.020654678344727,-22.127111434936523,6.344399929046631,-3.3048386573791504
1781547266549518,116076103,-0.47037890553474426,0.10233426094055176,-0.042577534914016724,0.8754762411117554,1.0601662397384644,-1.9269347190856934,10.021788597106934,-20.28985595703125,3.1282577514648438,-10.910429000854492
1781547266552193,116092770,-0.468424916267395,0.10333113372325897,-0.04369320347905159,0.8763514757156372,1.1426373720169067,-1.842008113861084,10.260069847106934,-14.664161682128906,-0.38604798913002014,-15.355347633361816
1781547266581547,116109437,-0.4661007225513458,0.10507921129465103,-0.04409042000770569,0.8773623108863831,1.2427194118499756,-1.8446333408355713,10.766206741333008,-12.976495742797852,-7.020979881286621,-18.758792877197266
1781547266582654,116126104,-0.4638311564922333,0.10790947824716568,-0.04470151290297508,0.8781902194023132,1.5790444612503052,-1.779775619506836,10.789332389831543,-17.75058364868164,-13.014745712280273,-18.016510009765625
1781547266609668,116142771,-0.46226468682289124,0.11136426031589508,-0.046228084713220596,0.8785057663917542,1.602033257484436,-1.6388167142868042,10.550772666931152,-24.905860900878906,-14.463310241699219,-11.649322509765625
1781547266612999,116159438,-0.4613858163356781,0.1143316775560379,-0.049924273043870926,0.8783843517303467,1.3851765394210815,-1.886978030204773,10.56784725189209,-36.075374603271484,-5.177798271179199,-4.290441989898682
1781547266639802,116176105,-0.46059340238571167,0.11701048165559769,-0.05602648854255676,0.8780794143676758,1.1633379459381104,-2.3343825340270996,11.06413459777832,-49.68585968017578,4.021670818328857,-1.1957906484603882
1781547266669504,116192772,-0.45955777168273926,0.12050747871398926,-0.06451059132814407,0.8775665760040283,1.2154897451400757,-2.6311867237091064,10.968738555908203,-66.93217468261719,6.547882080078125,-0.40558356046676636
1781547266672565,116209439,-0.4584173858165741,0.12467873096466064,-0.07396578043699265,0.8768340349197388,1.2367902994155884,-2.6421117782592773,10.457157135009766,-75.10482025146484,5.408785820007324,0.16211241483688354
1781547266699964,116226106,-0.4566855728626251,0.12892203032970428,-0.08277028799057007,0.8763371109962463,1.210638165473938,-2.656625986099243,10.20003604888916,-71.7953109741211,3.423872709274292,-4.740511417388916
1781547266701168,116242773,-0.45423248410224915,0.13348039984703064,-0.09056872874498367,0.8761581778526306,1.3569096326828003,-2.7215211391448975,10.546754837036133,-67.18087768554688,-0.9438819885253906,-11.156037330627441
1781547266730386,116259440,-0.4520181715488434,0.13944993913173676,-0.09831225872039795,0.8755387663841248,1.6039959192276,-3.128159284591675,11.59308910369873,-71.31367492675781,-10.171746253967285,-9.271419525146484
1781547266731276,116276107,-0.4509221613407135,0.1478956937789917,-0.10836175084114075,0.8735295534133911,1.4609160423278809,-3.6289026737213135,12.138428688049316,-92.76031494140625,-20.002294540405273,2.3178627490997314
1781547266759472,116292774,-0.4506779611110687,0.15804922580718994,-0.12270188331604004,0.8699737191200256,1.052123785018921,-4.203866004943848,12.15291690826416,-124.11502838134766,-19.1677303314209,15.32056999206543
1781547266762641,116309441,-0.45091089606285095,0.1692160815000534,-0.1434447020292282,0.8645630478858948,0.706185519695282,-4.810664653778076,12.001840591430664,-166.6077880859375,-7.8131890296936035,30.025497436523438
1781547266789906,116326108,-0.45139431953430176,0.1814538836479187,-0.1704428493976593,0.8568938374519348,0.38282510638237,-5.200907230377197,11.538549423217773,-209.06324768066406,2.3328537940979004,44.73959732055664
1781547266820604,116342775,-0.4514749050140381,0.19398878514766693,-0.20062255859375,0.8475196957588196,-0.3667910397052765,-5.5793938636779785,11.074844360351562,-231.242919921875,8.795792579650879,51.276912689208984
1781547266822810,116359442,-0.44992417097091675,0.207480326294899,-0.23014026880264282,0.8375892043113708,-1.5117363929748535,-6.09844446182251,10.983086585998535,-233.3013458251953,2.664036512374878,41.286434173583984
1781547266850601,116376109,-0.4457966983318329,0.2226680964231491,-0.257902055978775,0.8277503848075867,-2.159273147583008,-6.120439529418945,10.392813682556152,-231.9698944091797,-8.343947410583496,20.960559844970703
1781547266851850,116392776,-0.43930989503860474,0.2394302636384964,-0.28190878033638,0.8186620473861694,-2.3780272006988525,-6.216385841369629,8.891484260559082,-217.70584106445312,-23.499296188354492,-3.324718952178955
1781547266879958,116409443,-0.43055468797683716,0.25562411546707153,-0.3017488718032837,0.8113117814064026,-2.6528990268707275,-6.659162521362305,7.676519870758057,-192.8978729248047,-25.641340255737305,-27.11884307861328
1781547266880933,116426110,-0.4189189076423645,0.2684113681316376,-0.3210514783859253,0.8058464527130127,-3.0124258995056152,-6.802010536193848,7.359035491943359,-180.9654998779297,1.0467393398284912,-42.6636962890625
1781547266910370,116442777,-0.40437477827072144,0.2763391137123108,-0.3429383337497711,0.8015679121017456,-3.374077796936035,-6.4680047035217285,7.4720587730407715,-184.03858947753906,44.01498031616211,-46.72364807128906
1781547266911829,116459444,-0.3870754837989807,0.2807326912879944,-0.3668631613254547,0.7979807257652283,-3.086287260055542,-5.8122663497924805,6.751856803894043,-189.05813598632812,76.958251953125,-51.65406799316406
1781547266940748,116476111,-0.36755913496017456,0.2838252782821655,-0.3885030746459961,0.7958698868751526,-2.205777645111084,-5.599681377410889,4.675481796264648,-173.61634826660156,86.44619750976562,-68.90544128417969
1781547266999603,116492778,-0.3467769920825958,0.2863783836364746,-0.40189632773399353,0.7976293563842773,-2.0190601348876953,-5.154623985290527,3.4470295906066895,-119.24436950683594,79.47765350341797,-100.2869873046875
1781547267001345,116509445,-0.32414066791534424,0.2875945568084717,-0.4073692560195923,0.8039108514785767,-1.880838394165039,-4.714254379272461,3.0439186096191406,-63.76407241821289,81.94425964355469,-133.16009521484375
1781547267002744,116526112,-0.2995222806930542,0.2856465280056,-0.4096861779689789,0.8129268288612366,-1.6179423332214355,-3.9422550201416016,3.0230560302734375,-35.515663146972656,103.3511962890625,-147.6101531982422
1781547267029625,116542779,-0.2726708650588989,0.2784203588962555,-0.4126240909099579,0.8233310580253601,-0.9622223973274231,-3.1997005939483643,2.5987679958343506,-28.581418991088867,143.14491271972656,-146.88490295410156
1781547267031654,116559446,-0.2444143146276474,0.26477012038230896,-0.4172128736972809,0.8343212008476257,-0.20558127760887146,-2.8641533851623535,2.301901340484619,-26.896682739257812,187.71775817871094,-134.5703125
1781547267033566,116576113,-0.21588240563869476,0.2442323863506317,-0.42161649465560913,0.8461589813232422,-0.2781026065349579,-3.0272364616394043,2.055330991744995,-12.310832023620605,229.2600860595703,-118.167724609375
1781547267059733,116592780,-0.18737000226974487,0.21905678510665894,-0.424294650554657,0.8584175705909729,-1.3703210353851318,-3.9915313720703125,3.2849552631378174,5.89032506942749,254.33963012695312,-108.14347076416016
1781547267061806,116609447,-0.1574420928955078,0.19372127950191498,-0.42490354180336,0.8701386451721191,-2.371002197265625,-4.715463161468506,4.239149570465088,14.63414478302002,255.93084716796875,-118.4734878540039
1781547267089708,116626114,-0.12394355982542038,0.16974975168704987,-0.4212072491645813,0.8822741508483887,-1.8714529275894165,-4.518635272979736,4.325193881988525,35.39841842651367,254.08607482910156,-150.03158569335938
1781547267119533,116642781,-0.0885084792971611,0.145028218626976,-0.41270479559898376,0.8948786854743958,-0.06301795691251755,-4.496304988861084,4.606153964996338,64.32801818847656,260.6932678222656,-165.63682556152344
1781547267121797,116659448,-0.053448356688022614,0.11954031884670258,-0.40067970752716064,0.9068126678466797,1.2319165468215942,-4.594688415527344,5.208947658538818,84.97411346435547,261.5249328613281,-164.25885009765625
1781547267150073,116676115,-0.021673142910003662,0.0964224636554718,-0.3863115906715393,0.9170586466789246,1.1622593402862549,-4.591757774353027,6.643055438995361,96.78414916992188,235.4234619140625,-151.59007263183594
1781547267153761,116692782,0.007206885144114494,0.07792647927999496,-0.3725777864456177,0.9246953129768372,1.575250506401062,-4.809488773345947,7.259769916534424,87.09234619140625,196.9253387451172,-144.77857971191406
1781547267179449,116709449,0.03300546109676361,0.06178683415055275,-0.3616289496421814,0.9296868443489075,1.8206417560577393,-4.181509971618652,7.082812786102295,64.3822250366211,172.4780731201172,-129.84010314941406
1781547267181870,116726116,0.0563276931643486,0.044021204113960266,-0.3506360650062561,0.9337793588638306,1.573751449584961,-3.5127055644989014,8.137333869934082,63.119773864746094,176.3416290283203,-110.17320251464844
1781547267209479,116742783,0.07960987091064453,0.022766290232539177,-0.3389931321144104,0.937138020992279,2.273183584213257,-3.663001775741577,9.352339744567871,64.19065856933594,198.684326171875,-101.97294616699219
1781547267211860,116759450,0.10267626494169235,-0.001298549585044384,-0.3289825916290283,0.9387366771697998,3.0322840213775635,-4.448795318603516,11.444095611572266,48.06512451171875,215.12669372558594,-94.72529602050781
1781547267239841,116776117,0.12294509261846542,-0.026443716138601303,-0.3262206017971039,0.936891496181488,3.956103801727295,-4.923244953155518,13.072064399719238,-7.309457778930664,210.68853759765625,-76.70036315917969
1781547267271217,116792784,0.13723859190940857,-0.05168293043971062,-0.334816575050354,0.9308019280433655,4.158174991607666,-5.091599464416504,13.518633842468262,-91.17990112304688,189.07403564453125,-43.631168365478516
1781547267272168,116809451,0.14518137276172638,-0.07385576516389847,-0.34885212779045105,0.9229139685630798,3.852738857269287,-4.464410781860352,12.718876838684082,-129.51345825195312,150.35157775878906,-13.661314010620117
1781547267299606,116826118,0.1487882286310196,-0.08710891008377075,-0.3565524220466614,0.9182289838790894,3.414045810699463,-3.283980131149292,12.836609840393066,-74.93810272216797,88.05615997314453,-1.1150118112564087
1781547267301573,116842785,0.1482086032629013,-0.09333649277687073,-0.35775721073150635,0.9172417521476746,3.520954132080078,-3.765803098678589,13.41367244720459,-20.21597671508789,37.885746002197266,15.7780122756958
1781547267329676,116859452,0.1408180594444275,-0.10192036628723145,-0.36474478244781494,0.9147371053695679,2.813589334487915,-5.2439985275268555,14.038949012756348,-67.22576904296875,31.09521484375,59.28366470336914
1781547267331364,116876119,0.12816624343395233,-0.11716077476739883,-0.385373592376709,0.9062748551368713,1.2973878383636475,-6.692550182342529,13.395731925964355,-178.14599609375,50.761695861816406,93.75997161865234
1781547267359635,116892786,0.11356747150421143,-0.1370854675769806,-0.41821926832199097,0.8907316327095032,0.08881919831037521,-7.398593902587891,11.287282943725586,-278.8168640136719,69.76615905761719,102.2432632446289
1781547267361635,116909453,0.09890001267194748,-0.15865068137645721,-0.45567187666893005,0.8702942728996277,-0.6879581809043884,-7.391269683837891,8.524620056152344,-322.51226806640625,80.66304016113281,99.22528839111328
1781547267389593,116926120,0.08514033257961273,-0.17780588567256927,-0.4891924560070038,0.8496040105819702,-0.9421446919441223,-7.406382083892822,6.294137477874756,-297.1313781738281,72.04725646972656,90.34774780273438
1781547267419331,116942787,0.07219158858060837,-0.1917010247707367,-0.5151640772819519,0.8322530388832092,-1.0722028017044067,-7.638457298278809,5.090678691864014,-237.68951416015625,44.386863708496094,79.0883560180664
1781547267421468,116959454,0.05907849222421646,-0.2020692080259323,-0.5353618264198303,0.8179643154144287,-1.446895956993103,-8.121235847473145,4.237707614898682,-192.25146484375,22.460487365722656,76.66324615478516
1781547267449388,116976121,0.0460657998919487,-0.21158602833747864,-0.5523977875709534,0.8049633502960205,-1.7300516366958618,-8.443843841552734,3.294959306716919,-169.24029541015625,17.547883987426758,77.88265228271484
1781547267451444,116992788,0.03416050225496292,-0.22075363993644714,-0.5662976503372192,0.7933523654937744,-2.3670589923858643,-8.616984367370605,2.617819309234619,-144.8774871826172,18.80156898498535,75.4319076538086
1781547267480124,117009455,0.023881101980805397,-0.22756920754909515,-0.5752421021461487,0.785327136516571,-2.7762584686279297,-8.906886100769043,2.5041000843048096,-100.85582733154297,8.029512405395508,65.76839447021484
1781547267481317,117026122,0.014700662344694138,-0.229624941945076,-0.5779909491539001,0.7829320430755615,-2.5227653980255127,-8.91474437713623,2.5114471912384033,-42.63123321533203,-21.11222267150879,51.6280517578125
1781547267509742,117042789,0.00512649305164814,-0.2286190688610077,-0.5750531554222107,0.7855069637298584,-2.6279237270355225,-9.095878601074219,2.6683688163757324,7.417402744293213,-46.42522430419922,51.06685256958008
1781547267511501,117059456,-0.0043818047270178795,-0.2285211980342865,-0.5699874758720398,0.7892232537269592,-3.3787944316864014,-9.773149490356445,2.8011879920959473,23.49216651916504,-42.97664260864258,57.69272232055664
1781547267541054,117076123,-0.01177072711288929,-0.23102977871894836,-0.56620854139328,0.7911351323127747,-3.893625497817993,-10.136311531066895,2.96529483795166,12.846863746643066,-17.650869369506836,54.443336486816406
1781547267569649,117092790,-0.016466835513710976,-0.23553389310836792,-0.5637689232826233,0.7914652824401855,-4.218233585357666,-10.265353202819824,3.1036550998687744,3.84297776222229,6.310062408447266,45.56655502319336
1781547267572983,117109457,-0.018857013434171677,-0.2394915372133255,-0.5604431629180908,0.7925854921340942,-4.233912944793701,-10.193035125732422,3.3605804443359375,15.3997802734375,10.896225929260254,32.24713897705078
1781547267599597,117126124,-0.019803496077656746,-0.2404208928346634,-0.5543988943099976,0.7965222597122192,-3.868781089782715,-9.96973705291748,3.806290626525879,43.05036544799805,-5.03178071975708,16.82378387451172
1781547267602165,117142791,-0.02037893794476986,-0.23860828578472137,-0.5456872582435608,0.8030419945716858,-3.562103271484375,-9.656525611877441,4.200656890869141,67.74088287353516,-23.264774322509766,8.401561737060547
1781547267629672,117159458,-0.02078942395746708,-0.2354896068572998,-0.5360494256019592,0.8104094862937927,-3.3045804500579834,-9.562132835388184,4.501022815704346,76.11849212646484,-31.375,3.996246337890625
1781547267631744,117176125,-0.021053800359368324,-0.23246172070503235,-0.5272639989852905,0.8170134425163269,-3.211664915084839,-9.409836769104004,4.631502151489258,68.79841613769531,-28.969144821166992,2.2518551349639893
1781547267659523,117192792,-0.02093094028532505,-0.23003984987735748,-0.5199169516563416,0.8223930597305298,-3.36012864112854,-9.330650329589844,4.631979465484619,56.981346130371094,-21.992223739624023,0.15817971527576447
1781547267661896,117209459,-0.020136574283242226,-0.22767898440361023,-0.5138998627662659,0.8268396854400635,-3.469299554824829,-9.420297622680664,4.656342506408691,47.19366455078125,-17.5770263671875,-5.384362697601318
1781547267689838,117226126,-0.019037693738937378,-0.2252923846244812,-0.5092799663543701,0.8303704857826233,-3.7224419116973877,-9.515302658081055,4.621844291687012,36.48501968383789,-15.017746925354004,-9.262066841125488
1781547267719638,117242793,-0.01760677620768547,-0.2221268117427826,-0.5051820874214172,0.8337511420249939,-3.834832191467285,-9.558348655700684,4.426496982574463,33.3907356262207,-18.00065803527832,-14.670143127441406
1781547267722025,117259460,-0.015481079928576946,-0.21787069737911224,-0.5012210011482239,0.8372994661331177,-3.532656192779541,-9.29290771484375,4.183122634887695,34.118377685546875,-22.078506469726562,-22.666399002075195
1781547267750023,117276127,-0.01301346905529499,-0.2134328931570053,-0.49756303429603577,0.8406594395637512,-3.0933151245117188,-8.956696510314941,3.9273521900177,32.21788024902344,-21.632219314575195,-25.690759658813477
1781547267753612,117292794,-0.010411673225462437,-0.20893380045890808,-0.4941290020942688,0.8438453674316406,-2.7424001693725586,-8.653664588928223,3.755068063735962,30.522144317626953,-21.2529354095459,-26.98384666442871
1781547267780145,117309461,-0.007813554257154465,-0.20412401854991913,-0.4907757341861725,0.8470016121864319,-2.5609405040740967,-8.268463134765625,3.6115224361419678,29.928266525268555,-23.019054412841797,-28.126636505126953
1781547267781933,117326128,-0.005067579913884401,-0.19926343858242035,-0.48729705810546875,0.8501824736595154,-2.4596426486968994,-8.0098876953125,3.353060483932495,30.94964599609375,-22.85877799987793,-28.9782772064209
1781547267810113,117342795,-0.0017713999841362238,-0.19487205147743225,-0.48403382301330566,0.8530727028846741,-2.530308246612549,-7.834327220916748,3.1934144496917725,29.491729736328125,-17.86764144897461,-30.90328598022461
1781547267811736,117359462,0.0019893276039510965,-0.19161731004714966,-0.48110347986221313,0.8554638624191284,-2.8015527725219727,-7.855508327484131,3.1824395656585693,26.5194149017334,-8.984349250793457,-30.281770706176758
1781547267840595,117376129,0.006290921010077,-0.1892935186624527,-0.47828376293182373,0.8575390577316284,-2.9387125968933105,-7.861598014831543,3.301943302154541,25.528928756713867,-1.3077534437179565,-30.532316207885742
1781547267869657,117392796,0.010918235406279564,-0.18719422817230225,-0.47503525018692017,0.8597562313079834,-3.0414700508117676,-7.858890056610107,3.6992757320404053,28.944053649902344,0.9174976348876953,-31.150007247924805
1781547267872716,117409463,0.015292206779122353,-0.18481238186359406,-0.4711110591888428,0.8623601794242859,-3.1715643405914307,-7.905877113342285,4.214391231536865,33.900550842285156,-2.0305893421173096,-29.677080154418945
1781547267899352,117426130,0.01931161992251873,-0.18244107067584991,-0.4672395884990692,0.8648871183395386,-3.3657634258270264,-7.969872951507568,4.634613513946533,32.88919448852539,-3.026519298553467,-27.617063522338867
1781547267901400,117442797,0.023273933678865433,-0.1805870532989502,-0.46403080224990845,0.8669037818908691,-3.501735210418701,-7.950576305389404,4.941458225250244,27.17003059387207,0.41540804505348206,-26.516948699951172
1781547267929495,117459464,0.02755400910973549,-0.17951464653015137,-0.4620179831981659,0.8680754899978638,-3.455681324005127,-7.868447780609131,5.224643230438232,17.615184783935547,6.942228317260742,-27.540075302124023
1781547267931797,117476131,0.032030824571847916,-0.1794796735048294,-0.4619000554084778,0.8679916262626648,-3.248924493789673,-7.626063346862793,5.417816162109375,2.362914562225342,14.947465896606445,-27.99945831298828
1781547267959493,117492798,0.03634405508637428,-0.18061429262161255,-0.4639165699481964,0.866509735584259,-3.0289299488067627,-7.31137752532959,5.506042957305908,-15.276488304138184,22.661441802978516,-26.253992080688477
1781547267961315,117509465,0.04010128974914551,-0.18270094692707062,-0.46724581718444824,0.86411452293396,-2.789555311203003,-6.972230434417725,5.440297603607178,-26.942827224731445,27.365022659301758,-21.766347885131836
1781547267990010,117526132,0.04302357882261276,-0.1852138787508011,-0.47075414657592773,0.8615309000015259,-2.6085031032562256,-6.8206706047058105,5.428781509399414,-29.782873153686523,27.40328025817871,-15.716376304626465
1781547268020647,117542799,0.04491638019680977,-0.18755470216274261,-0.47370004653930664,0.8593102693557739,-2.5702767372131348,-6.805791854858398,5.445246696472168,-26.542062759399414,22.756059646606445,-9.353404998779297
1781547268022169,117559466,0.04546638950705528,-0.18907208740711212,-0.4749402105808258,0.8582636713981628,-2.632632255554199,-6.791477680206299,5.944354057312012,-14.124434471130371,12.531970024108887,-1.5415918827056885
1781547268049746,117576133,0.0447782501578331,-0.18900007009506226,-0.4756322503089905,0.8579325079917908,-2.652937412261963,-7.0806498527526855,6.1388468742370605,-9.67536735534668,-1.6464616060256958,1.5092607736587524
1781547268053561,117592800,0.04336967319250107,-0.18915745615959167,-0.4770505726337433,0.8571822643280029,-2.9693264961242676,-7.468459129333496,5.967020034790039,-16.34583854675293,-2.3254311084747314,5.435271263122559
1781547268080103,117609467,0.04198450967669487,-0.19053232669830322,-0.4797908365726471,0.8554155230522156,-3.079331874847412,-7.728151798248291,5.769878387451172,-27.810209274291992,5.856289863586426,7.266414642333984
1781547268081520,117626134,0.040678586810827255,-0.19288021326065063,-0.4832797944545746,0.8529848456382751,-3.063735008239746,-7.78258752822876,5.559185028076172,-34.586143493652344,12.495878219604492,8.835677146911621
1781547268109500,117642801,0.039201173931360245,-0.195545494556427,-0.4867805242538452,0.8504528999328613,-2.979965925216675,-7.805334568023682,5.19648551940918,-35.31281280517578,13.920608520507812,10.8497953414917
1781547268112154,117659468,0.03757104277610779,-0.19790597259998322,-0.4895749092102051,0.8483738303184509,-2.9975976943969727,-7.811598300933838,4.87038516998291,-29.79350471496582,11.209783554077148,11.793243408203125
1781547268140628,117676135,0.03588992729783058,-0.19956757128238678,-0.4912547171115875,0.8470854163169861,-2.9085047245025635,-7.823192596435547,4.764776706695557,-20.522497177124023,6.1751508712768555,11.457807540893555
1781547268169974,117692802,0.034073732793331146,-0.2006446123123169,-0.4919804632663727,0.8464846014976501,-2.818206310272217,-7.843703746795654,4.730928897857666,-12.68702220916748,1.6074869632720947,11.748668670654297
1781547268172676,117709469,0.03199346363544464,-0.20137684047222137,-0.4920061230659485,0.8463769555091858,-2.7745962142944336,-7.938126087188721,4.724200248718262,-7.229536056518555,-1.8067595958709717,13.20065975189209
1781547268199707,117726136,0.029657242819666862,-0.2016502320766449,-0.49166834354400635,0.8465932607650757,-2.9502501487731934,-8.097447395324707,4.757966041564941,-4.274430274963379,-5.709190845489502,13.713557243347168
1781547268201772,117742803,0.02726726420223713,-0.20184941589832306,-0.4913932681083679,0.8467857241630554,-2.9063236713409424,-8.187006950378418,4.696847915649414,-4.7805376052856445,-6.300408840179443,13.684357643127441
1781547268230208,117759470,0.02491041272878647,-0.20227712392807007,-0.49149298667907715,0.8466983437538147,-3.000286102294922,-8.295677185058594,4.653981685638428,-7.906224727630615,-4.538522243499756,13.692476272583008
1781547268232406,117776137,0.022665584459900856,-0.20273298025131226,-0.49182599782943726,0.8464589715003967,-3.0363035202026367,-8.458597183227539,4.572682857513428,-9.627873420715332,-3.8236589431762695,12.786337852478027
1781547268260102,117792804,0.020530538633465767,-0.2032594382762909,-0.4923161268234253,0.8461023569107056,-2.990006446838379,-8.446274757385254,4.470648288726807,-10.79687786102295,-2.9004876613616943,12.150043487548828
1781547268261719,117809471,0.018457502126693726,-0.20378178358078003,-0.49284827709198,0.8457145094871521,-3.022850513458252,-8.548080444335938,4.442176818847656,-11.058011054992676,-2.6755177974700928,11.713909149169922
1781547268290777,117826138,0.016455285251140594,-0.20400303602218628,-0.4932420551776886,0.8454728722572327,-2.955116033554077,-8.535881996154785,4.392999649047852,-9.619292259216309,-4.371988773345947,10.495931625366211
1781547268320729,117842805,0.014456991106271744,-0.20408779382705688,-0.4934438169002533,0.8453712463378906,-3.004631996154785,-8.534210205078125,4.371363639831543,-8.006957054138184,-5.325613975524902,10.29773998260498
1781547268321833,117859472,0.012640580534934998,-0.2038678228855133,-0.493364155292511,0.8454999923706055,-3.0692338943481445,-8.618460655212402,4.376970291137695,-5.303048133850098,-6.774076461791992,8.627110481262207
1781547268349545,117876139,0.011056439951062202,-0.20344454050064087,-0.49330827593803406,0.8456566333770752,-3.011934280395508,-8.577471733093262,4.3857293128967285,-5.0019450187683105,-7.20794153213501,6.558294296264648
1781547268351873,117892806,0.009675667621195316,-0.20312075316905975,-0.49351218342781067,0.8456324934959412,-2.9972896575927734,-8.55162239074707,4.399534702301025,-6.847480297088623,-5.705883979797363,5.338719367980957
1781547268379489,117909473,0.008481490425765514,-0.20277534425258636,-0.49395865201950073,0.8454675078392029,-3.0049283504486084,-8.548734664916992,4.414561748504639,-8.472403526306152,-5.0168256759643555,3.834920644760132
1781547268381812,117926140,0.007503368891775608,-0.20242510735988617,-0.4946027100086212,0.8451840877532959,-2.980644941329956,-8.470410346984863,4.380094528198242,-9.720919609069824,-4.156597137451172,2.2826621532440186
1781547268409433,117942807,0.006795942783355713,-0.20197419822216034,-0.4952598810195923,0.8449130058288574,-2.95741605758667,-8.409639358520508,4.399221897125244,-9.372881889343262,-3.8380768299102783,0.35216832160949707
1781547268439331,117959474,0.006292230449616909,-0.20139284431934357,-0.49569955468177795,0.8447977900505066,-2.865516185760498,-8.315857887268066,4.40090799331665,-7.288632392883301,-4.107265949249268,-0.9640749096870422
1781547268441323,117976141,0.0058461399748921394,-0.2007504403591156,-0.4959149658679962,0.84482741355896,-2.8925535678863525,-8.287801742553711,4.4983391761779785,-5.409620761871338,-4.455598831176758,-1.1870975494384766
1781547268446014,117992808,0.005508256610482931,-0.19997116923332214,-0.49604377150535583,0.8449388742446899,-2.847067356109619,-8.24522876739502,4.534587383270264,-4.47328519821167,-4.989867210388184,-2.157358407974243
1781547268469624,118009475,0.005224420223385096,-0.19923990964889526,-0.49630415439605713,0.8449606895446777,-2.8811421394348145,-8.203169822692871,4.579551696777344,-5.471552848815918,-4.407613754272461,-2.4893758296966553
1781547268499664,118026142,0.005022252909839153,-0.19847112894058228,-0.4965542256832123,0.84499591588974,-2.901918411254883,-8.193933486938477,4.566158294677734,-5.253498554229736,-4.363150596618652,-3.0751895904541016
1781547268501233,118042809,0.004869737196713686,-0.19755463302135468,-0.49676942825317383,0.8450851440429688,-2.9448177814483643,-8.21426010131836,4.549839973449707,-4.794544219970703,-5.123782634735107,-3.816331148147583
1781547268531728,118059476,0.004827867727726698,-0.1966497153043747,-0.49686360359191895,0.8452409505844116,-2.9525327682495117,-8.148018836975098,4.441074371337891,-3.7149176597595215,-4.763950347900391,-4.2516961097717285
1781547268532671,118076143,0.004957051947712898,-0.19594411551952362,-0.49657967686653137,0.8455708622932434,-2.977968454360962,-8.104312896728516,4.379100799560547,-0.6983944177627563,-3.243797540664673,-4.046768665313721
1781547268560673,118092810,0.005268238950520754,-0.19535471498966217,-0.49587491154670715,0.8461188077926636,-2.9513704776763916,-8.060176849365234,4.401086807250977,2.733649969100952,-2.2258591651916504,-4.132699489593506
1781547268562177,118109477,0.005645245313644409,-0.194743350148201,-0.49475544691085815,0.8469123840332031,-2.9225552082061768,-8.05743408203125,4.435149192810059,6.072214603424072,-2.443695068359375,-4.023730278015137
1781547268589904,118126144,0.006021418608725071,-0.19399549067020416,-0.49331068992614746,0.8479233384132385,-2.9329893589019775,-8.05785083770752,4.515105247497559,8.709582328796387,-3.5194168090820312,-4.038279056549072
1781547268619495,118142811,0.0063870567828416824,-0.19330620765686035,-0.49173906445503235,0.8489903211593628,-2.8994202613830566,-8.029070854187012,4.537105083465576,9.622572898864746,-3.2818715572357178,-3.6066408157348633
1781547268622128,118159478,0.006779332645237446,-0.1929139345884323,-0.4902949929237366,0.8499112725257874,-2.957761287689209,-8.063874244689941,4.57595157623291,8.406122207641602,-1.2700188159942627,-2.9324371814727783
1781547268649522,118176145,0.007240945007652044,-0.19283907115459442,-0.48914018273353577,0.8505895733833313,-2.948835611343384,-8.08409595489502,4.6379241943359375,5.974309921264648,1.1273367404937744,-2.662132978439331
1781547268651497,118192812,0.007702728267759085,-0.19279880821704865,-0.48832499980926514,0.8510629534721375,-2.9503931999206543,-8.089731216430664,4.703982353210449,3.2969629764556885,1.5856248140335083,-3.0070464611053467
1781547268679495,118209479,0.008124683052301407,-0.19286073744297028,-0.48768845200538635,0.851409912109375,-2.956122398376465,-8.083074569702148,4.663235187530518,1.7686148881912231,2.208000659942627,-2.6735053062438965
1781547268681561,118226146,0.00848474819213152,-0.19280654191970825,-0.48689547181129456,0.851872444152832,-2.9972455501556396,-8.074225425720215,4.69563102722168,2.9958605766296387,1.1770638227462769,-2.486366033554077
1781547268709721,118242813,0.008775397203862667,-0.19244873523712158,-0.48590365052223206,0.8525163531303406,-2.9670016765594482,-8.069727897644043,4.741734027862549,4.692599296569824,-1.0622355937957764,-2.821559190750122
1781547268711852,118259480,0.008902261964976788,-0.1919296532869339,-0.48501747846603394,0.8531365394592285,-2.924116373062134,-8.05884075164795,4.808751106262207,3.7865114212036133,-2.5289084911346436,-2.5409975051879883
1781547268739934,118276147,0.008932306431233883,-0.19149012863636017,-0.484514057636261,0.8535210490226746,-2.8794987201690674,-8.000675201416016,4.76678991317749,0.6225358843803406,-2.097052812576294,-2.226499319076538
1781547268769661,118292814,0.008833006024360657,-0.1912725269794464,-0.48432421684265137,0.8536785244941711,-2.894981622695923,-7.952416896820068,4.786177158355713,-2.1582539081573486,-0.9453518986701965,-1.154133677482605
1781547268771952,118309481,0.008663701824843884,-0.19110722839832306,-0.4841846823692322,0.8537964820861816,-2.9344980716705322,-7.9788665771484375,4.805789947509766,-2.681201219558716,-0.8218474388122559,-0.6370262503623962
1781547268799676,118326148,0.00839892029762268,-0.1908872425556183,-0.4841441810131073,0.85387122631073,-2.926142454147339,-7.970640659332275,4.855147838592529,-3.5293283462524414,-1.4090956449508667,-0.39061933755874634
1781547268801766,118342815,0.007968767546117306,-0.1906266063451767,-0.4842674732208252,0.8538638353347778,-2.9846549034118652,-8.003758430480957,4.882384777069092,-4.980620861053467,-2.0993964672088623,0.2257951945066452
1781547268829407,118359482,0.007487600203603506,-0.19030903279781342,-0.4843467175960541,0.8538938760757446,-2.982710361480713,-7.9772796630859375,4.827122688293457,-4.661806583404541,-2.6490707397460938,0.39599159359931946
1781547268831221,118376149,0.006875166203826666,-0.1899406909942627,-0.4842107892036438,0.8540582060813904,-2.99514102935791,-7.970505237579346,4.839980602264404,-3.121086835861206,-3.5485117435455322,1.2865195274353027
1781547268859376,118392816,0.006170754320919514,-0.18940798938274384,-0.4838622808456421,0.8543792366981506,-3.0369527339935303,-8.02239990234375,4.887410640716553,-1.4639966487884521,-5.013904571533203,1.5649040937423706
1781547268861690,118409483,0.005518537480384111,-0.18877114355564117,-0.4835561513900757,0.8546979427337646,-3.0402424335479736,-8.01066780090332,4.868354797363281,-1.6488176584243774,-5.450497627258301,0.8568792939186096
1781547268890182,118426150,0.004838716238737106,-0.18834398686885834,-0.48341429233551025,0.8548765182495117,-3.0247528553009033,-7.996252536773682,4.804034233093262,-3.1246471405029297,-4.133518695831299,1.4981447458267212
1781547268921442,118442817,0.004194789566099644,-0.1881047487258911,-0.4832695722579956,0.8550145030021667,-3.038830041885376,-7.98645544052124,4.789566516876221,-3.2030346393585205,-2.856776714324951,1.91477370262146
1781547268922843,118459484,0.0035786712542176247,-0.18795163929462433,-0.48312893509864807,0.8551303148269653,-3.0147581100463867,-7.997875213623047,4.805438995361328,-3.2672970294952393,-2.229905605316162,2.0319771766662598
1781547268950591,118476151,0.002967046806588769,-0.18783968687057495,-0.48308271169662476,0.8551834225654602,-2.9849801063537598,-7.9779133796691895,4.780261993408203,-4.02580451965332,-1.8929449319839478,2.01851749420166
1781547268952344,118492818,0.002374436939135194,-0.18780328333377838,-0.4830777049064636,0.8551962375640869,-2.930044651031494,-7.982277870178223,4.754874229431152,-4.379796981811523,-1.3336787223815918,2.1039230823516846
1781547268979667,118509485,0.0017514412757009268,-0.18782901763916016,-0.482927531003952,0.8552767634391785,-2.9339451789855957,-7.9608283042907715,4.743517875671387,-3.341573715209961,-1.154044270515442,2.6783134937286377
1781547268981913,118526152,0.0011282837949693203,-0.18777631223201752,-0.4825305640697479,0.8555134534835815,-2.927844762802124,-7.982592582702637,4.739479064941406,-1.3707787990570068,-1.8137118816375732,2.740065813064575
1781547269009689,118542819,0.00045576179400086403,-0.18771706521511078,-0.4819498360157013,0.8558542728424072,-2.955406904220581,-8.001777648925781,4.801845073699951,-0.008196065202355385,-2.149033784866333,3.2474539279937744
1781547269011408,118559486,-0.0002734595618676394,-0.18752403557300568,-0.4812462329864502,0.8562924861907959,-2.9245526790618896,-8.009563446044922,4.879904747009277,0.9649906158447266,-3.2482283115386963,3.297423839569092
1781547269039745,118576153,-0.0010803352342918515,-0.18714095652103424,-0.4805208742618561,0.8567829728126526,-2.953570604324341,-8.034615516662598,4.923044204711914,1.165128231048584,-4.690953254699707,3.1548378467559814
1781547269069540,118592820,-0.0019553389865905046,-0.18670564889907837,-0.47983518242836,0.8572604656219482,-3.012108325958252,-8.052205085754395,4.939406394958496,0.8006211519241333,-5.205807209014893,3.3336150646209717
1781547269071937,118609487,-0.00280357850715518,-0.18634264171123505,-0.4792892038822174,0.857642412185669,-3.0522451400756836,-8.097980499267578,4.930969715118408,-0.30320313572883606,-4.566232204437256,3.2368240356445312
1781547269100176,118626154,-0.0035717678256332874,-0.18603233993053436,-0.4789612293243408,0.8578901886940002,-3.005551815032959,-8.063911437988281,4.958174705505371,-1.9274839162826538,-3.8147175312042236,2.6625237464904785
1781547269101291,118642821,-0.004286928102374077,-0.1857822686433792,-0.4788261353969574,0.8580165505409241,-2.9800865650177,-8.016921997070312,4.926663398742676,-3.3957579135894775,-3.1246602535247803,2.305521011352539
1781547269129564,118659488,-0.00500978110358119,-0.185537189245224,-0.4787287712097168,0.8581198453903198,-2.9538915157318115,-7.977987289428711,4.942934036254883,-3.7035069465637207,-3.0893142223358154,2.320568561553955
1781547269131470,118676155,-0.005745889153331518,-0.18528670072555542,-0.4785557985305786,0.85826575756073,-2.9820334911346436,-7.95827579498291,4.919877529144287,-3.1344313621520996,-3.220656633377075,2.4767677783966064
1781547269159505,118692822,-0.006458253134042025,-0.18494640290737152,-0.4782811105251312,0.8584872484207153,-2.977104663848877,-7.973101615905762,4.966794967651367,-2.2588863372802734,-3.7716753482818604,2.1684799194335938
1781547269161448,118709489,-0.007214416284114122,-0.18445827066898346,-0.4780499041080475,0.8587150573730469,-2.9686782360076904,-7.961203098297119,4.989424705505371,-2.557645797729492,-4.794018745422363,1.8862024545669556
1781547269190307,118726156,-0.00801645778119564,-0.18396291136741638,-0.47791582345962524,0.8588888645172119,-2.9558820724487305,-7.954775333404541,4.9341254234313965,-3.367173910140991,-4.913886547088623,2.0140740871429443
1781547269220367,118742823,-0.008796317502856255,-0.18358513712882996,-0.47791755199432373,0.8589609861373901,-2.942082643508911,-7.946081638336182,4.881579399108887,-4.469327449798584,-4.0095534324646,2.1039490699768066
1781547269221909,118759490,-0.009474242106080055,-0.1833922266960144,-0.4780232012271881,0.8589361906051636,-2.944195508956909,-7.926520347595215,4.850304126739502,-5.261130332946777,-2.453939914703369,1.985336422920227
1781547269249685,118776157,-0.010062283836305141,-0.18329864740371704,-0.47805914282798767,0.858929455280304,-2.9637975692749023,-7.923864841461182,4.824695587158203,-4.66996431350708,-1.5983479022979736,1.868504524230957
1781547269251546,118792824,-0.010576643981039524,-0.18316005170345306,-0.477876752614975,0.8590543866157532,-2.939539670944214,-7.943166255950928,4.878476142883301,-2.8580827713012695,-1.8031851053237915,1.5526480674743652
1781547269279685,118809491,-0.011065402999520302,-0.1829695850610733,-0.47763121128082275,0.8592253923416138,-2.9422101974487305,-7.977306842803955,4.867514133453369,-2.3045926094055176,-2.0868589878082275,1.3079701662063599
1781547269281850,118826158,-0.011488683521747589,-0.18268440663814545,-0.4773494303226471,0.859437108039856,-2.99823260307312,-8.016900062561035,4.892446041107178,-1.8809837102890015,-2.4847776889801025,0.6536040306091309
1781547269310914,118842825,-0.01181370671838522,-0.1824207901954651,-0.4770984351634979,0.8596281409263611,-2.998453140258789,-8.008697509765625,4.879701137542725,-2.005333423614502,-2.00620436668396,0.10754131525754929
1781547269312463,118859492,-0.012041103094816208,-0.18223726749420166,-0.4769175052642822,0.8597641587257385,-2.997145175933838,-8.010544776916504,4.8856964111328125,-2.4701528549194336,-1.1378058195114136,-0.2894747257232666
1781547269339753,118876159,-0.012179907411336899,-0.18209239840507507,-0.47677645087242126,0.8598710298538208,-2.9479713439941406,-7.978670120239258,4.864003658294678,-2.6873230934143066,-0.5783604383468628,-0.7334324717521667
1781547269399509,118892826,-0.012287682853639126,-0.1819775551557541,-0.4766688942909241,0.8599535226821899,-2.971109390258789,-7.97982120513916,4.870964527130127,-2.9231390953063965,-0.26619279384613037,-0.8571802377700806
1781547269401805,118909493,-0.01233692280948162,-0.1818450689315796,-0.4765552282333374,0.8600438237190247,-2.9423980712890625,-7.941714763641357,4.857789039611816,-2.7891595363616943,-0.18859915435314178,-1.25344717502594
1781547269403777,118926160,-0.01233003567904234,-0.1818322092294693,-0.47650572657585144,0.8600741028785706,-2.9428977966308594,-7.917613506317139,4.823939800262451,-3.284867525100708,0.783806324005127,-1.267777442932129
1781547269430637,118942827,-0.012307478114962578,-0.18191654980182648,-0.4764362573623657,0.8600950837135315,-2.9131243228912354,-7.90155029296875,4.803429126739502,-3.1683807373046875,1.4202690124511719,-1.01578688621521
1781547269431585,118959494,-0.012351136654615402,-0.1820436269044876,-0.47624367475509644,0.8601742386817932,-2.9046506881713867,-7.893331050872803,4.849199295043945,-2.3284761905670166,1.3728599548339844,-0.33401522040367126
1781547269432453,118976161,-0.01243541482836008,-0.18214361369609833,-0.475863516330719,0.8603623509407043,-2.9430906772613525,-7.9216461181640625,4.910277843475342,-0.915141761302948,0.9275317788124084,0.04379131272435188
1781547269459907,118992828,-0.01256639789789915,-0.18217197060585022,-0.4753604233264923,0.8606323003768921,-2.971928119659424,-7.955634593963623,4.945275783538818,0.015681376680731773,0.23871676623821259,0.23299232125282288
1781547269462101,119009495,-0.012732487171888351,-0.182143434882164,-0.4747372269630432,0.8609798550605774,-3.0353384017944336,-7.959770202636719,4.9995574951171875,0.931553065776825,-0.32001787424087524,0.39921873807907104
1781547269489993,119026162,-0.012882445007562637,-0.18213121592998505,-0.4739941656589508,0.8613895177841187,-3.045590877532959,-7.953087329864502,5.033980846405029,1.8650078773498535,-0.25830405950546265,0.5018744468688965
1781547269519694,119042829,-0.013000639155507088,-0.18215790390968323,-0.4732084572315216,0.861814022064209,-3.0587034225463867,-7.912791728973389,5.081820011138916,2.2093706130981445,0.0539083331823349,0.49278199672698975
1781547269521833,119059496,-0.013065843842923641,-0.18214593827724457,-0.47249293327331543,0.8622080087661743,-3.0776469707489014,-7.909333229064941,5.144741058349609,1.7568455934524536,0.041601430624723434,-0.031913429498672485
1781547269549591,119076163,-0.013070691376924515,-0.18204574286937714,-0.4719195067882538,0.8625430464744568,-3.0407865047454834,-7.866817474365234,5.118175983428955,0.7902349233627319,-0.1986008584499359,-0.8487535119056702
1781547269551615,119092830,-0.013085310347378254,-0.181892529129982,-0.47142815589904785,0.8628438115119934,-3.078202486038208,-7.827701091766357,5.180179119110107,0.17490270733833313,-0.493633508682251,-1.0623506307601929
1781547269579495,119109497,-0.013052758760750294,-0.1817370355129242,-0.47108057141304016,0.8630670309066772,-3.0112125873565674,-7.8062872886657715,5.127599239349365,-0.8712416291236877,-0.24394816160202026,-1.522034764289856
1781547269581526,119126164,-0.013065178878605366,-0.1815810650587082,-0.47085440158843994,0.8632230162620544,-2.9978067874908447,-7.7834649085998535,5.124382495880127,-1.8660900592803955,-0.29718416929244995,-1.402436375617981
1781547269609544,119142831,-0.013148829340934753,-0.18139979243278503,-0.4706324636936188,0.8633809089660645,-2.9853785037994385,-7.7661614418029785,5.064884662628174,-1.9765704870224,-0.6795178055763245,-1.0665128231048584
1781547269611955,119159498,-0.01327612716704607,-0.18124480545520782,-0.47024980187416077,0.8636200428009033,-2.9943089485168457,-7.762796401977539,5.051558017730713,-0.8120507001876831,-0.780354917049408,-0.5286973714828491
1781547269639757,119176165,-0.013459564186632633,-0.18112345039844513,-0.4697028696537018,0.8639400601387024,-3.0244383811950684,-7.794869422912598,5.060031890869141,0.358481764793396,-0.8777728080749512,0.11094781011343002
1781547269670070,119192832,-0.013639364391565323,-0.18099740147590637,-0.4690711498260498,0.8643068075180054,-3.0535953044891357,-7.803987503051758,5.103808403015137,1.0167921781539917,-0.9589138627052307,0.17524848878383636
1781547269671439,119209499,-0.013833194971084595,-0.18083040416240692,-0.46845749020576477,0.864671528339386,-3.0536293983459473,-7.829737663269043,5.135950088500977,0.8816980123519897,-1.2433046102523804,0.10463428497314453
1781547269699516,119226166,-0.014054916799068451,-0.18060486018657684,-0.46789470314979553,0.8650197386741638,-3.077345609664917,-7.837434768676758,5.142284870147705,0.4858922064304352,-1.6552977561950684,0.02031727507710457
1781547269702188,119242833,-0.01425041165202856,-0.18034370243549347,-0.46741876006126404,0.8653281331062317,-3.0914735794067383,-7.849784851074219,5.184300899505615,-0.1295490562915802,-1.724708080291748,-0.3545694649219513
1781547269729546,119259500,-0.014424879103899002,-0.18021456897258759,-0.46708476543426514,0.8655325770378113,-3.105259656906128,-7.869425296783447,5.180955410003662,-1.2694422006607056,-0.7288349866867065,-0.22057655453681946
1781547269733129,119276167,-0.014567812904715538,-0.18019115924835205,-0.46691128611564636,0.865628719329834,-3.089339256286621,-7.8630146980285645,5.16102409362793,-2.52299165725708,0.15155673027038574,-0.2567288875579834
1781547269760085,119292834,-0.014698085375130177,-0.1801980584859848,-0.46677470207214355,0.8656986355781555,-3.075977325439453,-7.84128999710083,5.137877941131592,-2.807471752166748,0.40971991419792175,-0.2782435715198517
1781547269761463,119309501,-0.01481649186462164,-0.18018920719623566,-0.4666141867637634,0.8657850027084351,-3.063685894012451,-7.825421333312988,5.137574672698975,-2.5992021560668945,0.33037182688713074,-0.37069258093833923
1781547269789975,119326168,-0.014914841391146183,-0.18015320599079132,-0.4664255380630493,0.8658924102783203,-3.0608885288238525,-7.830244064331055,5.138007640838623,-2.3417563438415527,0.2041652351617813,-0.5443851351737976
1781547269820081,119342835,-0.015032361261546612,-0.18012487888336182,-0.4662426710128784,0.8659947514533997,-3.0539309978485107,-7.808323860168457,5.141842842102051,-2.4151368141174316,0.1956874430179596,-0.4122108221054077
1781547269821385,119359502,-0.015136721543967724,-0.18000172078609467,-0.4661423861980438,0.8660725951194763,-3.07295823097229,-7.820654392242432,5.169574737548828,-2.9790642261505127,-0.28769466280937195,-0.8940113186836243
1781547269849473,119376169,-0.015248212032020092,-0.17981939017772675,-0.4660910964012146,0.8661360144615173,-3.0584914684295654,-7.820042133331299,5.167936325073242,-3.331904411315918,-0.6398436427116394,-1.1001678705215454
1781547269851632,119392836,-0.015291020274162292,-0.17967255413532257,-0.46609023213386536,0.8661662340164185,-3.0280683040618896,-7.778596878051758,5.127350807189941,-3.649425983428955,-0.16244858503341675,-1.4534697532653809
1781547269879473,119409503,-0.015314934775233269,-0.1796116679906845,-0.4661847651004791,0.866127610206604,-2.9965457916259766,-7.761467456817627,5.108739376068115,-4.405512809753418,0.5057292580604553,-1.4016424417495728
1781547269881677,119426170,-0.015349132940173149,-0.17962448298931122,-0.4663340747356415,0.8660440444946289,-2.94057559967041,-7.734927654266357,5.093840599060059,-4.880475044250488,0.9729048609733582,-1.166351318359375
1781547269910766,119442837,-0.015446162782609463,-0.1796734780073166,-0.4664188623428345,0.8659863471984863,-2.945693254470825,-7.718341827392578,5.078792095184326,-4.4866414070129395,0.9487777352333069,-0.5991067290306091
1781547269912444,119459504,-0.015587436966598034,-0.1796790510416031,-0.4663486182689667,0.8660205602645874,-2.9909260272979736,-7.758960723876953,5.131165504455566,-3.328242540359497,0.41841551661491394,-0.29227933287620544
1781547269940443,119476171,-0.01577254757285118,-0.17966900765895844,-0.4661649167537689,0.8661181926727295,-3.0233781337738037,-7.816988468170166,5.132267951965332,-2.504563570022583,0.09418430179357529,0.05248682200908661
1781547269969728,119492838,-0.01591852307319641,-0.17965997755527496,-0.46601253747940063,0.8661994338035583,-3.070855140686035,-7.8804192543029785,5.157188415527344,-2.695518970489502,0.24948690831661224,-0.213994100689888
1781547269971809,119509505,-0.015943333506584167,-0.17967037856578827,-0.46595630049705505,0.8662269711494446,-3.0802886486053467,-7.900259494781494,5.16064453125,-3.288081169128418,0.8302164077758789,-0.9858584403991699
1781547269999730,119526172,-0.01591857522726059,-0.17980191111564636,-0.466044545173645,0.8661526441574097,-3.023294448852539,-7.872294902801514,5.12735652923584,-4.399416446685791,1.852137565612793,-1.060186505317688
1781547270001732,119542839,-0.01585572399199009,-0.17996498942375183,-0.46610504388809204,0.8660873770713806,-3.0452656745910645,-7.825282573699951,5.135324001312256,-4.154034614562988,2.148322820663452,-1.1523537635803223
1781547270029979,119559506,-0.015750329941511154,-0.18001221120357513,-0.46591466665267944,0.8661819696426392,-3.0328750610351562,-7.8051347732543945,5.165267467498779,-2.108335018157959,1.368672251701355,-1.4832698106765747
1781547270032988,119576173,-0.015604129061102867,-0.17994892597198486,-0.4655282497406006,0.8664054870605469,-2.885775089263916,-7.816967964172363,5.162781238555908,-0.48893359303474426,0.6619281768798828,-1.8523744344711304
1781547270059457,119592840,-0.015419121831655502,-0.18006819486618042,-0.4649547040462494,0.8666919469833374,-2.809220552444458,-7.837340831756592,4.971512794494629,0.8952727317810059,1.7755300998687744,-1.2730921506881714
1781547270061429,119609507,-0.015050223097205162,-0.18076610565185547,-0.46373486518859863,0.8672066330909729,-2.955899953842163,-7.934017658233643,4.744161605834961,5.765566349029541,5.460787773132324,0.2577213943004608
1781547270089798,119626174,-0.013776414096355438,-0.18151381611824036,-0.4607035219669342,0.8686860799789429,-3.3208205699920654,-8.024019241333008,4.796636581420898,20.775123596191406,7.256461143493652,-2.8274292945861816
1781547270119415,119642841,-0.010329756885766983,-0.18168236315250397,-0.454011470079422,0.872214674949646,-3.371875286102295,-7.752328395843506,5.506021022796631,51.7889289855957,7.774846076965332,-13.267437934875488
1781547270121677,119659508,-0.004599016159772873,-0.1815270483493805,-0.44377413392066956,0.8775485157966614,-2.8876430988311768,-7.470427989959717,6.549782752990723,81.51519775390625,10.454906463623047,-23.679025650024414
1781547270149562,119676175,0.0025468189269304276,-0.1815308779478073,-0.4320603013038635,0.8833822011947632,-2.466726541519165,-7.250204086303711,7.594086647033691,93.7149429321289,15.064757347106934,-29.908050537109375
1781547270151904,119692842,0.009867202490568161,-0.1816900223493576,-0.4202844798564911,0.8889616131782532,-2.190420389175415,-7.031455993652344,8.43752670288086,93.54109954833984,16.849451065063477,-30.43623924255371
1781547270179545,119709509,0.016388356685638428,-0.1812664270401001,-0.4086511433124542,0.8943591117858887,-1.9787511825561523,-6.970468044281006,8.889400482177734,91.173828125,11.201827049255371,-27.427518844604492
1781547270181750,119726176,0.021619349718093872,-0.17923682928085327,-0.39675700664520264,0.8999948501586914,-1.9370217323303223,-7.0013508796691895,8.989554405212402,92.00675201416016,-2.5591485500335693,-23.65428352355957
1781547270209552,119742843,0.02524658478796482,-0.17508859932422638,-0.3842442035675049,0.9061253070831299,-2.1550188064575195,-7.129086017608643,8.787829399108887,95.51216125488281,-20.554996490478516,-18.673166275024414
1781547270211872,119759510,0.027890991419553757,-0.1686304658651352,-0.37111449241638184,0.9127212166786194,-2.423982620239258,-7.25750207901001,8.284708023071289,99.79542541503906,-37.989925384521484,-17.828632354736328
1781547270239829,119776177,0.030363474041223526,-0.16047558188438416,-0.35743048787117004,0.9195483922958374,-2.534285306930542,-7.139488220214844,7.600062370300293,103.98731231689453,-49.235721588134766,-20.39121437072754
1781547270269581,119792844,0.033144813030958176,-0.15234613418579102,-0.3435647189617157,0.9260969161987305,-2.6300768852233887,-6.924685001373291,7.159807205200195,104.78694915771484,-47.969749450683594,-22.138385772705078
1781547270271389,119809511,0.036686863750219345,-0.14527185261249542,-0.3301011621952057,0.9319783449172974,-2.4811244010925293,-6.645175933837891,7.108875751495361,101.20836639404297,-38.847652435302734,-25.06416893005371
1781547270300772,119826178,0.04049903526902199,-0.1397109031677246,-0.31774094700813293,0.9369534254074097,-2.219803810119629,-6.480185031890869,7.20697021484375,91.97099304199219,-27.911380767822266,-24.692293167114258
1781547270301495,119842845,0.04407823085784912,-0.1348453313112259,-0.30653172731399536,0.9412290453910828,-2.0913405418395996,-6.367543697357178,7.3265180587768555,82.61347961425781,-23.590301513671875,-22.973962783813477
1781547270329573,119859512,0.047759026288986206,-0.12947118282318115,-0.29567113518714905,0.9452698230743408,-2.048656463623047,-6.187127113342285,7.381040096282959,80.1144027709961,-26.55684471130371,-25.098520278930664
1781547270332124,119876179,0.051558416336774826,-0.12343631684780121,-0.2842378616333008,0.9493758082389832,-2.0612947940826416,-5.874246597290039,7.466158390045166,84.29566955566406,-30.481067657470703,-26.682201385498047
1781547270359498,119892846,0.0557294636964798,-0.11695943027734756,-0.2719179689884186,0.9535592794418335,-1.9050148725509644,-5.490358829498291,7.676766872406006,90.71072387695312,-32.39429473876953,-29.193513870239258
1781547270361410,119909513,0.060340315103530884,-0.11043344438076019,-0.2591125965118408,0.9576139450073242,-1.6043524742126465,-5.042363166809082,7.974734306335449,94.02837371826172,-31.60651206970215,-31.829248428344727
1781547270389787,119926180,0.06457703560590744,-0.10479384660720825,-0.24742616713047028,0.9610559344291687,-1.3981187343597412,-4.878290176391602,8.171241760253906,84.91756439208984,-26.437101364135742,-28.891592025756836
1781547270419537,119942847,0.06807710975408554,-0.10047023743391037,-0.23808462917804718,0.9636322259902954,-1.4587141275405884,-4.833361625671387,8.039770126342773,66.83605194091797,-19.412466049194336,-23.859708786010742
1781547270421512,119959514,0.07116074860095978,-0.09680941700935364,-0.2291724532842636,0.9659422636032104,-1.8816624879837036,-4.694911956787109,8.066137313842773,62.95967483520508,-15.721024513244629,-20.43842124938965
1781547270449727,119976181,0.0746660977602005,-0.09278418868780136,-0.21839982271194458,0.9685648679733276,-1.9502816200256348,-4.643792629241943,8.258368492126465,76.27037048339844,-16.778589248657227,-22.423913955688477
1781547270452001,119992848,0.07855575531721115,-0.08806613087654114,-0.20620512962341309,0.9713665246963501,-1.7688801288604736,-4.538625240325928,8.564002990722656,86.61402893066406,-20.20357322692871,-25.027870178222656
1781547270480425,120009515,0.0824817568063736,-0.0828719362616539,-0.1940520852804184,0.9739984273910522,-1.5427954196929932,-4.338136672973633,8.726341247558594,86.37722778320312,-23.255956649780273,-26.0649356842041
1781547270481975,120026182,0.08667254447937012,-0.07777837663888931,-0.18255823850631714,0.9762740731239319,-1.2970370054244995,-3.9118261337280273,8.76163101196289,81.58406066894531,-22.402341842651367,-28.28360366821289
1781547270510423,120042849,0.09103173762559891,-0.07350485026836395,-0.1718544065952301,0.9781495928764343,-0.9640375375747681,-3.356645345687866,8.805299758911133,75.38197326660156,-16.94598388671875,-29.047391891479492
1781547270513630,120059516,0.09499087929725647,-0.07075218111276627,-0.16256411373615265,0.9795631170272827,-0.853681743144989,-3.009911060333252,9.268844604492188,64.17549896240234,-7.843112945556641,-25.56427764892578
1781547270539952,120076183,0.09786869585514069,-0.06919772177934647,-0.15505245327949524,0.9806080460548401,-0.7048685550689697,-2.808126926422119,9.661416053771973,50.474300384521484,-1.964501142501831,-18.050771713256836
1781547270569580,120092850,0.09947705268859863,-0.06758316606283188,-0.14887593686580658,0.981515645980835,-0.6903666257858276,-2.732330322265625,10.022466659545898,40.76116943359375,-4.555912494659424,-10.283331871032715
1781547270571969,120109517,0.09993293881416321,-0.06503791362047195,-0.143526092171669,0.9824376702308655,-0.737914502620697,-2.723416805267334,10.096446990966797,35.296607971191406,-12.587078094482422,-3.834240198135376
1781547270599574,120126184,0.09963799268007278,-0.061804693192243576,-0.13878336548805237,0.9833573698997498,-0.83988356590271,-2.7468647956848145,9.939811706542969,31.32975959777832,-18.390182495117188,0.2855125069618225
1781547270601926,120142851,0.09893647581338882,-0.05894863232970238,-0.13517694175243378,0.9841057062149048,-1.0198101997375488,-2.799271821975708,9.778426170349121,23.052988052368164,-16.933372497558594,2.7944369316101074
1781547270629645,120159518,0.09823883324861526,-0.05722307413816452,-0.133043572306633,0.9845679998397827,-1.0426310300827026,-2.7491185665130615,9.570279121398926,12.054096221923828,-10.16768741607666,3.026674509048462
1781547270633109,120176185,0.09758293628692627,-0.05660086125135422,-0.13190875947475433,0.9848218560218811,-0.9822653532028198,-2.6354682445526123,9.424040794372559,4.376884460449219,-3.2545294761657715,3.220381259918213
1781547270659617,120192852,0.09697819501161575,-0.05654546245932579,-0.13068655133247375,0.9850476980209351,-0.8527654409408569,-2.5644845962524414,9.278275489807129,4.584192752838135,0.6983367204666138,3.402038812637329
1781547270661489,120209519,0.0962032601237297,-0.05624106526374817,-0.12838910520076752,0.9854432940483093,-0.9112231731414795,-2.6181399822235107,9.416854858398438,12.12005615234375,-0.49075233936309814,4.862591743469238
1781547270689903,120226186,0.09561091661453247,-0.05494314804673195,-0.12470152229070663,0.9860473871231079,-0.9656959772109985,-2.788809061050415,9.528331756591797,22.45252799987793,-6.222681522369385,3.4227795600891113
1781547270719634,120242853,0.09535688161849976,-0.05277162045240402,-0.12002278119325638,0.9867709279060364,-0.988345205783844,-2.9003734588623047,9.689631462097168,29.979217529296875,-11.249728202819824,0.8320380449295044
1781547270721802,120259520,0.09537335485219955,-0.05050485208630562,-0.11543445289134979,0.9874352216720581,-0.958450198173523,-2.916863203048706,9.80509090423584,29.480712890625,-11.711934089660645,-1.1533567905426025
1781547270749679,120276187,0.095439113676548,-0.04892098903656006,-0.11185706406831741,0.9879201650619507,-0.872089684009552,-2.8132553100585938,9.873531341552734,22.04826545715332,-7.638681411743164,-1.4150274991989136
1781547270751387,120292854,0.09548067301511765,-0.048095762729644775,-0.10957503318786621,0.9882123470306396,-0.762018620967865,-2.655916213989258,9.871655464172363,12.59900188446045,-3.290759563446045,-1.229743242263794
1781547270779637,120309521,0.09541905671358109,-0.047376345843076706,-0.10805033892393112,0.9884209036827087,-0.7187353372573853,-2.622286081314087,9.731107711791992,7.29012393951416,-3.1197168827056885,-0.7548703551292419
1781547270781431,120326188,0.09555979818105698,-0.046352073550224304,-0.10646520555019379,0.9886278510093689,-0.7351187467575073,-2.5897953510284424,9.492690086364746,7.9687724113464355,-5.001649379730225,-2.337095260620117
1781547270809642,120342855,0.09610576927661896,-0.04506997391581535,-0.10435887426137924,0.9888588786125183,-0.7712705731391907,-2.524041175842285,9.522685050964355,11.830967903137207,-6.123667240142822,-5.099261283874512
1781547270811822,120359522,0.09694153815507889,-0.0435965321958065,-0.10210124403238297,0.9890789985656738,-0.6410658359527588,-2.437706470489502,9.636768341064453,13.071141242980957,-7.114766597747803,-7.166825294494629
1781547270839773,120376189,0.09789508581161499,-0.04207519069314003,-0.10045680403709412,0.9892193078994751,-0.4929942786693573,-2.348891258239746,9.641101837158203,8.91530704498291,-7.743467330932617,-8.238151550292969
1781547270869803,120392856,0.09883851557970047,-0.0407380685210228,-0.09974908083677292,0.989253044128418,-0.40207210183143616,-2.2901298999786377,9.41963005065918,2.3465018272399902,-7.09743595123291,-8.384666442871094
1781547270872883,120409523,0.09993069618940353,-0.039815161377191544,-0.09933357685804367,0.9892227649688721,-0.3903282582759857,-2.134608268737793,9.252335548400879,0.07772816717624664,-4.358950138092041,-9.237120628356934
1781547270899797,120426190,0.1011330634355545,-0.039238933473825455,-0.09859856963157654,0.9891970753669739,-0.3039921224117279,-1.9899795055389404,9.300702095031738,2.0478577613830566,-1.7079449892044067,-9.658872604370117
1781547270903822,120442857,0.10223469138145447,-0.03862421214580536,-0.0975337028503418,0.9892136454582214,-0.2267872840166092,-1.9416139125823975,9.535744667053223,4.320921421051025,-1.8198214769363403,-8.881245613098145
1781547270929805,120459524,0.1032387837767601,-0.037651825696229935,-0.09629904478788376,0.9892678260803223,-0.2520671486854553,-2.0241551399230957,9.58051586151123,5.7271881103515625,-4.207771301269531,-8.386703491210938
1781547270932182,120476191,0.10427030920982361,-0.036545559763908386,-0.09509154409170151,0.9893178939819336,-0.3592602610588074,-2.0621490478515625,9.614605903625488,5.643486022949219,-5.118124008178711,-8.670748710632324
1781547270989690,120492858,0.10543393343687057,-0.0356685034930706,-0.09393677860498428,0.9893368482589722,-0.44169744849205017,-2.0081627368927,9.704155921936035,5.13477897644043,-3.502922773361206,-9.455329895019531
1781547270992037,120509525,0.10666977614164352,-0.03505823016166687,-0.09283076971769333,0.9893305897712708,-0.45833468437194824,-1.9677770137786865,9.840764045715332,4.612560749053955,-1.6715879440307617,-9.803865432739258
1781547270994088,120526192,0.10803364962339401,-0.03454332798719406,-0.0919845849275589,0.9892798066139221,-0.4152544140815735,-1.9338960647583008,9.924681663513184,2.7789084911346436,-1.1217468976974487,-10.709723472595215
1781547271019673,120542859,0.10935889929533005,-0.03424739092588425,-0.0915810763835907,0.9891818761825562,-0.3594803214073181,-1.864967942237854,9.833123207092285,-0.4328420162200928,0.02476108819246292,-10.448872566223145
1781547271022522,120559526,0.1106838509440422,-0.034243881702423096,-0.09148699790239334,0.9890433549880981,-0.3688063621520996,-1.771746277809143,9.855005264282227,-2.7819886207580566,1.7896689176559448,-10.365540504455566
1781547271049648,120576193,0.11200698465108871,-0.03441602364182472,-0.09154471755027771,0.9888831377029419,-0.3246093690395355,-1.6540738344192505,9.91537857055664,-3.961747884750366,2.871882677078247,-10.295323371887207
1781547271052048,120592860,0.11311982572078705,-0.03470338135957718,-0.09176458418369293,0.9887259006500244,-0.31988632678985596,-1.6205251216888428,10.022153854370117,-5.200903415679932,3.397071123123169,-8.829007148742676
1781547271080130,120609527,0.11400940269231796,-0.03478584066033363,-0.09213164448738098,0.9885866641998291,-0.34709876775741577,-1.6915351152420044,10.050058364868164,-6.084913730621338,1.7442573308944702,-7.462146759033203
1781547271081149,120626194,0.11482343077659607,-0.034619275480508804,-0.09243984520435333,0.9884694814682007,-0.4347817301750183,-1.6931158304214478,9.97762393951416,-5.493720531463623,0.04435480386018753,-7.074716567993164
1781547271110252,120642861,0.11564695090055466,-0.03454890847206116,-0.09256929159164429,0.9883638620376587,-0.4523623287677765,-1.6408494710922241,9.98781967163086,-4.3457841873168945,0.8416142463684082,-7.0253214836120605
1781547271111634,120659528,0.11638002842664719,-0.034652043133974075,-0.09281184524297714,0.9882513880729675,-0.4256390333175659,-1.5915577411651611,10.107588768005371,-5.278444766998291,1.8741648197174072,-6.3341498374938965
1781547271139957,120676195,0.11692753434181213,-0.03475334495306015,-0.0933365449309349,0.9881338477134705,-0.36016231775283813,-1.5119118690490723,10.24616527557373,-7.242402076721191,1.51813542842865,-5.145540714263916
1781547271170097,120692862,0.11722256243228912,-0.034631334245204926,-0.09420888125896454,0.9880203604698181,-0.32431164383888245,-1.5898700952529907,10.234877586364746,-9.483591079711914,-0.44163990020751953,-3.653550148010254
1781547271172166,120709529,0.11737175285816193,-0.034513920545578,-0.09558413177728653,0.9878746867179871,-0.3576427400112152,-1.6660231351852417,9.99399471282959,-12.960187911987305,-0.9025024771690369,-2.805232524871826
1781547271200943,120726196,0.11740802973508835,-0.03468482941389084,-0.097129225730896,0.9877138137817383,-0.4315851330757141,-1.6794782876968384,9.860376358032227,-14.383577346801758,0.8478513360023499,-1.9010658264160156
1781547271202561,120742863,0.11742044240236282,-0.03504769131541252,-0.09862727671861649,0.9875510334968567,-0.4150604009628296,-1.694918155670166,9.945327758789062,-14.226557731628418,2.173283576965332,-1.6011148691177368
1781547271229791,120759530,0.11731744557619095,-0.0352640375494957,-0.10021713376045227,0.9873954057693481,-0.336296945810318,-1.773294448852539,10.029709815979004,-14.75488567352295,1.0239773988723755,-0.9326615929603577
1781547271232419,120776197,0.11710555106401443,-0.03513602912425995,-0.10223725438117981,0.9872180223464966,-0.3743508756160736,-1.957262635231018,9.90018081665039,-17.439796447753906,-1.730523943901062,-0.5525049567222595
1781547271259781,120792864,0.11698982864618301,-0.035133663564920425,-0.10452307015657425,0.9869924187660217,-0.500254213809967,-2.0793051719665527,9.542784690856934,-19.35450553894043,-1.012650728225708,-1.219550371170044
1781547271264436,120809531,0.11702665686607361,-0.03593433275818825,-0.10678768157958984,0.9867168664932251,-0.5431957244873047,-2.1357266902923584,9.405643463134766,-19.854415893554688,4.5742363929748535,-1.7111613750457764
1781547271289870,120826198,0.11722061783075333,-0.03735310211777687,-0.10891446471214294,0.9864084720611572,-0.481342077255249,-2.180842876434326,9.429058074951172,-19.400636672973633,9.000797271728516,-2.31719708442688
1781547271320116,120842865,0.11752554774284363,-0.038732483983039856,-0.11079141497612,0.9861099123954773,-0.47081467509269714,-2.274296760559082,9.38904094696045,-17.637250900268555,9.014434814453125,-3.0263497829437256
1781547271322342,120859532,0.1181320995092392,-0.03989003598690033,-0.11207986623048782,0.985845685005188,-0.5167564153671265,-2.348568916320801,9.318523406982422,-13.359979629516602,8.205951690673828,-5.056821823120117
1781547271350183,120876199,0.11898484826087952,-0.04117780923843384,-0.11272206902503967,0.9856169819831848,-0.5212486386299133,-2.3989672660827637,9.345651626586914,-8.988936424255371,9.792569160461426,-6.419021129608154
1781547271351764,120892866,0.12005989253520966,-0.04278026521205902,-0.11292048543691635,0.9853956699371338,-0.5166828036308289,-2.3975470066070557,9.513094902038574,-6.168900966644287,12.457176208496094,-7.550309658050537
1781547271379755,120909533,0.12137782573699951,-0.04447731375694275,-0.11287473142147064,0.9851643443107605,-0.49376994371414185,-2.371547222137451,9.668868064880371,-4.527535915374756,13.490228652954102,-9.059745788574219
1781547271381969,120926200,0.12280234694480896,-0.04622657224535942,-0.1127556711435318,0.9849207997322083,-0.39890721440315247,-2.338999032974243,9.780671119689941,-4.050012588500977,13.99111270904541,-9.72974967956543
1781547271410298,120942867,0.12426057457923889,-0.04794711992144585,-0.11264470964670181,0.984668493270874,-0.4077971279621124,-2.345053195953369,9.853303909301758,-4.076201438903809,13.818687438964844,-9.989924430847168
1781547271411305,120959534,0.12573623657226562,-0.04976877570152283,-0.11253725737333298,0.9844030141830444,-0.4326438903808594,-2.3406150341033936,9.962995529174805,-4.190075874328613,14.518211364746094,-10.0427885055542
1781547271439998,120976201,0.12720410525798798,-0.05163152143359184,-0.11245895177125931,0.9841271638870239,-0.46331456303596497,-2.3395445346832275,10.070008277893066,-4.432858467102051,14.768841743469238,-9.9777193069458
1781547271470267,120992868,0.12866707146167755,-0.053276337683200836,-0.11246665567159653,0.9838483929634094,-0.48321080207824707,-2.3867239952087402,10.168669700622559,-4.827652931213379,13.216761589050293,-10.146417617797852
1781547271471898,121009535,0.130159392952919,-0.05458541586995125,-0.11259783059358597,0.9835653305053711,-0.5287255048751831,-2.429943799972534,10.150885581970215,-5.358092784881592,10.86087703704834,-10.653522491455078
1781547271500094,121026202,0.13172656297683716,-0.05573909729719162,-0.11285506188869476,0.9832625389099121,-0.5495702028274536,-2.3985745906829834,10.1048002243042,-6.058190822601318,9.762885093688965,-11.345386505126953
1781547271502151,121042869,0.13325455784797668,-0.05691969022154808,-0.11327561736106873,0.9829407334327698,-0.5490729808807373,-2.4069876670837402,10.070267677307129,-7.2157440185546875,9.774114608764648,-11.139599800109863
1781547271530149,121059536,0.13477715849876404,-0.05802471563220024,-0.11382345110177994,0.98260498046875,-0.6340184211730957,-2.417008638381958,10.068366050720215,-8.019189834594727,9.148333549499512,-11.224571228027344
1781547271532474,121076203,0.13636790215969086,-0.059073541313409805,-0.1144556850194931,0.9822495579719543,-0.6549685597419739,-2.426140308380127,10.043808937072754,-8.525105476379395,8.751502990722656,-11.780879020690918
1781547271559605,121092870,0.13794396817684174,-0.060035690665245056,-0.11502619832754135,0.9819045066833496,-0.6620829105377197,-2.410922050476074,10.0582275390625,-8.02414608001709,8.208192825317383,-11.71524715423584
1781547271562056,121109537,0.13948377966880798,-0.060721054673194885,-0.11545119434595108,0.9815948009490967,-0.6905085444450378,-2.386045455932617,10.108424186706543,-6.76627779006958,6.434125900268555,-11.594608306884766
1781547271589858,121126204,0.14100247621536255,-0.061115704476833344,-0.11591161042451859,0.9812989830970764,-0.6599831581115723,-2.3769278526306152,10.115033149719238,-6.723977565765381,4.415689468383789,-11.68585205078125
1781547271620324,121142871,0.14248402416706085,-0.061448026448488235,-0.11661017686128616,0.9809815287590027,-0.6624508500099182,-2.3657124042510986,10.04283618927002,-8.303155899047852,3.743957996368408,-11.60604476928711
1781547271621350,121159538,0.14395195245742798,-0.061969317495822906,-0.11749067157506943,0.9806292653083801,-0.7309614419937134,-2.3655130863189697,9.97888469696045,-9.749354362487793,4.843960762023926,-11.472860336303711
1781547271649627,121176205,0.14555522799491882,-0.06253732740879059,-0.11823379993438721,0.9802671670913696,-0.6911523342132568,-2.2802281379699707,9.972146034240723,-8.8197660446167,5.408157825469971,-12.29930591583252
1781547271651216,121192872,0.14710523188114166,-0.06304507702589035,-0.11861147731542587,0.9799575209617615,-0.6429834961891174,-2.2229301929473877,10.01431941986084,-6.277100563049316,5.301774978637695,-11.779391288757324
1781547271679728,121209539,0.14860673248767853,-0.06338567286729813,-0.11871659755706787,0.9796962738037109,-0.6668360233306885,-2.307232618331909,10.032683372497559,-4.254271984100342,4.390883445739746,-11.421503067016602
1781547271681249,121226206,0.15006735920906067,-0.06351785361766815,-0.1187502071261406,0.9794610142707825,-0.6929444670677185,-2.3644096851348877,10.057597160339355,-3.5567734241485596,3.015519380569458,-11.25934886932373
1781547271710322,121242873,0.15144073963165283,-0.06365205347537994,-0.11893162131309509,0.9792189598083496,-0.700340986251831,-2.4300832748413086,9.990904808044434,-4.598352909088135,2.8084020614624023,-10.741497993469238
1781547271711471,121259540,0.1527547538280487,-0.06388842314481735,-0.11920478194952011,0.9789660573005676,-0.7379884123802185,-2.4585962295532227,9.970511436462402,-5.357128620147705,3.356872320175171,-10.3096923828125
1781547271740002,121276207,0.154056116938591,-0.06425295025110245,-0.11944513022899628,0.9787089824676514,-0.7305183410644531,-2.470777988433838,9.873717308044434,-5.279433727264404,4.245160102844238,-10.108774185180664
1781547271769808,121292874,0.15537552535533905,-0.06462015211582184,-0.11964982002973557,0.9784512519836426,-0.7021477222442627,-2.4859747886657715,9.869721412658691,-5.034909248352051,4.315736293792725,-10.213095664978027
1781547271772071,121309541,0.1567150056362152,-0.06486756354570389,-0.11978327482938766,0.9782047867774963,-0.6564414501190186,-2.4505527019500732,9.806816101074219,-4.409125804901123,3.597580671310425,-10.403639793395996
1781547271799877,121326208,0.15799053013324738,-0.06500431150197983,-0.11969543993473053,0.9780012965202332,-0.6639128923416138,-2.4239985942840576,9.787894248962402,-2.7944490909576416,3.0198347568511963,-9.918817520141602
1781547271801774,121342875,0.15922100841999054,-0.06506244093179703,-0.11939476430416107,0.9778346419334412,-0.686811089515686,-2.4059929847717285,9.812451362609863,-1.2676752805709839,2.669145107269287,-9.545472145080566
1781547271829788,121359542,0.1603599637746811,-0.06513764709234238,-0.11905311048030853,0.9776851534843445,-0.7097352147102356,-2.425861120223999,9.886859893798828,-1.037762999534607,2.745983362197876,-8.879836082458496
1781547271832676,121376209,0.1613524854183197,-0.06521289795637131,-0.11892802268266678,0.977532148361206,-0.708375871181488,-2.464047431945801,9.906914710998535,-2.5618722438812256,2.3892619609832764,-7.995659351348877
1781547271859753,121392876,0.16225117444992065,-0.06523707509040833,-0.11899881809949875,0.9773730635643005,-0.7159859538078308,-2.479922294616699,9.860727310180664,-3.868415117263794,1.7547969818115234,-7.501398086547852
1781547271861521,121409543,0.1630708873271942,-0.06520812213420868,-0.11906875669956207,0.9772300124168396,-0.7416669726371765,-2.4790375232696533,9.84084415435791,-3.8253214359283447,1.3268598318099976,-6.99613618850708
1781547271890317,121426210,0.16389992833137512,-0.06508267670869827,-0.11915646493434906,0.977088987827301,-0.747083842754364,-2.537492513656616,9.776605606079102,-3.830226182937622,0.6652963161468506,-7.14303731918335
1781547271920512,121442877,0.16464345157146454,-0.06495911628007889,-0.11926998198032379,0.9769583344459534,-0.7944965958595276,-2.5156421661376953,9.781715393066406,-4.034987449645996,0.5740639567375183,-6.56705904006958
1781547271921464,121459544,0.1654096394777298,-0.06481517851352692,-0.11934491246938705,0.9768292307853699,-0.7954180836677551,-2.5361969470977783,9.754376411437988,-3.7404792308807373,0.4981350898742676,-6.716791152954102
1781547271950098,121476211,0.16611306369304657,-0.06474730372428894,-0.11947038769721985,0.9766991138458252,-0.763134241104126,-2.5178961753845215,9.687414169311523,-4.194771766662598,0.9001263976097107,-6.256824970245361
1781547271951069,121492878,0.16676901280879974,-0.06475643068552017,-0.11967488378286362,0.9765617251396179,-0.7757883667945862,-2.5188705921173096,9.62380313873291,-4.839661121368408,1.2908995151519775,-5.918084144592285
1781547271980153,121509545,0.1674071103334427,-0.06486564874649048,-0.1198415532708168,0.9764248132705688,-0.8048912286758423,-2.545318841934204,9.539050102233887,-4.707128047943115,1.9908052682876587,-5.697635650634766
1781547271981232,121526212,0.16806885600090027,-0.06499065458774567,-0.11995378881692886,0.9762891530990601,-0.7994776964187622,-2.565568685531616,9.589059829711914,-4.347397804260254,2.178072214126587,-5.818411827087402
1781547272010269,121542879,0.16867174208164215,-0.06516704708337784,-0.12009966373443604,0.9761554002761841,-0.8192816972732544,-2.597871780395508,9.649154663085938,-4.656107425689697,2.433751106262207,-5.393203258514404
1781547272011882,121559546,0.16919183731079102,-0.06537953019142151,-0.12040265649557114,0.9760138392448425,-0.8214165568351746,-2.598925828933716,9.662893295288086,-5.7948994636535645,2.4284749031066895,-4.887646198272705
1781547272040105,121576213,0.1696172058582306,-0.0655789002776146,-0.12093658000230789,0.975860595703125,-0.8433432579040527,-2.668506383895874,9.684561729431152,-7.380350589752197,1.998271107673645,-4.379733562469482
1781547272069899,121592880,0.1699429452419281,-0.0658092275261879,-0.12174993753433228,0.9756872653961182,-0.8913418054580688,-2.718280792236328,9.639111518859863,-9.351699829101562,1.8058433532714844,-3.8350932598114014
1781547272071635,121609547,0.17030179500579834,-0.06609734147787094,-0.12288077175617218,0.9754634499549866,-0.8860595226287842,-2.7917842864990234,9.517928123474121,-11.574885368347168,1.8721038103103638,-4.212331295013428
1781547272099584,121626214,0.17079849541187286,-0.06654366850852966,-0.12404769659042358,0.9751984477043152,-0.8823073506355286,-2.761678457260132,9.44719123840332,-11.972214698791504,3.0254697799682617,-5.067066192626953
1781547272102044,121642881,0.17134977877140045,-0.06710506975650787,-0.12503787875175476,0.9749367833137512,-0.8541491627693176,-2.7223856449127197,9.530701637268066,-10.89310073852539,4.048544406890869,-5.249633312225342
1781547272129612,121659548,0.1718451827764511,-0.06760457158088684,-0.1259712129831314,0.9746949076652527,-0.7637600302696228,-2.684175729751587,9.639293670654297,-10.446310997009277,3.642927885055542,-4.878940105438232
1781547272132092,121676215,0.172157421708107,-0.06797613948583603,-0.12716516852378845,0.9744589328765869,-0.7038363814353943,-2.6553351879119873,9.759172439575195,-12.12092113494873,2.316023349761963,-3.876201868057251
1781547272159668,121692882,0.17226867377758026,-0.06821658462285995,-0.12888203561306,0.9741969108581543,-0.7159155607223511,-2.7553412914276123,9.713828086853027,-15.585391998291016,0.6552950739860535,-2.919389247894287
1781547272161656,121709549,0.1723179817199707,-0.06846320629119873,-0.13104631006717682,0.9738819599151611,-0.765358030796051,-2.830554962158203,9.55570125579834,-18.664775848388672,0.13672715425491333,-2.7709004878997803
1781547272189871,121726216,0.1724337786436081,-0.06896645575761795,-0.1332128643989563,0.9735320210456848,-0.7680012583732605,-2.817877769470215,9.411375999450684,-18.982824325561523,1.9286450147628784,-3.0270276069641113
1781547272219664,121742883,0.17259450256824493,-0.06958340108394623,-0.13504834473133087,0.9732066988945007,-0.7318496704101562,-2.7956748008728027,9.469721794128418,-16.856618881225586,3.111453056335449,-3.037144184112549
1781547272221638,121759550,0.17265677452087402,-0.07013799995183945,-0.13662749528884888,0.9729354381561279,-0.6465078592300415,-2.755943775177002,9.620499610900879,-15.063750267028809,2.880976438522339,-2.248975992202759
1781547272249796,121776217,0.1724323332309723,-0.07061350345611572,-0.1383412629365921,0.9726986289024353,-0.6323093771934509,-2.8197312355041504,9.765182495117188,-15.976126670837402,1.9065022468566895,-0.4286288321018219
1781547272251640,121792884,0.17200928926467896,-0.0708966851234436,-0.14057788252830505,0.9724322557449341,-0.6451253890991211,-2.933210849761963,9.79549503326416,-19.368947982788086,-0.17305241525173187,0.4273035526275635
1781547272279597,121809551,0.17145222425460815,-0.07113475352525711,-0.1433439403772354,0.9721094965934753,-0.7205802798271179,-2.981700897216797,9.678027153015137,-22.974672317504883,-1.2024928331375122,0.9566552042961121
1781547272281265,121826218,0.1708962768316269,-0.07158945500850677,-0.14622868597507477,0.9717441201210022,-0.7432830929756165,-2.9619617462158203,9.62582778930664,-24.06428337097168,0.12781402468681335,1.0540224313735962
1781547272309624,121842885,0.17027691006660461,-0.0721665471792221,-0.14888416230678558,0.9714069366455078,-0.6673364043235779,-2.9184298515319824,9.760815620422363,-22.67867660522461,1.1374555826187134,1.7478970289230347
1781547272311610,121859552,0.1693965494632721,-0.07244325429201126,-0.1514035314321518,0.971150815486908,-0.583563506603241,-2.8710286617279053,10.047101020812988,-21.46456527709961,-1.0162495374679565,3.346592664718628
1781547272339850,121876219,0.16804443299770355,-0.07220888137817383,-0.1543954461812973,0.9709321856498718,-0.5466005802154541,-2.96824049949646,10.14782428741455,-24.22172737121582,-5.487673759460449,5.7732625007629395
1781547272369660,121892886,0.16631083190441132,-0.07160760462284088,-0.15824444591999054,0.9706553816795349,-0.6552811861038208,-3.1242361068725586,10.016282081604004,-29.7713565826416,-9.302091598510742,7.439342975616455
1781547272371676,121909553,0.16448962688446045,-0.071111299097538,-0.16270969808101654,0.9702639579772949,-0.7588803768157959,-3.208015203475952,9.767865180969238,-34.17214584350586,-9.344260215759277,7.705251693725586
1781547272399607,121926220,0.16262555122375488,-0.07099680602550507,-0.16729754209518433,0.9698061943054199,-0.7551141381263733,-3.2084712982177734,9.658102035522461,-35.51679611206055,-6.9512038230896,8.28442096710205
1781547272401546,121942887,0.16060084104537964,-0.07112673670053482,-0.17190943658351898,0.9693273901939392,-0.6839491128921509,-3.184844493865967,9.755814552307129,-36.05325698852539,-5.522599220275879,9.60231876373291
1781547272430598,121959554,0.15813948214054108,-0.07119325548410416,-0.17682872712612152,0.9688421487808228,-0.5907037258148193,-3.2367560863494873,9.889852523803711,-38.2539176940918,-6.79726505279541,12.280470848083496
1781547272432149,121976221,0.15522001683712006,-0.07079121470451355,-0.18242722749710083,0.9683056473731995,-0.6050174236297607,-3.551940679550171,9.683492660522461,-42.556610107421875,-11.187698364257812,14.375675201416016
1781547272459640,121992888,0.1522727608680725,-0.0702153816819191,-0.1885252743959427,0.9676473140716553,-0.7443991303443909,-3.740312337875366,9.262710571289062,-45.86298370361328,-12.852729797363281,13.971624374389648
1781547272462788,122009555,0.14953996241092682,-0.07017231732606888,-0.19454918801784515,0.9668838381767273,-0.7955639362335205,-3.8814070224761963,9.002269744873047,-45.959327697753906,-8.9020357131958,13.16189193725586
1781547272490476,122026222,0.1470918357372284,-0.07069049030542374,-0.20016227662563324,0.9660755395889282,-0.727451503276825,-3.8997859954833984,9.084662437438965,-43.72655487060547,-4.347006320953369,12.174055099487305
1781547272520143,122042889,0.14462454617023468,-0.07124900817871094,-0.20531924068927765,0.9653244614601135,-0.5429636836051941,-3.837967872619629,9.388372421264648,-40.6671028137207,-3.6717188358306885,12.637046813964844
1781547272522197,122059556,0.14157827198505402,-0.07127565890550613,-0.2102920562028885,0.964703381061554,-0.4684264361858368,-3.822927236557007,9.795762062072754,-39.01649856567383,-7.898918151855469,15.95011043548584
1781547272549673,122076223,0.13770750164985657,-0.0702349916100502,-0.21607010066509247,0.9640630483627319,-0.4767017960548401,-4.175487995147705,9.772717475891113,-43.751548767089844,-16.94359588623047,19.464387893676758
1781547272552135,122092890,0.1335548758506775,-0.06861592829227448,-0.22308358550071716,0.9631659984588623,-0.6537116765975952,-4.461000442504883,9.2467622756958,-51.91120529174805,-22.240747451782227,19.63608741760254
1781547272579833,122109557,0.1295837014913559,-0.06784795224666595,-0.2308332771062851,0.9619359970092773,-0.7319061160087585,-4.507599353790283,8.76824951171875,-57.99196243286133,-16.845211029052734,19.088882446289062
1781547272583643,122126224,0.12584951519966125,-0.0682876706123352,-0.23863042891025543,0.9604969620704651,-0.712722659111023,-4.5347442626953125,8.746484756469727,-59.601165771484375,-8.427285194396973,19.231853485107422
1781547272610087,122142891,0.12227565050125122,-0.06882815062999725,-0.24598188698291779,0.9590644240379333,-0.5155466794967651,-4.4117560386657715,9.107934951782227,-56.65791702270508,-7.11618185043335,18.554285049438477
1781547272612472,122159558,0.11803314089775085,-0.06848778575658798,-0.2530960142612457,0.9577683210372925,-0.3042486011981964,-4.382349967956543,9.490025520324707,-54.4393424987793,-13.920411109924316,21.70310401916504
1781547272640083,122176225,0.11279994994401932,-0.06663010269403458,-0.2609790861606598,0.9564134478569031,-0.33963847160339355,-4.730189800262451,9.28854751586914,-58.84209442138672,-26.230344772338867,25.1787166595459
1781547272671367,122192892,0.10720143467187881,-0.06420960277318954,-0.26984697580337524,0.9547606110572815,-0.46696731448173523,-4.9929680824279785,8.555381774902344,-65.58507537841797,-31.213247299194336,25.892179489135742
1781547272672388,122209559,0.1014774888753891,-0.06282747536897659,-0.2793040871620178,0.9527562856674194,-0.5967414379119873,-5.105195999145508,8.01488971710205,-70.9245376586914,-24.90826416015625,28.125438690185547
1781547272700607,122226226,0.0962485745549202,-0.06256064772605896,-0.2884737253189087,0.9505816698074341,-0.7055140733718872,-5.232559680938721,7.8701887130737305,-69.93079376220703,-16.378189086914062,27.032390594482422
1781547272702265,122242893,0.09154339879751205,-0.06261083483695984,-0.2966805398464203,0.9485147595405579,-0.5662909150123596,-5.1945085525512695,8.193482398986816,-63.40681076049805,-12.677449226379395,24.725181579589844
1781547272729590,122259560,0.08640031516551971,-0.06211761012673378,-0.3044760525226593,0.946557343006134,-0.379071980714798,-5.247012615203857,8.70999813079834,-60.34741973876953,-16.90338897705078,26.720632553100586
1781547272731814,122276227,0.0802222490310669,-0.06027606502175331,-0.3130313754081726,0.9444271922111511,-0.3473503887653351,-5.529275417327881,8.749764442443848,-65.29678344726562,-28.22150230407715,30.208864212036133
1781547272759556,122292894,0.07331717759370804,-0.0576997734606266,-0.3227141201496124,0.9418869614601135,-0.49118176102638245,-5.751072406768799,8.209053039550781,-73.39715576171875,-35.00871658325195,32.658348083496094
1781547272761708,122309561,0.0660991445183754,-0.05572590231895447,-0.3334500193595886,0.9387953281402588,-0.6309787034988403,-5.912036418914795,7.727661609649658,-81.86827087402344,-32.11419677734375,35.3292350769043
1781547272789871,122326228,0.058890871703624725,-0.05480458214879036,-0.34497469663619995,0.9351582527160645,-0.7422247529029846,-6.056809902191162,7.45407772064209,-88.68399047851562,-25.44819450378418,37.132240295410156
1781547272819910,122342895,0.05196452513337135,-0.05438641458749771,-0.3567156195640564,0.9311798810958862,-0.7616817951202393,-6.093608856201172,7.412177085876465,-90.97979736328125,-21.505081176757812,36.29582214355469
1781547272822285,122359562,0.04486933723092079,-0.053556568920612335,-0.368304580450058,0.9270761013031006,-0.5987011790275574,-6.176543235778809,7.380889892578125,-90.22936248779297,-24.454578399658203,36.380767822265625
1781547272851261,122376229,0.03694174438714981,-0.051884572952985764,-0.3803067207336426,0.9226646423339844,-0.4970053434371948,-6.565380573272705,6.8491597175598145,-93.68882751464844,-31.945894241333008,39.31000900268555
1781547272852136,122392896,0.02872823178768158,-0.05006462335586548,-0.3926684856414795,0.9178669452667236,-0.6656687259674072,-6.832589626312256,6.193599224090576,-97.04285430908203,-33.58686065673828,40.514862060546875
1781547272879992,122409563,0.020932512357831,-0.04905198514461517,-0.4044572710990906,0.9130007028579712,-0.8008396625518799,-6.982817649841309,5.618453025817871,-93.62342834472656,-27.22845458984375,40.24399948120117
1781547272882685,122426230,0.01414133794605732,-0.04877343773841858,-0.414421021938324,0.9086673855781555,-0.8820769786834717,-7.033817291259766,5.46417760848999,-80.44561767578125,-19.74530792236328,36.67372131347656
1781547272909793,122442897,0.008230103179812431,-0.048541925847530365,-0.42189520597457886,0.9053068161010742,-0.7946069240570068,-7.106450080871582,5.619452476501465,-61.82453155517578,-17.030061721801758,32.240291595458984
1781547272912249,122459564,0.0025674286298453808,-0.048090774565935135,-0.42736080288887024,0.9027975797653198,-0.7372682094573975,-7.252459526062012,5.851897716522217,-46.75336837768555,-17.847808837890625,30.775442123413086
1781547272939854,122476231,-0.00334428483620286,-0.047335509210824966,-0.4322015643119812,0.9005277156829834,-0.8149068355560303,-7.540831089019775,5.859442234039307,-42.24616622924805,-20.53628921508789,31.640256881713867
1781547272969678,122492898,-0.009100979194045067,-0.046534471213817596,-0.43722108006477356,0.8981033563613892,-0.9669999480247498,-7.703204154968262,5.572148323059082,-43.7593879699707,-20.30412483215332,30.489660263061523
1781547272973307,122509565,-0.014212260022759438,-0.04648067057132721,-0.4419991672039032,0.8956975936889648,-1.1358650922775269,-7.708363056182861,5.293332576751709,-41.956363677978516,-13.772299766540527,28.82744598388672
1781547272999808,122526232,-0.018321357667446136,-0.04736518859863281,-0.445738822221756,0.8937212824821472,-1.2166725397109985,-7.716737747192383,5.180490493774414,-33.840301513671875,-5.189025402069092,25.797168731689453
1781547273001475,122542899,-0.02139268070459366,-0.04896228387951851,-0.44797736406326294,0.8924468755722046,-1.2612935304641724,-7.787641525268555,5.32666540145874,-22.034318923950195,1.9509577751159668,22.003360748291016
1781547273029682,122559566,-0.02381843701004982,-0.05090363323688507,-0.44874435663223267,0.8918914198875427,-1.184086799621582,-7.780578136444092,5.738266468048096,-10.5198974609375,5.591742515563965,19.491422653198242
1781547273032456,122576233,-0.026110094040632248,-0.05293593183159828,-0.4486693739891052,0.8917465806007385,-1.1393998861312866,-7.845851421356201,6.216775894165039,-4.026834011077881,6.281209945678711,19.176197052001953
1781547273060432,122592900,-0.028400816023349762,-0.054758500307798386,-0.44869375228881836,0.8915542364120483,-1.1283979415893555,-7.913693428039551,6.614048957824707,-4.82035493850708,5.033689975738525,18.49492073059082
1781547273062336,122609567,-0.030862240120768547,-0.05643782392144203,-0.4493985176086426,0.8910126090049744,-1.0946954488754272,-7.932924747467041,6.706788063049316,-10.162519454956055,3.8947949409484863,18.91022491455078
1781547273090402,122626234,-0.03356470912694931,-0.05795395001769066,-0.4508579671382904,0.8900798559188843,-1.1133569478988647,-7.982393264770508,6.6647419929504395,-16.123756408691406,2.4623656272888184,19.673585891723633
1781547273120788,122642901,-0.036459214985370636,-0.05922256410121918,-0.4528232216835022,0.8888838887214661,-1.1758753061294556,-8.041224479675293,6.4145026206970215,-20.170366287231445,0.5750516057014465,19.940523147583008
1781547273121894,122659568,-0.03933340311050415,-0.06032082810997963,-0.45498302578926086,0.8875836730003357,-1.2336969375610352,-8.110677719116211,6.116994380950928,-21.719066619873047,-0.31173303723335266,19.233713150024414
1781547273150335,122676235,-0.04199785366654396,-0.06154065579175949,-0.45724713802337646,0.8862134218215942,-1.27853262424469,-8.138495445251465,5.824625492095947,-22.454345703125,1.1439752578735352,18.309911727905273
1781547273152471,122692902,-0.044410478323698044,-0.06290274858474731,-0.4594865143299103,0.8848407864570618,-1.294687271118164,-8.178775787353516,5.616672515869141,-22.162691116333008,2.796139717102051,17.234556198120117
1781547273180390,122709569,-0.0466017909348011,-0.06419864296913147,-0.4614235758781433,0.8836261630058289,-1.3554362058639526,-8.211346626281738,5.423409461975098,-19.74720573425293,2.93243670463562,15.76180362701416
1781547273181888,122726236,-0.048412732779979706,-0.06537448614835739,-0.4626942276954651,0.8827778100967407,-1.442138910293579,-8.199883460998535,5.261040210723877,-14.405126571655273,3.033911943435669,13.247541427612305
1781547273209837,122742903,-0.049685217440128326,-0.06651923805475235,-0.4630485475063324,0.8824357390403748,-1.5127731561660767,-8.16535472869873,5.271968841552734,-6.9986748695373535,4.025313377380371,10.123700141906738
1781547273212028,122759570,-0.05040997266769409,-0.06760568916797638,-0.4624997079372406,0.8825998306274414,-1.505825161933899,-8.114027976989746,5.4676971435546875,0.3249419629573822,4.875486850738525,6.855029106140137
1781547273239852,122776237,-0.050881147384643555,-0.06867218017578125,-0.46159473061561584,0.8829641938209534,-1.4324098825454712,-8.06336498260498,5.718776226043701,3.2349679470062256,5.343893051147461,5.348592758178711
1781547273269699,122792904,-0.0513387992978096,-0.06971333920955658,-0.460857093334198,0.8832413554191589,-1.3944931030273438,-8.002984046936035,5.879334926605225,1.9400533437728882,5.332852363586426,5.137633323669434
1781547273273378,122809571,-0.0518634207546711,-0.07073032855987549,-0.4604286551475525,0.8833533525466919,-1.4031645059585571,-7.95571756362915,5.960443496704102,-0.5019065737724304,5.162029266357422,5.378444671630859
1781547273299745,122826238,-0.05251549556851387,-0.07164094597101212,-0.46025988459587097,0.883329451084137,-1.4296700954437256,-7.944005012512207,5.9614739418029785,-2.6095504760742188,4.271897792816162,5.738314628601074
1781547273302145,122842905,-0.053329724818468094,-0.07237536460161209,-0.460262656211853,0.8832192420959473,-1.497558355331421,-7.987086772918701,5.9228596687316895,-4.068860054016113,2.794173002243042,6.111940383911133
1781547273330693,122859572,-0.054211657494306564,-0.07294910401105881,-0.4603874683380127,0.8830533027648926,-1.5752136707305908,-8.032648086547852,5.858251094818115,-5.079165458679199,1.6774976253509521,5.97455358505249
1781547273332122,122876239,-0.05504719540476799,-0.0735027864575386,-0.46056661009788513,0.8828622698783875,-1.6321830749511719,-8.049761772155762,5.7826714515686035,-5.472332954406738,1.7355742454528809,5.611633777618408
1781547273359796,122892906,-0.055806130170822144,-0.07398775219917297,-0.46077874302864075,0.8826633095741272,-1.6445810794830322,-8.027580261230469,5.754451751708984,-5.68516206741333,1.5772496461868286,4.915506839752197
1781547273362176,122909573,-0.05652939900755882,-0.07432625442743301,-0.46105921268463135,0.8824424743652344,-1.6471589803695679,-8.01779556274414,5.724102020263672,-6.20681619644165,0.8398085832595825,4.207942962646484
1781547273390733,122926240,-0.057268280535936356,-0.07458598166704178,-0.4614912271499634,0.8821471333503723,-1.6911917924880981,-8.02314567565918,5.653260231018066,-7.400611877441406,0.40947669744491577,4.004603862762451
1781547273420242,122942907,-0.057999368757009506,-0.07496758550405502,-0.46216657757759094,0.8817132115364075,-1.7393569946289062,-8.057367324829102,5.586517810821533,-9.263681411743164,1.3400249481201172,4.27383279800415
1781547273421567,122959574,-0.058673180639743805,-0.07541561126708984,-0.46297210454940796,0.8812077641487122,-1.7670905590057373,-8.054551124572754,5.491184711456299,-10.223557472229004,2.0128066539764404,4.098910808563232
1781547273450055,122976241,-0.059296734631061554,-0.07582317292690277,-0.4637289047241211,0.8807328343391418,-1.8124539852142334,-8.05868911743164,5.3974103927612305,-9.82009220123291,1.8907878398895264,3.679361581802368
1781547273452955,122992908,-0.05984897166490555,-0.07612254470586777,-0.4642358720302582,0.8804025650024414,-1.8527212142944336,-8.052909851074219,5.320860862731934,-7.852061748504639,1.2856361865997314,2.973206043243408
1781547273480044,123009575,-0.06022849678993225,-0.07635166496038437,-0.4644009470939636,0.8802697658538818,-1.9048888683319092,-8.069588661193848,5.261959552764893,-5.0894999504089355,1.16730535030365,1.800707459449768
1781547273481979,123026242,-0.060264840722084045,-0.07665275037288666,-0.46448636054992676,0.8801960945129395,-1.9286426305770874,-8.098982810974121,5.249013423919678,-4.206540107727051,2.6348230838775635,-0.030748048797249794
1781547273509695,123042909,-0.05997978150844574,-0.07724548131227493,-0.4646775722503662,0.8800628185272217,-1.925193428993225,-8.056735038757324,5.247485637664795,-4.745175838470459,5.4990153312683105,-1.075105905532837
1781547273512855,123059576,-0.059448156505823135,-0.07806029915809631,-0.46486732363700867,0.8799267411231995,-1.9048913717269897,-8.040105819702148,5.232791900634766,-4.52166748046875,7.6302876472473145,-1.8558584451675415
1781547273539850,123076243,-0.05870399624109268,-0.07891931384801865,-0.46480369567871094,0.8799337148666382,-1.8859384059906006,-8.01013469696045,5.257165908813477,-2.397848606109619,8.396760940551758,-2.9246766567230225
1781547273569680,123092910,-0.05772266164422035,-0.07983329147100449,-0.4643823206424713,0.880138635635376,-1.874545693397522,-7.978636741638184,5.361673831939697,0.5510382056236267,9.234784126281738,-4.069602966308594
1781547273572337,123109577,-0.05662229284644127,-0.08087142556905746,-0.46386823058128357,0.8803864121437073,-1.8422493934631348,-7.93687105178833,5.503657817840576,1.363716721534729,10.304574966430664,-4.360256671905518
1781547273599688,123126244,-0.05551418662071228,-0.08202840387821198,-0.46346426010131836,0.8805626630783081,-1.8179972171783447,-7.9172797203063965,5.572333812713623,0.5197651982307434,11.131318092346191,-4.062535285949707
1781547273603980,123142911,-0.054440952837467194,-0.08315388858318329,-0.4630981683731079,0.8807167410850525,-1.8174996376037598,-7.891025066375732,5.603999137878418,0.18768353760242462,10.85578727722168,-3.964604377746582
1781547273630230,123159578,-0.053384438157081604,-0.08427470177412033,-0.46273481845855713,0.8808658123016357,-1.8238732814788818,-7.880326747894287,5.63089656829834,0.14361687004566193,10.778756141662598,-3.8787500858306885
1781547273631133,123176245,-0.05231579393148422,-0.08544774353504181,-0.46240299940109253,0.8809911012649536,-1.8124966621398926,-7.8674235343933105,5.6767377853393555,-0.09693130850791931,11.15837574005127,-3.796098470687866
1781547273660500,123192912,-0.05133437365293503,-0.08649647980928421,-0.4619946777820587,0.8811607360839844,-1.8163073062896729,-7.8573994636535645,5.751774311065674,0.4109495282173157,10.075470924377441,-3.6349942684173584
1781547273662310,123209579,-0.05046085640788078,-0.08737944066524506,-0.4614638686180115,0.8814021348953247,-1.8112274408340454,-7.8549323081970215,5.812515735626221,1.2576544284820557,8.642003059387207,-3.4606480598449707
1781547273690192,123226246,-0.049675922840833664,-0.08814095705747604,-0.4609919488430023,0.8816179633140564,-1.8395249843597412,-7.860228061676025,5.865838527679443,0.7227456569671631,7.661086082458496,-3.3355681896209717
1781547273720497,123242913,-0.04903724417090416,-0.08880496025085449,-0.4607369601726532,0.8817203044891357,-1.8188190460205078,-7.825605392456055,5.902161598205566,-1.0744787454605103,6.749697685241699,-2.851168155670166
1781547273721754,123259580,-0.048567235469818115,-0.0893738642334938,-0.46066170930862427,0.8817281723022461,-1.795666217803955,-7.816935062408447,5.911307334899902,-2.599548578262329,5.757242202758789,-2.208109140396118
1781547273750141,123276247,-0.04829248785972595,-0.08976439386606216,-0.4606301188468933,0.8817198872566223,-1.8500975370407104,-7.850362777709961,5.906160354614258,-3.0956921577453613,4.0820183753967285,-1.6111286878585815
1781547273752090,123292914,-0.048153288662433624,-0.0899246409535408,-0.46066558361053467,0.8816928267478943,-1.8634109497070312,-7.842129230499268,5.858859062194824,-3.7227420806884766,2.290191650390625,-1.5530773401260376
1781547273780607,123309581,-0.048067107796669006,-0.09002906829118729,-0.46086567640304565,0.8815823197364807,-1.886415719985962,-7.860239505767822,5.813117980957031,-5.037378311157227,1.8913122415542603,-1.4835131168365479
1781547273782348,123326248,-0.04804963618516922,-0.09017512947320938,-0.4612027406692505,0.8813920021057129,-1.8868484497070312,-7.853232383728027,5.753383159637451,-6.149892330169678,2.0193631649017334,-0.9934783577919006
1781547273810141,123342915,-0.048069246113300323,-0.0902402400970459,-0.46150562167167664,0.8812257051467896,-1.8904987573623657,-7.835572242736816,5.690908908843994,-5.916597843170166,1.3852436542510986,-1.012495756149292
1781547273811206,123359582,-0.04817141219973564,-0.09014811366796494,-0.46164071559906006,0.8811588287353516,-1.9107741117477417,-7.8385910987854,5.676664352416992,-4.687995433807373,0.05438217520713806,-0.940729022026062
1781547273839919,123376249,-0.048287417739629745,-0.0900023877620697,-0.46170106530189514,0.8811357617378235,-1.932344913482666,-7.8779802322387695,5.657479286193848,-4.123081207275391,-0.36673545837402344,-0.9951558113098145
1781547273869728,123392916,-0.048408571630716324,-0.08996295928955078,-0.46178150177001953,0.8810909986495972,-1.9684165716171265,-7.874524116516113,5.596368312835693,-4.281278133392334,0.2803502082824707,-0.6319422125816345
1781547273871742,123409583,-0.04850528761744499,-0.08996070176362991,-0.46184074878692627,0.8810548186302185,-1.9721150398254395,-7.8829827308654785,5.572215557098389,-4.098671913146973,0.5703627467155457,-0.6518303751945496
1781547273899760,123426250,-0.04858113452792168,-0.08992970734834671,-0.4618363678455353,0.8810561299324036,-1.9850600957870483,-7.877285003662109,5.5948638916015625,-3.5904648303985596,0.41796720027923584,-0.8433364629745483
1781547273902086,123442917,-0.04863312467932701,-0.08981694281101227,-0.46180975437164307,0.8810787200927734,-1.9799236059188843,-7.891795635223389,5.588912010192871,-3.400636911392212,-0.02159150503575802,-1.2417935132980347
1781547273929783,123459584,-0.04867039993405342,-0.08976845443248749,-0.4617844223976135,0.8810946941375732,-1.9569991827011108,-7.855282783508301,5.561285972595215,-3.3986902236938477,0.4183898866176605,-1.1257679462432861
1781547273932387,123476251,-0.04868447408080101,-0.08976582437753677,-0.4617084860801697,0.8811339735984802,-1.9779331684112549,-7.837479114532471,5.599894046783447,-2.9881694316864014,0.7375752925872803,-1.0972992181777954
1781547273959892,123492918,-0.04867273196578026,-0.08974698185920715,-0.4616320729255676,0.8811765909194946,-1.9209551811218262,-7.833950042724609,5.632137298583984,-2.9639527797698975,0.7196592092514038,-1.3069392442703247
1781547273962636,123509585,-0.048716869205236435,-0.08972925692796707,-0.4616166353225708,0.8811841011047363,-1.926521897315979,-7.83006477355957,5.639432430267334,-3.4795749187469482,0.5900077819824219,-0.9906225800514221
1781547273990587,123526252,-0.048809509724378586,-0.08968525379896164,-0.46156707406044006,0.8812094926834106,-1.9095990657806396,-7.800314426422119,5.6343207359313965,-3.255169153213501,0.25528815388679504,-0.7658580541610718
1781547274020420,123542919,-0.04900303855538368,-0.08962063491344452,-0.46148884296417236,0.8812462091445923,-1.8749713897705078,-7.79189920425415,5.612218379974365,-3.114529848098755,-0.20723235607147217,-0.20625907182693481
1781547274023480,123559586,-0.049303703010082245,-0.08956924080848694,-0.46143704652786255,0.8812618851661682,-1.8854730129241943,-7.825122833251953,5.636210918426514,-3.402864694595337,-0.44507184624671936,0.47540369629859924
1781547274049749,123576253,-0.04964825138449669,-0.08951406180858612,-0.46144306659698486,0.8812450766563416,-1.9014776945114136,-7.838556289672852,5.617090225219727,-3.884281635284424,-0.5677824020385742,0.7044197916984558
1781547274051844,123592920,-0.050046712160110474,-0.08943137526512146,-0.4616011083126068,0.881148099899292,-1.909567952156067,-7.866294860839844,5.63946008682251,-5.102498531341553,-0.80471271276474,0.8774463534355164
1781547274079767,123609587,-0.050499677658081055,-0.08930964767932892,-0.4618013799190521,0.881029486656189,-1.965950608253479,-7.872992515563965,5.598341464996338,-5.473447322845459,-1.186521291732788,1.065866231918335
1781547274081806,123626254,-0.05098111554980278,-0.08909843116998672,-0.46191513538360596,0.8809635043144226,-1.9908171892166138,-7.891801357269287,5.599606990814209,-4.830735206604004,-1.881304144859314,0.9875938296318054
1781547274109821,123642921,-0.051515113562345505,-0.08876447379589081,-0.4619939923286438,0.8809249401092529,-1.9960346221923828,-7.919734954833984,5.639721870422363,-4.607840061187744,-2.821559190750122,0.9286717176437378
1781547274111177,123659588,-0.052075766026973724,-0.08840344101190567,-0.46221861243247986,0.8808103799819946,-2.020473003387451,-7.935278415679932,5.602109909057617,-5.757415771484375,-2.9719958305358887,0.9417855739593506
1781547274140411,123676255,-0.05261595547199249,-0.08812393248081207,-0.4625950753688812,0.8806086182594299,-2.014634847640991,-7.928822994232178,5.553308010101318,-6.912330150604248,-2.306410789489746,1.0149736404418945
1781547274170006,123692922,-0.05309322103857994,-0.08790717273950577,-0.46295976638793945,0.8804100751876831,-2.0156283378601074,-7.907556533813477,5.523671627044678,-6.769618034362793,-1.7336984872817993,0.8399239182472229
1781547274171393,123709589,-0.05354030802845955,-0.0876578837633133,-0.46327653527259827,0.8802412152290344,-1.9902790784835815,-7.866072654724121,5.4781012535095215,-6.3776140213012695,-1.8686513900756836,0.5699402093887329
1781547274199676,123726256,-0.05396036058664322,-0.08741410076618195,-0.4635632634162903,0.8800888061523438,-1.957197666168213,-7.866822719573975,5.469980239868164,-6.1251749992370605,-1.7723734378814697,0.437061607837677
1781547274201269,123742923,-0.054354120045900345,-0.08717610687017441,-0.4637807607650757,0.8799735903739929,-1.9726072549819946,-7.847654819488525,5.4560933113098145,-5.569494724273682,-1.7019128799438477,0.32384058833122253
1781547274229712,123759590,-0.05469313636422157,-0.0870349258184433,-0.46386396884918213,0.8799227476119995,-1.9768941402435303,-7.840268611907959,5.412110805511475,-4.482337951660156,-1.029797077178955,0.3566376566886902
1781547274231389,123776257,-0.05491598695516586,-0.0870072990655899,-0.463775634765625,0.8799581527709961,-1.9996578693389893,-7.834415912628174,5.452369213104248,-3.0563251972198486,-0.08923465758562088,0.08607788383960724
1781547274259876,123792924,-0.05503171682357788,-0.08708706498146057,-0.4635886251926422,0.8800415396690369,-1.9625921249389648,-7.834978103637695,5.535017013549805,-2.2016804218292236,0.8354285955429077,-0.17882785201072693
1781547274262070,123809591,-0.055144645273685455,-0.08723336458206177,-0.4633576273918152,0.8801416158676147,-1.8973461389541626,-7.812096118927002,5.593733787536621,-1.8553966283798218,1.2217321395874023,0.034929320216178894
1781547274290057,123826258,-0.055313028395175934,-0.0873541533946991,-0.46298933029174805,0.880312979221344,-1.9136677980422974,-7.843794822692871,5.619841575622559,-0.84051913022995,0.7946788668632507,0.34476613998413086
1781547274319883,123842925,-0.05551380291581154,-0.08738899976015091,-0.4626133143901825,0.8804945349693298,-1.9182575941085815,-7.869965553283691,5.682633399963379,-0.8138434886932373,0.16217319667339325,0.2681201100349426
1781547274322566,123859592,-0.05575628578662872,-0.08747548609972,-0.4624052941799164,0.8805798292160034,-1.9217259883880615,-7.891843318939209,5.663457870483398,-2.142310380935669,0.46353229880332947,0.620768666267395
1781547274349603,123876259,-0.05599762126803398,-0.08761424571275711,-0.46231627464294434,0.8805975317955017,-1.9130381345748901,-7.918187141418457,5.620631217956543,-3.0572214126586914,0.8708638548851013,0.7332724332809448
1781547274351919,123892926,-0.05623999983072281,-0.08781001716852188,-0.46225979924201965,0.8805921077728271,-1.9321097135543823,-7.932867527008057,5.524411678314209,-3.305959463119507,1.2388159036636353,0.9106404185295105
1781547274379533,123909593,-0.05642896890640259,-0.08806993067264557,-0.46219947934150696,0.880585789680481,-1.9696632623672485,-7.998383045196533,5.410984039306641,-3.2283146381378174,1.7956616878509521,0.7936287522315979
1781547274381826,123926260,-0.056393641978502274,-0.08849930018186569,-0.4621063768863678,0.8805939555168152,-2.0026326179504395,-8.051311492919922,5.260251522064209,-2.7807323932647705,3.512801170349121,-0.01228128932416439
1781547274409596,123942927,-0.05606946349143982,-0.08915813267230988,-0.4619128704071045,0.8806496262550354,-2.017491102218628,-8.092090606689453,5.042068958282471,-1.756672739982605,5.7509541511535645,-0.9891753196716309
1781547274411703,123959594,-0.05530112236738205,-0.0901462659239769,-0.4614183306694031,0.8808569312095642,-2.044041156768799,-8.098689079284668,4.935785293579102,0.9489955902099609,8.946639060974121,-2.5075221061706543
1781547274439916,123976261,-0.05408252403140068,-0.09145002067089081,-0.4604601562023163,0.8812993168830872,-2.054616928100586,-8.072378158569336,4.891066551208496,4.904483318328857,11.963360786437988,-4.035680294036865
1781547274469875,123992928,-0.05236281454563141,-0.09309925884008408,-0.45880866050720215,0.8820914626121521,-2.0840744972229004,-8.052389144897461,4.902833461761475,10.658501625061035,15.164691925048828,-5.672913074493408
1781547274471495,124009595,-0.050099052488803864,-0.09520015120506287,-0.456364244222641,0.8832659721374512,-2.147728443145752,-8.042683601379395,4.97133731842041,17.186655044555664,19.08936309814453,-7.1790266036987305
1781547274499988,124026262,-0.04723461717367172,-0.09758869558572769,-0.45327872037887573,0.8847507238388062,-2.12188982963562,-8.097898483276367,5.042172431945801,22.547887802124023,22.296306610107422,-9.612521171569824
1781547274501468,124042929,-0.0437830314040184,-0.10039180517196655,-0.4499114155769348,0.8863319754600525,-2.160567283630371,-8.111686706542969,4.85107946395874,25.093347549438477,26.49205207824707,-11.735824584960938
1781547274529725,124059596,-0.03954992815852165,-0.10386590659618378,-0.4459936022758484,0.888109028339386,-2.2704474925994873,-8.119439125061035,4.500241756439209,29.797531127929688,32.695499420166016,-14.102277755737305
1781547274531573,124076263,-0.03396408259868622,-0.10831918567419052,-0.4405546486377716,0.8905195593833923,-2.5026726722717285,-8.045477867126465,4.29986047744751,42.26476287841797,41.95541763305664,-18.447797775268555
1781547274560016,124092930,-0.026566067710518837,-0.1138712465763092,-0.4326799213886261,0.8939327001571655,-2.625837802886963,-7.860106945037842,4.473393440246582,61.826969146728516,52.85612487792969,-24.63841438293457
1781547274561558,124109597,-0.01749071478843689,-0.12018213421106339,-0.42210108041763306,0.898377001285553,-2.601139545440674,-7.753203868865967,4.901175498962402,82.97195434570312,61.208282470703125,-30.765310287475586
1781547274589808,124126264,-0.00695038354024291,-0.12640492618083954,-0.4098554253578186,0.9033228754997253,-2.7201881408691406,-7.941475868225098,5.421535015106201,95.9265365600586,64.29930114746094,-38.75615692138672
1781547274619961,124142931,0.005090510006994009,-0.13279421627521515,-0.3972504138946533,0.908037543296814,-2.96494197845459,-8.054430961608887,5.596063613891602,98.82182312011719,69.74633026123047,-47.28804016113281
1781547274621498,124159598,0.01931718736886978,-0.14097219705581665,-0.38416799902915955,0.9122327566146851,-3.5321385860443115,-7.652044773101807,6.1362528800964355,102.32091522216797,87.37454986572266,-55.636260986328125
1781547274650899,124176265,0.03644346445798874,-0.15142139792442322,-0.36862531304359436,0.9164380431175232,-3.6667158603668213,-6.802244186401367,7.313183307647705,120.29352569580078,109.59677124023438,-65.44527435302734
1781547274652564,124192932,0.05644626170396805,-0.16184651851654053,-0.3487810790538788,0.9213964343070984,-3.068601131439209,-5.8532562255859375,9.219480514526367,152.31320190429688,117.03349304199219,-78.97603607177734
1781547274681275,124209599,0.07709804177284241,-0.16974006593227386,-0.32579436898231506,0.9268777966499329,-2.1193926334381104,-5.109568119049072,11.097949028015137,175.17684936523438,103.19042205810547,-85.46819305419922
1781547274682134,124226266,0.0962996631860733,-0.17203955352306366,-0.3021596074104309,0.9326460361480713,-1.3273630142211914,-4.70854377746582,13.502683639526367,181.20567321777344,64.2983627319336,-87.85221862792969
1781547274711078,124242933,0.11316992342472076,-0.16758738458156586,-0.27996569871902466,0.938470184803009,-0.49021631479263306,-4.112704753875732,15.48098373413086,173.771728515625,15.140753746032715,-88.59681701660156
1781547274732576,124259600,0.12626048922538757,-0.1601918786764145,-0.2620081603527069,0.9432649612426758,0.2964280843734741,-2.9610257148742676,17.046722412109375,142.3573760986328,-13.22806453704834,-75.55317687988281
1781547274740561,124276267,0.1339506208896637,-0.15313422679901123,-0.25081032514572144,0.9464150667190552,1.0014934539794922,-2.404038190841675,17.651412963867188,89.2786865234375,-24.807687759399414,-48.787235260009766
1781547274771468,124292934,0.1357521265745163,-0.14499546587467194,-0.24647682905197144,0.9485763311386108,1.3170998096466064,-2.3592281341552734,17.794689178466797,37.67326736450195,-47.26088333129883,-20.467004776000977
1781547274772477,124309601,0.1318618357181549,-0.1324453353881836,-0.2468971163034439,0.9508484601974487,1.078057885169983,-2.5539298057556152,17.44615364074707,5.275746822357178,-90.20856475830078,4.550335884094238
1781547274800193,124326268,0.12351013720035553,-0.1123754233121872,-0.25028759241104126,0.9536631107330322,0.730724573135376,-2.9659647941589355,16.79002571105957,-10.488377571105957,-150.1222686767578,18.751110076904297
1781547274801303,124342935,0.11150851845741272,-0.08626557141542435,-0.2576407790184021,0.9559004306793213,0.5685642957687378,-2.766813039779663,15.73896312713623,-35.176456451416016,-198.92881774902344,28.756507873535156
1781547274829734,124359602,0.09582687169313431,-0.05820396915078163,-0.27022257447242737,0.9562476277351379,0.44728347659111023,-2.477736234664917,14.225973129272461,-73.59744262695312,-221.16653442382812,44.95771026611328
1781547274831622,124376269,0.07733992487192154,-0.0292813703417778,-0.2881416976451874,0.9540103077888489,0.2984424829483032,-2.389925003051758,12.755321502685547,-114.06817626953125,-234.52963256835938,57.990848541259766
1781547274859748,124392936,0.05665237084031105,0.0005705410148948431,-0.3106215000152588,0.948843777179718,-0.26737406849861145,-2.9276483058929443,11.444375991821289,-149.75802612304688,-246.8354949951172,68.14070892333984
1781547274861552,124409603,0.03324849158525467,0.029487095773220062,-0.3393813967704773,0.9395986199378967,-1.363433599472046,-3.7200820446014404,10.129982948303223,-199.82113647460938,-249.01885986328125,86.33208465576172
1781547274889939,124426270,0.008815857581794262,0.05766623094677925,-0.3736420273780823,0.9257367849349976,-1.715961217880249,-4.261521816253662,8.848714828491211,-246.1195526123047,-248.87791442871094,94.7927474975586
1781547274920209,124442937,-0.015521961264312267,0.087727852165699,-0.4110947251319885,0.9072288274765015,-1.314368724822998,-4.477331161499023,7.5612664222717285,-278.3236389160156,-262.6943054199219,90.36551666259766
1781547274921561,124459604,-0.04076409339904785,0.11901511251926422,-0.4510307013988495,0.8835978507995605,-0.8192386627197266,-4.029778003692627,5.615490913391113,-307.90948486328125,-275.7699279785156,94.6199951171875
1781547274950437,124476271,-0.06773534417152405,0.14756637811660767,-0.4942202866077423,0.8540390133857727,-0.8093492388725281,-3.0045993328094482,3.090769052505493,-343.9114074707031,-268.4866943359375,117.97899627685547
1781547274951557,124492938,-0.09601425379514694,0.17120376229286194,-0.5386938452720642,0.8193165063858032,-1.281721591949463,-1.7892065048217773,1.122253656387329,-365.3931884765625,-248.7368927001953,146.10720825195312
1781547274980333,124509605,-0.12542665004730225,0.18857525289058685,-0.5825514197349548,0.7806033492088318,-1.7094866037368774,-0.6781627535820007,-0.6828243136405945,-371.2196960449219,-222.7457275390625,177.64671325683594
1781547274983288,124526272,-0.15641912817955017,0.1985073834657669,-0.6277408599853516,0.7362537384033203,-2.882734775543213,0.2642665505409241,-2.806978464126587,-392.5030822753906,-195.322998046875,222.56967163085938
1781547275010307,124542939,-0.19327004253864288,0.20346099138259888,-0.6661843657493591,0.6909767985343933,-5.809103488922119,0.27264100313186646,-7.118999004364014,-348.93408203125,-203.9497528076172,265.5301513671875
1781547275011285,124559606,-0.23751136660575867,0.21164482831954956,-0.6748500466346741,0.6658621430397034,-10.830818176269531,-2.728865623474121,-11.344573020935059,-108.79502868652344,-264.47332763671875,217.26329040527344
1781547275040071,124576273,-0.2777744233608246,0.22703814506530762,-0.6502285003662109,0.669700026512146,-15.223394393920898,-6.617074012756348,-10.801606178283691,160.5429229736328,-291.2453308105469,69.77545166015625
1781547275069738,124592940,-0.2969161868095398,0.23858359456062317,-0.6184351444244385,0.6873549818992615,-16.51168441772461,-9.794228553771973,-7.796112060546875,229.7677001953125,-171.1586151123047,-47.95695877075195
1781547275072824,124609607,-0.2948293685913086,0.23614780604839325,-0.6012600064277649,0.7041280269622803,-13.909631729125977,-10.102018356323242,-4.410924911499023,150.6316680908203,13.626545906066895,-63.10437774658203
1781547275100684,124626274,-0.2816449701786041,0.22179938852787018,-0.5963007211685181,0.718266487121582,-9.985283851623535,-9.175689697265625,-1.0500155687332153,86.74493408203125,137.6656036376953,-42.456233978271484
1781547275101827,124642941,-0.26521816849708557,0.20576028525829315,-0.5915132164955139,0.733099102973938,-6.231295585632324,-8.600980758666992,1.492719292640686,87.08234405517578,160.70144653320312,-52.65228271484375
1781547275130241,124659608,-0.24890804290771484,0.1924191415309906,-0.5824055075645447,0.7495489120483398,-3.5468997955322266,-8.115216255187988,3.0371809005737305,110.68450927734375,141.03347778320312,-72.11775207519531
1781547275131786,124676275,-0.23326300084590912,0.1793450564146042,-0.5733530521392822,0.7646504044532776,-2.441642999649048,-7.823287010192871,4.3727641105651855,105.4170150756836,135.30157470703125,-67.38628387451172
1781547275163079,124692942,-0.21978706121444702,0.16383884847164154,-0.5692206025123596,0.7751378417015076,-2.2104427814483643,-7.707329273223877,5.004169464111328,67.92237091064453,141.7332000732422,-32.928855895996094
1781547275163508,124709609,-0.20706544816493988,0.14672432839870453,-0.5699364542961121,0.7815166711807251,-1.9007450342178345,-7.732819080352783,4.725704669952393,29.272336959838867,150.04776000976562,-10.94717025756836
1781547275190387,124726276,-0.1947280913591385,0.1304025650024414,-0.5710393190383911,0.7867593765258789,-1.2075847387313843,-7.800585746765137,3.519028663635254,21.99244499206543,143.68386840820312,-9.984831809997559
1781547275220162,124742943,-0.18292255699634552,0.11573272198438644,-0.5682899355888367,0.7938463091850281,-1.2796926498413086,-7.5225725173950195,2.7881691455841064,48.334285736083984,129.15292358398438,-19.518251419067383
1781547275221406,124759610,-0.17184410989284515,0.10310211777687073,-0.5594585537910461,0.8042672872543335,-2.1333863735198975,-7.293612480163574,2.1977858543395996,92.5741958618164,110.18448638916016,-32.55306625366211
1781547275249780,124776277,-0.16063155233860016,0.09341125190258026,-0.542858362197876,0.8190097212791443,-3.4804494380950928,-7.587114334106445,2.452500581741333,148.59921264648438,88.32860565185547,-55.22344970703125
1781547275252193,124792944,-0.14499667286872864,0.08454638719558716,-0.5217485427856445,0.8364247679710388,-3.1551361083984375,-8.478774070739746,2.9957823753356934,180.23336791992188,96.92131805419922,-89.07366943359375
1781547275280242,124809611,-0.12364059686660767,0.07416405528783798,-0.49972599744796753,0.8540999293327332,-2.0750696659088135,-8.053372383117676,4.273752212524414,184.6163787841797,125.41839599609375,-117.3378677368164
1781547275281865,124826278,-0.09992948174476624,0.059928908944129944,-0.48016196489334106,0.8694062232971191,-1.1937439441680908,-7.041816234588623,5.283293724060059,164.1132049560547,157.0207977294922,-114.66474151611328
1781547275310230,124842945,-0.07750394195318222,0.041018351912498474,-0.46449732780456543,0.8812224268913269,-1.0963364839553833,-6.1648383140563965,5.86049747467041,133.01272583007812,181.96453857421875,-87.53153991699219
1781547275311163,124859612,-0.056976012885570526,0.018711332231760025,-0.45106276869773865,0.890475332736969,-1.8721659183502197,-6.252375602722168,6.30502462387085,113.65261840820312,196.94705200195312,-63.18583297729492
1781547275340722,124876279,-0.03633798658847809,-0.0029990822076797485,-0.43514883518218994,0.8996201157569885,-2.6445178985595703,-6.867033004760742,7.562877178192139,128.2506103515625,192.64781188964844,-65.9884262084961
1781547275369809,124892946,-0.012410161085426807,-0.020372577011585236,-0.41409769654273987,0.9099198579788208,-2.171846866607666,-7.126452922821045,8.762932777404785,162.4735107421875,174.35464477539062,-99.50613403320312
1781547275371624,124909613,0.014205367304384708,-0.03376056253910065,-0.3895527124404907,0.9202756285667419,-1.4126405715942383,-6.366334438323975,9.727953910827637,184.5327911376953,156.76364135742188,-127.19317626953125
1781547275400559,124926280,0.03977618366479874,-0.046476785093545914,-0.3666169047355652,0.9283587336540222,-1.0049333572387695,-5.946868419647217,10.458669662475586,168.070068359375,150.0765838623047,-122.970703125
1781547275402267,124942947,0.06136497110128403,-0.05974727123975754,-0.34866654872894287,0.933325469493866,-1.3544936180114746,-6.0152363777160645,11.322918891906738,126.94270324707031,143.19760131835938,-98.58746337890625
1781547275429726,124959614,0.0828334242105484,-0.07056744396686554,-0.33256110548973083,0.936782956123352,-1.1569124460220337,-5.721682548522949,11.688556671142578,112.4564437866211,127.0205078125,-105.08147430419922
1781547275432093,124976281,0.10511434823274612,-0.07904543727636337,-0.31587088108062744,0.9396426677703857,-0.6568273901939392,-4.869614601135254,11.738801956176758,116.57640075683594,114.41336822509766,-115.72635650634766
1781547275459862,124992948,0.126858651638031,-0.08820443600416183,-0.2999882102012634,0.9413468837738037,0.01599361002445221,-4.2721476554870605,12.191803932189941,108.0538558959961,117.69290161132812,-112.0521240234375
1781547275461956,125009615,0.1458592414855957,-0.09884379804134369,-0.287540078163147,0.941422164440155,0.6752175092697144,-4.0634026527404785,12.527960777282715,79.4918441772461,119.6068344116211,-94.73664093017578
1781547275490090,125026282,0.16204814612865448,-0.10873299092054367,-0.2776404023170471,0.9406558871269226,0.8008512258529663,-3.4806816577911377,12.932910919189453,60.158660888671875,107.21066284179688,-80.5902328491211
1781547275520423,125042949,0.1781688779592514,-0.11333409696817398,-0.2650233507156372,0.9408368468284607,1.0762192010879517,-2.438089370727539,14.114752769470215,85.36859130859375,75.20325469970703,-87.15311431884766
1781547275521538,125059616,0.1946510225534439,-0.11025837808847427,-0.247323140501976,0.9427542090415955,2.183917999267578,-1.2267842292785645,15.660346031188965,131.086669921875,31.08209800720215,-97.39147186279297
1781547275549897,125076283,0.20736847817897797,-0.1007840484380722,-0.22836577892303467,0.945880651473999,3.6154861450195312,-0.3111773431301117,17.028261184692383,146.97720336914062,-16.02189064025879,-81.2934341430664
1781547275551967,125092950,0.21275359392166138,-0.08730897307395935,-0.21375437080860138,0.9494326114654541,4.660590171813965,0.3847252130508423,17.40768814086914,119.97054290771484,-60.030879974365234,-42.28119659423828
1781547275579759,125109617,0.21033549308776855,-0.07121630012989044,-0.20555980503559113,0.953117311000824,4.639509677886963,0.7441740036010742,16.740497589111328,77.38982391357422,-98.03331756591797,1.1633864641189575
1781547275582061,125126284,0.20205481350421906,-0.05502355843782425,-0.2030940055847168,0.9565034508705139,4.107377052307129,0.97810298204422,15.841248512268066,36.671844482421875,-115.09490203857422,36.21638870239258
1781547275609771,125142951,0.18952104449272156,-0.040653157979249954,-0.2054196000099182,0.9592872262001038,3.8879549503326416,1.076371669769287,15.626016616821289,0.1543196141719818,-115.4600601196289,64.09476470947266
1781547275612107,125159618,0.1728895902633667,-0.02573731169104576,-0.21220529079437256,0.96146559715271,3.9902515411376953,0.9679078459739685,16.514415740966797,-30.576845169067383,-130.47434997558594,88.33184051513672
1781547275639959,125176285,0.15085309743881226,-0.006740955635905266,-0.2235957831144333,0.9629138112068176,3.823613166809082,0.7364256381988525,17.009004592895508,-58.215579986572266,-170.6763916015625,116.45337677001953
1781547275670277,125192952,0.12251461297273636,0.0185262281447649,-0.2392488420009613,0.9630197882652283,3.0674197673797607,0.18655934929847717,16.87217140197754,-82.3194580078125,-226.25686645507812,146.9901123046875
1781547275673054,125209619,0.0876556783914566,0.04831438884139061,-0.26057666540145874,0.9602510929107666,1.5776607990264893,-0.7780420780181885,15.839764595031738,-120.02302551269531,-272.1005554199219,181.0907440185547
1781547275700309,125226286,0.046967633068561554,0.07961015403270721,-0.2903907895088196,0.9524334669113159,-0.513852596282959,-2.088003158569336,14.506898880004883,-182.31402587890625,-299.3431091308594,216.7320098876953
1781547275701334,125242953,0.0005494356155395508,0.11038415133953094,-0.33046773076057434,0.9373399615287781,-3.0379207134246826,-3.7217538356781006,13.31124210357666,-261.1783447265625,-314.7442626953125,258.67718505859375
1781547275731649,125259620,-0.05197319760918617,0.13771644234657288,-0.3838936388492584,0.9115694165229797,-5.570711135864258,-4.735041618347168,11.187263488769531,-367.049560546875,-314.70989990234375,316.1116638183594
1781547275732162,125276287,-0.10986073315143585,0.16155357658863068,-0.4485372304916382,0.8721499443054199,-8.138388633728027,-4.111835479736328,7.134729862213135,-467.3575134277344,-316.0408630371094,374.7100524902344
1781547275760330,125292954,-0.174154132604599,0.1889578253030777,-0.5087342262268066,0.8216781616210938,-11.307869911193848,-2.4181556701660156,1.9971779584884644,-470.45147705078125,-373.0230712890625,405.6830139160156
1781547275761386,125309621,-0.24495282769203186,0.22726184129714966,-0.5462274551391602,0.7681052684783936,-15.190196990966797,-2.181459903717041,-2.854921340942383,-357.38067626953125,-488.7760925292969,378.4519958496094
1781547275789971,125326288,-0.3065233826637268,0.27451181411743164,-0.5557751655578613,0.7223576307296753,-19.23238754272461,-6.41413688659668,-8.458751678466797,-209.5038604736328,-536.0751342773438,238.90109252929688
1781547275820190,125342955,-0.32823097705841064,0.31241822242736816,-0.5581679940223694,0.695059597492218,-21.431438446044922,-10.386991500854492,-15.446950912475586,-158.7499237060547,-317.0301513671875,23.867849349975586
1781547275822084,125359622,-0.3104372024536133,0.328583300113678,-0.5616032481193542,0.6930106282234192,-17.977338790893555,-7.105207443237305,-15.57168197631836,-102.49786376953125,-4.830755710601807,-136.3063201904297
1781547275849842,125376289,-0.2839486598968506,0.3266010880470276,-0.5524064898490906,0.7124269604682922,-12.191056251525879,-3.502601146697998,-11.67374324798584,59.743858337402344,136.76235961914062,-182.10264587402344
1781547275852721,125392956,-0.257077693939209,0.3155459761619568,-0.5288324356079102,0.7447671294212341,-9.189918518066406,-3.7193808555603027,-6.987735271453857,196.2193603515625,183.6567840576172,-207.12155151367188
1781547275879813,125409623,-0.22281749546527863,0.30006951093673706,-0.4985918700695038,0.782123327255249,-7.28458833694458,-4.483248233795166,-2.189544916152954,240.47915649414062,232.33033752441406,-252.3112030029297
1781547275881668,125426290,-0.1761304885149002,0.2813562750816345,-0.4652654826641083,0.8205758929252625,-5.0035624504089355,-4.782097339630127,2.439063787460327,240.2273406982422,289.9696350097656,-316.2152099609375
1781547275909839,125442957,-0.1177276074886322,0.26033881306648254,-0.42882582545280457,0.8570137023925781,-2.8442189693450928,-3.940648317337036,7.901479721069336,231.53005981445312,332.8901062011719,-378.6744079589844
1781547275912922,125459624,-0.05299166962504387,0.24304120242595673,-0.3896206319332123,0.8867462277412415,1.0540010929107666,-3.1952834129333496,12.34463119506836,213.69886779785156,315.3984680175781,-426.56024169921875
1781547275939937,125476291,0.008581135421991348,0.2363959401845932,-0.34712618589401245,0.9074947834014893,6.137703895568848,-1.2603329420089722,15.31195068359375,211.04002380371094,225.6287384033203,-437.9770812988281
1781547275970009,125492958,0.052631545811891556,0.24213840067386627,-0.30170363187789917,0.9206377863883972,12.473793029785156,1.4930790662765503,18.097599029541016,240.29461669921875,94.16255187988281,-363.2147521972656
1781547275973413,125509625,0.07875356078147888,0.2509128749370575,-0.2695799171924591,0.9263731837272644,16.684476852416992,2.4588191509246826,18.014663696289062,171.53775024414062,20.579280853271484,-236.34996032714844
1781547276000051,125526292,0.09581173956394196,0.2505076825618744,-0.25926774740219116,0.9278181195259094,19.384410858154297,6.3766350746154785,17.799278259277344,35.241844177246094,43.043209075927734,-126.20500946044922
1781547276001865,125542959,0.09708455204963684,0.24666255712509155,-0.26516690850257874,0.9270483255386353,20.710729598999023,8.183610916137695,17.60564613342285,-47.245819091796875,22.369823455810547,7.136646270751953
1781547276029947,125559626,0.08064576983451843,0.2481200397014618,-0.2812596261501312,0.9234856963157654,18.38559341430664,7.23939323425293,15.340946197509766,-83.78860473632812,-55.24128341674805,125.84236907958984
1781547276031699,125576293,0.051709190011024475,0.2518446743488312,-0.3052186965942383,0.9169198274612427,14.165040016174316,5.00937557220459,12.842409133911133,-117.02314758300781,-103.28569030761719,212.6533660888672
1781547276060526,125592960,0.013886068016290665,0.2528553605079651,-0.33687475323677063,0.9068555235862732,10.00661849975586,1.9641695022583008,11.292203903198242,-158.5290985107422,-113.62483215332031,286.5660705566406
1781547276062606,125609627,-0.03142498806118965,0.24892683327198029,-0.3770350515842438,0.8915674686431885,5.695137977600098,-1.0801727771759033,10.312365531921387,-211.18881225585938,-110.0789566040039,359.1247253417969
1781547276089833,125626294,-0.08243929594755173,0.24038024246692657,-0.42473796010017395,0.8689183592796326,0.8016563653945923,-4.075467109680176,8.61439037322998,-265.85528564453125,-107.54942321777344,420.7264099121094
1781547276119633,125642961,-0.13780242204666138,0.23507638275623322,-0.46995943784713745,0.8395759463310242,-5.440453052520752,-7.3385772705078125,5.051207065582275,-265.24652099609375,-152.15052795410156,436.99163818359375
1781547276121846,125659628,-0.19179688394069672,0.2429473102092743,-0.4930305480957031,0.8130877017974854,-13.277219772338867,-11.38012409210205,-1.5522080659866333,-142.67640686035156,-240.1771240234375,347.8115539550781
1781547276149638,125676295,-0.22318120300769806,0.2560240924358368,-0.49182912707328796,0.8017144203186035,-20.877553939819336,-16.55620765686035,-9.994769096374512,-0.24630554020404816,-199.28427124023438,143.03433227539062
1781547276151787,125692962,-0.22016079723834991,0.2591671943664551,-0.4799940288066864,0.8086825013160706,-21.119430541992188,-15.42878246307373,-11.64755916595459,75.13186645507812,-12.199337005615234,-59.99095916748047
1781547276179947,125709629,-0.19801971316337585,0.2500568926334381,-0.4638296365737915,0.826511800289154,-14.226517677307129,-10.195975303649902,-9.660086631774902,119.60411071777344,131.83445739746094,-150.1256103515625
1781547276182472,125726296,-0.16650065779685974,0.2282184511423111,-0.442711740732193,0.8509995341300964,-9.339648246765137,-7.110703945159912,-6.545546531677246,170.29017639160156,238.83412170410156,-180.50479125976562
1781547276209963,125742963,-0.1268581748008728,0.19612866640090942,-0.41575291752815247,0.8789710402488708,-6.52176570892334,-5.6123762130737305,-0.217045396566391,214.17288208007812,322.4316711425781,-210.07858276367188
1781547276212013,125759630,-0.07661092281341553,0.16374072432518005,-0.38305211067199707,0.9058647751808167,-3.7916648387908936,-4.5871405601501465,7.591912269592285,231.83421325683594,348.1653137207031,-280.2340087890625
1781547276240104,125776297,-0.020113706588745117,0.14124850928783417,-0.3424152135848999,0.9286530017852783,3.0349903106689453,-0.09256339073181152,14.489677429199219,258.2456359863281,294.1571960449219,-352.08758544921875
1781547276269972,125792964,0.02045615017414093,0.13594472408294678,-0.29897239804267883,0.9443072080612183,12.897003173828125,4.011977672576904,22.332307815551758,272.3475646972656,139.3979949951172,-292.4232482910156
1781547276271558,125809631,0.03412129729986191,0.13834986090660095,-0.27929678559303284,0.9495728015899658,16.931476593017578,3.3707449436187744,23.707897186279297,122.6952133178711,20.920833587646484,-112.63133239746094
1781547276299891,125826298,0.03264570236206055,0.1379041075706482,-0.28488558530807495,0.9480279684066772,15.341216087341309,3.797564744949341,21.32927894592285,-41.662147521972656,-1.9220925569534302,14.173914909362793
1781547276302736,125842965,0.021460670977830887,0.1365705281496048,-0.303392231464386,0.942783772945404,14.28801155090332,3.318808078765869,19.077789306640625,-124.1612548828125,-21.538537979125977,90.65953826904297
1781547276331711,125859632,-0.0011256523430347443,0.14133165776729584,-0.3275453746318817,0.9342045783996582,11.754645347595215,1.9248850345611572,16.46473503112793,-156.17904663085938,-88.78410339355469,156.71900939941406
1781547276332527,125876299,-0.03263280168175697,0.1504334956407547,-0.3578213155269623,0.9210151433944702,7.785802841186523,-0.04697740077972412,13.585492134094238,-197.32530212402344,-141.20068359375,210.30908203125
1781547276359775,125892966,-0.07018087804317474,0.15968790650367737,-0.39459604024887085,0.902146577835083,3.831017017364502,-2.0117859840393066,10.665060043334961,-246.31488037109375,-161.46804809570312,256.27362060546875
1781547276362635,125909633,-0.11257591843605042,0.17032316327095032,-0.43275728821754456,0.8780876994132996,-0.277965784072876,-4.287301063537598,7.135608196258545,-264.38970947265625,-188.24813842773438,286.6935119628906
1781547276389938,125926300,-0.15858204662799835,0.1859222948551178,-0.46070632338523865,0.8532493710517883,-5.240293025970459,-7.1104841232299805,3.043001890182495,-204.61639404296875,-237.80503845214844,282.3691711425781
1781547276420499,125942967,-0.201005220413208,0.20601601898670197,-0.4733555018901825,0.8325195908546448,-10.327117919921875,-9.892585754394531,-0.7910172343254089,-111.22875213623047,-264.2351989746094,222.99636840820312
1781547276422106,125959634,-0.2289835512638092,0.22399947047233582,-0.4746195375919342,0.8198336958885193,-13.298640251159668,-12.979937553405762,-5.83451509475708,-37.350341796875,-209.42247009277344,119.83299255371094
1781547276450208,125976301,-0.23413749039173126,0.23137599229812622,-0.4687398672103882,0.8197121024131775,-14.770190238952637,-13.72055721282959,-8.891436576843262,25.517698287963867,-67.02674865722656,-5.0642991065979
1781547276451916,125992968,-0.22286930680274963,0.22610512375831604,-0.4578060507774353,0.8304333090782166,-12.398776054382324,-11.260821342468262,-7.6880974769592285,83.23831176757812,66.27471923828125,-82.41373443603516
1781547276480237,126009635,-0.20546506345272064,0.21092164516448975,-0.443704754114151,0.8464173674583435,-9.986858367919922,-9.438273429870605,-4.772679805755615,123.59808349609375,145.5160675048828,-99.29267120361328
1781547276482621,126026302,-0.17967118322849274,0.19218818843364716,-0.429534912109375,0.8638761639595032,-7.96365213394165,-8.843947410583496,-0.9206413626670837,121.38992309570312,193.8206329345703,-139.52195739746094
1781547276509805,126042969,-0.14595124125480652,0.17306838929653168,-0.412629097700119,0.8823167681694031,-5.389130115509033,-7.269165515899658,2.5461485385894775,130.5849151611328,217.4542694091797,-190.3419189453125
1781547276511808,126059636,-0.10624130815267563,0.15369677543640137,-0.3906897306442261,0.9013609886169434,-2.6664156913757324,-5.96067476272583,5.583202838897705,155.9990692138672,231.66253662109375,-232.61322021484375
1781547276539998,126076303,-0.062230031937360764,0.13370749354362488,-0.3648139536380768,0.9193261861801147,-0.6879964470863342,-4.645634174346924,8.772782325744629,173.43106079101562,243.04888916015625,-261.0205078125
1781547276569814,126092970,-0.016435950994491577,0.11588434129953384,-0.33900752663612366,0.9334745407104492,1.2028357982635498,-3.537187099456787,12.457053184509277,160.8424835205078,230.33688354492188,-276.0272521972656
1781547276572098,126109637,0.02594669908285141,0.10255458950996399,-0.3174336552619934,0.94236159324646,4.182803153991699,-2.049699306488037,14.729227066040039,123.5756607055664,189.78477478027344,-260.58953857421875
1781547276599725,126126304,0.0563400462269783,0.09184910356998444,-0.30346453189849854,0.9467307925224304,6.413914680480957,-1.4569121599197388,15.008000373840332,73.30528259277344,142.02667236328125,-183.99789428710938
1781547276601886,126142971,0.07474835962057114,0.08333073556423187,-0.2974857687950134,0.9481407999992371,7.109557628631592,-1.3720173835754395,13.950039863586426,23.49686622619629,97.80714416503906,-106.6044921875
1781547276629779,126159638,0.08464667946100235,0.07607904076576233,-0.2971263527870178,0.9480310678482056,6.6163716316223145,-1.449542760848999,12.401768684387207,-10.743271827697754,68.39141845703125,-51.26062774658203
1781547276631387,126176305,0.08883365243673325,0.06788443773984909,-0.3018741011619568,0.9467694759368896,5.790134429931641,-1.9240268468856812,11.135579109191895,-43.9675178527832,59.30567169189453,-10.093087196350098
1781547276659725,126192972,0.08864451199769974,0.057853735983371735,-0.3110833764076233,0.9444693922996521,4.605062007904053,-2.653959035873413,10.191390991210938,-74.2629165649414,58.97581481933594,23.66314697265625
1781547276662030,126209639,0.08586405217647552,0.04774165153503418,-0.32115641236305237,0.9419166445732117,3.4630231857299805,-3.570862054824829,9.543673515319824,-79.44580841064453,53.342445373535156,40.8621826171875
1781547276690122,126226306,0.0812753289937973,0.03963518515229225,-0.32925063371658325,0.9399028420448303,2.651724338531494,-4.4060750007629395,8.892448425292969,-63.67231369018555,37.710670471191406,47.81743621826172
1781547276720374,126242973,0.07535697519779205,0.03421169891953468,-0.3356034457683563,0.9383609294891357,1.8521158695220947,-5.224337100982666,8.271069526672363,-49.49595260620117,18.467967987060547,50.12845230102539
1781547276722486,126259640,0.06819440424442291,0.030907705426216125,-0.3417431116104126,0.9368062615394592,0.9645640254020691,-6.178524494171143,7.77827262878418,-46.76319122314453,2.032154083251953,53.21050262451172
1781547276749976,126276307,0.06011391803622246,0.027794519439339638,-0.350022554397583,0.9343971014022827,0.08938677608966827,-6.989445209503174,6.996119499206543,-62.2694206237793,-2.538322687149048,58.728946685791016
1781547276754396,126292974,0.05162839964032173,0.02246391400694847,-0.36128583550453186,0.930753767490387,-0.5880604386329651,-7.815176963806152,5.85999870300293,-85.24585723876953,9.261944770812988,66.72618865966797
1781547276780517,126309641,0.04473389685153961,0.01484370231628418,-0.37336793541908264,0.9264854192733765,-1.195895791053772,-8.252533912658691,5.15456485748291,-93.089599609375,27.476348876953125,62.13268280029297
1781547276782732,126326308,0.04129725322127342,0.005929173901677132,-0.38298916816711426,0.9228101968765259,-1.3289060592651367,-8.237634658813477,4.935784816741943,-76.63080596923828,45.410945892333984,43.3531608581543
1781547276810462,126342975,0.040863387286663055,-0.0029222022276371717,-0.3887883424758911,0.9204158186912537,-0.8686918616294861,-7.851560592651367,5.459115028381348,-49.10251235961914,54.049625396728516,24.336816787719727
1781547276811941,126359642,0.041615065187215805,-0.010892222635447979,-0.3920118510723114,0.9189538955688477,-0.29109707474708557,-7.5435309410095215,6.107804298400879,-30.031911849975586,52.343109130859375,14.787890434265137
1781547276840491,126376309,0.04193202406167984,-0.018084613606333733,-0.39523693919181824,0.9174434542655945,-0.05323847383260727,-7.307381629943848,6.653891086578369,-29.979127883911133,46.26002502441406,15.42320442199707
1781547276870414,126392976,0.041420694440603256,-0.024570738896727562,-0.3994484841823578,0.9154898524284363,-0.063926562666893,-7.178275108337402,6.886004447937012,-37.30482482910156,39.32489013671875,18.477577209472656
1781547276872198,126409643,0.04087131470441818,-0.030808821320533752,-0.4037071466445923,0.913455605506897,-0.011831577867269516,-7.042360782623291,6.677769184112549,-37.75893783569336,37.65919494628906,18.005022048950195
1781547276899917,126426310,0.040431320667266846,-0.038163233548402786,-0.4079325199127197,0.911317765712738,0.12987995147705078,-6.808048248291016,6.472415447235107,-38.128597259521484,45.005672454833984,20.394550323486328
1781547276902485,126442977,0.039487481117248535,-0.047540709376335144,-0.412500262260437,0.9088588356971741,0.1123858094215393,-6.717465877532959,6.391916751861572,-41.8699951171875,56.25897216796875,29.048078536987305
1781547276930464,126459644,0.03849421441555023,-0.05714936926960945,-0.4171680808067322,0.9062135815620422,-0.15614762902259827,-6.834320068359375,6.984835624694824,-43.10380172729492,57.598670959472656,29.930274963378906
1781547276933257,126476311,0.03781957924365997,-0.06469852477312088,-0.42169129848480225,0.9036372900009155,-0.15283584594726562,-6.877781867980957,7.537497520446777,-41.337764739990234,45.693214416503906,22.11338233947754
1781547276960645,126492978,0.03586694598197937,-0.07072367519140244,-0.42683783173561096,0.9008447527885437,0.05150890350341797,-6.90261173248291,7.6592278480529785,-46.01434326171875,32.455867767333984,25.302770614624023
1781547276961917,126509645,0.03197116777300835,-0.07618384808301926,-0.4334069490432739,0.8974031805992126,-0.0642690509557724,-7.070067882537842,7.344590187072754,-57.542083740234375,23.221792221069336,34.83073806762695
1781547276990178,126526312,0.026833202689886093,-0.0816793218255043,-0.4411821961402893,0.8932899832725525,-0.43687471747398376,-7.24561071395874,6.768375873565674,-67.64936065673828,19.828046798706055,41.82356262207031
1781547277019835,126542979,0.02129492536187172,-0.08771764487028122,-0.4491809606552124,0.8888694643974304,-0.8268572688102722,-7.426901817321777,6.074827671051025,-70.2830810546875,22.081594467163086,45.74888610839844
1781547277021998,126559646,0.01599392294883728,-0.09413924813270569,-0.45573002099990845,0.884981632232666,-1.2968429327011108,-7.610793113708496,5.833935260772705,-59.69297790527344,25.049579620361328,46.43546676635742
1781547277049845,126576313,0.011540122330188751,-0.09952939301729202,-0.4593013525009155,0.8826115727424622,-1.559594750404358,-7.951258182525635,6.058122634887695,-36.156776428222656,20.77322769165039,40.142677307128906
1781547277051963,126592980,0.007472275756299496,-0.10274988412857056,-0.4604170322418213,0.881704568862915,-1.6908084154129028,-8.317953109741211,6.609721660614014,-16.200355529785156,8.021020889282227,32.744834899902344
1781547277079798,126609647,0.003426548093557358,-0.10420049726963043,-0.46088674664497375,0.8813138604164124,-1.734292984008789,-8.551414489746094,6.938101768493652,-10.546059608459473,-2.9689817428588867,27.491466522216797
1781547277081801,126626314,-0.0006581726484000683,-0.1052948534488678,-0.4621419906616211,0.8805325627326965,-1.74854576587677,-8.46369457244873,6.848601818084717,-16.56599235534668,-4.988832950592041,26.0274658203125
1781547277109776,126642981,-0.004532201215624809,-0.1071648821234703,-0.4643353521823883,0.8791403770446777,-1.775641679763794,-8.304987907409668,6.709103107452393,-24.033809661865234,0.8247646689414978,26.540504455566406
1781547277111633,126659648,-0.007990744896233082,-0.10944825410842896,-0.4666179418563843,0.8776245713233948,-1.7586439847946167,-8.18701171875,6.701489448547363,-24.6516056060791,4.745126247406006,25.287525177001953
1781547277140013,126676315,-0.011281751096248627,-0.11145969480276108,-0.4683247208595276,0.8764255046844482,-1.637083649635315,-8.05547046661377,6.549178123474121,-20.05430030822754,3.372826099395752,23.820972442626953
1781547277169772,126692982,-0.014574099332094193,-0.11260312050580978,-0.46907883882522583,0.8758271932601929,-1.6560999155044556,-7.9990620613098145,6.5602216720581055,-12.450910568237305,-2.3929996490478516,21.71824073791504
1781547277171321,126709649,-0.01770702190697193,-0.11241011321544647,-0.46907931566238403,0.8757939338684082,-1.6386247873306274,-7.999268531799316,6.517282009124756,-6.104744911193848,-10.438407897949219,16.977128982543945
1781547277199743,126726316,-0.020974546670913696,-0.11169189214706421,-0.4689651429653168,0.8758748769760132,-1.6696475744247437,-8.007833480834961,6.381555080413818,-5.2178144454956055,-14.13436508178711,16.16998291015625
1781547277202413,126742983,-0.023992380127310753,-0.11089768260717392,-0.4688032567501068,0.8759850263595581,-1.8075180053710938,-8.002575874328613,6.365509510040283,-4.658970355987549,-13.814383506774902,14.455144882202148
1781547277229915,126759650,-0.0264915619045496,-0.1099730134010315,-0.4680408239364624,0.876437246799469,-1.6992236375808716,-7.955265998840332,6.602781772613525,0.43142715096473694,-13.28630542755127,11.313735961914062
1781547277232461,126776317,-0.028944890946149826,-0.10841868817806244,-0.46688172221183777,0.8771710991859436,-1.5975536108016968,-8.008344650268555,6.8132734298706055,3.644404649734497,-17.21589469909668,9.261240005493164
1781547277259916,126792984,-0.03170127421617508,-0.106149822473526,-0.4656941294670105,0.877984344959259,-1.5833837985992432,-7.9976348876953125,6.799074172973633,3.6983349323272705,-22.559921264648438,8.802816390991211
1781547277261810,126809651,-0.034775037318468094,-0.10332627594470978,-0.46469926834106445,0.8787314891815186,-1.590653419494629,-8.004530906677246,6.61355447769165,1.9671566486358643,-26.83161735534668,8.818737983703613
1781547277290701,126826318,-0.03791627287864685,-0.10015375912189484,-0.4636630117893219,0.8795160055160522,-1.5963279008865356,-7.930849552154541,6.537719249725342,2.2016940116882324,-29.189861297607422,8.134446144104004
1781547277319792,126842985,-0.04097776487469673,-0.09647439420223236,-0.462159126996994,0.8805807828903198,-1.4513428211212158,-7.851386547088623,6.6380839347839355,5.842516899108887,-32.31290817260742,6.28770637512207
1781547277322779,126859652,-0.044317666441202164,-0.09216989576816559,-0.4604036808013916,0.8817988038063049,-1.3650680780410767,-7.810370445251465,6.684289455413818,7.488788604736328,-37.15284729003906,6.113212585449219
1781547277349832,126876319,-0.048064056783914566,-0.08713491261005402,-0.45850515365600586,0.8831028342247009,-1.3606879711151123,-7.780954837799072,6.756158351898193,8.144682884216309,-42.96353530883789,6.332700252532959
1781547277352205,126892986,-0.05232984572649002,-0.08140669763088226,-0.4565669596195221,0.8844100832939148,-1.3952546119689941,-7.8381571769714355,6.676205635070801,7.852391242980957,-48.8234748840332,7.327083110809326
1781547277379770,126909653,-0.05697860196232796,-0.07523386925458908,-0.45475131273269653,0.8856041431427002,-1.4525712728500366,-7.8876872062683105,6.636922359466553,6.374905586242676,-52.61906051635742,8.234956741333008
1781547277381800,126926320,-0.061852406710386276,-0.06891972571611404,-0.4534474015235901,0.886459231376648,-1.4676538705825806,-7.866095066070557,6.567366600036621,2.026094675064087,-53.80535888671875,9.034008026123047
1781547277409788,126942987,-0.06678663194179535,-0.06253379583358765,-0.4523509442806244,0.8871345520019531,-1.4220088720321655,-7.769514083862305,6.624122142791748,0.14099301397800446,-54.256675720214844,9.159639358520508
1781547277411889,126959654,-0.07199085503816605,-0.055824924260377884,-0.4514298439025879,0.8876441717147827,-1.3320164680480957,-7.755911827087402,6.5605340003967285,-1.7103464603424072,-56.91284942626953,9.805187225341797
1781547277440135,126976321,-0.07774914056062698,-0.048647597432136536,-0.4507925510406494,0.8879047632217407,-1.4544094800949097,-7.763879776000977,6.426108360290527,-4.661113739013672,-61.254249572753906,11.75009536743164
1781547277470708,126992988,-0.08389810472726822,-0.0408535934984684,-0.44995391368865967,0.8881630897521973,-1.5457308292388916,-7.822537422180176,6.229031085968018,-3.8997111320495605,-66.33561706542969,12.2943115234375
1781547277473044,127009655,-0.08996172249317169,-0.032640282064676285,-0.44853708148002625,0.8886260390281677,-1.5987040996551514,-7.846573829650879,6.003589153289795,0.046660736203193665,-69.02294158935547,10.522345542907715
1781547277500523,127026322,-0.09575928747653961,-0.024507910013198853,-0.4466989040374756,0.8892073035240173,-1.5337562561035156,-7.766950607299805,5.894730091094971,3.0972092151641846,-67.99562072753906,9.16909408569336
1781547277502735,127042989,-0.10130646824836731,-0.016774458810687065,-0.4446758031845093,0.8897860646247864,-1.457101821899414,-7.663422107696533,5.8968048095703125,4.526069641113281,-64.90884399414062,8.897468566894531
1781547277530311,127059656,-0.10666647553443909,-0.009660330601036549,-0.44276556372642517,0.8902178406715393,-1.2908928394317627,-7.540805339813232,5.948920726776123,3.841475486755371,-60.45242691040039,9.736163139343262
1781547277533027,127076323,-0.11215423792600632,-0.003123772330582142,-0.44124314188957214,0.8903462290763855,-1.1824374198913574,-7.437933444976807,5.965684413909912,0.9603533148765564,-57.001800537109375,12.474103927612305
1781547277559801,127092990,-0.11801153421401978,0.0029420768842101097,-0.44001877307891846,0.8901956677436829,-1.1039401292800903,-7.3592000007629395,5.884892463684082,-1.3542617559432983,-55.00562286376953,16.37366485595703
1781547277562141,127109657,-0.12439613789319992,0.008749909698963165,-0.43869027495384216,0.8899438381195068,-1.1881506443023682,-7.422723293304443,5.8098320960998535,-0.8021996021270752,-55.108192443847656,20.462806701660156
1781547277590022,127126324,-0.13133543729782104,0.014550019055604935,-0.4368142783641815,0.8897937536239624,-1.316017985343933,-7.488547325134277,5.776803016662598,2.896381139755249,-57.19608688354492,23.76062774658203
1781547277619915,127142991,-0.1383911371231079,0.02033405378460884,-0.43414506316185,0.8899171948432922,-1.2984263896942139,-7.434746265411377,5.7537431716918945,8.599477767944336,-58.13764953613281,24.195068359375
1781547277622961,127159658,-0.14535966515541077,0.0257051233202219,-0.43103906512260437,0.8901770710945129,-1.2568118572235107,-7.391840934753418,5.712177276611328,12.062447547912598,-55.74710464477539,24.703062057495117
1781547277650385,127176325,-0.1525508463382721,0.030573934316635132,-0.42782604694366455,0.890369713306427,-0.8742804527282715,-7.2228169441223145,5.6985673904418945,13.0616455078125,-53.45247268676758,27.601980209350586
1781547277651781,127192992,-0.16139443218708038,0.03497882932424545,-0.4248186945915222,0.8900883793830872,-0.5864837169647217,-6.8481950759887695,5.925761699676514,11.244938850402832,-55.35655212402344,39.6236572265625
1781547277680582,127209659,-0.17218878865242004,0.03828759491443634,-0.42203500866889954,0.8892534971237183,-0.6840347051620483,-6.713556289672852,5.962327003479004,9.946208953857422,-54.230003356933594,55.43289566040039
1781547277683937,127226326,-0.183714359998703,0.041366346180438995,-0.4194585680961609,0.8880271911621094,-0.934951663017273,-7.015505790710449,6.009514808654785,8.010018348693848,-54.80110168457031,61.0894775390625
1781547277710593,127242993,-0.1952575296163559,0.04434003680944443,-0.4162375330924988,0.8869355320930481,-1.5774420499801636,-7.2151899337768555,6.318928241729736,12.473859786987305,-54.98535919189453,61.147315979003906
1781547277712049,127259660,-0.20528823137283325,0.04768015816807747,-0.41329115629196167,0.8858746886253357,-1.284558653831482,-7.466213226318359,6.141528606414795,9.936067581176758,-52.51377868652344,50.91572952270508
1781547277739998,127276327,-0.21548382937908173,0.051366496831178665,-0.41097110509872437,0.8843252062797546,-0.718758225440979,-7.018507480621338,6.446806907653809,4.301117897033691,-54.36713790893555,51.831172943115234
1781547277769820,127292994,-0.22752134501934052,0.05556204542517662,-0.40913811326026917,0.8819030523300171,-0.08923690021038055,-6.532026290893555,6.576098442077637,-1.228380560874939,-62.25364303588867,63.05827331542969
1781547277771470,127309661,-0.2421121448278427,0.06054231524467468,-0.4062610864639282,0.8790156841278076,0.14456865191459656,-6.161902904510498,6.464823246002197,3.541645050048828,-76.00244903564453,76.66629028320312
1781547277800162,127326328,-0.25941959023475647,0.06508387625217438,-0.40035396814346313,0.8764601349830627,-0.1948486566543579,-6.319559574127197,6.353057861328125,24.64478874206543,-85.84226989746094,92.50259399414062
1781547277801825,127342995,-0.27893152832984924,0.06808651238679886,-0.3912297785282135,0.8743574619293213,-0.2979455590248108,-6.835400581359863,6.364887237548828,49.012794494628906,-88.1689682006836,107.78164672851562
1781547277829820,127359662,-0.30155500769615173,0.07037784904241562,-0.37973663210868835,0.8717291951179504,-0.39781221747398376,-6.290446758270264,6.745565891265869,64.67002868652344,-97.05035400390625,128.30552673339844
1781547277833412,127376329,-0.3216352164745331,0.07349317520856857,-0.3656550943851471,0.8703137636184692,-0.6895938515663147,-6.701507091522217,7.145354747772217,80.41549682617188,-100.12216186523438,107.1431884765625
1781547277860401,127392996,-0.3406974971294403,0.07973277568817139,-0.3528759777545929,0.8677825927734375,-0.06302320957183838,-6.5909271240234375,7.668773651123047,62.39690017700195,-113.9377670288086,96.32125854492188
1781547277861338,127409663,-0.35825881361961365,0.08810895681381226,-0.3454663157463074,0.8628677725791931,-0.7714183330535889,-6.852283000946045,8.09782886505127,18.749908447265625,-111.76512145996094,90.71109771728516
1781547277890128,127426330,-0.37589165568351746,0.09976362437009811,-0.3430274426937103,0.8550350666046143,-1.0508891344070435,-7.133795261383057,7.923232078552246,-25.701168060302734,-120.908203125,93.54986572265625
1781547277923026,127442997,-0.407470166683197,0.11398039758205414,-0.33488839864730835,0.8419182896614075,-0.23173865675926208,-8.13779067993164,6.922732353210449,-1.6992672681808472,-187.2490997314453,179.27276611328125
1781547277923436,127459664,-0.43050649762153625,0.12233705818653107,-0.3269593417644501,0.8323435187339783,-2.26200270652771,-6.204728126525879,7.954439640045166,14.980765342712402,-130.26390075683594,133.5380859375
1781547277949722,127476331,-0.4448007047176361,0.13305622339248657,-0.31846368312835693,0.8264559507369995,-3.1673853397369385,-6.329087734222412,7.9386749267578125,12.169085502624512,-122.70292663574219,66.79239654541016
1781547277952564,127492998,-0.45604419708251953,0.14934125542640686,-0.30646735429763794,0.8220698237419128,0.3040164113044739,-7.112324237823486,6.1728515625,15.539783477783203,-156.9950714111328,29.469507217407227
1781547277979661,127509665,-0.47223782539367676,0.17201656103134155,-0.28430959582328796,0.8164372444152832,-2.141975164413452,-5.489049911499023,4.630218029022217,55.414794921875,-236.71812438964844,37.46512222290039
1781547277981928,127526332,-0.4903416633605957,0.2097032517194748,-0.2513577342033386,0.8077182769775391,-2.077497959136963,-6.185903072357178,7.034424781799316,63.52470016479492,-363.5428466796875,16.09223747253418
1781547278009687,127542999,-0.5072497129440308,0.24715210497379303,-0.2221217155456543,0.7951574921607971,-3.355158805847168,-7.4770588874816895,11.118690490722656,35.32221984863281,-353.1576843261719,28.168983459472656
1781547278011519,127559666,-0.5006994009017944,0.2656865417957306,-0.20282325148582458,0.7984820604324341,0.28517162799835205,-6.262221813201904,10.912739753723145,31.34197235107422,-152.153564453125,-109.74781799316406
1781547278040119,127576333,-0.4959665536880493,0.2810799777507782,-0.18979892134666443,0.7993671894073486,3.381007432937622,-7.7221221923828125,8.891303062438965,7.618661880493164,-120.29889678955078,-75.52762603759766
1781547278069831,127593000,-0.5071925520896912,0.2913474440574646,-0.18240389227867126,0.7903172969818115,4.026796817779541,-6.066407680511475,8.063212394714355,12.040846824645996,-112.95206451416016,63.636348724365234
1781547278071577,127609667,-0.5179479122161865,0.30131885409355164,-0.17263565957546234,0.7817506790161133,1.8987822532653809,-4.697701930999756,7.3150553703308105,25.635587692260742,-118.05745697021484,55.012245178222656
1781547278100362,127626334,-0.5098374485969543,0.30889013409614563,-0.16074906289577484,0.7866463661193848,0.4485468864440918,-2.175208330154419,6.378048896789551,22.460922241210938,-62.41722106933594,-95.87793731689453
1781547278101755,127643001,-0.4998582899570465,0.3107794523239136,-0.1482153981924057,0.7947264313697815,4.679776668548584,-4.447332382202148,7.001816749572754,45.420387268066406,-25.131250381469727,-112.24514770507812
1781547278130281,127659668,-0.4973921775817871,0.3081701099872589,-0.14060796797275543,0.7986624836921692,2.9759151935577393,-4.26242733001709,6.626225471496582,45.788909912109375,-0.12445377558469772,-41.832401275634766
1781547278131439,127676335,-0.4973992109298706,0.3046409785747528,-0.13219259679317474,0.801444411277771,2.5407986640930176,-4.317996978759766,7.312121391296387,57.49348831176758,-2.6727476119995117,-25.129053115844727
1781547278159962,127693002,-0.4971298575401306,0.3050670921802521,-0.12174428254365921,0.8031030297279358,2.4638044834136963,-4.667466163635254,7.742824077606201,53.56759262084961,-33.523773193359375,-30.665042877197266
1781547278161879,127709669,-0.4984903633594513,0.30757224559783936,-0.10846292227506638,0.8032076954841614,2.762577772140503,-5.1228790283203125,7.780624866485596,64.22224426269531,-59.314300537109375,-24.040555953979492
1781547278190178,127726336,-0.5023338794708252,0.3099968731403351,-0.09623895585536957,0.801436722278595,3.5426619052886963,-5.312812805175781,9.252825736999512,62.512454986572266,-61.06636428833008,-1.6057034730911255
1781547278219948,127743003,-0.5059847235679626,0.3140546381473541,-0.08910859376192093,0.798379123210907,4.111058712005615,-5.512497901916504,9.19655990600586,27.54170036315918,-55.09072494506836,11.549023628234863
1781547278222114,127759670,-0.5106863975524902,0.31999972462654114,-0.08573704957962036,0.7933780550956726,3.8590121269226074,-4.602300643920898,8.391682624816895,1.4228260517120361,-57.21626281738281,31.03754425048828
1781547278249689,127776337,-0.5168461203575134,0.3272194564342499,-0.08153285831212997,0.7868609428405762,3.872927188873291,-3.8670272827148438,8.046252250671387,3.803455352783203,-71.29032135009766,41.730289459228516
1781547278251290,127793004,-0.522296130657196,0.33379098773002625,-0.0740739181637764,0.7812190651893616,3.5892512798309326,-3.5433101654052734,8.113370895385742,22.60811424255371,-76.98375701904297,27.821842193603516
1781547278279656,127809671,-0.5248665809631348,0.3374890983104706,-0.06207217648625374,0.7789499759674072,3.213266134262085,-4.3445024490356445,8.16734790802002,52.43327713012695,-68.65997314453125,-8.7189359664917
1781547278281669,127826338,-0.5270306468009949,0.33997926115989685,-0.05274461209774017,0.7770913243293762,3.6559345722198486,-5.259613513946533,8.8034086227417,41.70094680786133,-51.41805648803711,-5.658509731292725
1781547278310172,127843005,-0.5298193693161011,0.34180381894111633,-0.04913533478975296,0.7746273279190063,4.204013347625732,-5.162052631378174,8.77875804901123,14.801508903503418,-28.787799835205078,13.476646423339844
1781547278312108,127859672,-0.5335675477981567,0.34318819642066956,-0.050802092999219894,0.7713279724121094,4.407790660858154,-4.696633338928223,8.352595329284668,-9.720857620239258,-9.515661239624023,34.17433166503906
1781547278339882,127876339,-0.537946343421936,0.3436567783355713,-0.05550757423043251,0.7677451968193054,3.6164114475250244,-4.191370487213135,7.12694787979126,-21.087356567382812,5.597174644470215,46.04792022705078
1781547278369973,127893006,-0.5414746999740601,0.3425824046134949,-0.05833461880683899,0.7655322551727295,3.078610897064209,-3.311755657196045,6.651828289031982,-6.951879978179932,10.35226821899414,32.64067459106445
1781547278372503,127909673,-0.5447794198989868,0.3437572419643402,-0.056838784366846085,0.7627685070037842,3.381835699081421,-4.620169639587402,7.1497416496276855,6.677731513977051,-18.789854049682617,22.428258895874023
1781547278400372,127926340,-0.5487818121910095,0.3480335772037506,-0.05833811312913895,0.7578309774398804,3.5687761306762695,-4.9823527336120605,7.995307445526123,-19.846378326416016,-29.250036239624023,40.094181060791016
1781547278403444,127943007,-0.5515142679214478,0.3490200638771057,-0.06645582616329193,0.7547190189361572,4.761702537536621,-5.237513065338135,10.051200866699219,-44.22426223754883,17.736804962158203,43.743614196777344
1781547278430884,127959674,-0.5593010187149048,0.34601476788520813,-0.08495388925075531,0.7484911680221558,3.343144178390503,-5.489659786224365,7.181689739227295,-72.25448608398438,68.02542877197266,108.52470397949219
1781547278432885,127976341,-0.5646328926086426,0.34155240654945374,-0.10209202021360397,0.7443848848342896,4.231767177581787,-4.924214839935303,8.096932411193848,-64.24964141845703,76.77181243896484,85.3441162109375
1781547278459887,127993008,-0.5688700079917908,0.34081342816352844,-0.1148998811841011,0.7396156191825867,3.3321375846862793,-5.609619617462158,8.702558517456055,-59.579925537109375,40.11343765258789,69.5300064086914
1781547278462523,128009675,-0.5703791379928589,0.33987486362457275,-0.12145780026912689,0.7378352880477905,2.3042097091674805,-5.744851589202881,9.064656257629395,-31.049497604370117,25.837488174438477,29.476573944091797
1781547278489952,128026342,-0.5706033706665039,0.33836621046066284,-0.12320718914270401,0.7380651235580444,2.0324742794036865,-5.934304714202881,8.299501419067383,-5.7478790283203125,15.636674880981445,4.310422897338867
1781547278520200,128043009,-0.5708910226821899,0.33830010890960693,-0.12351711839437485,0.7378212809562683,2.6629433631896973,-5.449830532073975,7.927353858947754,-4.3570146560668945,1.506161093711853,1.917168140411377
1781547278522675,128059676,-0.572059690952301,0.3393828272819519,-0.12368375062942505,0.7363894581794739,3.4113216400146484,-5.335644721984863,7.518586158752441,-7.100960731506348,-8.398090362548828,9.738102912902832
1781547278550719,128076343,-0.574063777923584,0.3436102271080017,-0.12591826915740967,0.7324803471565247,3.3056137561798096,-5.2147603034973145,7.333737373352051,-30.098041534423828,-22.67749786376953,25.862789154052734
1781547278552161,128093010,-0.5753012895584106,0.3458891212940216,-0.1310747265815735,0.7295262217521667,2.596673011779785,-5.617194652557373,7.185819625854492,-38.10823440551758,1.5870198011398315,26.822290420532227
1781547278579942,128109677,-0.5763569474220276,0.3469866216182709,-0.1401190310716629,0.726484477519989,1.9494649171829224,-5.970704555511475,6.902669906616211,-53.448326110839844,22.843454360961914,36.56591796875
1781547278582670,128126344,-0.5782105922698975,0.3494654595851898,-0.15029972791671753,0.721773087978363,2.147026777267456,-5.881452560424805,7.127265930175781,-64.30316162109375,15.691668510437012,48.54391098022461
1781547278610176,128143011,-0.5882107615470886,0.3327808976173401,-0.1503150910139084,0.7215750813484192,3.6315789222717285,-6.253787040710449,6.883677005767822,86.56787872314453,72.80499267578125,66.40621948242188
1781547278613433,128159678,-0.5974138379096985,0.3112989366054535,-0.14864902198314667,0.7239428162574768,2.0955140590667725,-4.945791721343994,7.845654010772705,115.14559936523438,96.5064697265625,53.18869400024414
1781547278640774,128176345,-0.6049998998641968,0.28991398215293884,-0.14818060398101807,0.7266137599945068,2.159722089767456,-5.641987323760986,9.084024429321289,105.62918853759766,103.24132537841797,46.35735321044922
1781547278670413,128193012,-0.6093819737434387,0.2756463289260864,-0.14738215506076813,0.728663980960846,1.0098243951797485,-5.660261631011963,9.128357887268066,70.64405822753906,68.33130645751953,25.019371032714844
1781547278672557,128209679,-0.6116917729377747,0.2653203308582306,-0.1460578739643097,0.7308252453804016,1.483289361000061,-5.371189117431641,8.760610580444336,52.94475555419922,48.684349060058594,9.178346633911133
1781547278700795,128226346,-0.612729012966156,0.25953924655914307,-0.14422322809696198,0.7323949933052063,2.233330488204956,-5.559709072113037,8.695687294006348,33.477169036865234,23.896257400512695,-0.22521378099918365
1781547278701946,128243013,-0.6139875650405884,0.25648266077041626,-0.14145664870738983,0.732957124710083,2.376204490661621,-5.156937599182129,8.483463287353516,26.08778190612793,4.233705997467041,0.7705790996551514
1781547278729873,128259680,-0.6169822216033936,0.25323250889778137,-0.139051616191864,0.7320321202278137,2.0756258964538574,-4.872568607330322,8.049544334411621,26.697509765625,2.4257421493530273,16.623870849609375
1781547278733529,128276347,-0.6190267205238342,0.24579499661922455,-0.13703763484954834,0.7332199811935425,1.89399254322052,-4.241879940032959,7.960110187530518,42.85734939575195,29.747295379638672,7.563933372497559
1781547278759978,128293014,-0.6189665198326111,0.23511148989200592,-0.13619515299797058,0.736922025680542,1.9585236310958862,-5.223205089569092,8.707730293273926,49.57758712768555,57.32987594604492,-8.708855628967285
1781547278763711,128309681,-0.6154702305793762,0.22834546864032745,-0.1362873911857605,0.7419438362121582,1.1623539924621582,-5.076861381530762,9.492706298828125,23.852161407470703,46.809810638427734,-33.89234161376953
1781547278790664,128326348,-0.6107960343360901,0.22484618425369263,-0.13505391776561737,0.7470829486846924,0.7379245758056641,-4.586843013763428,9.038556098937988,15.051005363464355,25.819425582885742,-45.54073715209961
1781547278821130,128343015,-0.609447181224823,0.2224595844745636,-0.13103488087654114,0.7496104836463928,0.6704174280166626,-4.593376159667969,8.78986930847168,27.400981903076172,1.2770484685897827,-22.834693908691406
1781547278822517,128359682,-0.6107509732246399,0.21988171339035034,-0.12665177881717682,0.7500632405281067,1.1834572553634644,-4.335306644439697,8.890310287475586,32.26618576049805,-4.8296637535095215,-0.8552625179290771
1781547278850507,128376349,-0.6131803393363953,0.21636246144771576,-0.12071520835161209,0.750083327293396,1.2937251329421997,-4.073838710784912,8.728957176208496,45.55409622192383,-8.134846687316895,5.2372283935546875
1781547278851692,128393016,-0.6163585186004639,0.21226881444454193,-0.11347838491201401,0.7497777938842773,1.6713972091674805,-4.5544939041137695,9.066729545593262,55.52372360229492,-11.761832237243652,9.014884948730469
1781547278879994,128409683,-0.6190624237060547,0.2099597156047821,-0.10702162235975266,0.7491496801376343,1.4350440502166748,-4.20759391784668,9.188478469848633,42.9957389831543,-17.756912231445312,7.6839919090271
1781547278882501,128426350,-0.6188386678695679,0.2069331258535385,-0.09969580918550491,0.7511847019195557,1.2995105981826782,-4.193094730377197,8.795795440673828,48.25856018066406,-11.763238906860352,-19.45762825012207
1781547278911078,128443017,-0.6175617575645447,0.20235413312911987,-0.09388706088066101,0.7542251944541931,1.3454115390777588,-4.276491165161133,8.838750839233398,46.22055435180664,4.859372138977051,-25.952285766601562
1781547278913383,128459684,-0.6155710816383362,0.19608931243419647,-0.0873214453458786,0.7582851052284241,1.305729866027832,-4.341850757598877,8.78840446472168,56.970787048339844,12.26488208770752,-33.947998046875
1781547278940208,128476351,-0.6122108697891235,0.18978194892406464,-0.0814262107014656,0.7632500529289246,1.666211485862732,-3.938209056854248,9.20327377319336,52.35603713989258,17.3636474609375,-43.98897171020508
1781547278969921,128493018,-0.6098296642303467,0.18528494238853455,-0.07663385570049286,0.7667494416236877,1.5154707431793213,-2.761462450027466,10.12288761138916,39.40657043457031,10.043596267700195,-32.25677490234375
1781547278972201,128509685,-0.6098818182945251,0.18348850309848785,-0.07311361283063889,0.7674832940101624,1.572514533996582,-2.8548173904418945,9.774633407592773,23.015905380249023,-3.666900157928467,-7.634673595428467
1781547278999846,128526352,-0.6101915240287781,0.18225406110286713,-0.07032421231269836,0.7677918672561646,1.5578186511993408,-2.7132298946380615,9.70012378692627,16.911449432373047,-4.2353715896606445,-3.8529999256134033
1781547279002352,128543019,-0.6104536652565002,0.18101254105567932,-0.06786829233169556,0.7680981159210205,1.4158865213394165,-3.1035473346710205,9.396208763122559,15.117095947265625,-2.780747175216675,-3.671596050262451
1781547279029917,128559686,-0.6102875471115112,0.17988641560077667,-0.06580670922994614,0.7686740159988403,1.5457475185394287,-2.9767203330993652,9.592103958129883,12.14240550994873,-1.2024657726287842,-6.628506660461426
1781547279032244,128576353,-0.6099034547805786,0.17956054210662842,-0.0642455518245697,0.7691868543624878,1.8699249029159546,-3.6735424995422363,9.455337524414062,5.840574264526367,-3.3125040531158447,-7.258961200714111
1781547279059990,128593020,-0.6123671531677246,0.1805822253227234,-0.06321778893470764,0.7670724391937256,1.9609044790267944,-3.8410613536834717,9.251803398132324,-0.27394112944602966,-12.703804969787598,18.880889892578125
1781547279062545,128609687,-0.6153385639190674,0.18186122179031372,-0.06271708756685257,0.764428973197937,1.190195083618164,-3.4548869132995605,9.232710838317871,-3.7341878414154053,-12.718928337097168,24.3287296295166
1781547279090383,128626354,-0.6140874624252319,0.18046708405017853,-0.06062057986855507,0.7659330368041992,0.8943835496902466,-3.3528668880462646,9.220145225524902,12.471807479858398,1.5830782651901245,-16.255199432373047
1781547279119974,128643021,-0.6103792190551758,0.17826630175113678,-0.05988479033112526,0.7694624066352844,1.6327961683273315,-2.6950907707214355,9.604870796203613,6.5088300704956055,15.108416557312012,-35.72256851196289
1781547279122850,128659688,-0.6044210195541382,0.1761893779039383,-0.06074492260813713,0.7745596170425415,1.784403920173645,-3.0735464096069336,9.51745319366455,-4.566951751708984,23.99663543701172,-52.3008918762207
1781547279149995,128676355,-0.597898006439209,0.1734485775232315,-0.06178826093673706,0.780138373374939,1.5941596031188965,-2.6382176876068115,9.533553123474121,-3.265793800354004,29.110881805419922,-56.81119918823242
1781547279152106,128693022,-0.5918237566947937,0.16982175409793854,-0.062008146196603775,0.7855319976806641,1.5419864654541016,-2.7730658054351807,9.310949325561523,5.249375343322754,30.06479263305664,-54.24921798706055
1781547279179914,128709689,-0.586717963218689,0.16492459177970886,-0.05916661396622658,0.790608286857605,1.4431716203689575,-2.616760015487671,9.329652786254883,27.949174880981445,23.68328094482422,-50.760433197021484
1781547279182930,128726356,-0.5812619924545288,0.15903247892856598,-0.05642300471663475,0.7960273623466492,1.2171061038970947,-2.5733084678649902,9.69084358215332,31.173294067382812,30.015478134155273,-53.53060531616211
1781547279209873,128743023,-0.575627326965332,0.15162284672260284,-0.05774040147662163,0.8014546632766724,1.629042625427246,-2.349785566329956,9.507813453674316,14.820181846618652,54.6256103515625,-49.512569427490234
1781547279213393,128759690,-0.5713564157485962,0.14458699524402618,-0.0593310222029686,0.8056837916374207,1.215859055519104,-2.578481435775757,9.910027503967285,12.780998229980469,51.8552131652832,-37.11909103393555
1781547279240540,128776357,-0.567999541759491,0.1377655267715454,-0.06131572648882866,0.8090968132019043,1.1715309619903564,-2.5272977352142334,9.692999839782715,10.332225799560547,51.02898025512695,-28.54682159423828
1781547279270606,128793024,-0.5644799470901489,0.13171230256557465,-0.06192426383495331,0.8125145435333252,0.7934247851371765,-2.578986406326294,9.85076904296875,14.835738182067871,41.45208740234375,-31.098779678344727
1781547279272086,128809691,-0.5603734254837036,0.1258106827735901,-0.06325922906398773,0.8161811828613281,1.0903866291046143,-2.1819093227386475,9.791801452636719,9.765342712402344,43.896480560302734,-34.7496337890625
1781547279300067,128826358,-0.5559760332107544,0.11951768398284912,-0.06493626534938812,0.8199934959411621,1.1827454566955566,-2.0033788681030273,9.979338645935059,9.165426254272461,47.66205596923828,-36.47788619995117
1781547279302192,128843025,-0.5522539615631104,0.11782267689704895,-0.0653097853064537,0.8227200508117676,1.0801842212677002,-1.912827968597412,10.391881942749023,-0.9925349354743958,15.56217098236084,-31.644451141357422
1781547279330021,128859692,-0.5501685738563538,0.11629948765039444,-0.06510866433382034,0.8243482112884521,0.8984702229499817,-2.0879709720611572,9.826376914978027,2.4362902641296387,10.782342910766602,-18.75817108154297
1781547279332129,128876359,-0.5477610230445862,0.11471453309059143,-0.0642528235912323,0.8262384533882141,0.668302059173584,-2.329655408859253,9.798646926879883,6.240067005157471,9.008651733398438,-22.07124137878418
1781547279359893,128893026,-0.5454661846160889,0.1129257008433342,-0.06364760547876358,0.8280479907989502,0.5521228909492493,-2.4158949851989746,9.828865051269531,5.6380133628845215,10.99487018585205,-20.839738845825195
1781547279361946,128909693,-0.5428136587142944,0.1111130341887474,-0.06289037317037582,0.830091655254364,0.5196666717529297,-2.184434413909912,9.79368782043457,6.418705463409424,10.896021842956543,-23.86110496520996
1781547279390065,128926360,-0.5402706265449524,0.10945041477680206,-0.06147562339901924,0.8320752382278442,0.7424764633178711,-2.1250667572021484,9.922148704528809,9.669503211975098,7.489793300628662,-23.580467224121094
1781547279420056,128943027,-0.5378168225288391,0.10774830728769302,-0.05978457257151604,0.8340080976486206,0.8022159934043884,-2.1112585067749023,9.811479568481445,11.442713737487793,6.611774921417236,-23.072551727294922
1781547279422212,128959694,-0.5358762145042419,0.1060323417186737,-0.058289799839258194,0.8355814218521118,0.7801372408866882,-2.1007747650146484,9.922019958496094,10.601171493530273,6.938344955444336,-18.649202346801758
1781547279449971,128976361,-0.534174382686615,0.1045447587966919,-0.05697710067033768,0.8369479775428772,0.8443726897239685,-2.003122568130493,9.890899658203125,8.805357933044434,6.049118995666504,-16.473587036132812
1781547279453075,128993028,-0.5327937602996826,0.10323159396648407,-0.05551500618457794,0.8380884528160095,0.8303920030593872,-1.900628924369812,9.963748931884766,9.166851997375488,4.207818984985352,-13.97117805480957
1781547279480493,129009695,-0.5316391587257385,0.10190054029226303,-0.05448048934340477,0.8390519618988037,0.7008380889892578,-2.0272727012634277,9.889583587646484,6.861346244812012,5.6636061668396,-11.710442543029785
1781547279482524,129026362,-0.5301507711410522,0.10075336694717407,-0.05330706015229225,0.8402067422866821,0.7371139526367188,-1.9299139976501465,9.97707462310791,6.828832149505615,4.352619647979736,-14.500835418701172
1781547279510361,129043029,-0.5288522839546204,0.10000696033239365,-0.05245443806052208,0.8411674499511719,0.7191898226737976,-1.9576643705368042,9.947181701660156,3.575465202331543,3.0014071464538574,-12.620487213134766
1781547279512883,129059696,-0.5275006294250488,0.0992882251739502,-0.05181580036878586,0.8421401977539062,0.7632302641868591,-1.87223482131958,9.94589614868164,2.2055044174194336,3.6453487873077393,-12.835774421691895
1781547279540178,129076363,-0.5266560912132263,0.09881792962551117,-0.05096679925918579,0.8427757024765015,0.8005058765411377,-1.7431639432907104,9.942917823791504,2.7485570907592773,1.031455636024475,-8.908061027526855
1781547279569965,129093030,-0.5260846018791199,0.09835733473300934,-0.0498664528131485,0.8432523012161255,0.8550648093223572,-1.8412468433380127,9.927872657775879,4.299098968505859,-0.1394355595111847,-6.925074100494385
1781547279572379,129109697,-0.5256989002227783,0.09794812649488449,-0.04892697557806969,0.8435952663421631,0.8173920512199402,-1.8088854551315308,9.969881057739258,3.2606184482574463,-0.010757332667708397,-5.272412300109863
1781547279602245,129126364,-0.5252317786216736,0.09752120822668076,-0.047937605530023575,0.8439923524856567,0.820898175239563,-1.725187063217163,9.930144309997559,3.577089786529541,-0.025138871744275093,-5.968068599700928
1781547279603110,129143031,-0.5249607563018799,0.09717302024364471,-0.047308240085840225,0.8442367315292358,0.6976574063301086,-1.8922635316848755,9.994372367858887,1.2846370935440063,0.6500055193901062,-4.062917232513428
1781547279629872,129159698,-0.5241838097572327,0.09630705416202545,-0.04159647226333618,0.8451189994812012,-0.311038613319397,-2.2605648040771484,9.387077331542969,32.524147033691406,-14.099489212036133,-12.528731346130371
1781547279631828,129176365,-0.5218187570571899,0.09474249184131622,-0.035700730979442596,0.8470270037651062,1.1672362089157104,-0.8415664434432983,10.100030899047852,35.355865478515625,-9.576027870178223,-25.374971389770508
1781547279659872,129193032,-0.5205126404762268,0.09136296063661575,-0.020067410543560982,0.8487147688865662,0.4000908136367798,-2.4112355709075928,7.596261978149414,99.21211242675781,-34.346893310546875,-24.313312530517578
1781547279662004,129209699,-0.5223972797393799,0.07695368677377701,0.038648977875709534,0.8483428955078125,1.5735551118850708,-1.6546745300292969,7.031135559082031,392.0471496582031,-125.9806137084961,-23.866485595703125
1781547279690235,129226366,-0.5239289999008179,0.06164881959557533,0.0649593397974968,0.8470408320426941,2.0910027027130127,3.0040700435638428,16.386993408203125,206.107666015625,-4.872138500213623,-5.652469158172607
1781547279719893,129243033,-0.5232207775115967,0.06719965487718582,0.0395524688065052,0.8486224412918091,1.7194077968597412,0.12986023724079132,9.473851203918457,-172.50570678710938,60.193077087402344,2.1539931297302246
1781547279722263,129259700,-0.5232018232345581,0.06371233612298965,0.04922875389456749,0.848396897315979,0.9328381419181824,-1.3601970672607422,8.403793334960938,65.53387451171875,-13.932136535644531,-5.993134498596191
1781547279749946,129276367,-0.5234902501106262,0.0627281442284584,0.0497782863676548,0.848260223865509,1.4558442831039429,1.675299882888794,12.130953788757324,3.402820348739624,4.439826965332031,0.32620975375175476
1781547279752789,129293034,-0.52267986536026,0.06240030378103256,0.04760322347283363,0.8489087820053101,1.134954571723938,-0.7682547569274902,9.102537155151367,-15.598618507385254,10.37928581237793,-7.5077595710754395
1781547279779932,129309701,-0.5200749039649963,0.062130995094776154,0.04800333082675934,0.8505045175552368,0.8376336097717285,0.4349651038646698,10.73737621307373,-1.8538247346878052,0.6014961004257202,-22.47279930114746
1781547279782230,129326368,-0.5172548294067383,0.06158258393406868,0.04918110370635986,0.8521950244903564,0.9265236854553223,0.03715572506189346,10.128104209899902,3.5683491230010986,-0.5809868574142456,-24.493091583251953
1781547279810537,129343035,-0.5148664712905884,0.06155828386545181,0.04848744720220566,0.8536815643310547,1.706581473350525,0.36971551179885864,9.969809532165527,-9.0070161819458,3.0606396198272705,-20.26858139038086
1781547279812235,129359702,-0.5137690901756287,0.061301782727241516,0.04797060042619705,0.854390025138855,1.5299495458602905,0.34039995074272156,10.053507804870605,-6.3414130210876465,3.8999898433685303,-10.088667869567871
1781547279840188,129376369,-0.5132402777671814,0.06111351400613785,0.04761991277337074,0.8547410368919373,1.146492600440979,0.1475185751914978,10.140857696533203,-5.24927282333374,2.94939923286438,-5.534521579742432
1781547279870815,129393036,-0.5128994584083557,0.06095306947827339,0.047448668628931046,0.8549664616584778,1.227177381515503,0.19364140927791595,10.052823066711426,-4.172334671020508,2.16021990776062,-4.053529739379883
1781547279872561,129409703,-0.51276695728302,0.0608564168214798,0.04741436988115311,0.8550547361373901,1.1931970119476318,0.18916837871074677,10.125200271606445,-3.4599809646606445,1.31194007396698,-2.380751371383667
1781547279900035,129426370,-0.5127702951431274,0.06082514673471451,0.04736130312085152,0.8550578355789185,1.18990159034729,0.18947219848632812,10.101305961608887,-3.7159934043884277,1.0014119148254395,-1.2533447742462158
1781547279902533,129443037,-0.5128556489944458,0.060814253985881805,0.04734804108738899,0.8550081253051758,1.170012354850769,0.16402408480644226,10.094925880432129,-3.502152681350708,0.7450157999992371,-0.5943939685821533
1781547279930042,129459704,-0.5129929184913635,0.06080218404531479,0.04733382165431976,0.8549273610115051,1.1921461820602417,0.19316847622394562,10.090883255004883,-3.4718401432037354,0.7583343982696533,-0.1798267811536789
1781547279932304,129476371,-0.5131177306175232,0.06074262782931328,0.047296054661273956,0.854858934879303,1.1821879148483276,0.154887855052948,10.120322227478027,-3.451939105987549,1.1204851865768433,-0.302357941865921
1781547279959999,129493038,-0.5131877660751343,0.06064709275960922,0.04725749045610428,0.8548257350921631,1.1511207818984985,0.13770964741706848,10.113862991333008,-3.363677501678467,1.3307398557662964,-0.7602105736732483
1781547279962335,129509705,-0.5130278468132019,0.06052570044994354,0.04721415042877197,0.8549326658248901,1.1561778783798218,0.13006767630577087,10.099040031433105,-3.4413862228393555,1.4822133779525757,-2.613135814666748
1781547279990066,129526372,-0.5126551389694214,0.060455575585365295,0.047180306166410446,0.855163037776947,1.1741228103637695,0.18268072605133057,10.126168251037598,-3.6944398880004883,1.128706932067871,-4.28683614730835
1781547280019860,129543039,-0.5125437378883362,0.06043088063597679,0.04715593904256821,0.8552330136299133,1.2026616334915161,0.2084008902311325,10.125212669372559,-3.6380534172058105,0.8451101779937744,-2.1739931106567383
1781547280023544,129559706,-0.5127186179161072,0.06042100116610527,0.04712570086121559,0.8551306128501892,1.1940853595733643,0.19401977956295013,10.096571922302246,-3.5498435497283936,0.7990330457687378,0.12411274015903473
1781547280050622,129576373,-0.513031542301178,0.06030083820223808,0.04705211520195007,0.8549553155899048,1.1721397638320923,0.13804849982261658,10.088943481445312,-3.335017204284668,1.614067792892456,1.1751172542572021
1781547280052087,129593040,-0.5131168365478516,0.06021403521299362,0.04701266065239906,0.8549123406410217,1.1438795328140259,0.11775708198547363,10.108641624450684,-3.3890342712402344,1.2779136896133423,-0.6333765387535095
1781547280080108,129609707,-0.5127728581428528,0.060105014592409134,0.046977344900369644,0.8551284074783325,1.141343116760254,0.12062864005565643,10.098983764648438,-3.5472567081451416,1.3610910177230835,-4.07895040512085
1781547280082834,129626374,-0.5123449563980103,0.060052789747714996,0.046944037079811096,0.8553902506828308,1.1605240106582642,0.19625622034072876,10.113706588745117,-3.7846603393554688,1.0111957788467407,-4.716590404510498
1781547280110016,129643041,-0.5122362971305847,0.060063112527132034,0.046918027102947235,0.8554560542106628,1.2053163051605225,0.21937374770641327,10.109410285949707,-3.766693592071533,0.6384541988372803,-2.1309127807617188
1781547280111423,129659708,-0.5132318139076233,0.06004399433732033,0.0472535602748394,0.8548421263694763,1.674658179283142,0.8623612523078918,9.971212387084961,-0.8616113066673279,-0.38713598251342773,6.596954345703125
1781547280140249,129676375,-0.52220618724823,0.059862393885850906,0.04768761247396469,0.8493781685829163,1.6905231475830078,0.5441300868988037,10.26154899597168,5.155857086181641,0.8123658895492554,70.5145492553711
1781547280170467,129693042,-0.5313636064529419,0.05932632088661194,0.04941808432340622,0.843617856502533,2.167733907699585,0.5577878355979919,9.763031959533691,14.167311668395996,-1.8319190740585327,71.9994888305664
1781547280172121,129709709,-0.5431448221206665,0.05920812860131264,0.04806452617049217,0.8361685872077942,1.1233360767364502,0.1146370992064476,10.050860404968262,-3.6085593700408936,7.218803882598877,94.78984832763672
1781547280199878,129726376,-0.5505445599555969,0.05522787943482399,0.046114999800920486,0.8316994905471802,0.07335062325000763,-0.24996787309646606,9.26490306854248,4.61558723449707,31.412614822387695,57.43471145629883
1781547280201968,129743043,-0.5541313886642456,0.050510939210653305,0.043278105556964874,0.8297675848007202,0.09066326916217804,-0.5116226077079773,11.233163833618164,0.07806169986724854,38.73391342163086,26.132354736328125
1781547280229911,129759710,-0.5564478039741516,0.04962850362062454,0.04296199604868889,0.8282857537269592,1.204776644706726,0.513325572013855,10.071206092834473,-0.723149836063385,7.0269880294799805,17.43428611755371
1781547280232111,129776377,-0.560983419418335,0.04824216663837433,0.04238773137331009,0.8253324031829834,1.0451875925064087,0.28012681007385254,10.010878562927246,0.9237968921661377,11.038390159606934,35.64142990112305
1781547280259954,129793044,-0.5641797780990601,0.04607883468270302,0.041187088936567307,0.8233357071876526,0.6188363432884216,-0.23549430072307587,10.153766632080078,-0.35856613516807556,17.790271759033203,24.33378791809082
1781547280262690,129809711,-0.5653021335601807,0.04521241411566734,0.04083583503961563,0.8226311206817627,0.48752832412719727,-0.022940324619412422,10.299495697021484,-1.6027408838272095,6.974193572998047,7.678094863891602
1781547280290659,129826378,-0.5643054246902466,0.044751111418008804,0.04012041538953781,0.8233755826950073,0.6149166822433472,0.11474521458148956,10.270777702331543,-6.301585674285889,5.951068878173828,-9.712186813354492
1781547280319872,129843045,-0.564093828201294,0.04433182254433632,0.03970984369516373,0.8235630989074707,1.3377116918563843,0.31663742661476135,9.990172386169434,-4.343005657196045,4.573525905609131,-3.1890249252319336
1781547280321844,129859712,-0.568583071231842,0.043001968413591385,0.03913600370287895,0.8205685019493103,1.4572021961212158,0.8006554245948792,9.763900756835938,0.564448893070221,10.678132057189941,35.572105407714844
1781547280349914,129876379,-0.5740933418273926,0.02255677990615368,0.02793128602206707,0.8180024027824402,1.0028678178787231,0.18157611787319183,6.006096363067627,15.497635841369629,160.4991455078125,37.659645080566406
1781547280351976,129893046,-0.5769149661064148,0.0006360348779708147,0.013498379848897457,0.8166925311088562,-1.4971885681152344,-0.08866692334413528,15.072027206420898,2.5051825046539307,181.2267608642578,17.793624877929688
1781547280380572,129909713,-0.5824002027511597,0.002656045136973262,0.012853911146521568,0.8127962946891785,0.3728492259979248,0.0998513326048851,9.884149551391602,-14.78177261352539,-7.6868181228637695,45.16781997680664
1781547280381941,129926380,-0.5855892896652222,0.0025436575524508953,0.012724153697490692,0.8105040788650513,-0.46998330950737,-0.009769432246685028,10.1798734664917,-3.551452398300171,1.9971100091934204,25.71289825439453
1781547280409887,129943047,-0.5861921310424805,0.0023357404861599207,0.01267254538834095,0.8100695610046387,-0.3444562554359436,0.0794917494058609,10.173466682434082,-2.938737154006958,2.0192222595214844,3.813391923904419
1781547280411690,129959714,-0.5859612226486206,0.002303861314430833,0.012653874233365059,0.8102372288703918,-0.12460339069366455,0.2088283747434616,10.169416427612305,-3.5300703048706055,0.8415884375572205,-3.2417993545532227
1781547280440064,129976381,-0.5857206583023071,0.002316635102033615,0.012665695510804653,0.8104107975959778,-0.14989523589611053,0.1974850296974182,10.213211059570312,-3.540379762649536,0.4686676263809204,-3.3164222240448
1781547280469850,129993048,-0.5856177806854248,0.0023879127111285925,0.012673985213041306,0.810484766960144,-0.1481364220380783,0.19983044266700745,10.19184398651123,-3.7845966815948486,0.166514590382576,-2.142592191696167
1781547280473645,130009715,-0.58559250831604,0.002448312472552061,0.012705535627901554,0.810502290725708,-0.1367216259241104,0.19912885129451752,10.18138599395752,-3.6048595905303955,0.13863514363765717,-1.48448646068573
1781547280499870,130026382,-0.5854488015174866,0.002466862089931965,0.012760904617607594,0.8106052875518799,-0.16323736310005188,0.20295581221580505,10.170609474182129,-3.312976837158203,0.26640409231185913,-2.492871046066284
1781547280502997,130043049,-0.5849687457084656,0.0024080113507807255,0.012753359973430634,0.8109521269798279,-0.1404706835746765,0.19842217862606049,10.185749053955078,-3.378776788711548,0.92512446641922,-5.354386806488037
1781547280529894,130059716,-0.5840171575546265,0.0017220728332176805,0.012657430954277515,0.8116409182548523,-0.16273270547389984,0.14945384860038757,10.121537208557129,-1.3867615461349487,4.740418910980225,-9.411850929260254
1781547280532534,130076383,-0.5835084915161133,0.0007068509003147483,0.01273687556385994,0.8120068907737732,-0.09123551100492477,0.2673930525779724,10.210428237915039,0.9481247067451477,5.9076151847839355,-5.67444372177124
1781547280560338,130093050,-0.5835508704185486,0.0005423200782388449,0.012741032056510448,0.811976432800293,-0.21676193177700043,0.2505853474140167,10.210408210754395,-2.8476197719573975,1.5062891244888306,-0.9338517785072327
1781547280561734,130109717,-0.5835548639297485,0.0004973591421730816,0.012727251276373863,0.8119738698005676,-0.1788126528263092,0.2223096787929535,10.190101623535156,-3.430116891860962,0.9068880677223206,-1.2491058111190796
1781547280590536,130126384,-0.5835531949996948,0.0004734501999337226,0.012712358497083187,0.8119753003120422,-0.19876642525196075,0.2152719497680664,10.170007705688477,-3.520875930786133,0.79261714220047,-1.2951960563659668
1781547280620375,130143051,-0.5818911790847778,0.00018645425734575838,0.0128213195130229,0.8131656646728516,-0.4477570354938507,0.08510053157806396,10.198421478271484,-1.8827271461486816,1.6223162412643433,-15.35779857635498
1781547280622277,130159718,-0.5775411128997803,0.00012525753118097782,0.012944390997290611,0.8162591457366943,-0.32902610301971436,0.11866927146911621,10.15794849395752,-2.876218795776367,0.06685589253902435,-37.98047637939453
1781547280650572,130176385,-0.5661572217941284,-0.00038508878787979484,0.015223069116473198,0.8241565823554993,-1.5674093961715698,-1.153835415840149,10.27424430847168,10.575700759887695,-6.596463203430176,-96.57481384277344
1781547280651969,130193052,-0.5309523940086365,-0.00026332412380725145,0.015933500602841377,0.8472518920898438,-2.387561559677124,-2.3670897483825684,10.124343872070312,-2.2817347049713135,-6.617822647094727,-290.73046875
1781547280681706,130209719,-0.48362696170806885,-0.001568314852192998,0.016805659979581833,0.8751116394996643,-0.21821190416812897,1.5376412868499756,9.996459007263184,3.4036474227905273,-0.24314922094345093,-378.9869689941406
1781547280682695,130226386,-0.43805450201034546,-0.002967480570077896,0.016850806772708893,0.8987855911254883,-0.062028467655181885,2.401200771331787,10.382673263549805,-0.7806495428085327,3.322843551635742,-354.5072326660156
1781547280709859,130243053,-0.39515358209609985,-0.003438432002440095,0.015540838241577148,0.9184772372245789,-0.1255785971879959,0.5847906470298767,10.1502103805542,-11.537249565124512,2.060539484024048,-325.88812255859375
1781547280712352,130259720,-0.3531886339187622,-0.004693862050771713,0.015183077193796635,0.9354172945022583,-0.23630940914154053,0.4433784484863281,10.134455680847168,-3.1009092330932617,4.596725940704346,-312.54949951171875
1781547280740098,130276387,-0.3132901191711426,-0.0057679396122694016,0.015707900747656822,0.9495100975036621,-0.16102419793605804,0.5382369160652161,10.188968658447266,2.382999897003174,1.598374366760254,-292.279052734375
1781547280770342,130293054,-0.2755673825740814,-0.006332221440970898,0.01570652611553669,0.9611327052116394,-0.10341817885637283,0.4315667748451233,10.121862411499023,-1.9566829204559326,-0.25821810960769653,-272.70416259765625
1781547280771738,130309721,-0.24085479974746704,-0.006887668743729591,0.015927942469716072,0.9704061150550842,-0.07476048171520233,0.5503177046775818,10.231679916381836,-0.36530372500419617,-0.30452439188957214,-248.3338165283203
1781547280800004,130326388,-0.20921504497528076,-0.007441423833370209,0.01644204556941986,0.9777031540870667,-0.031159481033682823,0.466510146856308,10.145545959472656,1.6662166118621826,-0.3631245493888855,-224.53128051757812
1781547280802498,130343055,-0.18208713829517365,-0.008092482574284077,0.016049692407250404,0.9831181764602661,-0.33393609523773193,0.16674645245075226,10.221112251281738,-4.297008991241455,2.208951950073242,-191.53822326660156
1781547280830557,130359722,-0.17087307572364807,-0.008076434023678303,0.015884604305028915,0.9851319193840027,-1.7965551614761353,-2.325077772140503,10.242698669433594,-4.099493503570557,-0.6356317400932312,-79.6044692993164
1781547280832056,130376389,-0.16470614075660706,-0.007985302247107029,0.016737859696149826,0.9861684441566467,-1.532097578048706,-1.7616586685180664,10.044288635253906,2.5508310794830322,-1.739613652229309,-44.20484161376953
1781547280860127,130393056,-0.1689925640821457,-0.007229168899357319,0.017126083374023438,0.9854421019554138,0.9634573459625244,1.462823510169983,10.277305603027344,-1.7172980308532715,-4.427501201629639,28.719457626342773
1781547280863716,130409723,-0.17194105684757233,-0.006783552933484316,0.019465256482362747,0.9848915934562683,1.3649492263793945,1.949666976928711,10.072433471679688,11.900520324707031,-4.75181770324707,19.51070785522461
1781547280890248,130426390,-0.17451825737953186,-0.006652387324720621,0.019193008542060852,0.9844444394111633,1.0379475355148315,1.6202969551086426,10.175135612487793,-5.415952682495117,0.4166358411312103,16.709699630737305
1781547280919908,130443057,-0.17451882362365723,-0.006678668316453695,0.019125329330563545,0.9844455122947693,-0.5076041221618652,-0.6247857213020325,10.262117385864258,-3.790487289428711,0.8819540739059448,-1.2793031930923462
1781547280921870,130459724,-0.15859033167362213,-0.0064486246556043625,0.01857672818005085,0.9871487617492676,-1.9358115196228027,-2.3610758781433105,10.224444389343262,-6.970409870147705,-2.4939942359924316,-112.32945251464844
1781547280949897,130476391,-0.13582682609558105,-0.006715216673910618,0.017955610528588295,0.9905471801757812,1.051101565361023,1.8804539442062378,10.097217559814453,-6.688985347747803,0.049737926572561264,-159.55209350585938
1781547280951895,130493058,-0.12508787214756012,-0.00708956690505147,0.018572377040982246,0.9919465780258179,1.416773796081543,1.5839146375656128,10.073979377746582,1.5315487384796143,1.214969277381897,-75.73800659179688
1781547280979995,130509725,-0.12400753051042557,-0.008240330033004284,0.019627023488283157,0.9920529127120972,1.316017508506775,0.47145846486091614,10.246191024780273,4.875206470489502,7.439192771911621,-8.830545425415039
1781547280982407,130526392,-0.12160289287567139,-0.00845299568027258,0.019661054015159607,0.9923481345176697,-0.6986533403396606,-1.4323675632476807,10.252572059631348,-2.836968421936035,1.7290834188461304,-17.955562591552734
1781547281009953,130543059,-0.11322509497404099,-0.008742377161979675,0.019541466608643532,0.9933388233184814,-0.9231135249137878,0.11521036922931671,10.220342636108398,-3.5585570335388184,1.5326508283615112,-59.3099365234375
1781547281012339,130559726,-0.10224522650241852,-0.008861488662660122,0.019533859565854073,0.9945281147956848,-0.9151801466941833,0.818256676197052,10.108192443847656,-2.793354034423828,-0.07936262339353561,-77.20628356933594
1781547281040124,130576393,-0.08746999502182007,-0.008929820731282234,0.01973569020628929,0.9959316849708557,-0.5459415912628174,1.2067629098892212,10.18838882446289,-1.1939167976379395,-1.0955730676651,-103.29114532470703
1781547281071203,130593060,-0.0707504078745842,-0.00919065810739994,0.01970752514898777,0.9972571134567261,-0.30042099952697754,0.9087815284729004,10.152833938598633,-2.5236635208129883,0.10533086955547333,-116.60016632080078
1781547281072843,130609727,-0.050761476159095764,-0.009496854618191719,0.01979237236082554,0.9984695911407471,-0.353554368019104,0.2371763288974762,10.178361892700195,-1.503273367881775,-0.06918462365865707,-138.9642791748047
1781547281100461,130626394,-0.03370096534490585,-0.009869346395134926,0.019640566781163216,0.9991903305053711,0.6445398330688477,0.7752529382705688,10.166363716125488,-3.2247092723846436,0.9044485092163086,-118.71015167236328
1781547281103068,130643061,-0.026041893288493156,-0.010142728686332703,0.019440511241555214,0.9994204044342041,0.8316357731819153,0.20179730653762817,10.208097457885742,-4.150683403015137,1.545799970626831,-53.995601654052734
1781547281130022,130659728,-0.02377110905945301,-0.01008004229515791,0.019399266690015793,0.9994784593582153,-0.009581666439771652,0.4803130626678467,10.216103553771973,-3.4711644649505615,-0.053005535155534744,-16.883268356323242
1781547281133089,130676395,-0.02609352208673954,-0.009720675647258759,0.018755117431282997,0.9994363784790039,-0.36767300963401794,0.7648175358772278,10.140497207641602,-7.969014644622803,-1.372227430343628,14.693528175354004
1781547281160075,130693062,-0.031359679996967316,-0.010119198821485043,0.019511476159095764,0.9992665648460388,-0.6238657832145691,0.8575417399406433,10.143317222595215,1.6071845293045044,3.9709391593933105,34.940521240234375
1781547281161834,130709729,-0.03997793793678284,-0.009925607591867447,0.019391173496842384,0.9989631175994873,0.15412695705890656,0.506588339805603,10.233101844787598,-4.7631096839904785,0.5474331974983215,58.018394470214844
1781547281190100,130726396,-0.05276839807629585,-0.008751164190471172,0.01782316528260708,0.9984094500541687,0.0005032969638705254,0.5029898881912231,10.230108261108398,-15.23097038269043,-5.219127655029297,86.77625274658203
1781547281219874,130743063,-0.06807313859462738,-0.008736712858080864,0.017605727538466454,0.9974867105484009,0.04685311019420624,0.18726292252540588,9.96957778930664,-5.6492133140563965,2.581519842147827,104.10956573486328
1781547281221494,130759730,-0.07371503114700317,-0.009297920390963554,0.019549082964658737,0.9970443844795227,-1.369848608970642,-0.44710782170295715,10.313398361206055,9.959609031677246,4.318190097808838,37.672279357910156
1781547281249931,130776397,-0.07099977880716324,-0.008969931863248348,0.018546918407082558,0.9972635507583618,-0.21464312076568604,0.3868551552295685,10.292337417602539,-10.234776496887207,-1.4553289413452148,-20.018898010253906
1781547281251867,130793064,-0.0694226622581482,-0.008936076425015926,0.017700187861919403,0.9973902702331543,-0.004509259480983019,0.1945139318704605,10.075175285339355,-9.084101676940918,0.6373021006584167,-12.198761940002441
1781547281279937,130809731,-0.0695284754037857,-0.00903487578034401,0.01747303269803524,0.9973860383033752,-0.12435009330511093,0.22804859280586243,10.203527450561523,-4.8593573570251465,1.4654756784439087,-0.5742239952087402
1781547281281838,130826398,-0.06951113790273666,-0.0091078020632267,0.01732250116765499,0.9973893165588379,-0.15532438457012177,0.20459723472595215,10.188042640686035,-4.339470863342285,1.2369590997695923,-1.4146791696548462
1781547281309872,130843065,-0.06952185928821564,-0.009167411364614964,0.017213253304362297,0.9973898530006409,-0.16933532059192657,0.2070893496274948,10.204246520996094,-4.0640692710876465,1.1299235820770264,-1.2166416645050049
1781547281311911,130859732,-0.06953398883342743,-0.009208512492477894,0.017128579318523407,0.9973901510238647,-0.1718370020389557,0.20088544487953186,10.18453311920166,-3.904514789581299,0.9919989705085754,-1.2031821012496948
1781547281340098,130876399,-0.06953608244657516,-0.009240911342203617,0.017071638256311417,0.997390627861023,-0.1677376925945282,0.2180127501487732,10.18244743347168,-3.717914581298828,0.9182345271110535,-1.269455075263977
1781547281369902,130893066,-0.06954614073038101,-0.00927309226244688,0.017021896317601204,0.9973903894424438,-0.17022757232189178,0.20793907344341278,10.194607734680176,-3.6690196990966797,0.9149434566497803,-1.2138116359710693
1781547281372118,130909733,-0.06954699009656906,-0.009311951696872711,0.016981320455670357,0.9973906874656677,-0.1647402048110962,0.19850537180900574,10.182507514953613,-3.602849245071411,0.9558083415031433,-1.2771261930465698
1781547281400345,130926400,-0.0695546418428421,-0.009320477023720741,0.016940224915742874,0.997390866279602,-0.1570223867893219,0.2061966061592102,10.18472671508789,-3.6213676929473877,0.7493828535079956,-1.2271174192428589
1781547281402060,130943067,-0.06955084204673767,-0.009331081993877888,0.016908273100852966,0.9973914623260498,-0.16951526701450348,0.21455946564674377,10.180110931396484,-3.5567076206207275,0.7584497332572937,-1.3061838150024414
1781547281429864,130959734,-0.06955122947692871,-0.009346025064587593,0.01687297224998474,0.997391939163208,-0.15967345237731934,0.20706883072853088,10.169658660888672,-3.5780179500579834,0.7908881902694702,-1.2778946161270142
1781547281431937,130976401,-0.06956011801958084,-0.009374662302434444,0.016836710274219513,0.9973917007446289,-0.15834219753742218,0.21449650824069977,10.186193466186523,-3.578721761703491,0.8868461847305298,-1.2204707860946655
1781547281460059,130993068,-0.06956259161233902,-0.009385193698108196,0.016814904287457466,0.9973917007446289,-0.16304457187652588,0.19866564869880676,10.171452522277832,-3.4878737926483154,0.7555810809135437,-1.261335849761963
1781547281461698,131009735,-0.06956512480974197,-0.009405341930687428,0.016783161088824272,0.997391939163208,-0.16190920770168304,0.2014542520046234,10.204036712646484,-3.551572561264038,0.82677161693573,-1.26344895362854
1781547281490137,131026402,-0.06956607103347778,-0.009424579329788685,0.016759153455495834,0.9973920583724976,-0.16155709326267242,0.20075900852680206,10.188350677490234,-3.4987082481384277,0.817192554473877,-1.2736430168151855
1781547281519903,131043069,-0.06956513226032257,-0.009440585970878601,0.016735238954424858,0.997392475605011,-0.15592049062252045,0.22586573660373688,10.199932098388672,-3.4995405673980713,0.7953832745552063,-1.2860651016235352
1781547281522068,131059736,-0.06956608593463898,-0.009445021860301495,0.016695966944098473,0.9973928928375244,-0.16211122274398804,0.19284047186374664,10.182347297668457,-3.610776662826538,0.7242184281349182,-1.272656798362732
1781547281550317,131076403,-0.06956790387630463,-0.009455068036913872,0.016669493168592453,0.9973931312561035,-0.17727869749069214,0.19794556498527527,10.196267127990723,-3.520184278488159,0.7572075724601746,-1.2665739059448242
1781547281551720,131093070,-0.06957100331783295,-0.00947051402181387,0.016646429896354675,0.9973932504653931,-0.16409114003181458,0.22003020346164703,10.184741973876953,-3.4943532943725586,0.7931932806968689,-1.2585440874099731
1781547281579869,131109737,-0.06956502795219421,-0.009487375617027283,0.016624564304947853,0.997393786907196,-0.1634024977684021,0.20258432626724243,10.180708885192871,-3.4852867126464844,0.8019528388977051,-1.3207188844680786
1781547281582207,131126404,-0.06956982612609863,-0.009504341520369053,0.016596660017967224,0.997393786907196,-0.1603230983018875,0.2180643230676651,10.189918518066406,-3.5272278785705566,0.8072548508644104,-1.2473770380020142
1781547281609895,131143071,-0.06957040727138519,-0.009520924650132656,0.016570715233683586,0.9973939061164856,-0.1621938943862915,0.20047873258590698,10.174294471740723,-3.5137939453125,0.8038226962089539,-1.2762938737869263
1781547281612181,131159738,-0.07098350673913956,-0.009487409144639969,0.01665932685136795,0.9972932934761047,0.2749141752719879,0.4704364240169525,10.19948959350586,-2.833277702331543,0.5734236240386963,8.47175407409668
1781547281640614,131176405,-0.0852622389793396,-0.009950385428965092,0.017053671181201935,0.9961630702018738,2.921747922897339,0.7713301777839661,10.126431465148926,-1.218897819519043,5.369772911071777,97.15662384033203
1781547281670340,131193072,-0.10489416122436523,-0.010228949598968029,0.01675577275454998,0.9942896366119385,-0.25058016180992126,-0.5859899520874023,10.27580451965332,-6.352917194366455,5.201406478881836,134.23538208007812
1781547281672967,131209739,-0.1330520212650299,-0.009938535280525684,0.016860004514455795,0.990915834903717,1.101738452911377,0.18121246993541718,10.238088607788086,-4.441522598266602,2.1033692359924316,193.71377563476562
1781547281700403,131226406,-0.1651693880558014,-0.00951802171766758,0.016618454828858376,0.9860793352127075,-0.02861657738685608,0.0336565300822258,10.159750938415527,-7.02335262298584,2.090916872024536,222.0313720703125
1781547281702439,131243073,-0.2004656195640564,-0.009001395665109158,0.0158896092325449,0.9795306324958801,-0.5492045283317566,0.36273065209388733,10.193840980529785,-10.455471992492676,2.4611806869506836,245.51976013183594
1781547281729887,131259740,-0.23565566539764404,-0.00834699347615242,0.0153140714392066,0.971680223941803,-0.510288655757904,0.4011162221431732,10.144750595092773,-9.471931457519531,1.381057858467102,246.6241455078125
1781547281732410,131276407,-0.26841187477111816,-0.00791848637163639,0.014957262203097343,0.9631555676460266,-0.33942586183547974,0.12273001670837402,10.184596061706543,-7.442599296569824,2.3100810050964355,231.43634033203125
1781547281759890,131293074,-0.30248063802719116,-0.007472156547009945,0.014641758054494858,0.9530138373374939,0.4991752803325653,0.2930859625339508,10.240880966186523,-7.1152825355529785,2.3316195011138916,243.1229705810547
1781547281761999,131309741,-0.3370365500450134,-0.006955553777515888,0.014523285441100597,0.941353976726532,-0.06059306114912033,0.29602041840553284,10.15339183807373,-5.851968288421631,1.585396409034729,249.49403381347656
1781547281790107,131326408,-0.3691294491291046,-0.006426286417990923,0.014625788666307926,0.9292407631874084,-0.3965325355529785,0.3730395436286926,10.207464218139648,-4.2974419593811035,0.7622346878051758,234.60595703125
1781547281820516,131343075,-0.395576536655426,-0.006015656050294638,0.014702165499329567,0.918295681476593,-1.2551597356796265,0.35729384422302246,10.130022048950195,-4.040090084075928,0.9618033170700073,195.53794860839844
1781547281822505,131359742,-0.4195636212825775,-0.005212392192333937,0.0162541214376688,0.9075655341148376,-2.1588082313537598,0.6282739043235779,10.069669723510742,4.280580997467041,-5.79695463180542,179.517333984375
1781547281850196,131376409,-0.44791874289512634,-0.0047334711998701096,0.0164783988147974,0.8939098715782166,-1.0369478464126587,0.9574521780014038,10.26501750946045,-2.9095137119293213,0.638750433921814,215.14398193359375
1781547281852509,131393076,-0.4827643036842346,-0.0041242316365242004,0.015946347266435623,0.8755955100059509,0.4124765396118164,1.1629068851470947,10.195661544799805,-7.658532619476318,3.048032283782959,269.405029296875
1781547281880148,131409743,-0.5191440582275391,-0.0035068399738520384,0.015370594337582588,0.8545414805412292,0.7445762753486633,0.6157430410385132,10.156795501708984,-7.7095232009887695,3.3911068439483643,287.74884033203125
1781547281882653,131426410,-0.5466777682304382,-0.0022033494897186756,0.014803726226091385,0.8372095227241516,-0.4573601186275482,-1.0334848165512085,10.34945011138916,-10.299901008605957,-1.693769931793213,222.51771545410156
1781547281910460,131443077,-0.5601646304130554,-0.001839993754401803,0.01435330230742693,0.8282549381256104,-0.7806863784790039,0.2621156573295593,10.010618209838867,-6.736647129058838,1.7222527265548706,110.04509735107422
1781547281911870,131459744,-0.5610176920890808,-0.001711257384158671,0.014114568009972572,0.8276817798614502,-0.6016026735305786,1.7436643838882446,10.355927467346191,-5.297642230987549,0.8870255947113037,5.797403812408447
1781547281940150,131476411,-0.559975802898407,-0.001495511969551444,0.013524404726922512,0.8283973336219788,-0.008910896256566048,0.19892656803131104,10.041205406188965,-7.742531776428223,1.5460922718048096,-9.952396392822266
1781547281969975,131493078,-0.5601279735565186,-0.0015053215902298689,0.01336896512657404,0.8282968401908875,-0.14487971365451813,0.22332540154457092,10.166154861450195,-4.334065914154053,1.276402473449707,-0.026790881529450417
1781547281972109,131509745,-0.5601235628128052,-0.0015337440418079495,0.01332350168377161,0.8283005356788635,-0.17302507162094116,0.2309211641550064,10.174304962158203,-3.6440727710723877,0.9430404901504517,-1.3205524682998657
1781547281999890,131526412,-0.5601280331611633,-0.0015558619052171707,0.013304353691637516,0.8282977342605591,-0.16380247473716736,0.23878628015518188,10.174615859985352,-3.517789363861084,0.8063454627990723,-1.2441498041152954
1781547282002342,131543079,-0.5601294040679932,-0.0015787722077220678,0.013279681093990803,0.8282972574234009,-0.16178636252880096,0.23724909126758575,10.216397285461426,-3.546232223510742,0.8312281966209412,-1.270735740661621
1781547282030042,131559746,-0.5601402521133423,-0.0015973977278918028,0.013245507143437862,0.8282904028892517,-0.1575498878955841,0.23870763182640076,10.180922508239746,-3.6162445545196533,0.843970537185669,-1.1922839879989624
1781547282032406,131576413,-0.5601428151130676,-0.001616191235370934,0.013221711851656437,0.8282889127731323,-0.15666735172271729,0.2296609729528427,10.189290046691895,-3.556964159011841,0.803912341594696,-1.2597736120224
1781547282059928,131593080,-0.5601437091827393,-0.0016395302955061197,0.013205066323280334,0.8282886147499084,-0.16516956686973572,0.22765128314495087,10.200701713562012,-3.4986186027526855,0.8017096519470215,-1.2741423845291138
1781547282062282,131609747,-0.5601482391357422,-0.0016642286209389567,0.01318923756480217,0.8282857537269592,-0.16056320071220398,0.24260066449642181,10.183362007141113,-3.4885780811309814,0.8061533570289612,-1.2440729141235352
1781547282090223,131626414,-0.5601491928100586,-0.0016887685051187873,0.013170938938856125,0.8282853960990906,-0.1680627018213272,0.2269495576620102,10.1812105178833,-3.503305673599243,0.8139781355857849,-1.2741680145263672
1781547282119932,131643081,-0.5601582527160645,-0.0017094025388360023,0.013142967596650124,0.8282796740531921,-0.14885668456554413,0.2296474277973175,10.190506935119629,-3.5729851722717285,0.8294737935066223,-1.2064863443374634
1781547282122615,131659748,-0.5601619482040405,-0.001724014524370432,0.013131937012076378,0.8282772898674011,-0.16676582396030426,0.23990042507648468,10.18703842163086,-3.4998984336853027,0.7293919324874878,-1.2491568326950073
1781547282149932,131676415,-0.5601575374603271,-0.0017408402636647224,0.01312335766851902,0.8282804489135742,-0.16276927292346954,0.2365897297859192,10.178328514099121,-3.4778079986572266,0.7311849594116211,-1.317184329032898
1781547282152292,131693082,-0.5601592063903809,-0.00175507424864918,0.013113993220031261,0.8282793760299683,-0.1709519922733307,0.21758174896240234,10.180088996887207,-3.4917283058166504,0.7197232842445374,-1.2660229206085205
1781547282179862,131709749,-0.5601632595062256,-0.001773787080310285,0.01309052761644125,0.8282769918441772,-0.17028376460075378,0.22428789734840393,10.176281929016113,-3.554581880569458,0.7994300127029419,-1.2471976280212402
1781547282182111,131726416,-0.5601631999015808,-0.0018061584560200572,0.013081061653792858,0.8282769918441772,-0.16112037003040314,0.2419031262397766,10.1698637008667,-3.422266721725464,0.8222765326499939,-1.2815442085266113
1781547282209928,131743083,-0.5601689219474792,-0.0018252712907269597,0.01306926365941763,0.8282732963562012,-0.15310530364513397,0.23392319679260254,10.173848152160645,-3.4862215518951416,0.7561189532279968,-1.233085036277771
1781547282211756,131759750,-0.5601732730865479,-0.0018548386869952083,0.013057692907750607,0.8282704949378967,-0.16134101152420044,0.2467758059501648,10.18072509765625,-3.444690704345703,0.8143365979194641,-1.2456610202789307
1781547282240154,131776417,-0.5601720809936523,-0.0018758643418550491,0.013052796944975853,0.8282713890075684,-0.15851350128650665,0.2351754605770111,10.179176330566406,-3.439875364303589,0.7390608787536621,-1.2901885509490967
1781547282269908,131793084,-0.5601733922958374,-0.0019018150633201003,0.013041183352470398,0.828270673751831,-0.1595141589641571,0.22902409732341766,10.170817375183105,-3.4589953422546387,0.7931421399116516,-1.2700697183609009
1781547282273261,131809751,-0.5601704716682434,-0.0019221585243940353,0.013021091930568218,0.828272819519043,-0.16905780136585236,0.2313365787267685,10.183430671691895,-3.528867244720459,0.7928860187530518,-1.3041859865188599
1781547282300396,131826418,-0.5595880746841431,-0.002304671099409461,0.013015984557569027,0.828665554523468,-0.38771072030067444,-0.051544174551963806,10.035160064697266,-2.075820207595825,2.7402842044830322,-6.141542911529541
1781547282302158,131843085,-0.5414586663246155,-0.0036623883061110973,0.013436272740364075,0.8406121730804443,-1.897765874862671,-0.460396945476532,10.340012550354004,3.349750280380249,4.905219078063965,-150.65684509277344
1781547282329917,131859752,-0.5214279294013977,-0.002451798412948847,0.013005023822188377,0.8531928062438965,0.2529321312904358,0.7552758455276489,10.359208106994629,-11.132979393005371,-6.968995094299316,-163.7932586669922
1781547282332464,131876419,-0.5086054801940918,-0.0016034014988690615,0.011738002300262451,0.8609183430671692,0.06866927444934845,0.5591028928756714,10.0648193359375,-14.41935920715332,-1.119433879852295,-104.1395034790039
1781547282360620,131893086,-0.5046581625938416,-0.0024823921266943216,0.013486779294908047,0.8632104396820068,1.1293095350265503,0.17100997269153595,9.770651817321777,9.815217971801758,-0.6631026864051819,-32.708866119384766
1781547282361582,131909753,-0.5029904246330261,-0.0041348072700202465,0.012886738404631615,0.8641861081123352,-0.7874459624290466,0.007613439578562975,10.575243949890137,-1.3569369316101074,12.316696166992188,-14.724350929260254
1781547282390280,131926420,-0.4988086521625519,-0.003549434244632721,0.01172522734850645,0.8666256666183472,-0.14057232439517975,0.37856173515319824,10.282861709594727,-12.487812995910645,0.6950358748435974,-34.541255950927734
1781547282420043,131943087,-0.4947134852409363,-0.0026091132313013077,0.010964705608785152,0.8689831495285034,0.13669279217720032,0.5246445536613464,10.14776611328125,-11.310093879699707,-2.7856879234313965,-33.70619201660156
1781547282421741,131959754,-0.4937992990016937,-0.002363282022997737,0.01073478814214468,0.8695064783096313,0.017655203118920326,0.2637881338596344,10.131098747253418,-5.697099208831787,-0.16727659106254578,-8.506300926208496
1781547282449895,131976421,-0.49094483256340027,-0.0023745184298604727,0.010679329745471478,0.8711220622062683,0.2395235151052475,0.7268256545066833,10.190561294555664,-3.8300414085388184,0.6175938844680786,-23.82964324951172
1781547282452090,131993088,-0.4874550998210907,-0.0024755266495049,0.01075789425522089,0.8730784058570862,-0.5165496468544006,0.10898571461439133,10.220650672912598,-2.7400670051574707,0.6523381471633911,-28.789730072021484
1781547282479869,132009755,-0.4849744439125061,-0.0025449029635638,0.010736469179391861,0.8744587898254395,-0.38786447048187256,-0.33263540267944336,10.133468627929688,-3.419326066970825,0.8802522420883179,-20.800003051757812
1781547282483311,132026422,-0.48265090584754944,-0.0026260390877723694,0.010801742784678936,0.8757424354553223,-0.3220779299736023,0.043998487293720245,10.195175170898438,-2.8510169982910156,0.6742743849754333,-19.532665252685547
1781547282509911,132043089,-0.4778175354003906,-0.002747327322140336,0.010801616124808788,0.878388524055481,-0.17436878383159637,0.1335887908935547,10.194029808044434,-3.1653754711151123,0.9214667081832886,-39.170326232910156
1781547282512333,132059756,-0.47397464513778687,-0.002870726864784956,0.010898294858634472,0.8804664015769958,-0.10326465964317322,0.17187590897083282,10.14568042755127,-2.548319101333618,0.7007083296775818,-31.32004737854004
1781547282540592,132076423,-0.4689768850803375,-0.003106397110968828,0.010959436185657978,0.8831371068954468,-0.3127593696117401,0.07551291584968567,10.159242630004883,-2.4174814224243164,1.3985317945480347,-40.25171661376953
1781547282569919,132093090,-0.4604165256023407,-0.00407479889690876,0.011519446037709713,0.8876189589500427,0.5855721235275269,0.05113951489329338,10.051578521728516,2.9170711040496826,3.93206787109375,-67.76862335205078
1781547282572417,132109757,-0.4470529556274414,-0.0037275978829711676,0.013259051367640495,0.8944015502929688,-0.47180283069610596,0.9701222777366638,10.668957710266113,5.909110069274902,-8.2720947265625,-104.23056030273438
1781547282600511,132126424,-0.4455004334449768,-0.003324586898088455,0.011277290061116219,0.8952046632766724,-0.2222522348165512,-0.2499421387910843,9.870086669921875,-16.90483283996582,4.052479267120361,-13.307637214660645
1781547282602496,132143091,-0.44357872009277344,-0.0038953041657805443,0.011262288317084312,0.8961562514305115,0.059425219893455505,0.09914730489253998,9.898439407348633,-1.8175938129425049,3.989495277404785,-16.065488815307617
1781547282630466,132159758,-0.4375414252281189,-0.005845793057233095,0.012185309082269669,0.8990967869758606,0.09131158143281937,0.31006500124931335,10.43545150756836,8.12808609008789,9.259574890136719,-47.570289611816406
1781547282632506,132176425,-0.4318392872810364,-0.005954778287559748,0.012118927203118801,0.9018495678901672,-0.390615850687027,0.3071036636829376,10.175039291381836,-3.523794651031494,0.8898363709449768,-44.81863784790039
1781547282662891,132193092,-0.42788299918174744,-0.006032795179635286,0.012291979975998402,0.9037305116653442,-0.0643647164106369,0.011366922408342361,10.203588485717773,-2.128537893295288,0.16762928664684296,-31.39309310913086
1781547282663453,132209759,-0.4234047830104828,-0.006231248844414949,0.012400627136230469,0.905834436416626,0.8209148645401001,-0.5913131833076477,10.178328514099121,-2.168854236602783,1.053320288658142,-35.30493927001953
1781547282690752,132226426,-0.41944730281829834,-0.006358536891639233,0.012378131970763206,0.9076730608940125,0.34424135088920593,-0.23135003447532654,10.227935791015625,-3.1873576641082764,1.0527817010879517,-31.28928565979004
1781547282720100,132243093,-0.41556864976882935,-0.0065217213705182076,0.012577547691762447,0.9094514846801758,-0.46043309569358826,0.07718542218208313,10.149083137512207,-1.6939011812210083,0.6491111516952515,-30.616764068603516
1781547282722213,132259760,-0.4106588363647461,-0.006673192139714956,0.01258239895105362,0.9116778373718262,-0.7112092971801758,0.34583780169487,10.138162612915039,-2.9342572689056396,1.0219712257385254,-38.351722717285156
1781547282750488,132276427,-0.4020433723926544,-0.006766624748706818,0.012637532316148281,0.915508508682251,-1.5902793407440186,0.34326550364494324,10.111854553222656,-2.750013828277588,0.12074652314186096,-66.10155487060547
1781547282751508,132293094,-0.3883569836616516,-0.007154445163905621,0.012897045351564884,0.9213910102844238,-0.5932426452636719,0.8997812271118164,10.267760276794434,-0.5882434844970703,0.8680408596992493,-103.71065521240234
1781547282780454,132309761,-0.3789004385471344,-0.007291910704225302,0.012997801415622234,0.9253175854682922,0.9414325952529907,0.6167950630187988,10.24069595336914,-2.2961690425872803,0.17721107602119446,-71.67607879638672
1781547282781534,132326428,-0.3703535497188568,-0.0071094827726483345,0.012782265432178974,0.9287757277488708,-0.9990489482879639,0.47920796275138855,10.238436698913574,-5.144220352172852,-0.9226599335670471,-64.65501403808594
1781547282810880,132343095,-0.3616844415664673,-0.0069438256323337555,0.012634865939617157,0.9321891665458679,-0.2811531722545624,-0.1663520187139511,10.16222095489502,-4.6546406745910645,-0.9998452663421631,-65.32022857666016
1781547282812369,132359762,-0.3507119417190552,-0.006776416674256325,0.012448321096599102,0.9363762140274048,0.048901066184043884,0.31912708282470703,10.1878023147583,-4.862033367156982,-1.1492308378219604,-82.00962829589844
1781547282841125,132376429,-0.3373637795448303,-0.00696948217228055,0.012472291477024555,0.9412660598754883,-0.47074800729751587,-0.4845373034477234,10.162931442260742,-2.5830531120300293,0.430532306432724,-99.0208511352539
1781547282870856,132393096,-0.3272804617881775,-0.0068224151618778706,0.012453553266823292,0.9448206424713135,0.5426615476608276,0.8142239451408386,10.199949264526367,-3.683511734008789,-1.3264821767807007,-74.76643371582031
1781547282871685,132409763,-0.31670451164245605,-0.006688111461699009,0.0122794508934021,0.9484212398529053,-0.0864020362496376,0.5510561466217041,10.231620788574219,-4.644349098205566,-0.9330139756202698,-78.0791244506836
1781547282900834,132426430,-0.30496466159820557,-0.006432589143514633,0.01202318724244833,0.9522661566734314,-0.49553024768829346,0.7484042644500732,10.088000297546387,-5.409441947937012,-1.6512045860290527,-86.19441986083984
1781547282902293,132443097,-0.29044175148010254,-0.00661187618970871,0.01184169016778469,0.9567966461181641,-0.3749980032444,1.0197726488113403,10.28976058959961,-3.9399523735046387,0.779329240322113,-105.8875503540039
1781547282930839,132459764,-0.27229511737823486,-0.006859797518700361,0.011656920425593853,0.9621188640594482,0.3591887354850769,1.1118783950805664,10.17638874053955,-3.7228143215179443,0.9086657762527466,-131.3162384033203
1781547282932316,132476431,-0.2536829113960266,-0.00709516042843461,0.010897383093833923,0.9672000408172607,0.03879329562187195,1.0733354091644287,10.061388969421387,-7.506558895111084,1.8817499876022339,-133.97189331054688
1781547282960850,132493098,-0.23435266315937042,-0.0077286288142204285,0.011805975809693336,0.972049355506897,0.20141445100307465,0.8385195732116699,10.130614280700684,4.335107803344727,1.5819791555404663,-138.29107666015625
1781547282961862,132509765,-0.21913710236549377,-0.008010808378458023,0.01150168664753437,0.9755935072898865,0.23385488986968994,0.6452800631523132,10.354547500610352,-4.448612689971924,1.5970377922058105,-108.7202377319336
1781547282990168,132526432,-0.20674939453601837,-0.008345645852386951,0.010816054418683052,0.9782986640930176,-0.22361905872821808,0.3577452301979065,10.173338890075684,-7.015181064605713,2.799501419067383,-88.51129150390625
1781547283019939,132543099,-0.19496043026447296,-0.008648986928164959,0.010269749909639359,0.9807193279266357,-0.16034768521785736,0.5613289475440979,10.280487060546875,-6.133882999420166,2.452995777130127,-84.06926727294922
1781547283022087,132559766,-0.18353699147701263,-0.008941094391047955,0.009629083797335625,0.9829251170158386,-0.4474357068538666,0.2596174478530884,10.043388366699219,-6.790943622589111,2.5451998710632324,-81.32112884521484
1781547283049990,132576433,-0.17466869950294495,-0.00901065394282341,0.009399390779435635,0.9845412969589233,-0.34844329953193665,0.3944675028324127,10.128294944763184,-4.410377025604248,0.7291333675384521,-63.2683219909668
1781547283053290,132593100,-0.16904573142528534,-0.009197217412292957,0.009887203574180603,0.9855157732963562,-0.14725209772586823,0.21825723350048065,10.118645668029785,0.42768964171409607,0.9101203680038452,-40.49272918701172
1781547283080557,132609767,-0.16385380923748016,-0.009389562532305717,0.010423285886645317,0.986384928226471,-0.7318235039710999,-0.5412695407867432,10.300139427185059,0.7421252727508545,0.9310711026191711,-37.446449279785156
1781547283082258,132626434,-0.15745067596435547,-0.009547297842800617,0.009497939608991146,0.9874351620674133,-0.6858088374137878,-0.49476128816604614,10.364768028259277,-9.138439178466797,2.243504047393799,-45.95683670043945
1781547283110499,132643101,-0.152020663022995,-0.011348128318786621,0.008531372994184494,0.988275408744812,-0.4144783318042755,-0.1584760695695877,10.078530311584473,-7.685650825500488,13.520009994506836,-39.23237991333008
1781547283111448,132659768,-0.1469152271747589,-0.012928350828588009,0.0075823599472641945,0.9890356659889221,-0.6582044363021851,-0.8506817817687988,10.228790283203125,-7.815426349639893,12.028732299804688,-36.92884063720703
1781547283140350,132676435,-0.1393633633852005,-0.012470359914004803,0.006175853777676821,0.9901435971260071,-0.2709071934223175,-1.0401866436004639,10.188539505004883,-12.78032398223877,-1.527225136756897,-53.84967803955078
1781547283170436,132693102,-0.13232259452342987,-0.013084685429930687,0.00522692920640111,0.9911066889762878,-0.4176657199859619,-0.6512366533279419,10.168679237365723,-8.668876647949219,5.370706081390381,-50.23844909667969
1781547283171275,132709769,-0.12406763434410095,-0.012410702183842659,0.005662676878273487,0.9921801090240479,-0.3848699927330017,-0.38099125027656555,9.096138954162598,-0.29549726843833923,-4.719542026519775,-58.441551208496094
1781547283199943,132726436,-0.11612357199192047,-0.00999490823596716,0.012719751335680485,0.9931030869483948,0.539019763469696,-0.3526379466056824,11.075448989868164,43.37031173706055,-22.223182678222656,-55.56007385253906
1781547283229991,132743103,-0.10856246203184128,-0.010249856859445572,0.012664185836911201,0.9939562082290649,0.4095209836959839,0.2409420758485794,10.169407844543457,-3.0798048973083496,1.7361425161361694,-53.611297607421875
1781547283232014,132759770,-0.10467034578323364,-0.010102041065692902,0.012944748625159264,0.9943714737892151,0.09561565518379211,-0.1236882135272026,10.203503608703613,-1.303113579750061,-0.9121475219726562,-28.15266990661621
1781547283237197,132776437,-0.10274646431207657,-0.01031355932354927,0.012802532874047756,0.9945718050003052,-0.26128193736076355,0.31502944231033325,10.182024955749512,-4.05094575881958,2.0414555072784424,-14.602516174316406
1781547283260601,132793104,-0.10877975076436996,-0.010113731026649475,0.01288625504821539,0.9939311146736145,1.334185004234314,-0.031176496297121048,10.191463470458984,-3.2882156372070312,-0.1712731122970581,40.45513916015625
1781547283261423,132809771,-0.12181439250707626,-0.009585067629814148,0.013346237130463123,0.99241703748703,-0.06278098374605179,0.2761000692844391,10.210616111755371,-1.373621940612793,-2.0140469074249268,89.0099105834961
1781547283290162,132826438,-0.1339317262172699,-0.009080936200916767,0.013773011974990368,0.9908533692359924,-0.3324214816093445,0.12280326336622238,10.172674179077148,-1.5176916122436523,-1.9019684791564941,82.7878189086914
1781547283319970,132843105,-0.14589476585388184,-0.0091537581756711,0.013583232648670673,0.9891645312309265,0.10733146220445633,0.35100695490837097,10.17563247680664,-5.167612075805664,2.586245536804199,81.7585220336914
1781547283322759,132859772,-0.15877041220664978,-0.009892838075757027,0.013673774898052216,0.9871713519096375,-0.3853919208049774,0.07960102707147598,10.16451358795166,-2.6251564025878906,6.939395427703857,88.22662353515625
1781547283350395,132876439,-0.16909997165203094,-0.010210969485342503,0.013735957443714142,0.9854503273963928,-0.3791784644126892,0.1271764039993286,10.188337326049805,-3.1320531368255615,3.852057695388794,70.6855239868164
1781547283351396,132893106,-0.17683859169483185,-0.010246913880109787,0.013777458108961582,0.9840902090072632,-0.3613348603248596,0.12639127671718597,10.203165054321289,-3.4542136192321777,1.6915175914764404,52.73579025268555
1781547283380755,132909773,-0.18199169635772705,-0.010188889689743519,0.013704954646527767,0.9831517934799194,-0.3446997106075287,0.12640134990215302,10.227726936340332,-4.198822975158691,0.9178926944732666,34.7303581237793
1781547283382444,132926440,-0.1847078651189804,-0.010098882019519806,0.013579652644693851,0.9826478362083435,-0.3386085331439972,0.12915079295635223,10.1681489944458,-4.466975688934326,0.506677508354187,17.713361740112305
1781547283410179,132943107,-0.1850547343492508,-0.010095328092575073,0.013538592495024204,0.9825831651687622,-0.3031887114048004,0.13561366498470306,10.175515174865723,-3.6646013259887695,0.7314155697822571,1.1464182138442993
1781547283412450,132959774,-0.1848997175693512,-0.010113623924553394,0.013521096669137478,0.9826124310493469,-0.1437469869852066,0.22404254972934723,10.193777084350586,-3.451298236846924,0.795818567276001,-2.3641674518585205
1781547283440325,132976441,-0.18489111959934235,-0.010124164633452892,0.013510076329112053,0.9826140999794006,-0.18762719631195068,0.1967567354440689,10.163514137268066,-3.425506591796875,0.7514446973800659,-1.3389679193496704
1781547283470082,132993108,-0.18489164113998413,-0.010135438293218613,0.013493852689862251,0.9826140403747559,-0.18313264846801758,0.20138432085514069,10.204939842224121,-3.460416793823242,0.7644174695014954,-1.2752691507339478
1781547283471753,133009775,-0.18489067256450653,-0.010140196420252323,0.013463509269058704,0.9826145768165588,-0.1976294368505478,0.20362119376659393,10.181347846984863,-3.563918113708496,0.7386511564254761,-1.2867437601089478
1781547283500652,133026442,-0.18488897383213043,-0.010154606774449348,0.013443070463836193,0.982615053653717,-0.18650509417057037,0.21238118410110474,10.178125381469727,-3.485299587249756,0.791682243347168,-1.2920711040496826
1781547283502479,133043109,-0.1848924458026886,-0.010167046450078487,0.013427339494228363,0.9826144576072693,-0.17556606233119965,0.20267003774642944,10.1773042678833,-3.4565749168395996,0.77345871925354,-1.255163311958313
1781547283530498,133059776,-0.18489113450050354,-0.010175132192671299,0.01340568345040083,0.9826149344444275,-0.18166835606098175,0.20966704189777374,10.172050476074219,-3.502152681350708,0.751559853553772,-1.2890616655349731
1781547283531919,133076443,-0.18488295376300812,-0.010181653313338757,0.013386405073106289,0.982616662979126,-0.18832413852214813,0.18974260985851288,10.18337631225586,-3.487861394882202,0.7378443479537964,-1.3353439569473267
1781547283560554,133093110,-0.1848730444908142,-0.0101948082447052,0.013375699520111084,0.982618510723114,-0.18545080721378326,0.20707185566425323,10.159417152404785,-3.421908140182495,0.7721525430679321,-1.3483550548553467
1781547283561855,133109777,-0.18487566709518433,-0.010207540355622768,0.013351328670978546,0.9826182126998901,-0.18267004191875458,0.19646130502223969,10.174290657043457,-3.5156121253967285,0.7884934544563293,-1.2616047859191895
1781547283591215,133126444,-0.18487778306007385,-0.010229098610579967,0.013335700146853924,0.9826177358627319,-0.17946545779705048,0.195197194814682,10.192740440368652,-3.4454333782196045,0.8373624682426453,-1.2652417421340942
1781547283620499,133143111,-0.1848822832107544,-0.010253305546939373,0.013309445232152939,0.9826171398162842,-0.17505373060703278,0.21257472038269043,10.186286926269531,-3.5141654014587402,0.86953204870224,-1.2505913972854614
1781547283621463,133159778,-0.1848861575126648,-0.010261974297463894,0.013278721831738949,0.9826167225837708,-0.19217327237129211,0.20421554148197174,10.18012523651123,-3.564174175262451,0.7706798315048218,-1.253908395767212
1781547283650466,133176445,-0.1848854422569275,-0.010268134996294975,0.013260552659630775,0.9826170206069946,-0.17054903507232666,0.18446595966815948,10.175067901611328,-3.482494831085205,0.7376905679702759,-1.2835932970046997
1781547283651333,133193112,-0.18487554788589478,-0.010282441042363644,0.013232190161943436,0.9826191067695618,-0.17694427073001862,0.1938227266073227,10.170202255249023,-3.540879249572754,0.8052825927734375,-1.3500070571899414
1781547283680494,133209779,-0.18488356471061707,-0.010299159213900566,0.013212022371590137,0.9826176762580872,-0.18249188363552094,0.2009139508008957,10.194742202758789,-3.483647584915161,0.8137603402137756,-1.2240437269210815
1781547283681570,133226446,-0.18487653136253357,-0.01031414419412613,0.013187762349843979,0.9826191663742065,-0.19581370055675507,0.21405617892742157,10.173078536987305,-3.5129616260528564,0.8061149716377258,-1.3300036191940308
1781547283710502,133243113,-0.1848803013563156,-0.010328168049454689,0.01317297201603651,0.982618510723114,-0.18145164847373962,0.21345606446266174,10.184504508972168,-3.4510810375213623,0.7890313267707825,-1.2529221773147583
1781547283713250,133259780,-0.18488505482673645,-0.010330092161893845,0.013159227557480335,0.9826177954673767,-0.18735794723033905,0.21310967206954956,10.181764602661133,-3.4596612453460693,0.7067248821258545,-1.2455583810806274
1781547283740183,133276447,-0.18488596379756927,-0.010344600304961205,0.013133023865520954,0.9826177954673767,-0.18184716999530792,0.20895104110240936,10.20305061340332,-3.52820086479187,0.8075364232063293,-1.273783564567566
1781547283769994,133293114,-0.1848890781402588,-0.010370618663728237,0.013109412044286728,0.9826172590255737,-0.1773739457130432,0.20779003202915192,10.18033504486084,-3.496467113494873,0.8828890919685364,-1.2592357397079468
1781547283772139,133309781,-0.18488995730876923,-0.01038057915866375,0.013096303679049015,0.9826171398162842,-0.19439730048179626,0.21134044229984283,10.179341316223145,-3.446150541305542,0.7612671256065369,-1.2736812829971313
1781547283800478,133326448,-0.18489573895931244,-0.0103929927572608,0.013076071627438068,0.9826162457466125,-0.187808096408844,0.209961399435997,10.185345649719238,-3.4913313388824463,0.7878018617630005,-1.2397955656051636
1781547283801429,133343115,-0.18490327894687653,-0.010411656461656094,0.013070168904960155,0.9826146364212036,-0.19830647110939026,0.2128395438194275,10.177018165588379,-3.386946678161621,0.812454104423523,-1.2262464761734009
1781547283830459,133359782,-0.18490666151046753,-0.010424204170703888,0.01304742693901062,0.9826141595840454,-0.18429148197174072,0.2008924037218094,10.183512687683105,-3.5086071491241455,0.7926554083824158,-1.2563669681549072
1781547283831344,133376449,-0.18490070104599,-0.010453639551997185,0.013034727424383163,0.9826151132583618,-0.18623673915863037,0.199216827750206,10.175314903259277,-3.4191031455993652,0.8934670686721802,-1.3228703737258911
1781547283860150,133393116,-0.18489769101142883,-0.010471202433109283,0.013034009374678135,0.98261559009552,-0.18810288608074188,0.20187927782535553,10.1807279586792,-3.3537399768829346,0.7988280653953552,-1.2998828887939453
1781547283862656,133409783,-0.1848931610584259,-0.01048249937593937,0.013016147539019585,0.9826166033744812,-0.18661600351333618,0.20068277418613434,10.185615539550781,-3.47782039642334,0.7785556316375732,-1.3120489120483398
1781547283890300,133426450,-0.18489181995391846,-0.010489361360669136,0.012996390461921692,0.9826170802116394,-0.17699724435806274,0.20425619184970856,10.175786018371582,-3.4966845512390137,0.7519056797027588,-1.288075566291809
1781547283920644,133443117,-0.18488283455371857,-0.010500502772629261,0.012982239946722984,0.9826186895370483,-0.18864434957504272,0.1937389224767685,10.190536499023438,-3.4533350467681885,0.7734843492507935,-1.3422080278396606
1781547283921453,133459784,-0.18488669395446777,-0.010506837628781796,0.01296077761799097,0.9826183319091797,-0.18550346791744232,0.2129204273223877,10.189905166625977,-3.509490728378296,0.7519313097000122,-1.2529733180999756
1781547283950006,133476451,-0.1848924607038498,-0.010520017705857754,0.012943191453814507,0.9826172590255737,-0.17388345301151276,0.207378551363945,10.200627326965332,-3.475131034851074,0.7940000891685486,-1.2394497394561768
1781547283953181,133493118,-0.1848975569009781,-0.010542194359004498,0.012922413647174835,0.9826163649559021,-0.178378626704216,0.2196960300207138,10.183701515197754,-3.485530138015747,0.8592997193336487,-1.2454943656921387
1781547283980046,133509785,-0.18490177392959595,-0.010547480545938015,0.01290714181959629,0.9826157093048096,-0.19052454829216003,0.217055082321167,10.177787780761719,-3.470226526260376,0.7387023568153381,-1.2495028972625732
1781547283982898,133526452,-0.18490450084209442,-0.010562648065388203,0.01288982480764389,0.9826152920722961,-0.19090405106544495,0.202527716755867,10.165352821350098,-3.47149395942688,0.8082407712936401,-1.261130928993225
1781547284010029,133543119,-0.18491427600383759,-0.010568369179964066,0.012871193699538708,0.9826135039329529,-0.18078839778900146,0.19705477356910706,10.177395820617676,-3.493290662765503,0.7473722100257874,-1.2111862897872925
1781547284011846,133559786,-0.18490761518478394,-0.010581804439425468,0.012857760302722454,0.9826149344444275,-0.1915941834449768,0.20665477216243744,10.178380012512207,-3.447507858276367,0.7916566133499146,-1.3261617422103882
1781547284040181,133576453,-0.18490903079509735,-0.010592237114906311,0.01284202840179205,0.9826146364212036,-0.17553935945034027,0.1870279759168625,10.177611351013184,-3.467639684677124,0.7755206227302551,-1.269608736038208
1781547284070060,133593120,-0.18490460515022278,-0.010603471659123898,0.012827417813241482,0.9826155304908752,-0.17805862426757812,0.20878231525421143,10.192234992980957,-3.459033727645874,0.7795161008834839,-1.3096669912338257
1781547284072841,133609787,-0.18496085703372955,-0.010640944354236126,0.012862732633948326,0.9826040863990784,-0.13682812452316284,0.1861863136291504,10.13073444366455,-3.0917856693267822,0.8999469876289368,-0.8839710354804993
1781547284100633,133626454,-0.18529775738716125,-0.011456985026597977,0.013907265849411488,0.9825173020362854,-0.18317945301532745,0.15106038749217987,10.217805862426758,4.702025413513184,4.907451629638672,1.1137620210647583
1781547284102255,133643121,-0.18430013954639435,-0.011550827883183956,0.013716116547584534,0.9827064871788025,0.8242715001106262,0.03705964982509613,10.248790740966797,-4.486514091491699,1.4543087482452393,-8.281843185424805
1781547284130298,133659788,-0.18707452714443207,-0.011120745912194252,0.012512307614088058,0.9822032451629639,1.1078792810440063,0.4521731734275818,10.292816162109375,-12.226228713989258,-0.38699573278427124,18.050355911254883
1781547284133283,133676455,-0.19379569590091705,-0.009316450916230679,0.011571763083338737,0.9809295535087585,-0.08098068088293076,0.35603272914886475,10.012921333312988,-12.453510284423828,-9.602306365966797,45.83232498168945
1781547284161062,133693122,-0.20047889649868011,-0.00909646786749363,0.011716268956661224,0.9795857667922974,-0.9464823007583618,0.15704427659511566,10.190413475036621,-3.0184788703918457,-0.36215338110923767,45.6129264831543
1781547284162762,133709789,-0.20597964525222778,-0.009537485428154469,0.012295096181333065,0.9784325957298279,-0.611572802066803,-0.3054625689983368,10.050322532653809,0.8751838803291321,3.37965726852417,37.35954284667969
1781547284190229,133726456,-0.20788177847862244,-0.009057185612618923,0.013035541400313377,0.9780252575874329,-0.45538270473480225,-0.3146267235279083,10.274627685546875,0.831536054611206,-3.4022140502929688,12.183757781982422
1781547284220055,133743123,-0.20827451348304749,-0.008406129665672779,0.013307793065905571,0.9779439568519592,-1.197268009185791,0.47975966334342957,10.199103355407715,-2.4941391944885254,-4.038033962249756,1.5536599159240723
1781547284222539,133759790,-0.206992506980896,-0.00832486990839243,0.013369373045861721,0.9782158136367798,-0.35900548100471497,0.1537517011165619,10.182730674743652,-3.031712770462036,-0.08279309421777725,-10.27653694152832
1781547284250892,133776457,-0.20643828809261322,-0.008289938792586327,0.013301228173077106,0.9783342480659485,-0.10595019906759262,0.4198790192604065,10.17306137084961,-3.8656227588653564,0.4887864291667938,-5.175418376922607
1781547284252729,133793124,-0.20521517097949982,-0.008302930742502213,0.013216843828558922,0.9785925149917603,-0.5940662622451782,0.1449081301689148,10.180301666259766,-3.8825151920318604,0.765839159488678,-9.878591537475586
1781547284280929,133809791,-0.2029070109128952,-0.008342321030795574,0.012949483469128609,0.9790769815444946,-0.038183681666851044,0.7494509816169739,10.22635555267334,-5.034616947174072,1.088905930519104,-17.51042366027832
1781547284282634,133826458,-0.2016337811946869,-0.00839447882026434,0.012788097374141216,0.9793415069580078,-0.836776077747345,0.33602893352508545,10.168194770812988,-4.345669746398926,1.133215069770813,-10.232020378112793
1781547284310319,133843125,-0.1995488852262497,-0.008210590109229088,0.012849320657551289,0.979769229888916,-0.28450870513916016,0.4520054757595062,10.1869478225708,-3.1416306495666504,-0.8479220271110535,-15.889991760253906
1781547284313181,133859792,-0.1980891227722168,-0.008212565444409847,0.0128401480615139,0.9800655245780945,0.20575113594532013,0.1300932615995407,10.205867767333984,-3.3860132694244385,0.5637549161911011,-11.518624305725098
1781547284340512,133876459,-0.19686946272850037,-0.007600108627229929,0.012882210314273834,0.980315625667572,-1.1185020208358765,0.13431315124034882,10.21032428741455,-3.8865368366241455,-3.620408058166504,-9.78145694732666
1781547284370241,133893126,-0.1922467052936554,-0.007202561013400555,0.013712652027606964,0.9812244176864624,-0.6041344404220581,-0.04882308468222618,10.194174766540527,1.8381990194320679,-3.5779552459716797,-33.5871467590332
1781547284375315,133909793,-0.18623007833957672,-0.006873688194900751,0.014288049191236496,0.9823782444000244,-0.7163056135177612,0.10483155399560928,10.20971965789795,0.2560582756996155,-2.921532154083252,-43.333839416503906
1781547284400482,133926460,-0.18056142330169678,-0.006272922735661268,0.01445826981216669,0.9834375381469727,0.6409327983856201,0.38058173656463623,10.271782875061035,-2.8342161178588867,-4.201481819152832,-40.855010986328125
1781547284402596,133943127,-0.1771974116563797,-0.005479396786540747,0.013803442940115929,0.9840633869171143,0.48627981543540955,0.44934120774269104,10.147966384887695,-8.708673477172852,-4.228219032287598,-24.75042152404785
1781547284430472,133959794,-0.17371653020381927,-0.004724836442619562,0.013543261215090752,0.984691321849823,0.004796302877366543,0.30396953225135803,10.064628601074219,-5.987623691558838,-4.452868461608887,-25.5327091217041
1781547284432308,133976461,-0.1710018813610077,-0.004248423967510462,0.01474162470549345,0.9851513504981995,0.06473174691200256,0.4175024926662445,10.208121299743652,4.209870338439941,-4.233632564544678,-20.123382568359375
1781547284460083,133993128,-0.1689835786819458,-0.0033232313580811024,0.01485143881291151,0.9855015277862549,-0.7013104557991028,0.15279236435890198,10.278522491455078,-3.701090097427368,-5.918255805969238,-15.264031410217285
1781547284462585,134009795,-0.1643218994140625,6.37596967862919e-05,0.01571042463183403,0.9862816333770752,-1.9405097961425781,0.0055677699856460094,11.225179672241211,-1.4678341150283813,-23.750566482543945,-33.406532287597656
1781547284490190,134026462,-0.1584423929452896,0.01235363632440567,0.018062718212604523,0.9871258735656738,0.855384349822998,0.33806559443473816,10.331780433654785,-1.4057466983795166,-85.94912719726562,-40.777679443359375
1781547284519990,134043129,-0.1549459844827652,0.024509916082024574,0.017002061009407043,0.9874725937843323,0.9671835899353027,0.42557498812675476,10.619673728942871,-24.159603118896484,-81.06595611572266,-23.791757583618164
1781547284522759,134059796,-0.1546882838010788,0.03510001674294472,0.012150442227721214,0.9872649908065796,1.4929096698760986,0.23760263621807098,9.93991756439209,-47.619503021240234,-66.10530853271484,-0.7596776485443115
1781547284550008,134076463,-0.15407589077949524,0.0424228198826313,0.007106378208845854,0.9871222972869873,1.2187566757202148,-0.2391800433397293,9.447260856628418,-45.54231262207031,-43.731788635253906,-3.464857816696167
1781547284552747,134093130,-0.15274161100387573,0.04644893854856491,0.006241866387426853,0.9871543049812317,0.9777546525001526,0.03850053995847702,9.588872909545898,-13.90251636505127,-25.766347885131836,-9.932023048400879
1781547284580089,134109797,-0.15179795026779175,0.04922240599989891,0.005183335393667221,0.9871715903282166,1.3018585443496704,-0.013234846293926239,9.948711395263672,-13.779057502746582,-17.04751205444336,-7.257910251617432
1781547284584183,134126464,-0.15118002891540527,0.05065743625164032,0.005463833920657635,0.9871922135353088,1.263245701789856,-0.2156859040260315,9.914913177490234,-3.18440318107605,-9.345964431762695,-5.551414966583252
1781547284610117,134143131,-0.15060916543006897,0.051574740558862686,0.006306091323494911,0.9872270226478577,1.1297591924667358,-0.12397293001413345,9.914634704589844,1.1824169158935547,-6.407465934753418,-5.462152481079102
1781547284612137,134159798,-0.1501932591199875,0.05195661261677742,0.007065965328365564,0.9872652888298035,1.0875052213668823,-0.02865860052406788,10.187588691711426,1.232208013534546,-2.679011821746826,-4.407664775848389
1781547284640416,134176465,-0.14975574612617493,0.053461287170648575,0.007673252373933792,0.9872468709945679,0.9618688821792603,-0.07615949958562851,10.306658744812012,-0.9684550762176514,-10.163392066955566,-4.386586666107178
1781547284670152,134193132,-0.14915993809700012,0.05620541423559189,0.006651820614933968,0.9871921539306641,0.939795196056366,-0.0854865238070488,10.620878219604492,-13.356483459472656,-16.921316146850586,-4.761037826538086
1781547284672679,134209799,-0.14836090803146362,0.06040295585989952,0.0040832445956766605,0.9870785474777222,1.197547197341919,-0.11956547945737839,10.31874942779541,-25.424163818359375,-25.23185157775879,-5.416611194610596
1781547284700072,134226466,-0.14822398126125336,0.06527320295572281,-0.00033236670424230397,0.9867974519729614,1.273223638534546,-0.18893690407276154,10.242890357971191,-38.36640167236328,-27.96373176574707,0.033072665333747864
1781547284702002,134243133,-0.14814360439777374,0.07047322392463684,-0.006023296155035496,0.9864334464073181,1.4115338325500488,-0.2919163107872009,10.245207786560059,-47.33050537109375,-28.93838882446289,1.071141242980957
1781547284731055,134259800,-0.14834633469581604,0.07523121684789658,-0.012116830796003342,0.9859954714775085,1.5451321601867676,-0.3633234202861786,9.8876953125,-49.47712326049805,-25.577390670776367,3.2791850566864014
1781547284733287,134276467,-0.14952625334262848,0.08039936423301697,-0.016834508627653122,0.9853397607803345,1.5381304025650024,-0.5595096349716187,9.860418319702148,-40.082332611083984,-29.953914642333984,9.377246856689453
1781547284761610,134293134,-0.15110501646995544,0.08597216755151749,-0.021301807835698128,0.9845417141914368,1.5588592290878296,-0.590223491191864,10.313568115234375,-38.59919738769531,-33.07699203491211,12.03880786895752
1781547284762391,134309801,-0.1534736156463623,0.09235446155071259,-0.026101887226104736,0.983481228351593,1.495232343673706,-0.8959938287734985,9.723299980163574,-41.26578140258789,-38.481990814208984,17.7357234954834
1781547284790213,134326468,-0.15416325628757477,0.09649933129549026,-0.02992338314652443,0.9828664660453796,1.8822532892227173,-0.8935680985450745,9.64374828338623,-33.274234771728516,-23.801462173461914,5.69050407409668
1781547284819961,134343135,-0.1548558622598648,0.09977961331605911,-0.03255759924650192,0.9823460578918457,1.9231982231140137,-1.0002219676971436,9.61673641204834,-24.313501358032227,-19.15412712097168,4.999225616455078
1781547284821869,134359802,-0.15560662746429443,0.10164309293031693,-0.03402293100953102,0.9819866418838501,1.8731707334518433,-1.1016498804092407,9.801637649536133,-14.835312843322754,-10.731194496154785,4.735262393951416
1781547284849972,134376469,-0.15562503039836884,0.10491225123405457,-0.035522446036338806,0.981586754322052,1.7864311933517456,-1.0981035232543945,10.35066032409668,-17.09116554260254,-20.04175567626953,-0.4707625210285187
1781547284852776,134393136,-0.1556648463010788,0.10951052606105804,-0.03856198862195015,0.980963408946991,1.938646912574768,-1.1609396934509277,10.391881942749023,-28.94647216796875,-27.530990600585938,0.6975081562995911
1781547284882800,134409803,-0.15507644414901733,0.12202487140893936,-0.046653345227241516,0.9792266488075256,2.035135269165039,-1.2876684665679932,10.539222717285156,-72.26213073730469,-76.18840789794922,-0.645849347114563
1781547284883614,134426470,-0.1555103063583374,0.1294087916612625,-0.05151434987783432,0.9779654741287231,2.2929835319519043,-1.2158939838409424,9.264876365661621,-44.03281784057617,-45.01875305175781,4.662301063537598
1781547284915888,134443137,-0.1563340127468109,0.1357148438692093,-0.05604596063494682,0.9767293930053711,2.333169937133789,-1.2900649309158325,9.356426239013672,-40.31043243408203,-38.23830032348633,7.345681667327881
1781547284918674,134459804,-0.15754704177379608,0.14135727286338806,-0.060543324798345566,0.9754648804664612,2.4518489837646484,-1.5193594694137573,9.73576545715332,-39.01673126220703,-33.994789123535156,10.2123384475708
1781547284941326,134476471,-0.15880827605724335,0.1464041918516159,-0.06462659686803818,0.9742531776428223,2.467938184738159,-1.7867616415023804,9.348150253295898,-35.52726745605469,-30.417823791503906,10.322892189025879
1781547284970008,134493138,-0.15967728197574615,0.15021391212940216,-0.06797949969768524,0.9733026027679443,2.6297779083251953,-1.8619385957717896,9.82910442352295,-29.563295364379883,-22.490737915039062,7.222170352935791
1781547284973147,134509805,-0.16032549738883972,0.15551823377609253,-0.07203216105699539,0.9720706343650818,2.675527572631836,-2.0127832889556885,9.52849292755127,-36.247371673583984,-31.911935806274414,6.078155517578125
1781547284999713,134526472,-0.1604142189025879,0.16109377145767212,-0.07697366923093796,0.9707684516906738,2.715961456298828,-2.100290298461914,9.591397285461426,-43.12028121948242,-32.54229736328125,3.2303261756896973
1781547285001757,134543139,-0.1607377827167511,0.16637812554836273,-0.08220161497592926,0.9693940281867981,2.8110511302948,-2.0460188388824463,9.600837707519531,-44.489837646484375,-30.487239837646484,5.347199440002441
1781547285029693,134559806,-0.16173255443572998,0.1717970222234726,-0.08741055428981781,0.9678263068199158,2.8669626712799072,-2.0838816165924072,9.336194038391113,-43.85477066040039,-32.00535202026367,9.93581485748291
1781547285031614,134576473,-0.16252879798412323,0.17725229263305664,-0.09197074919939041,0.9662854075431824,3.0584843158721924,-2.2488412857055664,8.982807159423828,-39.79767608642578,-32.817787170410156,7.795626163482666
1781547285059700,134593140,-0.1632680892944336,0.18154935538768768,-0.09534704685211182,0.9650350213050842,3.083371877670288,-2.505690813064575,8.979923248291016,-30.525249481201172,-26.054950714111328,6.3811140060424805
1781547285061567,134609807,-0.1637551486492157,0.1833493560552597,-0.09769077599048615,0.9643774032592773,3.2864277362823486,-2.375542163848877,9.097382545471191,-20.797527313232422,-9.740541458129883,4.389186382293701
1781547285090295,134626474,-0.16408434510231018,0.18676571547985077,-0.10025602579116821,0.9634021520614624,3.281484842300415,-2.574155330657959,9.35019588470459,-24.499479293823242,-20.501745223999023,2.893239974975586
1781547285120762,134643141,-0.16388723254203796,0.19118398427963257,-0.1036045178771019,0.9622141122817993,3.353720188140869,-2.6280441284179688,9.378540992736816,-31.640987396240234,-26.16447639465332,-0.03765089064836502
1781547285122440,134659808,-0.1632547676563263,0.19553020596504211,-0.1072959452867508,0.9610429406166077,3.1709799766540527,-2.8281116485595703,8.94253921508789,-34.390052795410156,-24.968669891357422,-2.436640977859497
1781547285151207,134676475,-0.16291919350624084,0.19801920652389526,-0.11027288436889648,0.9602530002593994,3.2503695487976074,-2.7033920288085938,8.867810249328613,-26.90390968322754,-13.20509147644043,-0.4937887489795685
1781547285152918,134693142,-0.16361048817634583,0.19992278516292572,-0.11165206879377365,0.9595814347267151,3.300267457962036,-2.6586825847625732,8.883695602416992,-14.212672233581543,-11.746947288513184,4.420968532562256
1781547285180680,134709809,-0.16502393782138824,0.19993512332439423,-0.1108807697892189,0.9594261646270752,3.410672664642334,-2.7091567516326904,8.405383110046387,3.490326404571533,-1.5334711074829102,7.100027561187744
1781547285182418,134726476,-0.16708607971668243,0.1964900642633438,-0.10794485360383987,0.9601156711578369,3.495844841003418,-2.612772226333618,8.510594367980957,23.22710609436035,19.484285354614258,10.082263946533203
1781547285210093,134743143,-0.16869612038135529,0.1918269842863083,-0.10455489903688431,0.9611515998840332,3.507608413696289,-2.6782376766204834,9.14053726196289,27.269906997680664,27.807161331176758,6.992875099182129
1781547285212786,134759810,-0.16997164487838745,0.19023847579956055,-0.10305715352296829,0.9614042639732361,3.2892582416534424,-2.646024227142334,10.087519645690918,10.194662094116211,8.89237117767334,5.975377082824707
1781547285241002,134776477,-0.17027443647384644,0.19117659330368042,-0.10332972556352615,0.9611353874206543,3.1784698963165283,-2.789389133453369,9.225090980529785,-6.103327751159668,-5.734261512756348,0.6814323663711548
1781547285270090,134793144,-0.1703084409236908,0.19252824783325195,-0.10392545163631439,0.9607953429222107,3.1959593296051025,-2.7350776195526123,9.362648010253906,-9.127050399780273,-7.992062568664551,-0.8802577257156372
1781547285272958,134809811,-0.16985489428043365,0.19678835570812225,-0.10694728046655655,0.9596801996231079,3.1550862789154053,-2.845689058303833,9.491719245910645,-29.758577346801758,-25.04193687438965,-2.060795783996582
1781547285300756,134826478,-0.16936537623405457,0.19997596740722656,-0.10944681614637375,0.9588255882263184,3.269845724105835,-2.696962833404541,8.983957290649414,-24.91796112060547,-18.196935653686523,-2.5218348503112793
1781547285302024,134843145,-0.1694839596748352,0.20253421366214752,-0.11154147982597351,0.9580259919166565,3.4199130535125732,-2.593311309814453,8.869404792785645,-20.63934898376465,-14.901490211486816,1.3397712707519531
1781547285330465,134859812,-0.17010879516601562,0.20450417697429657,-0.11300280690193176,0.9573251008987427,3.478759527206421,-2.683018207550049,8.970044136047363,-15.002891540527344,-12.014742851257324,4.127819061279297
1781547285332448,134876479,-0.17121462523937225,0.20602115988731384,-0.11401814222335815,0.9566822052001953,3.5174500942230225,-2.7710084915161133,8.96104907989502,-10.817085266113281,-9.847208023071289,6.952682971954346
1781547285360140,134893146,-0.17254000902175903,0.2072598785161972,-0.11494560539722443,0.9560653567314148,3.4812114238739014,-2.8619937896728516,8.991336822509766,-9.581794738769531,-8.255106925964355,8.458965301513672
1781547285362498,134909813,-0.17384570837020874,0.20836961269378662,-0.11617211997509003,0.9554392099380493,3.495331287384033,-3.0679121017456055,8.903624534606934,-11.430496215820312,-7.050643444061279,8.868640899658203
1781547285390225,134926480,-0.17483682930469513,0.20993226766586304,-0.1170513704419136,0.95480877161026,3.5429184436798096,-3.055779457092285,8.80920124053955,-10.145403861999512,-10.195568084716797,5.947280406951904
1781547285420133,134943147,-0.17532584071159363,0.21105271577835083,-0.11763036251068115,0.9544007778167725,3.542451858520508,-3.079561710357666,9.038056373596191,-8.188345909118652,-6.928328514099121,2.307506799697876
1781547285422732,134959814,-0.17556992173194885,0.21329231560230255,-0.11925822496414185,0.9536557793617249,3.5120925903320312,-3.1695597171783447,9.2777738571167,-17.048723220825195,-13.29837703704834,1.7223734855651855
1781547285450170,134976481,-0.17454077303409576,0.21655221283435822,-0.12288977950811386,0.952648401260376,3.4366297721862793,-3.388906240463257,9.416704177856445,-33.50111770629883,-16.910715103149414,-4.2093400955200195
1781547285452032,134993148,-0.17313887178897858,0.2244011014699936,-0.1280674934387207,0.9504029750823975,3.794048309326172,-3.0678648948669434,10.343756675720215,-50.73715591430664,-46.641719818115234,-6.741735458374023
1781547285480145,135009815,-0.1729804426431656,0.2348528951406479,-0.13264499604701996,0.9472735524177551,3.5730106830596924,-3.0227789878845215,8.965324401855469,-48.77724075317383,-66.82569885253906,-0.7829349637031555
1781547285481660,135026482,-0.1736203134059906,0.24474100768566132,-0.13888946175575256,0.9437519311904907,3.753537178039551,-2.8705523014068604,7.947758197784424,-58.03532409667969,-62.533748626708984,8.086386680603027
1781547285509865,135043149,-0.1749822199344635,0.2525099515914917,-0.1448151022195816,0.9405576586723328,4.21505880355835,-3.1486191749572754,7.8356218338012695,-51.91129684448242,-49.30084991455078,13.866623878479004
1781547285511881,135059816,-0.1765241026878357,0.2577631175518036,-0.14946265518665314,0.9381142854690552,4.375078201293945,-3.5460128784179688,7.954822063446045,-39.560630798339844,-33.44316482543945,14.413969993591309
1781547285540116,135076483,-0.17776060104370117,0.26239362359046936,-0.1538621038198471,0.9358832240104675,4.385448932647705,-3.8853752613067627,8.27952766418457,-37.52903747558594,-29.036752700805664,12.386431694030762
1781547285569904,135093150,-0.1784820705652237,0.2657313644886017,-0.1577671617269516,0.934152364730835,4.37844181060791,-4.0097432136535645,7.786416053771973,-33.16828536987305,-19.874605178833008,8.935456275939941
1781547285573722,135109817,-0.17903068661689758,0.2683197259902954,-0.16063392162322998,0.9328180551528931,4.263538837432861,-3.846907615661621,7.452082633972168,-25.465330123901367,-15.42261028289795,6.254110336303711
1781547285600014,135126484,-0.17956025898456573,0.2692902386188507,-0.16174791753292084,0.932243824005127,4.092190742492676,-3.774868965148926,7.182873725891113,-11.427931785583496,-5.779444694519043,3.7493748664855957
1781547285602470,135143151,-0.18014588952064514,0.2684345841407776,-0.16180382668972015,0.9323679804801941,4.196868896484375,-4.04036808013916,7.6320881843566895,-1.5106500387191772,5.850396156311035,3.319003105163574
1781547285630006,135159818,-0.17962710559368134,0.26805004477500916,-0.1618756502866745,0.9325661063194275,4.434393882751465,-4.532174110412598,8.75405216217041,-4.152305603027344,4.215613842010498,-4.347884178161621
1781547285632433,135176485,-0.1772826611995697,0.27132362127304077,-0.16232983767986298,0.9319889545440674,4.615073204040527,-4.692899703979492,9.701391220092773,-15.348333358764648,-18.164934158325195,-18.463260650634766
1781547285660001,135193152,-0.174540713429451,0.2783057391643524,-0.16346856951713562,0.9302470088005066,4.629216194152832,-4.096341609954834,9.1580810546875,-26.29810905456543,-42.82474899291992,-22.454498291015625
1781547285662407,135209819,-0.17352443933486938,0.2859392464160919,-0.16692136228084564,0.9275050163269043,4.764925479888916,-3.4200901985168457,8.093904495239258,-39.70449447631836,-48.0676155090332,-6.521889686584473
1781547285690237,135226486,-0.17362630367279053,0.29271194338798523,-0.17088204622268677,0.9246476292610168,4.709718227386475,-3.316171407699585,7.623304843902588,-39.853641510009766,-43.481597900390625,2.7324025630950928
1781547285720006,135243153,-0.1740780919790268,0.29854685068130493,-0.17502477765083313,0.9219180941581726,4.77604341506958,-3.844322443008423,7.946375370025635,-39.040130615234375,-37.4551887512207,6.272571086883545
1781547285721993,135259820,-0.17310939729213715,0.3064544200897217,-0.17959167063236237,0.9186215996742249,5.059883117675781,-4.8004841804504395,8.743182182312012,-47.81086349487305,-49.53929901123047,-3.676008701324463
1781547285749962,135276487,-0.1710081398487091,0.3174905776977539,-0.18456436693668365,0.914271354675293,5.222874641418457,-4.987214088439941,8.683138847351074,-57.78701400756836,-69.64002227783203,-12.584555625915527
1781547285751622,135293154,-0.16906866431236267,0.3306000828742981,-0.18973714113235474,0.9089109897613525,5.150906085968018,-4.677814483642578,7.54071569442749,-62.41368103027344,-84.85033416748047,-12.576692581176758
1781547285780017,135309821,-0.16750860214233398,0.34321504831314087,-0.1937546730041504,0.9036611914634705,4.9839372634887695,-4.293710231781006,6.416023254394531,-53.61448669433594,-83.34529876708984,-12.317092895507812
1781547285783435,135326488,-0.1664051115512848,0.3533836901187897,-0.1963752806186676,0.8993698954582214,4.8175435066223145,-4.135720252990723,5.882916450500488,-39.76410675048828,-68.0989990234375,-10.62242603302002
1781547285810146,135343155,-0.16486185789108276,0.3610796630382538,-0.19935943186283112,0.8959341049194336,5.251748561859131,-4.568039894104004,6.11905574798584,-39.097591400146484,-49.719032287597656,-10.099591255187988
1781547285811933,135359822,-0.16324757039546967,0.36791497468948364,-0.20333845913410187,0.8925482034683228,5.859516143798828,-4.69731330871582,6.579742908477783,-44.35869216918945,-43.06747055053711,-6.945477485656738
1781547285840945,135376489,-0.16256195306777954,0.3749169111251831,-0.20862558484077454,0.888530433177948,6.141483306884766,-4.499629974365234,6.54292631149292,-51.10869598388672,-45.517738342285156,2.5388176441192627
1781547285870679,135393156,-0.1630992889404297,0.38195091485977173,-0.215441033244133,0.8837971091270447,6.229782581329346,-4.488232612609863,6.341569900512695,-58.357322692871094,-47.6028938293457,14.703063011169434
1781547285873256,135409823,-0.16470539569854736,0.38886699080467224,-0.22337529063224792,0.8784976601600647,6.146607398986816,-4.683877468109131,6.300291061401367,-63.058799743652344,-48.69997787475586,24.94584083557129
1781547285900156,135426490,-0.16733616590499878,0.39552217721939087,-0.23231081664562225,0.8726927638053894,6.063611030578613,-5.0911407470703125,6.332037925720215,-66.85092163085938,-48.914554595947266,34.78559112548828
1781547285902080,135443157,-0.17208807170391083,0.40203890204429626,-0.24334540963172913,0.8657561540603638,6.076075077056885,-6.108905792236328,6.262157917022705,-75.32986450195312,-52.13512420654297,54.745628356933594
1781547285929998,135459824,-0.17766492068767548,0.4083223044872284,-0.2593829929828644,0.8569881319999695,5.818963527679443,-6.355498790740967,5.882534503936768,-105.6230239868164,-51.27070617675781,76.04228210449219
1781547285932203,135476491,-0.18605822324752808,0.41356244683265686,-0.28108036518096924,0.8457791805267334,5.379688262939453,-7.744458198547363,5.638054370880127,-134.15377807617188,-50.086875915527344,113.3729019165039
1781547285960140,135493158,-0.19663754105567932,0.41745656728744507,-0.3092817962169647,0.8315098881721497,4.786124229431152,-9.115102767944336,5.0969929695129395,-169.96873474121094,-46.86831283569336,151.1019744873047
1781547285961531,135509825,-0.20806677639484406,0.4186495542526245,-0.343523770570755,0.8145135045051575,4.390743255615234,-10.290055274963379,4.446518898010254,-204.2320098876953,-32.89137649536133,182.7379913330078
1781547285990229,135526492,-0.21996600925922394,0.416692852973938,-0.3839056193828583,0.7941024899482727,3.7395849227905273,-10.815776824951172,3.6462881565093994,-240.8531036376953,-17.403066635131836,215.38499450683594
1781547286020168,135543159,-0.2322685867547989,0.4106963276863098,-0.4310295879840851,0.7691511511802673,2.848191022872925,-11.106794357299805,2.6607961654663086,-282.4347839355469,0.7900612950325012,254.4697723388672
1781547286022606,135559826,-0.24473842978477478,0.3992086946964264,-0.48525017499923706,0.7384226322174072,1.6565830707550049,-11.061692237854004,1.109377145767212,-327.923828125,24.376728057861328,300.9598693847656
1781547286050147,135576493,-0.255624920129776,0.38002610206604004,-0.5450277924537659,0.7022683620452881,0.8027408719062805,-10.558220863342285,-0.36053115129470825,-365.7284851074219,63.23611068725586,343.0616149902344
1781547286052062,135593160,-0.26235395669937134,0.3524039685726166,-0.6055953502655029,0.6635029911994934,0.313627690076828,-9.911445617675781,-1.1266112327575684,-375.3924865722656,114.19998931884766,361.31085205078125
1781547286080161,135609827,-0.26267632842063904,0.318742573261261,-0.6621015071868896,0.6253206729888916,0.273823618888855,-9.47127914428711,-1.264068365097046,-359.02716064453125,162.56881713867188,346.30877685546875
1781547286082039,135626494,-0.25684621930122375,0.2829773426055908,-0.7128587961196899,0.5880360007286072,-0.0713302418589592,-9.127028465270996,-1.2881478071212769,-339.84814453125,191.2266387939453,315.1604919433594
1781547286110152,135643161,-0.2471010982990265,0.24791039526462555,-0.7573034167289734,0.5513375997543335,0.312310129404068,-9.088004112243652,-0.3812112510204315,-320.2423400878906,197.57861328125,282.5404968261719
1781547286111986,135659828,-0.23770898580551147,0.21963998675346375,-0.7922257781028748,0.5173309445381165,1.6469444036483765,-9.270955085754395,0.7484599351882935,-280.97857666015625,158.32765197753906,227.6027069091797
1781547286140491,135676495,-0.23057714104652405,0.20109441876411438,-0.8159874081611633,0.4904690980911255,2.80741286277771,-9.237007141113281,0.9943915605545044,-214.7620849609375,103.92070770263672,154.07603454589844
1781547286170944,135693162,-0.225562185049057,0.191655695438385,-0.8307248950004578,0.47147247195243835,2.908860445022583,-9.092354774475098,0.4806141257286072,-151.68739318847656,57.88076400756836,85.1633071899414
1781547286172383,135709829,-0.22252793610095978,0.18731914460659027,-0.8413845300674438,0.45548340678215027,2.2478201389312744,-8.65832233428955,-0.35070645809173584,-126.5999755859375,27.661895751953125,52.417236328125
1781547286200197,135726496,-0.22236303985118866,0.18380175530910492,-0.8526676893234253,0.43557941913604736,1.415425419807434,-8.05540943145752,-1.3070881366729736,-148.7756805419922,4.406501770019531,63.47488021850586
1781547286202073,135743163,-0.22666223347187042,0.1789734810590744,-0.8664243221282959,0.4073103070259094,0.6450477242469788,-7.488566875457764,-1.9399237632751465,-197.6090545654297,-24.634132385253906,100.46733856201172
1781547286229896,135759830,-0.2370336651802063,0.17233410477638245,-0.8819310665130615,0.3692069947719574,-0.2906726896762848,-6.773681163787842,-2.9519050121307373,-250.8491668701172,-65.12478637695312,145.77818298339844
1781547286232170,135776497,-0.2530914545059204,0.16441220045089722,-0.8971288204193115,0.32260385155677795,-1.8571141958236694,-5.807474613189697,-4.213298320770264,-292.83843994140625,-106.95166015625,181.5216522216797
1781547286259874,135793164,-0.27129554748535156,0.155870258808136,-0.9104236364364624,0.2706144154071808,-4.038674831390381,-4.480837821960449,-6.165791034698486,-318.37908935546875,-128.2351837158203,197.3590545654297
1781547286262308,135809831,-0.2866104245185852,0.14778684079647064,-0.9197920560836792,0.22359874844551086,-6.23014497756958,-2.6015379428863525,-8.18079948425293,-283.8365783691406,-112.9709243774414,175.5958251953125
1781547286290523,135826498,-0.29707324504852295,0.14213316142559052,-0.9245981574058533,0.191478431224823,-8.3223295211792,-0.5315549373626709,-9.284090042114258,-192.25051879882812,-79.83918762207031,118.72539520263672
1781547286320692,135843165,-0.30241015553474426,0.14002561569213867,-0.9262157082557678,0.17625446617603302,-10.007189750671387,0.817291259765625,-9.955862045288086,-92.84649658203125,-41.9018440246582,51.77473449707031
1781547286322065,135859832,-0.3029592037200928,0.1391795575618744,-0.9266626238822937,0.17361198365688324,-11.071084022521973,1.4100178480148315,-10.333885192871094,-18.518333435058594,-3.2507052421569824,10.63505744934082
1781547286350146,135876499,-0.2983444631099701,0.13458329439163208,-0.9279763698577881,0.1781514286994934,-10.070971488952637,1.0568503141403198,-10.57122802734375,29.09540367126465,42.8143196105957,14.21388053894043
1781547286352107,135893166,-0.288136750459671,0.12423041462898254,-0.9312271475791931,0.18536542356014252,-8.18842887878418,-0.35997825860977173,-9.858175277709961,50.44340133666992,92.00726318359375,40.382877349853516
1781547286380178,135909833,-0.27400484681129456,0.10925830900669098,-0.9355525374412537,0.194230318069458,-5.825289726257324,-2.4481863975524902,-8.530876159667969,65.46511840820312,126.56631469726562,62.597747802734375
1781547286383285,135926500,-0.25825250148773193,0.0945114716887474,-0.9392068982124329,0.2055818736553192,-3.1302857398986816,-5.1353302001953125,-6.813348293304443,80.7286148071289,137.29173278808594,53.793922424316406
1781547286410661,135943167,-0.2438918650150299,0.08683952689170837,-0.9407944083213806,0.2188188135623932,-0.34012728929519653,-7.632582664489746,-4.749432563781738,84.16465759277344,115.848876953125,5.386990547180176
1781547286412059,135959834,-0.23460805416107178,0.089753657579422,-0.9401621222496033,0.23021453619003296,1.3901945352554321,-9.004831314086914,-3.2706236839294434,60.857505798339844,62.24771499633789,-53.675846099853516
1781547286440194,135976501,-0.2306469827890396,0.09780111908912659,-0.9382710456848145,0.23850488662719727,2.4077963829040527,-8.936190605163574,-2.8671183586120605,37.75838088989258,15.758848190307617,-74.18360137939453
1781547286470473,135993168,-0.23052078485488892,0.1070307120680809,-0.9355976581573486,0.24507497251033783,3.3166165351867676,-9.121635437011719,-2.489934206008911,28.625017166137695,-13.327393531799316,-73.30110931396484
1781547286471910,136009835,-0.2349940985441208,0.11859424412250519,-0.9323737621307373,0.2477751076221466,2.975233793258667,-8.676976203918457,-2.2615933418273926,4.320545196533203,-50.58087921142578,-74.81587219238281
1781547286499991,136026502,-0.24577051401138306,0.13045310974121094,-0.9291322827339172,0.24350005388259888,1.0301508903503418,-6.986340045928955,-2.7950572967529297,-35.72489929199219,-97.22081756591797,-54.699180603027344
1781547286502493,136043169,-0.2629232704639435,0.13952240347862244,-0.9264533519744873,0.23041057586669922,-2.076110363006592,-4.94916296005249,-3.7177233695983887,-82.56260681152344,-140.25335693359375,-10.790079116821289
1781547286530031,136059836,-0.2862040102481842,0.1453167349100113,-0.9235904216766357,0.20964497327804565,-6.798501491546631,-2.6338088512420654,-5.982052326202393,-119.38678741455078,-181.81265258789062,33.4879150390625
1781547286532179,136076503,-0.3090936541557312,0.14706188440322876,-0.9209164977073669,0.18640464544296265,-11.559657096862793,-0.3882392942905426,-9.147734642028809,-127.7955322265625,-175.58447265625,63.693603515625
1781547286560020,136093170,-0.3233691453933716,0.14491170644760132,-0.9194953441619873,0.17018021643161774,-14.323119163513184,1.154578447341919,-11.547957420349121,-85.38023376464844,-106.25508117675781,63.64927673339844
1781547286562092,136109837,-0.32574427127838135,0.1399478167295456,-0.9199918508529663,0.16709329187870026,-14.160643577575684,1.4608646631240845,-12.021600723266602,-10.143590927124023,-10.351606369018555,40.18578338623047
1781547286590258,136126504,-0.31751152873039246,0.13295778632164001,-0.9223873019218445,0.17524446547031403,-11.746506690979004,0.5339089632034302,-11.27037525177002,53.11604309082031,74.15493774414062,17.44818878173828
1781547286620175,136143171,-0.30278170108795166,0.12525182962417603,-0.9255837798118591,0.18955212831497192,-8.696480751037598,-1.0279664993286133,-9.441245079040527,86.84512329101562,123.61253356933594,1.433254599571228
1781547286621661,136159838,-0.28759199380874634,0.11814256757497787,-0.9283250570297241,0.20382800698280334,-5.885566711425781,-2.621176242828369,-7.67197322845459,85.61410522460938,124.78916931152344,-3.2998862266540527
1781547286650134,136176505,-0.27491846680641174,0.11101589351892471,-0.9304510354995728,0.21530529856681824,-3.2712340354919434,-4.061721324920654,-6.5919623374938965,70.69850158691406,105.25941467285156,5.368348598480225
1781547286652109,136193172,-0.2641265392303467,0.10306854546070099,-0.9324840903282166,0.22380328178405762,-1.3341450691223145,-5.205699443817139,-5.988881587982178,54.76520538330078,91.9801025390625,18.968345642089844
1781547286680164,136209839,-0.2540735900402069,0.09461649507284164,-0.9350302815437317,0.22850164771080017,-0.0655558705329895,-5.992583751678467,-5.042531967163086,31.05238914489746,86.24870300292969,30.61345100402832
1781547286682135,136226506,-0.24677781760692596,0.0870155394077301,-0.937618613243103,0.22891122102737427,0.44603201746940613,-6.311944007873535,-4.147825241088867,3.7137668132781982,64.45743560791016,37.004600524902344
1781547286710763,136243173,-0.24470755457878113,0.08174291998147964,-0.9389340281486511,0.22768224775791168,0.8575074076652527,-6.521190643310547,-3.6126456260681152,-5.679609775543213,23.9576358795166,32.25117874145508
1781547286711663,136259840,-0.2484784722328186,0.07961075752973557,-0.9388075470924377,0.22485807538032532,0.362612247467041,-6.539757251739502,-3.7352616786956787,-15.73449993133545,-21.99909782409668,23.006877899169922
1781547286740959,136276507,-0.25686654448509216,0.079559825360775,-0.9379264116287231,0.2190527617931366,-1.335566759109497,-6.135311603546143,-4.7032012939453125,-34.85281753540039,-57.9479866027832,21.40293312072754
1781547286770019,136293174,-0.2685096859931946,0.08022268116474152,-0.9365319609642029,0.21065352857112885,-3.6786699295043945,-5.128710746765137,-6.096364974975586,-50.299068450927734,-82.34468078613281,26.010976791381836
1781547286772998,136309841,-0.2810145914554596,0.08024570345878601,-0.9349271655082703,0.20125357806682587,-6.147073268890381,-3.8898611068725586,-7.723504543304443,-54.78797912597656,-87.90748596191406,33.11376190185547
1781547286800132,136326508,-0.2911587357521057,0.07913688570261002,-0.9337222576141357,0.1926833540201187,-7.738774299621582,-2.988356351852417,-8.886689186096191,-49.12217330932617,-69.93070983886719,35.73574447631836
1781547286802288,136343175,-0.29825758934020996,0.07777053117752075,-0.9327163100242615,0.1871751993894577,-8.435614585876465,-2.416912794113159,-9.348498344421387,-30.863798141479492,-47.968048095703125,27.324722290039062
1781547286830017,136359842,-0.30163151025772095,0.07713285833597183,-0.9320385456085205,0.1854003518819809,-8.165791511535645,-2.0999362468719482,-9.489304542541504,-10.823596954345703,-22.34320640563965,10.3699369430542
1781547286832457,136376509,-0.30087146162986755,0.07659727334976196,-0.9321513175964355,0.18628840148448944,-7.584902763366699,-2.1002256870269775,-9.16235065460205,2.837010145187378,7.073145866394043,-0.6666858792304993
1781547286860494,136393176,-0.29684558510780334,0.07476535439491272,-0.9332233667373657,0.18811510503292084,-6.624683856964111,-2.3371355533599854,-8.412426948547363,8.5950345993042,32.14588928222656,2.0157594680786133
1781547286862739,136409843,-0.29122209548950195,0.07149866968393326,-0.9352694749832153,0.1880127191543579,-5.431924343109131,-2.6485562324523926,-7.942163467407227,-2.928412914276123,45.25019454956055,13.58802318572998
1781547286890296,136426510,-0.28472182154655457,0.06714530289173126,-0.9374381303787231,0.18877194821834564,-4.590432167053223,-2.8867509365081787,-7.658703804016113,4.204671859741211,52.961669921875,17.776323318481445
1781547286920925,136443177,-0.2789669334888458,0.06313520669937134,-0.9391912817955017,0.1900295466184616,-4.114984035491943,-3.1141200065612793,-7.12987756729126,7.6325812339782715,47.126075744628906,15.363598823547363
1781547286922236,136459844,-0.2752915918827057,0.059989769011735916,-0.940369188785553,0.19058260321617126,-3.964048147201538,-3.3558640480041504,-6.806649208068848,3.081355094909668,31.156536102294922,13.599292755126953
1781547286950571,136476511,-0.273922324180603,0.05715867877006531,-0.9410842657089233,0.1898943930864334,-3.9786055088043213,-3.51198410987854,-7.009523868560791,-3.9808480739593506,14.444786071777344,16.74834632873535
1781547286951957,136493178,-0.27386274933815,0.053720228374004364,-0.9417576193809509,0.18763276934623718,-4.185324192047119,-3.708444595336914,-7.18712043762207,-12.447989463806152,6.064676761627197,25.335947036743164
1781547286980136,136509845,-0.273644357919693,0.049428485333919525,-0.9427646994590759,0.18403926491737366,-4.33016300201416,-3.7522354125976562,-7.471341133117676,-19.954286575317383,8.328086853027344,33.28840637207031
1781547286982772,136526512,-0.2726691961288452,0.04496621713042259,-0.9438607692718506,0.18098756670951843,-4.309865951538086,-3.804253578186035,-7.427072525024414,-16.49164581298828,13.79948616027832,32.44878005981445
1781547287010111,136543179,-0.27179861068725586,0.041919950395822525,-0.9446967840194702,0.1786520928144455,-4.417998790740967,-3.653289556503296,-6.957157135009766,-14.142630577087402,11.090221405029297,21.968685150146484
1781547287012352,136559846,-0.2746397852897644,0.04184192419052124,-0.9453741908073425,0.1705578863620758,-4.493272304534912,-3.3055036067962646,-7.419292449951172,-55.83073806762695,-18.62055206298828,17.96564483642578
1781547287040412,136576513,-0.2736073434352875,0.04132043942809105,-0.9466909170150757,0.1649487018585205,-5.336246013641357,-3.6875338554382324,-8.224393844604492,-40.70556640625,8.999381065368652,11.79776668548584
1781547287070513,136593180,-0.2696898281574249,0.03990725427865982,-0.9486686587333679,0.16032114624977112,-4.956434726715088,-3.01015305519104,-8.034820556640625,-34.20805358886719,30.311965942382812,12.671771049499512
1781547287072733,136609847,-0.2655361592769623,0.037237849086523056,-0.9505655765533447,0.15661761164665222,-4.526241302490234,-2.76658034324646,-7.327108383178711,-25.82604217529297,33.34064483642578,18.870447158813477
1781547287100572,136626514,-0.2617475092411041,0.0344792902469635,-0.9521853923797607,0.15376117825508118,-4.623654365539551,-2.5663111209869385,-7.570619583129883,-19.73379135131836,30.76209259033203,18.229198455810547
1781547287103037,136643181,-0.2603986859321594,0.033669911324977875,-0.9531708359718323,0.15008117258548737,-4.255724906921387,-2.397881269454956,-7.357021331787109,-27.382795333862305,11.391561508178711,9.380561828613281
1781547287130519,136659848,-0.2585412263870239,0.033199869096279144,-0.9539860486984253,0.1482054442167282,-4.4387526512146,-2.382349967956543,-7.848671913146973,-16.10641860961914,14.487560272216797,3.361922025680542
1781547287133545,136676515,-0.2572880685329437,0.03345409035682678,-0.9546751976013184,0.14587412774562836,-4.2719621658325195,-2.1523196697235107,-7.471911907196045,-20.11396026611328,9.457462310791016,0.007792679127305746
1781547287160092,136693182,-0.25699904561042786,0.03339220955967903,-0.9551648497581482,0.14316633343696594,-4.332974433898926,-2.1267991065979004,-8.093660354614258,-21.601774215698242,3.0061421394348145,3.6691532135009766
1781547287164193,136709849,-0.2555237412452698,0.03240856155753136,-0.9558854699134827,0.1412106454372406,-4.442131042480469,-1.9252392053604126,-8.253742218017578,-15.531155586242676,12.283376693725586,7.278096675872803
1781547287190289,136726516,-0.25415948033332825,0.031217660754919052,-0.9566954970359802,0.13842768967151642,-4.438711643218994,-2.083186388015747,-7.852437973022461,-20.662553787231445,11.726601600646973,10.220098495483398
1781547287220115,136743183,-0.2539839744567871,0.030420685186982155,-0.957222580909729,0.1352466493844986,-4.476151466369629,-2.23219895362854,-7.98259973526001,-23.442665100097656,2.9521842002868652,9.394497871398926
1781547287221945,136759850,-0.2531028687953949,0.03028244338929653,-0.9579548835754395,0.1316976249217987,-4.641413688659668,-2.2845287322998047,-8.153046607971191,-27.351511001586914,7.264583110809326,5.088048458099365
1781547287250204,136776517,-0.2528042197227478,0.030216936022043228,-0.9585022330284119,0.12825904786586761,-4.459510326385498,-2.382730007171631,-7.841448783874512,-26.460817337036133,3.063997745513916,4.906042098999023
1781547287253036,136793184,-0.2582501173019409,0.03285076841711998,-0.9578270316123962,0.12163571268320084,-4.417036056518555,-2.496537446975708,-7.248274326324463,-49.86968231201172,-39.960201263427734,-2.536180257797241
1781547287280746,136809851,-0.26022547483444214,0.03475617617368698,-0.9580628275871277,0.11485044658184052,-4.553116798400879,-1.680087924003601,-9.313294410705566,-51.19035720825195,-14.912322998046875,-0.1488368660211563
1781547287282348,136826518,-0.2582639455795288,0.03300028666853905,-0.9583859443664551,0.11707808822393417,-4.618626594543457,-2.0776901245117188,-8.233827590942383,13.723301887512207,16.21808624267578,4.754077434539795
1781547287310170,136843185,-0.2586221694946289,0.0339648462831974,-0.9586189389228821,0.1140652671456337,-4.704428672790527,-2.3801259994506836,-7.89289665222168,-25.038311004638672,-2.606942892074585,-2.019181489944458
1781547287312547,136859852,-0.25832128524780273,0.03431013599038124,-0.958927571773529,0.11203096061944962,-4.618868350982666,-1.83816397190094,-8.319003105163574,-17.701635360717773,2.586482048034668,-0.1757289171218872
1781547287340440,136876519,-0.2580069899559021,0.034217603504657745,-0.959180474281311,0.11060980707406998,-4.554403305053711,-2.0796306133270264,-8.072990417480469,-12.840601921081543,3.0570759773254395,1.5966517925262451
1781547287370783,136893186,-0.25804921984672546,0.03459664061665535,-0.959214448928833,0.11009793728590012,-4.662200450897217,-2.112867593765259,-8.15659236907959,-7.429488658905029,0.17229023575782776,-2.906081438064575
1781547287371996,136909853,-0.2580333352088928,0.035373181104660034,-0.9590604305267334,0.11122515797615051,-4.688900947570801,-2.1868679523468018,-8.179441452026367,2.8037781715393066,0.3110727369785309,-8.524382591247559
1781547287400090,136926520,-0.25944116711616516,0.03758193179965019,-0.9585212469100952,0.11187063157558441,-4.611213684082031,-2.010432004928589,-7.671361923217773,-2.273270845413208,-10.972430229187012,-16.118772506713867
1781547287402200,136943187,-0.262828528881073,0.040366291999816895,-0.9575406312942505,0.1113911122083664,-4.578399181365967,-2.0448572635650635,-8.158863067626953,-9.863550186157227,-25.537656784057617,-16.497610092163086
1781547287430089,136959854,-0.2655583620071411,0.042336605489254,-0.9564995765686035,0.11311490088701248,-4.738271236419678,-2.125572681427002,-8.314075469970703,5.976910591125488,-20.083606719970703,-15.641278266906738
1781547287431611,136976521,-0.26694849133491516,0.04363483935594559,-0.9556544423103333,0.11644493788480759,-4.603235721588135,-1.935389518737793,-7.726272106170654,17.225505828857422,-9.92595386505127,-15.139801025390625
1781547287460088,136993188,-0.26795342564582825,0.04430411383509636,-0.9547475576400757,0.12122420966625214,-4.6088080406188965,-2.2451529502868652,-8.201869010925293,27.83622932434082,-6.570577621459961,-13.994945526123047
1781547287462406,137009855,-0.2679505944252014,0.04491494968533516,-0.9539002776145935,0.127512589097023,-4.915276527404785,-2.313178539276123,-8.033822059631348,37.493717193603516,0.6613943576812744,-17.214065551757812
1781547287490728,137026522,-0.2674976885318756,0.04674866795539856,-0.9533566832542419,0.13179798424243927,-4.911396026611328,-2.3267548084259033,-7.581413269042969,21.700143814086914,2.4818849563598633,-21.845308303833008
1781547287520119,137043189,-0.268363893032074,0.05040976032614708,-0.9524517059326172,0.13518689572811127,-4.854075908660889,-2.6443207263946533,-7.808466911315918,13.21401309967041,-8.771209716796875,-31.09757423400879
1781547287522158,137059856,-0.27079880237579346,0.05661500245332718,-0.9511531591415405,0.13700595498085022,-5.101249694824219,-2.3272244930267334,-7.434800624847412,-0.8507331013679504,-22.677690505981445,-43.53916931152344
1781547287551178,137076523,-0.2725084722042084,0.06134428828954697,-0.9496707320213318,0.1417803168296814,-5.192049980163574,-2.1669421195983887,-8.502696990966797,21.114185333251953,-15.733293533325195,-40.146175384521484
1781547287552472,137093190,-0.27247968316078186,0.064003586769104,-0.9487829208374023,0.14652492105960846,-5.072831153869629,-2.0509872436523438,-8.00507926940918,23.48834228515625,-1.2628014087677002,-28.021282196044922
1781547287583959,137109857,-0.2714962661266327,0.06443248689174652,-0.948481023311615,0.15007419884204865,-5.269697666168213,-2.2615063190460205,-7.779383659362793,18.86261749267578,7.78386116027832,-11.938140869140625
1781547287584461,137126524,-0.2708786725997925,0.06390928477048874,-0.948398768901825,0.151922345161438,-4.955141067504883,-2.2730586528778076,-7.76048469543457,9.48480224609375,6.038714408874512,-2.081800937652588
1781547287610314,137143191,-0.27034756541252136,0.06327994167804718,-0.9481688141822815,0.15454478561878204,-4.858587265014648,-2.3556244373321533,-7.53640079498291,14.926216125488281,5.650928497314453,-2.8083324432373047
1781547287612609,137159858,-0.27021172642707825,0.06345709413290024,-0.9478011727333069,0.15694576501846313,-4.750995635986328,-2.2860841751098633,-7.5054802894592285,12.304356575012207,1.865623950958252,-7.295718669891357
1781547287640456,137176525,-0.27035796642303467,0.06387712061405182,-0.9472787380218506,0.15965335071086884,-4.696779727935791,-2.2455434799194336,-7.4512457847595215,14.143570899963379,-0.388071209192276,-9.213447570800781
1781547287669949,137193192,-0.2704939842224121,0.06362231820821762,-0.9466014504432678,0.1634969562292099,-4.959735870361328,-2.458127737045288,-7.541748046875,22.96553611755371,0.6299263834953308,-7.011874675750732
1781547287671946,137209859,-0.2709682285785675,0.0625869482755661,-0.9458851218223572,0.16721411049365997,-5.124549388885498,-2.5832126140594482,-7.777592182159424,23.788244247436523,-0.8206965327262878,-1.335832953453064
1781547287699958,137226526,-0.27176520228385925,0.060798171907663345,-0.9456174373626709,0.1680920124053955,-5.363039970397949,-2.8362936973571777,-7.937374591827393,6.353328704833984,-2.438932180404663,9.414970397949219
1781547287702236,137243193,-0.27338606119155884,0.058661963790655136,-0.945621132850647,0.16619177162647247,-5.20690393447876,-2.735412359237671,-8.400554656982422,-11.026261329650879,-8.047179222106934,17.928237915039062
1781547287729959,137259860,-0.2740872800350189,0.05658060312271118,-0.9460518956184387,0.1632811427116394,-5.475683689117432,-2.7087318897247314,-8.393024444580078,-18.554052352905273,-1.7362380027770996,18.589698791503906
1781547287732248,137276527,-0.27465692162513733,0.054434843361377716,-0.9465101361274719,0.16037195920944214,-5.4138970375061035,-3.1172966957092285,-8.59067440032959,-18.501968383789062,-0.7549617886543274,18.866851806640625
1781547287760475,137293194,-0.27519774436950684,0.053188830614089966,-0.9465199708938599,0.15980376303195953,-5.674688816070557,-3.1518635749816895,-9.306708335876465,-4.4818267822265625,-1.530500054359436,8.390050888061523
1781547287761938,137309861,-0.27492254972457886,0.05245034769177437,-0.9464152455329895,0.16113603115081787,-5.9724812507629395,-3.511939525604248,-9.712761878967285,6.755728721618652,3.6986730098724365,0.5521522760391235
1781547287790312,137326528,-0.2752514183521271,0.053737565875053406,-0.9463281035423279,0.1606617122888565,-6.680838584899902,-4.551109313964844,-10.305154800415039,-8.62862777709961,-3.0952959060668945,-8.53986644744873
1781547287820061,137343195,-0.27410516142845154,0.05690908432006836,-0.9464821219444275,0.16062188148498535,-7.698580741882324,-5.634084224700928,-11.852697372436523,-10.180585861206055,5.039803504943848,-23.16179847717285
1781547287822413,137359862,-0.26917538046836853,0.06081343814730644,-0.9475038051605225,0.16150282323360443,-8.129048347473145,-6.121887683868408,-12.704495429992676,-8.011058807373047,30.849451065063477,-33.502559661865234
1781547287850038,137376529,-0.26051226258277893,0.06598524749279022,-0.9489553570747375,0.16511625051498413,-8.461241722106934,-6.244629859924316,-12.991394996643066,5.403600215911865,55.703853607177734,-50.77912902832031
1781547287852398,137393196,-0.24885201454162598,0.07267818599939346,-0.9505690932273865,0.1709069162607193,-8.766393661499023,-5.857519626617432,-13.980803489685059,15.338480949401855,74.81612396240234,-67.93003845214844
1781547287880040,137409863,-0.23238007724285126,0.08057371526956558,-0.9528295993804932,0.17782916128635406,-8.948957443237305,-5.826432704925537,-14.395366668701172,17.51500129699707,106.53189849853516,-83.057373046875
1781547287882440,137426530,-0.20991969108581543,0.08832995593547821,-0.955872654914856,0.18557770550251007,-7.813438892364502,-5.273148059844971,-14.363249778747559,18.88147735595703,147.6583709716797,-90.35613250732422
1781547287910050,137443197,-0.181695818901062,0.09605254232883453,-0.9591739177703857,0.19428375363349915,-6.569018840789795,-5.047464370727539,-13.583476066589355,21.40349006652832,186.5545196533203,-98.7171859741211
1781547287912380,137459864,-0.1498609334230423,0.10405726730823517,-0.9616103768348694,0.20498645305633545,-5.4843854904174805,-4.634958267211914,-12.209117889404297,33.00067901611328,210.25123596191406,-108.46790313720703
1781547287940322,137476531,-0.11730540543794632,0.11385086178779602,-0.9622833132743835,0.21745915710926056,-4.289216041564941,-4.292609691619873,-11.113094329833984,44.8409309387207,211.95947265625,-124.39558410644531
1781547288000046,137493198,-0.08643992990255356,0.12739485502243042,-0.9609247446060181,0.23004905879497528,-3.6907875537872314,-4.438264846801758,-10.542145729064941,46.95818328857422,193.63247680664062,-148.36691284179688
1781547288001169,137509865,-0.056674595922231674,0.1446687877178192,-0.9576515555381775,0.24241016805171967,-2.416656970977783,-4.361658573150635,-10.64639663696289,47.22555160522461,179.14126586914062,-172.81307983398438
1781547288003888,137526532,-0.025335222482681274,0.16432799398899078,-0.9521739482879639,0.2563577890396118,-1.7731434106826782,-4.22961950302124,-10.259445190429688,58.85831069946289,186.27284240722656,-193.9610137939453
1781547288030524,137543199,0.008703654631972313,0.1834871917963028,-0.9443433880805969,0.27289634943008423,-1.311669111251831,-3.8117096424102783,-9.208028793334961,77.01520538330078,207.37600708007812,-198.56163024902344
1781547288032368,137559866,0.04412838816642761,0.20332610607147217,-0.9346709847450256,0.28827327489852905,-0.008566215634346008,-3.468754529953003,-7.941375732421875,71.22203826904297,213.76837158203125,-207.97137451171875
1781547288034442,137576533,0.0778958648443222,0.22651126980781555,-0.9226014614105225,0.30237674713134766,1.2639517784118652,-3.238347291946411,-6.597355842590332,71.12027740478516,195.44607543945312,-229.93141174316406
1781547288060515,137593200,0.10823142528533936,0.253388911485672,-0.9078806042671204,0.31596338748931885,2.237614154815674,-2.811174154281616,-6.018132209777832,80.67316436767578,166.6204376220703,-250.62742614746094
1781547288061998,137609867,0.13605929911136627,0.2827928960323334,-0.8907643556594849,0.32871735095977783,2.6933770179748535,-2.6165354251861572,-5.62688684463501,86.92227172851562,145.81759643554688,-265.7449645996094
1781547288090275,137626534,0.1622370481491089,0.313099205493927,-0.8722396492958069,0.3388896882534027,3.3471264839172363,-2.5616910457611084,-4.91056489944458,78.33238983154297,129.97695922851562,-272.6918640136719
1781547288120059,137643201,0.18744680285453796,0.34576284885406494,-0.8533952832221985,0.3420942425727844,3.9250266551971436,-2.5366363525390625,-4.283194541931152,41.97812271118164,104.03876495361328,-293.0375061035156
1781547288123248,137659868,0.2106202244758606,0.37951353192329407,-0.8334433436393738,0.3420249819755554,4.39388370513916,-2.1046080589294434,-4.716712951660156,31.594337463378906,83.18045043945312,-301.4778747558594
1781547288150102,137676535,0.23296810686588287,0.4109118580818176,-0.8126152753829956,0.3413708508014679,4.138272285461426,-1.5616071224212646,-5.128406047821045,29.031517028808594,83.73028564453125,-289.1737976074219
1781547288152312,137693202,0.2569698095321655,0.43531274795532227,-0.7934784293174744,0.3389120101928711,3.269775390625,-1.0914605855941772,-4.8857951164245605,-0.9261850714683533,101.59587097167969,-252.04071044921875
1781547288180697,137709869,0.2812720537185669,0.45034176111221313,-0.7781398296356201,0.33552467823028564,3.602479934692383,-0.43374842405319214,-4.570613384246826,-32.316287994384766,115.59014892578125,-191.84925842285156
1781547288182037,137726536,0.3041626811027527,0.45907026529312134,-0.7661905288696289,0.3311976492404938,3.614877223968506,-0.36912792921066284,-3.455230236053467,-52.98434066772461,113.1119613647461,-146.1829376220703
1781547288210645,137743203,0.32561957836151123,0.46373629570007324,-0.7571350932121277,0.32506486773490906,4.105652332305908,-0.6489471793174744,-2.9495980739593506,-73.06562042236328,103.0586929321289,-116.14242553710938
1781547288212935,137759870,0.3436696231365204,0.46758970618247986,-0.7494961023330688,0.31860148906707764,4.456065654754639,-0.8969799876213074,-2.5821340084075928,-68.91480255126953,82.9119644165039,-100.5085220336914
1781547288240479,137776537,0.36040937900543213,0.4714050889015198,-0.742494523525238,0.3107798993587494,4.6533308029174805,-0.6967713236808777,-2.9093570709228516,-73.19587707519531,70.36761474609375,-98.59461212158203
1781547288270484,137793204,0.37711143493652344,0.4743730127811432,-0.7349555492401123,0.30429860949516296,4.484961032867432,-0.4489445686340332,-2.9225118160247803,-67.19144439697266,77.66144561767578,-92.60031127929688
1781547288272092,137809871,0.3949052393436432,0.47547492384910583,-0.7270929217338562,0.2988469898700714,4.4361186027526855,-0.45784610509872437,-2.4744768142700195,-69.71778106689453,91.2809829711914,-83.83409881591797
1781547288300199,137826538,0.4134671092033386,0.47509273886680603,-0.7193321585655212,0.29307565093040466,4.787754058837891,-0.4288803040981293,-2.0476038455963135,-78.0743179321289,96.84720611572266,-78.52238464355469
1781547288302403,137843205,0.4300113916397095,0.476274311542511,-0.7111648917198181,0.2872236967086792,5.007768630981445,-0.3807484209537506,-1.335625410079956,-66.62498474121094,84.60437774658203,-83.74188232421875
1781547288330256,137859872,0.4460681080818176,0.4787333309650421,-0.7032163739204407,0.27807289361953735,5.495908260345459,0.5613564848899841,-1.8656423091888428,-77.82342529296875,68.24073028564453,-98.0584487915039
1781547288332454,137876539,0.46051326394081116,0.4819140136241913,-0.6942713856697083,0.2714289724826813,5.680895805358887,1.8018141984939575,-2.172104597091675,-56.28581237792969,70.37015533447266,-94.04961395263672
1781547288362586,137893206,0.4770987331867218,0.4829385280609131,-0.6838893294334412,0.26728758215904236,6.0737481117248535,2.5268571376800537,-1.573573112487793,-55.581634521484375,97.45055389404297,-84.57848358154297
1781547288364538,137909873,0.4950881004333496,0.481776624917984,-0.6726707816123962,0.2651285231113434,6.849821090698242,3.1321194171905518,-0.5951428413391113,-56.56047439575195,117.3895034790039,-73.13914489746094
1781547288390424,137926540,0.5095617175102234,0.4817236363887787,-0.6616866588592529,0.26544323563575745,7.43454122543335,3.6672585010528564,0.6486017107963562,-30.125621795654297,106.48863983154297,-62.646419525146484
1781547288420617,137943207,0.5188818573951721,0.48368945717811584,-0.6532864570617676,0.26461881399154663,8.35212230682373,4.187134265899658,1.2496142387390137,-15.880526542663574,66.51107788085938,-57.84183883666992
1781547288422384,137959874,0.5227380990982056,0.48811325430870056,-0.6471561789512634,0.26396843791007996,9.052512168884277,4.8714728355407715,1.1275430917739868,7.714929103851318,29.956052780151367,-50.75676345825195
1781547288450612,137976541,0.5248687863349915,0.49236392974853516,-0.6413612961769104,0.26598188281059265,9.482358932495117,5.0815815925598145,1.088794469833374,24.13360023498535,30.305269241333008,-36.13956069946289
1781547288451815,137993208,0.5258761048316956,0.49570366740226746,-0.6359530091285706,0.2707327902317047,9.79990291595459,5.197163105010986,1.7217214107513428,36.0202522277832,34.868988037109375,-18.865787506103516
1781547288480634,138009875,0.5244883894920349,0.4984339475631714,-0.632256805896759,0.2769964635372162,9.909408569335938,5.103365421295166,1.824424386024475,45.415672302246094,24.473962783813477,-0.4233178198337555
1781547288481536,138026542,0.519871711730957,0.5000103712081909,-0.6318151950836182,0.2837831676006317,9.163771629333496,5.037832260131836,1.856946587562561,48.40514373779297,2.666898727416992,23.796390533447266
1781547288510091,138043209,0.5127450227737427,0.4998987913131714,-0.635685384273529,0.2882673740386963,8.427842140197754,4.869440078735352,1.6296072006225586,32.597381591796875,-28.292884826660156,42.635780334472656
1781547288512815,138059876,0.5031043887138367,0.49947842955589294,-0.6421610116958618,0.2916101813316345,7.655787467956543,4.956688404083252,1.0453344583511353,30.009506225585938,-51.79850387573242,53.91524124145508
1781547288540340,138076543,0.49076756834983826,0.49995699524879456,-0.6489273905754089,0.29678875207901,6.785826683044434,5.1506428718566895,0.1733049601316452,49.91485595703125,-60.22465515136719,62.7192497253418
1781547288600146,138093210,0.4762888550758362,0.5010801553726196,-0.6549152731895447,0.3052111566066742,6.063840389251709,5.207180976867676,-0.7134510278701782,75.5309829711914,-57.3300895690918,72.50367736816406
1781547288603315,138109877,0.4604414999485016,0.5013700723648071,-0.6604335308074951,0.3169373571872711,5.046957969665527,5.275887966156006,-1.3766543865203857,93.39617919921875,-48.82862854003906,88.35102844238281
1781547288603715,138126544,0.443893164396286,0.4985981285572052,-0.6669193506240845,0.33102473616600037,3.8815128803253174,5.561943531036377,-1.6320704221725464,94.74889373779297,-40.262325286865234,114.6183090209961
1781547288630174,138143211,0.42541152238845825,0.4928584396839142,-0.6745460033416748,0.34799930453300476,3.0349369049072266,5.270725250244141,-1.4739271402359009,102.98226165771484,-35.95310974121094,145.38034057617188
1781547288632607,138159878,0.40385159850120544,0.4858546257019043,-0.6816540360450745,0.36904898285865784,2.1641204357147217,4.600532054901123,-1.514162540435791,129.88168334960938,-31.874584197998047,168.80433654785156
1781547288633972,138176545,0.37969136238098145,0.4770370423793793,-0.6867172122001648,0.3958405554294586,1.418897271156311,3.502134323120117,-2.251105785369873,165.66403198242188,-14.589374542236328,193.05133056640625
1781547288660089,138193212,0.35514840483665466,0.4647194743156433,-0.6877222061157227,0.4300507605075836,0.7922826409339905,2.3214218616485596,-2.3774147033691406,203.89234924316406,28.084875106811523,216.71377563476562
1781547288662002,138209879,0.33109050989151,0.4480115473270416,-0.682853102684021,0.4726272225379944,0.4489225447177887,0.5486479997634888,-1.911026954650879,248.60336303710938,84.48590850830078,237.74449157714844
1781547288690305,138226546,0.3073832392692566,0.4256414771080017,-0.6721187829971313,0.5221124291419983,-0.26965948939323425,-2.3442656993865967,-0.9959529042243958,286.19122314453125,139.2340850830078,260.8985900878906
1781547288720067,138243213,0.2862774729728699,0.3983391523361206,-0.6595289707183838,0.5695549845695496,-1.421482801437378,-5.733550548553467,0.2538701295852661,265.3537292480469,166.94105529785156,264.5904235839844
1781547288721716,138259880,0.2676675319671631,0.37021809816360474,-0.6478051543235779,0.6096238493919373,-1.5273901224136353,-8.460227012634277,0.7494456768035889,220.01219177246094,159.55303955078125,246.31149291992188
1781547288750072,138276547,0.24879023432731628,0.34206628799438477,-0.635458767414093,0.6459769606590271,-1.6332563161849976,-10.086289405822754,0.8512760400772095,206.6695098876953,150.1715087890625,239.0852508544922
1781547288752715,138293214,0.23079296946525574,0.3106876015663147,-0.6206251978874207,0.6819328665733337,-1.2860844135284424,-11.446240425109863,0.5260434150695801,208.3913116455078,171.6832733154297,242.7010498046875
1781547288780080,138309881,0.21613171696662903,0.27370497584342957,-0.6031704545021057,0.7173271775245667,-0.5731151700019836,-13.13460922241211,1.029219150543213,202.27232360839844,215.18060302734375,244.4407501220703
1781547288782625,138326548,0.20673531293869019,0.23417378962039948,-0.5849481225013733,0.7485045790672302,-0.2518009841442108,-15.138337135314941,2.512044668197632,174.85914611816406,242.78628540039062,221.26177978515625
1781547288810147,138343215,0.2019890695810318,0.19596686959266663,-0.5693061351776123,0.7724559307098389,0.30905377864837646,-15.370429039001465,3.0788276195526123,126.88109588623047,239.32666015625,185.79937744140625
1781547288812034,138359882,0.1989063173532486,0.15740522742271423,-0.556549072265625,0.7911466360092163,0.3751593828201294,-15.244512557983398,3.377521514892578,88.22589111328125,236.59600830078125,174.88067626953125
1781547288840382,138376549,0.19607171416282654,0.11687511950731277,-0.546221137046814,0.8059396147727966,0.4688495695590973,-13.863468170166016,3.500563144683838,57.13959884643555,240.69322204589844,178.33018493652344
1781547288870595,138393216,0.19434964656829834,0.0751306340098381,-0.5344809293746948,0.8190932869911194,0.7748711109161377,-13.934917449951172,4.922360897064209,56.2921028137207,252.17388916015625,173.362548828125
1781547288871520,138409883,0.198125958442688,0.03392978012561798,-0.5148485898971558,0.833382248878479,1.6660553216934204,-14.12053108215332,6.1808648109436035,102.82503509521484,280.45001220703125,137.82484436035156
1781547288900172,138426550,0.2109987437725067,-0.0037781265564262867,-0.48787596821784973,0.8470197916030884,1.9513206481933594,-14.23013687133789,7.953580379486084,145.24000549316406,302.4866638183594,70.71703338623047
1781547288901898,138443217,0.23297765851020813,-0.03492358326911926,-0.4565410017967224,0.8579465746879578,2.202749252319336,-12.540397644042969,9.270418167114258,171.32005310058594,301.2063293457031,-8.168968200683594
1781547288930093,138459884,0.2618029713630676,-0.057039935141801834,-0.4210980534553528,0.8665347695350647,2.445906162261963,-9.899847030639648,10.086183547973633,204.3277587890625,276.5704650878906,-79.67256164550781
1781547288931920,138476551,0.2926231622695923,-0.06928501278162003,-0.3820801079273224,0.8738341927528381,2.1314196586608887,-7.056797027587891,9.969767570495605,240.4459686279297,230.46145629882812,-121.05915069580078
1781547288960446,138493218,0.3187316954135895,-0.07758048176765442,-0.3422676920890808,0.880479633808136,1.3893351554870605,-6.1861162185668945,9.386577606201172,249.17323303222656,196.24644470214844,-104.04012298583984
1781547288962665,138509885,0.3340570628643036,-0.09615060687065125,-0.31240686774253845,0.8840605616569519,0.8341155052185059,-6.234904766082764,9.229036331176758,153.372802734375,212.87513732910156,-26.566205978393555
1781547289020447,138526552,0.3369910717010498,-0.13022829592227936,-0.30086439847946167,0.8825861811637878,0.38153403997421265,-6.813337326049805,11.197563171386719,-12.689988136291504,241.78627014160156,58.36651611328125
1781547289023886,138543219,0.3291109800338745,-0.1683170050382614,-0.30974000692367554,0.8760231733322144,1.3204129934310913,-7.5404462814331055,12.871475219726562,-166.14707946777344,201.003173828125,102.23582458496094
1781547289027872,138559886,0.3127463757991791,-0.19949589669704437,-0.331888884305954,0.8673182725906372,1.8731305599212646,-8.05527400970459,12.775043487548828,-244.88182067871094,113.74201965332031,118.43590545654297
1781547289050249,138576553,0.29270756244659424,-0.2203226387500763,-0.35508397221565247,0.8600557446479797,1.7937707901000977,-8.185057640075684,12.804837226867676,-230.60812377929688,39.38014221191406,118.39546966552734
1781547289051989,138593220,0.27961114048957825,-0.23021811246871948,-0.3641125559806824,0.8580439686775208,1.455613613128662,-8.374114036560059,13.975351333618164,-101.47657775878906,12.245057106018066,82.67240905761719
1781547289080241,138609887,0.27340206503868103,-0.2319900393486023,-0.35673874616622925,0.8626525402069092,-0.41657400131225586,-8.919083595275879,13.348995208740234,38.36050796508789,2.628685235977173,60.4015007019043
1781547289082805,138626554,0.2707924544811249,-0.23117737472057343,-0.3464033007621765,0.8678900599479675,-0.6743199229240417,-10.117023468017578,12.966360092163086,68.04788208007812,0.7014766335487366,38.61984634399414
1781547289110093,138643221,0.2671729624271393,-0.22637052834033966,-0.3491639792919159,0.8691717386245728,-0.34359490871429443,-10.469758033752441,12.078986167907715,-13.701884269714355,-43.62460708618164,6.955084323883057
1781547289112484,138659888,0.25251463055610657,-0.22188112139701843,-0.36994442343711853,0.8661099672317505,-0.4723324477672577,-10.334819793701172,10.139907836914062,-149.59910583496094,-94.57402801513672,37.66996383666992
1781547289170497,138676555,0.22823943197727203,-0.2198057770729065,-0.40272459387779236,0.8587230443954468,-0.47884541749954224,-10.61490535736084,9.5361328125,-250.9717559814453,-118.91975402832031,75.28884887695312
1781547289172580,138693222,0.2043573409318924,-0.21629178524017334,-0.4359590411186218,0.8493502736091614,-0.49441245198249817,-11.111902236938477,10.209030151367188,-256.3033142089844,-124.04419708251953,65.18751525878906
1781547289174339,138709889,0.18658046424388885,-0.20734035968780518,-0.461984783411026,0.8418835401535034,-1.1173995733261108,-10.982170104980469,9.97245979309082,-191.73941040039062,-130.19479370117188,26.62933921813965
1781547289200085,138726556,0.17344270646572113,-0.1935061514377594,-0.4818958640098572,0.836808979511261,-1.2730138301849365,-10.384943008422852,8.554174423217773,-135.8586883544922,-139.28636169433594,-3.9500951766967773
1781547289202412,138743223,0.16214260458946228,-0.17700108885765076,-0.5002367496490479,0.8319517970085144,-1.1218184232711792,-9.546101570129395,7.253816604614258,-120.47754669189453,-146.98532104492188,-21.025793075561523
1781547289230235,138759890,0.15059520304203033,-0.16013973951339722,-0.5196298360824585,0.8256278038024902,-1.0543760061264038,-8.74480152130127,6.4810614585876465,-131.4507293701172,-149.26907348632812,-23.753890991210938
1781547289232922,138776557,0.13889798521995544,-0.14315325021743774,-0.5383809208869934,0.8187555074691772,-0.7737336158752441,-8.301034927368164,6.09678316116333,-129.80300903320312,-149.2517852783203,-23.21328353881836
1781547289260299,138793224,0.12819546461105347,-0.12490152567625046,-0.5538511872291565,0.8131510615348816,-0.6560276746749878,-8.262773513793945,5.67133092880249,-104.4525375366211,-150.81011962890625,-29.059207916259766
1781547289262010,138809891,0.11860689520835876,-0.10495499521493912,-0.5650380849838257,0.8097214698791504,-0.6224998235702515,-8.566823959350586,4.956099510192871,-69.77059173583984,-154.13829040527344,-36.148738861083984
1781547289290477,138826558,0.10883557051420212,-0.08459073305130005,-0.5744352340698242,0.8068603277206421,-0.6877388954162598,-8.99020767211914,4.176004886627197,-57.388484954833984,-156.12884521484375,-35.00198745727539
1781547289320092,138843225,0.09838133305311203,-0.06523739546537399,-0.58447265625,0.8027807474136353,-0.7283204197883606,-9.266608238220215,3.7287747859954834,-66.9043960571289,-152.99156188964844,-28.50963592529297
1781547289322461,138859892,0.08762303739786148,-0.04735260084271431,-0.5963846445083618,0.7964956164360046,-0.6479937434196472,-9.31118392944336,3.4996116161346436,-87.24322509765625,-146.39181518554688,-23.26795196533203
1781547289350077,138876559,0.07719925791025162,-0.030757632106542587,-0.6091307401657104,0.788703978061676,-0.7312025427818298,-9.079007148742676,3.854013681411743,-98.65388488769531,-137.97274780273438,-20.99570083618164
1781547289353977,138893226,0.06657020002603531,-0.014543160796165466,-0.621372640132904,0.7805466651916504,-0.4893808662891388,-8.778542518615723,3.2700963020324707,-97.69727325439453,-136.42808532714844,-18.382503509521484
1781547289380608,138909893,0.055028125643730164,0.0014225463382899761,-0.6338370442390442,0.7715052366256714,-0.3228059411048889,-8.763992309570312,2.140644073486328,-102.87377166748047,-139.01280212402344,-12.852110862731934
1781547289382965,138926560,0.042861904948949814,0.01660844311118126,-0.647424042224884,0.7607425451278687,-0.4324658513069153,-8.91501522064209,0.9952839016914368,-116.6178970336914,-138.0426025390625,-6.788312911987305
1781547289410182,138943227,0.0316891074180603,0.02987377904355526,-0.6617782115936279,0.7484338283538818,-0.5649060010910034,-8.840595245361328,0.06084413826465607,-128.18746948242188,-123.97999572753906,-3.809252977371216
1781547289413290,138959894,0.02375909872353077,0.04002007097005844,-0.675260066986084,0.7361099720001221,-0.44408050179481506,-8.465879440307617,-0.4921034574508667,-125.1026611328125,-92.9854736328125,-6.494056224822998
1781547289440528,138976561,0.020057231187820435,0.047488339245319366,-0.6849372982978821,0.7267763018608093,-0.1533707082271576,-8.053138732910156,-0.4641350209712982,-93.55458068847656,-58.35520935058594,-16.024314880371094
1781547289470363,138993228,0.020027153193950653,0.053897980600595474,-0.6890701651573181,0.7224102020263672,0.148265540599823,-7.7886962890625,-0.3202528953552246,-43.794090270996094,-33.386146545410156,-30.516742706298828
1781547289472770,139009895,0.022525357082486153,0.06026417762041092,-0.6875466108322144,0.7232847213745117,0.25376272201538086,-7.850831031799316,-0.1925596296787262,8.189594268798828,-18.471416473388672,-44.247406005859375
1781547289500302,139026562,0.02737780660390854,0.06538018584251404,-0.6819385290145874,0.7279669642448425,0.2725982069969177,-8.172057151794434,-0.22173093259334564,45.333335876464844,1.0852726697921753,-51.15215301513672
1781547289530175,139043229,0.03447369113564491,0.06731344759464264,-0.675257682800293,0.7336946129798889,0.5047146081924438,-8.570015907287598,-0.11239024251699448,53.998897552490234,28.20653533935547,-47.74777603149414
1781547289535039,139059896,0.04330464079976082,0.06496893614530563,-0.6695658564567566,0.7386375665664673,0.8711066246032715,-8.819470405578613,0.5008542537689209,43.5495719909668,57.24445724487305,-36.37166976928711
1781547289535489,139076563,0.053491685539484024,0.05924021825194359,-0.6646842360496521,0.7428485751152039,1.4805724620819092,-8.93086051940918,1.5884205102920532,34.45322036743164,80.1068115234375,-27.537857055664062
1781547289560640,139093230,0.06430487334728241,0.05327311158180237,-0.6588754653930664,0.7476028203964233,2.0875511169433594,-9.114571571350098,2.8528037071228027,41.324806213378906,84.74842071533203,-29.825212478637695
1781547289562962,139109897,0.07449263334274292,0.0492217056453228,-0.6509668231010437,0.7538370490074158,2.5408966541290283,-9.230710983276367,3.544142246246338,59.89362335205078,73.53792572021484,-35.40339279174805
1781547289590760,139126564,0.08331424742937088,0.04678422212600708,-0.6424638628959656,0.7603356242179871,2.8263704776763916,-9.376501083374023,3.4991354942321777,65.43872833251953,59.45210647583008,-35.610565185546875
1781547289620892,139143231,0.09060545265674591,0.04452626779675484,-0.6355307698249817,0.7654469609260559,2.979782819747925,-9.562503814697266,3.2188034057617188,51.692604064941406,50.40730285644531,-28.69101905822754
1781547289622077,139159898,0.09663346409797668,0.04226155951619148,-0.6310096979141235,0.7685720324516296,3.106361150741577,-9.73680305480957,3.0608034133911133,30.696670532226562,42.81220245361328,-22.51031494140625
1781547289650868,139176565,0.10279589146375656,0.040340643376111984,-0.6271989345550537,0.7709910869598389,3.2255473136901855,-9.739864349365234,3.589872121810913,24.06749153137207,40.90191650390625,-24.972774505615234
1781547289652932,139193232,0.11028195172548294,0.04040113091468811,-0.6204726696014404,0.7753835320472717,3.631887674331665,-9.667357444763184,4.726069927215576,49.0611457824707,38.714698791503906,-39.94608688354492
1781547289680862,139209899,0.11889450252056122,0.04399976134300232,-0.6082601547241211,0.7835482358932495,4.10745096206665,-9.581916809082031,5.360739707946777,96.7691421508789,29.866662979125977,-59.708045959472656
1781547289682562,139226566,0.12781473994255066,0.05110863223671913,-0.5928356051445007,0.7934716939926147,4.36582088470459,-9.660615921020508,5.02871561050415,124.20189666748047,15.40085220336914,-75.57909393310547
1781547289710799,139243233,0.13653385639190674,0.06031154841184616,-0.5773159861564636,0.8027623295783997,4.357700347900391,-9.545358657836914,4.6357011795043945,124.04791259765625,3.0180606842041016,-83.60398864746094
1781547289713386,139259900,0.14671027660369873,0.06966292858123779,-0.5602579116821289,0.8122403621673584,4.620388031005859,-9.01509952545166,5.764732837677002,132.8169708251953,9.507298469543457,-92.6982650756836
1781547289740383,139276567,0.15916050970554352,0.07856698334217072,-0.5381997227668762,0.8239153027534485,5.306069374084473,-8.141478538513184,7.486325740814209,167.66851806640625,26.863706588745117,-103.8554458618164
1781547289770128,139293234,0.17208072543144226,0.08707522600889206,-0.5108711123466492,0.837745189666748,5.991811752319336,-7.175049781799316,9.286269187927246,204.81956481933594,37.78077697753906,-105.5442886352539
1781547289772247,139309901,0.1814931482076645,0.09797779470682144,-0.4820448160171509,0.851524293422699,6.952873706817627,-6.702932357788086,10.243515968322754,218.19229125976562,13.406959533691406,-94.7005844116211
1781547289800251,139326568,0.18542221188545227,0.11396561563014984,-0.45673349499702454,0.8625688552856445,6.762423038482666,-6.352550983428955,10.472811698913574,198.56887817382812,-40.77419662475586,-80.48414611816406
1781547289802284,139343235,0.18503980338573456,0.13253086805343628,-0.43767279386520386,0.869849681854248,6.79808235168457,-5.83743143081665,9.686264038085938,156.32102966308594,-80.5176010131836,-62.89725875854492
1781547289830164,139359902,0.1813618689775467,0.15110160410404205,-0.42502132058143616,0.8738610744476318,6.7792534828186035,-4.993936538696289,8.943100929260254,111.14708709716797,-101.59700775146484,-41.51264953613281
1781547289831644,139376569,0.1749563366174698,0.17009016871452332,-0.41559037566185,0.8762103319168091,6.877185821533203,-4.334435939788818,8.27051830291748,90.28970336914062,-117.81846618652344,-25.063779830932617
1781547289860325,139393236,0.1659512221813202,0.18973258137702942,-0.40657323598861694,0.8781571984291077,6.820574760437012,-3.8614397048950195,7.4409356117248535,90.47215270996094,-130.152587890625,-11.262893676757812
1781547289862469,139409903,0.15397034585475922,0.2088906466960907,-0.3974137306213379,0.8801820278167725,6.557714939117432,-3.700272798538208,6.566948413848877,94.88008117675781,-135.2800750732422,7.970562934875488
1781547289890445,139426570,0.13838791847229004,0.22550183534622192,-0.3900165557861328,0.8819777965545654,5.99334716796875,-4.324982643127441,5.975501537322998,86.06730651855469,-131.89686584472656,39.022682189941406
1781547289920209,139443237,0.12214911729097366,0.24071569740772247,-0.38572919368743896,0.8822406530380249,5.901538848876953,-5.1808600425720215,5.8392791748046875,62.788673400878906,-130.5128173828125,50.11748123168945
1781547289922558,139459904,0.10669415444135666,0.2565651834011078,-0.38275405764579773,0.8810732960700989,5.8546037673950195,-5.3710713386535645,5.5055928230285645,50.27699661254883,-135.75521850585938,44.64959716796875
1781547289950692,139476571,0.0907173678278923,0.27344003319740295,-0.37856876850128174,0.8795945644378662,5.897066593170166,-4.916447639465332,5.103564739227295,58.469364166259766,-142.99989318847656,42.75151443481445
1781547289952554,139493238,0.07319892942905426,0.29076555371284485,-0.3714282512664795,0.8787140846252441,5.634520053863525,-4.341227054595947,4.731886386871338,81.08872985839844,-146.7687225341797,45.72163009643555
1781547289980232,139509905,0.0508468933403492,0.3060230016708374,-0.3644876778125763,0.8780166506767273,4.3701348304748535,-4.8320698738098145,4.08244514465332,88.97917938232422,-146.35093688964844,80.70344543457031
1781547289982526,139526572,0.02384105697274208,0.31602632999420166,-0.3614315390586853,0.8768844604492188,3.5054831504821777,-5.574066638946533,3.8840291500091553,72.4026870727539,-128.56414794921875,129.9902801513672
1781547290010223,139543239,0.0008410867303609848,0.32358914613723755,-0.3623894453048706,0.8740500807762146,3.801243305206299,-6.770293712615967,4.2527337074279785,34.87111282348633,-108.24356842041016,120.33538055419922
1781547290013399,139559906,-0.016675204038619995,0.3351064920425415,-0.36119019985198975,0.8700387477874756,4.044830322265625,-6.525585651397705,4.97719669342041,32.73210525512695,-120.94945526123047,72.71065521240234
1781547290040226,139576573,-0.0308260228484869,0.34920674562454224,-0.3537403345108032,0.8671634197235107,3.8251888751983643,-5.816475868225098,4.267576694488525,64.90271759033203,-126.1436538696289,31.62520980834961
1781547290070945,139593240,-0.0463821105659008,0.361228346824646,-0.34207814931869507,0.8662249445915222,2.94704532623291,-5.331516742706299,3.557878017425537,98.55060577392578,-113.40996551513672,34.53023910522461
1781547290073257,139609907,-0.06681684404611588,0.36669641733169556,-0.3323536515235901,0.8663778305053711,1.9072424173355103,-5.588379859924316,3.5401086807250977,103.78954315185547,-82.52291107177734,83.46195220947266
1781547290100609,139626574,-0.08709786087274551,0.3670746982097626,-0.3250468671321869,0.8671877980232239,2.2165889739990234,-6.077814102172852,4.432733535766602,92.8444595336914,-49.083709716796875,99.96138000488281
1781547290103448,139643241,-0.1039540022611618,0.36844387650489807,-0.314667284488678,0.8685777187347412,2.9306552410125732,-6.166671276092529,5.832949638366699,103.22645568847656,-47.71518325805664,69.21298217773438
1781547290130696,139659908,-0.11761338263750076,0.3712667226791382,-0.3019460141658783,0.8701475858688354,2.565018892288208,-5.2835516929626465,5.584525108337402,108.46295166015625,-50.70125961303711,40.90740203857422
1781547290133212,139676575,-0.13158871233463287,0.3712557554244995,-0.2911945879459381,0.8718138933181763,2.0255086421966553,-4.631540298461914,5.384783744812012,99.97592163085938,-32.567039489746094,53.624752044677734
1781547290161183,139693242,-0.1495247483253479,0.3665538728237152,-0.2847086489200592,0.8730530142784119,1.3119553327560425,-5.083968162536621,5.693707466125488,87.90779876708984,-9.613458633422852,98.02883911132812
1781547290163395,139709909,-0.1689448356628418,0.3589054346084595,-0.2823912799358368,0.8734413385391235,0.6363848447799683,-6.252605438232422,6.331615447998047,67.98775482177734,7.305276870727539,124.08048248291016
1781547290190977,139726576,-0.18714478611946106,0.3515945076942444,-0.28033167123794556,0.873368501663208,1.2582786083221436,-7.158445358276367,6.723097801208496,62.141292572021484,6.80157470703125,117.25877380371094
1781547290221267,139743243,-0.20234812796115875,0.34611138701438904,-0.27379366755485535,0.8742421865463257,1.3541041612625122,-7.512314319610596,6.569728374481201,81.26261138916016,-1.8797162771224976,83.68587493896484
1781547290222317,139759910,-0.214240163564682,0.3398565649986267,-0.2638774514198303,0.8769078254699707,1.3072346448898315,-7.3647027015686035,6.212440490722656,98.1379623413086,8.550984382629395,54.69340515136719
1781547290250207,139776577,-0.22282592952251434,0.33250692486763,-0.2529780864715576,0.8807893991470337,1.7199116945266724,-6.710588455200195,6.348025798797607,100.15960693359375,22.537979125976562,32.64792251586914
1781547290252785,139793244,-0.22852198779582977,0.32447609305381775,-0.24236170947551727,0.8852988481521606,2.1054835319519043,-6.1240234375,7.106614112854004,93.97632598876953,33.553462982177734,16.011810302734375
1781547290280775,139809911,-0.2321769744157791,0.3174876570701599,-0.23194676637649536,0.8896607160568237,2.7019553184509277,-5.652327537536621,7.991125106811523,86.31256103515625,30.592021942138672,2.527055263519287
1781547290282369,139826578,-0.23575162887573242,0.31267207860946655,-0.22245793044567108,0.8928437829017639,3.0587785243988037,-5.179251194000244,8.326517105102539,75.12100219726562,16.328786849975586,2.4711198806762695
1781547290310150,139843245,-0.2410431057214737,0.3091713786125183,-0.21413694322109222,0.8946825861930847,3.168492078781128,-4.832437992095947,8.325950622558594,67.45186614990234,4.630156517028809,15.686962127685547
1781547290312761,139859912,-0.24728894233703613,0.30633628368377686,-0.20669692754745483,0.8957024216651917,3.2315549850463867,-4.768332481384277,8.198948860168457,61.75027847290039,-1.1542797088623047,23.80683708190918
1781547290340500,139876579,-0.2530445158481598,0.3043232262134552,-0.1999317705631256,0.8963165283203125,3.1170969009399414,-4.923052787780762,8.063169479370117,54.584835052490234,-5.23026704788208,21.729522705078125
1781547290370276,139893246,-0.25792384147644043,0.301992267370224,-0.19342255592346191,0.8971419930458069,3.188857078552246,-5.201980113983154,7.97903299331665,52.01592254638672,-1.182332992553711,16.933483123779297
1781547290372239,139909913,-0.26138436794281006,0.2986203730106354,-0.1865207850933075,0.8987292647361755,3.355645179748535,-5.27785587310791,8.16953182220459,54.350032806396484,8.007915496826172,7.3986077308654785
1781547290400313,139926580,-0.2635461688041687,0.29496169090270996,-0.17880670726299286,0.9008715152740479,3.5028767585754395,-5.027435302734375,8.403882026672363,57.92992401123047,11.122457504272461,-2.924954891204834
1781547290402492,139943247,-0.2646971344947815,0.29204970598220825,-0.17090219259262085,0.9030143618583679,3.60379958152771,-4.7494306564331055,8.419195175170898,55.70730972290039,7.393657684326172,-10.492786407470703
1781547290460345,139959914,-0.264975905418396,0.2898752689361572,-0.16466328501701355,0.9047906994819641,3.695723295211792,-4.820678234100342,8.476353645324707,41.840938568115234,6.132509708404541,-12.762458801269531
1781547290490306,139976581,-0.2652607858181,0.28824400901794434,-0.16139404475688934,0.9058167934417725,3.8147687911987305,-5.154759883880615,8.586201667785645,21.54009437561035,6.659256458282471,-6.055404186248779
1781547290493830,139993248,-0.2657095193862915,0.28755122423171997,-0.16057637333869934,0.9060508012771606,4.068150043487549,-5.451306343078613,8.83359146118164,4.006165981292725,3.5326125621795654,0.22489874064922333
1781547290496811,140009915,-0.26577937602996826,0.2878781259059906,-0.1604941338300705,0.9059411287307739,4.24746561050415,-5.538879871368408,8.718038558959961,-3.5646729469299316,-1.7390896081924438,-1.1800025701522827
1781547290550298,140026582,-0.26483896374702454,0.28854092955589294,-0.1599639505147934,0.9060993194580078,4.198530673980713,-5.372716903686523,8.638581275939941,-3.0907366275787354,-3.005753755569458,-9.220829963684082
1781547290552005,140043249,-0.2623559534549713,0.2892204523086548,-0.15825553238391876,0.9069046378135681,4.212170124053955,-5.1977057456970215,8.599136352539062,1.8716320991516113,-2.2756924629211426,-22.366443634033203
1781547290553888,140059916,-0.2585270404815674,0.28979894518852234,-0.15586715936660767,0.9082323908805847,4.36988639831543,-4.96890926361084,8.455721855163574,4.186661720275879,-0.3707965016365051,-32.94364547729492
1781547290580325,140076583,-0.25394266843795776,0.2902772128582001,-0.15380842983722687,0.909722626209259,4.44297981262207,-4.556770324707031,8.618810653686523,0.9773148894309998,1.974242925643921,-37.18720626831055
1781547290610272,140093250,-0.2493734061717987,0.29144784808158875,-0.15276145935058594,0.9107881784439087,4.516704082489014,-4.165104389190674,8.796637535095215,-6.978787422180176,-1.4545772075653076,-35.06325912475586
1781547290613218,140109917,-0.24594223499298096,0.29394251108169556,-0.15242928266525269,0.9109752178192139,4.638763904571533,-3.9070425033569336,8.733373641967773,-12.368311882019043,-11.477448463439941,-26.388622283935547
1781547290614465,140126584,-0.24311400949954987,0.29702451825141907,-0.15266822278499603,0.9106944799423218,4.438699245452881,-3.716784715652466,8.383915901184082,-16.211549758911133,-15.767500877380371,-21.28226661682129
1781547290640805,140143251,-0.24084632098674774,0.2998807728290558,-0.15356148779392242,0.9102107286453247,4.493810176849365,-3.662821054458618,8.038790702819824,-19.001781463623047,-14.26418685913086,-15.859402656555176
1781547290643341,140159918,-0.2390224039554596,0.30191436409950256,-0.15450823307037354,0.9098588824272156,4.505792140960693,-3.682326316833496,8.007417678833008,-16.92145538330078,-9.224519729614258,-12.322072982788086
1781547290645688,140176585,-0.23752880096435547,0.3035344183444977,-0.15561088919639587,0.9095231890678406,4.577791213989258,-3.9808292388916016,8.158815383911133,-16.51595115661621,-6.699472427368164,-9.517821311950684
1781547290670559,140193252,-0.23638422787189484,0.30541154742240906,-0.15749171376228333,0.9088690280914307,4.594413757324219,-4.077687740325928,8.20496654510498,-21.414628982543945,-8.074804306030273,-5.466811656951904
1781547290672758,140209919,-0.2355392724275589,0.3076123297214508,-0.15998363494873047,0.9079104065895081,4.745023727416992,-4.089944839477539,8.091944694519043,-25.46085548400879,-10.06881332397461,-2.1669936180114746
1781547290730288,140226586,-0.2347496896982193,0.30996593832969666,-0.16202537715435028,0.9069519639015198,4.726108551025391,-3.9928109645843506,7.974323272705078,-22.782384872436523,-11.812721252441406,-2.9410624504089355
1781547290732830,140243253,-0.23408053815364838,0.3119213283061981,-0.16293075680732727,0.9062919616699219,4.7027082443237305,-3.9785656929016113,7.823121070861816,-14.465479850769043,-10.662043571472168,-4.649722576141357
1781547290734329,140259920,-0.23344282805919647,0.313370943069458,-0.16333749890327454,0.9058831334114075,4.683773040771484,-4.177820682525635,7.8499979972839355,-10.19702434539795,-7.810098648071289,-5.360497951507568
1781547290760329,140276587,-0.2330475002527237,0.31498992443084717,-0.16451795399188995,0.9052093625068665,4.706693649291992,-4.632202625274658,8.058862686157227,-15.0637788772583,-8.466644287109375,-1.9492948055267334
1781547290761927,140293254,-0.23294201493263245,0.31782832741737366,-0.1677704155445099,0.9036461710929871,4.893012046813965,-4.933097839355469,8.049216270446777,-30.291738510131836,-14.991495132446289,4.387005805969238
1781547290764374,140309921,-0.23273533582687378,0.32198023796081543,-0.17291906476020813,0.9012559056282043,4.9759063720703125,-5.007013320922852,8.121244430541992,-45.35165786743164,-21.80620002746582,7.711010456085205
1781547290790523,140326588,-0.23236717283725739,0.32668575644493103,-0.17815791070461273,0.8986332416534424,5.072083473205566,-4.934092998504639,8.107575416564941,-47.43045425415039,-25.415971755981445,6.622583389282227
1781547290820321,140343255,-0.23188082873821259,0.33166196942329407,-0.182830348610878,0.8959936499595642,5.0047993659973145,-4.86179256439209,7.888978958129883,-44.6498908996582,-27.886959075927734,4.314770698547363
1781547290850281,140359922,-0.23164282739162445,0.3367297947406769,-0.18845362961292267,0.8929948806762695,4.914985656738281,-4.87939453125,7.671078681945801,-50.53989791870117,-28.067350387573242,8.469632148742676
1781547290851606,140376589,-0.232309028506279,0.3422040045261383,-0.19643497467041016,0.8890119791030884,4.83407735824585,-5.243314266204834,7.677827835083008,-64.8480224609375,-30.25816535949707,20.52096939086914
1781547290856106,140393256,-0.234039306640625,0.3495262563228607,-0.20626772940158844,0.8834652304649353,4.799871444702148,-5.562222957611084,7.614582538604736,-78.72687530517578,-43.714805603027344,31.38193702697754
1781547290882390,140409923,-0.23472188413143158,0.35776692628860474,-0.2156360149383545,0.8777298331260681,4.926133155822754,-6.0118913650512695,7.250375747680664,-80.16960144042969,-49.009681701660156,22.900999069213867
1781547290883502,140426590,-0.2342064082622528,0.36554262042045593,-0.22230583429336548,0.8729868531227112,4.8140411376953125,-6.262432098388672,6.676198959350586,-64.6097412109375,-46.34207534790039,8.118326187133789
1781547290910301,140443257,-0.23221997916698456,0.37154361605644226,-0.22772029042243958,0.869581937789917,4.6255927085876465,-6.558513164520264,6.325940132141113,-55.86792755126953,-32.099815368652344,-3.310246467590332
1781547290913309,140459924,-0.22908331453800201,0.3764345049858093,-0.23398181796073914,0.8666432499885559,4.324216842651367,-6.934264183044434,6.591948509216309,-61.3660888671875,-21.119548797607422,-7.0334930419921875
1781547290940572,140476591,-0.22528214752674103,0.3821435570716858,-0.24205663800239563,0.8629153966903687,4.0426154136657715,-7.301201820373535,7.084199905395508,-76.4479751586914,-24.114635467529297,-6.377810001373291
1781547290970155,140493258,-0.22035877406597137,0.3906363844871521,-0.2510468661785126,0.8578000664710999,3.8772809505462646,-7.529397487640381,7.157291412353516,-91.44896697998047,-40.994781494140625,-13.121270179748535
1781547290972630,140509925,-0.2138504832983017,0.4013211727142334,-0.25977838039398193,0.8518946766853333,3.595027446746826,-7.553916931152344,6.474883556365967,-98.86517333984375,-53.70576477050781,-25.75817108154297
1781547291000176,140526592,-0.20524266362190247,0.4121343493461609,-0.26776233315467834,0.8463594317436218,3.3082125186920166,-7.56593132019043,5.5113115310668945,-99.8071060180664,-50.79029846191406,-40.90068817138672
1781547291002479,140543259,-0.1949874609708786,0.42064934968948364,-0.275532603263855,0.8420903086662292,2.7841567993164062,-7.813027858734131,4.980062484741211,-97.65554809570312,-31.10032844543457,-48.65736770629883
1781547291030152,140559926,-0.18285199999809265,0.42671290040016174,-0.2848047912120819,0.8386700749397278,2.058267116546631,-8.030627250671387,5.236216068267822,-106.89163208007812,-8.878446578979492,-51.706275939941406
1781547291032753,140576593,-0.16862644255161285,0.4317138195037842,-0.29633447527885437,0.835089385509491,2.2521610260009766,-7.933563232421875,5.329630374908447,-125.01795196533203,3.7051146030426025,-54.868404388427734
1781547291062212,140593260,-0.15268324315547943,0.4365858733654022,-0.3083003759384155,0.8312831521034241,2.2200942039489746,-7.835610389709473,5.593545436859131,-132.93060302734375,7.777115821838379,-62.927120208740234
1781547291063343,140609927,-0.1358470618724823,0.44050464034080505,-0.31845855712890625,0.8283029198646545,2.2084240913391113,-7.870146751403809,5.331902980804443,-122.52460479736328,15.696332931518555,-72.31864166259766
1781547291090533,140626594,-0.11758745461702347,0.442369669675827,-0.327752947807312,0.826474666595459,1.7456767559051514,-7.8798370361328125,5.35562801361084,-117.47355651855469,33.18780517578125,-79.63568115234375
1781547291121219,140643261,-0.09776043146848679,0.4417320787906647,-0.33838918805122375,0.8251112699508667,1.2580550909042358,-7.669367790222168,5.62434196472168,-126.79438018798828,53.43732452392578,-79.21592712402344
1781547291123232,140659928,-0.0766201913356781,0.43958449363708496,-0.35141536593437195,0.8230444192886353,1.9448039531707764,-7.083034515380859,4.87732458114624,-144.96295166015625,64.52622985839844,-75.44076538085938
1781547291150936,140676595,-0.05399438738822937,0.4364129602909088,-0.3647402226924896,0.8207271099090576,3.046083688735962,-6.7269792556762695,3.873076915740967,-151.20777893066406,73.31145477294922,-80.35692596435547
1781547291152299,140693262,-0.030953440815210342,0.4305763840675354,-0.37467849254608154,0.8205255270004272,3.3750088214874268,-6.512029647827148,3.568516254425049,-127.03778839111328,94.48589324951172,-86.9751205444336
1781547291180125,140709929,-0.00533854216337204,0.42155468463897705,-0.3810388147830963,0.8228444457054138,3.4029951095581055,-6.309045314788818,3.7445788383483887,-107.29249572753906,125.79446411132812,-104.43321990966797
1781547291181733,140726596,0.022900469601154327,0.40915167331695557,-0.38604411482810974,0.8264626860618591,3.211905002593994,-5.888869762420654,4.268962860107422,-103.69561004638672,155.5268096923828,-114.40975952148438
1781547291210130,140743263,0.05301724001765251,0.3924042582511902,-0.39216741919517517,0.8303090333938599,3.5549936294555664,-5.375906467437744,4.902780532836914,-115.40424346923828,185.67628479003906,-110.3799057006836
1781547291212525,140759930,0.08431749790906906,0.37295570969581604,-0.3996637165546417,0.8331047892570496,4.68056583404541,-4.963924884796143,5.063303470611572,-130.24732971191406,200.9639892578125,-106.54002380371094
1781547291240486,140776597,0.11535244435071945,0.3538963794708252,-0.40739163756370544,0.8339564204216003,5.760261058807373,-4.570071220397949,4.857906818389893,-135.998046875,192.88783264160156,-106.6240005493164
1781547291270296,140793264,0.14316746592521667,0.33686700463294983,-0.41280102729797363,0.834037721157074,6.155886650085449,-4.201847076416016,4.924844264984131,-115.39689636230469,172.18838500976562,-100.09028625488281
1781547291272690,140809931,0.16887998580932617,0.32093313336372375,-0.41486701369285583,0.8344858884811401,6.266155242919922,-3.9574790000915527,5.133223056793213,-89.22013092041016,164.0800018310547,-98.51705169677734
1781547291300359,140826598,0.1920701414346695,0.3047308921813965,-0.4156123995780945,0.8351733088493347,5.668945789337158,-3.9043354988098145,5.323661804199219,-75.69693756103516,160.48675537109375,-85.90560150146484
1781547291302204,140843265,0.21343593299388885,0.28711217641830444,-0.41901302337646484,0.8345296382904053,5.477578163146973,-3.8352670669555664,5.472227573394775,-92.79063415527344,157.11495971679688,-67.56778717041016
1781547291330279,140859932,0.2329452931880951,0.26806584000587463,-0.4252987504005432,0.8324651122093201,6.025378704071045,-3.754563808441162,6.087588310241699,-111.86566925048828,152.92286682128906,-49.18598175048828
1781547291331925,140876599,0.2526372969150543,0.25037071108818054,-0.4301215410232544,0.8297496438026428,6.92290735244751,-3.2371034622192383,6.863496780395508,-103.5632095336914,146.86871337890625,-57.91426086425781
1781547291360329,140893266,0.2723415195941925,0.23576293885707855,-0.43017280101776123,0.8277665972709656,7.279491424560547,-2.299830913543701,7.235359191894531,-68.83016967773438,138.83999633789062,-74.04461669921875
1781547291362134,140909933,0.29225191473960876,0.2227136641740799,-0.42512091994285583,0.8271998763084412,7.344873428344727,-1.3226349353790283,8.51125717163086,-33.01523971557617,142.43252563476562,-85.43358612060547
1781547291390497,140926600,0.312749445438385,0.21103152632713318,-0.4134943187236786,0.8286591172218323,7.8795905113220215,-0.34100085496902466,10.182772636413574,12.142988204956055,152.6872100830078,-98.75062561035156
1781547291420147,140943267,0.3286582827568054,0.20111142098903656,-0.40094277262687683,0.8311336040496826,8.136433601379395,0.730262279510498,10.747458457946777,30.731449127197266,133.05288696289062,-76.75068664550781
1781547291422826,140959934,0.3365524113178253,0.19328521192073822,-0.3954078257083893,0.8324819207191467,8.37196159362793,1.4540772438049316,10.117772102355957,3.322176933288574,81.5655288696289,-29.5386905670166
1781547291450259,140976601,0.33586281538009644,0.1874837875366211,-0.4003148078918457,0.8317417502403259,8.548163414001465,1.1439615488052368,8.973213195800781,-46.053001403808594,19.69866371154785,23.1533145904541
1781547291452605,140993268,0.32952263951301575,0.18115390837192535,-0.4123336374759674,0.8298067450523376,8.132308006286621,0.5204213261604309,8.58156967163086,-83.97225189208984,-10.79338550567627,63.351905822753906
1781547291480139,141009935,0.32156676054000854,0.17424286901950836,-0.4218955636024475,0.829601526260376,8.243451118469238,-0.3401119112968445,9.710672378540039,-64.37734985351562,-4.335893154144287,75.09353637695312
1781547291481805,141026602,0.3136662542819977,0.1702568084001541,-0.423228919506073,0.8327685594558716,8.299056053161621,-1.804581880569458,10.048578262329102,-1.28162682056427,1.3732383251190186,63.90803146362305
1781547291510119,141043269,0.3050578534603119,0.1696864664554596,-0.4195113182067871,0.8379477858543396,8.104634284973145,-2.8625073432922363,9.575762748718262,41.6671142578125,-6.998100757598877,56.465850830078125
1781547291511750,141059936,0.2946811020374298,0.1701986938714981,-0.4168209731578827,0.842885434627533,7.743967533111572,-3.907640218734741,8.876266479492188,39.36725616455078,-20.77289390563965,64.23780059814453
1781547291540379,141076603,0.283261775970459,0.17070114612579346,-0.41871529817581177,0.8457550406455994,7.619357585906982,-4.7872419357299805,8.298077583312988,8.058289527893066,-35.41120529174805,71.49447631835938
1781547291570299,141093270,0.2717019021511078,0.17070014774799347,-0.4244401454925537,0.8466938138008118,7.556858539581299,-5.310823440551758,8.003291130065918,-20.6003475189209,-42.61207962036133,74.50679779052734
1781547291572819,141109937,0.26082032918930054,0.1704905778169632,-0.42962685227394104,0.8475415110588074,7.755228042602539,-5.737210750579834,8.181537628173828,-18.92768669128418,-38.51646423339844,70.37342834472656
1781547291600399,141126604,0.2513948678970337,0.17243045568466187,-0.43042606115341187,0.8495894074440002,8.005916595458984,-6.0439372062683105,8.226787567138672,12.324104309082031,-37.462257385253906,52.55765914916992
1781547291602632,141143271,0.24331623315811157,0.17719624936580658,-0.4275512099266052,0.8524076342582703,7.91318941116333,-6.352946758270264,7.8932576179504395,39.34592056274414,-42.71612548828125,33.31349563598633
1781547291630380,141159938,0.23591382801532745,0.18385060131549835,-0.42447537183761597,0.8546136617660522,7.717249393463135,-6.6337456703186035,7.290330410003662,41.05447006225586,-52.2017822265625,22.539945602416992
1781547291632395,141176605,0.22902989387512207,0.19127348065376282,-0.42314615845680237,0.8555157780647278,7.697226047515869,-6.594674587249756,6.925900936126709,27.573410034179688,-59.68180465698242,17.35258674621582
1781547291660595,141193272,0.22341428697109222,0.19896449148654938,-0.42223259806632996,0.8556980490684509,8.164605140686035,-6.194890975952148,6.810719013214111,21.787595748901367,-59.165313720703125,8.533780097961426
1781547291663184,141209939,0.21888956427574158,0.20750445127487183,-0.41878870129585266,0.8565309643745422,8.81689167022705,-5.496450901031494,7.083154678344727,38.373573303222656,-56.210445404052734,-2.7994625568389893
1781547291691196,141226606,0.21546880900859833,0.21751749515533447,-0.41176098585128784,0.8583194613456726,8.996047973632812,-4.661561489105225,7.163936138153076,62.86954879760742,-54.94403839111328,-17.203876495361328
1781547291720155,141243273,0.21166914701461792,0.2288314402103424,-0.40272313356399536,0.8606082201004028,9.076040267944336,-3.9262499809265137,7.198613166809082,78.63738250732422,-59.962039947509766,-20.899934768676758
1781547291722127,141259940,0.20677265524864197,0.24162240326404572,-0.39474397897720337,0.8619983196258545,8.942285537719727,-3.6709978580474854,7.116626739501953,73.75381469726562,-74.68660736083984,-18.124221801757812
1781547291750133,141276607,0.19955496490001678,0.2548307180404663,-0.3910827338695526,0.8615645170211792,8.741596221923828,-3.936995506286621,6.7751593589782715,47.65736770629883,-92.6222915649414,-0.9009227752685547
1781547291752682,141293274,0.18978145718574524,0.268094539642334,-0.3919091820716858,0.8593692779541016,8.337654113769531,-4.176148414611816,6.468918800354004,20.88813591003418,-109.05987548828125,19.551389694213867
1781547291780351,141309941,0.1787521243095398,0.2815186679363251,-0.39376163482666016,0.856590211391449,8.103755950927734,-4.51585578918457,6.211357593536377,15.776668548583984,-115.80130767822266,27.6848201751709
1781547291782446,141326608,0.16653946042060852,0.295592337846756,-0.39245733618736267,0.854907751083374,7.75148868560791,-4.473940372467041,5.651706218719482,40.429466247558594,-116.82402038574219,28.14640998840332
1781547291810817,141343275,0.15400907397270203,0.30938369035720825,-0.3875792920589447,0.8546023964881897,7.468033313751221,-4.443447113037109,4.922830104827881,65.47798156738281,-109.12405395507812,25.101221084594727
1781547291812750,141359942,0.1426025927066803,0.32312440872192383,-0.38240325450897217,0.8538283109664917,7.139003753662109,-4.854069232940674,4.467723369598389,63.54067611694336,-106.50365447998047,17.51171112060547
1781547291840598,141376609,0.1314462125301361,0.3362544775009155,-0.38172996044158936,0.8508449196815491,6.7051262855529785,-5.214999675750732,4.16048526763916,30.149883270263672,-111.57656860351562,25.493417739868164
1781547291870361,141393276,0.12008185684680939,0.3487328588962555,-0.3858885169029236,0.8456098437309265,6.450301647186279,-5.14219331741333,4.084160327911377,-4.1253533363342285,-117.87940979003906,37.562217712402344
1781547291872632,141409943,0.10898607969284058,0.36155688762664795,-0.38938745856285095,0.8401049375534058,6.511349201202393,-4.765232563018799,4.259588241577148,-1.3557919263839722,-119.27603149414062,33.283164978027344
1781547291900193,141426610,0.09856433421373367,0.3751441240310669,-0.38729771971702576,0.8363926410675049,6.566076278686523,-4.130283832550049,3.949374198913574,34.629703521728516,-113.23328399658203,14.802034378051758
1781547291901985,141443277,0.08746933192014694,0.38797539472579956,-0.3809069097042084,0.8347061276435852,6.0381245613098145,-3.8711330890655518,3.3346176147460938,65.98859405517578,-102.5344467163086,10.971210479736328
1781547291930156,141459944,0.07279476523399353,0.3977164030075073,-0.37766018509864807,0.8330039381980896,5.245616436004639,-4.671748638153076,2.816192865371704,55.60017013549805,-96.1008529663086,47.9915771484375
1781547291932593,141476611,0.05755538120865822,0.40615972876548767,-0.3812846541404724,0.8284587264060974,5.202404022216797,-5.704411029815674,3.012460947036743,9.767621994018555,-101.34391784667969,71.96292877197266
1781547291961849,141493278,0.0437682569026947,0.41545388102531433,-0.38673147559165955,0.8221443295478821,5.424144268035889,-5.949921131134033,3.4880802631378174,-8.959330558776855,-108.04457092285156,65.84532928466797
1781547291962305,141509945,0.03086128830909729,0.4261666238307953,-0.3855127990245819,0.8178079128265381,5.892663955688477,-5.665014266967773,3.507202625274658,31.90125274658203,-106.06578063964844,38.6489143371582
1781547291990458,141526612,0.019186828285455704,0.4368039071559906,-0.37599244713783264,0.8169847130775452,5.983884811401367,-4.991600036621094,3.070631265640259,84.27359771728516,-90.31743621826172,8.336302757263184
1781547292020381,141543279,0.00826136115938425,0.445278525352478,-0.3639075458049774,0.8180650472640991,5.353133201599121,-4.229136943817139,2.5027530193328857,101.07068634033203,-70.17150115966797,2.2680039405822754
1781547292022563,141559946,-0.0051186420023441315,0.4497204124927521,-0.35725557804107666,0.8185926675796509,4.36932897567749,-4.762016296386719,2.612259864807129,76.41908264160156,-55.62361526489258,42.765628814697266
1781547292080165,141576613,-0.019321102648973465,0.45277974009513855,-0.35790643095970154,0.8164070248603821,4.65178108215332,-5.586678981781006,3.3324997425079346,31.247600555419922,-57.9913444519043,73.46092987060547
1781547292083240,141593280,-0.03323514759540558,0.4576219916343689,-0.359979510307312,0.8123376369476318,5.060566425323486,-6.024661064147949,3.773946762084961,17.499706268310547,-72.96741485595703,72.1256332397461
1781547292084121,141609947,-0.04693249240517616,0.46348506212234497,-0.3577440083026886,0.8093196749687195,5.372646331787109,-5.918346881866455,3.4600133895874023,43.25586700439453,-75.81132507324219,54.58555603027344
1781547292110310,141626614,-0.059142861515283585,0.46811091899871826,-0.35139185190200806,0.8086397051811218,5.533924579620361,-5.560059070587158,2.995727062225342,67.57982635498047,-59.14655685424805,35.4749870300293
1781547292112425,141643281,-0.06937231123447418,0.4708253741264343,-0.3441177010536194,0.8093788623809814,5.291573524475098,-5.2678632736206055,3.0825624465942383,70.53828430175781,-39.538570404052734,25.53025245666504
1781547292113793,141659948,-0.08004948496818542,0.4722595810890198,-0.3387540876865387,0.8098201751708984,4.917992115020752,-5.508481979370117,3.4097094535827637,61.262821197509766,-33.523895263671875,37.37336730957031
1781547292171647,141676615,-0.09207738935947418,0.4730706214904785,-0.3373560309410095,0.8086514472961426,4.778502941131592,-5.934097766876221,3.5481927394866943,40.16389465332031,-36.2470817565918,60.10261154174805
1781547292172186,141693282,-0.10465971380472183,0.4728608727455139,-0.337588906288147,0.8071447610855103,4.972757339477539,-6.402523040771484,3.805208921432495,32.76295852661133,-31.92597198486328,71.06446838378906
1781547292174422,141709949,-0.11629246920347214,0.4719761908054352,-0.33390671014785767,0.8076019287109375,5.154804706573486,-6.681577682495117,3.841139316558838,56.44847106933594,-22.41126823425293,53.21168518066406
1781547292200343,141726616,-0.12546369433403015,0.46970051527023315,-0.32592400908470154,0.8108106255531311,5.0125508308410645,-6.558691501617432,3.6073267459869385,79.76873779296875,-3.5471272468566895,26.57351303100586
1781547292202375,141743283,-0.13241124153137207,0.46592411398887634,-0.31733667850494385,0.8152787685394287,4.4755401611328125,-6.624352931976318,3.7637264728546143,80.07482147216797,13.347660064697266,14.493011474609375
1781547292230264,141759950,-0.13869789242744446,0.46105876564979553,-0.3112485110759735,0.8193364143371582,4.2726569175720215,-6.81145715713501,4.144438743591309,64.04212951660156,21.853137969970703,21.5330753326416
1781547292232241,141776617,-0.14468464255332947,0.455700159072876,-0.3070417642593384,0.8228786587715149,4.555593013763428,-6.812622547149658,4.626088619232178,51.8603515625,25.430335998535156,27.343236923217773
1781547292260197,141793284,-0.15010684728622437,0.45035141706466675,-0.30051109194755554,0.8272513747215271,4.9863600730896,-6.736575603485107,5.0153961181640625,64.98111724853516,26.85175132751465,16.01161766052246
1781547292262114,141809951,-0.15413138270378113,0.44483456015586853,-0.2896440923213959,0.8333499431610107,5.03117036819458,-6.445268630981445,5.170445442199707,89.05303955078125,31.561277389526367,-6.807493209838867
1781547292290441,141826618,-0.15638810396194458,0.43860867619514465,-0.27659475803375244,0.8406311273574829,4.9162702560424805,-5.961218357086182,5.467060565948486,99.25548553466797,40.446102142333984,-23.46082878112793
1781547292350172,141843285,-0.15810032188892365,0.4316854476928711,-0.2643930912017822,0.8477903008460999,4.767969608306885,-5.71215295791626,5.912362575531006,93.2265396118164,46.051029205322266,-22.600431442260742
1781547292353300,141859952,-0.16102787852287292,0.42467039823532104,-0.25507861375808716,0.8536158800125122,4.902166843414307,-5.654666423797607,6.35706090927124,77.6728744506836,43.55047607421875,-5.336503982543945
1781547292354104,141876619,-0.1647171825170517,0.4185255765914917,-0.24755524098873138,0.8581499457359314,5.301238536834717,-5.707662105560303,6.769617080688477,66.15055847167969,35.312347412109375,4.262082576751709
1781547292380195,141893286,-0.16826081275939941,0.41306430101394653,-0.23848631978034973,0.8626648187637329,5.556235313415527,-5.7099432945251465,6.990994453430176,74.03809356689453,29.715633392333984,-2.1918177604675293
1781547292381811,141909953,-0.17077894508838654,0.40759310126304626,-0.22739510238170624,0.8677522540092468,5.604609489440918,-5.474507808685303,6.963611125946045,84.06619262695312,30.737606048583984,-14.668700218200684
1781547292383687,141926620,-0.17211027443408966,0.4018550515174866,-0.2161252349615097,0.8730295896530151,5.473909378051758,-5.05023193359375,7.083975791931152,82.41194152832031,34.501922607421875,-22.05843162536621
1781547292440197,141943287,-0.17344695329666138,0.39622706174850464,-0.20653395354747772,0.8776470422744751,5.329753875732422,-4.78045654296875,7.035421848297119,71.23431396484375,33.991004943847656,-16.773988723754883
1781547292442089,141959954,-0.1759682595729828,0.39050889015197754,-0.19933472573757172,0.8813647031784058,5.324281692504883,-4.863558292388916,7.0894389152526855,58.852317810058594,33.249427795410156,-1.9106615781784058
1781547292442933,141976621,-0.1792072355747223,0.38471734523773193,-0.19322538375854492,0.8846138119697571,5.640471458435059,-5.1527533531188965,7.611192226409912,53.6171989440918,32.765655517578125,6.029141902923584
1781547292473697,141993288,-0.18178443610668182,0.3793608546257019,-0.18598131835460663,0.8879476189613342,5.930075645446777,-5.2554521560668945,8.102567672729492,58.342201232910156,29.820083618164062,-1.6835482120513916
1781547292474121,142009955,-0.18328209221363068,0.3749951720237732,-0.1776304692029953,0.8911979794502258,5.801233291625977,-5.005385398864746,8.094385147094727,60.93564224243164,23.545637130737305,-12.326753616333008
1781547292500859,142026622,-0.18438367545604706,0.3715411126613617,-0.17002873122692108,0.893896222114563,5.533877849578857,-4.683651924133301,7.911877632141113,53.49747085571289,17.958253860473633,-13.241613388061523
1781547292502591,142043289,-0.18616341054439545,0.3683581054210663,-0.16449859738349915,0.8958770632743835,5.3741841316223145,-4.584399700164795,7.760028839111328,41.31340408325195,16.2888240814209,-3.191915512084961
1781547292530736,142059956,-0.1888161152601242,0.36519256234169006,-0.16091890633106232,0.8972670435905457,5.470580101013184,-4.737154960632324,7.862346172332764,30.818561553955078,16.188547134399414,7.858748435974121
1781547292533205,142076623,-0.1915436089038849,0.3619695007801056,-0.15840037167072296,0.8984423279762268,5.745380878448486,-4.9153642654418945,8.160667419433594,24.29581069946289,17.29499053955078,11.324458122253418
1781547292560642,142093290,-0.19349592924118042,0.35937345027923584,-0.15595895051956177,0.8994925022125244,5.912700176239014,-5.014937400817871,8.472622871398926,20.92725944519043,14.052205085754395,6.20681095123291
1781547292563065,142109957,-0.19467772543430328,0.35787689685821533,-0.15360422432422638,0.9002391695976257,5.843194484710693,-4.9121599197387695,8.556434631347656,16.699098587036133,7.439916133880615,0.8776137828826904
1781547292590594,142126624,-0.19546058773994446,0.35747432708740234,-0.15204739570617676,0.9004937410354614,5.693099021911621,-4.756606101989746,8.442931175231934,8.794076919555664,0.9423234462738037,-0.1271030455827713
1781547292620306,142143291,-0.1961582601070404,0.3578307330608368,-0.1516493558883667,0.9002676010131836,5.552544116973877,-4.707601547241211,8.13135051727295,-0.11320814490318298,-3.2972898483276367,2.043503522872925
1781547292623064,142159958,-0.1967965066432953,0.35833436250686646,-0.15240195393562317,0.8998005986213684,5.520540714263916,-4.7506022453308105,7.932895183563232,-7.830817222595215,-3.1912407875061035,4.675490856170654
1781547292651316,142176625,-0.1970396339893341,0.35880589485168457,-0.1537790447473526,0.8993253111839294,5.577635765075684,-4.702244758605957,7.815902233123779,-12.632139205932617,-1.7592219114303589,3.8114213943481445
1781547292652039,142193292,-0.1966855376958847,0.35927435755729675,-0.15491868555545807,0.8990201354026794,5.640166759490967,-4.583162784576416,7.930499076843262,-12.452861785888672,-1.0145708322525024,-0.696140706539154
1781547292680185,142209959,-0.1956227868795395,0.3601049482822418,-0.15549390017986298,0.8988204002380371,5.567690372467041,-4.406697750091553,8.052377700805664,-11.0921630859375,-3.0044867992401123,-7.001633167266846
1781547292682140,142226626,-0.19443513453006744,0.36141520738601685,-0.1560915857553482,0.8984485268592834,5.4165778160095215,-4.241041660308838,7.963132858276367,-12.371084213256836,-6.236466884613037,-8.00036334991455
1781547292710370,142243293,-0.19374018907546997,0.3630301058292389,-0.15775556862354279,0.8976567387580872,5.225152969360352,-4.245465278625488,7.82498836517334,-18.593463897705078,-8.270174026489258,-2.0744268894195557
1781547292712577,142259960,-0.1933925300836563,0.3649997115135193,-0.16089750826358795,0.8963742852210999,5.3138322830200195,-4.341307163238525,7.59299898147583,-27.8548583984375,-10.097633361816406,4.025086879730225
1781547292740599,142276627,-0.19281189143657684,0.3668725788593292,-0.1642296314239502,0.8951296806335449,5.478882312774658,-4.552887916564941,7.591892719268799,-29.441612243652344,-8.900238037109375,3.1203157901763916
1781547292770176,142293294,-0.19147545099258423,0.3682231307029724,-0.16627773642539978,0.8944836258888245,5.566189765930176,-4.728773593902588,7.6096954345703125,-22.078393936157227,-5.02934455871582,-4.97575044631958
1781547292773223,142309961,-0.18920418620109558,0.3693491816520691,-0.16741284728050232,0.8942909240722656,5.471908092498779,-4.877762794494629,7.837912082672119,-18.016746520996094,-2.638343334197998,-13.379201889038086
1781547292801182,142326628,-0.18657933175563812,0.370955228805542,-0.16900494694709778,0.8938781023025513,5.215535640716553,-5.062593460083008,8.051436424255371,-22.60224151611328,-5.153288841247559,-14.661787033081055
1781547292803244,142343295,-0.18375332653522491,0.37394002079963684,-0.17289644479751587,0.8924745917320251,5.211958885192871,-5.110711574554443,7.883563041687012,-40.16701126098633,-12.97799015045166,-10.370445251464844
1781547292830215,142359962,-0.18069680035114288,0.37820205092430115,-0.17865903675556183,0.8901647329330444,5.454163074493408,-5.058392524719238,7.69230318069458,-54.93207931518555,-20.5150146484375,-7.352471828460693
1781547292833338,142376629,-0.17748887836933136,0.38273105025291443,-0.18364395201206207,0.8878569006919861,5.62490177154541,-5.260987758636475,7.609795570373535,-50.895450592041016,-22.930070877075195,-10.636717796325684
1781547292860227,142393296,-0.17349079251289368,0.38710612058639526,-0.187620148062706,0.8859171271324158,5.6343092918396,-5.530221939086914,7.383826732635498,-46.16407012939453,-21.261587142944336,-18.373342514038086
1781547292865169,142409963,-0.16836360096931458,0.3918929994106293,-0.1921260505914688,0.8838334679603577,5.525562286376953,-5.732118606567383,7.291274547576904,-53.071205139160156,-22.06998634338379,-24.20718765258789
1781547292890789,142426630,-0.16252492368221283,0.3979121744632721,-0.19803467392921448,0.880928099155426,5.33909273147583,-5.77543830871582,7.143808841705322,-66.02206420898438,-29.215587615966797,-25.434934616088867
1781547292920582,142443297,-0.1557469516992569,0.4050389528274536,-0.20520475506782532,0.8772556781768799,5.286131381988525,-5.513950347900391,6.935668468475342,-78.51310729980469,-35.34184646606445,-28.33224105834961
1781547292923416,142459964,-0.14807647466659546,0.41185513138771057,-0.21239639818668365,0.8736914396286011,5.2625041007995605,-5.017775058746338,6.9015326499938965,-80.64239501953125,-31.89217185974121,-33.341575622558594
1781547292950680,142476631,-0.14067131280899048,0.4178876280784607,-0.21941906213760376,0.8703086376190186,5.019819259643555,-4.766809463500977,6.8986287117004395,-77.81417083740234,-27.239072799682617,-31.272930145263672
1781547292951687,142493298,-0.1344166398048401,0.42342743277549744,-0.22792188823223114,0.866425633430481,4.590487003326416,-5.0172438621521,7.028181552886963,-83.6465072631836,-26.04145050048828,-18.91620635986328
1781547292980771,142509965,-0.1290600299835205,0.43020251393318176,-0.2402956336736679,0.8605392575263977,4.431264400482178,-5.321475982666016,6.422525882720947,-108.37853240966797,-37.07498550415039,-2.390864133834839
1781547292981717,142526632,-0.12390097230672836,0.4379917085170746,-0.2568932771682739,0.852536141872406,4.364573955535889,-5.407623291015625,5.414583206176758,-137.19134521484375,-45.924808502197266,11.462258338928223
1781547293010713,142543299,-0.11841733753681183,0.4437093138694763,-0.2750225365161896,0.8446669578552246,4.641152858734131,-5.5483269691467285,4.5283284187316895,-145.148193359375,-31.504873275756836,17.702041625976562
1781547293011754,142559966,-0.11115206032991409,0.44561538100242615,-0.29015594720840454,0.8395724892616272,4.808196544647217,-5.968723297119141,4.558963775634766,-124.83155822753906,0.02569735422730446,3.149299383163452
1781547293040441,142576633,-0.10158871859312057,0.4431975483894348,-0.3008935749530792,0.838283360004425,4.357595920562744,-6.047668933868408,4.731967926025391,-95.5980224609375,37.868133544921875,-17.881336212158203
1781547293070243,142593300,-0.09104590117931366,0.43588846921920776,-0.30966153740882874,0.8401319980621338,3.6245932579040527,-5.865973472595215,4.816186904907227,-77.32028198242188,76.26700592041016,-21.61663055419922
1781547293072777,142609967,-0.07991722226142883,0.425772100687027,-0.3190579414367676,0.8429314494132996,3.7676351070404053,-4.960072040557861,4.683640480041504,-78.92180633544922,96.96662139892578,-17.75326156616211
1781547293100637,142626634,-0.06878702342510223,0.416370689868927,-0.3287929594516754,0.8448664546012878,4.192032814025879,-4.540820598602295,4.073275566101074,-83.17780303955078,90.47655487060547,-17.878095626831055
1781547293102485,142643301,-0.057485248893499374,0.40642523765563965,-0.3325907289981842,0.8490569591522217,4.256638050079346,-4.81068229675293,3.6754395961761475,-43.8198356628418,97.67064666748047,-35.71772766113281
1781547293130308,142659968,-0.045279745012521744,0.3945949673652649,-0.3285757005214691,0.8569031357765198,3.530916213989258,-4.596699237823486,3.7339680194854736,8.376890182495117,117.86686706542969,-59.96809768676758
1781547293132075,142676635,-0.03258521482348442,0.3784788250923157,-0.3195251524448395,0.86809903383255,3.1715335845947266,-3.8127403259277344,4.091461658477783,45.633567810058594,151.74452209472656,-67.88082885742188
1781547293160356,142693302,-0.021826662123203278,0.35928189754486084,-0.30750802159309387,0.8808401226997375,3.900886297225952,-2.5696609020233154,5.041636943817139,72.47643280029297,169.23133850097656,-57.62657928466797
1781547293162532,142709969,-0.012504532933235168,0.343250036239624,-0.293936550617218,0.8919780254364014,5.565906524658203,-2.139458656311035,5.4590301513671875,81.575439453125,142.81475830078125,-59.209537506103516
1781547293190555,142726636,-0.00478399358689785,0.3329435884952545,-0.2809441089630127,0.9001089930534363,6.215737819671631,-1.923121690750122,5.548218250274658,75.23008728027344,97.40614318847656,-59.31595230102539
1781547293220079,142743303,0.00043621379882097244,0.3261529803276062,-0.27095112204551697,0.9056544303894043,5.896657943725586,-1.5378508567810059,5.611433982849121,57.27473831176758,64.99427032470703,-43.6634521484375
1781547293221596,142759970,0.0017306136433035135,0.3195232152938843,-0.2635422348976135,0.910190999507904,5.748264312744141,-1.2988239526748657,5.937463283538818,48.10100555419922,54.409202575683594,-13.709513664245605
1781547293250052,142776637,-7.31416221242398e-05,0.3116220235824585,-0.25761252641677856,0.914618968963623,6.261842727661133,-1.3744690418243408,5.902245044708252,45.42778015136719,56.4970703125,11.245949745178223
1781547293252351,142793304,-0.0036135008558630943,0.302047997713089,-0.24987801909446716,0.9199539422988892,7.6222405433654785,-1.6698176860809326,5.950491905212402,62.0955810546875,65.88801574707031,21.279212951660156
1781547293280049,142809971,-0.009291634894907475,0.29315418004989624,-0.23602177202701569,0.9264277815818787,8.261629104614258,-2.189103603363037,6.207346439361572,107.18840026855469,60.13976287841797,20.911344528198242
1781547293282036,142826638,-0.016440588980913162,0.28384774923324585,-0.21910437941551208,0.9333561062812805,8.016451835632324,-2.805243492126465,6.307483196258545,130.41128540039062,61.11800765991211,24.773935317993164
1781547293310813,142843305,-0.023072239011526108,0.27289754152297974,-0.20416311919689178,0.939846932888031,7.687260150909424,-2.8577823638916016,7.035145282745361,116.2401351928711,71.83238220214844,27.85394287109375
1781547293312159,142859972,-0.028397012501955032,0.2608039081096649,-0.1936751902103424,0.9453386664390564,7.391237735748291,-2.5711212158203125,8.293089866638184,83.78124237060547,79.90181732177734,29.5411319732666
1781547293340618,142876639,-0.03414994105696678,0.2507094442844391,-0.18663406372070312,0.949287474155426,7.440516948699951,-2.289029121398926,9.60760498046875,59.689937591552734,64.25505828857422,36.154693603515625
1781547293370340,142893306,-0.04140937328338623,0.24644939601421356,-0.18059763312339783,0.9512794613838196,7.670215606689453,-2.6374409198760986,9.789880752563477,51.83523941040039,21.114856719970703,40.70325469970703
1781547293372775,142909973,-0.050780270248651505,0.24539990723133087,-0.17573443055152893,0.9520073533058167,7.234037399291992,-2.9827499389648438,8.93984317779541,45.245155334472656,-4.299498081207275,52.88750457763672
1781547293400396,142926640,-0.061677780002355576,0.24346083402633667,-0.17316636443138123,0.9523321390151978,6.930000305175781,-3.27555775642395,8.44374942779541,32.61457443237305,-0.1840309053659439,67.97784423828125
1781547293403612,142943307,-0.074225515127182,0.23952257633209229,-0.17152343690395355,0.9527326822280884,6.580711841583252,-3.2640953063964844,8.61756420135498,30.253643035888672,11.47745132446289,82.68728637695312
1781547293460520,142959974,-0.08825492113828659,0.235204815864563,-0.17033526301383972,0.9528253078460693,6.6067681312561035,-3.106785535812378,8.742807388305664,29.540523529052734,11.957464218139648,93.75402069091797
1781547293464588,142976641,-0.10259713232517242,0.23225034773349762,-0.16679291427135468,0.9527403712272644,6.3827409744262695,-3.444002389907837,8.79190444946289,44.428592681884766,0.9611830711364746,90.5146713256836
1781547293465048,142993308,-0.11477701365947723,0.23409080505371094,-0.16047422587871552,0.9519853591918945,6.241673946380615,-3.9818711280822754,9.145766258239746,55.00879669189453,-30.980815887451172,66.89781188964844
1781547293490301,143009975,-0.12466370314359665,0.24028675258159637,-0.15542471408843994,0.9500341415405273,5.419631481170654,-4.296563148498535,8.557772636413574,38.25469207763672,-57.868648529052734,50.075843811035156
1781547293492721,143026642,-0.13383325934410095,0.24549473822116852,-0.152028888463974,0.9480024576187134,4.841607093811035,-4.4162092208862305,7.728006839752197,27.03314208984375,-49.353816986083984,49.25210189819336
1781547293521554,143043309,-0.14313264191150665,0.24640387296676636,-0.14804024994373322,0.9470388889312744,4.701665878295898,-4.481417655944824,7.995317459106445,36.19483947753906,-20.20365333557129,52.608394622802734
1781547293523052,143059976,-0.15125006437301636,0.24424101412296295,-0.14404882490634918,0.9469529986381531,4.82947301864624,-4.398225784301758,8.609804153442383,38.13358688354492,2.493614673614502,47.16966247558594
1781547293550716,143076643,-0.15877509117126465,0.24087078869342804,-0.13774390518665314,0.9475224018096924,4.7338361740112305,-4.2994465827941895,9.073740005493164,54.11062240600586,9.641796112060547,39.94076919555664
1781547293553403,143093310,-0.16547362506389618,0.23805218935012817,-0.13040202856063843,0.9481273293495178,4.678081512451172,-4.054854869842529,9.100812911987305,58.93281173706055,5.761816024780273,32.2774543762207
1781547293580354,143109977,-0.17151287198066711,0.23628848791122437,-0.1239984855055809,0.9483543634414673,4.484619617462158,-3.7474939823150635,8.807988166809082,50.20096969604492,-0.07098643481731415,28.997974395751953
1781547293583713,143126644,-0.1776653677225113,0.23504555225372314,-0.12134094536304474,0.947874128818512,4.270921230316162,-3.33634352684021,8.441750526428223,24.74526596069336,-0.2901681959629059,36.21127700805664
1781547293610949,143143311,-0.1835542917251587,0.23260492086410522,-0.1205945685505867,0.9474493265151978,3.8247783184051514,-3.571671962738037,8.350728988647461,13.375054359436035,10.163355827331543,38.51272964477539
1781547293640880,143159978,-0.187067449092865,0.2348734587430954,-0.12563589215278625,0.945545494556427,4.541784286499023,-4.5744948387146,10.731520652770996,-35.291297912597656,-13.603310585021973,30.253646850585938
1781547293644099,143176645,-0.1880420744419098,0.24164564907550812,-0.12400927394628525,0.9438588619232178,4.5384345054626465,-3.9649386405944824,9.804347038269043,-1.6424665451049805,-48.915836334228516,-1.188477635383606
1781547293670825,143193312,-0.18894755840301514,0.2453838288784027,-0.11762084811925888,0.9435313940048218,4.004638195037842,-3.7264561653137207,8.714665412902832,34.22825622558594,-33.066436767578125,-8.717546463012695
1781547293671982,143209979,-0.1904938966035843,0.24748356640338898,-0.11575103551149368,0.9429029226303101,3.7753403186798096,-3.4412765502929688,8.442037582397461,7.884835243225098,-17.593734741210938,4.77746057510376
1781547293700645,143226646,-0.1920866072177887,0.24890778958797455,-0.11466026306152344,0.9423380494117737,3.8212473392486572,-3.6852829456329346,8.485834121704102,3.8516857624053955,-12.124755859375,6.857108116149902
1781547293702878,143243313,-0.19301801919937134,0.2502758502960205,-0.10910863429307938,0.942444384098053,3.8573601245880127,-3.4366211891174316,8.313109397888184,32.2289924621582,-15.984526634216309,-5.904933452606201
1781547293730684,143259980,-0.19389988481998444,0.25256264209747314,-0.1043262779712677,0.9421948194503784,3.857728958129883,-3.3090286254882812,8.906608581542969,25.67616081237793,-21.49341583251953,-5.121561050415039
1781547293733370,143276647,-0.19347578287124634,0.25462856888771057,-0.10107412934303284,0.942080557346344,4.078489780426025,-3.51977801322937,9.123004913330078,13.889275550842285,-16.853778839111328,-10.94713306427002
1781547293760743,143293314,-0.19250692427158356,0.25616779923439026,-0.09882861375808716,0.9420999884605408,4.288887023925781,-2.979177713394165,8.867120742797852,7.21220588684082,-11.494519233703613,-12.52740478515625
1781547293763396,143309981,-0.19186443090438843,0.25738903880119324,-0.09797448664903641,0.9419873356819153,4.311281204223633,-2.535546064376831,8.595460891723633,-0.8932176232337952,-8.049626350402832,-7.573077201843262
1781547293790461,143326648,-0.19185809791088104,0.2590588629245758,-0.09699328988790512,0.9416323900222778,4.494610786437988,-2.3991901874542236,8.646712303161621,0.29953423142433167,-11.980730056762695,-3.6579182147979736
1781547293820221,143343315,-0.19332201778888702,0.2597220838069916,-0.09503127634525299,0.9413504004478455,5.012055397033691,-2.5122783184051514,8.474682807922363,10.641705513000488,-7.608104228973389,4.6886701583862305
1781547293822645,143359982,-0.19650079309940338,0.25621581077575684,-0.08920701593160629,0.9422225952148438,4.701201915740967,-2.392810344696045,8.54737663269043,44.996604919433594,15.18828296661377,10.08279800415039
1781547293850249,143376649,-0.2002256214618683,0.25236794352531433,-0.08323683589696884,0.9430228471755981,4.639411926269531,-2.2800283432006836,8.547810554504395,47.319602966308594,16.744186401367188,13.67086410522461
1781547293852647,143393316,-0.20481137931346893,0.24906004965305328,-0.07860548794269562,0.943314790725708,4.217438220977783,-2.29272198677063,9.254331588745117,39.09669876098633,13.714343070983887,21.967702865600586
1781547293880211,143409983,-0.2090137004852295,0.2464011162519455,-0.07497761398553848,0.9433866143226624,3.954206943511963,-2.528451442718506,9.079182624816895,30.896770477294922,10.74772834777832,21.15707778930664
1781547293882581,143426650,-0.21172121167182922,0.24514040350914001,-0.07334659993648529,0.9432395100593567,3.9272518157958984,-2.7747793197631836,8.882368087768555,13.290145874023438,4.94597864151001,14.437097549438477
1781547293910190,143443317,-0.21288897097110748,0.24409738183021545,-0.07249335944652557,0.9433131217956543,4.128588676452637,-2.8965001106262207,8.915541648864746,5.447917938232422,5.8122076988220215,5.330009937286377
1781547293913276,143459984,-0.21314737200737,0.24310405552387238,-0.07176938652992249,0.943566620349884,4.124325752258301,-2.4460525512695312,8.699929237365723,3.102933883666992,6.433187007904053,-0.6409066319465637
1781547293940624,143476651,-0.21377147734165192,0.24171148240566254,-0.07050362974405289,0.9438786506652832,4.293588638305664,-2.3146255016326904,8.744712829589844,7.8439764976501465,8.145707130432129,0.93645840883255
1781547293970385,143493318,-0.2146708369255066,0.2401844561100006,-0.06937850266695023,0.9441477656364441,4.306345462799072,-2.237571954727173,8.738870620727539,7.565412998199463,9.02077865600586,3.0845069885253906
1781547293972237,143509985,-0.21587508916854858,0.23848453164100647,-0.06749793142080307,0.9444402456283569,4.402407169342041,-2.237412691116333,8.740506172180176,13.239273071289062,8.922274589538574,3.863455057144165
1781547294000393,143526652,-0.21695998311042786,0.2369823455810547,-0.06549259275197983,0.9447109699249268,4.017739295959473,-2.303309917449951,8.908971786499023,13.549880027770996,7.474425315856934,2.824474811553955
1781547294002999,143543319,-0.21743784844875336,0.23542308807373047,-0.06360431760549545,0.9451199769973755,4.057414531707764,-2.1722538471221924,9.049853324890137,11.948517799377441,8.517618179321289,-1.1089794635772705
1781547294030214,143559986,-0.2173147201538086,0.23437879979610443,-0.06240370124578476,0.9454877376556396,3.9681036472320557,-2.175253391265869,9.17593765258789,5.7191948890686035,6.39398717880249,-4.064531326293945
1781547294033552,143576653,-0.21640154719352722,0.23446090519428253,-0.06257293373346329,0.945665717124939,4.004179000854492,-2.2224175930023193,9.219205856323242,-6.223669528961182,1.1494661569595337,-7.194019794464111
1781547294060224,143593320,-0.21604406833648682,0.2348639816045761,-0.06550062447786331,0.9454490542411804,3.930757761001587,-2.1085410118103027,9.1940279006958,-23.909582138061523,2.289492130279541,1.3146449327468872
1781547294062768,143609987,-0.21576502919197083,0.2358170598745346,-0.06912926584482193,0.9450170993804932,3.9252429008483887,-2.1855132579803467,9.242666244506836,-29.253738403320312,-0.6303433179855347,3.027949333190918
1781547294090437,143626654,-0.2156619280576706,0.23718036711215973,-0.07283473759889603,0.9444208145141602,4.046606540679932,-2.1666476726531982,8.921051025390625,-30.15517234802246,-3.5339744091033936,4.344459056854248
1781547294120955,143643321,-0.21597008407115936,0.23823678493499756,-0.0764334425330162,0.9437999725341797,4.024952411651611,-2.2130372524261475,8.719521522521973,-28.349090576171875,-1.9468141794204712,7.030725955963135
1781547294122423,143659988,-0.2162923961877823,0.23850321769714355,-0.0786844864487648,0.9434738755226135,4.188308238983154,-2.3443589210510254,8.690478324890137,-18.2537841796875,1.6531546115875244,4.892243385314941
1781547294150836,143676655,-0.21682898700237274,0.23852774500846863,-0.07966912537813187,0.9432618618011475,4.148684024810791,-2.371210813522339,8.7243070602417,-9.265986442565918,1.41071617603302,4.166848659515381
1781547294151794,143693322,-0.21847790479660034,0.23898376524448395,-0.07999832183122635,0.942737877368927,4.203464984893799,-2.2524564266204834,8.882472038269043,-4.005776405334473,-3.4855055809020996,10.534424781799316
1781547294180405,143709989,-0.2207133173942566,0.23922398686408997,-0.07947883009910583,0.9422001242637634,4.2582502365112305,-2.351141929626465,8.564895629882812,2.774247646331787,-3.7061469554901123,13.082046508789062
1781547294182506,143726656,-0.22344009578227997,0.23893408477306366,-0.07838702201843262,0.9417222738265991,4.143983840942383,-2.3773159980773926,8.784815788269043,8.126913070678711,-1.3085800409317017,15.523512840270996
1781547294210867,143743323,-0.22616982460021973,0.2387692630290985,-0.07691348344087601,0.9412338733673096,4.166187286376953,-2.623100519180298,8.746085166931152,10.404640197753906,-2.7229528427124023,14.86408519744873
1781547294212205,143759990,-0.22806374728679657,0.23855175077915192,-0.0751621350646019,0.9409734606742859,4.176950931549072,-2.648170232772827,8.808945655822754,11.033747673034668,-1.9964215755462646,8.6719331741333
1781547294240901,143776657,-0.2297230213880539,0.23847846686840057,-0.07402157783508301,0.9406787157058716,3.9955146312713623,-2.6168277263641357,8.815649032592773,6.455062389373779,-1.9062641859054565,8.134986877441406
1781547294270202,143793324,-0.23100809752941132,0.2382676750421524,-0.0724000632762909,0.9405437111854553,4.043867588043213,-2.3824808597564697,8.812139511108398,9.25220012664795,-1.3250606060028076,4.743287563323975
1781547294272579,143809991,-0.2327912151813507,0.23821960389614105,-0.0709485337138176,0.9402268528938293,4.119625568389893,-2.2970030307769775,8.974974632263184,8.619632720947266,-2.652888059616089,8.450281143188477
1781547294300734,143826658,-0.2356312870979309,0.23802126944065094,-0.0683831050992012,0.9397594928741455,4.081943511962891,-2.060734272003174,8.81423282623291,17.718175888061523,-4.226487159729004,13.772568702697754
1781547294302511,143843325,-0.23961947858333588,0.2370063066482544,-0.06495198607444763,0.9392508864402771,4.162387847900391,-2.154994010925293,8.775435447692871,26.492374420166016,-0.9591609239578247,20.22620391845703
1781547294330675,143859992,-0.2434709519147873,0.23547129333019257,-0.06179572641849518,0.9388593435287476,3.897752523422241,-2.461988925933838,8.866084098815918,25.402942657470703,3.1053402423858643,19.831327438354492
1781547294332513,143876659,-0.24639351665973663,0.2342735230922699,-0.059093378484249115,0.9385704398155212,4.159968376159668,-2.3156075477600098,8.996604919433594,20.44949722290039,2.2484219074249268,14.254068374633789
1781547294360741,143893326,-0.2487417459487915,0.23333530128002167,-0.056826770305633545,0.9383247494697571,3.8539271354675293,-1.990812063217163,9.025099754333496,16.291128158569336,1.6157218217849731,11.071162223815918
1781547294362870,143909993,-0.25095632672309875,0.23273256421089172,-0.05509684979915619,0.937987744808197,4.089681625366211,-2.3247745037078857,9.11902904510498,12.003280639648438,0.2740241289138794,11.094630241394043
1781547294390941,143926660,-0.25323861837387085,0.23203471302986145,-0.05299844592809677,0.9376681447029114,3.9217822551727295,-2.053891658782959,8.879936218261719,14.659645080566406,0.25377732515335083,10.946490287780762
1781547294422724,143943327,-0.2555038630962372,0.23104609549045563,-0.05101853609085083,0.9374075531959534,3.8910515308380127,-2.178168296813965,8.829704284667969,14.396103858947754,2.435047149658203,11.029027938842773
1781547294423219,143959994,-0.25732797384262085,0.22977662086486816,-0.049003686755895615,0.9373281598091125,3.979341983795166,-2.250459671020508,8.943092346191406,14.478020668029785,4.626048564910889,7.910496234893799
1781547294450926,143976661,-0.2586084306240082,0.22827240824699402,-0.04727998003363609,0.9374318718910217,3.9544458389282227,-2.1543636322021484,9.12569522857666,12.220935821533203,7.126565933227539,4.620822429656982
1781547294452529,143993328,-0.25941911339759827,0.22657421231269836,-0.04563865065574646,0.9377011656761169,3.98468017578125,-2.083832263946533,9.070956230163574,11.35188102722168,8.935052871704102,1.4900261163711548
1781547294480482,144009995,-0.2600230574607849,0.22522011399269104,-0.04517596215009689,0.9378823637962341,3.878720283508301,-1.985079288482666,9.034049034118652,2.790907859802246,8.746106147766113,2.0421204566955566
1781547294482514,144026662,-0.2605228126049042,0.2237929105758667,-0.04462239891290665,0.9381118416786194,3.911146402359009,-1.9934443235397339,9.035554885864258,3.361635446548462,9.161927223205566,1.165256381034851
1781547294510409,144043329,-0.2616589069366455,0.22175735235214233,-0.043125808238983154,0.9383490085601807,3.8853743076324463,-1.8242462873458862,8.938559532165527,11.515602111816406,11.212743759155273,3.99196720123291
1781547294512423,144059996,-0.2626813054084778,0.21976524591445923,-0.04218388721346855,0.9385748505592346,3.8399062156677246,-1.874340295791626,9.095595359802246,7.681349277496338,11.946955680847168,4.110911846160889
1781547294540495,144076663,-0.2637624740600586,0.21723118424415588,-0.03958386555314064,0.9389745593070984,3.85115909576416,-1.9029844999313354,9.15099811553955,19.499553680419922,12.695361137390137,1.8276681900024414
1781547294570255,144093330,-0.26501375436782837,0.2148483395576477,-0.036946769803762436,0.9392778873443604,3.5380659103393555,-1.6671165227890015,9.023298263549805,19.692378997802734,11.46133804321289,3.003100633621216
1781547294572907,144109997,-0.2667301893234253,0.21212239563465118,-0.03371557965874672,0.9395332336425781,4.052138328552246,-1.8347052335739136,9.09453296661377,24.828645706176758,12.404297828674316,5.303938388824463
1781547294600849,144126664,-0.26962050795555115,0.2076043039560318,-0.027732759714126587,0.9399130940437317,3.7463126182556152,-1.2217726707458496,8.280725479125977,47.63167953491211,18.846675872802734,9.060879707336426
1781547294602830,144143331,-0.2686939239501953,0.19442827999591827,-0.026787564158439636,0.9430185556411743,3.346327781677246,-1.5840392112731934,8.978206634521484,26.196674346923828,88.7584457397461,-11.818177223205566
1781547294631337,144159998,-0.27088063955307007,0.17967575788497925,-0.02201184630393982,0.9454396963119507,2.990605115890503,-1.3542519807815552,9.147405624389648,57.981689453125,90.41548919677734,4.799009799957275
1781547294634276,144176665,-0.27334219217300415,0.16232793033123016,-0.01545017957687378,0.9479953646659851,3.2847089767456055,-1.3216811418533325,8.934192657470703,74.78534698486328,104.08536529541016,4.518617153167725
1781547294690911,144193332,-0.27600157260894775,0.14144524931907654,-0.007406699005514383,0.9506639242172241,2.0830154418945312,-0.9133150577545166,8.442476272583008,91.32304382324219,124.45260620117188,4.313880443572998
1781547294692465,144209999,-0.27820393443107605,0.12393777072429657,-8.685172360856086e-05,0.9524925947189331,2.7258808612823486,-1.1862850189208984,13.92201042175293,79.69815063476562,102.96563720703125,3.4482455253601074
1781547294694394,144226666,-0.2780808210372925,0.1234942078590393,-0.0008278526365756989,0.9525858759880066,2.293337345123291,-0.7275279760360718,9.791193008422852,-7.716903209686279,5.148199081420898,-1.6059167385101318
1781547294720446,144243333,-0.2781304717063904,0.12299389392137527,-0.0007987392600625753,0.9526360630989075,2.219597339630127,-0.7465542554855347,9.851033210754395,-2.417198896408081,4.0095977783203125,-1.0459330081939697
1781547294722293,144260000,-0.27793633937835693,0.12251433730125427,-0.00045617949217557907,0.9527547955513,2.276252031326294,-0.7735939025878906,9.676494598388672,-0.6087242960929871,3.3326032161712646,-3.039741039276123
1781547294750240,144276667,-0.2776726186275482,0.12073132395744324,0.0006569275865331292,0.9530591368675232,2.1800930500030518,-0.7700608372688293,9.789758682250977,6.872679233551025,10.55495548248291,-4.49539041519165
1781547294752340,144293334,-0.2773640751838684,0.11752858012914658,0.0024887719191610813,0.9535461068153381,2.2895848751068115,-0.6912100315093994,9.587751388549805,14.256346702575684,18.636194229125977,-5.74167537689209
1781547294780250,144310001,-0.27656421065330505,0.11586949229240417,0.0033693041186779737,0.9539788365364075,2.17061710357666,-0.4400322139263153,10.202749252319336,4.680525779724121,10.278286933898926,-8.064702033996582
1781547294782343,144326668,-0.27675455808639526,0.11252164840698242,0.005758162122219801,0.9543129205703735,2.333012819290161,-0.5781802535057068,9.060515403747559,18.575326919555664,18.43004035949707,-2.6229257583618164
1781547294810299,144343335,-0.27791786193847656,0.10519218444824219,0.010613298043608665,0.9547691345214844,2.1673898696899414,-0.30478039383888245,9.629149436950684,43.08308029174805,39.99734878540039,1.4623171091079712
1781547294812621,144360002,-0.2793043255805969,0.09682891517877579,0.016048835590481758,0.9551732540130615,1.9232617616653442,-0.07861152291297913,9.87086296081543,49.03300094604492,45.65473175048828,2.529684543609619
1781547294840472,144376669,-0.280154824256897,0.08977755159139633,0.018998250365257263,0.9555587768554688,1.4494712352752686,-0.211346834897995,9.921207427978516,29.830718994140625,41.741580963134766,0.8447596430778503
1781547294870250,144393336,-0.28262707591056824,0.08636494725942612,0.022387227043509483,0.9550718665122986,2.003397226333618,0.19938981533050537,11.69937515258789,26.82514190673828,16.65934181213379,13.382478713989258
1781547294872430,144410003,-0.2828451097011566,0.084819495677948,0.022664224728941917,0.9551392197608948,1.5962547063827515,-0.4774777591228485,9.60651683807373,1.3366183042526245,10.427669525146484,-0.3610239326953888
1781547294900239,144426670,-0.2834235429763794,0.08376353979110718,0.02264675498008728,0.9550613760948181,1.7293949127197266,0.17764748632907867,10.123785018920898,-1.3127151727676392,7.756891250610352,2.534947156906128
1781547294902153,144443337,-0.28503379225730896,0.08220598101615906,0.02286401391029358,0.9547122120857239,1.7764384746551514,-0.021114611998200417,9.977066040039062,1.8417912721633911,10.597755432128906,9.625112533569336
1781547294930303,144460004,-0.2855904698371887,0.08061467856168747,0.022621270269155502,0.9546872973442078,1.497027039527893,-0.3247406780719757,9.974936485290527,-1.757454752922058,11.739042282104492,2.3290855884552
1781547294932201,144476671,-0.2860243320465088,0.0782458558678627,0.022577432915568352,0.9547556638717651,1.6729685068130493,0.047117847949266434,9.721790313720703,0.9945100545883179,16.483598709106445,1.106783390045166
1781547294960422,144493338,-0.28671929240226746,0.07606293261051178,0.023258265107870102,0.9547072052955627,1.430617094039917,-0.03966726362705231,10.50403118133545,5.5448408126831055,13.816673278808594,2.689060688018799
1781547294962413,144510005,-0.28681060671806335,0.07526127249002457,0.023415936157107353,0.954739511013031,1.5709257125854492,-0.015965688973665237,9.8751802444458,-0.9397684335708618,5.72548246383667,-0.9388719201087952
1781547294990925,144526672,-0.2873656153678894,0.07414285838603973,0.023709191009402275,0.9546529054641724,1.5321568250656128,0.05121006816625595,10.092036247253418,0.8349741101264954,7.550624847412109,2.218533754348755
1781547295020493,144543339,-0.28767722845077515,0.07329557090997696,0.023818321526050568,0.9546216726303101,1.4623876810073853,-0.006106577813625336,10.091161727905273,-1.0416814088821411,6.123414516448975,0.6491859555244446
1781547295022439,144560006,-0.2877267897129059,0.07271208614110947,0.023653430864214897,0.9546554684638977,1.463868498802185,0.014147011563181877,10.112792015075684,-3.5041632652282715,4.923292636871338,-1.017759084701538
1781547295050371,144576673,-0.28767871856689453,0.07249007374048233,0.023509474471211433,0.9546903371810913,1.4542441368103027,0.0069992742501199245,10.082820892333984,-4.129946231842041,2.4934158325195312,-1.6132673025131226
1781547295052659,144593340,-0.28765973448753357,0.07254210114479065,0.023487534373998642,0.9546927213668823,1.4579179286956787,0.03463151678442955,10.102887153625488,-3.850459337234497,0.44153091311454773,-1.3745439052581787
1781547295080158,144610007,-0.2877052128314972,0.07248197495937347,0.023455685004591942,0.9546843767166138,1.511869192123413,0.0245363786816597,9.969786643981934,-3.6591079235076904,1.2018442153930664,-0.9435591697692871
1781547295082143,144626674,-0.2879558205604553,0.07238733023405075,0.023326443508267403,0.9546191692352295,1.4949438571929932,0.05572440102696419,10.051416397094727,-4.117753982543945,1.6259007453918457,0.5585809946060181
1781547295110138,144643341,-0.2882607579231262,0.07191953808069229,0.023139486089348793,0.9545670747756958,1.4878827333450317,-0.00010004127398133278,9.97513198852539,-3.7326157093048096,4.204446315765381,0.8577245473861694
1781547295112713,144660008,-0.2884567379951477,0.07105762511491776,0.022883282974362373,0.9545785188674927,1.4451981782913208,-0.010873201303184032,10.037524223327637,-3.46886944770813,6.942355632781982,-0.012268484570086002
1781547295140793,144676675,-0.28846970200538635,0.07024400681257248,0.022759119048714638,0.9546378254890442,1.404661774635315,-0.03195719048380852,10.077383041381836,-2.794243574142456,6.358027458190918,-1.3650033473968506
1781547295170807,144693342,-0.2882562279701233,0.06958512216806412,0.022931795567274094,0.954746425151825,1.3748178482055664,-0.04896824434399605,10.076210975646973,-1.2686995267868042,4.741698265075684,-3.0688114166259766
1781547295172196,144710009,-0.28779366612434387,0.06880000978708267,0.023360295221209526,0.954932451248169,1.3810820579528809,-0.034565769135951996,9.98419189453125,0.5304967164993286,5.060295104980469,-4.9993438720703125
1781547295200466,144726676,-0.28722378611564636,0.06792685389518738,0.023908624425530434,0.9551529884338379,1.406841516494751,0.06375427544116974,10.079828262329102,1.436456322669983,5.399855613708496,-5.84390926361084
1781547295204361,144743343,-0.28673407435417175,0.06708816438913345,0.024272480979561806,0.9553502798080444,1.3784741163253784,0.09035124629735947,10.089735984802246,0.19888906180858612,5.539880752563477,-5.179593563079834
1781547295230762,144760010,-0.2864171266555786,0.06655231863260269,0.024333465844392776,0.9554812908172607,1.3923521041870117,0.13828685879707336,10.128715515136719,-2.2960891723632812,4.145499229431152,-3.723703145980835
1781547295232223,144776677,-0.2863355875015259,0.06621360033750534,0.024182582274079323,0.9555330276489258,1.3817137479782104,0.10139013081789017,10.098165512084961,-3.955087661743164,3.270825147628784,-1.8918437957763672
1781547295260237,144793344,-0.2863937318325043,0.06617230921983719,0.023764729499816895,0.955528974533081,1.3679593801498413,0.10481512546539307,10.081171989440918,-6.220916748046875,1.8401129245758057,-0.6936048865318298
1781547295262619,144810011,-0.28668197989463806,0.06652316451072693,0.023245250806212425,0.9554308652877808,1.365887999534607,0.08113148808479309,10.127761840820312,-7.540265083312988,-0.5412476658821106,1.1140820980072021
1781547295290505,144826678,-0.2871239185333252,0.06692024320363998,0.022599944844841957,0.955285906791687,1.377747893333435,0.05626758933067322,10.093742370605469,-8.379491806030273,-0.5940611362457275,2.279755115509033
1781547295320319,144843345,-0.28759878873825073,0.06797359883785248,0.021044667810201645,0.9551042318344116,1.341208815574646,0.08476845175027847,10.312976837158203,-15.63015079498291,-3.1199495792388916,3.0896942615509033
1781547295323806,144860012,-0.28865423798561096,0.06770425289869308,0.019972961395978928,0.9548279643058777,1.3917157649993896,0.1744304746389389,9.436080932617188,-9.554054260253906,4.649097919464111,6.6716694831848145
1781547295350268,144876679,-0.29001760482788086,0.06535062938928604,0.02042991667985916,0.9545690417289734,0.11258120089769363,0.7495927214622498,12.448152542114258,4.758197784423828,15.349339485168457,7.660810470581055
1781547295352648,144893346,-0.29245123267173767,0.06286566704511642,0.0215351153165102,0.9539689421653748,2.5159995555877686,-0.8178638815879822,6.61312198638916,9.798584938049316,14.905214309692383,15.055805206298828
1781547295380234,144910013,-0.29391396045684814,0.060678936541080475,0.020254742354154587,0.9536889791488647,1.2568485736846924,0.5477388501167297,11.810559272766113,-6.908626556396484,17.752323150634766,9.117731094360352
1781547295382023,144926680,-0.2968542277812958,0.06117786839604378,0.01854952983558178,0.9527807831764221,1.3726569414138794,-0.4558820426464081,10.000361442565918,-14.420496940612793,0.9434395432472229,20.627140045166016
1781547295410688,144943347,-0.2975934147834778,0.06236277520656586,0.016286607831716537,0.9525147080421448,1.1841509342193604,-0.15875081717967987,10.083382606506348,-20.478113174438477,-2.4213130474090576,5.219151973724365
1781547295413333,144960014,-0.29834771156311035,0.06327920407056808,0.013582332991063595,0.9522606730461121,1.1528297662734985,-0.062096789479255676,10.21538257598877,-22.812366485595703,0.2462857961654663,5.452320098876953
1781547295440507,144976681,-0.2989700436592102,0.0646890178322792,0.011008530855178833,0.9520038366317749,1.1966608762741089,-0.17021003365516663,10.021937370300293,-23.027090072631836,-3.2659711837768555,4.583113193511963
1781547295470742,144993348,-0.299105703830719,0.06669735908508301,0.008083215914666653,0.9518519639968872,1.1754257678985596,-0.3855593502521515,10.337257385253906,-26.78190803527832,-6.451548099517822,1.3833389282226562
1781547295472863,145010015,-0.29888904094696045,0.0692528635263443,0.004911532625555992,0.9517592191696167,1.3408664464950562,-0.26759016513824463,10.026958465576172,-29.68223762512207,-9.519261360168457,-0.9002766609191895
1781547295500552,145026682,-0.29873913526535034,0.07050789147615433,0.0022307292092591524,0.9517242908477783,1.3384771347045898,-0.18302522599697113,9.679767608642578,-23.767452239990234,-1.9881129264831543,-0.8598583936691284
1781547295503603,145043349,-0.3002464175224304,0.06675942987203598,0.00010905132512561977,0.9515227675437927,1.299559473991394,-0.14466366171836853,9.044981956481934,-9.026407241821289,29.548816680908203,9.977276802062988
1781547295530515,145060016,-0.30151498317718506,0.05765900760889053,0.0006414638482965529,0.951716423034668,1.2057403326034546,-0.4244902729988098,9.175636291503906,19.27412223815918,59.26613235473633,6.376734256744385
1781547295532565,145076683,-0.3039136528968811,0.044646769762039185,0.0028624041005969048,0.9516487121582031,1.011704921722412,-0.6820574402809143,9.71420955657959,38.88321304321289,81.26651763916016,13.625205993652344
1781547295560370,145093350,-0.3026851713657379,0.030831225216388702,0.003430889220908284,0.952585756778717,0.17178994417190552,-0.6374521255493164,10.493509292602539,28.61958122253418,90.21372985839844,-11.718326568603516
1781547295562733,145110017,-0.30030080676078796,0.01712626963853836,0.0029082419350743294,0.9536864757537842,0.15617142617702484,0.42640694975852966,9.51934814453125,20.997905731201172,91.76332092285156,-19.397846221923828
1781547295590764,145126684,-0.3005990982055664,-0.003175140358507633,0.006405692081898451,0.9537239074707031,0.2798886001110077,0.08292505145072937,8.678362846374512,61.314876556396484,126.64811706542969,-0.22033581137657166
1781547295620608,145143351,-0.3008851110935211,-0.008731355890631676,0.00743086589500308,0.9535917043685913,0.11488212645053864,-0.15576356649398804,14.050883293151855,14.633105278015137,35.066253662109375,0.6450527310371399
1781547295622282,145160018,-0.2999792993068695,-0.00914214737713337,0.007518760859966278,0.9538725018501282,-0.2701271176338196,0.11455381661653519,10.24580192565918,-2.102739095687866,3.186150550842285,-7.818572998046875
1781547295650470,145176685,-0.29894834756851196,-0.009436995722353458,0.007655938155949116,0.954192042350769,-0.14560437202453613,0.2213829904794693,10.10727310180664,-2.0112507343292236,2.314370632171631,-8.709101676940918
1781547295652580,145193352,-0.29852771759033203,-0.009592372924089432,0.007815892808139324,0.9543208479881287,0.004020504653453827,0.22871577739715576,10.27653694152832,-2.177617311477661,1.3972049951553345,-4.304175853729248
1781547295680557,145210019,-0.2985245883464813,-0.009633621200919151,0.007826133631169796,0.9543213248252869,-0.149183452129364,0.16349859535694122,10.17932415008545,-3.4144294261932373,0.9877987504005432,-1.3055179119110107
1781547295682318,145226686,-0.2985202968120575,-0.00965381320565939,0.007849025540053844,0.9543222784996033,-0.17140616476535797,0.1853518784046173,10.17078971862793,-3.3738582134246826,0.823813259601593,-1.3117672204971313
1781547295710385,145243353,-0.2985351085662842,-0.009668523445725441,0.007885335944592953,0.9543170928955078,-0.17089009284973145,0.18156884610652924,10.173410415649414,-3.2968926429748535,0.7615745067596436,-1.1725494861602783
1781547295711835,145260020,-0.29859209060668945,-0.009689126163721085,0.007972954772412777,0.9542986154556274,-0.15158382058143616,0.17345738410949707,10.168156623840332,-2.9496099948883057,0.6982470750808716,-0.865376353263855
1781547295740686,145276687,-0.3012182414531708,-0.010095049627125263,0.010206102393567562,0.9534473419189453,-0.03058641590178013,0.1686653196811676,10.074902534484863,11.793789863586426,-0.9814801812171936,17.822887420654297
1781547295770251,145293354,-0.3032052218914032,-0.011722339317202568,0.011563875712454319,0.9527832865715027,-0.15900079905986786,0.10489755868911743,10.301997184753418,8.616997718811035,8.781290054321289,13.09781551361084
1781547295772791,145310021,-0.3045002520084381,-0.01220049150288105,0.01304943859577179,0.9523448944091797,0.39390161633491516,-0.3619347810745239,10.199273109436035,7.098056793212891,0.9145722389221191,8.197315216064453
1781547295802574,145326688,-0.3050554394721985,-0.014455429278314114,0.017416181042790413,0.9520658254623413,-0.5195484161376953,0.6289346218109131,10.233926773071289,29.735628128051758,6.441108703613281,3.1013686656951904
1781547295803700,145343355,-0.3063198924064636,-0.01642763800919056,0.01925489492714405,0.9515923261642456,-0.605199933052063,0.8488819599151611,10.018141746520996,12.546259880065918,9.994681358337402,7.934700965881348
1781547295830738,145360022,-0.3075859248638153,-0.010494849644601345,0.007367624435573816,0.9514340162277222,-0.160694420337677,0.4920198321342468,9.417306900024414,-93.95177459716797,-12.854435920715332,6.777393817901611
1781547295832142,145376689,-0.30707645416259766,-0.011492747813463211,0.009518817067146301,0.9515679478645325,-0.18389472365379333,0.03339063376188278,10.922330856323242,12.652022361755371,2.683950185775757,-4.793726921081543
1781547295861040,145393356,-0.3070252537727356,-0.011566550470888615,0.00980796292424202,0.9515807032585144,-0.16382846236228943,0.29525163769721985,10.217899322509766,-1.5074868202209473,0.6091660857200623,-1.6263041496276855
1781547295863645,145410023,-0.3070158064365387,-0.011571853421628475,0.009851556271314621,0.9515833258628845,-0.1784871369600296,0.2410334050655365,10.169228553771973,-3.2607786655426025,0.6831355094909668,-1.3463060855865479
1781547295890687,145426690,-0.3070237934589386,-0.011568877846002579,0.009852835908532143,0.9515806436538696,-0.17338627576828003,0.22913701832294464,10.167760848999023,-3.5554018020629883,0.719979465007782,-1.2240055799484253
1781547295921888,145443357,-0.3070278465747833,-0.011574484407901764,0.0098704369738698,0.9515790939331055,-0.1769929677248001,0.22320441901683807,10.164624214172363,-3.4296560287475586,0.7415453195571899,-1.2515902519226074
1781547295922766,145460024,-0.30702510476112366,-0.011584672145545483,0.00989497546106577,0.9515796303749084,-0.18637648224830627,0.23034441471099854,10.168123245239258,-3.3733208179473877,0.7563238143920898,-1.3002543449401855
1781547295950916,145476691,-0.3070254325866699,-0.011588525958359241,0.009905355051159859,0.9515793323516846,-0.1725609302520752,0.2350519597530365,10.186010360717773,-3.478691577911377,0.7452591061592102,-1.2785732746124268
1781547295952494,145493358,-0.30701953172683716,-0.011592398397624493,0.009927571751177311,0.9515809416770935,-0.1844574213027954,0.23425158858299255,10.193199157714844,-3.400073289871216,0.7198706269264221,-1.322166085243225
1781547295980777,145510025,-0.30701661109924316,-0.011611027643084526,0.009939553216099739,0.951581597328186,-0.17592886090278625,0.2326349914073944,10.19617748260498,-3.435546875,0.8384637832641602,-1.3029052019119263
1781547295982234,145526692,-0.30701974034309387,-0.011622830294072628,0.009940655902028084,0.9515804052352905,-0.17507441341876984,0.23917074501514435,10.17717456817627,-3.5206198692321777,0.817448616027832,-1.2605419158935547
1781547296010238,145543359,-0.3070237636566162,-0.011623325757682323,0.009936467744410038,0.9515791535377502,-0.17293578386306763,0.22824349999427795,10.181418418884277,-3.578709363937378,0.7550176382064819,-1.253844141960144
1781547296013604,145560026,-0.307027131319046,-0.011642173863947392,0.00994324404746294,0.9515777826309204,-0.17506800591945648,0.23088832199573517,10.178335189819336,-3.467357873916626,0.852051317691803,-1.2582112550735474
1781547296040670,145576693,-0.30703258514404297,-0.011647925712168217,0.00996602326631546,0.9515756964683533,-0.18524609506130219,0.25024399161338806,10.153613090515137,-3.3895974159240723,0.7328241467475891,-1.2404998540878296
1781547296071002,145593360,-0.3070374131202698,-0.011665917932987213,0.00998441968113184,0.9515737295150757,-0.1690823882818222,0.247696191072464,10.16219711303711,-3.391838788986206,0.8224046230316162,-1.2459555864334106
1781547296072109,145610027,-0.30704590678215027,-0.011673307046294212,0.010007333941757679,0.9515706896781921,-0.16693221032619476,0.24648839235305786,10.180288314819336,-3.384474992752075,0.7440297603607178,-1.2191646099090576
1781547296100990,145626694,-0.3070482611656189,-0.011675963178277016,0.010012881830334663,0.9515698552131653,-0.18079225718975067,0.22256715595722198,10.164813041687012,-3.5071728229522705,0.7495492696762085,-1.2645245790481567
1781547296104082,145643361,-0.30705371499061584,-0.011672263033688068,0.010012494400143623,0.9515680074691772,-0.18675246834754944,0.21699772775173187,10.204710006713867,-3.5586931705474854,0.7206582427024841,-1.2423313856124878
1781547296130472,145660028,-0.307058185338974,-0.011665715835988522,0.010021796450018883,0.9515665173530579,-0.17102470993995667,0.23022133111953735,10.170084953308105,-3.500487804412842,0.681585967540741,-1.2487599849700928
1781547296132137,145676695,-0.3070538341999054,-0.011680519208312035,0.010021686553955078,0.9515678286552429,-0.16477259993553162,0.22808238863945007,10.191431045532227,-3.5155997276306152,0.8404873013496399,-1.3158013820648193
1781547296160508,145693362,-0.3070566654205322,-0.01170410867780447,0.010031240992248058,0.9515665173530579,-0.18028521537780762,0.22538435459136963,10.17146110534668,-3.4337024688720703,0.8784194588661194,-1.2626547813415527
1781547296163319,145710029,-0.3070599436759949,-0.011706296354532242,0.010047494433820248,0.9515652060508728,-0.18407006561756134,0.24584662914276123,10.175060272216797,-3.434330463409424,0.7245768904685974,-1.2570714950561523
1781547296190794,145726696,-0.30706408619880676,-0.011713376268744469,0.010073102079331875,0.9515635967254639,-0.17477327585220337,0.23567327857017517,10.172492980957031,-3.3621280193328857,0.7369734644889832,-1.2498358488082886
1781547296220491,145743363,-0.30706000328063965,-0.0117166293784976,0.010080048814415932,0.9515647888183594,-0.1660982072353363,0.23380452394485474,10.161656379699707,-3.4914205074310303,0.7507787346839905,-1.3107556104660034
1781547296222762,145760030,-0.3070594370365143,-0.011722343973815441,0.010083138942718506,0.9515648484230042,-0.17831330001354218,0.22899603843688965,10.182672500610352,-3.5109381675720215,0.7755719423294067,-1.28565514087677
1781547296251376,145776697,-0.30706459283828735,-0.011724799871444702,0.010084737092256546,0.9515631198883057,-0.18140913546085358,0.2289956659078598,10.170580863952637,-3.527266025543213,0.7581936120986938,-1.2450973987579346
1781547296252248,145793364,-0.30706486105918884,-0.011724215000867844,0.010083041153848171,0.9515630602836609,-0.17334970831871033,0.22972944378852844,10.181297302246094,-3.553966999053955,0.744670033454895,-1.280353307723999
1781547296280734,145810031,-0.30707183480262756,-0.011735108681023121,0.010092707350850105,0.9515605568885803,-0.17924970388412476,0.23894758522510529,10.178563117980957,-3.455152988433838,0.7965997457504272,-1.2315738201141357
1781547296281752,145826698,-0.30707287788391113,-0.011741740629076958,0.010111844167113304,0.9515599608421326,-0.16015976667404175,0.2513364255428314,10.175887107849121,-3.4011363983154297,0.7483582496643066,-1.2728872299194336
1781547296310271,145843365,-0.30707380175590515,-0.01174947526305914,0.010125679895281792,0.9515594244003296,-0.16843225061893463,0.23796634376049042,10.173896789550781,-3.4329211711883545,0.7670042514801025,-1.2740907669067383
1781547296312215,145860032,-0.3070804476737976,-0.011751563288271427,0.01012628898024559,0.9515572190284729,-0.16974768042564392,0.2361912727355957,10.192743301391602,-3.5312745571136475,0.7587315440177917,-1.2337639331817627
1781547296341103,145876699,-0.3070802092552185,-0.011759444139897823,0.01012775581330061,0.9515572190284729,-0.18678390979766846,0.22184839844703674,10.190849304199219,-3.5123465061187744,0.7943715453147888,-1.2841440439224243
1781547296370476,145893366,-0.3070816695690155,-0.011763036251068115,0.010123941116034985,0.9515567421913147,-0.18058331310749054,0.21638737618923187,10.187162399291992,-3.555555582046509,0.7778385877609253,-1.2717090845108032
1781547296373148,145910033,-0.3070821464061737,-0.011772187426686287,0.010132689028978348,0.9515564441680908,-0.1893870085477829,0.22373314201831818,10.183724403381348,-3.4607369899749756,0.7875969409942627,-1.2791495323181152
1781547296402282,145926700,-0.3070847988128662,-0.01178665366023779,0.010139764286577702,0.9515553712844849,-0.181221604347229,0.23550109565258026,10.175323486328125,-3.459904193878174,0.8262336254119873,-1.2629365921020508
1781547296403058,145943367,-0.3070834279060364,-0.011790516786277294,0.01015123538672924,0.9515554904937744,-0.16648352146148682,0.22961506247520447,10.174776077270508,-3.45259165763855,0.7472312450408936,-1.2905471324920654
1781547296430424,145960034,-0.3070797026157379,-0.01178846787661314,0.010165571235120296,0.9515565037727356,-0.18551471829414368,0.23709435760974884,10.204245567321777,-3.445535898208618,0.7025371789932251,-1.3066575527191162
1781547296432167,145976701,-0.3070727288722992,-0.011800304986536503,0.010176526382565498,0.9515585899353027,-0.18401820957660675,0.23112986981868744,10.170373916625977,-3.437634229660034,0.8004288673400879,-1.3327186107635498
1781547296460495,145993368,-0.3070729374885559,-0.011804965324699879,0.01018957793712616,0.9515583515167236,-0.1761619597673416,0.24552126228809357,10.198144912719727,-3.4387741088867188,0.7497541308403015,-1.279354453086853
1781547296462595,146010035,-0.3070736527442932,-0.011813820339739323,0.010193229652941227,0.9515579342842102,-0.18417556583881378,0.2325211763381958,10.1638822555542,-3.490934371948242,0.7972017526626587,-1.2761143445968628
1781547296490517,146026702,-0.307081401348114,-0.011815227568149567,0.01020300667732954,0.9515553116798401,-0.18745368719100952,0.21677416563034058,10.158327102661133,-3.4665894508361816,0.7364612221717834,-1.2248634099960327
1781547296520318,146043369,-0.3070871829986572,-0.01181354746222496,0.01020063366740942,0.9515535235404968,-0.17663389444351196,0.2168249636888504,10.163837432861328,-3.551457643508911,0.7416606545448303,-1.2409611940383911
1781547296522282,146060036,-0.3070855736732483,-0.011823054403066635,0.010207882151007652,0.9515538215637207,-0.17863237857818604,0.23088359832763672,10.187334060668945,-3.4638874530792236,0.7940897941589355,-1.2930186986923218
1781547296550277,146076703,-0.30708110332489014,-0.011829731054604053,0.010229924693703651,0.9515549540519714,-0.18935467302799225,0.23865121603012085,10.183119773864746,-3.372117042541504,0.7440681457519531,-1.3126894235610962
1781547296553518,146093370,-0.3070808947086334,-0.011834363453090191,0.01024474948644638,0.9515548348426819,-0.17952853441238403,0.23896417021751404,10.15653133392334,-3.4235730171203613,0.746539831161499,-1.2821077108383179
1781547296581004,146110037,-0.30707934498786926,-0.011849409900605679,0.010253850370645523,0.951555073261261,-0.16666580736637115,0.22219215333461761,10.181055068969727,-3.438223361968994,0.8268997073173523,-1.2930573225021362
1781547296582082,146126704,-0.30708879232406616,-0.011846041306853294,0.010254887863993645,0.9515519738197327,-0.18638508021831512,0.2458002269268036,10.171112060546875,-3.529852867126465,0.7246025800704956,-1.2128381729125977
1781547296610448,146143371,-0.30708393454551697,-0.011856244876980782,0.010255249217152596,0.9515534043312073,-0.1723221391439438,0.241668701171875,10.180146217346191,-3.5042145252227783,0.8133506178855896,-1.318605899810791
1781547296612132,146160038,-0.3070882558822632,-0.011857657693326473,0.010260543785989285,0.9515519142150879,-0.18251734972000122,0.24046313762664795,10.17938232421875,-3.4905755519866943,0.7466293573379517,-1.250270962715149
1781547296640694,146176705,-0.30708372592926025,-0.011861718259751797,0.010269093327224255,0.9515534043312073,-0.18455654382705688,0.2259800285100937,10.179227828979492,-3.4625682830810547,0.7562341690063477,-1.3137779235839844
1781547296670482,146193372,-0.30707797408103943,-0.011868610046803951,0.010272604413330555,0.9515551328659058,-0.18066512048244476,0.24577924609184265,10.164628028869629,-3.4889111518859863,0.785432755947113,-1.3232675790786743
1781547296672145,146210039,-0.3070777356624603,-0.0118737006559968,0.010289779864251614,0.9515548348426819,-0.181831493973732,0.23391084372997284,10.169357299804688,-3.403057336807251,0.7453744411468506,-1.2823126316070557
1781547296700315,146226706,-0.30708134174346924,-0.011868258006870747,0.010293491184711456,0.9515537023544312,-0.19049040973186493,0.23006467521190643,10.180780410766602,-3.5133321285247803,0.7053800821304321,-1.2553167343139648
1781547296702075,146243373,-0.3070833683013916,-0.011872143484652042,0.010294058360159397,0.9515529870986938,-0.18236562609672546,0.2269442081451416,10.172226905822754,-3.5133326053619385,0.7729337215423584,-1.267867088317871
1781547296730276,146260040,-0.30708789825439453,-0.01188586838543415,0.010295105166733265,0.9515513181686401,-0.18868719041347504,0.23638679087162018,10.173648834228516,-3.48884654045105,0.836696445941925,-1.2501558065414429
1781547296731686,146276707,-0.307088702917099,-0.011893096379935741,0.010292990133166313,0.951551079750061,-0.1871059536933899,0.22794866561889648,10.177865028381348,-3.522540330886841,0.8006594181060791,-1.2765114307403564
1781547296760307,146293374,-0.30708780884742737,-0.011904319748282433,0.010276592336595058,0.9515513777732849,-0.18889887630939484,0.22782403230667114,10.178542137145996,-3.6068193912506104,0.8567640781402588,-1.2905216217041016
1781547296762296,146310041,-0.30708640813827515,-0.011912483721971512,0.010288001969456673,0.951551616191864,-0.17265120148658752,0.22766602039337158,10.190163612365723,-3.4307055473327637,0.778132975101471,-1.2902525663375854
1781547296790523,146326708,-0.30708789825439453,-0.011916606687009335,0.010293497703969479,0.9515509605407715,-0.19038373231887817,0.23834699392318726,10.174139022827148,-3.4776411056518555,0.7646223306655884,-1.2704025506973267
1781547296820335,146343375,-0.30708447098731995,-0.011918014846742153,0.010299984365701675,0.9515520930290222,-0.1832786649465561,0.23341503739356995,10.158348083496094,-3.4759888648986816,0.7442986369132996,-1.306004285812378
1781547296822064,146360042,-0.3070909082889557,-0.011912740767002106,0.01029790285974741,0.9515501260757446,-0.1669500172138214,0.2307761162519455,10.182145118713379,-3.546334981918335,0.7196593880653381,-1.2356337308883667
1781547296850281,146376709,-0.3070853352546692,-0.011924758553504944,0.010292977094650269,0.9515516757965088,-0.16965612769126892,0.22119370102882385,10.17087173461914,-3.52724027633667,0.8380411863327026,-1.3230111598968506
1781547296852739,146393376,-0.30708232522010803,-0.011930154636502266,0.010294931940734386,0.9515526294708252,-0.17948783934116364,0.22934193909168243,10.184165954589844,-3.495659828186035,0.7805535197257996,-1.3039809465408325
1781547296880339,146410043,-0.30707746744155884,-0.011936486698687077,0.010293119587004185,0.9515541195869446,-0.17691385746002197,0.23278602957725525,10.152899742126465,-3.517648458480835,0.7945892214775085,-1.3180679082870483
1781547296882919,146426710,-0.30707576870918274,-0.011954223737120628,0.010305564850568771,0.9515542984008789,-0.18018263578414917,0.22038891911506653,10.166960716247559,-3.3998427391052246,0.8395267128944397,-1.2936079502105713
1781547296911127,146443377,-0.307081013917923,-0.011959675699472427,0.010318723507225513,0.9515524506568909,-0.1729353815317154,0.2408246099948883,10.163804054260254,-3.4210245609283447,0.7586674094200134,-1.2420750856399536
1781547296912046,146460044,-0.30708080530166626,-0.011970087885856628,0.010323052294552326,0.9515523314476013,-0.18126679956912994,0.23649048805236816,10.183384895324707,-3.467332363128662,0.8092140555381775,-1.285104513168335
1781547296940701,146476711,-0.30709221959114075,-0.011972918175160885,0.010333322919905186,0.9515485167503357,-0.17564314603805542,0.23343263566493988,10.175516128540039,-3.4447548389434814,0.7482430338859558,-1.1993019580841064
1781547296970455,146493378,-0.3070899546146393,-0.011969543062150478,0.010332537814974785,0.951549232006073,-0.1735714077949524,0.2245713323354721,10.18945026397705,-3.528918504714966,0.7298532128334045,-1.2979750633239746
1781547296972159,146510045,-0.3070845305919647,-0.011973024345934391,0.010342072695493698,0.9515508413314819,-0.17194205522537231,0.22770802676677704,10.164600372314453,-3.446009874343872,0.7526483535766602,-1.3202706575393677
1781547297000329,146526712,-0.3070773482322693,-0.011972980573773384,0.010340920649468899,0.9515531659126282,-0.19057691097259521,0.23257938027381897,10.167532920837402,-3.5229244232177734,0.752251386642456,-1.333217978477478
1781547297002670,146543379,-0.3070809543132782,-0.011973490938544273,0.010347860865294933,0.9515519142150879,-0.17932157218456268,0.23961986601352692,10.171065330505371,-3.4689199924468994,0.739957332611084,-1.2550606727600098
1781547297030267,146560046,-0.3070879578590393,-0.011986780911684036,0.01034248061478138,0.9515495300292969,-0.16977089643478394,0.23305751383304596,10.190864562988281,-3.5223357677459717,0.85019451379776,-1.232560157775879
1781547297032080,146576713,-0.3070920705795288,-0.01199805736541748,0.010344930924475193,0.951548159122467,-0.17211458086967468,0.23527956008911133,10.168252944946289,-3.474478244781494,0.8200738430023193,-1.2527940273284912
1781547297060464,146593380,-0.30708757042884827,-0.012007800862193108,0.010352754034101963,0.9515493512153625,-0.18722185492515564,0.2325531393289566,10.176204681396484,-3.4418349266052246,0.7983415126800537,-1.3137521743774414
1781547297062769,146610047,-0.3070871829986572,-0.012013765051960945,0.010361775755882263,0.951549232006073,-0.18473196029663086,0.22895848751068115,10.157268524169922,-3.441603899002075,0.771396815776825,-1.2838877439498901
1781547297090516,146626714,-0.30708324909210205,-0.0120241679251194,0.01036975346505642,0.9515503644943237,-0.17434322834014893,0.23036642372608185,10.1965970993042,-3.4384026527404785,0.8023242950439453,-1.3098719120025635
1781547297120478,146643381,-0.3070864677429199,-0.012022826820611954,0.01038153562694788,0.951549232006073,-0.17977413535118103,0.2287634164094925,10.155887603759766,-3.438171625137329,0.7185450196266174,-1.2566487789154053
1781547297122409,146660048,-0.3070811927318573,-0.012020139023661613,0.010386877693235874,0.9515509009361267,-0.16739912331104279,0.2285536378622055,10.181367874145508,-3.482187509536743,0.7224254608154297,-1.3195022344589233
1781547297150909,146676715,-0.3070811331272125,-0.012026635929942131,0.010380776599049568,0.9515508413314819,-0.17896732687950134,0.22493872046470642,10.169340133666992,-3.5372934341430664,0.8074340224266052,-1.2836190462112427
1781547297152239,146693382,-0.307078093290329,-0.012033619917929173,0.01037499401718378,0.9515517354011536,-0.17305611073970795,0.22484353184700012,10.161396980285645,-3.533592700958252,0.8097648024559021,-1.3050698041915894
1781547297181633,146710049,-0.30708298087120056,-0.012047289870679379,0.010375404730439186,0.9515500664710999,-0.18604841828346252,0.2327721267938614,10.166422843933105,-3.478666067123413,0.8413964509963989,-1.2468904256820679
1781547297182771,146726716,-0.30708369612693787,-0.012044721283018589,0.010366794653236866,0.9515498876571655,-0.17809991538524628,0.23788000643253326,10.178621292114258,-3.571371555328369,0.7537882924079895,-1.27720308303833
1781547297210168,146743383,-0.3070759177207947,-0.012047706171870232,0.010379568673670292,0.9515522718429565,-0.1720779538154602,0.2279234677553177,10.156211853027344,-3.4188218116760254,0.7442858219146729,-1.3355870246887207
1781547297212036,146760050,-0.3070754110813141,-0.012048964388668537,0.010385475121438503,0.9515524506568909,-0.1793432980775833,0.22969555854797363,10.187503814697266,-3.4673194885253906,0.7485376000404358,-1.2846819162368774
1781547297240728,146776717,-0.30708542466163635,-0.012048563919961452,0.010391020216047764,0.9515491127967834,-0.17160972952842712,0.24615466594696045,10.17219352722168,-3.473607301712036,0.7395475506782532,-1.209047555923462
1781547297270158,146793384,-0.3070911467075348,-0.012052041478455067,0.010388456284999847,0.9515472054481506,-0.16943085193634033,0.23479513823986053,10.168352127075195,-3.5175976753234863,0.7817957401275635,-1.2408970594406128
1781547297271951,146810051,-0.30709588527679443,-0.01204278226941824,0.010390452109277248,0.9515458941459656,-0.16337130963802338,0.21823731064796448,10.191489219665527,-3.5141522884368896,0.6889111995697021,-1.2468262910842896
1781547297300482,146826718,-0.3070976734161377,-0.012046954594552517,0.010385492816567421,0.9515452980995178,-0.1616690307855606,0.23304499685764313,10.18893814086914,-3.5306472778320312,0.7914518117904663,-1.2702107429504395
1781547297302617,146843385,-0.3071008026599884,-0.012046724557876587,0.010385465808212757,0.9515442848205566,-0.1641559600830078,0.23269391059875488,10.173584938049316,-3.5071473121643066,0.7523666620254517,-1.2590818405151367
1781547297330820,146860052,-0.3070971369743347,-0.012045224197208881,0.010397447273135185,0.9515452980995178,-0.18621720373630524,0.22452713549137115,10.161188125610352,-3.430590867996216,0.7183402180671692,-1.3062478303909302
1781547297332527,146876719,-0.30710548162460327,-0.012051842175424099,0.0104134576395154,0.951542317867279,-0.17523077130317688,0.24132615327835083,10.188684463500977,-3.387228488922119,0.7642253637313843,-1.2191262245178223
1781547297360974,146893386,-0.3071008622646332,-0.012058324180543423,0.010410473681986332,0.9515438079833984,-0.17832598090171814,0.24076814949512482,10.201066970825195,-3.5106821060180664,0.8023627400398254,-1.3155838251113892
1781547297364085,146910053,-0.3071041405200958,-0.01206632237881422,0.010397886857390404,0.9515427350997925,-0.177045539021492,0.241413414478302,10.174484252929688,-3.570359706878662,0.833302915096283,-1.2602345943450928
1781547297390742,146926720,-0.30711430311203003,-0.012059519998729229,0.010395508259534836,0.9515395164489746,-0.16694310307502747,0.22857443988323212,10.17764663696289,-3.5346803665161133,0.7157660722732544,-1.2087016105651855
1781547297420354,146943387,-0.3071112632751465,-0.012069475837051868,0.010391141287982464,0.9515405297279358,-0.17655903100967407,0.22504156827926636,10.16510009765625,-3.511091947555542,0.8283981084823608,-1.3043653964996338
1781547297422747,146960054,-0.3071158528327942,-0.012081884779036045,0.010394378565251827,0.9515387415885925,-0.18339988589286804,0.22727587819099426,10.175240516662598,-3.4565110206604004,0.829499363899231,-1.2487727403640747
1781547297450318,146976721,-0.3071206510066986,-0.0120768453925848,0.010407624766230583,0.9515371918678284,-0.17282411456108093,0.23278789222240448,10.179773330688477,-3.4271843433380127,0.6943027377128601,-1.246006727218628
1781547297452662,146993388,-0.3071175217628479,-0.01207774505019188,0.01041432749480009,0.9515380263328552,-0.1778152734041214,0.2506520748138428,10.177583694458008,-3.456651449203491,0.7462964057922363,-1.3040064573287964
1781547297480338,147010055,-0.3071190416812897,-0.01208151038736105,0.01043000165373087,0.9515374302864075,-0.1666816622018814,0.24722957611083984,10.170703887939453,-3.3916847705841064,0.7465013265609741,-1.2701336145401
1781547297482665,147026722,-0.30711281299591064,-0.012087743729352951,0.0104330750182271,0.9515393376350403,-0.16373984515666962,0.24413928389549255,10.1663179397583,-3.4682414531707764,0.7888903617858887,-1.3269684314727783
1781547297510306,147043389,-0.3071148991584778,-0.012091158889234066,0.010435228236019611,0.9515385627746582,-0.1753322333097458,0.23372365534305573,10.187583923339844,-3.4803946018218994,0.7733435034751892,-1.2669835090637207
1781547297512705,147060056,-0.3071119487285614,-0.012098335660994053,0.010431372560560703,0.9515394568443298,-0.18132902681827545,0.24511641263961792,10.173641204833984,-3.510951042175293,0.8102771043777466,-1.3033151626586914
1781547297540853,147076723,-0.30710941553115845,-0.012105804868042469,0.01043342798948288,0.9515401124954224,-0.17810334265232086,0.23474937677383423,10.164397239685059,-3.4715967178344727,0.8000319004058838,-1.29970383644104
1781547297570436,147093390,-0.307108074426651,-0.012119026854634285,0.010437236167490482,0.9515404105186462,-0.17457756400108337,0.21603219211101532,10.171168327331543,-3.4475207328796387,0.8339046835899353,-1.2923271656036377
1781547297573070,147110057,-0.3071047067642212,-0.01212073303759098,0.010447905398905277,0.9515413641929626,-0.17024484276771545,0.2397380918264389,10.167328834533691,-3.4262747764587402,0.7442986369132996,-1.305146336555481
1781547297600476,147126724,-0.3071018159389496,-0.012122726067900658,0.01045462116599083,0.9515421986579895,-0.18172121047973633,0.2315942943096161,10.185014724731445,-3.451465129852295,0.7545438408851624,-1.3017910718917847
1781547297603406,147143391,-0.30710071325302124,-0.012120947241783142,0.010464245453476906,0.9515424966812134,-0.17043708264827728,0.24497970938682556,10.18869686126709,-3.4400417804718018,0.7241799235343933,-1.2889208793640137
1781547297630466,147160058,-0.3071001172065735,-0.012122162617743015,0.010464191436767578,0.9515426158905029,-0.18276745080947876,0.22915729880332947,10.162089347839355,-3.4967737197875977,0.7643789052963257,-1.2861416339874268
1781547297633553,147176725,-0.3070976734161377,-0.012121924199163914,0.010457177646458149,0.9515435099601746,-0.1813591569662094,0.22592352330684662,10.1681547164917,-3.5445549488067627,0.7692967653274536,-1.300421118736267
1781547297660968,147193392,-0.30709806084632874,-0.012122134678065777,0.010457308031618595,0.951543390750885,-0.17872263491153717,0.22678351402282715,10.170914649963379,-3.496774196624756,0.7575788497924805,-1.2790470123291016
1781547297662190,147210059,-0.30709126591682434,-0.012131856754422188,0.01046040654182434,0.9515454173088074,-0.18313898146152496,0.22749696671962738,10.189129829406738,-3.456472158432007,0.8130558729171753,-1.330771803855896
1781547297690691,147226726,-0.30709108710289,-0.012140026316046715,0.010466469451785088,0.951545238494873,-0.19076722860336304,0.23325935006141663,10.167840957641602,-3.4402852058410645,0.7974066138267517,-1.2825175523757935
1781547297720222,147243393,-0.30709999799728394,-0.012149146758019924,0.010467356070876122,0.951542317867279,-0.18333646655082703,0.24513128399848938,10.166587829589844,-3.472339391708374,0.8154635429382324,-1.217307448387146
1781547297722532,147260060,-0.3071064352989197,-0.012153103947639465,0.010463847778737545,0.9515402913093567,-0.17982769012451172,0.2399166077375412,10.153626441955566,-3.5116422176361084,0.7907216548919678,-1.2361842393875122
1781547297750183,147276727,-0.3071209490299225,-0.012161452323198318,0.01045903842896223,0.9515354633331299,-0.1771184802055359,0.24824824929237366,10.16635513305664,-3.5110018253326416,0.8229936957359314,-1.1774669885635376
1781547297752409,147293394,-0.30711832642555237,-0.012173901312053204,0.010459354147315025,0.9515361785888672,-0.1829027682542801,0.23685047030448914,10.154257774353027,-3.467473268508911,0.8375033736228943,-1.3017014265060425
1781547297780205,147310061,-0.30711889266967773,-0.012179486453533173,0.010470062494277954,0.9515357613563538,-0.17700040340423584,0.2281496822834015,10.170042991638184,-3.413865327835083,0.7710639238357544,-1.2771515846252441
1781547297782760,147326728,-0.3071207106113434,-0.012181246653199196,0.010469241067767143,0.9515351057052612,-0.18603889644145966,0.2398320436477661,10.169239044189453,-3.4969401359558105,0.7706028819084167,-1.2701592445373535
1781547297810463,147343395,-0.30712175369262695,-0.012188256718218327,0.010472465306520462,0.951534628868103,-0.1822250932455063,0.23723344504833221,10.175732612609863,-3.4590208530426025,0.7964205741882324,-1.273604393005371
1781547297813164,147360062,-0.30712297558784485,-0.012194661423563957,0.010469288565218449,0.9515343308448792,-0.18290124833583832,0.23385858535766602,10.163420677185059,-3.501845359802246,0.8060893416404724,-1.273604393005371
1781547297841544,147376729,-0.3071264922618866,-0.012198826298117638,0.010462729260325432,0.9515331983566284,-0.1760329306125641,0.22466535866260529,10.194948196411133,-3.5286366939544678,0.7988282442092896,-1.2565721273422241
1781547297870496,147393396,-0.3071310222148895,-0.012197056785225868,0.010448339395225048,0.9515318870544434,-0.1785380095243454,0.23242558538913727,10.141339302062988,-3.5921690464019775,0.7768269181251526,-1.2502201795578003
1781547297872667,147410063,-0.3071269690990448,-0.012197171337902546,0.010446282103657722,0.9515331983566284,-0.1802179515361786,0.23499399423599243,10.167268753051758,-3.5066094398498535,0.762304425239563,-1.3113958835601807
1781547297900505,147426730,-0.3071273863315582,-0.012189323082566261,0.010442144237458706,0.9515331387519836,-0.18929429352283478,0.23458875715732574,10.179506301879883,-3.5370121002197266,0.7152539491653442,-1.2784709930419922
1781547297902614,147443397,-0.30712711811065674,-0.012185911647975445,0.010455251671373844,0.9515331983566284,-0.16861148178577423,0.24288314580917358,10.178983688354492,-3.414416551589966,0.7077365517616272,-1.2821589708328247
1781547297930404,147460064,-0.3071259558200836,-0.01219371147453785,0.010466588661074638,0.9515333771705627,-0.17747755348682404,0.23977507650852203,10.141314506530762,-3.401789426803589,0.7848691940307617,-1.2886261940002441
1781547297932139,147476731,-0.30712559819221497,-0.012196186929941177,0.010475113056600094,0.9515333771705627,-0.1703006774187088,0.25404733419418335,10.168020248413086,-3.4312820434570312,0.7562085390090942,-1.282235860824585
1781547297960431,147493398,-0.30713358521461487,-0.012192166410386562,0.010470866225659847,0.9515308737754822,-0.1667981594800949,0.24743972718715668,10.166053771972656,-3.528867244720459,0.7416478395462036,-1.2240182161331177
1781547297963761,147510065,-0.30713707208633423,-0.012185104191303253,0.010470161214470863,0.9515298008918762,-0.18449468910694122,0.23731370270252228,10.167234420776367,-3.5115396976470947,0.7139860987663269,-1.2558932304382324
1781547297990698,147526732,-0.3071344196796417,-0.012188498862087727,0.010462035425007343,0.9515306353569031,-0.18631961941719055,0.23169490694999695,10.178104400634766,-3.537165641784668,0.7975987792015076,-1.3012661933898926
1781547298020508,147543399,-0.307132363319397,-0.012187561020255089,0.010456401854753494,0.9515314698219299,-0.17903783917427063,0.22406527400016785,10.162226676940918,-3.5298662185668945,0.7640333771705627,-1.297411561012268
1781547298023701,147560066,-0.30714038014411926,-0.012184275314211845,0.010455988347530365,0.9515289068222046,-0.17253494262695312,0.20881453156471252,10.16311264038086,-3.501051187515259,0.7387791275978088,-1.2234419584274292
1781547298050384,147576733,-0.3071402609348297,-0.012187644839286804,0.0104582654312253,0.9515288472175598,-0.16017544269561768,0.24236157536506653,10.160478591918945,-3.4683949947357178,0.7760712504386902,-1.2824664115905762
1781547298052800,147593400,-0.307142972946167,-0.012189427390694618,0.010460708290338516,0.9515278935432434,-0.18206703662872314,0.23773978650569916,10.191028594970703,-3.470366954803467,0.7656083703041077,-1.262578010559082
1781547298080888,147610067,-0.3071388304233551,-0.012194712646305561,0.010457638651132584,0.9515292644500732,-0.18421421945095062,0.23408691585063934,10.158814430236816,-3.4983620643615723,0.7995324730873108,-1.3117544651031494
1781547298082005,147626734,-0.3071439862251282,-0.01219895202666521,0.010453387163579464,0.9515276551246643,-0.16336378455162048,0.23564757406711578,10.166757583618164,-3.5088117122650146,0.7963436841964722,-1.2455840110778809
1781547298111218,147643401,-0.3071562349796295,-0.01220033410936594,0.010452307760715485,0.9515236616134644,-0.1731673777103424,0.22914743423461914,10.165328025817871,-3.4943788051605225,0.7718578577041626,-1.1933597326278687
1781547298112707,147660068,-0.3071552515029907,-0.012200183235108852,0.010451220907270908,0.9515238404273987,-0.16841807961463928,0.23188956081867218,10.188799858093262,-3.4963386058807373,0.7606011033058167,-1.2887799739837646
1781547298140653,147676735,-0.30715546011924744,-0.012204037047922611,0.010444697923958302,0.9515238404273987,-0.18285727500915527,0.22994640469551086,10.175602912902832,-3.5233218669891357,0.7987001538276672,-1.2814931869506836
1781547298171902,147693402,-0.307159423828125,-0.012218915857374668,0.01044590212404728,0.9515224099159241,-0.16423901915550232,0.23651264607906342,10.187005043029785,-3.4492368698120117,0.8548175096511841,-1.2540745735168457
1781547298174434,147710069,-0.30715569853782654,-0.01223444938659668,0.010447457432746887,0.95152348279953,-0.17708057165145874,0.24275162816047668,10.177541732788086,-3.4449849128723145,0.8579037189483643,-1.3087831735610962
1781547298200861,147726736,-0.3071560859680176,-0.01224173977971077,0.010445893742144108,0.9515231847763062,-0.1778421550989151,0.2463514357805252,10.167936325073242,-3.4825968742370605,0.8109557032585144,-1.2790597677230835
1781547298202945,147743403,-0.3071569502353668,-0.012243730016052723,0.010446609929203987,0.9515228867530823,-0.18190568685531616,0.23370926082134247,10.15247917175293,-3.478755474090576,0.771614670753479,-1.2757431268692017
1781547298230766,147760070,-0.3071616291999817,-0.01223571877926588,0.010446547530591488,0.9515215754508972,-0.18119636178016663,0.22423100471496582,10.173286437988281,-3.5051109790802,0.7082616686820984,-1.2480428218841553
1781547298233328,147776737,-0.30716878175735474,-0.012242368422448635,0.010450063273310661,0.9515190124511719,-0.19108079373836517,0.21909545361995697,10.158027648925781,-3.4503509998321533,0.796894371509552,-1.231125831604004
1781547298260867,147793404,-0.30716586112976074,-0.012242267839610577,0.010459717363119125,0.9515199065208435,-0.18395091593265533,0.2334403395652771,10.186392784118652,-3.4235475063323975,0.7387663722038269,-1.301573395729065
1781547298263288,147810071,-0.307172030210495,-0.012241115793585777,0.01046235766261816,0.9515179991722107,-0.1862330138683319,0.23194164037704468,10.160497665405273,-3.472057819366455,0.7477691769599915,-1.2376824617385864
1781547298291524,147826738,-0.3071730434894562,-0.012252738699316978,0.010460873134434223,0.9515174627304077,-0.17931970953941345,0.24532124400138855,10.184765815734863,-3.471468210220337,0.8396674990653992,-1.274039626121521
1781547298321643,147843405,-0.30717989802360535,-0.01225301343947649,0.010457116179168224,0.951515257358551,-0.17841967940330505,0.22452224791049957,10.151142120361328,-3.510310411453247,0.7708974480628967,-1.233392357826233
1781547298323411,147860072,-0.30717501044273376,-0.012261067517101765,0.010452049784362316,0.95151686668396,-0.17361633479595184,0.23690496385097504,10.175687789916992,-3.5014870166778564,0.82342928647995,-1.316646695137024
1781547298350479,147876739,-0.30718034505844116,-0.012267147190868855,0.010439429432153702,0.9515151381492615,-0.17177896201610565,0.2108599692583084,10.170698165893555,-3.5551323890686035,0.827475905418396,-1.2453279495239258
1781547298353362,147893406,-0.30718380212783813,-0.012265125289559364,0.010442310012876987,0.9515140652656555,-0.18842458724975586,0.234792560338974,10.181078910827637,-3.47062349319458,0.7417885661125183,-1.2560852766036987
1781547298380485,147910073,-0.3071865439414978,-0.01226000301539898,0.010442555882036686,0.9515131115913391,-0.1970212608575821,0.24388249218463898,10.173651695251465,-3.493892192840576,0.7270740866661072,-1.262437105178833
1781547298382771,147926740,-0.30718621611595154,-0.012260282412171364,0.010442160069942474,0.9515132308006287,-0.17520743608474731,0.23408964276313782,10.172979354858398,-3.4864518642425537,0.7634825110435486,-1.2835930585861206
1781547298410476,147943407,-0.30719053745269775,-0.01226710807532072,0.010453030467033386,0.9515116810798645,-0.16652682423591614,0.22159262001514435,10.175477027893066,-3.3988823890686035,0.7829482555389404,-1.2505273818969727
1781547298412828,147960074,-0.3071900010108948,-0.012265797704458237,0.010459312237799168,0.9515118598937988,-0.1852678656578064,0.2490300089120865,10.148614883422852,-3.445702314376831,0.7391504645347595,-1.284361720085144
1781547298440548,147976741,-0.3071973919868469,-0.012255590409040451,0.010462552309036255,0.9515094757080078,-0.17188462615013123,0.23571622371673584,10.187338829040527,-3.4847233295440674,0.6882452368736267,-1.2274246215820312
1781547298470319,147993408,-0.3071994483470917,-0.012242832221090794,0.01045026071369648,0.9515091776847839,-0.17800849676132202,0.223292738199234,10.167887687683105,-3.5909523963928223,0.7038562893867493,-1.268738031387329
1781547298472367,148010075,-0.3072027564048767,-0.012244770303368568,0.010442743077874184,0.9515082240104675,-0.19587565958499908,0.23771202564239502,10.166454315185547,-3.5285849571228027,0.7902351021766663,-1.2589538097381592
1781547298500360,148026742,-0.30721133947372437,-0.012242726981639862,0.010440985672175884,0.9515054225921631,-0.19645258784294128,0.23083333671092987,10.174367904663086,-3.4994118213653564,0.7524563074111938,-1.2200738191604614
1781547298502849,148043409,-0.30721598863601685,-0.012249776162207127,0.010445922613143921,0.9515037536621094,-0.17786887288093567,0.23350754380226135,10.191380500793457,-3.4358670711517334,0.7974578738212585,-1.2479019165039062
1781547298530797,148060076,-0.3072200119495392,-0.012255119159817696,0.010444114916026592,0.9515023827552795,-0.17104855179786682,0.24107451736927032,10.176239967346191,-3.48341703414917,0.8005313873291016,-1.2530502080917358
1781547298533027,148076743,-0.3072288930416107,-0.012247128412127495,0.010438329540193081,0.9514997005462646,-0.18142153322696686,0.24926602840423584,10.172476768493652,-3.5376522541046143,0.7223230600357056,-1.2175127267837524
1781547298560382,148093410,-0.307228684425354,-0.012245617806911469,0.010425341315567493,0.9514999389648438,-0.18254615366458893,0.22389847040176392,10.157498359680176,-3.5703213214874268,0.7791063785552979,-1.2843363285064697
1781547298562267,148110077,-0.307228147983551,-0.012237674556672573,0.010422739200294018,0.9515002369880676,-0.18255504965782166,0.23274829983711243,10.175960540771484,-3.515791893005371,0.7152923941612244,-1.285130262374878
1781547298590570,148126744,-0.30723249912261963,-0.01223664078861475,0.010415864177048206,0.9514989256858826,-0.18296977877616882,0.235906183719635,10.17949390411377,-3.5291361808776855,0.7698858380317688,-1.2509629726409912
1781547298620523,148143411,-0.3072410225868225,-0.012236055918037891,0.010422085411846638,0.9514961838722229,-0.18017415702342987,0.22853490710258484,10.1712064743042,-3.442552089691162,0.7457586526870728,-1.2202274799346924
1781547298622220,148160078,-0.30723893642425537,-0.012240862473845482,0.01041895616799593,0.9514968395233154,-0.17598216235637665,0.23120567202568054,10.171412467956543,-3.491434097290039,0.7997887134552002,-1.2976164817810059
1781547298650448,148176745,-0.30723780393600464,-0.01223759725689888,0.010417921468615532,0.9514971375465393,-0.18092773854732513,0.2433410882949829,10.181922912597656,-3.494468927383423,0.7425826787948608,-1.2888438701629639
1781547298652024,148193412,-0.30724072456359863,-0.012229431420564651,0.010415168479084969,0.9514963626861572,-0.17631268501281738,0.2438834309577942,10.181063652038574,-3.516380548477173,0.714587926864624,-1.2603625059127808
1781547298681008,148210079,-0.3072415888309479,-0.012228783220052719,0.010414649732410908,0.9514961242675781,-0.18309786915779114,0.24554818868637085,10.169146537780762,-3.485504388809204,0.7590516209602356,-1.2751538753509521
1781547298682498,148226746,-0.3072480261325836,-0.012236110866069794,0.01040421612560749,0.951494038105011,-0.1841864138841629,0.2420848160982132,10.157383918762207,-3.5335922241210938,0.8327265381813049,-1.2370423078536987
1781547298710501,148243413,-0.30724653601646423,-0.012239038944244385,0.010393906384706497,0.9514946341514587,-0.18949048221111298,0.239594504237175,10.191902160644531,-3.54130220413208,0.8029903173446655,-1.2937746047973633
1781547298712370,148260080,-0.30724555253982544,-0.012239822186529636,0.010390575043857098,0.9514950513839722,-0.16849176585674286,0.24792712926864624,10.173249244689941,-3.5002448558807373,0.7742400765419006,-1.2898558378219604
1781547298741084,148276747,-0.30724889039993286,-0.012230235151946545,0.01038782112300396,0.951494038105011,-0.174359992146492,0.23507212102413177,10.178009033203125,-3.5183398723602295,0.705802857875824,-1.2573660612106323
1781547298770306,148293414,-0.30724355578422546,-0.012227155268192291,0.01039840467274189,0.9514957070350647,-0.17277270555496216,0.23434366285800934,10.19848346710205,-3.4166958332061768,0.7194543480873108,-1.3188235759735107
1781547298772499,148310081,-0.30724048614501953,-0.012224221602082253,0.010388167575001717,0.9514968395233154,-0.1832415759563446,0.23025552928447723,10.184691429138184,-3.5525972843170166,0.7647761106491089,-1.3051209449768066
1781547298800370,148326748,-0.30724188685417175,-0.012240546755492687,0.010390616953372955,0.9514961838722229,-0.18947894871234894,0.22324007749557495,10.167092323303223,-3.4290027618408203,0.8643966317176819,-1.2711071968078613
1781547298802247,148343415,-0.3072457015514374,-0.012245312333106995,0.010387076996266842,0.9514948129653931,-0.18143561482429504,0.2330772876739502,10.176716804504395,-3.492560386657715,0.801811933517456,-1.2553166151046753
1781547298830348,148360082,-0.3072466254234314,-0.012241951189935207,0.010376231744885445,0.9514946937561035,-0.17341920733451843,0.23836903274059296,10.173590660095215,-3.5570411682128906,0.7636235356330872,-1.275627851486206
1781547298833472,148376749,-0.307246595621109,-0.01224351767450571,0.010372747667133808,0.9514946937561035,-0.18314629793167114,0.2302963137626648,10.164850234985352,-3.4982211589813232,0.7802717685699463,-1.2824023962020874
1781547298861307,148393416,-0.30724936723709106,-0.012232293374836445,0.010378722101449966,0.951494038105011,-0.1694614738225937,0.23026806116104126,10.165796279907227,-3.4634902477264404,0.677065372467041,-1.2609132528305054
1781547298863366,148410083,-0.3072575330734253,-0.012224770151078701,0.010379146784543991,0.9514914155006409,-0.18677307665348053,0.2252812683582306,10.186315536499023,-3.4921376705169678,0.7135889530181885,-1.222737431526184
1781547298890577,148426750,-0.30725935101509094,-0.01222637016326189,0.010377459228038788,0.9514908194541931,-0.17298388481140137,0.23846925795078278,10.177672386169434,-3.4859399795532227,0.7772750854492188,-1.268328309059143
1781547298920603,148443417,-0.30726251006126404,-0.0122233796864748,0.01038391049951315,0.9514898061752319,-0.17599548399448395,0.24599088728427887,10.180131912231445,-3.4422569274902344,0.7302500605583191,-1.2586464881896973
1781547298922094,148460084,-0.30725616216659546,-0.01222236081957817,0.010381825268268585,0.9514918327331543,-0.17572860419750214,0.2387707531452179,10.1683988571167,-3.4933295249938965,0.7603835463523865,-1.3274935483932495
1781547298950448,148476751,-0.3072589337825775,-0.012220844626426697,0.010375876910984516,0.9514910578727722,-0.17875291407108307,0.22856050729751587,10.170393943786621,-3.5201587677001953,0.7662360668182373,-1.2619634866714478
1781547298952123,148493418,-0.3072618842124939,-0.01222122460603714,0.010362529195845127,0.9514902830123901,-0.1678428053855896,0.23640264570713043,10.177970886230469,-3.564199686050415,0.7942818403244019,-1.2613486051559448
1781547298982700,148510085,-0.3072662055492401,-0.012227030470967293,0.01036886963993311,0.9514887928962708,-0.19001510739326477,0.23776260018348694,10.17849063873291,-3.4239187240600586,0.7886086702346802,-1.2501174211502075
1781547298985660,148526752,-0.3072686791419983,-0.012230153195559978,0.010375861078500748,0.9514877796173096,-0.17056423425674438,0.23596510291099548,10.186156272888184,-3.425199508666992,0.7695527672767639,-1.2625782489776611
1781547299010486,148543419,-0.30727705359458923,-0.01222317572683096,0.010386896319687366,0.9514849781990051,-0.17511780560016632,0.24242505431175232,10.181923866271973,-3.4200379848480225,0.6955064535140991,-1.2195230722427368
1781547299012526,148560086,-0.3072817325592041,-0.012240350246429443,0.010373377241194248,0.951483428478241,-0.17318175733089447,0.2443704903125763,10.170307159423828,-3.529379367828369,0.9050697684288025,-1.250335454940796
1781547299040685,148576753,-0.30729278922080994,-0.012238962575793266,0.010383808985352516,0.9514797329902649,-0.1766282469034195,0.232849583029747,10.167173385620117,-3.412252187728882,0.7336438298225403,-1.1994428634643555
1781547299071534,148593420,-0.30729496479034424,-0.012231036089360714,0.010389055125415325,0.9514790177345276,-0.19738534092903137,0.24976778030395508,10.181262969970703,-3.4593026638031006,0.7013334035873413,-1.2650625705718994
1781547299073874,148610087,-0.30729785561561584,-0.012232130393385887,0.010390466079115868,0.951478123664856,-0.17198553681373596,0.24155093729496002,10.18704605102539,-3.4651551246643066,0.7683873772621155,-1.2614383697509766
1781547299101583,148626754,-0.3073031008243561,-0.012229742482304573,0.010389274917542934,0.951476514339447,-0.18947793543338776,0.2263292521238327,10.171408653259277,-3.489640712738037,0.7513933777809143,-1.2443289756774902
1781547299104002,148643421,-0.30730101466178894,-0.012241153977811337,0.010390256531536579,0.95147705078125,-0.18478332459926605,0.23836994171142578,10.158304214477539,-3.445561647415161,0.8363891839981079,-1.2966430187225342
1781547299130850,148660088,-0.3073004484176636,-0.012244696728885174,0.010388716123998165,0.9514772891998291,-0.1685359627008438,0.24150113761425018,10.177151679992676,-3.478576421737671,0.7903503179550171,-1.28683340549469
1781547299132456,148676755,-0.30729809403419495,-0.012250022031366825,0.010387486778199673,0.9514778852462769,-0.1735202670097351,0.22556304931640625,10.179214477539062,-3.472543954849243,0.8013123869895935,-1.2981027364730835
1781547299160393,148693422,-0.3072996437549591,-0.012251089327037334,0.010394521988928318,0.9514773488044739,-0.16998577117919922,0.22334134578704834,10.177199363708496,-3.4273760318756104,0.7564262747764587,-1.2712734937667847
1781547299163437,148710089,-0.3073037266731262,-0.012257483787834644,0.010403464548289776,0.9514758586883545,-0.16308711469173431,0.23456817865371704,10.191787719726562,-3.403736114501953,0.7877121567726135,-1.2513598203659058
1781547299190714,148726756,-0.3073059618473053,-0.012257437221705914,0.010402695275843143,0.9514751434326172,-0.1741921603679657,0.22937145829200745,10.192185401916504,-3.480778932571411,0.7661591172218323,-1.2653826475143433
1781547299220776,148743423,-0.3073061406612396,-0.012263119220733643,0.010410821996629238,0.9514749050140381,-0.18080806732177734,0.2410678267478943,10.179977416992188,-3.4103312492370605,0.7847026586532593,-1.279661774635315
1781547299222955,148760090,-0.30731117725372314,-0.012268341146409512,0.010403074324131012,0.9514733552932739,-0.1848931908607483,0.24525675177574158,10.160292625427246,-3.515202760696411,0.815758228302002,-1.246852159500122
1781547299251366,148776757,-0.3073105216026306,-0.012288320809602737,0.010398206301033497,0.9514732360839844,-0.17701219022274017,0.23322255909442902,10.162162780761719,-3.464515209197998,0.9055050611495972,-1.287730097770691
1781547299252924,148793424,-0.30731603503227234,-0.01228397712111473,0.010398647747933865,0.9514715075492859,-0.17638947069644928,0.23199677467346191,10.1834716796875,-3.4815211296081543,0.7359616756439209,-1.2423824071884155
1781547299281507,148810091,-0.3073258697986603,-0.01228872686624527,0.010402773506939411,0.9514682292938232,-0.170951247215271,0.23819439113140106,10.175457000732422,-3.438556432723999,0.7881860733032227,-1.210340976715088
1781547299282653,148826758,-0.3073285222053528,-0.012287351302802563,0.01040763407945633,0.9514673352241516,-0.1835070550441742,0.22692075371742249,10.153889656066895,-3.445702075958252,0.7458226084709167,-1.261886477470398
1781547299310379,148843425,-0.3073280453681946,-0.012285499833524227,0.01041807048022747,0.9514673352241516,-0.17407768964767456,0.24595391750335693,10.16946792602539,-3.410087823867798,0.7308904528617859,-1.2836318016052246
1781547299313693,148860092,-0.3073331117630005,-0.012292513623833656,0.010418863035738468,0.9514656066894531,-0.19219166040420532,0.23203177750110626,10.174105644226074,-3.4545254707336426,0.8097134828567505,-1.2447130680084229
1781547299341059,148876759,-0.3073257803916931,-0.012297989800572395,0.010413631796836853,0.9514680504798889,-0.17150072753429413,0.24306808412075043,10.16834545135498,-3.4959676265716553,0.8110454082489014,-1.3357793092727661
1781547299370367,148893426,-0.3073248863220215,-0.012307403609156609,0.010406792163848877,0.951468288898468,-0.18312597274780273,0.24346823990345,10.194136619567871,-3.4989640712738037,0.8411915302276611,-1.288395643234253
1781547299374761,148910093,-0.3073384463787079,-0.012319198809564114,0.010398506186902523,0.9514638185501099,-0.17585624754428864,0.22659413516521454,10.173009872436523,-3.5040347576141357,0.8612591028213501,-1.183831810951233
1781547299401029,148926760,-0.3073425590991974,-0.012320401147007942,0.010398054495453835,0.9514625072479248,-0.1740172654390335,0.22332912683486938,10.149975776672363,-3.4743752479553223,0.7744960188865662,-1.253421425819397
1781547299404061,148943427,-0.3073503375053406,-0.012319330126047134,0.010400877334177494,0.9514599442481995,-0.16058914363384247,0.24295298755168915,10.187480926513672,-3.457932233810425,0.7531862854957581,-1.2250428199768066
1781547299430344,148960094,-0.3073650598526001,-0.012324878014624119,0.01040137279778719,0.9514551162719727,-0.18035496771335602,0.2270650416612625,10.159661293029785,-3.459648370742798,0.8024138808250427,-1.1750338077545166
1781547299433082,148976761,-0.3062170445919037,-0.012283144518733025,0.010537626221776009,0.9518243074417114,-0.17522017657756805,0.26039308309555054,10.187527656555176,-3.5310311317443848,0.798764169216156,-1.2636922597885132
1781547299460860,148993428,-0.306217759847641,-0.012287767603993416,0.010530387051403522,0.9518241286277771,-0.17431889474391937,0.23070591688156128,10.179523468017578,-3.5107967853546143,0.8092397451400757,-1.2704284191131592
1781547299462356,149010095,-0.306214302778244,-0.012301585637032986,0.010517152026295662,0.9518252015113831,-0.17225167155265808,0.2225232869386673,10.199216842651367,-3.530211925506592,0.8817877769470215,-1.302175521850586
