host_t_us,sensor_t_us,qw,qx,qy,qz,ax,ay,az,gx,gy,gz
1781548220088639,161013674,-0.8307039141654968,-0.5475893616676331,0.057813018560409546,0.08206576108932495,0.19893577694892883,9.435403823852539,4.060370922088623,-1.7829384803771973,1.4873744249343872,-4.530489921569824
1781548220088916,161030341,-0.8305918574333191,-0.5477596521377563,0.05746859312057495,0.0823056548833847,0.19050997495651245,9.347166061401367,4.020563125610352,-2.3111236095428467,1.9084980487823486,-4.026867389678955
1781548220111764,161047008,-0.830238938331604,-0.5482852458953857,0.05720795691013336,0.08254648000001907,0.1230400875210762,9.308472633361816,4.000610828399658,0.672416627407074,1.5387917757034302,-3.990138530731201
1781548220141999,161063675,-0.8298690319061279,-0.5488288402557373,0.05699387192726135,0.08280152082443237,0.06953098624944687,9.314114570617676,4.019588947296143,0.8598118424415588,1.2149192094802856,-3.915566921234131
1781548220143942,161080342,-0.8296805024147034,-0.5490695238113403,0.056850407272577286,0.0831919014453888,0.13615508377552032,9.305001258850098,4.062714576721191,-1.5657812356948853,0.20351210236549377,-4.198511123657227
1781548220171662,161097009,-0.8297892808914185,-0.5488433837890625,0.05660172924399376,0.08376816660165787,0.10297290980815887,9.215561866760254,4.118000507354736,-5.483769416809082,-0.04836959019303322,-5.302739143371582
1781548220173057,161113676,-0.8299229145050049,-0.5485543608665466,0.056363049894571304,0.08449550718069077,0.003146049100905657,9.193075180053711,4.166469573974609,-5.989211082458496,-0.7006740570068359,-6.087742805480957
1781548220201179,161130343,-0.8298264741897583,-0.5485917329788208,0.056246355175971985,0.08527322858572006,-0.019152265042066574,9.237805366516113,4.229392051696777,-3.207875967025757,-1.4856265783309937,-6.175210475921631
1781548220202593,161147010,-0.8299453258514404,-0.5482928156852722,0.056223053485155106,0.08605129271745682,0.07530926167964935,9.229724884033203,4.248806476593018,-5.883328437805176,-2.135497570037842,-5.5686116218566895
1781548220233487,161163677,-0.8300344347953796,-0.5480282306671143,0.05618881434202194,0.08689586818218231,0.1758962720632553,9.108670234680176,4.235663414001465,-5.607760906219482,-2.314222812652588,-6.020291328430176
1781548220234910,161180344,-0.829800009727478,-0.5482325553894043,0.05614177882671356,0.08787021040916443,0.13719484210014343,9.029031753540039,4.2275519371032715,-1.770247459411621,-2.574537515640259,-7.183531284332275
1781548220262778,161197011,-0.8293928503990173,-0.5486571788787842,0.056109946221113205,0.08907637000083923,0.06527342647314072,9.009288787841797,4.171098232269287,0.057699017226696014,-3.467383861541748,-8.637872695922852
1781548220293390,161213678,-0.8285952806472778,-0.5496308207511902,0.05613022670149803,0.0904732272028923,-0.048579417169094086,9.10784912109375,4.148997783660889,4.619540691375732,-4.298555850982666,-9.98054313659668
1781548220294503,161230345,-0.8276280164718628,-0.5508121848106384,0.05629887804389,0.09202418476343155,-0.05966036766767502,9.294397354125977,4.132749080657959,6.478320121765137,-5.662792682647705,-10.482887268066406
1781548220322638,161247012,-0.827140212059021,-0.5512415170669556,0.05641007423400879,0.0937550887465477,0.015250315889716148,9.309722900390625,4.09456205368042,0.27689263224601746,-6.307232856750488,-11.129645347595215
1781548220325198,161263679,-0.8267816305160522,-0.5514420866966248,0.056517813354730606,0.09565453976392746,0.029767915606498718,9.225629806518555,4.089705467224121,-1.5822895765304565,-7.025888442993164,-11.929750442504883
1781548220351665,161280346,-0.8262255191802979,-0.5518900156021118,0.056709740310907364,0.09773905575275421,-0.009052693843841553,9.22348690032959,4.08955192565918,0.5563145875930786,-8.115056037902832,-12.887998580932617
1781548220353621,161297013,-0.8255873322486877,-0.5524054765701294,0.057050373405218124,0.099996417760849,-0.09653528034687042,9.326459884643555,4.082912921905518,1.2845615148544312,-9.607192993164062,-13.387874603271484
1781548220381897,161313680,-0.8250238299369812,-0.5527641177177429,0.05761394649744034,0.10231422632932663,-0.16893140971660614,9.410902976989746,4.08019495010376,0.23942133784294128,-11.178354263305664,-12.772937774658203
1781548220383065,161330347,-0.8245041966438293,-0.5530608296394348,0.058376505970954895,0.10444537550210953,-0.20661242306232452,9.471278190612793,4.081816673278809,-0.06369885057210922,-11.622106552124023,-10.90188980102539
1781548220412503,161347014,-0.8238993287086487,-0.553501546382904,0.05934040620923042,0.10632368922233582,-0.2647557556629181,9.578866958618164,4.0837907791137695,1.32218599319458,-11.739474296569824,-8.822237014770508
1781548220441942,161363681,-0.8234400153160095,-0.5537416934967041,0.060584284365177155,0.10791793465614319,-0.21628247201442719,9.547237396240234,4.023688793182373,-0.04770367965102196,-12.32675838470459,-5.957683563232422
1781548220443914,161380348,-0.8230274319648743,-0.5539283752441406,0.06193613260984421,0.10933122038841248,-0.01257129292935133,9.413776397705078,3.9553258419036865,-0.3728954493999481,-12.269667625427246,-4.4652180671691895
1781548220471845,161397015,-0.822117805480957,-0.5548526644706726,0.06346363574266434,0.11060427129268646,0.027032483369112015,9.456103324890137,3.8530385494232178,5.885924339294434,-12.39184284210205,-3.6922531127929688
1781548220473963,161413682,-0.8213034272193909,-0.55564284324646,0.06503646075725555,0.11176766455173492,-0.016536012291908264,9.538281440734863,3.8368077278137207,4.846189022064209,-12.290314674377441,-2.7710015773773193
1781548220501245,161430349,-0.8210833072662354,-0.5555638074874878,0.0665610209107399,0.11287465691566467,-0.060530342161655426,9.455100059509277,3.7722506523132324,-2.343742609024048,-12.196799278259277,-1.7875880002975464
1781548220503345,161447016,-0.8209564685821533,-0.5553687214851379,0.06794314831495285,0.11392930150032043,-0.16813282668590546,9.306784629821777,3.732569694519043,-3.4419515132904053,-11.242175102233887,-1.9126677513122559
1781548220531163,161463683,-0.820457398891449,-0.555729329586029,0.06929667294025421,0.11494676768779755,-0.19691555202007294,9.259516716003418,3.6525962352752686,1.1099075078964233,-10.678668975830078,-2.361158847808838
1781548220533237,161480350,-0.8199272751808167,-0.5561486482620239,0.07049450278282166,0.11596860736608505,-0.08459742367267609,9.239873886108398,3.6574654579162598,1.4348047971725464,-9.78751277923584,-3.0363993644714355
1781548220561583,161497017,-0.8193526268005371,-0.5566832423210144,0.07136663794517517,0.1169269010424614,0.06776724010705948,9.26036262512207,3.5745158195495605,2.0258047580718994,-7.642318248748779,-4.014151096343994
1781548220591894,161513684,-0.8186785578727722,-0.557436466217041,0.07185506075620651,0.11775854974985123,0.12430685758590698,9.292855262756348,3.472262144088745,3.391090154647827,-4.863288879394531,-4.955750942230225
1781548220593263,161530351,-0.818140983581543,-0.5580604672431946,0.07195139676332474,0.11847791075706482,0.1186453178524971,9.393741607666016,3.4765377044677734,1.8777761459350586,-2.2632534503936768,-5.652877330780029
1781548220622965,161547018,-0.8178807497024536,-0.5583634376525879,0.07160397619009018,0.11905621737241745,0.04156910628080368,9.417903900146484,3.448535442352295,-1.2836703062057495,0.648276686668396,-6.177822113037109
1781548220624179,161563685,-0.8176877498626709,-0.558626115322113,0.07100001722574234,0.11951086670160294,-0.03988771140575409,9.431295394897461,3.507413148880005,-1.9177252054214478,2.5678460597991943,-6.391072750091553
1781548220651695,161580352,-0.8174487352371216,-0.5590048432350159,0.07019032537937164,0.11985217779874802,-0.12583602964878082,9.371109962463379,3.509828805923462,-1.2034897804260254,4.231660842895508,-6.640836238861084
1781548220652941,161597019,-0.8170545101165771,-0.5596259832382202,0.06928449124097824,0.12016934156417847,-0.17669016122817993,9.364452362060547,3.5715456008911133,0.6884247660636902,4.990143299102783,-7.1189494132995605
1781548220681731,161613686,-0.8166349530220032,-0.5603046417236328,0.06828561425209045,0.120429627597332,-0.16947995126247406,9.425209045410156,3.625108480453491,1.0589509010314941,5.764645576477051,-7.2060065269470215
1781548220683310,161630353,-0.8160398602485657,-0.5612615346908569,0.06731586158275604,0.12055274844169617,-0.11700854450464249,9.546695709228516,3.705641031265259,3.3850715160369873,6.282778263092041,-6.5955281257629395
1781548220711779,161647020,-0.8159122467041016,-0.56158447265625,0.06618183106184006,0.12054100632667542,-0.07720387727022171,9.543861389160156,3.732926845550537,-2.0490803718566895,7.4211859703063965,-5.79408073425293
1781548220741755,161663687,-0.8160262107849121,-0.5615933537483215,0.06497418880462646,0.12038511037826538,-0.059277720749378204,9.480829238891602,3.7679154872894287,-4.739414691925049,8.234582901000977,-4.926809787750244
1781548220744062,161680354,-0.8160907030105591,-0.5616938471794128,0.06378530710935593,0.12011457979679108,-0.15401512384414673,9.447148323059082,3.7764503955841064,-3.96685791015625,8.62328052520752,-4.293381214141846
1781548220771830,161697021,-0.8161134123802185,-0.561861515045166,0.06266956031322479,0.11976353079080582,-0.22386431694030762,9.470452308654785,3.7691256999969482,-3.332699775695801,8.561758041381836,-3.62483811378479
1781548220774163,161713688,-0.8160722851753235,-0.5621241927146912,0.061639051884412766,0.11934573948383331,-0.2696036398410797,9.496826171875,3.770111083984375,-2.454158306121826,8.396223068237305,-3.012476921081543
1781548220802885,161730355,-0.8161157965660095,-0.5622656941413879,0.06064706668257713,0.11888802796602249,-0.31175151467323303,9.451620101928711,3.761955976486206,-3.413059711456299,8.264266014099121,-2.519432306289673
1781548220803631,161747022,-0.8161264657974243,-0.5624502301216125,0.05973603203892708,0.11840253323316574,-0.3310793340206146,9.402983665466309,3.7414357662200928,-2.9664251804351807,7.944594383239746,-2.091508150100708
1781548220832147,161763689,-0.8160313367843628,-0.5627762079238892,0.058872122317552567,0.11794047057628632,-0.3193143308162689,9.39578628540039,3.7420341968536377,-1.7356576919555664,7.657102108001709,-2.188297986984253
1781548220833044,161780356,-0.8159406781196594,-0.5630974173545837,0.058028385043144226,0.11745200306177139,-0.3101067841053009,9.449548721313477,3.71582293510437,-1.7524466514587402,7.6424150466918945,-1.9565672874450684
1781548220861549,161797023,-0.8159027099609375,-0.5633495450019836,0.05723155289888382,0.11689663678407669,-0.298389732837677,9.54788589477539,3.714481830596924,-2.279492139816284,7.606096267700195,-1.329529881477356
1781548220891834,161813690,-0.8160951733589172,-0.5632709860801697,0.0564708411693573,0.11629906296730042,-0.29718172550201416,9.565116882324219,3.743016481399536,-4.981338024139404,7.3885297775268555,-0.6396389007568359
1781548220893369,161830357,-0.8164930939674377,-0.5628890991210938,0.05577060952782631,0.11569192260503769,-0.31660035252571106,9.492952346801758,3.758906126022339,-7.427390098571777,6.9324951171875,-0.0664137452840805
1781548220922324,161847024,-0.8168668746948242,-0.5625242590904236,0.05510472133755684,0.11514506489038467,-0.3556825518608093,9.37472152709961,3.7780587673187256,-7.233157634735107,6.509988784790039,-0.29622378945350647
1781548220923424,161863691,-0.8170114159584045,-0.562473714351654,0.0545772947371006,0.11461856216192245,-0.36831048130989075,9.319561004638672,3.800588369369507,-4.477907180786133,5.804817199707031,-0.18005727231502533
1781548220951724,161880358,-0.817105233669281,-0.5624682903289795,0.05407080426812172,0.11421456933021545,-0.35674935579299927,9.32972526550293,3.8377840518951416,-4.0593953132629395,5.237330436706543,-0.8399685621261597
1781548220953109,161897025,-0.817184329032898,-0.5624740123748779,0.0535876490175724,0.1138484850525856,-0.28374946117401123,9.318034172058105,3.8423516750335693,-3.9347004890441895,4.957998275756836,-0.9797627925872803
1781548220982020,161913692,-0.8171853423118591,-0.5625791549682617,0.05310851335525513,0.11354488879442215,-0.23754887282848358,9.352846145629883,3.8314368724823,-3.0949618816375732,4.745271682739258,-1.4127837419509888
1781548220984109,161930359,-0.8172149062156677,-0.5626385807991028,0.05259927362203598,0.11327499151229858,-0.25060853362083435,9.413633346557617,3.819429397583008,-3.4976956844329834,4.758756160736084,-1.6779903173446655
1781548221011542,161947026,-0.8173396587371826,-0.562547504901886,0.0520770438015461,0.11306831240653992,-0.3084547817707062,9.395874977111816,3.786935806274414,-4.744382381439209,4.500401973724365,-1.9597307443618774
1781548221042200,161963693,-0.8174569010734558,-0.5624584555625916,0.051635339856147766,0.11286498606204987,-0.3257826864719391,9.399816513061523,3.7868382930755615,-4.642327785491943,4.04032039642334,-1.6706652641296387
1781548221043432,161980360,-0.817625880241394,-0.5622910261154175,0.051195815205574036,0.11267520487308502,-0.3261096775531769,9.357901573181152,3.7715420722961426,-5.286346435546875,3.9340147972106934,-1.6694999933242798
1781548221071805,161997027,-0.8177284598350525,-0.5622180700302124,0.05071881040930748,0.1125108078122139,-0.3504023551940918,9.344030380249023,3.810900926589966,-4.535574436187744,4.096437931060791,-2.0411274433135986
1781548221073368,162013694,-0.8177040219306946,-0.5623207092285156,0.050327397882938385,0.11235221475362778,-0.37292158603668213,9.407294273376465,3.8061835765838623,-2.9937405586242676,3.6827163696289062,-1.9019991159439087
1781548221101342,162030361,-0.8176562190055847,-0.5624582171440125,0.04999033734202385,0.11216196417808533,-0.3445572257041931,9.489103317260742,3.76401686668396,-2.65411639213562,3.516732692718506,-1.5475066900253296
1781548221103696,162047028,-0.8177091479301453,-0.5624508261680603,0.049682196229696274,0.11194931715726852,-0.32321897149086,9.465744972229004,3.7782766819000244,-3.8281004428863525,3.3792569637298584,-1.1765578985214233
1781548221131757,162063695,-0.8178781867027283,-0.5622738599777222,0.049389440566301346,0.11173253506422043,-0.33795082569122314,9.415947914123535,3.7711572647094727,-5.216704845428467,3.1965482234954834,-0.9524338245391846
1781548221133454,162080362,-0.8179658055305481,-0.5622159838676453,0.04916906729340553,0.11147921532392502,-0.34710657596588135,9.412206649780273,3.798140525817871,-4.165266036987305,3.0044918060302734,-0.5682305693626404
1781548221162392,162097029,-0.8181050419807434,-0.5620846748352051,0.04893254116177559,0.11122379451990128,-0.3407464921474457,9.38564682006836,3.774254322052002,-4.78944730758667,3.0564470291137695,-0.5578190088272095
1781548221194713,162113696,-0.8181900978088379,-0.5620338916778564,0.04869775474071503,0.11095698177814484,-0.3624346852302551,9.398858070373535,3.769292116165161,-4.120545387268066,3.138932466506958,-0.5512238144874573
1781548221195099,162130363,-0.8181877732276917,-0.5621001124382019,0.0485314205288887,0.11071145534515381,-0.39478600025177,9.389571189880371,3.772935152053833,-3.080388307571411,2.7324843406677246,-0.512164294719696
1781548221222596,162147030,-0.8181595206260681,-0.562190592288971,0.04841911420226097,0.1105102151632309,-0.39324942231178284,9.39304256439209,3.8184328079223633,-2.8172173500061035,2.270418405532837,-0.5787957310676575
1781548221224247,162163697,-0.8182073831558228,-0.5621668696403503,0.04832237586379051,0.110318623483181,-0.3771052956581116,9.39897632598877,3.7995450496673584,-3.7452428340911865,2.0792324542999268,-0.4804174304008484
1781548221251279,162180364,-0.8181799650192261,-0.5622478723526001,0.048267435282468796,0.11013295501470566,-0.3646354079246521,9.391180038452148,3.8074429035186768,-2.835594654083252,1.8863561153411865,-0.43947547674179077
1781548221253977,162197031,-0.8181520700454712,-0.5623269081115723,0.04828200861811638,0.10993025451898575,-0.31752288341522217,9.421785354614258,3.811126708984375,-2.785983085632324,1.5512908697128296,-0.0771070271730423
1781548221282650,162213698,-0.8182277083396912,-0.5622648596763611,0.048267435282468796,0.10969138145446777,-0.3133160471916199,9.402514457702637,3.7859561443328857,-3.9904587268829346,1.784379005432129,0.13895529508590698
1781548221284594,162230365,-0.8183091282844543,-0.5621950030326843,0.048235565423965454,0.109455406665802,-0.3234335780143738,9.392730712890625,3.787442207336426,-4.071113109588623,1.8640217781066895,0.06081095710396767
1781548221311832,162247032,-0.8183667063713074,-0.5621577501296997,0.048253074288368225,0.10920815169811249,-0.3430890142917633,9.339395523071289,3.785855293273926,-3.7537455558776855,1.6521791219711304,0.2885846495628357
1781548221343622,162263699,-0.8182663321495056,-0.5623375773429871,0.04830396547913551,0.10901103913784027,-0.3531697988510132,9.369084358215332,3.779069662094116,-1.9139219522476196,1.3754469156265259,-0.05483679473400116
1781548221345204,162280366,-0.8180044293403625,-0.5627485513687134,0.048433028161525726,0.10879886895418167,-0.34758260846138,9.44821834564209,3.8064122200012207,0.07484671473503113,1.1117897033691406,0.13361506164073944
1781548221373000,162297033,-0.8181278109550476,-0.5625988841056824,0.048510774970054626,0.10861044377088547,-0.3550989031791687,9.43884563446045,3.798323392868042,-4.616061687469482,1.0216331481933594,0.2763034403324127
1781548221374283,162313700,-0.8181561231613159,-0.5625913739204407,0.04865572974085808,0.10837072879076004,-0.33505600690841675,9.409866333007812,3.7831573486328125,-3.3800570964813232,0.9000880122184753,0.7017816305160522
1781548221401468,162330367,-0.8180129528045654,-0.562836766242981,0.04887651652097702,0.10807761549949646,-0.32283487915992737,9.419811248779297,3.74446177482605,-1.2202017307281494,0.8257725238800049,1.0852419137954712
1781548221403033,162347034,-0.8179254531860352,-0.5629962086677551,0.049099430441856384,0.1078086867928505,-0.3009520173072815,9.47014331817627,3.8070974349975586,-1.9256267547607422,0.6717891097068787,1.0296368598937988
1781548221431361,162363701,-0.817997395992279,-0.5629293918609619,0.04927688091993332,0.10752921551465988,-0.30672040581703186,9.394952774047852,3.727701187133789,-3.844529867172241,0.8577116131782532,1.1073459386825562
1781548221433689,162380368,-0.8181071281433105,-0.5628063678741455,0.04939684644341469,0.10728348791599274,-0.33061763644218445,9.34333324432373,3.7768990993499756,-4.3609724044799805,1.0233235359191895,0.7435944080352783
1781548221461418,162397035,-0.8180565237998962,-0.5629086494445801,0.049538273364305496,0.10706766694784164,-0.3174940049648285,9.324041366577148,3.7243826389312744,-2.4678092002868652,0.8912131190299988,0.4606892168521881
1781548221491385,162413702,-0.8179883360862732,-0.5630298852920532,0.04965147376060486,0.10689815878868103,-0.33432939648628235,9.323939323425293,3.729688882827759,-2.3294878005981445,0.8835548162460327,0.07395027577877045
1781548221493780,162430369,-0.8178508877754211,-0.5632386803627014,0.0497313067317009,0.10681366175413132,-0.3287656009197235,9.317832946777344,3.7244553565979004,-1.622564435005188,0.7820772528648376,-0.6157804727554321
1781548221521661,162447036,-0.8177032470703125,-0.5634411573410034,0.04977242276072502,0.10685645788908005,-0.31061768531799316,9.305724143981934,3.7397661209106445,-1.6908737421035767,0.5027453303337097,-1.4859591722488403
1781548221523439,162463703,-0.8174411654472351,-0.5638144612312317,0.04966910183429718,0.10694028437137604,-0.27901121973991394,9.377754211425781,3.6941897869110107,-0.40694737434387207,1.2323614358901978,-2.4212708473205566
1781548221551314,162480370,-0.8172698020935059,-0.5640530586242676,0.049470577389001846,0.10708322376012802,-0.3034105896949768,9.399340629577637,3.693110466003418,-1.605967402458191,1.4784352779388428,-3.0071356296539307
1781548221552913,162497037,-0.8174524903297424,-0.5637889504432678,0.04914754256606102,0.10722791403532028,-0.3197700083255768,9.439748764038086,3.74467134475708,-5.896236896514893,1.9241098165512085,-3.066173791885376
1781548221582862,162513704,-0.8175745010375977,-0.5636186003684998,0.04884813353419304,0.10733196884393692,-0.3123817443847656,9.350507736206055,3.723745346069336,-5.102715492248535,1.9941855669021606,-2.826732873916626
1781548221584145,162530371,-0.8175250887870789,-0.5636911392211914,0.048506587743759155,0.10748150944709778,-0.3429965674877167,9.3103666305542,3.711477518081665,-3.119960308074951,2.1715025901794434,-3.452195167541504
1781548221612034,162547038,-0.8172397017478943,-0.5640901923179626,0.048260703682899475,0.10766920447349548,-0.36520037055015564,9.40013599395752,3.713081121444702,-0.31251341104507446,1.6451743841171265,-3.5822951793670654
1781548221641768,162563705,-0.8169478178024292,-0.5644924640655518,0.04806794598698616,0.10786253958940506,-0.37381452322006226,9.486845970153809,3.709089756011963,-0.23118023574352264,1.3308422565460205,-3.4096391201019287
1781548221643255,162580372,-0.8169466853141785,-0.5644770264625549,0.04785475507378578,0.10804516077041626,-0.35149914026260376,9.479620933532715,3.7047576904296875,-3.7172865867614746,1.2719330787658691,-3.0803754329681396
1781548221671373,162597039,-0.8169233202934265,-0.5644955039024353,0.04769483953714371,0.10819701105356216,-0.3281724750995636,9.463680267333984,3.7448692321777344,-3.391557216644287,1.116425633430481,-2.7235522270202637
1781548221674052,162613706,-0.8169055581092834,-0.564520001411438,0.04752233251929283,0.10827886313199997,-0.30431807041168213,9.465914726257324,3.7059662342071533,-3.365880250930786,1.4668842554092407,-2.375936508178711
1781548221702032,162630373,-0.8168544769287109,-0.5646056532859802,0.04742501303553581,0.10825949907302856,-0.3198400139808655,9.468904495239258,3.7167305946350098,-2.8039116859436035,1.46231210231781,-1.5631942749023438
1781548221702859,162647040,-0.8167626261711121,-0.5647579431533813,0.04734838753938675,0.10819147527217865,-0.37658384442329407,9.477005958557129,3.736891269683838,-2.2398688793182373,1.562214732170105,-1.2653697729110718
1781548221732096,162663707,-0.8167580962181091,-0.5647817254066467,0.047342825680971146,0.10810428112745285,-0.38761070370674133,9.454888343811035,3.7549757957458496,-3.241530418395996,1.1794838905334473,-0.7722100615501404
1781548221733613,162680374,-0.8167916536331177,-0.5647485256195068,0.04735321179032326,0.10802023112773895,-0.37439897656440735,9.380010604858398,3.730616569519043,-3.699127674102783,1.04597806930542,-0.6816309094429016
1781548221762220,162697041,-0.8167204260826111,-0.5648607015609741,0.04736838489770889,0.10796511918306351,-0.3350934088230133,9.395731925964355,3.7587878704071045,-2.4813072681427,0.9880419373512268,-0.9466966986656189
1781548221792479,162713708,-0.8167411088943481,-0.564844012260437,0.04738491028547287,0.10788894444704056,-0.31158164143562317,9.415925979614258,3.73244047164917,-3.5535058975219727,0.9940736293792725,-0.7145943641662598
1781548221794878,162730375,-0.8168990015983582,-0.5646295547485352,0.04731760546565056,0.1078459620475769,-0.3418099880218506,9.411866188049316,3.725792169570923,-5.269967079162598,1.2298643589019775,-1.061620831489563
1781548221822570,162747042,-0.817069411277771,-0.5643813610076904,0.04731902852654457,0.10785380005836487,-0.39100080728530884,9.364545822143555,3.720343589782715,-5.473690032958984,0.6379163265228271,-1.0590083599090576
1781548221823796,162763709,-0.817159116268158,-0.5642443895339966,0.04731728881597519,0.10789046436548233,-0.3838346302509308,9.338825225830078,3.7269654273986816,-4.5480475425720215,0.6040948033332825,-1.322345495223999
1781548221851249,162780376,-0.8171495199203491,-0.5642572045326233,0.047298531979322433,0.10790424793958664,-0.32838761806488037,9.357994079589844,3.7069313526153564,-3.3252580165863037,0.8549710512161255,-1.3905901908874512
1781548221853646,162797043,-0.8170946836471558,-0.5643404722213745,0.04723270237445831,0.1079130619764328,-0.3122914135456085,9.385598182678223,3.714323043823242,-2.787545680999756,1.1688547134399414,-1.6010754108428955
1781548221882053,162813710,-0.8170226812362671,-0.5644477605819702,0.04714129492640495,0.1079372838139534,-0.3206643760204315,9.429656982421875,3.6856372356414795,-2.610638380050659,1.2749168872833252,-1.8060283660888672
1781548221884113,162830377,-0.8170363306999207,-0.5644330382347107,0.04702601954340935,0.10796108841896057,-0.36954566836357117,9.46113395690918,3.6949872970581055,-3.6452763080596924,1.3487199544906616,-1.7899689674377441
1781548221912446,162847044,-0.817078173160553,-0.564379096031189,0.04695921763777733,0.10795536637306213,-0.3750132918357849,9.466043472290039,3.7272632122039795,-3.9298715591430664,1.17340087890625,-1.4054712057113647
1781548221941933,162863711,-0.8172261714935303,-0.564168393611908,0.0468921922147274,0.10796572268009186,-0.3544846773147583,9.44143009185791,3.7464048862457275,-5.227475643157959,1.022875428199768,-1.3676798343658447
1781548221944822,162880378,-0.8173295259475708,-0.5640164613723755,0.046841707080602646,0.10799863189458847,-0.3558320999145508,9.400266647338867,3.747929096221924,-4.719665050506592,0.8773695230484009,-1.4797865152359009
1781548221972226,162897045,-0.817387580871582,-0.5639321804046631,0.046805981546640396,0.10801538825035095,-0.3663427233695984,9.375174522399902,3.739173173904419,-4.146939754486084,0.8902398943901062,-1.3907057046890259
1781548221973937,162913712,-0.8173940777778625,-0.5639184713363647,0.046807996928691864,0.10803685337305069,-0.35582008957862854,9.36966609954834,3.738150119781494,-3.5239105224609375,0.6858249306678772,-1.3344602584838867
1781548222001587,162930379,-0.8172669410705566,-0.5640966296195984,0.04685591906309128,0.1080479547381401,-0.34776926040649414,9.39442253112793,3.7459945678710938,-1.8906142711639404,0.5790839195251465,-1.2548686265945435
1781548222002974,162947046,-0.8171775341033936,-0.5642209649085999,0.04686855524778366,0.10806996375322342,-0.3739224374294281,9.445801734924316,3.7432548999786377,-2.368431806564331,0.7047653794288635,-1.4080709218978882
1781548222031965,162963713,-0.8172173500061035,-0.5641520023345947,0.046885810792446136,0.10812129825353622,-0.3848174512386322,9.445655822753906,3.7416489124298096,-3.9619901180267334,0.4622771739959717,-1.395379900932312
1781548222033157,162980380,-0.8174914121627808,-0.5637399554252625,0.046840231865644455,0.1082172691822052,-0.3704884946346283,9.359682083129883,3.7526917457580566,-6.859300136566162,0.46424946188926697,-1.6068514585494995
1781548222061436,162997047,-0.8175472021102905,-0.5636345148086548,0.04681555554270744,0.10835618525743484,-0.3811599612236023,9.314640045166016,3.7287654876708984,-4.28823184967041,0.3422689437866211,-2.026899576187134
1781548222092416,163013714,-0.8174858689308167,-0.5636974573135376,0.046791404485702515,0.1085021123290062,-0.36440742015838623,9.356491088867188,3.735429525375366,-2.890559434890747,0.3990650177001953,-2.206841468811035
1781548222093297,163030381,-0.8174343705177307,-0.5637519359588623,0.04672202840447426,0.10863697528839111,-0.3556539714336395,9.389237403869629,3.7276854515075684,-3.005791187286377,0.6896795630455017,-2.311828136444092
1781548222122526,163047048,-0.8174326419830322,-0.5637359619140625,0.04662159085273743,0.10877574980258942,-0.34204161167144775,9.425148010253906,3.7177534103393555,-3.6198298931121826,0.8141316175460815,-2.39262318611145
1781548222123912,163063715,-0.8174710273742676,-0.563660204410553,0.046495333313941956,0.10893448442220688,-0.36085912585258484,9.42098617553711,3.730126142501831,-4.136476516723633,0.8541386723518372,-2.5550589561462402
1781548222151882,163080382,-0.8174628615379333,-0.5636587142944336,0.046358074992895126,0.10906077176332474,-0.3568578064441681,9.424372673034668,3.7004473209381104,-3.536498785018921,1.0832442045211792,-2.471548557281494
1781548222153692,163097049,-0.8174834847450256,-0.5636178255081177,0.046247631311416626,0.10916520655155182,-0.4046879708766937,9.430511474609375,3.7049314975738525,-3.842097520828247,0.9869663119316101,-2.216600179672241
1781548222182088,163113716,-0.8175392746925354,-0.5635311007499695,0.04610210657119751,0.1092567890882492,-0.42175769805908203,9.416604995727539,3.7377982139587402,-4.25904655456543,1.2173396348953247,-2.238191604614258
1781548222183837,163130383,-0.8175485730171204,-0.5635061860084534,0.04598788172006607,0.1093638464808464,-0.4032650887966156,9.381549835205078,3.749037981033325,-3.71217679977417,1.0148199796676636,-2.2549805641174316
1781548222211925,163147050,-0.817473828792572,-0.5636070370674133,0.04591171815991402,0.10943389683961868,-0.3896731436252594,9.405452728271484,3.758965253829956,-2.6405670642852783,1.003204584121704,-2.0076770782470703
1781548222272647,163163717,-0.8174052834510803,-0.563701868057251,0.04584776610136032,0.10948453843593597,-0.3455153703689575,9.434843063354492,3.759547233581543,-2.6824560165405273,1.012130618095398,-1.8411304950714111
1781548222274033,163180384,-0.8174200057983398,-0.5636814832687378,0.04576842486858368,0.10951311886310577,-0.35269805788993835,9.41956901550293,3.7243831157684326,-3.6564817428588867,1.118666648864746,-1.67816960811615
1781548222275079,163197051,-0.817389190196991,-0.56373131275177,0.045705121010541916,0.10951287299394608,-0.38098591566085815,9.443130493164062,3.7496023178100586,-3.065315008163452,1.1821733713150024,-1.5116487741470337
1781548222301340,163213718,-0.817427396774292,-0.5636872053146362,0.045637499541044235,0.109482541680336,-0.4204472303390503,9.428009986877441,3.722665309906006,-3.8538408279418945,1.2682576179504395,-1.2768571376800537
1781548222303205,163230385,-0.8175623416900635,-0.5634995698928833,0.04559646174311638,0.10945864021778107,-0.42918097972869873,9.415369987487793,3.756113052368164,-5.017797470092773,1.0211207866668701,-1.090742588043213
1781548222305281,163247052,-0.8175873160362244,-0.5634613037109375,0.04565359652042389,0.10944560915231705,-0.3907093405723572,9.366765022277832,3.762446880340576,-3.6816983222961426,0.5075605511665344,-0.9009396433830261
1781548222331984,163263719,-0.8175662755966187,-0.5634865760803223,0.0457167811691761,0.10944538563489914,-0.387581467628479,9.388903617858887,3.77140474319458,-3.1457903385162354,0.4581280052661896,-1.0032750368118286
1781548222333932,163280386,-0.8174846172332764,-0.5636022090911865,0.045774202793836594,0.10943664610385895,-0.4018454849720001,9.429566383361816,3.756579875946045,-2.404289722442627,0.5617825984954834,-1.0558195114135742
1781548222361918,163297053,-0.8174945116043091,-0.5635877847671509,0.04585802182555199,0.10940154641866684,-0.39785823225975037,9.396541595458984,3.7460055351257324,-3.4625935554504395,0.4613935351371765,-0.6913891434669495
1781548222392783,163313720,-0.8175476789474487,-0.5635150074958801,0.04591045528650284,0.10935697704553604,-0.35866037011146545,9.388395309448242,3.750037908554077,-3.977677583694458,0.6359953284263611,-0.7094077467918396
1781548222394651,163330387,-0.8175673484802246,-0.5634896755218506,0.045958660542964935,0.10931996256113052,-0.3773108720779419,9.38172721862793,3.738762140274048,-3.587378978729248,0.6580735445022583,-0.8100400567054749
1781548222421431,163347054,-0.8175328969955444,-0.5635409951210022,0.04596403241157532,0.10931101441383362,-0.4026196599006653,9.428426742553711,3.7347676753997803,-2.988041639328003,0.8321694731712341,-1.197137475013733
1781548222424420,163363721,-0.8175092935562134,-0.5635727047920227,0.045996155589818954,0.10931044071912766,-0.4020569920539856,9.434465408325195,3.708725929260254,-3.122610569000244,0.6454976201057434,-1.1215158700942993
1781548222456576,163380388,-0.8176692128181458,-0.5633392930030823,0.04602101072669029,0.10930739343166351,-0.40443524718284607,9.4041748046875,3.7304539680480957,-5.328402996063232,0.5522675514221191,-0.9181001782417297
1781548222456965,163397055,-0.8177252411842346,-0.563254714012146,0.04604249447584152,0.10931526869535446,-0.3700639009475708,9.384166717529297,3.7220468521118164,-4.095521926879883,0.6021610498428345,-1.1168417930603027
1781548222481644,163413722,-0.8177010416984558,-0.5632899403572083,0.04609711095690727,0.10929141193628311,-0.41024091839790344,9.414406776428223,3.729440450668335,-3.0765202045440674,0.5968591570854187,-0.9113254547119141
1781548222482723,163430389,-0.8177537322044373,-0.5632176399230957,0.04614625871181488,0.10924902558326721,-0.40261825919151306,9.398097038269043,3.7719528675079346,-3.9771013259887695,0.6453952193260193,-0.7366980314254761
1781548222511602,163447056,-0.8178999423980713,-0.5630040764808655,0.046177566051483154,0.10924313962459564,-0.3943921625614166,9.339923858642578,3.7540595531463623,-5.158014297485352,0.5409082770347595,-0.8906434178352356
1781548222541931,163463723,-0.8177812695503235,-0.5631653666496277,0.04623838886618614,0.1092725396156311,-0.39393678307533264,9.357182502746582,3.7565290927886963,-2.013798713684082,0.4155340790748596,-1.3028925657272339
1781548222543688,163480390,-0.8176152110099792,-0.5633980631828308,0.046303682029247284,0.10928916186094284,-0.384344220161438,9.457854270935059,3.753932476043701,-1.4215302467346191,0.49477970600128174,-1.264998197555542
1781548222572949,163497057,-0.81769859790802,-0.5632691979408264,0.04638316482305527,0.1092955619096756,-0.36884644627571106,9.480179786682129,3.7677621841430664,-4.40639591217041,0.2574652433395386,-0.8516349792480469
1781548222574564,163513724,-0.8178661465644836,-0.5630233883857727,0.04645528271794319,0.1092783510684967,-0.37451308965682983,9.421263694763184,3.7653326988220215,-5.387516498565674,0.32348203659057617,-0.6463238000869751
1781548222602102,163530391,-0.8180469274520874,-0.5627614259719849,0.046526987105607986,0.1092439666390419,-0.4030369222164154,9.336912155151367,3.7531869411468506,-5.524557590484619,0.39006227254867554,-0.5365732908248901
1781548222603776,163547058,-0.8180173635482788,-0.5627986192703247,0.04664362594485283,0.10922401398420334,-0.3794873058795929,9.344730377197266,3.7584569454193115,-2.999721050262451,0.2340296506881714,-0.6987656950950623
1781548222631739,163563725,-0.8179353475570679,-0.562915027141571,0.04672756418585777,0.10920168459415436,-0.36844366788864136,9.366783142089844,3.748178243637085,-2.3750529289245605,0.48124340176582336,-0.8708957433700562
1781548222633653,163580392,-0.817863941192627,-0.5630190968513489,0.04677838832139969,0.10917884856462479,-0.3539218008518219,9.430497169494629,3.7239630222320557,-2.508840799331665,0.6570233702659607,-0.9886501431465149
1781548222662252,163597059,-0.8180063962936401,-0.5628148913383484,0.0467802956700325,0.10916400700807571,-0.38607072830200195,9.399229049682617,3.740056037902832,-5.110464096069336,0.7294817566871643,-0.9655860066413879
1781548222692715,163613726,-0.818066418170929,-0.5627272129058838,0.0467987023293972,0.10915780812501907,-0.37086597084999084,9.387423515319824,3.735935926437378,-4.126398086547852,0.6699321866035461,-1.0507609844207764
1781548222694263,163630393,-0.8180475831031799,-0.562759518623352,0.04683561250567436,0.10911760479211807,-0.38137567043304443,9.400506019592285,3.7428157329559326,-3.1215219497680664,0.7653394341468811,-0.8826135993003845
1781548222722023,163647060,-0.8179933428764343,-0.5628479719161987,0.04687357693910599,0.10905149579048157,-0.3490149676799774,9.453044891357422,3.761740207672119,-2.6590845584869385,0.8797897696495056,-0.7806238532066345
1781548222722910,163663727,-0.8181490898132324,-0.5626424551010132,0.04686097428202629,0.10894785821437836,-0.3844752907752991,9.465404510498047,3.767765760421753,-5.151546955108643,1.1575084924697876,-0.5159295201301575
1781548222751282,163680394,-0.818378746509552,-0.5623298287391663,0.046884384006261826,0.10882765054702759,-0.39467954635620117,9.398505210876465,3.7784082889556885,-6.006741523742676,0.969997763633728,-0.18658852577209473
1781548222753557,163697061,-0.8184019327163696,-0.5623058080673218,0.046990904957056046,0.10873003304004669,-0.404032826423645,9.357887268066406,3.8215603828430176,-3.5304291248321533,0.5628198385238647,-0.24415306746959686
1781548222781965,163713728,-0.8183742761611938,-0.5623455047607422,0.04716164246201515,0.1086600199341774,-0.3714189827442169,9.360023498535156,3.80515193939209,-2.9363296031951904,0.12091114372015,-0.2080775797367096
1781548222783520,163730395,-0.8183062076568604,-0.5624388456344604,0.04734034091234207,0.10861214995384216,-0.32786130905151367,9.392390251159668,3.805294990539551,-2.479078769683838,0.011801051907241344,-0.35500481724739075
1781548222811758,163747062,-0.8183175325393677,-0.5624215602874756,0.04747443646192551,0.10855753719806671,-0.35110336542129517,9.38915729522705,3.7799994945526123,-3.4397084712982178,0.2436215877532959,-0.3883909583091736
1781548222841311,163763729,-0.8183867335319519,-0.5623143911361694,0.04759806767106056,0.10853620618581772,-0.3534283936023712,9.417806625366211,3.7626254558563232,-4.18740701675415,0.12882547080516815,-0.5430404543876648
1781548222843436,163780396,-0.8184456825256348,-0.5622238516807556,0.047777093946933746,0.10848267376422882,-0.3563421964645386,9.421170234680176,3.7506918907165527,-4.003265857696533,-0.05428612232208252,-0.16080935299396515
1781548222871616,163797063,-0.8185938596725464,-0.5620045065879822,0.04793531075119972,0.10843224823474884,-0.35169464349746704,9.397014617919922,3.7530369758605957,-5.089359283447266,-0.001972178230062127,-0.14498069882392883
1781548222873259,163813730,-0.8186172246932983,-0.5619611740112305,0.04814520478248596,0.10838663578033447,-0.3761995732784271,9.373781204223633,3.768791675567627,-3.579503059387207,-0.23202544450759888,-0.12820439040660858
1781548222902136,163830397,-0.8186222314834595,-0.5619465708732605,0.04834078252315521,0.10833712667226791,-0.3476528525352478,9.369574546813965,3.775163173675537,-3.355609178543091,-0.11849715560674667,-0.1838991791009903
1781548222903208,163847064,-0.8186147809028625,-0.561951220035553,0.04853004962205887,0.10828494280576706,-0.31523633003234863,9.395270347595215,3.7747395038604736,-3.203508138656616,-0.07071664929389954,-0.20957590639591217
1781548222931913,163863731,-0.818664014339447,-0.5618802309036255,0.048673756420612335,0.10821656882762909,-0.33166253566741943,9.387361526489258,3.779005289077759,-3.8764829635620117,0.21909748017787933,-0.22480271756649017
1781548222932944,163880398,-0.8188331127166748,-0.5616315007209778,0.04877777025103569,0.1081814244389534,-0.3302086591720581,9.366771697998047,3.7758734226226807,-5.381024360656738,0.21709966659545898,-0.4196512997150421
1781548222962104,163897065,-0.8188198208808899,-0.5616463422775269,0.048943884670734406,0.10813098400831223,-0.3267790675163269,9.350199699401855,3.7629940509796143,-3.1416280269622803,0.06462724506855011,-0.31675225496292114
1781548222991865,163913732,-0.8188602328300476,-0.5615822076797485,0.04905179142951965,0.10810787975788116,-0.3384929597377777,9.377206802368164,3.790072202682495,-3.846374988555908,0.2600649893283844,-0.6235924959182739
1781548222994045,163930399,-0.8188920617103577,-0.5615322589874268,0.04914423078298569,0.1080842912197113,-0.3048740029335022,9.375146865844727,3.7442593574523926,-3.7451794147491455,0.3706350028514862,-0.6846147775650024
1781548223022734,163947066,-0.8189309239387512,-0.5614794492721558,0.049195047467947006,0.10804101824760437,-0.3487808406352997,9.396817207336426,3.78511118888855,-3.811708450317383,0.6615568995475769,-0.7399766445159912
1781548223025277,163963733,-0.8189138770103455,-0.5615021586418152,0.0492805652320385,0.10801322758197784,-0.3640696406364441,9.392004013061523,3.7700421810150146,-3.1502082347869873,0.42890384793281555,-0.7621186375617981
1781548223052427,163980400,-0.8188897371292114,-0.5615417957305908,0.04938444122672081,0.10794270038604736,-0.30896395444869995,9.422975540161133,3.8050835132598877,-2.999067783355713,0.5096991658210754,-0.4613231420516968
1781548223053416,163997067,-0.8190081119537354,-0.5613786578178406,0.049458764493465424,0.10785916447639465,-0.2770138084888458,9.383796691894531,3.7690625190734863,-4.706911087036133,0.5848084092140198,-0.34433719515800476
1781548223082198,164013734,-0.8191671371459961,-0.5611560344696045,0.04945611208677292,0.1078118085861206,-0.31466129422187805,9.31240463256836,3.7963969707489014,-5.270376682281494,0.8983463048934937,-0.7705709338188171
1781548223083724,164030401,-0.8191466331481934,-0.5611807703971863,0.04951954260468483,0.10781014710664749,-0.3492308259010315,9.343802452087402,3.780470132827759,-3.1518471240997314,0.4820501506328583,-0.9855253100395203
1781548223111847,164047068,-0.8189917802810669,-0.5613991618156433,0.049671053886413574,0.10777922719717026,-0.33107906579971313,9.426454544067383,3.7835583686828613,-1.4675307273864746,0.18023014068603516,-0.6543403267860413
1781548223143027,164063735,-0.8190005421638489,-0.5613811016082764,0.04981735721230507,0.10773970931768417,-0.28001508116722107,9.439568519592285,3.785104751586914,-3.4295530319213867,0.09887141734361649,-0.43139466643333435
1781548223144768,164080402,-0.8191933631896973,-0.5610942840576172,0.04992879182100296,0.10771680623292923,-0.2934955954551697,9.410402297973633,3.7739410400390625,-5.68531608581543,0.11304807662963867,-0.4264899492263794
1781548223172059,164097069,-0.8192005753517151,-0.5610873103141785,0.05009572580456734,0.10761898010969162,-0.3078473210334778,9.41262435913086,3.792882204055786,-3.3260395526885986,0.21998105943202972,-0.030082114040851593
1781548223173266,164113736,-0.8192556500434875,-0.5610116124153137,0.050297949463129044,0.10750007629394531,-0.317783385515213,9.438333511352539,3.7993857860565186,-3.8646240234375,0.09438921511173248,0.2945268452167511
1781548223201480,164130403,-0.8194270730018616,-0.5607655644416809,0.05049745365977287,0.10738468170166016,-0.2951756715774536,9.397125244140625,3.8124704360961914,-5.275652885437012,-0.027290333062410355,0.3949926793575287
1781548223204068,164147070,-0.8195257782936096,-0.5606204867362976,0.050710778683423996,0.10728836804628372,-0.2983522117137909,9.35705280303955,3.8099958896636963,-4.423799991607666,-0.10229711979627609,0.26203712821006775
1781548223231924,164163737,-0.8195645809173584,-0.5605533719062805,0.050957754254341125,0.1072254478931427,-0.2921261489391327,9.350320816040039,3.8162238597869873,-3.7402734756469727,-0.37581512331962585,0.13718801736831665
1781548223234089,164180404,-0.8196330666542053,-0.5604415535926819,0.05116467550396919,0.10718806087970734,-0.2868095636367798,9.360832214355469,3.7814173698425293,-4.145658493041992,-0.2890905439853668,-0.1310729682445526
1781548223262703,164197071,-0.8196899890899658,-0.5603459477424622,0.05138900876045227,0.10714507102966309,-0.2849956452846527,9.385063171386719,3.790825366973877,-3.9946341514587402,-0.34210890531539917,-0.043375108391046524
1781548223292431,164213738,-0.819790780544281,-0.5601864457130432,0.05159246176481247,0.1071106567978859,-0.2698480486869812,9.358871459960938,3.7685859203338623,-4.541721343994141,-0.29239457845687866,-0.11629447340965271
1781548223293305,164230405,-0.8198242783546448,-0.5601280927658081,0.05175623297691345,0.1070794016122818,-0.2658465802669525,9.351349830627441,3.7684969902038574,-3.741323709487915,-0.10406439751386642,-0.40030086040496826
1781548223321496,164247072,-0.8198667764663696,-0.5600572228431702,0.05189616605639458,0.10705740004777908,-0.26532042026519775,9.380455017089844,3.7751355171203613,-3.8686835765838623,0.054241303354501724,-0.5099232792854309
1781548223323757,164263739,-0.8199561238288879,-0.5599198341369629,0.05200278013944626,0.10704001784324646,-0.2569616734981537,9.37708854675293,3.774312973022461,-4.453408241271973,0.28141310811042786,-0.570484459400177
1781548223351185,164280406,-0.8200610876083374,-0.5597736239433289,0.05205320194363594,0.10697709769010544,-0.25090521574020386,9.363242149353027,3.8159403800964355,-4.584955215454102,0.6831867694854736,-0.5521458387374878
1781548223353459,164297073,-0.8200982809066772,-0.5597289800643921,0.052087780088186264,0.1069081723690033,-0.2662728428840637,9.371580123901367,3.8102593421936035,-3.759650468826294,0.7895947694778442,-0.6839103698730469
1781548223382338,164313740,-0.8199953436851501,-0.5598869919776917,0.05217476561665535,0.10682746022939682,-0.2625656723976135,9.389832496643066,3.800100564956665,-2.0365169048309326,0.6881299614906311,-0.572853684425354
1781548223384430,164330407,-0.8199873566627502,-0.5599066019058228,0.052237994968891144,0.10675545781850815,-0.27621957659721375,9.410061836242676,3.8215558528900146,-3.203252077102661,0.7160733342170715,-0.5945731997489929
1781548223412207,164347074,-0.8200691938400269,-0.559791088104248,0.05233170464634895,0.10668542981147766,-0.2546454071998596,9.40056037902832,3.82580304145813,-4.289858341217041,0.5221725702285767,-0.3553890287876129
1781548223441448,164363741,-0.8200418949127197,-0.5598365664482117,0.052464451640844345,0.10659198462963104,-0.238448828458786,9.405951499938965,3.810450792312622,-2.924650192260742,0.47676125168800354,-0.20672011375427246
1781548223443853,164380408,-0.8200816512107849,-0.5597911477088928,0.05263026803731918,0.10644390434026718,-0.23211011290550232,9.444543838500977,3.845855236053467,-3.652191400527954,0.46234121918678284,0.3117769956588745
1781548223471893,164397075,-0.8202542662620544,-0.5595541596412659,0.05279456451535225,0.10627635568380356,-0.2620251178741455,9.431618690490723,3.8084940910339355,-5.237963676452637,0.43889284133911133,0.5752549171447754
1781548223473955,164413742,-0.820517361164093,-0.5591878890991211,0.052989523857831955,0.10607625544071198,-0.25088077783584595,9.335051536560059,3.8485119342803955,-6.2819504737854,0.34678956866264343,0.9959819316864014
1781548223501333,164430409,-0.8205042481422424,-0.5592227578163147,0.05326586589217186,0.10585734993219376,-0.2609119117259979,9.349797248840332,3.8279783725738525,-2.8839519023895264,-0.028391679748892784,0.9971984624862671
1781548223503170,164447076,-0.8205443620681763,-0.5591748952865601,0.05355863273143768,0.10565031319856644,-0.21943192183971405,9.380568504333496,3.849268913269043,-3.547858476638794,-0.2102162390947342,1.0607693195343018
1781548223531881,164463743,-0.8207082748413086,-0.5589422583580017,0.053783390671014786,0.10549363493919373,-0.20819737017154694,9.379424095153809,3.8430256843566895,-5.134629726409912,-0.07441770285367966,0.686093807220459
1781548223532994,164480410,-0.8208847641944885,-0.5586856603622437,0.05400882288813591,0.10536390542984009,-0.23675304651260376,9.345658302307129,3.828029155731201,-5.330541610717773,-0.1292416900396347,0.5802493691444397
1781548223561940,164497077,-0.8211134076118469,-0.5583509802818298,0.05419456958770752,0.105261892080307,-0.21991093456745148,9.303646087646484,3.818084239959717,-6.012364387512207,0.018242646008729935,0.36660102009773254
1781548223591313,164513744,-0.8212354183197021,-0.5581716299057007,0.05433499813079834,0.10518895834684372,-0.21539105474948883,9.300047874450684,3.8057761192321777,-4.767983913421631,0.20275653898715973,-0.11999549716711044
1781548223593368,164530411,-0.8212113380432129,-0.5582075715065002,0.054490040987730026,0.10510580986738205,-0.16588148474693298,9.377326011657715,3.7852566242218018,-2.9780654907226562,0.25234273076057434,-0.19527122378349304
1781548223621400,164547078,-0.8213440775871277,-0.5580266714096069,0.054566122591495514,0.10499051958322525,-0.17675848305225372,9.44304370880127,3.8301219940185547,-4.851455211639404,0.788672685623169,-0.09623971581459045
1781548223623684,164563745,-0.8216468095779419,-0.5576021075248718,0.05460207909345627,0.10485775023698807,-0.16248904168605804,9.412434577941895,3.818408250808716,-6.904942035675049,1.0616145133972168,0.09850005060434341
1781548223651337,164580412,-0.8219262957572937,-0.5572206974029541,0.05464211851358414,0.10467413812875748,-0.21005937457084656,9.368107795715332,3.843003273010254,-6.544723987579346,1.0829371213912964,0.3003409504890442
1781548223653336,164597079,-0.8220887780189514,-0.5570144057273865,0.054727524518966675,0.1044517457485199,-0.20723044872283936,9.354990005493164,3.8331494331359863,-5.060698509216309,1.1203699111938477,0.5679296255111694
1781548223681851,164613746,-0.8221073746681213,-0.5570172071456909,0.054890137165784836,0.10420437902212143,-0.1755654215812683,9.42666244506836,3.8652968406677246,-3.2628400325775146,0.8360047936439514,0.8074851632118225
1781548223683366,164630413,-0.8222388625144958,-0.5568607449531555,0.05503923073410988,0.10392550379037857,-0.13763488829135895,9.453569412231445,3.858656406402588,-4.5931901931762695,0.9692168831825256,1.0768029689788818
1781548223711713,164647080,-0.8225865364074707,-0.5564011931419373,0.05516591668128967,0.1035672202706337,-0.15221278369426727,9.446749687194824,3.8936498165130615,-7.119871616363525,1.252647042274475,1.7051852941513062
1781548223741909,164663747,-0.8230146765708923,-0.555820107460022,0.05531550571322441,0.10320377349853516,-0.15879999101161957,9.295418739318848,3.9172213077545166,-8.098223686218262,1.1807903051376343,1.9625284671783447
1781548223743264,164680414,-0.8231819272041321,-0.5556133389472961,0.05548938736319542,0.10289114713668823,-0.21107204258441925,9.236083984375,3.8912813663482666,-4.9865498542785645,1.1055017709732056,1.4767451286315918
1781548223771668,164697081,-0.8229964375495911,-0.5559226870536804,0.05579289421439171,0.10253911465406418,-0.13821876049041748,9.2999906539917,3.9161579608917236,-0.6079814434051514,0.5651506185531616,1.6734760999679565
1781548223773160,164713748,-0.8230144381523132,-0.5559302568435669,0.05597265437245369,0.10225475579500198,-0.0738854631781578,9.363409996032715,3.866854667663574,-3.209540367126465,0.9842512011528015,1.1209590435028076
1781548223801311,164730415,-0.8231982588768005,-0.5557267665863037,0.056016359478235245,0.10185754299163818,-0.13448917865753174,9.381799697875977,3.9026288986206055,-5.070226192474365,1.1230465173721313,1.0441721677780151
1781548223803462,164747082,-0.8234835267066956,-0.5553394556045532,0.056094516068696976,0.10161901265382767,-0.16403259336948395,9.30196762084961,3.887392997741699,-6.5496673583984375,0.9725719094276428,0.7179304361343384
1781548223831665,164763749,-0.823618471622467,-0.5551594495773315,0.0562414824962616,0.10142800956964493,-0.1551019549369812,9.299832344055176,3.8941259384155273,-4.775641441345215,0.6806894540786743,0.6042227745056152
1781548223833179,164780416,-0.8236371278762817,-0.5551491379737854,0.056405603885650635,0.10124237090349197,-0.12169882655143738,9.306127548217773,3.905754566192627,-3.35899019241333,0.48575127124786377,0.4310937821865082
1781548223861628,164797083,-0.8237118124961853,-0.5550497174263,0.05654628202319145,0.1010996624827385,-0.11766702681779861,9.363247871398926,3.9558491706848145,-4.112439155578613,0.5530486106872559,0.22857412695884705
1781548223891309,164813750,-0.8239213228225708,-0.5547577142715454,0.056645143777132034,0.10094092041254044,-0.10850422829389572,9.332029342651367,3.928039312362671,-5.738768577575684,0.7042531967163086,0.30223628878593445
1781548223893296,164830417,-0.8240875601768494,-0.5545220971107483,0.05673947185277939,0.10082607716321945,-0.1298966109752655,9.264869689941406,3.921807289123535,-5.275461196899414,0.6352654695510864,0.004130048211663961
1781548223921686,164847084,-0.8240034580230713,-0.5546474456787109,0.05691464617848396,0.10072438418865204,-0.07335871458053589,9.319110870361328,3.900092601776123,-2.2232463359832764,0.20734122395515442,-0.1050504818558693
1781548223923218,164863751,-0.8239374160766602,-0.5547422170639038,0.05706776678562164,0.10065571963787079,-0.0538022555410862,9.378106117248535,3.911060094833374,-2.4977121353149414,0.4179288148880005,-0.2612495422363281
1781548223951274,164880418,-0.8241745233535767,-0.5543920397758484,0.05712175741791725,0.10061318427324295,-0.11352129280567169,9.335923194885254,3.8992106914520264,-6.252675533294678,0.6619794964790344,-0.4143623113632202
1781548223953173,164897085,-0.8243328928947449,-0.5541545152664185,0.05719513073563576,0.10058281570672989,-0.15581941604614258,9.259354591369629,3.9112870693206787,-5.303622245788574,0.4459875524044037,-0.551441490650177
1781548223981529,164913752,-0.8241539001464844,-0.5544115900993347,0.057339441031217575,0.10055190324783325,-0.12424446642398834,9.323272705078125,3.9162471294403076,-1.1654033660888672,0.1664249151945114,-0.7417693138122559
1781548223983018,164930419,-0.8240635991096497,-0.5545323491096497,0.05751076340675354,0.10052736103534698,-0.0737743079662323,9.414384841918945,3.9169466495513916,-2.2605769634246826,0.031727734953165054,-0.5184139013290405
1781548224011581,164947086,-0.8241755366325378,-0.5543609261512756,0.057672783732414246,0.10046273469924927,-0.06963912397623062,9.426748275756836,3.945101261138916,-4.676124095916748,0.03568489849567413,-0.10379546880722046
1781548224041357,164963753,-0.8243567943572998,-0.5540872812271118,0.05784093961119652,0.1003885343670845,-0.07990086078643799,9.3873872756958,3.9494693279266357,-5.51365852355957,0.10289262235164642,0.10659366101026535
1781548224043790,164980420,-0.8245489597320557,-0.5537933707237244,0.05805185064673424,0.10031070560216904,-0.09700191020965576,9.312154769897461,3.9003524780273438,-5.638739109039307,-0.21264947950839996,0.27447211742401123
1781548224072210,164997087,-0.8246173858642578,-0.5536808967590332,0.05830974131822586,0.10021815448999405,-0.06604725867509842,9.3150634765625,3.951354503631592,-4.099542617797852,-0.4114679992198944,0.3528212904930115
1781548224073357,165013754,-0.8246740698814392,-0.5535913109779358,0.05854601413011551,0.10010882467031479,-0.043003737926483154,9.335057258605957,3.9368033409118652,-3.932471990585327,-0.26301687955856323,0.3278874158859253
1781548224101329,165030421,-0.8248047232627869,-0.5533900856971741,0.05873507261276245,0.10003499686717987,-0.05630474165081978,9.297511100769043,3.919184923171997,-4.898006439208984,0.13394802808761597,0.1697801947593689
1781548224103085,165047088,-0.8249374032020569,-0.5531880855560303,0.058876313269138336,0.0999760851264,-0.06120013818144798,9.272371292114258,3.9274754524230957,-4.946453094482422,0.17052294313907623,-0.1671741008758545
1781548224133030,165063755,-0.8249324560165405,-0.5531911253929138,0.059018563479185104,0.09991494566202164,-0.057969722896814346,9.264177322387695,3.906679391860962,-3.2577812671661377,0.18869514763355255,-0.3564903140068054
1781548224134944,165080422,-0.8248623609542847,-0.5532914400100708,0.05912958085536957,0.0998724177479744,-0.03840699791908264,9.317717552185059,3.8910269737243652,-2.4880943298339844,0.38278818130493164,-0.6464004516601562
1781548224162813,165097089,-0.8248716592788696,-0.5532795786857605,0.05917450413107872,0.09983386099338531,-0.05132207274436951,9.34985065460205,3.8920435905456543,-3.4730567932128906,0.7016279101371765,-0.818953275680542
1781548224191843,165113756,-0.8249773383140564,-0.5531398057937622,0.05916891619563103,0.09973855316638947,-0.057702600955963135,9.345365524291992,3.9218766689300537,-4.572610378265381,0.8476332426071167,-0.695346474647522
1781548224194961,165130423,-0.8250256776809692,-0.5530816912651062,0.0591718889772892,0.09965910017490387,-0.04718059301376343,9.326884269714355,3.9227042198181152,-3.893885850906372,0.9691781401634216,-0.7457265257835388
1781548224221727,165147090,-0.825015664100647,-0.5531086921691895,0.05921029672026634,0.09956993162631989,-0.034523047506809235,9.357391357421875,3.9469263553619385,-3.162912130355835,1.0249112844467163,-0.5545533895492554
1781548224223435,165163757,-0.8250173330307007,-0.5531255602836609,0.0592622235417366,0.09943162649869919,-0.03204074501991272,9.402019500732422,3.936837673187256,-3.2356905937194824,1.0402789115905762,-0.25046658515930176
1781548224251375,165180424,-0.8251328468322754,-0.552979052066803,0.05929618328809738,0.09926843643188477,-0.039305180311203,9.404867172241211,3.9687187671661377,-4.596429824829102,1.040778636932373,-0.0863916352391243
1781548224253174,165197091,-0.8253492712974548,-0.5526717901229858,0.05936405062675476,0.09913897514343262,-0.052188556641340256,9.315893173217773,3.967935800552368,-5.883660793304443,0.7802461981773376,0.03823336213827133
1781548224281458,165213758,-0.8255226612091064,-0.5524336695671082,0.05941447988152504,0.09899260848760605,-0.05466607213020325,9.25448226928711,3.977855920791626,-5.330310821533203,0.7027934193611145,-0.10086281597614288
1781548224283335,165230425,-0.8253968954086304,-0.5526237487792969,0.05956980586051941,0.09888653457164764,-0.033268868923187256,9.275472640991211,3.9661827087402344,-1.711824893951416,0.5132721066474915,-0.14916837215423584
1781548224312086,165247092,-0.8253108859062195,-0.5527583360671997,0.05968814715743065,0.09878110885620117,-0.009104270488023758,9.354239463806152,3.958409309387207,-2.202192783355713,0.5792503952980042,-0.29280439019203186
1781548224341856,165263759,-0.8254460096359253,-0.55255526304245,0.05979802832007408,0.09872037917375565,-0.02741970494389534,9.36977481842041,3.9597349166870117,-4.984628677368164,0.5053578019142151,-0.21408376097679138
1781548224343458,165280426,-0.8256440758705139,-0.5522634387016296,0.05988442152738571,0.09864579886198044,-0.0593402236700058,9.282308578491211,3.9435746669769287,-5.735388278961182,0.45645034313201904,-0.2272743135690689
1781548224372864,165297093,-0.8256774544715881,-0.5522115230560303,0.05999281629920006,0.09859152883291245,-0.050256986171007156,9.25003719329834,3.9458765983581543,-3.742784023284912,0.3711088299751282,-0.4598248302936554
1781548224373305,165313760,-0.825674295425415,-0.5522096157073975,0.060093481093645096,0.09856587648391724,-0.01864054426550865,9.288355827331543,3.9308226108551025,-3.3372321128845215,0.36402687430381775,-0.6821686029434204
1781548224401820,165330427,-0.8257144689559937,-0.5521485805511475,0.0601385273039341,0.09854349493980408,0.00832472462207079,9.335530281066895,3.9554295539855957,-3.8757400512695312,0.6491732001304626,-0.8554258346557617
1781548224402714,165347094,-0.8257596492767334,-0.5520782470703125,0.060171905905008316,0.09853968769311905,-0.001519505982287228,9.31865406036377,3.9540493488311768,-3.9628865718841553,0.6020712852478027,-1.0144293308258057
1781548224431752,165363761,-0.8258143067359924,-0.5519952178001404,0.06019878014922142,0.09853117167949677,-0.014357159845530987,9.311582565307617,3.9815762042999268,-4.074775218963623,0.7104257941246033,-0.9766761660575867
1781548224433669,165380428,-0.8258220553398132,-0.5519945025444031,0.060200948268175125,0.098467618227005,-0.01984720304608345,9.304243087768555,3.951159954071045,-3.42106294631958,0.7606396079063416,-0.9621667265892029
1781548224461941,165397095,-0.8258235454559326,-0.5520079731941223,0.06016644462943077,0.09840021282434464,-0.013801329769194126,9.3186616897583,3.954935073852539,-3.3380651473999023,0.8891128897666931,-1.1298532485961914
1781548224491321,165413762,-0.8258322477340698,-0.5519962906837463,0.06015818566083908,0.09839785099029541,-0.027055688202381134,9.325441360473633,3.9463775157928467,-3.521695613861084,0.9390449523925781,-1.195831537246704
1781548224493707,165430429,-0.8258470892906189,-0.551975429058075,0.060153257101774216,0.09839332103729248,-0.02451971545815468,9.327330589294434,3.961231231689453,-3.5926551818847656,0.9132145643234253,-1.1676958799362183
1781548224522125,165447096,-0.8258022665977478,-0.5520523190498352,0.06013413146138191,0.09835049510002136,-0.021236933767795563,9.346938133239746,3.9723708629608154,-2.8046929836273193,0.9236130714416504,-1.190529465675354
1781548224523818,165463763,-0.8258241415023804,-0.552024245262146,0.060149941593408585,0.09831453114748001,-0.02901216596364975,9.36125373840332,3.988804578781128,-3.6346092224121094,0.8892154693603516,-0.912490963935852
1781548224551727,165480430,-0.8259056210517883,-0.5519053936004639,0.060185741633176804,0.09827539324760437,-0.007382354699075222,9.341315269470215,3.985294818878174,-4.361714839935303,0.7964974045753479,-0.7223293781280518
1781548224552931,165497097,-0.8259678483009338,-0.5518237352371216,0.060201194137334824,0.09820104390382767,-0.010994239710271358,9.304205894470215,4.003248691558838,-4.07512092590332,0.852755606174469,-0.712775707244873
1781548224581276,165513764,-0.8260181546211243,-0.5517588257789612,0.06020505726337433,0.09813989698886871,-0.002976692747324705,9.277623176574707,3.954813241958618,-3.947223663330078,0.869954526424408,-0.8497011661529541
1781548224583863,165530431,-0.8259878754615784,-0.5518105626106262,0.06021035462617874,0.09810218960046768,-0.01855691708624363,9.280302047729492,3.950258493423462,-2.988604784011841,0.8265025615692139,-1.076783537864685
1781548224611522,165547098,-0.825912594795227,-0.5519206523895264,0.06023704633116722,0.09810058772563934,-0.014059311710298061,9.332680702209473,3.953474283218384,-2.487428665161133,0.7098623514175415,-1.2056281566619873
1781548224641449,165563765,-0.8259438276290894,-0.5518787503242493,0.06021873280405998,0.09808380156755447,-0.035758938640356064,9.3531494140625,3.9696576595306396,-3.777963399887085,0.9316941499710083,-1.1681312322616577
1781548224643182,165580432,-0.8261186480522156,-0.5516201257705688,0.06017947569489479,0.09809132665395737,-0.03145506978034973,9.308748245239258,3.969820261001587,-5.578920364379883,0.9467287063598633,-1.168323278427124
1781548224672542,165597099,-0.8261687159538269,-0.5515411496162415,0.06015531346201897,0.09812764078378677,-0.02593344636261463,9.24573802947998,3.965736150741577,-4.087761402130127,0.9840462803840637,-1.3666808605194092
1781548224674245,165613766,-0.8260098099708557,-0.5517802238464355,0.06014983728528023,0.09812480211257935,-0.013875025324523449,9.28978157043457,3.9692530632019043,-1.459834337234497,0.9579342603683472,-1.4266915321350098
1781548224702176,165630433,-0.8258490562438965,-0.5520231127738953,0.06014512479305267,0.0981156975030899,0.018052658066153526,9.352496147155762,3.9463775157928467,-1.4274086952209473,0.9806654453277588,-1.3904750347137451
1781548224703700,165647100,-0.8259416818618774,-0.5518849492073059,0.06006688252091408,0.0981600284576416,-0.0022185021080076694,9.345377922058105,3.9541127681732178,-4.626615047454834,1.376817226409912,-1.5067312717437744
1781548224732516,165663767,-0.8259804844856262,-0.5518300533294678,0.06000271067023277,0.09818297624588013,-0.03089343011379242,9.302899360656738,3.935913562774658,-3.9292829036712646,1.1441898345947266,-1.512570858001709
1781548224733892,165680434,-0.8259240388870239,-0.5519200563430786,0.05995488911867142,0.09817918390035629,-0.01039899606257677,9.345255851745605,3.9700446128845215,-2.7217845916748047,1.1127245426177979,-1.4639960527420044
1781548224762355,165697101,-0.8259206414222717,-0.5519406199455261,0.05990253761410713,0.09812362492084503,-0.007409778423607349,9.354061126708984,3.975255012512207,-3.299222707748413,1.2729320526123047,-1.1380362510681152
1781548224791949,165713768,-0.8260399103164673,-0.5517765879631042,0.0598030686378479,0.09810398519039154,-0.047868140041828156,9.319302558898926,3.9909725189208984,-4.861124515533447,1.4959419965744019,-1.2946709394454956
1781548224793211,165730435,-0.8260958194732666,-0.5517030358314514,0.059727735817432404,0.09809265285730362,-0.057037610560655594,9.259292602539062,3.979153633117676,-4.092076778411865,1.1100223064422607,-1.4331969022750854
1781548224821890,165747102,-0.8259533047676086,-0.5519168972969055,0.05971996858716011,0.09809596836566925,-0.0345904566347599,9.309438705444336,3.9856534004211426,-1.6660165786743164,0.6517343521118164,-1.5663319826126099
1781548224823341,165763769,-0.8258506655693054,-0.55206298828125,0.059737175703048706,0.09812645614147186,0.0015588081441819668,9.363896369934082,3.974893093109131,-2.1985557079315186,0.6525796055793762,-1.4571962356567383
1781548224851725,165780436,-0.8259190320968628,-0.5519617795944214,0.0597178190946579,0.0981317013502121,0.026189522817730904,9.359224319458008,3.9764034748077393,-4.265423774719238,0.7468599677085876,-1.2821974754333496
1781548224852752,165797103,-0.8259117603302002,-0.5519722104072571,0.05973682925105095,0.0981227234005928,0.003156411461532116,9.345314025878906,3.952672004699707,-3.3136558532714844,0.7803357243537903,-1.0895001888275146
1781548224881802,165813770,-0.8260514736175537,-0.5517779588699341,0.059701014310121536,0.09806165099143982,-0.03206713870167732,9.326285362243652,3.961493492126465,-5.04689359664917,0.8812882304191589,-0.9549438953399658
1781548224882635,165830437,-0.826128363609314,-0.5516605377197266,0.059740033000707626,0.09804965555667877,-0.04005097970366478,9.285351753234863,3.9741947650909424,-4.344516277313232,0.6266852021217346,-0.8878259062767029
1781548224911560,165847104,-0.8260440826416016,-0.551782488822937,0.05979035049676895,0.0980420708656311,-0.022679423913359642,9.292863845825195,3.9612348079681396,-2.367561101913452,0.5808255672454834,-1.1009106636047363
1781548224942061,165863771,-0.825965166091919,-0.5518913269042969,0.059840478003025055,0.09806448221206665,-0.010384583845734596,9.337060928344727,3.974090337753296,-2.4747886657714844,0.47308579087257385,-1.258710503578186
1781548224944248,165880438,-0.8259864449501038,-0.5518543124198914,0.05983656644821167,0.09809619933366776,-0.01586506888270378,9.318011283874512,3.9504058361053467,-3.723421335220337,0.7537882924079895,-1.3614816665649414
1781548224972087,165897105,-0.8260185718536377,-0.5518102645874023,0.05979496240615845,0.09809894114732742,-0.038316283375024796,9.30262279510498,3.9607551097869873,-3.8173420429229736,0.9469847083091736,-1.383021593093872
1781548224973711,165913772,-0.8260087966918945,-0.551829993724823,0.05975499749183655,0.09809526056051254,-0.018722396343946457,9.29736042022705,3.9634768962860107,-3.292038917541504,0.953977108001709,-1.4090571403503418
1781548225001459,165930439,-0.8260294795036316,-0.5517991185188293,0.05968169495463371,0.09813981503248215,-0.01982739567756653,9.307518005371094,3.9374306201934814,-3.738646984100342,1.0532773733139038,-1.7214165925979614
1781548225003719,165947106,-0.8259498476982117,-0.551915168762207,0.05964723229408264,0.0981782004237175,-0.02584170550107956,9.333840370178223,3.9428820610046387,-2.494805097579956,0.8857960104942322,-1.6783875226974487
1781548225032594,165963773,-0.8259118795394897,-0.5519759654998779,0.05960032716393471,0.09818369150161743,-0.013400550000369549,9.35871696472168,3.9596612453460693,-2.9615066051483154,1.07280695438385,-1.482911229133606
1781548225034520,165980440,-0.8259829878807068,-0.5518833994865417,0.05951467901468277,0.09815770387649536,-0.032357107847929,9.337930679321289,3.9712448120117188,-4.25795841217041,1.0665833950042725,-1.432403326034546
1781548225063090,165997107,-0.8260130286216736,-0.5518468022346497,0.05946710705757141,0.09813934564590454,-0.04611587896943092,9.324350357055664,3.980569839477539,-3.7625694274902344,1.025858998298645,-1.3070032596588135
1781548225091875,166013774,-0.8259016275405884,-0.5520161390304565,0.05949396640062332,0.09810935705900192,-0.03704381361603737,9.380603790283203,3.997760057449341,-2.0022857189178467,0.8449053764343262,-1.0902814865112305
1781548225092825,166030441,-0.8259669542312622,-0.5519294142723083,0.05951254069805145,0.09803454577922821,-0.012831549160182476,9.381360054016113,3.9884068965911865,-4.114130020141602,0.9715601801872253,-0.6388319730758667
1781548225122877,166047108,-0.8261680603027344,-0.5516369938850403,0.05953208729624748,0.09797454625368118,-0.026545964181423187,9.272796630859375,3.9725780487060547,-5.803517818450928,0.8017351627349854,-0.5534904599189758
1781548225124117,166063775,-0.8261472582817078,-0.5516659617424011,0.05957422032952309,0.09796192497015,-0.01214515883475542,9.242440223693848,3.9567618370056152,-3.140244960784912,0.5967695713043213,-1.0273383855819702
1781548225151794,166080442,-0.825933039188385,-0.5519849061965942,0.059629619121551514,0.09793714433908463,-0.014922448433935642,9.309178352355957,3.9606473445892334,-0.7454959750175476,0.7109765410423279,-1.1461042165756226
1781548225154164,166097109,-0.8259773254394531,-0.5519234538078308,0.05959194526076317,0.09793175011873245,-0.026625417172908783,9.343364715576172,3.9626827239990234,-3.9570083618164062,1.0212231874465942,-1.2769724130630493
1781548225182006,166113776,-0.8260624408721924,-0.5518034100532532,0.05954623222351074,0.09792010486125946,-0.0356067530810833,9.313096046447754,3.958975315093994,-4.446749687194824,1.0508570671081543,-1.2278857231140137
1781548225184116,166130443,-0.8260757327079773,-0.5517914891242981,0.0595095120370388,0.09789770096540451,-0.04882122576236725,9.299025535583496,3.963197946548462,-3.550381898880005,0.957140326499939,-1.2770110368728638
1781548225211557,166147110,-0.8260720372200012,-0.5517940521240234,0.05949511006474495,0.09792261570692062,-0.048147160559892654,9.329428672790527,3.9680025577545166,-3.40899920463562,0.8286157250404358,-1.4068543910980225
1781548225241949,166163777,-0.8260563611984253,-0.5518186092376709,0.059496086090803146,0.09791513532400131,-0.021964961662888527,9.332657814025879,3.9632785320281982,-3.2145347595214844,0.8001600503921509,-1.2112759351730347
1781548225243508,166180444,-0.8260877728462219,-0.5517738461494446,0.059496719390153885,0.09790152311325073,-6.505870260298252e-07,9.333925247192383,3.958130121231079,-3.784712553024292,0.815950334072113,-1.1106820106506348
1781548225273625,166197111,-0.8261293768882751,-0.5517192482948303,0.05945594981312752,0.0978839248418808,-0.0023140255361795425,9.29680061340332,3.944535970687866,-3.9055776596069336,1.0781856775283813,-1.2281031608581543
1781548225274708,166213778,-0.8261268138885498,-0.5517286658287048,0.05941913276910782,0.09787517040967941,-0.0317562110722065,9.303884506225586,3.9557294845581055,-3.3757541179656982,1.0697593688964844,-1.310166597366333
1781548225301649,166230445,-0.8261188268661499,-0.5517511367797852,0.05939396843314171,0.09783072024583817,-0.035405028611421585,9.344696044921875,3.968052625656128,-3.2563602924346924,0.99630206823349,-1.1333235502243042
1781548225303296,166247112,-0.8261333107948303,-0.551734209060669,0.05940459668636322,0.09779661893844604,-0.02960403822362423,9.363425254821777,3.987725019454956,-3.546872138977051,0.8913667798042297,-0.9613982439041138
1781548225332526,166263779,-0.8261831402778625,-0.5516666769981384,0.05942431092262268,0.09774456918239594,-0.011401176452636719,9.319461822509766,3.943861961364746,-3.95548415184021,0.8781505227088928,-0.7849652171134949
1781548225334405,166280446,-0.8262601494789124,-0.5515578985214233,0.059416916221380234,0.0977124348282814,-0.026383593678474426,9.285541534423828,3.9778060913085938,-4.319147109985352,1.0461316108703613,-0.9214938282966614
1781548225361881,166297113,-0.8261404633522034,-0.5517383813858032,0.05944869667291641,0.09768696129322052,-0.021982509642839432,9.293813705444336,3.9578142166137695,-1.9067245721817017,0.975299596786499,-1.0346633195877075
1781548225391271,166313780,-0.8260114789009094,-0.5519349575042725,0.05947840213775635,0.09764932096004486,-0.008326662704348564,9.360235214233398,3.949220657348633,-1.7764586210250854,0.9270453453063965,-1.0345354080200195
1781548225393543,166330447,-0.8261162042617798,-0.5517794489860535,0.059469833970069885,0.09764751046895981,-0.004502905532717705,9.358806610107422,3.961998224258423,-4.704054355621338,1.026294469833374,-1.0164912939071655
1781548225421552,166347114,-0.8263071775436401,-0.5515015125274658,0.05943027511239052,0.09762532263994217,-0.043467096984386444,9.301883697509766,3.959301471710205,-5.738551616668701,1.085050106048584,-0.9710288047790527
1781548225422930,166363781,-0.8263550996780396,-0.5514305233955383,0.05944559723138809,0.09761115163564682,-0.03057142347097397,9.251011848449707,3.975080728530884,-3.9870009422302246,0.9312713146209717,-0.9440199732780457
1781548225451287,166380448,-0.8262984752655029,-0.5515172481536865,0.05945293977856636,0.09759612381458282,-0.0250925961881876,9.273664474487305,3.971709728240967,-2.698246955871582,0.7895179390907288,-1.2095599174499512
1781548225453214,166397115,-0.8261205554008484,-0.551780104637146,0.059490613639354706,0.09759471565485,-0.008652102202177048,9.327061653137207,3.964188575744629,-1.2236850261688232,0.8038353323936462,-1.254573941230774
1781548225482206,166413782,-0.826044499874115,-0.5518898963928223,0.059499938040971756,0.09761136770248413,-0.017447272315621376,9.342153549194336,3.9467973709106445,-2.507495880126953,1.0800811052322388,-1.2340582609176636
1781548225484164,166430449,-0.8260880708694458,-0.5518308877944946,0.0594719797372818,0.09759322553873062,-0.016813449561595917,9.323139190673828,3.9304163455963135,-3.9293079376220703,1.0795303583145142,-1.1428769826889038
1781548225512084,166447116,-0.8261000514030457,-0.5518197417259216,0.059473637491464615,0.09755392372608185,-0.030771004036068916,9.343358039855957,3.9839870929718018,-3.510092258453369,0.9867356419563293,-0.9617441296577454
1781548225542125,166463783,-0.8261688351631165,-0.551725447177887,0.05947447568178177,0.0975043773651123,-0.05072597786784172,9.345197677612305,3.994533061981201,-4.192799091339111,0.9566535949707031,-0.8509691953659058
1781548225544457,166480450,-0.8262708187103271,-0.5515737533569336,0.05950727313756943,0.0974772721529007,-0.00947395246475935,9.268914222717285,4.01754903793335,-4.630789279937744,0.4450783133506775,-0.9016056060791016
1781548225572316,166497117,-0.826294481754303,-0.5515254735946655,0.05952426791191101,0.09754002094268799,-0.0030507396440953016,9.255077362060547,3.992372512817383,-3.7971463203430176,0.6550383567810059,-1.3928569555282593
1781548225573966,166513784,-0.8261150121688843,-0.5517852306365967,0.05961262807250023,0.09753789007663727,-0.03224525973200798,9.335721015930176,3.9800562858581543,-1.2014020681381226,0.42430639266967773,-1.0957369804382324
1781548225602037,166530451,-0.8260998129844666,-0.55179762840271,0.05968909338116646,0.09754955768585205,-0.03089080937206745,9.38719654083252,4.000561237335205,-3.2428877353668213,0.328463613986969,-1.0131230354309082
1781548225603684,166547118,-0.8262736797332764,-0.5515279173851013,0.05976145341992378,0.0975591167807579,-0.0038188323378562927,9.32020092010498,3.9679601192474365,-5.564397811889648,0.21939200162887573,-0.7864892482757568
1781548225632230,166563785,-0.8263159394264221,-0.5514507293701172,0.05983094871044159,0.09759283065795898,-0.014058000408113003,9.261144638061523,3.9642398357391357,-3.982595443725586,0.2618834376335144,-1.0830073356628418
1781548225633313,166580452,-0.8261880278587341,-0.5516265630722046,0.05992851033806801,0.09762293100357056,-0.02077559195458889,9.298640251159668,3.945397138595581,-1.8803564310073853,0.15229952335357666,-1.2014533281326294
1781548225661445,166597119,-0.826123058795929,-0.5517103672027588,0.05999676138162613,0.09765604883432388,0.008100653067231178,9.362909317016602,3.942333936691284,-2.6625683307647705,0.26580217480659485,-1.2511547803878784
1781548225691604,166613786,-0.826245903968811,-0.551521897315979,0.06001169607043266,0.09767357259988785,-0.009932761080563068,9.346258163452148,3.945058822631836,-4.950371265411377,0.5687236785888672,-1.1074036359786987
1781548225693704,166630453,-0.8264514803886414,-0.5512139797210693,0.05997112765908241,0.0976971760392189,-0.04996158927679062,9.28564453125,3.9745585918426514,-5.983293056488037,0.8155660033226013,-1.2487215995788574
1781548225722363,166647120,-0.8263943195343018,-0.5512930750846863,0.06001225858926773,0.09770975261926651,-0.04212730750441551,9.279892921447754,3.9799962043762207,-2.7288413047790527,0.5416765809059143,-1.212594985961914
1781548225723899,166663787,-0.8262176513671875,-0.5515434741973877,0.06011523678898811,0.09772688150405884,-0.010649148374795914,9.345742225646973,3.9798882007598877,-1.262488603591919,0.26502102613449097,-1.1444010734558105
1781548225752424,166680454,-0.8263104557991028,-0.5513969659805298,0.060119837522506714,0.09776494652032852,0.02175169624388218,9.345343589782715,4.015355110168457,-4.613922595977783,0.4911555051803589,-1.3317835330963135
1781548225754950,166697121,-0.8263723254203796,-0.551289975643158,0.06015108525753021,0.09782557934522629,-0.0009488026844337583,9.288043975830078,3.9612364768981934,-4.263528347015381,0.3428836166858673,-1.3641196489334106
1781548225782478,166713788,-0.8262752890586853,-0.5514189004898071,0.06021615490317345,0.0978798195719719,-0.00921293068677187,9.308403015136719,3.958726406097412,-2.2953717708587646,0.2742159962654114,-1.4027692079544067
1781548225783893,166730455,-0.8262532949447632,-0.5514382123947144,0.060269590467214584,0.09792409837245941,-0.004191917832940817,9.326058387756348,3.9762539863586426,-3.2057621479034424,0.34687915444374084,-1.2894072532653809
1781548225812738,166747122,-0.8263342380523682,-0.5513127446174622,0.06026185676455498,0.09795136004686356,-0.01627757027745247,9.325691223144531,3.978065252304077,-4.453754425048828,0.5978708863258362,-1.3383917808532715
1781548225842333,166763789,-0.8262854814529419,-0.5513679385185242,0.06034364551305771,0.09800263494253159,-0.04546564072370529,9.337852478027344,3.977259635925293,-2.886308193206787,0.2836414575576782,-1.2085864543914795
1781548225843536,166780456,-0.8262543082237244,-0.5513994693756104,0.060431722551584244,0.09803225845098495,-0.01239602081477642,9.336854934692383,3.9942147731781006,-3.072845220565796,0.22391259670257568,-1.0804461240768433
1781548225871785,166797123,-0.8262826800346375,-0.551349401473999,0.06049429625272751,0.0980374813079834,-0.0023175780661404133,9.33797836303711,3.9846417903900146,-3.769408941268921,0.4424658715724945,-0.9597079753875732
1781548225874060,166813790,-0.8262835741043091,-0.5513386726379395,0.060578249394893646,0.09803858399391174,0.0076345461420714855,9.303833961486816,3.9528558254241943,-3.4248533248901367,0.2338375300168991,-0.9385388493537903
1781548225901632,166830457,-0.8262552618980408,-0.5513845086097717,0.06062963232398033,0.09798751026391983,0.026196006685495377,9.32043170928955,3.9844167232513428,-2.9924983978271484,0.37609052658081055,-0.9186252355575562
1781548225903516,166847124,-0.8262858390808105,-0.5513429045677185,0.060675159096717834,0.0979357585310936,-0.013081184588372707,9.366087913513184,3.9785072803497314,-3.716057538986206,0.6425009965896606,-0.7518353462219238
1781548225931353,166863791,-0.8263987898826599,-0.5511640310287476,0.0607987679541111,0.09791308641433716,-0.047577448189258575,9.348472595214844,3.9825093746185303,-4.769123554229736,0.11376521736383438,-0.4741167426109314
1781548225933317,166880458,-0.8264647722244263,-0.5510534048080444,0.06100134178996086,0.09785237163305283,0.0030632365960627794,9.317928314208984,4.030884742736816,-4.134568214416504,-0.1581840068101883,-0.016097581014037132
1781548225962022,166897125,-0.8264951109886169,-0.550993800163269,0.06120328605175018,0.09780582785606384,0.007984007708728313,9.321613311767578,3.976280689239502,-3.7162492275238037,-0.18191422522068024,-0.14102354645729065
1781548225991435,166913792,-0.8264449238777161,-0.5510609745979309,0.06145314499735832,0.09769553691148758,0.008772438392043114,9.357536315917969,4.022292613983154,-2.629924774169922,-0.286426842212677,0.24285322427749634
1781548225993233,166930459,-0.8266475796699524,-0.5507360100746155,0.06165814772248268,0.09768335521221161,-0.0025928220711648464,9.34848690032959,3.9560370445251465,-5.889538764953613,-0.3448750674724579,-0.059984948486089706
1781548226021848,166947126,-0.8267812728881836,-0.550517737865448,0.06186491623520851,0.09765179455280304,0.00128508685156703,9.26695728302002,3.980865240097046,-5.012789249420166,-0.3011925220489502,-0.05971600487828255
1781548226023343,166963793,-0.8268725275993347,-0.5503594279289246,0.06203058362007141,0.09766644984483719,0.00015936061390675604,9.215707778930664,3.977555751800537,-4.557857513427734,-0.20875632762908936,-0.5279161930084229
1781548226051306,166980460,-0.8267855048179626,-0.5504639744758606,0.062224000692367554,0.09769164025783539,0.05149948596954346,9.24372386932373,3.93330454826355,-2.3749890327453613,-0.25074833631515503,-0.6912867426872253
1781548226053055,166997127,-0.8266716599464417,-0.5506259799003601,0.06228969618678093,0.097699373960495,0.050112638622522354,9.319367408752441,3.9553260803222656,-2.0249786376953125,0.3971441388130188,-1.1890056133270264
1781548226081359,167013794,-0.8267292380332947,-0.5505212545394897,0.06231529638171196,0.09778521209955215,0.012879004701972008,9.30756950378418,3.9441068172454834,-4.2506842613220215,0.5836558938026428,-1.4066752195358276
1781548226083209,167030461,-0.8267859816551208,-0.5504342913627625,0.062275197356939316,0.09782058745622635,0.010438342578709126,9.233372688293457,3.9694690704345703,-4.168569564819336,0.8419855237007141,-1.5077941417694092
1781548226112439,167047128,-0.8266456127166748,-0.5506269335746765,0.06224820390343666,0.09794050455093384,0.012448634020984173,9.220551490783691,3.9573707580566406,-1.86098051071167,0.7732154726982117,-2.099255323410034
1781548226142669,167063795,-0.826441764831543,-0.5509073138237,0.062181178480386734,0.09812770038843155,0.009201573207974434,9.272398948669434,3.9897263050079346,-1.1778384447097778,0.9356255531311035,-2.6487247943878174
1781548226144813,167080462,-0.8262601494789124,-0.5511623620986938,0.06205020472407341,0.09830586612224579,0.012792457826435566,9.34445858001709,3.9838788509368896,-1.4452093839645386,0.9611228704452515,-2.9639015197753906
1781548226171427,167097129,-0.8262091279029846,-0.5512203574180603,0.06192658096551895,0.09848763793706894,-0.002014048397541046,9.37368392944336,3.986520290374756,-3.0563507080078125,0.9083607196807861,-2.7517006397247314
1781548226173551,167113796,-0.826219379901886,-0.5511866807937622,0.061803560703992844,0.09866765886545181,0.016225935891270638,9.311013221740723,3.9916880130767822,-3.807494878768921,0.790004551410675,-2.694059371948242
1781548226201690,167130463,-0.8261622786521912,-0.5512477159500122,0.061716631054878235,0.09885828197002411,0.008572821505367756,9.27984619140625,4.000907897949219,-2.9950599670410156,0.7016535997390747,-2.653207302093506
1781548226202699,167147130,-0.8259856104850769,-0.5514844059944153,0.061675120145082474,0.09903991967439651,-0.013796999119222164,9.31290340423584,3.9935336112976074,-1.5083448886871338,0.3032095432281494,-2.685145854949951
1781548226231691,167163797,-0.8258029222488403,-0.5517213344573975,0.061681896448135376,0.0992400273680687,0.009994317777454853,9.371817588806152,3.9832704067230225,-1.4586304426193237,0.08753780275583267,-2.558823823928833
1781548226234092,167180464,-0.8256931304931641,-0.5518481135368347,0.061714787036180496,0.09942808747291565,-0.00011810033902293071,9.429049491882324,3.9922776222229004,-2.33864426612854,0.007805470377206802,-2.2667365074157715
1781548226261809,167197131,-0.8257425427436829,-0.5517399907112122,0.06178147718310356,0.09957554936408997,-0.017096271738409996,9.417383193969727,3.966156482696533,-4.236571788787842,-0.1952200084924698,-1.7292031049728394
1781548226291733,167213798,-0.8258453607559204,-0.5515479445457458,0.06191513314843178,0.09970398992300034,-0.02884427271783352,9.36733341217041,3.975266695022583,-4.861815452575684,-0.3676318824291229,-1.2245047092437744
1781548226292915,167230465,-0.8257917761802673,-0.5515900254249573,0.06214548647403717,0.09977247565984726,-0.006328532472252846,9.346881866455078,3.9853098392486572,-2.8464035987854004,-0.7225855588912964,-0.776986837387085
1781548226322036,167247132,-0.8257534503936768,-0.551619827747345,0.06237666308879852,0.09978020191192627,0.02100936695933342,9.369235038757324,3.9755356311798096,-2.9480602741241455,-0.5012149214744568,-0.4141189455986023
1781548226323235,167263799,-0.8257932066917419,-0.5515316128730774,0.06260653585195541,0.0997948870062828,-0.005209438968449831,9.34117603302002,3.9585306644439697,-3.917475938796997,-0.5530935525894165,-0.34852489829063416
1781548226351341,167280466,-0.825939953327179,-0.5512843132019043,0.06280054897069931,0.09982575476169586,-0.0030182688497006893,9.29078197479248,3.9577560424804688,-5.258134841918945,-0.5192592144012451,-0.45328086614608765
1781548226354762,167297133,-0.8259873986244202,-0.5511721968650818,0.06302756071090698,0.0999087244272232,0.007807034067809582,9.259343147277832,3.964125394821167,-4.1142578125,-0.7942498326301575,-0.7249419093132019
1781548226382665,167313800,-0.8259801864624023,-0.5511504411697388,0.06318341940641403,0.09999016672372818,0.014381589367985725,9.272563934326172,3.9349584579467773,-3.441591501235962,-0.4001215994358063,-1.086388349533081
1781548226384680,167330467,-0.8260003924369812,-0.5510942935943604,0.06326961517333984,0.10007689148187637,0.03199828788638115,9.290999412536621,3.9223129749298096,-3.791935443878174,0.11902864277362823,-1.2817493677139282
1781548226412014,167347134,-0.8259493112564087,-0.5511556267738342,0.06327909231185913,0.10015516728162766,0.007856756448745728,9.259471893310547,3.910970687866211,-2.903135299682617,0.4699609875679016,-1.6922436952590942
1781548226441348,167363801,-0.8258584141731262,-0.551283597946167,0.06324129551649094,0.10022386163473129,0.002850828692317009,9.302071571350098,3.9145233631134033,-2.4033169746398926,0.7978549003601074,-1.876271367073059
1781548226442794,167380468,-0.8257179856300354,-0.5514881014823914,0.06316396594047546,0.10030507296323776,0.014013487845659256,9.293569564819336,3.8961524963378906,-1.8123674392700195,1.024706482887268,-2.157280921936035
1781548226471483,167397135,-0.8255994319915771,-0.5516672730445862,0.06302671879529953,0.1003827378153801,0.0036582702305167913,9.336851119995117,3.9148025512695312,-2.0803020000457764,1.353804111480713,-2.3452398777008057
1781548226473711,167413802,-0.8255932927131653,-0.5516866445541382,0.06283724308013916,0.10044437646865845,-0.010495025664567947,9.324204444885254,3.961239814758301,-3.4416298866271973,1.5346683263778687,-2.352872610092163
1781548226502015,167430469,-0.8256115913391113,-0.5516714453697205,0.06264010071754456,0.10050106793642044,-0.009046053513884544,9.308587074279785,3.970208168029785,-3.7346138954162598,1.6033872365951538,-2.31417179107666
1781548226503930,167447136,-0.8254790902137756,-0.5518746376037598,0.06252195686101913,0.10054770112037659,-0.025612633675336838,9.321096420288086,3.9771132469177246,-1.8634908199310303,1.3185739517211914,-2.139185667037964
1781548226531165,167463803,-0.8253505229949951,-0.55205899477005,0.06248009577393532,0.10061786323785782,-0.01828848570585251,9.382952690124512,4.020541667938232,-1.9423516988754272,0.9173123240470886,-1.916969656944275
1781548226533078,167480470,-0.8253592848777771,-0.5520316958427429,0.06245219334959984,0.1007121354341507,0.00963283609598875,9.392827033996582,4.010712623596191,-3.665766477584839,0.7100799679756165,-1.7947458028793335
1781548226562530,167497137,-0.8254702091217041,-0.5518553256988525,0.06242426484823227,0.10078709572553635,-0.016516156494617462,9.357549667358398,3.9847700595855713,-4.891782760620117,0.5945156216621399,-1.6035727262496948
1781548226594092,167513804,-0.8255640864372253,-0.551698625087738,0.06246655806899071,0.10084930062294006,-0.021351411938667297,9.31820011138916,3.9885172843933105,-4.660358905792236,0.17250794172286987,-1.3163520097732544
1781548226594587,167530471,-0.8256432414054871,-0.5515525937080383,0.06255415827035904,0.1009460836648941,-0.03387155011296272,9.326213836669922,4.01188325881958,-4.528017997741699,-0.20177686214447021,-1.3510187864303589
1781548226622728,167547138,-0.8257265686988831,-0.5513965487480164,0.06268008798360825,0.1010381206870079,-0.030009297654032707,9.322125434875488,3.996342897415161,-4.570138454437256,-0.607443630695343,-1.2546894550323486
1781548226651508,167563805,-0.8258314728736877,-0.5511804223060608,0.06289713084697723,0.10122557729482651,-0.04544219374656677,9.382246971130371,3.977684736251831,-4.972988128662109,-1.204053282737732,-1.2803021669387817
1781548226652910,167580472,-0.8261433839797974,-0.5506699681282043,0.06308740377426147,0.1013401448726654,-0.016382597386837006,9.37573528289795,4.022042751312256,-7.411304950714111,-1.5717236995697021,-0.9775855541229248
1781548226654099,167597139,-0.8264021277427673,-0.550216019153595,0.06339500099420547,0.10150409489870071,0.05156043544411659,9.389196395874023,4.003396511077881,-6.832380771636963,-1.7380653619766235,-0.598658561706543
1781548226682550,167613806,-0.8268426656723022,-0.549508273601532,0.06361234188079834,0.10161437094211578,0.07749935239553452,9.350041389465332,4.069150924682617,-9.002482414245605,-0.9777266383171082,-0.3378572165966034
1781548226683766,167630473,-0.8273857831954956,-0.548671305179596,0.06365792453289032,0.101687490940094,0.03446437418460846,9.127223014831543,3.961407423019409,-10.227065086364746,-0.18959809839725494,-0.7654871344566345
1781548226712553,167647140,-0.8272771239280701,-0.5488166213035583,0.06371285766363144,0.10175248980522156,-0.014320223592221737,9.114614486694336,3.949383020401001,-2.170727491378784,0.12412552535533905,-1.5971182584762573
1781548226742839,167663807,-0.8264990448951721,-0.5499626994132996,0.06388520449399948,0.10177956521511078,0.0413883812725544,9.302508354187012,3.9144599437713623,6.145800590515137,0.14211848378181458,-1.788214921951294
1781548226744123,167680474,-0.8263105750083923,-0.5502250790596008,0.06381545215845108,0.10193648189306259,-0.041779160499572754,9.390202522277832,3.987459897994995,-1.332603096961975,0.9170305728912354,-2.536797046661377
1781548226772492,167697141,-0.8258792161941528,-0.550853967666626,0.0638834536075592,0.10199260711669922,-0.1124003529548645,9.416685104370117,3.9757940769195557,1.810875654220581,0.289826899766922,-1.9304804801940918
1781548226773923,167713808,-0.8255946636199951,-0.5512686371803284,0.0640370175242424,0.10195901989936829,-0.013519239611923695,9.470263481140137,4.006897926330566,0.13647086918354034,0.22235023975372314,-0.8314522504806519
1781548226801368,167730475,-0.8260889649391174,-0.5505327582359314,0.06404396891593933,0.10192753374576569,0.06418261677026749,9.420869827270508,4.024840831756592,-9.449603080749512,0.5307016372680664,-0.36799055337905884
1781548226803313,167747142,-0.8267308473587036,-0.5495612025260925,0.064007468521595,0.10198939591646194,0.050389841198921204,9.304268836975098,4.1042585372924805,-11.419145584106445,0.19783896207809448,-0.9071893692016602
1781548226832480,167763809,-0.8274661898612976,-0.5484192967414856,0.0639292299747467,0.10222022980451584,-0.010444993153214455,9.242698669433594,4.232935905456543,-12.843509674072266,-0.08434268087148666,-1.8037883043289185
1781548226833580,167780476,-0.8280481100082397,-0.5474749207496643,0.06390661001205444,0.10258512943983078,-0.015279353596270084,9.180501937866211,4.219731330871582,-11.16163444519043,-0.7198707461357117,-2.502732992172241
1781548226862510,167797143,-0.8280295729637146,-0.5474348664283752,0.06391319632530212,0.10294314473867416,0.026627758517861366,9.214834213256836,4.190648555755615,-3.728440761566162,-0.6024875044822693,-3.223832130432129
1781548226891889,167813810,-0.82763671875,-0.5479529500007629,0.06389039009809494,0.10335980355739594,-0.06071346253156662,9.311030387878418,4.110463619232178,0.8117496967315674,-0.44505906105041504,-4.186830997467041
1781548226893456,167830477,-0.8270602226257324,-0.548737108707428,0.06398873776197433,0.10375265777111053,-0.15261556208133698,9.384757995605469,4.027956008911133,3.1138193607330322,-0.9097631573677063,-3.830392360687256
1781548226922124,167847144,-0.8268238306045532,-0.5489895343780518,0.06405516713857651,0.10425989329814911,-0.13290494680404663,9.429755210876465,4.271816730499268,-1.2652034759521484,-1.507563591003418,-4.174371242523193
1781548226923886,167863811,-0.8271583318710327,-0.5483483076095581,0.06406070291996002,0.10497413575649261,-0.09062858670949936,9.2954683303833,4.345925807952881,-8.63588809967041,-2.2004902362823486,-4.723572731018066
1781548226951352,167880478,-0.8268429636955261,-0.5486113429069519,0.0643131211400032,0.10592632740736008,-0.01952897571027279,8.934550285339355,4.229740619659424,-0.968595564365387,-4.154354572296143,-6.0207390785217285
1781548226954694,167897145,-0.8253545761108398,-0.5505870580673218,0.06493586301803589,0.10689832270145416,0.25512322783470154,8.717352867126465,4.255484580993652,13.45617389678955,-5.962193012237549,-6.496666431427002
1781548226982549,167913812,-0.8229184150695801,-0.5539742112159729,0.06479069590568542,0.10825978219509125,0.401915967464447,8.943048477172852,4.263681888580322,24.31069564819336,-2.056500196456909,-12.771409034729004
1781548226983346,167930479,-0.8199119567871094,-0.5584689378738403,0.06440559029579163,0.10820803791284561,0.13773854076862335,9.012920379638672,4.052623748779297,33.201759338378906,5.232048988342285,-6.617733478546143
1781548227011953,167947146,-0.8161247968673706,-0.56396484375,0.06333500146865845,0.10896226018667221,-0.2503240406513214,9.84013557434082,4.198971748352051,40.978145599365234,6.343674659729004,-14.842313766479492
1781548227042128,167963813,-0.8126654624938965,-0.5688024759292603,0.06258804351091385,0.11009717732667923,-0.1608162820339203,10.33839225769043,4.347294330596924,36.08838653564453,2.703556776046753,-15.188397407531738
1781548227043635,167980480,-0.8109052181243896,-0.5711287260055542,0.06119154021143913,0.11180571466684341,0.3126290440559387,9.930855751037598,4.520436763763428,14.673819541931152,2.932166814804077,-18.564376831054688
1781548227071672,167997147,-0.80832439661026,-0.5746490359306335,0.0589480884373188,0.11364568024873734,0.08522550016641617,9.336198806762695,4.57769775390625,23.84745979309082,7.701610565185547,-23.757925033569336
1781548227073296,168013814,-0.8036609292030334,-0.5810088515281677,0.05613415315747261,0.11578799039125443,-0.5908905863761902,9.578142166137695,4.541164398193359,47.29048156738281,11.056431770324707,-30.46947479248047
1781548227101422,168030481,-0.7974661588668823,-0.5893306732177734,0.05282250791788101,0.11809702217578888,-0.5771678686141968,10.700066566467285,4.5173749923706055,63.78799819946289,14.10821533203125,-35.35686492919922
1781548227102834,168047148,-0.7952443361282349,-0.5923236012458801,0.047918789088726044,0.12017910182476044,-0.7980058789253235,11.180062294006348,4.719440460205078,17.262470245361328,20.87625503540039,-35.40059280395508
1781548227132507,168063815,-0.7956337928771973,-0.5919421911239624,0.04065100476145744,0.12214284390211105,-0.9639526605606079,11.131073951721191,5.29292631149292,-13.734004974365234,32.3514518737793,-41.11450958251953
1781548227133735,168080482,-0.79705411195755,-0.5901920795440674,0.031651820987463,0.12400197982788086,-1.2454115152359009,10.807695388793945,5.78629732131958,-26.84073829650879,41.389068603515625,-46.3382568359375
1781548227161671,168097149,-0.8004922270774841,-0.5858032703399658,0.02133459411561489,0.12486693263053894,-2.2369682788848877,9.88578987121582,5.512170314788818,-50.39494705200195,50.83713912963867,-43.94245910644531
1781548227191939,168113816,-0.8012624382972717,-0.5849878787994385,0.010527855716645718,0.1251285970211029,-3.317605495452881,9.86563777923584,5.894863605499268,-20.311805725097656,58.636566162109375,-45.408592224121094
1781548227193385,168130483,-0.8007209300994873,-0.5857971906661987,-0.0010082824155688286,0.1252467781305313,-3.4984805583953857,10.217363357543945,5.7098917961120605,-6.700001239776611,64.53250885009766,-48.79595947265625
1781548227221499,168147150,-0.8016954660415649,-0.5844943523406982,-0.013778413645923138,0.12434250861406326,-3.363055467605591,10.327547073364258,5.713774681091309,-25.501911163330078,73.61943054199219,-46.84280776977539
1781548227223536,168163817,-0.8029530048370361,-0.5827086567878723,-0.027280116453766823,0.12236519157886505,-3.6096231937408447,9.780996322631836,5.307966232299805,-30.026891708374023,81.52348327636719,-43.668888092041016
1781548227251192,168180484,-0.8037713170051575,-0.5813606381416321,-0.04097568988800049,0.1195528656244278,-4.272098541259766,9.480374336242676,5.132503509521484,-26.167869567871094,86.39127349853516,-40.12091827392578
1781548227252966,168197151,-0.8044175505638123,-0.5800809860229492,-0.05422559380531311,0.11609665304422379,-4.568000316619873,9.371587753295898,4.8316731452941895,-24.916521072387695,86.6044921875,-34.899925231933594
1781548227282165,168213818,-0.8045933246612549,-0.5793436765670776,-0.06685912609100342,0.11189553886651993,-4.613510608673096,9.385112762451172,4.426764011383057,-19.824827194213867,86.77655792236328,-28.49143409729004
1781548227283789,168230485,-0.8056309223175049,-0.5774171352386475,-0.07871898263692856,0.10654330998659134,-4.644203186035156,9.450786590576172,4.0573201179504395,-29.769744873046875,85.77102661132812,-18.921260833740234
1781548227312769,168247152,-0.8079360723495483,-0.5739317536354065,-0.08909419924020767,0.09951835870742798,-4.8470683097839355,9.263845443725586,3.5830376148223877,-43.254215240478516,82.35637664794922,-3.674689292907715
1781548227342677,168263819,-0.8111678957939148,-0.5694152116775513,-0.09764845669269562,0.09076281636953354,-4.799255847930908,8.862937927246094,3.3256189823150635,-52.45287322998047,77.7992935180664,13.131012916564941
1781548227344220,168280486,-0.8142858147621155,-0.56528240442276,-0.10434925556182861,0.08065854012966156,-4.375363349914551,8.405688285827637,3.1429696083068848,-49.61674499511719,73.05524444580078,28.099346160888672
1781548227371913,168297153,-0.8163645267486572,-0.5628445744514465,-0.10905782878398895,0.06972391903400421,-3.934511184692383,8.249021530151367,2.930896282196045,-35.579402923583984,66.81353759765625,41.13349151611328
1781548227373970,168313820,-0.817709743976593,-0.5616054534912109,-0.11208376288414001,0.058203257620334625,-3.480853319168091,8.338990211486816,2.5313637256622314,-25.644437789916992,60.76298141479492,51.48506546020508
1781548227401878,168330487,-0.8188720941543579,-0.5607110857963562,-0.11362183839082718,0.0462784580886364,-2.9937078952789307,8.469208717346191,2.1895592212677,-22.717247009277344,54.23204040527344,59.695274353027344
1781548227403802,168347154,-0.820050835609436,-0.5597802996635437,-0.11402639001607895,0.03406913951039314,-2.4960460662841797,8.544340133666992,1.9230461120605469,-22.84747886657715,48.92058181762695,65.64494323730469
1781548227432560,168363821,-0.8215077519416809,-0.5584079027175903,-0.11326036602258682,0.021865101531147957,-2.146436929702759,8.792291641235352,1.4247496128082275,-26.13138771057129,41.97535705566406,69.84019470214844
1781548227434587,168380488,-0.8245992064476013,-0.5545669198036194,-0.11131732910871506,0.010014748200774193,-1.6400837898254395,9.136067390441895,1.5662583112716675,-45.89982604980469,32.326171875,70.68511962890625
1781548227462872,168397155,-0.829675018787384,-0.5476773977279663,-0.10810047388076782,-0.0018312694737687707,-1.3254927396774292,9.141643524169922,1.5417732000350952,-70.66072082519531,23.359560012817383,73.3224105834961
1781548227491545,168413822,-0.8356750011444092,-0.5392652153968811,-0.10315064340829849,-0.014166224747896194,-1.3515623807907104,8.914835929870605,1.7606614828109741,-83.21377563476562,14.642807006835938,81.4942626953125
1781548227493929,168430489,-0.842188835144043,-0.529807984828949,-0.0965544581413269,-0.026429807767271996,-1.1307873725891113,8.32828140258789,2.2173566818237305,-91.2374267578125,4.650417327880859,86.39517211914062
1781548227522273,168447156,-0.8487247824668884,-0.5199509859085083,-0.08855220675468445,-0.03841739520430565,-0.6476725935935974,7.341708183288574,2.2711377143859863,-93.70613861083984,-4.436600208282471,89.6518783569336
1781548227523792,168463823,-0.8532338738441467,-0.512563943862915,-0.08153572678565979,-0.05120851472020149,0.17458735406398773,6.797776222229004,2.626918077468872,-71.24948120117188,-4.907577037811279,87.93917083740234
1781548227551372,168480490,-0.8548750281333923,-0.5095025897026062,-0.07505794614553452,-0.06294663995504379,0.514286458492279,7.282684803009033,2.553351640701294,-35.765193939208984,1.2291849851608276,86.59644317626953
1781548227553679,168497157,-0.8553096055984497,-0.5082516074180603,-0.06806565821170807,-0.07411536574363708,0.38768836855888367,8.428786277770996,3.0141372680664062,-21.238418579101562,2.1453776359558105,89.73734283447266
1781548227582159,168513824,-0.8585735559463501,-0.501835823059082,-0.060356251895427704,-0.08584550768136978,0.8927469849586487,8.493391036987305,3.3194668292999268,-61.96500015258789,-1.8304888010025024,90.06986999511719
1781548227583864,168530491,-0.8637654185295105,-0.49178606271743774,-0.05162035673856735,-0.0969075933098793,1.3439521789550781,7.327840328216553,3.9335620403289795,-90.40023803710938,-8.84970760345459,87.02191162109375
1781548227612799,168547158,-0.8665493726730347,-0.4854810833930969,-0.043402399867773056,-0.10731534659862518,1.832067847251892,6.587397575378418,3.6912708282470703,-59.44013214111328,-9.627152442932129,84.31541442871094
1781548227641719,168563825,-0.866765022277832,-0.48328307271003723,-0.03624754399061203,-0.11765214800834656,1.6041761636734009,7.342588424682617,4.330941200256348,-25.5921630859375,-5.794363975524902,83.46221160888672
1781548227643366,168580492,-0.8683074116706848,-0.4785344898700714,-0.028538646176457405,-0.12740735709667206,2.0460824966430664,8.130558967590332,4.791928291320801,-45.50421905517578,-9.294567108154297,80.1285171508789
1781548227672747,168597159,-0.8710548877716064,-0.4712844789028168,-0.02049528807401657,-0.1368734985589981,2.6940901279449463,8.0201997756958,4.931739807128906,-64.64012908935547,-10.287498474121094,77.95512390136719
1781548227674279,168613826,-0.8744809627532959,-0.46237894892692566,-0.012317117303609848,-0.1460731476545334,2.468031406402588,7.670679569244385,5.366090774536133,-76.84434509277344,-10.4970703125,75.9229965209961
1781548227701259,168630493,-0.8777087926864624,-0.45350852608680725,-0.003429711563512683,-0.1547437161207199,2.237492799758911,7.159224033355713,5.162723064422607,-76.6706771850586,-16.461811065673828,75.19717407226562
1781548227704192,168647160,-0.8810478448867798,-0.44419941306114197,0.00502094067633152,-0.16253194212913513,2.6103203296661377,6.9972734451293945,5.444613456726074,-79.17879486083984,-16.112611770629883,68.38165283203125
1781548227731946,168663827,-0.8849831819534302,-0.43366411328315735,0.012760625220835209,-0.16904808580875397,3.25895094871521,6.808151721954346,5.841619968414307,-87.67671203613281,-14.30040454864502,57.878395080566406
1781548227733056,168680494,-0.8890933990478516,-0.4228633940219879,0.019523389637470245,-0.1741221398115158,3.40036940574646,6.250302791595459,5.95611047744751,-88.80396270751953,-12.330342292785645,46.0089111328125
1781548227762309,168697161,-0.8914355039596558,-0.41570019721984863,0.0257126372307539,-0.17853596806526184,3.2575483322143555,6.348830699920654,6.399363040924072,-60.82783508300781,-15.33639907836914,41.930728912353516
1781548227791842,168713828,-0.8920907378196716,-0.41179725527763367,0.03156012296676636,-0.18330663442611694,3.317150115966797,7.228146553039551,6.579251289367676,-35.54206085205078,-16.519962310791016,44.6345100402832
1781548227794122,168730495,-0.8947649598121643,-0.4030645489692688,0.03839057683944702,-0.188310444355011,3.8789937496185303,7.523608684539795,6.941640853881836,-72.07034301757812,-15.364041328430176,47.35160827636719
1781548227821629,168747162,-0.898273229598999,-0.3921366333961487,0.04527648538351059,-0.1930907964706421,4.078835487365723,7.178308963775635,7.343833923339844,-88.01841735839844,-13.26106071472168,45.627906799316406
1781548227823213,168763829,-0.9012433886528015,-0.38238221406936646,0.051497913897037506,-0.19721129536628723,3.8851611614227295,6.665472984313965,7.842499732971191,-78.64210510253906,-12.660441398620605,40.110107421875
1781548227851329,168780496,-0.9042102098464966,-0.3722902834415436,0.058234803378582,-0.20102918148040771,3.891336441040039,5.564862251281738,7.587188243865967,-81.52981567382812,-16.19502067565918,39.711158752441406
1781548227853331,168797163,-0.905271053314209,-0.3663701117038727,0.06324173510074615,-0.20556741952896118,4.235358238220215,5.268692493438721,7.760987281799316,-48.03482437133789,-10.122950553894043,40.72469711303711
1781548227882252,168813830,-0.9040337204933167,-0.36631330847740173,0.06582672148942947,-0.2102486491203308,4.222536087036133,6.132638454437256,7.602904796600342,-2.2645957469940186,-3.9747893810272217,36.21052551269531
1781548227883466,168830497,-0.9029958844184875,-0.36633867025375366,0.06790079921483994,-0.21397200226783752,4.1671142578125,7.339401721954346,7.920632839202881,-1.950579047203064,-3.2389912605285645,28.644088745117188
1781548227912134,168847164,-0.9037730097770691,-0.3621654808521271,0.0710681825876236,-0.2167486846446991,4.027376651763916,7.499899864196777,8.194807052612305,-34.639644622802734,-5.386680603027344,24.810638427734375
1781548227942966,168863831,-0.9062958359718323,-0.3538873791694641,0.07531744986772537,-0.21844696998596191,3.8215041160583496,6.232670783996582,8.113568305969238,-66.63428497314453,-7.82395601272583,20.208160400390625
1781548227944575,168880498,-0.9081355333328247,-0.34772026538848877,0.07840194553136826,-0.21962177753448486,3.826352834701538,5.009800434112549,7.634523868560791,-50.33848190307617,-5.363760948181152,14.043149948120117
1781548227971764,168897165,-0.9075344800949097,-0.3480205237865448,0.07916246354579926,-0.2213512361049652,3.801997423171997,5.224832057952881,7.359827041625977,-0.31325626373291016,-0.6076359748840332,12.150588035583496
1781548227973781,168913832,-0.9062913060188293,-0.34981730580329895,0.0795193463563919,-0.22347413003444672,3.5029478073120117,6.523767471313477,7.856851100921631,11.388643264770508,0.2253984659910202,13.800209999084473
1781548228001234,168930499,-0.9067704677581787,-0.3470623195171356,0.08153310418128967,-0.2250945270061493,3.2522146701812744,7.049535274505615,8.166055679321289,-23.936323165893555,-3.3709604740142822,14.496450424194336
1781548228002936,168947166,-0.9090690016746521,-0.3397146165370941,0.08498989045619965,-0.22575324773788452,3.538604497909546,6.198728084564209,8.084258079528809,-59.683868408203125,-6.534961223602295,11.703422546386719
1781548228031781,168963833,-0.9108003377914429,-0.33403778076171875,0.08726666122674942,-0.22637639939785004,3.6577446460723877,5.275768280029297,7.874762535095215,-46.10515213012695,-2.1682982444763184,8.62687873840332
1781548228033226,168980500,-0.9112839102745056,-0.33179864287376404,0.0889580175280571,-0.22706392407417297,3.389539957046509,5.036993026733398,7.90279483795166,-20.76144790649414,-4.452186584472656,7.5668182373046875
1781548228061911,168997167,-0.9113995432853699,-0.33069804310798645,0.09054981172084808,-0.2275756299495697,3.3476572036743164,4.774771690368652,7.760896682739258,-12.740049362182617,-6.2317423820495605,6.117067337036133
1781548228092755,169013834,-0.9108794331550598,-0.3318566679954529,0.09146572649478912,-0.22760522365570068,3.4326484203338623,5.023476600646973,7.506906032562256,3.620119094848633,-7.023720741271973,1.1459699869155884
1781548228094697,169030501,-0.9094148278236389,-0.3361738920211792,0.09075084328651428,-0.22741194069385529,3.6303539276123047,5.794689655303955,7.699508190155029,27.96843719482422,-2.8557088375091553,-4.478892803192139
1781548228123357,169047168,-0.908825159072876,-0.3383740782737732,0.09043485671281815,-0.22663052380084991,3.5104339122772217,6.140986919403076,7.6481709480285645,11.718234062194824,-2.8525140285491943,-7.2820916175842285
1781548228125019,169063835,-0.9090887308120728,-0.3381114602088928,0.09099476039409637,-0.22573944926261902,3.2522332668304443,5.762216567993164,7.717555999755859,-7.08803653717041,-4.212612152099609,-5.727732181549072
1781548228152415,169080502,-0.9085473418235779,-0.33946505188941956,0.09135669469833374,-0.22574132680892944,3.15700101852417,5.821715831756592,7.80728006362915,5.7502899169921875,-3.9113035202026367,-0.36965543031692505
1781548228155150,169097169,-0.9075207114219666,-0.3415900766849518,0.09132014960050583,-0.22667814791202545,3.342427968978882,6.360873699188232,7.918870449066162,12.907675743103027,-0.7434731125831604,4.808320045471191
1781548228182361,169113836,-0.9074082374572754,-0.34094828367233276,0.09213189035654068,-0.22776421904563904,3.2908666133880615,6.5001349449157715,8.050531387329102,-7.7314276695251465,-0.7978103160858154,8.047154426574707
1781548228184545,169130503,-0.908591628074646,-0.3368860185146332,0.0941438153386116,-0.22826777398586273,3.2296857833862305,5.724525451660156,7.856593608856201,-34.357513427734375,-3.4751460552215576,7.362664699554443
1781548228211718,169147170,-0.9092143177986145,-0.3345739543437958,0.09566068649291992,-0.2285577356815338,3.391176223754883,5.007354736328125,7.820680141448975,-21.486902236938477,-3.9874558448791504,4.628344535827637
1781548228241508,169163837,-0.90876305103302,-0.3357846736907959,0.09550697356462479,-0.22864142060279846,3.4148943424224854,5.209271430969238,7.910168170928955,5.494801998138428,-0.26096782088279724,-1.1336438655853271
1781548228243483,169180504,-0.907663881778717,-0.33924734592437744,0.09431656450033188,-0.22838999330997467,3.477627992630005,5.983534812927246,8.069496154785156,22.472064971923828,1.4777722358703613,-6.080325603485107
1781548228302251,169197171,-0.9071893095970154,-0.3413184881210327,0.0933767706155777,-0.22757458686828613,3.4282748699188232,6.468739032745361,8.156349182128906,11.57247257232666,1.1880650520324707,-9.09512710571289
1781548228302705,169213838,-0.9077374935150146,-0.34076666831970215,0.09320927411317825,-0.22628071904182434,3.4846880435943604,6.234933376312256,8.099699974060059,-8.703789710998535,0.009495913982391357,-10.181873321533203
1781548228304168,169230505,-0.9083368182182312,-0.3400793671607971,0.0930541381239891,-0.22496964037418365,3.4888131618499756,5.775857448577881,7.7548346519470215,-9.699945449829102,0.13572818040847778,-10.25379467010498
1781548228331292,169247172,-0.9085062146186829,-0.3403036594390869,0.09253501892089844,-0.2241590917110443,3.4399631023406982,5.89223575592041,7.680644989013672,-2.117722272872925,1.8927594423294067,-7.897176742553711
1781548228333472,169263839,-0.9085236191749573,-0.34039151668548584,0.09231652319431305,-0.22404547035694122,3.386575937271118,6.209920406341553,7.766427040100098,-2.634701728820801,1.759906530380249,-2.519829034805298
1781548228334796,169280506,-0.9090397953987122,-0.33876833319664,0.09314705431461334,-0.224068284034729,3.322596788406372,6.155778884887695,7.775940895080566,-16.01924705505371,-1.5204867124557495,1.1056307554244995
1781548228361906,169297173,-0.9098024964332581,-0.3363015055656433,0.09437857568264008,-0.22417281568050385,3.3714611530303955,5.699345588684082,7.854639530181885,-22.432767868041992,-2.3796544075012207,2.7105391025543213
1781548228392027,169313840,-0.9101648926734924,-0.33496707677841187,0.09538090974092484,-0.22427590191364288,3.283891439437866,5.465709209442139,7.887382984161377,-14.07126522064209,-2.9542603492736816,2.053877115249634
1781548228393944,169330507,-0.9097056984901428,-0.33614516258239746,0.09532005339860916,-0.22440217435359955,3.4040911197662354,5.761991024017334,7.848417282104492,5.199859142303467,-0.6602187156677246,-0.6303671002388
1781548228421469,169347174,-0.909503161907196,-0.33687087893486023,0.09491489082574844,-0.22430668771266937,3.5940635204315186,6.197906017303467,8.079313278198242,2.1617186069488525,1.845542550086975,-2.9140212535858154
1781548228423538,169363841,-0.9099793434143066,-0.33576518297195435,0.09494814276695251,-0.2240184247493744,3.5922420024871826,5.989589691162109,7.943020820617676,-11.663492202758789,1.926440954208374,-2.9540295600891113
1781548228451371,169380508,-0.9105777144432068,-0.3344269394874573,0.094941146671772,-0.2235916405916214,3.6066017150878906,5.717040061950684,7.921845436096191,-13.428631782531738,2.2964937686920166,-3.9503262042999268
1781548228453665,169397175,-0.9106573462486267,-0.33448052406311035,0.09477999806404114,-0.22325560450553894,3.6346817016601562,5.708110332489014,7.990755081176758,-3.2262909412384033,0.9922294616699219,-3.8485000133514404
1781548228482193,169413842,-0.910879373550415,-0.3342108428478241,0.0946526750922203,-0.22280625998973846,3.781496047973633,5.777383804321289,7.864804267883301,-5.70316743850708,1.1090747117996216,-4.487460613250732
1781548228484501,169430509,-0.9110507965087891,-0.33434075117111206,0.09394895285367966,-0.22220869362354279,3.912353754043579,6.035073757171631,8.12302017211914,-2.297088146209717,3.733928680419922,-6.923139572143555
1781548228512365,169447176,-0.911691427230835,-0.33364567160606384,0.09315571188926697,-0.22095546126365662,4.035746097564697,6.152777671813965,8.122448921203613,-8.831175804138184,4.351556301116943,-11.420391082763672
1781548228542697,169463843,-0.9126507639884949,-0.33229249715805054,0.09232169389724731,-0.2193784862756729,4.170665740966797,5.952017307281494,8.307884216308594,-13.832784652709961,5.0688557624816895,-13.60696792602539
1781548228544060,169480510,-0.9135069847106934,-0.3313279449939728,0.09125451743602753,-0.2177143543958664,4.228941917419434,5.760111331939697,8.271163940429688,-10.861733436584473,5.681371688842773,-14.777843475341797
1781548228573132,169497177,-0.9137763381004333,-0.33198052644729614,0.08970741927623749,-0.21622803807258606,4.208539009094238,5.966978073120117,8.567886352539062,1.4612377882003784,6.313644886016846,-14.889725685119629
1781548228574734,169513844,-0.9142681360244751,-0.3321262300014496,0.08814084529876709,-0.21456295251846313,4.282960891723633,6.048390865325928,8.775517463684082,-2.3116891384124756,6.917939186096191,-16.077632904052734
1781548228601263,169530511,-0.9151567816734314,-0.3313972055912018,0.08630594611167908,-0.21263909339904785,4.376466274261475,6.086044788360596,9.063467025756836,-8.477537155151367,9.546170234680176,-18.37199592590332
1781548228603374,169547178,-0.9159215092658997,-0.33131176233291626,0.08368749171495438,-0.2105156034231186,4.391795635223389,6.0470709800720215,9.101592063903809,-3.118647575378418,13.007994651794434,-21.614593505859375
1781548228631857,169563845,-0.9165894985198975,-0.331519216299057,0.08042703568935394,-0.2085433453321457,4.48563289642334,5.924208164215088,9.055363655090332,-0.036370135843753815,16.917102813720703,-22.15273094177246
1781548228633540,169580512,-0.9168185591697693,-0.333031564950943,0.07608266919851303,-0.20674936473369598,4.402205467224121,6.013275146484375,9.109403610229492,10.841073989868164,22.040782928466797,-23.593719482421875
1781548228661535,169597179,-0.9170854091644287,-0.3346138894557953,0.07123439759016037,-0.2047279179096222,4.298161506652832,6.179172992706299,9.268336296081543,11.79391860961914,24.618579864501953,-26.27139663696289
1781548228692244,169613846,-0.9175301194190979,-0.33586910367012024,0.06601906567811966,-0.20241543650627136,4.266063213348389,6.113345146179199,9.071207046508789,9.696403503417969,26.812089920043945,-29.041885375976562
1781548228693318,169630513,-0.9179535508155823,-0.3375258147716522,0.05996965989470482,-0.19960324466228485,4.236903667449951,5.983033180236816,8.962909698486328,13.213332176208496,30.35194969177246,-34.2735595703125
1781548228723838,169647180,-0.9181250929832458,-0.3401853144168854,0.05300050601363182,-0.19624269008636475,4.163432598114014,6.064476013183594,8.758491516113281,21.163375854492188,33.405975341796875,-39.93745422363281
1781548228726192,169663847,-0.9182493686676025,-0.3431602716445923,0.04538014531135559,-0.19235330820083618,3.999945640563965,6.197681903839111,8.493229866027832,23.95265007019043,35.83845520019531,-44.85142135620117
1781548228751461,169680514,-0.9182959794998169,-0.34648552536964417,0.03705838695168495,-0.1879023164510727,3.9244861602783203,6.217240810394287,8.24361515045166,27.099695205688477,38.45695114135742,-50.05867004394531
1781548228753899,169697181,-0.918718695640564,-0.3491583466529846,0.02832886204123497,-0.1823243349790573,3.6755049228668213,5.98198127746582,7.991244792938232,22.325157165527344,39.286678314208984,-58.4661865234375
1781548228783048,169713848,-0.9185786843299866,-0.3536747992038727,0.01886112429201603,-0.1754189282655716,3.3566091060638428,5.693665027618408,7.556339740753174,35.988197326660156,38.3441276550293,-68.27845001220703
1781548228783519,169730515,-0.9181186556816101,-0.3595242500305176,0.00918053463101387,-0.16648192703723907,3.027839422225952,5.714374542236328,7.412149906158447,45.17900848388672,33.10125732421875,-81.4156494140625
1781548228811755,169747182,-0.917015790939331,-0.3670783042907715,-0.000919053447432816,-0.15599635243415833,2.705732583999634,6.109127521514893,6.9171142578125,57.9119987487793,29.929405212402344,-91.60102081298828
1781548228841751,169763849,-0.9168605208396912,-0.37227606773376465,-0.011032694019377232,-0.14372026920318604,2.7858622074127197,6.242464542388916,6.90252685546875,40.68864440917969,28.020919799804688,-103.95842742919922
1781548228843305,169780516,-0.9175935387611389,-0.375163197517395,-0.021662164479494095,-0.12963633239269257,2.833155632019043,5.761745929718018,6.578003883361816,24.49500274658203,28.865766525268555,-117.73011779785156
1781548228871747,169797183,-0.9174642562866211,-0.3802012503147125,-0.033337246626615524,-0.11222776770591736,2.4510936737060547,4.783336162567139,5.63454008102417,41.71717834472656,25.09927749633789,-140.32028198242188
1781548228873182,169813850,-0.9157295823097229,-0.38863810896873474,-0.04646690934896469,-0.09077911823987961,2.233086347579956,4.764784812927246,4.96124792098999,69.4054946899414,21.463796615600586,-167.5985107421875
1781548228902224,169830517,-0.9116800427436829,-0.40099260210990906,-0.06040094420313835,-0.06630349159240723,1.8810573816299438,6.322246074676514,4.976001262664795,101.73168182373047,16.736642837524414,-186.1223602294922
1781548228903569,169847184,-0.9066969752311707,-0.41322195529937744,-0.07390474528074265,-0.04106519743800163,0.7017534375190735,9.197907447814941,5.541191577911377,103.63910675048828,12.384455680847168,-189.34730529785156
1781548228933398,169863851,-0.9069951772689819,-0.41210123896598816,-0.08524233102798462,-0.016320155933499336,0.643973171710968,9.951576232910156,5.520462512969971,4.528956413269043,1.367248773574829,-188.3864288330078
1781548228935030,169880518,-0.9134021997451782,-0.39561381936073303,-0.09555339068174362,0.007472450379282236,1.6375758647918701,7.347447395324707,4.610233783721924,-109.30200958251953,-4.189725875854492,-189.23927307128906
1781548228964172,169897185,-0.9183514714241028,-0.3798568844795227,-0.10644340515136719,0.031766146421432495,1.8049463033676147,4.491647720336914,3.866672992706299,-100.45325469970703,-0.9166785478591919,-193.55799865722656
1781548228992830,169913852,-0.9184610843658447,-0.37293583154678345,-0.11755520850419998,0.05940575897693634,1.3170685768127441,3.479440689086914,3.497912883758545,-29.615827560424805,-2.779341220855713,-209.85565185546875
1781548228994041,169930519,-0.913729190826416,-0.37494316697120667,-0.1271611899137497,0.09135992079973221,0.615642786026001,3.9177093505859375,2.8934788703918457,43.28908920288086,-15.79057788848877,-228.01318359375
1781548229022302,169947186,-0.9056962132453918,-0.38217979669570923,-0.135118767619133,0.12408089637756348,-1.543801188468933,5.4194159507751465,3.886326313018799,86.3616714477539,-21.95241355895996,-226.0897216796875
1781548229023900,169963853,-0.9003866314888,-0.3815712332725525,-0.14119228720664978,0.15418267250061035,-2.908773422241211,5.867739677429199,3.60803484916687,29.508821487426758,-36.02804946899414,-209.78350830078125
1781548229052137,169980520,-0.8979577422142029,-0.3733760416507721,-0.14687706530094147,0.1808018982410431,-2.303537130355835,4.981668472290039,2.936554431915283,-27.9969482421875,-40.135963439941406,-191.50770568847656
1781548229053490,169997187,-0.8955875039100647,-0.3644351065158844,-0.15243028104305267,0.2046341598033905,-1.6478840112686157,3.8909084796905518,2.9371705055236816,-35.40831756591797,-34.780540466308594,-174.6384735107422
1781548229082045,170013854,-0.8920924663543701,-0.35753965377807617,-0.15774525701999664,0.22683264315128326,-3.1647205352783203,3.2666447162628174,2.884648323059082,-21.373929977416992,-28.095861434936523,-163.41635131835938
1781548229083674,170030521,-0.8880634307861328,-0.3529526889324188,-0.15991990268230438,0.24737317860126495,-5.77310848236084,3.3037617206573486,3.1080005168914795,-2.8047587871551514,-39.104225158691406,-143.85198974609375
1781548229112175,170047188,-0.8844174146652222,-0.3507579267024994,-0.15615861117839813,0.2653100788593292,-6.424575328826904,3.287165641784668,2.87065052986145,18.10302734375,-65.38661193847656,-110.26197052001953
1781548229142740,170063855,-0.8817058205604553,-0.3495217263698578,-0.14825554192066193,0.2800889313220978,-5.079147815704346,3.0349159240722656,3.4727835655212402,25.839731216430664,-82.2142333984375,-78.33110046386719
1781548229143549,170080522,-0.8797016739845276,-0.34878140687942505,-0.14043505489826202,0.2911265790462494,-3.201925754547119,2.8266775608062744,4.575305938720703,23.171167373657227,-72.49173736572266,-53.980560302734375
1781548229172159,170097189,-0.8752456903457642,-0.3550816476345062,-0.1330108344554901,0.30028340220451355,-2.7381021976470947,2.968249797821045,5.481977462768555,69.0245590209961,-49.12654113769531,-41.6646614074707
1781548229174195,170113856,-0.8687366843223572,-0.36787059903144836,-0.12512482702732086,0.307101845741272,-5.386319637298584,3.5696816444396973,5.853867530822754,111.90238189697266,-30.922924041748047,-24.770309448242188
1781548229201366,170130523,-0.8622385859489441,-0.3834482729434967,-0.11190514266490936,0.3114311099052429,-8.34642505645752,4.260073184967041,5.413568019866943,137.65737915039062,-50.6121711730957,6.0103678703308105
1781548229203413,170147190,-0.8577665686607361,-0.39808693528175354,-0.09433488547801971,0.31123027205467224,-8.07384204864502,4.256744384765625,6.849582195281982,132.5801544189453,-68.03605651855469,47.95875930786133
1781548229233463,170163857,-0.8538213968276978,-0.4134695827960968,-0.07638683915138245,0.3069157600402832,-4.175399303436279,3.938293218612671,8.10321044921875,133.66943359375,-57.75823974609375,74.86762237548828
1781548229234691,170180524,-0.8483412265777588,-0.4339834749698639,-0.06085441634058952,0.29710689187049866,-3.5833938121795654,3.765977382659912,7.294332504272461,160.1827392578125,-16.323257446289062,99.71560668945312
1781548229261709,170197191,-0.8343966603279114,-0.46814706921577454,-0.04148222506046295,0.2879233658313751,-8.066234588623047,6.612320423126221,7.756756782531738,273.22430419921875,-9.161734580993652,95.96237182617188
1781548229293146,170213858,-0.823395848274231,-0.4950201213359833,-0.018531203269958496,0.27682313323020935,-9.277934074401855,10.09968376159668,9.237793922424316,228.43907165527344,-38.807796478271484,122.22737121582031
1781548229314936,170230525,-0.8216904997825623,-0.5055302977561951,-4.95329441037029e-05,0.2631806433200836,-6.899601936340332,10.147128105163574,10.019583702087402,95.29540252685547,-37.17708969116211,137.00355529785156
1781548229323114,170247192,-0.8172749280929565,-0.5197898149490356,0.016315286979079247,0.2482224702835083,-3.999054431915283,8.952752113342285,8.835930824279785,122.07504272460938,-13.860745429992676,132.17869567871094
1781548229324439,170263859,-0.8052396774291992,-0.544842004776001,0.03171856328845024,0.23179788887500763,-2.3663957118988037,10.408500671386719,7.05258321762085,208.50784301757812,14.35057258605957,122.77880096435547
1781548229352249,170280526,-0.7958415746688843,-0.5642198324203491,0.042024508118629456,0.21569941937923431,-2.1965622901916504,13.5995454788208,6.296955108642578,159.00025939941406,32.880977630615234,107.30601501464844
1781548229354016,170297193,-0.7973195910453796,-0.5669856667518616,0.04659132659435272,0.20158915221691132,-2.4880528450012207,14.926051139831543,6.556276321411133,16.806838989257812,35.075557708740234,95.08063507080078
1781548229382267,170313860,-0.8061579465866089,-0.5586181282997131,0.04913744702935219,0.18878786265850067,-2.8243184089660645,12.64671516418457,6.811737060546875,-76.13932800292969,27.979042053222656,93.79772186279297
1781548229383845,170330527,-0.8131424188613892,-0.5518184900283813,0.05253705382347107,0.1775825172662735,-2.822638988494873,9.560064315795898,6.858656406402588,-59.75525665283203,18.526683807373047,85.29307556152344
1781548229412174,170347194,-0.8098593950271606,-0.5591357946395874,0.05899650231003761,0.1673750877380371,-1.8909343481063843,8.333555221557617,5.4461469650268555,61.505157470703125,11.160173416137695,73.68856811523438
1781548229442881,170363861,-0.8009757995605469,-0.5736351013183594,0.06462912261486053,0.15875659883022308,-0.6887184381484985,10.298282623291016,5.329145431518555,121.43718719482422,15.649140357971191,52.3061637878418
1781548229443335,170380528,-0.795950710773468,-0.5818948745727539,0.06772714108228683,0.15255868434906006,-0.5958922505378723,12.363762855529785,5.154969692230225,68.01239776611328,14.963088989257812,35.960243225097656
1781548229473142,170397195,-0.7963634133338928,-0.5821840763092041,0.06946476548910141,0.1484646499156952,-0.9255353212356567,12.507149696350098,5.389004707336426,0.2311873435974121,8.162376403808594,28.418691635131836
1781548229474329,170413862,-0.7995259165763855,-0.5783913731575012,0.07039269059896469,0.14583127200603485,-1.3723253011703491,11.418618202209473,5.171899795532227,-34.6468391418457,3.895272731781006,21.936159133911133
1781548229501429,170430529,-0.8031240701675415,-0.5738227963447571,0.0708080306649208,0.1438937485218048,-1.6122119426727295,10.472173690795898,5.393954753875732,-41.494083404541016,3.3788063526153564,16.88579559326172
1781548229504348,170447196,-0.8057470321655273,-0.5704879760742188,0.07115942984819412,0.1423082798719406,-1.573850393295288,9.729500770568848,5.1432085037231445,-31.066814422607422,3.0880136489868164,13.125234603881836
1781548229532346,170463863,-0.8060057759284973,-0.5702857971191406,0.07217609882354736,0.14113692939281464,-1.1408615112304688,9.431036949157715,4.414468765258789,-3.988743782043457,-0.31353795528411865,9.595437049865723
1781548229534656,170480530,-0.8042698502540588,-0.5727943181991577,0.07381203025579453,0.1400308758020401,-0.7625377774238586,9.444194793701172,3.436694383621216,19.42386245727539,-2.3608927726745605,8.381941795349121
1781548229562139,170497197,-0.803344190120697,-0.5740941762924194,0.07530645281076431,0.1392228603363037,-0.30638986825942993,9.740468978881836,3.1788241863250732,9.26144790649414,-3.5044851303100586,7.570509910583496
1781548229622370,170513864,-0.8029853105545044,-0.5744728446006775,0.07670151442289352,0.13896965980529785,0.03853338211774826,9.87398624420166,2.942540407180786,1.5536857843399048,-5.734774589538574,5.132882118225098
1781548229624404,170530531,-0.803429365158081,-0.5735979080200195,0.0783674493432045,0.13908740878105164,0.28533226251602173,9.605415344238281,3.0035922527313232,-8.47541332244873,-9.468432426452637,5.582976818084717
1781548229625281,170547198,-0.8040136098861694,-0.5725745558738708,0.08002885431051254,0.13898202776908875,0.47917672991752625,9.26748275756836,3.1079764366149902,-9.733537673950195,-8.630179405212402,7.010770797729492
1781548229652145,170563865,-0.8040580749511719,-0.5724502205848694,0.08132290840148926,0.13848434388637543,0.5380891561508179,9.320594787597656,3.398874521255493,-2.773791790008545,-4.492430210113525,6.721637725830078
1781548229653350,170580532,-0.8039740324020386,-0.5726532340049744,0.08196024596691132,0.1377553790807724,0.35263195633888245,9.38000774383545,3.3188295364379883,-0.9537401795387268,0.2885974943637848,5.109164237976074
1781548229654930,170597199,-0.8043850660324097,-0.5723198056221008,0.08165422081947327,0.13692177832126617,-0.026034805923700333,9.629478454589844,3.3357064723968506,-6.702319622039795,5.685412406921387,2.743601083755493
1781548229681939,170613866,-0.8054181337356567,-0.5712168216705322,0.08083827048540115,0.13593430817127228,-0.15544971823692322,9.781396865844727,3.466254472732544,-13.80034065246582,8.736660957336426,2.6057167053222656
1781548229683628,170630533,-0.8069317936897278,-0.5694554448127747,0.0796332061290741,0.13505636155605316,-0.14255166053771973,9.672404289245605,3.5633902549743652,-19.758386611938477,10.112545013427734,1.286009430885315
1781548229713932,170647200,-0.8082970976829529,-0.5678502917289734,0.07825445383787155,0.13445577025413513,-0.12314367294311523,9.446573257446289,3.5873892307281494,-18.623367309570312,10.054017066955566,-1.156197428703308
1781548229741963,170663867,-0.8088800311088562,-0.5673258304595947,0.07678989320993423,0.13400690257549286,-0.054114390164613724,9.244415283203125,3.5127503871917725,-9.723932266235352,10.518253326416016,-3.638772964477539
1781548229743186,170680534,-0.8082424402236938,-0.5685597658157349,0.07550493627786636,0.13335293531417847,-0.08921460807323456,9.180047988891602,3.2931251525878906,5.090021133422852,11.294740676879883,-3.8507566452026367
1781548229773843,170697201,-0.8070150017738342,-0.5706540942192078,0.07445590943098068,0.13242866098880768,-0.21269619464874268,9.379156112670898,3.4546282291412354,12.533284187316895,11.52208137512207,-2.414536714553833
1781548229775903,170713868,-0.8066276907920837,-0.5715100169181824,0.07333076745271683,0.13172246515750885,-0.2692716121673584,9.439422607421875,3.418907642364502,2.185244560241699,10.391979217529297,-2.524440050125122
1781548229801797,170730535,-0.8058592677116394,-0.572895348072052,0.07229036837816238,0.1309817135334015,-0.2725272476673126,9.371703147888184,3.3379135131835938,6.71259880065918,10.345069885253906,-2.611830472946167
1781548229803574,170747202,-0.8047447800636292,-0.5747657418251038,0.07130701839923859,0.13017506897449493,-0.2680341601371765,9.475796699523926,3.3553826808929443,10.84757137298584,10.553269386291504,-2.574655055999756
1781548229831311,170763869,-0.8046408891677856,-0.575209379196167,0.07010585814714432,0.1295090913772583,-0.34242480993270874,9.589435577392578,3.5836963653564453,-1.3030849695205688,10.420409202575684,-2.6101014614105225
1781548229832941,170780536,-0.8054739832878113,-0.5742492079734802,0.06904780119657516,0.12915869057178497,-0.524147093296051,9.56662654876709,3.693291187286377,-12.799572944641113,7.583075046539307,-2.278571605682373
1781548229861519,170797203,-0.806272029876709,-0.5732113718986511,0.06870391964912415,0.12897343933582306,-0.5425801277160645,9.601556777954102,3.75838565826416,-12.534645080566406,2.8905293941497803,-0.3679138422012329
1781548229891261,170813870,-0.8073592782020569,-0.5716568231582642,0.0688314214348793,0.1290036290884018,-0.32921820878982544,9.632898330688477,3.906891107559204,-16.222152709960938,-0.8928852081298828,0.7966517210006714
1781548229893201,170830537,-0.8090168237686157,-0.5693122744560242,0.06891746073961258,0.12894169986248016,-0.17081864178180695,9.456005096435547,3.9053802490234375,-22.841306686401367,-0.7317945957183838,2.0242457389831543
1781548229922734,170847204,-0.8104810118675232,-0.5672121047973633,0.06908531486988068,0.12891177833080292,-0.10902666300535202,9.379901885986328,3.8706862926483154,-20.667173385620117,-1.187175989151001,1.8791618347167969
1781548229924117,170863871,-0.8113222122192383,-0.5659950971603394,0.06922075152397156,0.1288972795009613,-0.06274106353521347,9.513689994812012,3.84401273727417,-13.352128028869629,-0.579718291759491,0.6948665976524353
1781548229951791,170880538,-0.8116130828857422,-0.5655770301818848,0.06940566003322601,0.1288008689880371,-0.018401408568024635,9.569637298583984,3.686751365661621,-6.6709818840026855,-0.09042563289403915,0.4763002097606659
1781548229953498,170897205,-0.8115982413291931,-0.5656381845474243,0.06959814578294754,0.12852200865745544,-0.03726119175553322,9.635541915893555,3.5146632194519043,-2.7137937545776367,0.8565463423728943,1.024143099784851
1781548229981684,170913872,-0.8115783333778381,-0.5657483339309692,0.06967640668153763,0.12812085449695587,-0.057262662798166275,9.608135223388672,3.402068614959717,-2.4631476402282715,2.0099501609802246,1.233834147453308
1781548229983937,170930539,-0.8118088841438293,-0.5655422210693359,0.06955063343048096,0.12763690948486328,-0.09551124274730682,9.49128532409668,3.374211311340332,-5.342592239379883,3.3124587535858154,1.2738415002822876
1781548230011959,170947206,-0.8122895359992981,-0.5650134086608887,0.06919297575950623,0.12711429595947266,-0.18859459459781647,9.319483757019043,3.3781864643096924,-8.30069351196289,4.592940330505371,0.9617249965667725
1781548230042020,170963873,-0.8125287890434265,-0.5648412108421326,0.06879856437444687,0.12656311690807343,-0.2849214971065521,9.23502254486084,3.412337303161621,-5.390988349914551,5.106053352355957,0.5974484086036682
1781548230043691,170980540,-0.8125278353691101,-0.565025806427002,0.06845922768115997,0.12592846155166626,-0.3201829791069031,9.415632247924805,3.512223482131958,-2.3767433166503906,5.3192524909973145,0.8997166156768799
1781548230072075,170997207,-0.8128836750984192,-0.5647043585777283,0.0681525468826294,0.125238299369812,-0.29048043489456177,9.58902645111084,3.565777540206909,-6.535645008087158,5.083065032958984,1.884435772895813
1781548230073533,171013874,-0.813784122467041,-0.5635794401168823,0.06774324923753738,0.12467778474092484,-0.2752649486064911,9.568443298339844,3.6809215545654297,-13.29002857208252,4.71624231338501,1.6065384149551392
1781548230101664,171030541,-0.8149380683898926,-0.562038004398346,0.0672367736697197,0.1243724599480629,-0.2574893832206726,9.355512619018555,3.8690826892852783,-16.804330825805664,4.032000541687012,0.21348848938941956
1781548230103345,171047208,-0.8155025839805603,-0.5612878203392029,0.06677037477493286,0.12431171536445618,-0.29655158519744873,9.070972442626953,3.978942394256592,-10.171972274780273,3.2668049335479736,-1.8715332746505737
1781548230132084,171063875,-0.8149174451828003,-0.5621433854103088,0.06662654876708984,0.1243586540222168,-0.33060747385025024,9.044768333435059,4.018509864807129,3.495396852493286,1.8876365423202515,-2.950608253479004
1781548230134214,171080542,-0.8136496543884277,-0.5639445185661316,0.0667891800403595,0.12441876530647278,-0.2521701455116272,9.394866943359375,3.96999454498291,11.687419891357422,0.6148011088371277,-2.8566880226135254
1781548230162844,171097209,-0.8127968311309814,-0.5651252269744873,0.06708329916000366,0.12447857856750488,-0.15552327036857605,9.73072338104248,3.9245388507843018,6.721689224243164,-0.45949190855026245,-1.7054859399795532
1781548230191669,171113876,-0.8131763339042664,-0.5645335912704468,0.06726963818073273,0.12458322942256927,-0.10072893649339676,9.740279197692871,3.8651602268218994,-8.083805084228516,-0.9800317287445068,-0.5031359791755676
1781548230193921,171130543,-0.8143307566642761,-0.5628106594085693,0.06740031391382217,0.1247677132487297,-0.13255764544010162,9.479813575744629,3.8771512508392334,-17.500856399536133,-1.5883220434188843,0.021508289501070976
1781548230221389,171147210,-0.8153216242790222,-0.5612809062004089,0.06766004115343094,0.12504662573337555,-0.20321430265903473,9.275543212890625,3.8275437355041504,-15.718951225280762,-2.5861806869506836,-0.237762913107872
1781548230223672,171163877,-0.8156816959381104,-0.5606191754341125,0.06814800947904587,0.1254013180732727,-0.191974475979805,9.318263053894043,3.8533425331115723,-8.258279800415039,-3.7049167156219482,-0.7281564474105835
1781548230252661,171180544,-0.8159154057502747,-0.5601284503936768,0.06867242604494095,0.12578707933425903,-0.139633908867836,9.398580551147461,3.8363420963287354,-6.795102596282959,-3.941206693649292,-0.9511407017707825
1781548230254011,171197211,-0.8160019516944885,-0.5598586797714233,0.06922797113656998,0.12612174451351166,-0.1465735286474228,9.456989288330078,3.8226845264434814,-4.937386512756348,-3.797224521636963,-0.7763978838920593
1781548230281498,171213878,-0.8161282539367676,-0.5595461130142212,0.06974362581968307,0.12640802562236786,-0.17469391226768494,9.47244644165039,3.804734468460083,-5.341939449310303,-3.4050421714782715,-0.6038835048675537
1781548230284172,171230545,-0.8163906931877136,-0.5590530037879944,0.07022317498922348,0.12662865221500397,-0.18699191510677338,9.430498123168945,3.750113010406494,-6.879521369934082,-3.0419182777404785,-0.16955609619617462
1781548230313666,171247212,-0.8167226910591125,-0.5584695339202881,0.07066385447978973,0.1268174648284912,-0.19682694971561432,9.377519607543945,3.7073934078216553,-7.670966625213623,-2.7462711334228516,-0.036933522671461105
1781548230343355,171263879,-0.8171682357788086,-0.5577269792556763,0.07098022103309631,0.12703782320022583,-0.16811421513557434,9.332833290100098,3.6993157863616943,-9.124590873718262,-2.2524454593658447,-0.5145848989486694
1781548230345113,171280546,-0.8176303505897522,-0.5569770336151123,0.07116539776325226,0.12725096940994263,-0.14528100192546844,9.30421257019043,3.6733767986297607,-9.340620040893555,-1.4862796068191528,-0.9594646692276001
1781548230371685,171297213,-0.817952036857605,-0.5564494132995605,0.07130348682403564,0.12741504609584808,-0.15242359042167664,9.370774269104004,3.6751673221588135,-7.569437503814697,-0.9073172211647034,-1.0956475734710693
1781548230374179,171313880,-0.8181771636009216,-0.5561022162437439,0.0713360533118248,0.12746745347976685,-0.1296263337135315,9.442428588867188,3.6729960441589355,-6.22379732131958,0.22375896573066711,-1.0444475412368774
1781548230401883,171330547,-0.8185465931892395,-0.5555831789970398,0.07120677083730698,0.127431720495224,-0.12264275550842285,9.459704399108887,3.7268714904785156,-7.840817451477051,1.3917367458343506,-0.9569034576416016
1781548230404108,171347214,-0.8190225958824158,-0.5549309253692627,0.07095649093389511,0.12735362350940704,-0.1697624772787094,9.337752342224121,3.7775633335113525,-9.083341598510742,2.169748306274414,-1.0222417116165161
1781548230431957,171363881,-0.8192417025566101,-0.5546613335609436,0.07067890465259552,0.12727205455303192,-0.22202779352664948,9.218857765197754,3.8011555671691895,-5.970089912414551,2.546792507171631,-1.5185257196426392
1781548230433673,171380548,-0.8190594911575317,-0.5549809336662292,0.0704759731888771,0.12716476619243622,-0.20516666769981384,9.278515815734863,3.819283962249756,-1.0431666374206543,2.5448200702667236,-1.7266032695770264
1781548230462225,171397215,-0.818926215171814,-0.5552402138710022,0.07023219764232635,0.12702599167823792,-0.2070448100566864,9.439127922058105,3.8259143829345703,-1.590318202972412,2.865696430206299,-1.6332451105117798
1781548230491874,171413882,-0.8190511465072632,-0.5551267862319946,0.06999050825834274,0.12685029208660126,-0.18126176297664642,9.500551223754883,3.8637747764587402,-4.653776168823242,2.7940831184387207,-1.0120731592178345
1781548230494690,171430549,-0.819546103477478,-0.5544736981391907,0.06970679014921188,0.12666603922843933,-0.15089938044548035,9.434710502624512,3.9379305839538574,-9.138972282409668,2.7707762718200684,-0.5416575074195862
1781548230522684,171447216,-0.8201820254325867,-0.5535989999771118,0.0694180428981781,0.12653440237045288,-0.17667421698570251,9.290773391723633,3.961103916168213,-10.953301429748535,2.4738996028900146,-0.6286382675170898
1781548230524365,171463883,-0.8203898072242737,-0.5533348917961121,0.06929783523082733,0.12640796601772308,-0.1921737939119339,9.268016815185547,3.990198850631714,-5.736949920654297,1.8307509422302246,-0.6803500652313232
1781548230552248,171480550,-0.8204742670059204,-0.5532395243644714,0.06923889368772507,0.12630946934223175,-0.16381044685840607,9.323290824890137,4.0115861892700195,-4.275272369384766,1.4666922092437744,-0.7927643060684204
1781548230553300,171497217,-0.8205872178077698,-0.5530805587768555,0.06922319531440735,0.12628105282783508,-0.12790367007255554,9.321531295776367,4.004982948303223,-4.737977981567383,0.9143030047416687,-0.9684290289878845
1781548230582295,171513884,-0.8204930424690247,-0.5532159805297852,0.06933241337537766,0.12623952329158783,-0.11360136419534683,9.355864524841309,3.9829251766204834,-2.1744415760040283,0.4166225790977478,-0.7397460341453552
1781548230583835,171530551,-0.8205476403236389,-0.5531304478645325,0.06945284456014633,0.12619343400001526,-0.11799944937229156,9.418604850769043,3.9987101554870605,-3.9755783081054688,0.2499735802412033,-0.4368246793746948
1781548230612886,171547218,-0.8208988904953003,-0.5526092052459717,0.06952933222055435,0.12615063786506653,-0.14362113177776337,9.391164779663086,3.9680187702178955,-7.600287914276123,0.2490963637828827,-0.1575949639081955
1781548230641837,171563885,-0.8212792277336121,-0.5520440340042114,0.06959009170532227,0.1261163055896759,-0.14527659118175507,9.311806678771973,3.9290194511413574,-7.976781845092773,0.2813875675201416,-0.2189117819070816
1781548230643493,171580552,-0.8215126395225525,-0.55169677734375,0.06966747343540192,0.12607264518737793,-0.16557572782039642,9.311806678771973,3.9326343536376953,-6.169459342956543,0.3417823016643524,-0.33492448925971985
1781548230674398,171597219,-0.8216679692268372,-0.5514541864395142,0.06977496296167374,0.12606200575828552,-0.19343027472496033,9.2913179397583,3.9081923961639404,-5.271644592285156,0.10024172067642212,-0.5250091552734375
1781548230675915,171613886,-0.8217893242835999,-0.5512745976448059,0.06983468681573868,0.12602370977401733,-0.1907663643360138,9.280817031860352,3.8990020751953125,-4.814969539642334,0.5129134654998779,-0.6099408268928528
1781548230701452,171630553,-0.8218269348144531,-0.5512213706970215,0.06985688954591751,0.12599870562553406,-0.16830360889434814,9.308401107788086,3.9029202461242676,-3.822260618209839,0.7443370819091797,-0.9603866934776306
1781548230703207,171647220,-0.8218021988868713,-0.5512669086456299,0.06987722963094711,0.12594877183437347,-0.1839471161365509,9.363134384155273,3.9129092693328857,-3.0184693336486816,0.9051719903945923,-0.9277048110961914
1781548230732745,171663887,-0.821913480758667,-0.5511156916618347,0.06987670063972473,0.12588466703891754,-0.15555937588214874,9.360941886901855,3.9087064266204834,-4.65679931640625,0.9711504578590393,-0.7149657607078552
1781548230735021,171680554,-0.8221485018730164,-0.5507951974868774,0.06980875879526138,0.12579098343849182,-0.15848082304000854,9.298606872558594,3.93082332611084,-6.125957012176514,1.377188801765442,-0.614756166934967
1781548230763465,171697221,-0.8223526477813721,-0.5505185127258301,0.06971368193626404,0.12572109699249268,-0.17106646299362183,9.269204139709473,3.9356532096862793,-5.795820713043213,1.463451862335205,-0.8998381495475769
1781548230792643,171713888,-0.8223275542259216,-0.550585150718689,0.06967022269964218,0.1256169229745865,-0.1819673329591751,9.293615341186523,3.9481308460235596,-2.925943374633789,1.4888725280761719,-0.8733417987823486
1781548230794597,171730555,-0.8223153948783875,-0.5506256222724915,0.06964990496635437,0.12553033232688904,-0.16523629426956177,9.366888046264648,3.957712411880493,-3.111302614212036,1.274276614189148,-0.8617520928382874
1781548230823425,171747222,-0.82240891456604,-0.5505171418190002,0.06960896402597427,0.1254163384437561,-0.17455558478832245,9.375173568725586,4.004296779632568,-4.358283042907715,1.417387843132019,-0.6221069097518921
1781548230823903,171763889,-0.8225866556167603,-0.5502736568450928,0.06961037963628769,0.12531854212284088,-0.16786973178386688,9.304251670837402,4.005932807922363,-5.411707878112793,1.040215015411377,-0.4164624810218811
1781548230851308,171780556,-0.8227447867393494,-0.5500513911247253,0.06961818039417267,0.12525136768817902,-0.171641543507576,9.20995807647705,4.039285659790039,-5.226181983947754,0.8972833752632141,-0.5924217700958252
1781548230853321,171797223,-0.8226577043533325,-0.5501753091812134,0.06970731168985367,0.12522974610328674,-0.134184792637825,9.235469818115234,3.978731632232666,-2.2923367023468018,0.4454880654811859,-0.9197777509689331
1781548230881355,171813890,-0.8225304484367371,-0.5503591895103455,0.06981393694877625,0.1251981407403946,-0.11024652421474457,9.336301803588867,3.976533889770508,-1.7807484865188599,0.4166865944862366,-0.8606507182121277
1781548230883306,171830557,-0.8225958347320557,-0.5502549409866333,0.06986767798662186,0.12519632279872894,-0.10455625504255295,9.406153678894043,3.9743988513946533,-4.1993560791015625,0.447754830121994,-0.9249643087387085
1781548230911489,171847224,-0.8228433728218079,-0.5498791933059692,0.06990461051464081,0.1251993626356125,-0.12487173825502396,9.370379447937012,4.001259803771973,-6.440250873565674,0.37854936718940735,-0.7291552424430847
1781548230941480,171863891,-0.8231431245803833,-0.5494310855865479,0.06990855187177658,0.12519453465938568,-0.14133784174919128,9.279232025146484,4.027518272399902,-7.071680545806885,0.5576333999633789,-0.7297828197479248
1781548230943196,171880558,-0.823173999786377,-0.5493801236152649,0.06998729705810547,0.12517149746418,-0.15730740129947662,9.223958969116211,4.004062652587891,-3.7351646423339844,0.41555970907211304,-0.7667034864425659
1781548230974834,171897225,-0.823034942150116,-0.5495727062225342,0.07011426240205765,0.12516966462135315,-0.144644632935524,9.287240028381348,3.99379301071167,-1.6832919120788574,0.19106429815292358,-0.9679421782493591
1781548230977544,171913892,-0.8229756951332092,-0.5496419668197632,0.0702223926782608,0.1251939833164215,-0.11661544442176819,9.32070255279541,3.9705371856689453,-2.7115907669067383,0.130925714969635,-1.0589699745178223
1781548231001516,171930559,-0.8230341672897339,-0.5495465397834778,0.07027789205312729,0.12519805133342743,-0.12040974199771881,9.308623313903809,3.97969388961792,-4.123043060302734,0.42115604877471924,-0.9627430438995361
1781548231003709,171947226,-0.8231267333030701,-0.549396276473999,0.0703391581773758,0.12521520256996155,-0.13301584124565125,9.332159042358398,3.961418390274048,-4.5642218589782715,0.3068081736564636,-0.9592724442481995
1781548231031969,171963893,-0.8232113122940063,-0.5492669343948364,0.07042334973812103,0.12517818808555603,-0.10287738591432571,9.355147361755371,3.987673044204712,-4.369386196136475,0.396439790725708,-0.5833548903465271
1781548231033822,171980560,-0.8234619498252869,-0.5489045977592468,0.07040615379810333,0.12512901425361633,-0.12182232737541199,9.333440780639648,3.9811227321624756,-6.396862506866455,0.8964382410049438,-0.6414061188697815
1781548231062216,171997227,-0.8237011432647705,-0.548562228679657,0.070375457406044,0.12507440149784088,-0.13195359706878662,9.251301765441895,3.9635984897613525,-6.248936176300049,1.0050618648529053,-0.6814003586769104
1781548231091385,172013894,-0.8236911296844482,-0.548589289188385,0.0703529566526413,0.1250324249267578,-0.1487007439136505,9.226579666137695,3.9623899459838867,-3.216378927230835,1.1082680225372314,-1.1152281761169434
1781548231093435,172030561,-0.8234432935714722,-0.5489690899848938,0.07037931680679321,0.12498386949300766,-0.13458168506622314,9.287477493286133,3.975348472595215,-0.27615609765052795,1.0446715354919434,-1.268763542175293
1781548231123136,172047228,-0.82329261302948,-0.5492043495178223,0.07039806246757507,0.12493220716714859,-0.1331983357667923,9.382582664489746,4.011030197143555,-1.4666985273361206,1.0219403505325317,-1.1263697147369385
1781548231125622,172063895,-0.8233678340911865,-0.5491102933883667,0.0703924298286438,0.12485332041978836,-0.12542091310024261,9.37034797668457,4.021764278411865,-4.191108703613281,1.089314579963684,-0.7111366391181946
1781548231151421,172080562,-0.8236165642738342,-0.5487549304962158,0.07036532461643219,0.12478949129581451,-0.12396310269832611,9.283026695251465,4.003579139709473,-6.351220607757568,1.0131808519363403,-0.6023979187011719
1781548231153583,172097229,-0.8237301111221313,-0.5485978722572327,0.07036174088716507,0.12473396956920624,-0.15063872933387756,9.234874725341797,4.018346786499023,-4.701108455657959,0.9544379711151123,-0.772530198097229
1781548231182313,172113896,-0.8236315250396729,-0.5487494468688965,0.07041599601507187,0.12468740344047546,-0.1451122760772705,9.253551483154297,4.020676136016846,-2.1080918312072754,0.7546334266662598,-0.9363107085227966
1781548231184097,172130563,-0.8236433267593384,-0.5487231612205505,0.07045501470565796,0.12470307946205139,-0.15707522630691528,9.322420120239258,3.99924635887146,-3.574585437774658,0.5075220465660095,-1.165467619895935
1781548231211980,172147230,-0.8237122893333435,-0.5486072301864624,0.07052729278802872,0.12471692264080048,-0.13417506217956543,9.326607704162598,4.064696311950684,-4.268420219421387,0.2769436836242676,-0.9372967481613159
1781548231242600,172163897,-0.8238170742988586,-0.5484313368797302,0.07062429934740067,0.12474328279495239,-0.12158377468585968,9.337900161743164,4.056298732757568,-4.7283477783203125,0.05564999580383301,-0.8549776077270508
1781548231244801,172180564,-0.8239603638648987,-0.5482020378112793,0.07074952125549316,0.12473441660404205,-0.09679354727268219,9.299222946166992,4.031553268432617,-5.133925437927246,0.001453520730137825,-0.4905344247817993
1781548231272395,172197231,-0.8240640759468079,-0.5480259656906128,0.07086190581321716,0.12475878745317459,-0.10682795196771622,9.256769180297852,4.022106647491455,-4.7107014656066895,-0.024383291602134705,-0.7868862152099609
1781548231274055,172213898,-0.824003279209137,-0.5480982661247253,0.07096879929304123,0.12478206306695938,-0.10676147788763046,9.246505737304688,3.9879417419433594,-2.687502384185791,0.14353998005390167,-1.063746690750122
1781548231301566,172230565,-0.8238635063171387,-0.5482841730117798,0.07109266519546509,0.12481740862131119,-0.10201288014650345,9.302962303161621,4.000331401824951,-1.7374248504638672,0.06123356893658638,-1.1915411949157715
1781548231304562,172247232,-0.823842465877533,-0.5483000874519348,0.07117732614278793,0.12483761459589005,-0.09325166791677475,9.35938549041748,4.017107963562012,-3.1742072105407715,0.2521762251853943,-1.0687025785446167
1781548231332391,172263899,-0.8239425420761108,-0.5481380820274353,0.07126661390066147,0.12483770400285721,-0.13599592447280884,9.321934700012207,4.001946449279785,-4.624143123626709,0.20842976868152618,-0.7464566230773926
1781548231333272,172280566,-0.8241050243377686,-0.5478839874267578,0.07133107632398605,0.12484388053417206,-0.13713614642620087,9.257584571838379,4.001550197601318,-5.405124664306641,0.2776608467102051,-0.775834321975708
1781548231362047,172297233,-0.8241626024246216,-0.5477848649024963,0.07139120995998383,0.12486392259597778,-0.12182921916246414,9.209364891052246,4.002890110015869,-4.142611026763916,0.3316652774810791,-1.0368789434432983
1781548231393427,172313900,-0.8240658044815063,-0.5479203462600708,0.07144194096326828,0.12487979978322983,-0.13625866174697876,9.221044540405273,4.006921291351318,-2.237666368484497,0.526347279548645,-1.2963610887527466
1781548231394560,172330567,-0.8239216804504395,-0.5481204390525818,0.07148444652557373,0.12492895126342773,-0.11586195230484009,9.282279014587402,3.949228525161743,-1.7166657447814941,0.4797322750091553,-1.5882307291030884
1781548231422096,172347234,-0.8238721489906311,-0.5481828451156616,0.07150997221469879,0.12496688216924667,-0.1135687604546547,9.348753929138184,4.033181190490723,-2.8621039390563965,0.5467990636825562,-1.439651370048523
1781548231424119,172363901,-0.8239778876304626,-0.5480226874351501,0.07149963080883026,0.12497801333665848,-0.09126492589712143,9.348591804504395,4.004582405090332,-4.726171016693115,0.7360002398490906,-1.1802459955215454
1781548231451471,172380568,-0.824169933795929,-0.5477434992790222,0.07145782560110092,0.12496001273393631,-0.11007261276245117,9.271371841430664,4.0039801597595215,-5.737757682800293,0.9641965627670288,-1.0015079975128174
1781548231453113,172397235,-0.8242404460906982,-0.5476410388946533,0.07141602039337158,0.12496764957904816,-0.11662422865629196,9.232900619506836,4.013121128082275,-4.291600227355957,0.9596503376960754,-1.3381997346878052
1781548231481959,172413902,-0.8240723013877869,-0.5478953123092651,0.07142207771539688,0.12495897710323334,-0.11455142498016357,9.276556968688965,4.011939525604248,-1.3222813606262207,0.9387887120246887,-1.4457216262817383
1781548231483476,172430569,-0.824032723903656,-0.5479527711868286,0.07139743119478226,0.12498100847005844,-0.11780492961406708,9.315021514892578,4.030014514923096,-2.9625697135925293,0.8918149471282959,-1.5282073020935059
1781548231511539,172447236,-0.8241104483604431,-0.5478381514549255,0.07133684307336807,0.1250057965517044,-0.10930284857749939,9.307564735412598,4.052670478820801,-4.411480903625488,0.9947142004966736,-1.4941554069519043
1781548231542943,172463903,-0.8240301609039307,-0.5479590892791748,0.07134068012237549,0.12500247359275818,-0.11836501955986023,9.322919845581055,4.050531387329102,-2.412562608718872,0.8600039482116699,-1.3437447547912598
1781548231545435,172480570,-0.8239966034889221,-0.5480160713195801,0.07135063409805298,0.12496861070394516,-0.10050609707832336,9.394083023071289,4.056223392486572,-2.930412769317627,0.9088985919952393,-1.0760791301727295
1781548231572697,172497237,-0.8242142796516418,-0.5476961731910706,0.07132714241743088,0.12494989484548569,-0.08365538716316223,9.312650680541992,4.058902740478516,-6.048477649688721,0.8404615521430969,-0.8873520493507385
1781548231574393,172513904,-0.8243289589881897,-0.5475364327430725,0.07129184901714325,0.12491287291049957,-0.11625751852989197,9.211730003356934,4.042712211608887,-4.754395961761475,1.0637531280517578,-0.9949893951416016
1781548231602326,172530571,-0.8241568803787231,-0.5477964878082275,0.07131227850914001,0.12489680200815201,-0.13844464719295502,9.248781204223633,4.013530731201172,-1.2573530673980713,0.8890359401702881,-1.356000304222107
1781548231603653,172547238,-0.8239386081695557,-0.5481258630752563,0.07134413719177246,0.12487325817346573,-0.13289779424667358,9.320319175720215,3.9859695434570312,-0.6769693493843079,0.8892281651496887,-1.3444746732711792
1781548231632479,172563905,-0.8238725066184998,-0.5482274889945984,0.0713529884815216,0.12485809624195099,-0.11137848347425461,9.362504005432129,4.01646089553833,-2.5649449825286865,0.867341935634613,-1.2363890409469604
1781548231633334,172580572,-0.8240069150924683,-0.5480353236198425,0.07130620628595352,0.1248416006565094,-0.1202518492937088,9.34520149230957,4.012109279632568,-5.031679630279541,1.033645510673523,-1.1223230361938477
1781548231661892,172597239,-0.8241862058639526,-0.5477839112281799,0.07122975587844849,0.12480603158473969,-0.11520490050315857,9.235384941101074,3.9964747428894043,-5.5525383949279785,1.2443225383758545,-1.0585983991622925
1781548231692443,172613906,-0.8241583704948425,-0.547834575176239,0.07119929045438766,0.12478385120630264,-0.12070472538471222,9.211044311523438,3.9995248317718506,-3.0276131629943848,1.0910433530807495,-1.2871277332305908
1781548231693662,172630573,-0.8239372372627258,-0.5481671690940857,0.0712241381406784,0.12477011978626251,-0.1184292808175087,9.289883613586426,3.979525327682495,-0.6582720875740051,0.8934158682823181,-1.4304310083389282
1781548231721338,172647240,-0.8238536715507507,-0.5482913851737976,0.07122968882322311,0.12477196753025055,-0.11739838868379593,9.374526023864746,4.025722026824951,-2.3817503452301025,0.8324319124221802,-1.3713934421539307
1781548231723241,172663907,-0.8239852786064148,-0.5480988025665283,0.07119053602218628,0.12477144598960876,-0.10555568337440491,9.318236351013184,4.02529764175415,-5.024482250213623,0.9286972880363464,-1.1866235733032227
1781548231751320,172680574,-0.8241315484046936,-0.5478916764259338,0.07110036164522171,0.12476718425750732,-0.13341620564460754,9.247941970825195,4.0090532302856445,-5.203464031219482,1.2263425588607788,-1.3383148908615112
1781548231753515,172697241,-0.8240079283714294,-0.5480783581733704,0.07110035419464111,0.12476404756307602,-0.1400137096643448,9.278525352478027,4.009146213531494,-1.8789474964141846,0.9172354936599731,-1.4290220737457275
1781548231781476,172713908,-0.823916494846344,-0.5482180714607239,0.07110347598791122,0.12475229054689407,-0.13127954304218292,9.329682350158691,4.032004356384277,-2.259603977203369,0.9073619246482849,-1.3177605867385864
1781548231783570,172730575,-0.8240391612052917,-0.5480369329452515,0.07103921473026276,0.12477478384971619,-0.14371776580810547,9.270467758178711,4.007359027862549,-4.958619117736816,0.9896300435066223,-1.4252443313598633
1781548231811585,172747242,-0.8239997029304504,-0.5481019020080566,0.07102107256650925,0.12475988268852234,-0.14399898052215576,9.274187088012695,4.00592041015625,-2.895028829574585,1.0006433725357056,-1.2993577718734741
1781548231841863,172763909,-0.8239561915397644,-0.5481685400009155,0.07102104276418686,0.12475433200597763,-0.13480645418167114,9.322562217712402,4.038132190704346,-2.8588509559631348,0.8625268340110779,-1.2881009578704834
1781548231844037,172780576,-0.8240475654602051,-0.5480308532714844,0.07100414484739304,0.1247655525803566,-0.12587937712669373,9.320541381835938,4.024715423583984,-4.547945022583008,0.7853687405586243,-1.231522798538208
1781548231871822,172797243,-0.8240963220596313,-0.5479591488838196,0.07097909599542618,0.12477247416973114,-0.1072346642613411,9.27838134765625,3.9964754581451416,-4.018427848815918,0.883618950843811,-1.3063758611679077
1781548231874163,172813910,-0.8240953087806702,-0.5479638576507568,0.0709591954946518,0.1247694194316864,-0.12001010030508041,9.27919864654541,4.018008708953857,-3.3883166313171387,0.9333202838897705,-1.3106400966644287
1781548231901382,172830577,-0.8240614533424377,-0.5480169057846069,0.07096047699451447,0.12475963681936264,-0.13022971153259277,9.314895629882812,3.9988551139831543,-2.969574451446533,0.8644477128982544,-1.2444056272506714
1781548231903640,172847244,-0.8240832686424255,-0.5479853749275208,0.07099052518606186,0.12473726272583008,-0.11803598701953888,9.346043586730957,3.9958646297454834,-3.627655267715454,0.7033440470695496,-0.9757542014122009
1781548231932394,172863911,-0.8242005109786987,-0.5478169322013855,0.07097649574279785,0.12470991909503937,-0.10289203375577927,9.299190521240234,4.012346267700195,-4.797886371612549,0.9008050560951233,-0.9652146100997925
1781548231934411,172880578,-0.8242928981781006,-0.5476911664009094,0.07095823436975479,0.12466228008270264,-0.1334218531847,9.283235549926758,4.020148754119873,-4.456686973571777,1.02589750289917,-0.9080983996391296
1781548231962252,172897245,-0.8242772221565247,-0.5477267503738403,0.0709417462348938,0.1246190294623375,-0.11879114806652069,9.29449462890625,4.021007061004639,-3.1349434852600098,1.0848066806793213,-1.097837209701538
1781548231991448,172913912,-0.824259877204895,-0.5477620363235474,0.0709395483136177,0.1245795413851738,-0.10600639879703522,9.267040252685547,4.0015764236450195,-3.1208176612854004,0.989040732383728,-1.0665639638900757
1781548231994191,172930579,-0.8242286443710327,-0.5478169322013855,0.07089846581220627,0.1245683953166008,-0.11039407551288605,9.263042449951172,4.003283500671387,-3.0038187503814697,1.1120458841323853,-1.3954310417175293
1781548232022047,172947246,-0.8241353034973145,-0.547957718372345,0.07090534269809723,0.1245628371834755,-0.10513769835233688,9.312682151794434,4.001469612121582,-2.2451324462890625,0.8631672263145447,-1.3411707878112793
1781548232023443,172963913,-0.8241363167762756,-0.5479629039764404,0.07089638710021973,0.12453833222389221,-0.13781169056892395,9.348482131958008,4.037595272064209,-3.373167037963867,0.954092264175415,-1.1467829942703247
1781548232051496,172980580,-0.8243080377578735,-0.5477154850959778,0.07085704058408737,0.12451288849115372,-0.12449030578136444,9.333161354064941,4.000642776489258,-5.473062992095947,0.9966222643852234,-0.9868060946464539
1781548232053789,172997247,-0.8244550228118896,-0.5475087761878967,0.07082494348287582,0.12446701526641846,-0.1273626983165741,9.281481742858887,4.0143208503723145,-5.133144855499268,1.05539071559906,-0.8847140669822693
1781548232084368,173013914,-0.824434757232666,-0.547553300857544,0.07085362821817398,0.12438887357711792,-0.14167489111423492,9.28067684173584,4.016933917999268,-3.011950731277466,0.9656305909156799,-0.7384268641471863
1781548232084827,173030581,-0.8244005441665649,-0.5476128458976746,0.07087917625904083,0.12433847039937973,-0.1238899901509285,9.29393482208252,4.036667346954346,-2.8904056549072266,0.8852196931838989,-0.9266034364700317
1781548232113404,173047248,-0.8243824243545532,-0.5476486682891846,0.07090981304645538,0.12428358197212219,-0.11738245189189911,9.32149887084961,4.021656036376953,-3.0783002376556396,0.8612204790115356,-0.856821596622467
1781548232141854,173063915,-0.8244277834892273,-0.5475876927375793,0.07093846797943115,0.12423468381166458,-0.10262051969766617,9.312301635742188,4.041109561920166,-3.870246171951294,0.7976499795913696,-0.7969649434089661
1781548232144004,173080582,-0.8245250582695007,-0.5474593043327332,0.07092873007059097,0.124161496758461,-0.11210343986749649,9.297727584838867,4.009727954864502,-4.4690327644348145,1.0746642351150513,-0.7265939116477966
1781548232172816,173097249,-0.8245582580566406,-0.5474236011505127,0.07094420492649078,0.12408994883298874,-0.11324365437030792,9.2899169921875,4.015551567077637,-3.6816599369049072,0.9731612205505371,-0.7410907745361328
1781548232173704,173113916,-0.824518620967865,-0.5474995970726013,0.07100694626569748,0.1239812895655632,-0.1180889680981636,9.322911262512207,4.036507606506348,-2.7162652015686035,0.9051721096038818,-0.46904537081718445
1781548232202342,173130583,-0.8246104717254639,-0.5473783016204834,0.0710495114326477,0.12388180196285248,-0.10409802943468094,9.331265449523926,4.050853729248047,-4.351405620574951,0.8808526992797852,-0.3888391852378845
1781548232203322,173147250,-0.8247393369674683,-0.5472058057785034,0.07106897234916687,0.1237751767039299,-0.0987396165728569,9.28292465209961,4.035002708435059,-4.797271728515625,1.0131551027297974,-0.3789527118206024
1781548232232682,173163917,-0.8247560858726501,-0.5472016334533691,0.07109925895929337,0.12366347759962082,-0.10706744343042374,9.24596118927002,4.015862941741943,-3.408653497695923,1.0592964887619019,-0.4870639443397522
1781548232234200,173180584,-0.8247319459915161,-0.5472562909126282,0.071121446788311,0.12357036769390106,-0.10283561050891876,9.259871482849121,4.029830455780029,-2.936802864074707,1.0655075311660767,-0.6866251826286316
1781548232261671,173197251,-0.824743390083313,-0.5472517609596252,0.0711493045091629,0.1234983578324318,-0.10253223776817322,9.274639129638672,4.004758358001709,-3.412008762359619,0.9210391640663147,-0.7255566120147705
1781548232294318,173213918,-0.824749767780304,-0.5472608208656311,0.07115574181079865,0.12341167777776718,-0.12142528593540192,9.327686309814453,4.038557052612305,-3.3270769119262695,1.1065646409988403,-0.7342264652252197
1781548232294690,173230585,-0.8248177170753479,-0.5471785664558411,0.07117730379104614,0.12330985069274902,-0.10399497300386429,9.327595710754395,4.059301853179932,-4.056308746337891,1.0303540229797363,-0.49451717734336853
1781548232321925,173247252,-0.8249511122703552,-0.5470035076141357,0.07115191966295242,0.12320904433727264,-0.12522068619728088,9.280860900878906,4.03877592086792,-4.8693976402282715,1.2466150522232056,-0.5757607221603394
1781548232323971,173263919,-0.8250313401222229,-0.5468997955322266,0.07115425169467926,0.12313076108694077,-0.09965851157903671,9.211702346801758,4.037571907043457,-4.252220153808594,1.0386013984680176,-0.6792871356010437
1781548232351537,173280586,-0.8249329924583435,-0.5470596551895142,0.07117564231157303,0.12306640297174454,-0.12729400396347046,9.218317985534668,4.016441345214844,-2.0751922130584717,1.0133216381072998,-0.9671099781990051
1781548232353511,173297253,-0.8248066902160645,-0.5472531318664551,0.07120388746261597,0.12303630262613297,-0.11888792365789413,9.287816047668457,4.014414310455322,-1.7905198335647583,0.8611054420471191,-1.1754052639007568
1781548232382395,173313920,-0.824772298336029,-0.5473065972328186,0.07124198228120804,0.12300696969032288,-0.09337202459573746,9.367778778076172,4.039881229400635,-2.922626495361328,0.7287772297859192,-0.9965516924858093
1781548232384010,173330587,-0.82497239112854,-0.5470209717750549,0.07120706140995026,0.12295644730329514,-0.0748734325170517,9.344717025756836,4.030625343322754,-5.778494834899902,1.0502680540084839,-0.7869758605957031
1781548232412101,173347254,-0.8252198100090027,-0.5466630458831787,0.07118116319179535,0.12290264666080475,-0.09909497946500778,9.262141227722168,4.062572479248047,-6.357444763183594,0.974031925201416,-0.6589379906654358
1781548232445270,173363921,-0.8252638578414917,-0.5466022491455078,0.0712035521864891,0.12286423146724701,-0.12718850374221802,9.203519821166992,4.037825584411621,-3.8740367889404297,0.7943204045295715,-0.8818837404251099
1781548232446266,173380588,-0.8249930143356323,-0.5470065474510193,0.07131926715373993,0.12281619012355804,-0.10668783634901047,9.297141075134277,4.052270889282227,0.03149721398949623,0.5390000343322754,-0.9703370332717896
1781548232473250,173397255,-0.824910044670105,-0.5471274852752686,0.07141951471567154,0.12277761101722717,-0.0776486024260521,9.331889152526855,4.046646595001221,-2.299597978591919,0.44423308968544006,-0.7846066951751709
1781548232474963,173413922,-0.8250365853309631,-0.5469388365745544,0.07143528014421463,0.1227589026093483,-0.0643153116106987,9.311234474182129,4.044419288635254,-4.924849033355713,0.6900126338005066,-0.8861098289489746
1781548232501258,173430589,-0.8250333070755005,-0.5469390749931335,0.07151441276073456,0.12273374199867249,-0.0767730176448822,9.276070594787598,4.0405802726745605,-3.3083667755126953,0.45061057806015015,-0.8141124844551086
1781548232502754,173447256,-0.8250910639762878,-0.5468518137931824,0.07157861441373825,0.12269692867994308,-0.08912073820829391,9.316224098205566,4.054286003112793,-4.041312217712402,0.5350172519683838,-0.7093564867973328
1781548232531298,173463923,-0.8252046704292297,-0.5466806292533875,0.07164666056632996,0.12265557050704956,-0.08436772972345352,9.283045768737793,4.05691385269165,-4.72149658203125,0.4873392879962921,-0.5809217095375061
1781548232533218,173480590,-0.8252115249633789,-0.5466666221618652,0.07172998785972595,0.12262333184480667,-0.09299340099096298,9.26994514465332,4.067495822906494,-3.4199230670928955,0.4459875524044037,-0.7426403164863586
1781548232561828,173497257,-0.8251986503601074,-0.5466784238815308,0.07180258631706238,0.12261474877595901,-0.08376292139291763,9.254443168640137,4.044918060302734,-3.220182180404663,0.4301844835281372,-0.9464532136917114
1781548232591615,173513924,-0.8251597881317139,-0.5467298626899719,0.07185915857553482,0.12261423468589783,-0.10653689503669739,9.251302719116211,4.021155834197998,-2.9153530597686768,0.5116841793060303,-1.093867301940918
1781548232594157,173530591,-0.825071394443512,-0.5468486547470093,0.07193228602409363,0.12263614684343338,-0.0804852694272995,9.26198673248291,4.017470836639404,-2.3440487384796143,0.3655380606651306,-1.2341864109039307
1781548232621952,173547258,-0.8250793814659119,-0.5468266010284424,0.07194412499666214,0.12267384678125381,-0.06859763711690903,9.28156852722168,4.011722564697266,-3.564865827560425,0.5827850699424744,-1.4029613733291626
1781548232624204,173563925,-0.8251490592956543,-0.5467186570167542,0.0719098448753357,0.12270647287368774,-0.08001730591058731,9.270284652709961,4.0148701667785645,-4.320069313049316,0.8213545083999634,-1.4533158540725708
1781548232651388,173580592,-0.8250953555107117,-0.5467966198921204,0.07191511243581772,0.12271688133478165,-0.07612812519073486,9.293487548828125,4.018096923828125,-2.7576167583465576,0.7768267393112183,-1.3746206760406494
1781548232653472,173597259,-0.825158417224884,-0.5467035174369812,0.07189101725816727,0.12272153794765472,-0.0998108759522438,9.294812202453613,4.0389509201049805,-4.188419342041016,0.8782531023025513,-1.2692757844924927
1781548232682014,173613926,-0.8252232074737549,-0.5466051697731018,0.07184996455907822,0.12274851649999619,-0.0925251767039299,9.260030746459961,4.019055366516113,-4.250389575958252,0.8868975043296814,-1.4555442333221436
1781548232683007,173630593,-0.8251293301582336,-0.5467378497123718,0.07187069207429886,0.12277659773826599,-0.09798947721719742,9.257769584655762,4.010082721710205,-2.2918245792388916,0.6487632989883423,-1.4776735305786133
1781548232713605,173647260,-0.8250750303268433,-0.5468111634254456,0.07188048213720322,0.12280946969985962,-0.07102405279874802,9.288788795471191,4.033292770385742,-2.7891969680786133,0.6618257164955139,-1.4830777645111084
1781548232741455,173663927,-0.8250610828399658,-0.5468284487724304,0.07186595350503922,0.12283429503440857,-0.0811438262462616,9.311902046203613,4.0575385093688965,-3.274916410446167,0.8031949996948242,-1.46713387966156
1781548232743468,173680594,-0.8250847458839417,-0.5467841625213623,0.07188589125871658,0.12286076694726944,-0.08208563178777695,9.307796478271484,4.065330982208252,-3.7369191646575928,0.5683010220527649,-1.2848740816116333
1781548232771355,173697261,-0.8252242803573608,-0.5465701818466187,0.07184971123933792,0.12289678305387497,-0.08880703896284103,9.268699645996094,4.060288429260254,-5.187468528747559,0.7640205025672913,-1.3684098720550537
1781548232773346,173713928,-0.8251253366470337,-0.5467109680175781,0.07187201827764511,0.12292159348726273,-0.07962127774953842,9.26491641998291,4.022677421569824,-2.2236435413360596,0.6566776037216187,-1.4616656303405762
1781548232801433,173730595,-0.8250390887260437,-0.5468398928642273,0.07186548411846161,0.12293169647455215,-0.09164531528949738,9.292587280273438,4.0094451904296875,-2.355382204055786,0.8714016079902649,-1.4702329635620117
1781548232803737,173747262,-0.8250783681869507,-0.5467783212661743,0.07182023674249649,0.12296821177005768,-0.10959310084581375,9.313796997070312,4.028777599334717,-3.9537174701690674,0.892929196357727,-1.5652306079864502
1781548232831606,173763929,-0.8251169919967651,-0.5467094779014587,0.07181113958358765,0.12302003800868988,-0.1160828098654747,9.303935050964355,4.048264980316162,-3.9696996212005615,0.6225359439849854,-1.5136466026306152
1781548232833167,173780596,-0.8251442909240723,-0.5466563105583191,0.07182130217552185,0.12306711077690125,-0.09010198712348938,9.271688461303711,4.053046703338623,-3.819455146789551,0.5403575301170349,-1.4309687614440918
1781548232862875,173797263,-0.8251075744628906,-0.5467039942741394,0.07181672006845474,0.12310415506362915,-0.08193740993738174,9.256376266479492,4.024195194244385,-3.014627456665039,0.7154202461242676,-1.5335218906402588
1781548232892490,173813930,-0.8250666856765747,-0.546759307384491,0.07177553325891495,0.12315679341554642,-0.09786755591630936,9.241730690002441,4.030413627624512,-2.99420166015625,0.868597149848938,-1.7670329809188843
1781548232893326,173830597,-0.8249849677085876,-0.5468681454658508,0.07173757255077362,0.12324322760105133,-0.10076801478862762,9.257168769836426,3.99373459815979,-2.550269365310669,0.7481405735015869,-2.0079586505889893
1781548232922332,173847264,-0.8248468637466431,-0.5470647215843201,0.071714386343956,0.12330826371908188,-0.0903555229306221,9.319344520568848,3.999286413192749,-1.81825852394104,0.7914133071899414,-1.9216824769973755
1781548232924138,173863931,-0.8248788118362427,-0.5470173954963684,0.07164270430803299,0.123346708714962,-0.08826620876789093,9.362516403198242,4.030112266540527,-3.8687856197357178,1.0435446500778198,-1.6890549659729004
1781548232951339,173880598,-0.8250426650047302,-0.5467718243598938,0.07154011726379395,0.12339957058429718,-0.10880306363105774,9.305831909179688,4.05776834487915,-5.52264928817749,1.0623700618743896,-1.677043080329895
1781548232953579,173897265,-0.8251208066940308,-0.5466582775115967,0.07145258784294128,0.12343022227287292,-0.11562708020210266,9.246535301208496,4.041244983673096,-4.427487850189209,1.1295905113220215,-1.6326175928115845
1781548232981400,173913932,-0.8249942660331726,-0.5468459129333496,0.07142810523509979,0.12345954775810242,-0.11323504894971848,9.243271827697754,4.021321773529053,-1.8955318927764893,0.9321550130844116,-1.709686040878296
1781548232983582,173930599,-0.8247254490852356,-0.5472461581230164,0.07146032899618149,0.12346361577510834,-0.08390761911869049,9.318940162658691,4.038315296173096,-0.09416508674621582,0.815783679485321,-1.5782160758972168
1781548233011809,173947266,-0.8246381282806396,-0.5473847389221191,0.07140865176916122,0.12346183508634567,-0.08468754589557648,9.356161117553711,4.0238542556762695,-2.3289754390716553,1.1810848712921143,-1.578139305114746
1781548233041885,173963933,-0.8246320486068726,-0.5474055409431458,0.07136350125074387,0.1234363317489624,-0.0966772511601448,9.361958503723145,4.046639442443848,-3.2851359844207764,1.1726324558258057,-1.2926088571548462
1781548233043395,173980600,-0.8247326016426086,-0.5472705960273743,0.07132197171449661,0.12338715046644211,-0.09585686773061752,9.32548713684082,4.061270713806152,-4.554937362670898,1.160991907119751,-0.9779954552650452
1781548233074001,173997267,-0.8247860074043274,-0.5472047924995422,0.0712919756770134,0.12333954125642776,-0.09544902294874191,9.267447471618652,4.047563076019287,-3.976153612136841,1.1260814666748047,-1.0172210931777954
1781548233074446,174013934,-0.8247185945510864,-0.5473100543022156,0.0713142678141594,0.1233101338148117,-0.11397022753953934,9.25683879852295,4.046207904815674,-2.5156025886535645,0.8465701937675476,-1.110041618347168
1781548233101426,174030601,-0.8245701789855957,-0.5475236177444458,0.07137831300497055,0.12331736832857132,-0.11850444227457047,9.267097473144531,4.021762371063232,-1.5794199705123901,0.5242087841033936,-1.2824920415878296
1781548233103068,174047268,-0.824463963508606,-0.5476686954498291,0.0714450404047966,0.12334422022104263,-0.11227245628833771,9.321094512939453,4.042634010314941,-2.1345112323760986,0.3976307511329651,-1.3140723705291748
1781548233131944,174063935,-0.8244746327400208,-0.5476400256156921,0.07148540019989014,0.12337664514780045,-0.11258947104215622,9.298791885375977,4.0293660163879395,-3.5846126079559326,0.4364212155342102,-1.2603625059127808
1781548233133291,174080602,-0.8245352506637573,-0.547541081905365,0.07148069143295288,0.12341313809156418,-0.13147498667240143,9.252395629882812,4.008647918701172,-4.210817337036133,0.6415916681289673,-1.376503348350525
1781548233163341,174097269,-0.82444828748703,-0.5476656556129456,0.07150601595640182,0.12342775613069534,-0.1073722392320633,9.275358200073242,3.9996156692504883,-2.351809501647949,0.6703804135322571,-1.3745824098587036
1781548233191783,174113936,-0.8243908882141113,-0.5477442145347595,0.0715147852897644,0.12345761805772781,-0.11943750083446503,9.317646980285645,3.9907066822052,-2.745758056640625,0.6825464367866516,-1.475432276725769
1781548233194115,174130603,-0.8243992328643799,-0.5477262735366821,0.07151085138320923,0.12348256260156631,-0.09601795673370361,9.329957008361816,4.006476402282715,-3.5487937927246094,0.7237957715988159,-1.3921912908554077
1781548233224339,174147270,-0.824503481388092,-0.5475694537162781,0.07145526260137558,0.12351534515619278,-0.1003088653087616,9.28543758392334,3.9645040035247803,-4.744381904602051,0.9156221151351929,-1.4815411567687988
1781548233224767,174163937,-0.8244505524635315,-0.5476500988006592,0.07142374664545059,0.12352875620126724,-0.11984218657016754,9.238717079162598,3.984182357788086,-2.776672601699829,0.9768875241279602,-1.5309478044509888
1781548233251799,174180604,-0.8242469429969788,-0.547954261302948,0.07143948972225189,0.12353044003248215,-0.11830665171146393,9.31748104095459,3.998823404312134,-0.8965852856636047,0.8690452575683594,-1.5243654251098633
1781548233254223,174197271,-0.8241791725158691,-0.5480586290359497,0.07141724228858948,0.12353236228227615,-0.11223181337118149,9.360064506530762,4.010783672332764,-2.5726678371429443,0.9801405668258667,-1.4551856517791748
1781548233281937,174213938,-0.8242550492286682,-0.547956109046936,0.07137451320886612,0.12350531667470932,-0.12148138135671616,9.32772159576416,4.021754264831543,-4.289577007293701,1.1005586385726929,-1.1446828842163086
1781548233283685,174230605,-0.8243374824523926,-0.5478442311286926,0.07131065428256989,0.12348848581314087,-0.13433322310447693,9.251076698303223,4.006096363067627,-4.390504360198975,1.1773327589035034,-1.2717987298965454
1781548233312491,174247272,-0.8242329955101013,-0.548004150390625,0.07130450010299683,0.12347959727048874,-0.1531696319580078,9.251460075378418,3.989993095397949,-2.100663900375366,0.9589201211929321,-1.3916659355163574
1781548233342248,174263939,-0.8240461349487305,-0.5482867360115051,0.07131723314523697,0.12346576154232025,-0.13663476705551147,9.33120059967041,3.9922399520874023,-1.0767450332641602,0.9344728589057922,-1.4223499298095703
1781548233343745,174280606,-0.823935866355896,-0.548458993434906,0.07136689126491547,0.12340731173753738,-0.095110222697258,9.381382942199707,3.9790096282958984,-1.9372678995132446,0.8366451859474182,-0.9115815162658691
1781548233371485,174297273,-0.823983907699585,-0.5484100580215454,0.07139068841934204,0.12329047918319702,-0.11564138531684875,9.424331665039062,4.018056392669678,-3.7808191776275635,1.093668818473816,-0.4351726472377777
1781548233373934,174313940,-0.824131965637207,-0.5482078790664673,0.0714680403470993,0.12315457314252853,-0.11043091863393784,9.35862922668457,4.013786792755127,-4.97113037109375,0.7815139293670654,0.034826867282390594
1781548233401395,174330607,-0.8242412805557251,-0.5480632781982422,0.07157270610332489,0.1230064257979393,-0.12432822585105896,9.287507057189941,4.013986587524414,-4.470120906829834,0.7027677297592163,0.14589636027812958
1781548233403570,174347274,-0.8241713047027588,-0.5481823682785034,0.07174678891897202,0.12284348905086517,-0.08605815470218658,9.279117584228516,4.047391891479492,-2.2337989807128906,0.49959492683410645,0.20995372533798218
1781548233431409,174363941,-0.8241344094276428,-0.5482514500617981,0.07188640534877777,0.12270010262727737,-0.06933267414569855,9.287466049194336,4.024450302124023,-2.680778741836548,0.5956937074661255,0.022161388769745827
1781548233433407,174380608,-0.8240448832511902,-0.5483978390693665,0.07204895466566086,0.12255159020423889,-0.06321174651384354,9.315256118774414,4.017855644226074,-2.0222506523132324,0.5237988233566284,0.05481757968664169
1781548233463786,174397275,-0.8240301609039307,-0.5484380125999451,0.07219312340021133,0.12238512188196182,-0.04506281018257141,9.379387855529785,4.036770820617676,-2.912804126739502,0.6438968777656555,0.20288459956645966
1781548233491831,174413942,-0.824306845664978,-0.5480402708053589,0.07228106260299683,0.12225232273340225,-0.040756773203611374,9.32564640045166,4.039745807647705,-6.556403636932373,0.6109846234321594,0.26254937052726746
1781548233493370,174430609,-0.8245109915733337,-0.5477477312088013,0.07238028198480606,0.12212805449962616,-0.10575851798057556,9.197360038757324,4.021445274353027,-5.681371212005615,0.5670076012611389,0.14313018321990967
1781548233521785,174447276,-0.8244520425796509,-0.5478403568267822,0.0725223571062088,0.12202624976634979,-0.11120913922786713,9.18966293334961,3.9945003986358643,-2.481844902038574,0.43234872817993164,-0.23515018820762634
1781548233522767,174463943,-0.8243205547332764,-0.5480340719223022,0.07264677435159683,0.12197048217058182,-0.10051244497299194,9.256721496582031,3.9487106800079346,-1.673546314239502,0.40765807032585144,-0.6739468574523926
1781548233551343,174480610,-0.8242344260215759,-0.5481683611869812,0.07271788269281387,0.12190674990415573,-0.09419630467891693,9.341192245483398,3.91141939163208,-2.2220683097839355,0.7122187614440918,-0.7620931267738342
1781548233553398,174497277,-0.8243387937545776,-0.548028290271759,0.07272417843341827,0.12182669341564178,-0.0743531584739685,9.352012634277344,3.915198802947998,-4.541029930114746,1.0065473318099976,-0.6165489554405212
1781548233581466,174513944,-0.8245183229446411,-0.5477949976921082,0.07265365868806839,0.12170387804508209,-0.07004561275243759,9.306571006774902,3.923753261566162,-5.396058559417725,1.5618562698364258,-0.5543357133865356
1781548233583318,174530611,-0.8245803713798523,-0.5477480292320251,0.07259232550859451,0.12153178453445435,-0.07700680196285248,9.322549819946289,3.9525058269500732,-3.865020513534546,1.7934716939926147,-0.4316764771938324
1781548233611653,174547278,-0.824597954750061,-0.5477765202522278,0.07254131138324738,0.12131308764219284,-0.07903886586427689,9.34830093383789,3.9796864986419678,-3.2378933429718018,1.9504903554916382,-0.20354411005973816
1781548233642501,174563945,-0.82464998960495,-0.5477659106254578,0.07246693968772888,0.1210521012544632,-0.07056184113025665,9.322141647338867,4.00887393951416,-3.587852716445923,2.2270309925079346,-0.003265619510784745
1781548233644031,174580612,-0.8246498107910156,-0.5478328466415405,0.07244394719600677,0.12076433002948761,-0.08301085978746414,9.318511962890625,4.020217418670654,-2.8957462310791016,2.0753650665283203,0.25998809933662415
1781548233671722,174597279,-0.8246014714241028,-0.547966718673706,0.07245956361293793,0.1204766109585762,-0.05793701112270355,9.303484916687012,4.039896488189697,-2.3026204109191895,1.887521505355835,0.3316524922847748
1781548233676085,174613946,-0.8245721459388733,-0.5480645298957825,0.07250729948282242,0.12020356953144073,-0.05394142493605614,9.31452751159668,4.049091339111328,-2.559041976928711,1.6305238008499146,0.40372660756111145
1781548233701471,174630613,-0.824627697467804,-0.5480404496192932,0.07252402603626251,0.11992151290178299,-0.03824111446738243,9.276104927062988,4.056020736694336,-3.5913877487182617,1.7815364599227905,0.4687572717666626
1781548233702930,174647280,-0.824727475643158,-0.5479331016540527,0.07255545258522034,0.11970707774162292,-0.05716007575392723,9.261587142944336,4.02446174621582,-4.251529216766357,1.396308422088623,0.21861080825328827
1781548233732470,174663947,-0.8246492147445679,-0.5480833649635315,0.07264077663421631,0.11950601637363434,-0.04334014654159546,9.278790473937988,4.005013942718506,-2.082875967025757,1.1639626026153564,0.07092797011137009
1781548233734156,174680614,-0.82459956407547,-0.5481842756271362,0.0727379247546196,0.1193271055817604,-0.037619076669216156,9.323820114135742,3.997734785079956,-2.4706268310546875,0.9867101907730103,0.03792600706219673
1781548233762076,174697281,-0.8247486352920532,-0.5479938983917236,0.0727679580450058,0.11915351450443268,-0.0427723228931427,9.295122146606445,3.973865509033203,-4.929625511169434,1.2077734470367432,0.06361554563045502
1781548233792200,174713948,-0.8248484134674072,-0.5478783249855042,0.07276646792888641,0.11899372190237045,-0.055703047662973404,9.23758316040039,3.96635365486145,-4.3525071144104,1.3707085847854614,-0.2110358476638794
1781548233794471,174730615,-0.8248077630996704,-0.547973096370697,0.07278308272361755,0.11882877349853516,-0.09104286879301071,9.255403518676758,3.942173480987549,-2.612943649291992,1.3895721435546875,-0.33389994502067566
1781548233821911,174747282,-0.8247523903846741,-0.5480911731719971,0.07279875129461288,0.11865874379873276,-0.06594191491603851,9.317429542541504,3.9674782752990723,-2.4236528873443604,1.4259421825408936,-0.33197900652885437
1781548233824480,174763949,-0.8247951865196228,-0.5480703711509705,0.0727812647819519,0.1184682697057724,-0.03809742629528046,9.325162887573242,3.9527809619903564,-3.597919225692749,1.6263874769210815,-0.19142933189868927
1781548233851340,174780616,-0.8248624205589294,-0.5480209589004517,0.07273943722248077,0.11825447529554367,-0.035009175539016724,9.303911209106445,3.985962390899658,-3.860448122024536,1.8409960269927979,-0.11676828563213348
1781548233853491,174797283,-0.8247921466827393,-0.5481866598129272,0.0727308914065361,0.1179821714758873,-0.039826031774282455,9.36417293548584,4.000270366668701,-2.065613031387329,1.9789845943450928,0.12094958126544952
1781548233881898,174813950,-0.8247418403625488,-0.5483317375183105,0.07274014502763748,0.117653489112854,0.015133099630475044,9.399310111999512,3.9927825927734375,-2.215421676635742,2.08381724357605,0.5345178842544556
1781548233883426,174830617,-0.8248000741004944,-0.5483393669128418,0.07271382212638855,0.11722376197576523,0.013610141351819038,9.385697364807129,4.012754440307617,-3.38238787651062,2.6095693111419678,1.1296674013137817
1781548233912030,174847284,-0.824909508228302,-0.5482794642448425,0.0726548582315445,0.11676981300115585,0.007281226105988026,9.299262046813965,4.007319927215576,-3.972536325454712,2.857224941253662,1.219087839126587
1781548233942050,174863951,-0.8247974514961243,-0.5485512614250183,0.0726453959941864,0.11629048734903336,-0.018746988847851753,9.24609088897705,3.9963929653167725,-1.2034382820129395,2.8275458812713623,1.2061083316802979
1781548233943267,174880618,-0.8245396614074707,-0.5490278005599976,0.07270224392414093,0.11583365499973297,-0.05676589161157608,9.288283348083496,4.046158790588379,0.5491682887077332,2.4576730728149414,1.1099711656570435
1781548233972403,174897285,-0.8243409395217896,-0.5493980646133423,0.07281951606273651,0.11541745066642761,-0.058214765042066574,9.359262466430664,4.021082401275635,-0.2489810436964035,1.907153606414795,1.2080806493759155
1781548233973402,174913952,-0.8243119716644287,-0.5495024919509888,0.07298482954502106,0.11502382904291153,-0.07303669303655624,9.381507873535156,4.016959190368652,-2.3696227073669434,1.4225996732711792,1.5290716886520386
1781548234002785,174930619,-0.8243984580039978,-0.5494189262390137,0.07322792708873749,0.11464575678110123,-0.04990344122052193,9.352776527404785,4.0473175048828125,-3.817521810531616,0.832483172416687,1.9207412004470825
1781548234033061,174947286,-0.824495792388916,-0.5493050813674927,0.07354408502578735,0.11428917944431305,-0.014397753402590752,9.325343132019043,4.059040546417236,-3.9826722145080566,0.3188076615333557,2.098928928375244
1781548234033750,174963953,-0.824508786201477,-0.5493074059486389,0.07393687218427658,0.11392945051193237,0.025564830750226974,9.282099723815918,4.0564727783203125,-2.9446537494659424,-0.05540027096867561,2.2810864448547363
1781548234036166,174980620,-0.8245121836662292,-0.549305260181427,0.0743405818939209,0.11365235596895218,0.027783416211605072,9.247089385986328,4.002185344696045,-2.9671542644500732,-0.43741366267204285,1.8488590717315674
1781548234063208,174997287,-0.824420690536499,-0.5494242906570435,0.07479630410671234,0.11344192922115326,0.06244596093893051,9.282938957214355,3.9871647357940674,-1.914497971534729,-0.9385644793510437,1.5311975479125977
1781548234091902,175013954,-0.8244075775146484,-0.5494060516357422,0.07526750862598419,0.11331332474946976,0.08977513760328293,9.279016494750977,3.9988107681274414,-3.019327402114868,-1.4017958641052246,1.2577563524246216
1781548234094303,175030621,-0.8245468735694885,-0.5491562485694885,0.0756736546754837,0.11324014514684677,0.09062905609607697,9.269697189331055,3.9750595092773438,-4.985781669616699,-1.3440905809402466,0.9362019896507263
1781548234122358,175047288,-0.8246257901191711,-0.5489909052848816,0.07610258460044861,0.11318016797304153,0.061151713132858276,9.292308807373047,3.9834327697753906,-4.2687153816223145,-1.4888664484024048,0.8563286066055298
1781548234123534,175063955,-0.8246521949768066,-0.5489040017127991,0.0765683725476265,0.11309532821178436,0.0557296946644783,9.379716873168945,3.9751758575439453,-3.5836522579193115,-1.57030189037323,1.0546095371246338
1781548234151787,175080622,-0.8248419761657715,-0.5485771894454956,0.07702384144067764,0.11298894137144089,0.06114070117473602,9.400269508361816,3.9459497928619385,-5.557802677154541,-1.5315884351730347,1.3911219835281372
1781548234153128,175097289,-0.8251210451126099,-0.5481306314468384,0.0774521455168724,0.11282505095005035,0.09169281274080276,9.354084968566895,3.944310426712036,-6.564279556274414,-1.2058587074279785,1.7478939294815063
1781548234183014,175113956,-0.825373113155365,-0.5477336645126343,0.0778375118970871,0.11264389753341675,0.11117668449878693,9.271346092224121,3.917559862136841,-6.205573558807373,-0.8732650279998779,1.6366708278656006
1781548234184972,175130623,-0.8254804015159607,-0.5475566983222961,0.07821870595216751,0.11245459318161011,0.10980276018381119,9.233688354492188,3.9013512134552,-4.410187244415283,-0.7256718277931213,1.4372888803482056
1781548234212982,175147290,-0.8254039287567139,-0.5476627349853516,0.07858256995677948,0.1122455820441246,0.11068109422922134,9.28794002532959,3.9047999382019043,-2.1159677505493164,-0.4336998760700226,1.1896778345108032
1781548234242069,175163957,-0.8254013061523438,-0.5476623177528381,0.07892560958862305,0.11202554404735565,0.14122144877910614,9.349778175354004,3.958451271057129,-3.007199764251709,-0.31530511379241943,1.2885557413101196
1781548234243005,175180624,-0.82561856508255,-0.5473469495773315,0.07918504625558853,0.11178196221590042,0.1589038372039795,9.3455171585083,3.9537277221679688,-5.674993515014648,0.12317788600921631,1.4471752643585205
1781548234272039,175197291,-0.8258152604103088,-0.5470737218856812,0.07944454997777939,0.1114819273352623,0.14036090672016144,9.335447311401367,3.963117837905884,-5.328197479248047,0.3567400574684143,1.7294399738311768
1781548234273278,175213958,-0.8260301947593689,-0.5467857718467712,0.07968952506780624,0.11112718284130096,0.1974945217370987,9.316904067993164,3.9934613704681396,-5.46152400970459,0.6439481377601624,2.007619619369507
1781548234301816,175230625,-0.8264121413230896,-0.5462564826011658,0.079811692237854,0.11080289632081985,0.19746732711791992,9.217042922973633,3.9864091873168945,-7.570194244384766,1.1339833736419678,1.6327908039093018
1781548234302700,175247292,-0.8265820145606995,-0.5460431575775146,0.07990686595439911,0.11051730066537857,0.1519877165555954,9.148460388183594,3.985940933227539,-5.020730018615723,1.266567349433899,0.9765674471855164
1781548234331431,175263959,-0.8265812397003174,-0.5460798144340515,0.08000189810991287,0.11027245223522186,0.1593046486377716,9.209556579589844,4.005190372467041,-2.9819839000701904,1.210347294807434,0.4775039255619049
1781548234333817,175280626,-0.8266347050666809,-0.5460341572761536,0.0800686776638031,0.11004910618066788,0.14387965202331543,9.342153549194336,4.01282262802124,-3.6860392093658447,1.2578333616256714,0.3358529210090637
1781548234361753,175297293,-0.826850175857544,-0.5457509160041809,0.0801655650138855,0.1097642034292221,0.1337312012910843,9.429983139038086,4.048805236816406,-5.588243007659912,1.226547360420227,1.0519967079162598
1781548234391516,175313960,-0.8274949789047241,-0.544823944568634,0.08021194487810135,0.10947621613740921,0.22464114427566528,9.337179183959961,4.042176723480225,-10.894546508789062,1.2760956287384033,1.5590393543243408
1781548234393047,175330627,-0.8281511068344116,-0.5438959002494812,0.08015143126249313,0.10917362570762634,0.2816438376903534,9.158869743347168,3.9980766773223877,-11.015898704528809,1.9447026252746582,1.2510079145431519
1781548234421453,175347294,-0.8283600807189941,-0.5436474680900574,0.08005804568529129,0.10889509320259094,0.24099108576774597,9.11689567565918,3.9947011470794678,-5.5121355056762695,2.305598020553589,0.28095218539237976
1781548234423457,175363961,-0.8284928202629089,-0.5435068011283875,0.0798865333199501,0.10871299356222153,0.1644359678030014,9.167742729187012,4.007558345794678,-4.725018501281738,2.429384231567383,-0.6766747236251831
1781548234452132,175380628,-0.8286700248718262,-0.5432993173599243,0.07965542376041412,0.10856790095567703,0.1766659915447235,9.192756652832031,4.001444339752197,-5.33668851852417,2.6042675971984863,-1.0402214527130127
1781548234453817,175397295,-0.8289210200309753,-0.5429863333702087,0.0793311595916748,0.10845568776130676,0.2119031846523285,9.21987247467041,4.01854944229126,-6.301583290100098,2.974153757095337,-1.4623829126358032
1781548234482061,175413962,-0.8292027115821838,-0.542641818523407,0.07888836413621902,0.10834856331348419,0.1708451211452484,9.210745811462402,4.006554126739502,-6.686043739318848,3.6240761280059814,-1.8939828872680664
1781548234483679,175430629,-0.8293555974960327,-0.5425033569335938,0.078407883644104,0.10822134464979172,0.1469644159078598,9.156657218933105,3.96382999420166,-5.048161029815674,3.997175693511963,-2.1276087760925293
1781548234512291,175447296,-0.8294184803962708,-0.5425379872322083,0.07769369333982468,0.10808016359806061,0.16683033108711243,9.009903907775879,3.8438403606414795,-3.8926310539245605,5.462363243103027,-3.0796968936920166
1781548234541643,175463963,-0.8291463851928711,-0.5431036353111267,0.07671953737735748,0.10802365094423294,0.07464289665222168,8.983460426330566,3.849680185317993,0.1471385955810547,6.844707012176514,-5.064643383026123
1781548234543122,175480630,-0.8284721970558167,-0.5442665815353394,0.0756867304444313,0.10807152092456818,-0.04163972660899162,9.150595664978027,3.8873133659362793,4.955080032348633,7.020668029785156,-6.492323398590088
1781548234574151,175497297,-0.8276628255844116,-0.5456202030181885,0.07475866377353668,0.10809391736984253,-0.02344631589949131,9.41550064086914,3.9612953662872314,6.6369757652282715,6.58989953994751,-6.15464448928833
1781548234601298,175513964,-0.8273094892501831,-0.5463003516197205,0.07384258508682251,0.10799141973257065,0.0942629724740982,9.644593238830566,4.030758857727051,1.1674590110778809,6.723790168762207,-4.713762283325195
1781548234602643,175530631,-0.8276322484016418,-0.5460032820701599,0.07287817448377609,0.10767582803964615,0.17929229140281677,9.635252952575684,4.110105037689209,-6.858456611633301,7.417537689208984,-2.684596300125122
1781548234604700,175547298,-0.8282057046890259,-0.5453483462333679,0.07196137309074402,0.10720176249742508,0.13171881437301636,9.450499534606934,4.160617828369141,-9.721281051635742,7.602231979370117,-1.2394250631332397
1781548234631267,175563965,-0.8285447359085083,-0.5450308322906494,0.07130081206560135,0.10663705319166183,0.039993517100811005,9.357776641845703,4.264559745788574,-6.688131332397461,6.6157684326171875,-0.10202821344137192
1781548234633456,175580632,-0.8289704918861389,-0.5445327758789062,0.07092312723398209,0.10612380504608154,-0.039952803403139114,9.339268684387207,4.431203365325928,-7.858798027038574,4.7215681076049805,0.8170901536941528
1781548234662274,175597299,-0.8295135498046875,-0.5437799692153931,0.07090727239847183,0.10574987530708313,-0.05492712929844856,9.28783893585205,4.434141159057617,-9.55247688293457,2.0085549354553223,1.58748197555542
1781548234691500,175613966,-0.8300297260284424,-0.5429984927177429,0.07123865187168121,0.10549083352088928,0.10321823507547379,9.315597534179688,4.453474998474121,-9.418471336364746,-0.4340841770172119,2.2259938716888428
1781548234693966,175630633,-0.8308597207069397,-0.5416861772537231,0.07169291377067566,0.10539702326059341,0.172072172164917,9.272149085998535,4.426163673400879,-13.611225128173828,-1.9850752353668213,2.2287607192993164
1781548234722951,175647300,-0.8316233158111572,-0.5404239296913147,0.0723215788602829,0.1054254099726677,0.17287670075893402,9.173822402954102,4.378319263458252,-13.011041641235352,-3.432859420776367,2.1074206829071045
1781548234724519,175663967,-0.8321563005447388,-0.5394852161407471,0.07312563806772232,0.10547168552875519,0.1441083550453186,9.1978759765625,4.279665470123291,-10.185585021972656,-4.381361484527588,2.3288934230804443
1781548234752082,175680634,-0.8327805995941162,-0.5384077429771423,0.07394472509622574,0.10547929257154465,0.0432993620634079,9.258980751037598,4.2205963134765625,-11.287254333496094,-4.3786725997924805,2.741872787475586
1781548234753531,175697301,-0.8335949182510376,-0.5370119214057922,0.07484494894742966,0.10552820563316345,0.0038425768725574017,9.308941841125488,4.2163591384887695,-13.776390075683594,-5.130573272705078,3.105714797973633
1781548234783995,175713968,-0.8346760869026184,-0.535176694393158,0.0757727324962616,0.10564292967319489,0.08714525401592255,9.25806999206543,4.203233242034912,-17.29449462890625,-5.7127909660339355,3.2505943775177
1781548234784464,175730635,-0.835900068283081,-0.5331128835678101,0.07665061950683594,0.1057664304971695,0.20821107923984528,9.17827033996582,4.210721015930176,-19.171770095825195,-5.550727844238281,3.2390055656433105
1781548234811528,175747302,-0.8371825218200684,-0.5309605002403259,0.07747106999158859,0.10585231333971024,0.21929749846458435,9.103038787841797,4.295501232147217,-19.916772842407227,-5.116055011749268,3.3340165615081787
1781548234842675,175763969,-0.8382860422134399,-0.5290823578834534,0.07824654877185822,0.10595326125621796,0.14238891005516052,9.09570026397705,4.279409408569336,-17.726673126220703,-4.807880878448486,2.807251214981079
1781548234844424,175780636,-0.8389811515808105,-0.5278353691101074,0.07914002239704132,0.10600785166025162,0.2665514051914215,9.141373634338379,4.324581623077393,-12.491972923278809,-5.078834533691406,2.8665683269500732
1781548234872079,175797303,-0.8396713137626648,-0.5266231894493103,0.07985792309045792,0.10603166371583939,0.40501922369003296,9.127013206481934,4.305974960327148,-12.384963989257812,-3.9318206310272217,2.3845245838165283
1781548234873297,175813970,-0.8402817249298096,-0.5255661606788635,0.0804198607802391,0.10601592063903809,0.3988952040672302,9.089804649353027,4.342325210571289,-11.29305362701416,-2.8189094066619873,1.9049135446548462
1781548234901842,175830637,-0.8408240675926208,-0.5246437788009644,0.0808674618601799,0.1059446930885315,0.38451457023620605,9.084856986999512,4.36039924621582,-10.322433471679688,-1.8975046873092651,1.6878200769424438
1781548234902645,175847304,-0.8412307500839233,-0.5239579677581787,0.08120790123939514,0.10585127770900726,0.35257214307785034,9.124029159545898,4.420397758483887,-8.530413627624512,-1.100757360458374,1.1990652084350586
1781548234931938,175863971,-0.8416143655776978,-0.5233263373374939,0.08150941133499146,0.10569353401660919,0.370749831199646,9.139824867248535,4.443268775939941,-8.127910614013672,-0.617637574672699,1.3840017318725586
1781548234933026,175880638,-0.8419120907783508,-0.522856593132019,0.08177527785301208,0.10544216632843018,0.3795580565929413,9.151363372802734,4.471075057983398,-6.855074405670166,-0.00408522691577673,1.6445599794387817
1781548234961731,175897305,-0.8422039747238159,-0.5224241614341736,0.08198772370815277,0.10508887469768524,0.4291629195213318,9.119908332824707,4.487349510192871,-6.599599838256836,0.6951096653938293,2.017237424850464
1781548234991870,175913972,-0.842467725276947,-0.5220479965209961,0.08214303851127625,0.10472200810909271,0.39834627509117126,9.035298347473145,4.524585247039795,-6.206995487213135,1.0985736846923828,1.8380894660949707
1781548234994101,175930639,-0.8426059484481812,-0.5218615531921387,0.08229214698076248,0.10442191362380981,0.37824001908302307,8.950007438659668,4.595860958099365,-4.699162006378174,0.9605723023414612,1.231452226638794
1781548235022043,175947306,-0.8425671458244324,-0.5219496488571167,0.08246001601219177,0.10416247695684433,0.33041661977767944,8.921684265136719,4.579564094543457,-2.4830234050750732,0.8037329912185669,0.7810273170471191
1781548235023171,175963973,-0.8424633741378784,-0.522129476070404,0.08265198022127151,0.10394696146249771,0.2509332001209259,8.999932289123535,4.568174362182617,-1.7264751195907593,0.5353886485099792,0.5148472189903259
1781548235051998,175980640,-0.8425451517105103,-0.5219802260398865,0.08291250467300415,0.1038268506526947,0.26247313618659973,9.046409606933594,4.495922088623047,-4.303881645202637,-0.3343866467475891,0.5279353857040405
1781548235052973,175997307,-0.8428359031677246,-0.5214754343032837,0.08313684910535812,0.10382506251335144,0.31517931818962097,9.039366722106934,4.471830368041992,-7.206645488739014,-0.6842305660247803,0.0648193433880806
1781548235082028,176013974,-0.8430289626121521,-0.5211370587348938,0.0833241418004036,0.10380536317825317,0.34561845660209656,9.04281234741211,4.471574783325195,-5.907825469970703,-0.3421216607093811,-0.12874223291873932
1781548235083483,176030641,-0.8431685566902161,-0.5208994746208191,0.08345308154821396,0.10376103967428207,0.3793623447418213,9.089916229248047,4.4534220695495605,-5.1603193283081055,0.12536776065826416,-0.2910371422767639
1781548235111962,176047308,-0.8433651924133301,-0.5205950736999512,0.08348215371370316,0.10366755723953247,0.396504282951355,9.082282066345215,4.481583118438721,-5.795027732849121,0.8656901121139526,-0.2845955193042755
1781548235141718,176063975,-0.8436296582221985,-0.5202128291130066,0.08341091871261597,0.10349013656377792,0.3925529718399048,9.03989315032959,4.437497138977051,-6.512451648712158,1.7313610315322876,-0.06363475322723389
1781548235143237,176080642,-0.8437076210975647,-0.5201528668403625,0.08331078290939331,0.10323616117238998,0.3909774422645569,9.04458236694336,4.405457973480225,-3.9534361362457275,2.294405221939087,-0.040788229554891586
1781548235171591,176097309,-0.8437439203262329,-0.5201904773712158,0.08315901458263397,0.10287220031023026,0.4172523021697998,9.105985641479492,4.42667818069458,-3.2119858264923096,3.032921314239502,0.3274519443511963
1781548235174670,176113976,-0.8439525365829468,-0.5199887156486511,0.0828784853219986,0.10240626335144043,0.38045790791511536,9.1345853805542,4.430886268615723,-5.250129699707031,4.074153900146484,0.7169827222824097
1781548235201434,176130643,-0.844135582447052,-0.5198416709899902,0.08259811252355576,0.10186843574047089,0.3445456027984619,9.14087963104248,4.468601226806641,-4.8000898361206055,4.353986740112305,1.085754632949829
1781548235202790,176147310,-0.8443444967269897,-0.5196539759635925,0.0823431983590126,0.10130063444375992,0.32113733887672424,9.116496086120605,4.530670166015625,-5.093815803527832,4.299124240875244,1.3921719789505005
1781548235232148,176163977,-0.8446816205978394,-0.5192496180534363,0.08210860192775726,0.10075238347053528,0.2787212133407593,9.079965591430664,4.612216472625732,-6.806447982788086,4.032944202423096,1.5633289813995361
1781548235233534,176180644,-0.8450037837028503,-0.5188504457473755,0.08197447657585144,0.1002170518040657,0.34011149406433105,9.018941879272461,4.6074628829956055,-6.660378932952881,3.397915840148926,1.8339271545410156
1781548235261542,176197311,-0.8453556895256042,-0.5184069275856018,0.08181002736091614,0.09967557340860367,0.4514164924621582,8.9913911819458,4.654304027557373,-7.042276859283447,3.5824167728424072,1.8073028326034546
1781548235292218,176213978,-0.845744788646698,-0.5179018974304199,0.0816015675663948,0.09916958957910538,0.46872007846832275,8.980659484863281,4.600384712219238,-7.581912040710449,3.690810203552246,1.5040099620819092
1781548235294337,176230645,-0.846101701259613,-0.5174554586410522,0.08134356886148453,0.09866596758365631,0.41324788331985474,9.026756286621094,4.635865688323975,-7.161914825439453,3.9924893379211426,1.2592679262161255
1781548235323252,176247312,-0.8464518189430237,-0.516997218132019,0.0811898335814476,0.0981915146112442,0.38336870074272156,9.065564155578613,4.633550643920898,-7.1515021324157715,3.2696731090545654,1.4624148607254028
1781548235325090,176263979,-0.8469539284706116,-0.5162867307662964,0.0810195803642273,0.0977395698428154,0.39162683486938477,9.04656982421875,4.641165256500244,-9.18390941619873,3.201120615005493,1.5167138576507568
1781548235351605,176280646,-0.8473975658416748,-0.5156578421592712,0.08091797679662704,0.09729736298322678,0.3687489330768585,9.0279541015625,4.669375896453857,-8.460785865783691,2.7890636920928955,1.619126558303833
1781548235382434,176297313,-0.8477646708488464,-0.5151462554931641,0.08089251071214676,0.09682942181825638,0.36610886454582214,9.108345031738281,4.726804256439209,-7.440272808074951,2.4719655513763428,1.9222270250320435
1781548235384617,176313980,-0.8482882976531982,-0.514384388923645,0.08089562505483627,0.09629006683826447,0.4521840512752533,9.114376068115234,4.708908557891846,-9.395061492919922,2.4791629314422607,2.68351411819458
1781548235389667,176330647,-0.8490232229232788,-0.5132836103439331,0.0808456540107727,0.09572660177946091,0.46015721559524536,9.021976470947266,4.749547958374023,-12.1408109664917,2.766960620880127,2.964831590652466
1781548235411633,176347314,-0.849567174911499,-0.5124995708465576,0.08082696795463562,0.09511616826057434,0.4200133681297302,8.93880558013916,4.725042819976807,-9.570944786071777,2.852391481399536,3.0478804111480713
1781548235441956,176363981,-0.8497917652130127,-0.5122361183166504,0.0809149518609047,0.0944514349102974,0.38995885848999023,8.971237182617188,4.707780361175537,-5.30499267578125,2.5830726623535156,3.2427408695220947
1781548235443945,176380648,-0.8500108122825623,-0.5119692087173462,0.08108945190906525,0.09377479553222656,0.4109286367893219,8.987771987915039,4.710176944732666,-5.242446422576904,2.114898204803467,3.615546226501465
1781548235473120,176397315,-0.8503773808479309,-0.5114578604698181,0.08122128248214722,0.09312630444765091,0.4229263961315155,8.989797592163086,4.753774166107178,-7.234117031097412,2.1893937587738037,3.532447338104248
1781548235474354,176413982,-0.8506665825843811,-0.5110675692558289,0.08140233904123306,0.09246782213449478,0.4265094995498657,9.016583442687988,4.753508567810059,-6.216984748840332,1.970750331878662,3.6471149921417236
1781548235501317,176430649,-0.8510420918464661,-0.5105375647544861,0.08159630000591278,0.0917656421661377,0.5323480367660522,9.016470909118652,4.736478328704834,-7.304231643676758,2.0081450939178467,4.081237316131592
1781548235503376,176447316,-0.8516172766685486,-0.5097024440765381,0.081659696996212,0.09101250022649765,0.5974529981613159,8.990461349487305,4.743593692779541,-9.844808578491211,2.8705379962921143,4.218266010284424
1781548235532396,176463983,-0.8521422147750854,-0.5089646577835083,0.08167168498039246,0.09021355956792831,0.5490057468414307,8.947986602783203,4.732845783233643,-9.105381965637207,3.3650295734405518,4.220224380493164
1781548235533865,176480650,-0.8526026606559753,-0.5083357095718384,0.08169393986463547,0.0893862247467041,0.47981035709381104,8.95479965209961,4.762869834899902,-8.219847679138184,3.435912609100342,4.32175350189209
1781548235561550,176497317,-0.85289466381073,-0.5079830884933472,0.08178100734949112,0.08852047473192215,0.5050899982452393,8.91578483581543,4.71373176574707,-5.949690818786621,3.264768123626709,4.514924049377441
1781548235591489,176513984,-0.8531164526939392,-0.5077603459358215,0.0818440169095993,0.08759903162717819,0.5698155164718628,8.96994400024414,4.783642768859863,-4.926462650299072,3.6394052505493164,4.641361713409424
1781548235593981,176530651,-0.8535041809082031,-0.5072755217552185,0.0818047747015953,0.08666105568408966,0.5592543482780457,8.94157600402832,4.8075432777404785,-7.096026420593262,4.232787609100342,4.629055023193359
1781548235623828,176547318,-0.8539147973060608,-0.5067535638809204,0.08173216879367828,0.08573424816131592,0.5253732204437256,8.856415748596191,4.815481185913086,-7.419527053833008,4.379894256591797,4.4817304611206055
1781548235624914,176563985,-0.8541754484176636,-0.506472647190094,0.08170834928750992,0.0848160907626152,0.543168306350708,8.859615325927734,4.878499984741211,-5.458425521850586,4.121051788330078,4.377448081970215
1781548235651977,176580652,-0.8544087409973145,-0.5062265396118164,0.08173176646232605,0.08390757441520691,0.5824694633483887,8.893940925598145,4.878145217895508,-5.136987209320068,3.814993143081665,4.449920177459717
1781548235653221,176597319,-0.854737401008606,-0.5058193802833557,0.08172346651554108,0.08302034437656403,0.6371114253997803,8.941305160522461,4.887922763824463,-6.444284439086914,3.8870162963867188,4.359801292419434
1781548235682478,176613986,-0.8551073670387268,-0.5053449273109436,0.08171910792589188,0.0820976048707962,0.6391153335571289,8.960565567016602,4.894803524017334,-6.9614176750183105,3.9734842777252197,4.643833160400391
1781548235684137,176630653,-0.8556137084960938,-0.5046333074569702,0.08174676448106766,0.08116583526134491,0.6443217396736145,8.918334007263184,4.938704490661621,-8.80601978302002,3.7591187953948975,5.01870059967041
1781548235711526,176647320,-0.8562042117118835,-0.503775954246521,0.0817589983344078,0.080246701836586,0.5875096917152405,8.83381462097168,4.984001636505127,-9.971181869506836,3.771977186203003,5.01961088180542
1781548235741880,176663987,-0.8565387725830078,-0.5033175349235535,0.08195001631975174,0.07935360074043274,0.5398809909820557,8.836092948913574,4.969042778015137,-6.651759624481201,2.7055020332336426,5.120408058166504
1781548235742718,176680654,-0.8568117618560791,-0.5029454231262207,0.08230921626091003,0.07838841527700424,0.6448643803596497,8.80749225616455,4.947028160095215,-5.798806667327881,1.9770129919052124,6.045322895050049
1781548235771376,176697321,-0.8572434782981873,-0.5023226737976074,0.0826294794678688,0.07731740176677704,0.6625107526779175,8.80536937713623,4.935755252838135,-7.783727169036865,2.52709698677063,6.761517524719238
1781548235773380,176713988,-0.8573579788208008,-0.5022217035293579,0.08308522403240204,0.07620663940906525,0.6965755820274353,8.911833763122559,4.931142807006836,-3.51945424079895,1.961862564086914,6.998728275299072
1781548235801977,176730655,-0.8575780391693115,-0.501920223236084,0.0836043655872345,0.07514262199401855,0.7531303763389587,9.028972625732422,5.017510890960693,-5.059149742126465,1.3822599649429321,7.111834526062012
1781548235802965,176747322,-0.8581814169883728,-0.5009508728981018,0.08411265909671783,0.07414864003658295,0.7777804136276245,8.984333992004395,5.015336990356445,-10.3652982711792,1.079351782798767,7.243192672729492
1781548235832666,176763989,-0.8589324355125427,-0.4997199773788452,0.08462692052125931,0.0731659010052681,0.8212718367576599,8.82295036315918,5.010687351226807,-12.420259475708008,0.9574225544929504,7.4240827560424805
1781548235834257,176780656,-0.8595272898674011,-0.49874910712242126,0.0851285308599472,0.07221850007772446,0.8356636762619019,8.652100563049316,4.993475437164307,-10.375734329223633,0.9513648748397827,6.942062854766846
1781548235861905,176797323,-0.8597676753997803,-0.4983806908130646,0.08564984798431396,0.0712774321436882,0.8295983076095581,8.627490043640137,4.930015563964844,-5.593866348266602,0.9042503833770752,6.44357442855835
1781548235893018,176813990,-0.8598724603652954,-0.49825793504714966,0.0861322283744812,0.07028372585773468,0.7812339663505554,8.716705322265625,4.909929275512695,-3.665165424346924,1.3553283214569092,6.410521030426025
1781548235893907,176830657,-0.8600168228149414,-0.4980660080909729,0.08660629391670227,0.06928830593824387,0.7478134036064148,8.879186630249023,4.924914360046387,-4.212278366088867,1.4007909297943115,6.452372074127197
1781548235921456,176847324,-0.8602977395057678,-0.4976213872432709,0.08710320293903351,0.0683671087026596,0.8206556439399719,8.932580947875977,4.960251808166504,-6.207726001739502,0.9723799824714661,6.307480812072754
1781548235922958,176863991,-0.8609526753425598,-0.4965381324291229,0.0874694213271141,0.06752525269985199,0.896959125995636,8.798728942871094,5.007965564727783,-11.373966217041016,1.3979740142822266,5.949596881866455
1781548235951378,176880658,-0.8615529537200928,-0.4955522119998932,0.08776664733886719,0.06672082096338272,0.9020342230796814,8.606206893920898,5.013073921203613,-10.665567398071289,1.6909703016281128,5.408873081207275
1781548235953225,176897325,-0.8616559505462646,-0.49542197585105896,0.08812166005373001,0.06588418781757355,0.8534175753593445,8.580638885498047,5.007209777832031,-3.856914758682251,1.5506891012191772,5.052073955535889
1781548235982398,176913992,-0.8615001440048218,-0.49572980403900146,0.08852660655975342,0.0650598332285881,0.8570339679718018,8.734160423278809,5.030503273010254,-0.3650450110435486,1.2537736892700195,4.766593933105469
1781548235983556,176930659,-0.8616162538528442,-0.4955618977546692,0.0888797864317894,0.06431538611650467,0.9014726877212524,8.852022171020508,5.0522003173828125,-4.181183815002441,1.2410058975219727,4.528409004211426
1781548236011771,176947326,-0.8620372414588928,-0.49485889077186584,0.08919758349657059,0.06364353001117706,0.9790271520614624,8.783326148986816,5.049264907836914,-8.450297355651855,1.1523733139038086,4.439354419708252
1781548236042062,176963993,-0.8624786734580994,-0.4941275119781494,0.08944054692983627,0.06299777328968048,0.9612277150154114,8.709656715393066,5.073390007019043,-8.737006187438965,1.507839322090149,4.056816101074219
1781548236043087,176980660,-0.8626769185066223,-0.4938041567802429,0.08976125717163086,0.06236317381262779,0.9954225420951843,8.730810165405273,5.088046073913574,-5.464200973510742,1.0360018014907837,3.8987720012664795
1781548236072049,176997327,-0.8629415035247803,-0.4933772683143616,0.09000929445028305,0.06171927601099014,1.0688462257385254,8.693292617797852,5.089219570159912,-6.329309463500977,1.4944947957992554,3.799381971359253
1781548236074004,177013994,-0.8631395101547241,-0.4930790960788727,0.09018342196941376,0.061076659709215164,1.0766332149505615,8.652920722961426,5.0743513107299805,-5.371367931365967,1.9410520792007446,3.432633399963379
1781548236101878,177030661,-0.863143265247345,-0.49311983585357666,0.09034712612628937,0.060449812561273575,1.026861310005188,8.6787109375,5.070896148681641,-2.715932607650757,1.9726581573486328,3.012444257736206
1781548236102799,177047328,-0.8631035685539246,-0.493229478597641,0.09052474796772003,0.059851858764886856,1.0131486654281616,8.740111351013184,5.065972805023193,-2.1719188690185547,1.7938817739486694,2.8273797035217285
1781548236132767,177063995,-0.863243579864502,-0.49302032589912415,0.09068615734577179,0.05930846929550171,0.9951140880584717,8.73105239868164,5.0896897315979,-4.714069366455078,1.6856296062469482,2.721407651901245
1781548236134045,177080662,-0.8634903430938721,-0.4926229417324066,0.09079986810684204,0.05884292349219322,0.9594095349311829,8.685855865478516,5.082776069641113,-6.261064052581787,1.6942228078842163,2.2583553791046143
1781548236161710,177097329,-0.8635831475257874,-0.49248406291007996,0.09095601737499237,0.05840145796537399,0.9712976217269897,8.685482025146484,5.053504467010498,-4.202800750732422,1.3688644170761108,2.035691261291504
1781548236191426,177113996,-0.8637892603874207,-0.49215319752693176,0.0910143256187439,0.05805094540119171,1.0043048858642578,8.648152351379395,5.074756622314453,-5.8227152824401855,1.635287880897522,1.3300740718841553
1781548236193825,177130663,-0.8639873266220093,-0.49182823300361633,0.09101656824350357,0.05785533785820007,0.9791962504386902,8.570820808410645,5.059571743011475,-5.879318714141846,1.4411945343017578,0.21356509625911713
1781548236223178,177147330,-0.8638889193534851,-0.49201133847236633,0.09101755917072296,0.057763587683439255,0.9451188445091248,8.567139625549316,5.063200950622559,-1.9243718385696411,1.114235758781433,-0.843528687953949
1781548236225116,177163997,-0.8636413812637329,-0.492443323135376,0.09104066342115402,0.05774732679128647,0.9464671015739441,8.679731369018555,5.07900857925415,0.01966414973139763,0.7332724332809448,-1.4313273429870605
1781548236251413,177180664,-0.8637171983718872,-0.4923032820224762,0.09105511009693146,0.05778457596898079,0.9906761646270752,8.70092487335205,5.093618392944336,-4.508655071258545,0.5772143006324768,-1.2923656702041626
1781548236254303,177197331,-0.863853931427002,-0.4920538365840912,0.09106419235467911,0.05785170942544937,1.026719570159912,8.717885971069336,5.081103801727295,-5.385326385498047,0.5038338303565979,-1.394662857055664
1781548236281649,177213998,-0.863832414150238,-0.49207833409309387,0.09110844880342484,0.05789550021290779,1.05014169216156,8.786734580993652,5.08144474029541,-3.1947102546691895,0.3833644688129425,-1.3717905282974243
1781548236283411,177230665,-0.8640500903129578,-0.49169978499412537,0.09106631577014923,0.05792742595076561,1.0513733625411987,8.77793025970459,5.086379528045654,-6.425137519836426,0.9257903099060059,-1.2454943656921387
1781548236311605,177247332,-0.8642730116844177,-0.4913147985935211,0.09102514386177063,0.057934436947107315,0.9951940178871155,8.6810884475708,5.09381628036499,-6.4646077156066895,1.0050617456436157,-1.0879892110824585
1781548236341422,177263999,-0.8643347024917603,-0.49121975898742676,0.0909884050488472,0.05787742882966995,0.935631513595581,8.606643676757812,5.073387622833252,-4.155622482299805,1.2100656032562256,-0.9382700324058533
1781548236343633,177280666,-0.8641344308853149,-0.4915769398212433,0.09101013839244843,0.05780249461531639,0.9573007822036743,8.614263534545898,5.047047138214111,-0.5489057898521423,0.9387246966362,-1.0210758447647095
1781548236372459,177297333,-0.8638566136360168,-0.4920819103717804,0.09094607830047607,0.057759031653404236,1.0694804191589355,8.67963695526123,5.000176429748535,0.5369510650634766,1.3525363206863403,-1.6206308603286743
1781548236373794,177314000,-0.8636348247528076,-0.49251610040664673,0.09074733406305313,0.05768749117851257,1.1352744102478027,8.704814910888672,4.9631476402282715,-0.10857222974300385,2.252732992172241,-1.844460129737854
1781548236401928,177330667,-0.863564133644104,-0.49273180961608887,0.09031865745782852,0.05757545307278633,1.0775586366653442,8.731926918029785,4.936990737915039,-1.9841135740280151,3.764331102371216,-2.18585205078125
1781548236402756,177347334,-0.8633186221122742,-0.4932658076286316,0.08984296023845673,0.057431433349847794,1.0276612043380737,8.753668785095215,4.892085075378418,0.4991978704929352,4.16892147064209,-2.4220006465911865
1781548236431986,177364001,-0.8632671236991882,-0.4934738278388977,0.08927273750305176,0.05730535089969635,0.9350205063819885,8.772126197814941,5.022183895111084,-2.1425280570983887,4.661287307739258,-2.5704267024993896
1781548236433120,177380668,-0.8633599877357483,-0.4934111535549164,0.08878036588430405,0.05721060931682587,0.8800019025802612,8.685262680053711,5.074987411499023,-4.227696895599365,4.074359893798828,-2.269221544265747
1781548236461888,177397335,-0.8632442951202393,-0.493699848651886,0.08835213631391525,0.05712918937206268,0.9367262721061707,8.669564247131348,5.106654167175293,-1.4175735712051392,3.657615900039673,-2.4273159503936768
1781548236492336,177414002,-0.8629482984542847,-0.4942932724952698,0.08797082304954529,0.0570589154958725,1.0544276237487793,8.740907669067383,5.09541654586792,1.0149352550506592,3.353349208831787,-2.5892393589019775
1781548236493559,177430669,-0.8628672957420349,-0.49452540278434753,0.08751874417066574,0.056968528777360916,1.0974856615066528,8.778909683227539,5.093610763549805,-1.875144124031067,3.8295915126800537,-2.40718412399292
1781548236523905,177447336,-0.8627976179122925,-0.4947492778301239,0.08699244260787964,0.056886281818151474,0.9877682328224182,8.813796997070312,5.081731796264648,-1.9966126680374146,4.246618270874023,-2.698438882827759
1781548236525852,177464003,-0.8626294732093811,-0.4951265752315521,0.08658089488744736,0.05677884444594383,0.9520606398582458,8.766005516052246,5.066781997680664,-0.691952645778656,3.6525180339813232,-2.2891221046447754
1781548236551486,177480670,-0.8625966310501099,-0.4952717423439026,0.0861351490020752,0.05668955296278,0.9232470393180847,8.687255859375,5.05742883682251,-2.5534071922302246,3.783220052719116,-2.3220603466033936
1781548236553143,177497337,-0.8621764779090881,-0.496070921421051,0.08581338822841644,0.05658238008618355,0.9408855438232422,8.74063491821289,5.0573811531066895,2.7034268379211426,3.1330292224884033,-2.332728147506714
1781548236582234,177514004,-0.8618393540382385,-0.496733158826828,0.0854429304599762,0.05647123232483864,0.9926160573959351,8.823005676269531,5.0524492263793945,1.5922582149505615,3.430929660797119,-2.3616061210632324
1781548236583622,177530671,-0.8618580102920532,-0.4967767596244812,0.085015207529068,0.056447166949510574,0.9828200340270996,8.797983169555664,5.050496578216553,-3.3622820377349854,3.441150188446045,-2.5720531940460205
1781548236612217,177547338,-0.8618838787078857,-0.4968116879463196,0.08456213772296906,0.056425586342811584,0.9792631268501282,8.726445198059082,5.054956912994385,-3.449403762817383,3.5841712951660156,-2.66500186920166
1781548236641630,177564005,-0.8617537617683411,-0.4971105754375458,0.08411752432584763,0.05644501373171806,0.95368492603302,8.769182205200195,5.020053863525391,-1.3735836744308472,3.4067394733428955,-3.0930798053741455
1781548236643406,177580672,-0.8615537881851196,-0.4975220263004303,0.08371292799711227,0.05647319182753563,0.9844903945922852,8.787224769592285,4.997611999511719,-0.4570586681365967,3.1420955657958984,-3.1006224155426025
1781548236671778,177597339,-0.8615185022354126,-0.4976688027381897,0.08322947472333908,0.05643366649746895,0.9358314871788025,8.736336708068848,5.030738830566406,-2.5796217918395996,3.832883596420288,-2.752699375152588
1781548236673495,177614006,-0.8612313270568848,-0.4982500672340393,0.08280482143163681,0.05631168186664581,0.8000578880310059,8.779451370239258,4.992419719696045,0.9253164529800415,3.789853811264038,-2.4099886417388916
1781548236701411,177630673,-0.8606373071670532,-0.4993312954902649,0.08258600533008575,0.05613817647099495,0.8575448393821716,8.912370681762695,5.009926795959473,5.045760631561279,2.766921043395996,-1.8025964498519897
1781548236703516,177647340,-0.8604670763015747,-0.4996819496154785,0.08232516050338745,0.056008681654930115,0.9318933486938477,8.988096237182617,5.038424491882324,-0.7733883261680603,2.824139356613159,-1.6286089420318604
1781548236733772,177664007,-0.8604902625083923,-0.49969789385795593,0.08210117369890213,0.05584028735756874,0.9054145216941833,8.880353927612305,5.0255208015441895,-3.381683588027954,2.719972848892212,-1.0076932907104492
1781548236735175,177680674,-0.8604344129562378,-0.49984776973724365,0.08191065490245819,0.05563743785023689,0.9376885294914246,8.804293632507324,5.030421257019043,-2.286266565322876,2.6465282440185547,-0.7950694561004639
1781548236762078,177697341,-0.8602786660194397,-0.5001640319824219,0.08176805824041367,0.05541398376226425,0.9582599401473999,8.788789749145508,4.994366645812988,-0.9288958311080933,2.4416651725769043,-0.6404967904090881
1781548236791764,177714008,-0.860106348991394,-0.5005127787590027,0.08163602650165558,0.05513434857130051,0.9359809160232544,8.802302360534668,4.986235618591309,-0.643032431602478,2.574953556060791,-0.2966462969779968
1781548236793392,177730675,-0.859931468963623,-0.5008595585823059,0.08152751624584198,0.05487504228949547,0.8546797633171082,8.826446533203125,5.019359111785889,-0.6489874124526978,2.362586259841919,-0.33602583408355713
1781548236823533,177747342,-0.8597579002380371,-0.5011769533157349,0.08153468370437622,0.05468587577342987,0.7587258815765381,8.866761207580566,5.035872936248779,-0.8220268487930298,1.4286189079284668,-0.3345787525177002
1781548236824756,177764009,-0.859667956829071,-0.5013235211372375,0.08169925212860107,0.054508037865161896,0.7801973223686218,8.853693962097168,5.014035701751709,-2.067380666732788,0.4412364065647125,0.2684275209903717
1781548236851374,177780676,-0.8597524762153625,-0.5011622309684753,0.08186537027359009,0.054407067596912384,0.8993051648139954,8.785677909851074,4.998622894287109,-4.531386375427246,0.14954616129398346,0.057711824774742126
1781548236853594,177797343,-0.8598056435585022,-0.5010541081428528,0.0820154994726181,0.05433632805943489,0.9257781505584717,8.718133926391602,4.964808464050293,-4.131622791290283,0.1421184539794922,-0.21784880757331848
1781548236882933,177814010,-0.8597509264945984,-0.5011350512504578,0.08213052153587341,0.05428386479616165,0.9135808348655701,8.705042839050293,4.911059856414795,-2.666576385498047,0.29760029911994934,-0.59260094165802
1781548236884364,177830677,-0.8596398234367371,-0.5013091564178467,0.08225249499082565,0.05425186827778816,0.8699274659156799,8.77164077758789,4.89616584777832,-1.929238200187683,0.18709437549114227,-0.7644878029823303
1781548236912433,177847344,-0.8596067428588867,-0.5013387799263,0.08238647878170013,0.054298363626003265,0.8638990521430969,8.803863525390625,4.923668384552002,-3.093264579772949,-0.1640685349702835,-1.0762776136398315
1781548236941582,177864011,-0.8596384525299072,-0.5012528300285339,0.08250731229782104,0.054406601935625076,0.8719775080680847,8.77738094329834,4.891689300537109,-4.0391740798950195,-0.3072115480899811,-1.396801471710205
1781548236943267,177880678,-0.8595598936080933,-0.5013607740402222,0.08260789513587952,0.05449880659580231,0.9432884454727173,8.831417083740234,4.915478706359863,-2.5123369693756104,-0.12062299996614456,-1.52243173122406
1781548236973969,177897345,-0.8595722317695618,-0.5013213753700256,0.08266859501600266,0.05457538738846779,0.9381619095802307,8.876051902770996,4.9071946144104,-3.7018299102783203,0.1658230721950531,-1.449730396270752
1781548236975734,177914012,-0.8597583174705505,-0.5009911060333252,0.08268512785434723,0.05465312302112579,0.9321361184120178,8.856612205505371,4.924638748168945,-6.0376434326171875,0.41116705536842346,-1.3785011768341064
1781548237002216,177930679,-0.85983806848526,-0.500840961933136,0.08272305130958557,0.05471531301736832,0.9173915386199951,8.792818069458008,4.938255786895752,-4.589988708496094,0.34619417786598206,-1.3552066087722778
1781548237004582,177947346,-0.8598397970199585,-0.5008288621902466,0.08274797350168228,0.05476241931319237,0.8709391355514526,8.782870292663574,4.959557056427002,-3.501474380493164,0.48289549350738525,-1.419289469718933
1781548237032537,177964013,-0.8596816062927246,-0.5010895133018494,0.08281397819519043,0.05476224049925804,0.9162791967391968,8.838570594787598,4.894287586212158,-1.2962843179702759,0.41534191370010376,-1.212300181388855
1781548237033826,177980680,-0.8595392107963562,-0.5013232231140137,0.0828857570886612,0.054751139134168625,0.940633237361908,8.888815879821777,4.934684753417969,-1.5017492771148682,0.4174037575721741,-1.1067887544631958
1781548237062356,177997347,-0.8596192002296448,-0.5011811256408691,0.0829039067029953,0.054766565561294556,0.9260362982749939,8.853730201721191,4.921899795532227,-4.524778842926025,0.6273127794265747,-1.1503690481185913
1781548237092610,178014014,-0.8597456216812134,-0.5009660720825195,0.08289332687854767,0.0547657310962677,0.8869243860244751,8.792567253112793,4.941355228424072,-5.1171746253967285,0.8514366149902344,-1.095147967338562
1781548237094680,178030681,-0.8597305417060852,-0.5009841918945312,0.08295653015375137,0.05474112182855606,0.8869414925575256,8.76805591583252,4.928316116333008,-3.210474967956543,0.5052809119224548,-0.8854566216468811
1781548237122364,178047348,-0.8597184419631958,-0.5009975433349609,0.08301631361246109,0.05471793934702873,0.8744559288024902,8.813605308532715,4.923468589782715,-3.2510197162628174,0.5205588340759277,-0.9021560549736023
1781548237123435,178064015,-0.8597227931022644,-0.5009799003601074,0.08308365195989609,0.05470944941043854,0.8526164889335632,8.820413589477539,4.93781042098999,-3.4964282512664795,0.42383259534835815,-0.9380139112472534
1781548237151660,178080682,-0.8598024845123291,-0.500823438167572,0.08317004144191742,0.05476106330752373,0.8493262529373169,8.835453987121582,4.951559543609619,-4.603473663330078,0.09533688426017761,-1.1202868223190308
1781548237153584,178097349,-0.8599281907081604,-0.5005798935890198,0.08328952640295029,0.054829321801662445,0.8634020686149597,8.813228607177734,4.9714179039001465,-5.274487495422363,-0.1659703105688095,-1.0383645296096802
1781548237182907,178114016,-0.8600841164588928,-0.5002834796905518,0.08339520543813705,0.05493031069636345,0.9196485877037048,8.741551399230957,4.911037921905518,-5.714641571044922,-0.19912593066692352,-1.2374519109725952
1781548237184957,178130683,-0.8600398302078247,-0.5003353953361511,0.08349241316318512,0.05500250309705734,0.9205895662307739,8.764299392700195,4.919192314147949,-2.953054666519165,-0.03462836891412735,-1.3718417882919312
1781548237211841,178147350,-0.8599287271499634,-0.5005006194114685,0.08359652012586594,0.05507677420973778,0.9023435115814209,8.849994659423828,4.93948221206665,-2.0522048473358154,-0.07846450805664062,-1.450562596321106
1781548237242666,178164017,-0.8600544333457947,-0.500264585018158,0.08366291970014572,0.055158961564302444,0.9015967845916748,8.847193717956543,4.935130596160889,-5.258800506591797,0.10140709578990936,-1.3068240880966187
1781548237244511,178180684,-0.8602383136749268,-0.4999313950538635,0.08372999727725983,0.05521044507622719,0.8967983722686768,8.811531066894531,4.931979179382324,-6.015117168426514,0.20091241598129272,-1.04424250125885
1781548237274714,178197351,-0.8602985739707947,-0.4998103380203247,0.08379838615655899,0.05526309832930565,0.9314123392105103,8.799360275268555,4.945092678070068,-4.336024761199951,0.19855603575706482,-1.2154122591018677
1781548237275079,178214018,-0.860339879989624,-0.49972665309906006,0.0838439092040062,0.05530732497572899,0.945931613445282,8.790163040161133,4.921987533569336,-4.053786277770996,0.3660118877887726,-1.2730025053024292
1781548237301496,178230685,-0.8603469133377075,-0.49970778822898865,0.08385193347930908,0.055355943739414215,0.9299061298370361,8.78710651397705,4.932165622711182,-3.5693864822387695,0.5778673887252808,-1.4782243967056274
1781548237303493,178247352,-0.8602808117866516,-0.4998193681240082,0.0838477835059166,0.055381108075380325,0.9084036350250244,8.787476539611816,4.922635555267334,-2.5377447605133057,0.7375369668006897,-1.4839613437652588
1781548237331507,178264019,-0.8602526783943176,-0.49987295269966125,0.08381851017475128,0.055379241704940796,0.8756603002548218,8.79615592956543,4.935556411743164,-3.0049586296081543,0.9796282052993774,-1.3622113466262817
1781548237333457,178280686,-0.8602206110954285,-0.4999297857284546,0.08380715548992157,0.055380549281835556,0.9142139554023743,8.848321914672852,4.905291557312012,-2.9677560329437256,0.8600935935974121,-1.3232415914535522
1781548237361605,178297353,-0.8602880239486694,-0.49982351064682007,0.08375272154808044,0.0553753525018692,0.9834761619567871,8.853623390197754,4.938408851623535,-4.2870025634765625,1.132459282875061,-1.3010483980178833
1781548237391493,178314020,-0.8605040907859802,-0.4994785785675049,0.08361182361841202,0.055346935987472534,0.9472405910491943,8.798274040222168,4.942939281463623,-6.229341983795166,1.718772292137146,-1.2662407159805298
1781548237392979,178330687,-0.860541820526123,-0.4994337856769562,0.08351519703865051,0.05530831217765808,0.9318574666976929,8.808066368103027,4.9950270652771,-3.8184690475463867,1.5044195652008057,-1.2942224740982056
1781548237422639,178347354,-0.860503613948822,-0.4995218813419342,0.08343789726495743,0.05522347614169121,0.9303852319717407,8.81600570678711,4.960610866546631,-2.737600564956665,1.554710030555725,-1.0594820976257324
1781548237424349,178364021,-0.8605096936225891,-0.4995371997356415,0.083371601998806,0.05508973076939583,0.8849835991859436,8.843486785888672,4.977153301239014,-3.288311719894409,1.6556496620178223,-0.6743568181991577
1781548237452334,178380688,-0.8604987859725952,-0.4995764493942261,0.08334780484437943,0.054939936846494675,0.8874894380569458,8.844470977783203,5.0020551681518555,-3.063061237335205,1.4588032960891724,-0.4527685046195984
1781548237453567,178397355,-0.8605509996414185,-0.49949583411216736,0.08336342871189117,0.05483096465468407,0.9257408976554871,8.808470726013184,4.9794745445251465,-3.997681140899658,1.0762391090393066,-0.46647125482559204
1781548237482041,178414022,-0.8606052398681641,-0.4994167983531952,0.08335869014263153,0.05470804125070572,0.9573124647140503,8.778092384338379,4.98898983001709,-3.9954912662506104,1.2467557191848755,-0.4538698196411133
1781548237483983,178430689,-0.8605243563652039,-0.4995715916156769,0.08336246013641357,0.054560352116823196,0.9380568265914917,8.803593635559082,4.965919017791748,-2.1302082538604736,1.2907711267471313,-0.46310314536094666
1781548237512081,178447356,-0.8605354428291321,-0.49956414103507996,0.08337101340293884,0.054440688341856,0.8974441885948181,8.832544326782227,5.001175880432129,-3.4200127124786377,1.1577774286270142,-0.48527100682258606
1781548237541735,178464023,-0.860683262348175,-0.4993167817592621,0.08339112997055054,0.05434293672442436,0.8877212405204773,8.799781799316406,5.003457069396973,-5.317389011383057,1.0043572187423706,-0.3861755430698395
1781548237543957,178480690,-0.860786497592926,-0.4991336166858673,0.0834701880812645,0.05426769703626633,0.8803051710128784,8.751487731933594,4.998685836791992,-4.775372505187988,0.5758183002471924,-0.37000101804733276
1781548237572123,178497357,-0.8608947992324829,-0.49893826246261597,0.08355750143527985,0.054211534559726715,0.8773793578147888,8.734966278076172,5.0179123878479,-4.873149394989014,0.45861461758613586,-0.44662147760391235
1781548237573760,178514024,-0.8609434366226196,-0.4988355338573456,0.08368513733148575,0.05418877303600311,0.8952345252037048,8.737093925476074,4.975500106811523,-4.124143600463867,0.10628629475831985,-0.581638753414154
1781548237601461,178530691,-0.8609516620635986,-0.49879974126815796,0.08380461484193802,0.05420302972197533,0.9296756982803345,8.75969409942627,4.955415725708008,-3.613708734512329,0.029922038316726685,-0.8805646300315857
1781548237603465,178547358,-0.8610252737998962,-0.498659610748291,0.08385612815618515,0.054243575781583786,0.9709627032279968,8.771627426147461,4.947725296020508,-4.495862007141113,0.33979731798171997,-1.1854839324951172
1781548237631969,178564025,-0.8610883355140686,-0.49854111671447754,0.08387791365385056,0.054298121482133865,0.9315268993377686,8.76818561553955,4.958718299865723,-4.350829601287842,0.4713314175605774,-1.386108160018921
1781548237633699,178580692,-0.8611680865287781,-0.4983971118927002,0.08388227969408035,0.05434941127896309,0.9046673774719238,8.772704124450684,4.970648765563965,-4.563901901245117,0.584308922290802,-1.406150221824646
1781548237662167,178597359,-0.8612272143363953,-0.49828991293907166,0.08389339596033096,0.05437726154923439,0.9027086496353149,8.799208641052246,4.9610371589660645,-4.2596611976623535,0.6261985898017883,-1.2728232145309448
1781548237693561,178614026,-0.861236572265625,-0.4982680678367615,0.08392377942800522,0.05438232421875,0.9228909015655518,8.831733703613281,4.974210739135742,-3.563302755355835,0.593529462814331,-1.1397522687911987
1781548237695155,178630693,-0.8613335490226746,-0.4981057047843933,0.08392181247472763,0.054336726665496826,0.9438722729682922,8.827414512634277,4.994210243225098,-4.679004669189453,0.9564869999885559,-0.836856484413147
1781548237722688,178647360,-0.8614183068275452,-0.49796074628829956,0.08392868936061859,0.05431176722049713,0.9331358671188354,8.806387901306152,5.017086982727051,-4.542246341705322,0.8322015404701233,-0.9434182643890381
1781548237724182,178664027,-0.8614029288291931,-0.4979854226112366,0.08397502452135086,0.05425770580768585,0.9303948879241943,8.781794548034668,5.013182640075684,-3.1636545658111572,0.704342782497406,-0.771454393863678
1781548237751402,178680694,-0.8614550232887268,-0.49789780378341675,0.08397369831800461,0.05423714220523834,0.9570038318634033,8.782125473022461,5.027848243713379,-4.096840858459473,0.8696088790893555,-1.0428595542907715
1781548237754380,178697361,-0.8614572882652283,-0.49789872765541077,0.08397214114665985,0.05419604852795601,0.9465337991714478,8.754558563232422,4.992137432098389,-3.3899948596954346,0.9452815651893616,-0.9911218285560608
1781548237783506,178714028,-0.8614541292190552,-0.4979046881198883,0.08397916704416275,0.05417798459529877,0.9335470795631409,8.753532409667969,5.009296417236328,-3.3518311977386475,0.8149639964103699,-1.1031389236450195
1781548237785073,178730695,-0.8614038228988647,-0.4979921877384186,0.0839807316660881,0.05417123809456825,0.9485160112380981,8.773416519165039,4.964244365692139,-2.715791940689087,0.8123005032539368,-1.2531654834747314
1781548237812174,178747362,-0.8614120483398438,-0.4979863464832306,0.0839468389749527,0.05414805933833122,0.9157533645629883,8.80113410949707,4.98120641708374,-3.4729671478271484,1.0780961513519287,-1.2010434865951538
1781548237841903,178764029,-0.8615204691886902,-0.49780941009521484,0.08389882743358612,0.05412372946739197,0.868962287902832,8.792994499206543,4.966804504394531,-4.833975315093994,1.1573548316955566,-1.1072115898132324
1781548237843368,178780696,-0.8615167737007141,-0.4978167414665222,0.08391152322292328,0.0540955513715744,0.8952948451042175,8.776117324829102,4.979248523712158,-3.3341846466064453,0.8147464394569397,-1.0247256755828857
1781548237872506,178797363,-0.8615239262580872,-0.4978100657463074,0.08388124406337738,0.05409038066864014,0.9377920627593994,8.801034927368164,4.985775470733643,-3.483980894088745,0.9912179708480835,-1.2958875894546509
1781548237873786,178814030,-0.8615076541900635,-0.497854620218277,0.0837952271103859,0.05407354608178139,0.894871175289154,8.820093154907227,4.968752384185791,-3.1138131618499756,1.366969108581543,-1.455390453338623
1781548237901404,178830697,-0.8615692853927612,-0.4977589249610901,0.08373551070690155,0.054065022617578506,0.8929438591003418,8.818094253540039,5.038145065307617,-4.206911563873291,1.1772046089172363,-1.3045700788497925
1781548237902817,178847364,-0.861730694770813,-0.4974912106990814,0.08366788923740387,0.0540616475045681,0.9758303165435791,8.723990440368652,4.9757819175720215,-5.573657035827637,1.198655366897583,-1.2260929346084595
1781548237933630,178864031,-0.861686646938324,-0.4975811839103699,0.08358702808618546,0.05406099557876587,1.0247923135757446,8.720893859863281,5.060650825500488,-2.7576422691345215,1.2827544212341309,-1.5693668127059937
1781548237935699,178880698,-0.8615516424179077,-0.49783438444137573,0.08347389101982117,0.05405474454164505,0.9967917203903198,8.793183326721191,5.021820545196533,-1.488341212272644,1.5017558336257935,-1.7736408710479736
1781548237963193,178897365,-0.8615761399269104,-0.4978146553039551,0.08332503587007523,0.05407620966434479,0.9334046244621277,8.836058616638184,5.066131114959717,-3.679853677749634,1.6095468997955322,-1.8439991474151611
1781548237991399,178914032,-0.8616065382957458,-0.497781902551651,0.08317641913890839,0.05412133410573006,0.8778708577156067,8.803621292114258,5.035206317901611,-3.7912566661834717,1.5230913162231445,-1.975136160850525
1781548237993283,178930699,-0.8615923523902893,-0.4978157579898834,0.08308148384094238,0.05418144911527634,0.8960073590278625,8.790943145751953,5.074381351470947,-3.232323169708252,1.1559590101242065,-1.9329266548156738
1781548238021427,178947366,-0.8616821765899658,-0.497661828994751,0.08300837129354477,0.05427953600883484,0.8868682384490967,8.799162864685059,5.086774826049805,-4.714261054992676,0.8836062550544739,-1.9387153387069702
1781548238022868,178964033,-0.8618382811546326,-0.4973875880241394,0.082940973341465,0.05441960319876671,0.8246505856513977,8.787762641906738,5.0956902503967285,-5.675748348236084,0.7002575993537903,-2.0738985538482666
1781548238051373,178980700,-0.8620072603225708,-0.49707579612731934,0.0829598680138588,0.05456094816327095,0.8050459623336792,8.799200057983398,5.075461387634277,-5.910706996917725,0.17883427441120148,-1.7596310377120972
1781548238053363,178997367,-0.8622966408729553,-0.4965502619743347,0.0830274373292923,0.0546710230410099,0.9681986570358276,8.82327651977539,5.140492916107178,-7.553032398223877,-0.014945012517273426,-1.2406537532806396
1781548238082917,179014034,-0.8628201484680176,-0.4956878125667572,0.08277584612369537,0.05461836978793144,1.1283329725265503,8.710020065307617,5.1041083335876465,-10.376350402832031,2.438810348510742,-1.0859789848327637
1781548238084226,179030701,-0.8630813956260681,-0.4953360855579376,0.08221748471260071,0.054525651037693024,0.9729520678520203,8.60615348815918,5.07781982421875,-6.545237064361572,4.4375739097595215,-2.282296657562256
1781548238111686,179047368,-0.8624880313873291,-0.4964856207370758,0.08160238713026047,0.054383862763643265,0.8615520000457764,8.75475788116455,4.9925408363342285,5.28018045425415,5.022349834442139,-3.3529717922210693
1781548238143134,179064035,-0.8610149025917053,-0.499126672744751,0.08111686259508133,0.054276950657367706,1.0700680017471313,9.07349681854248,5.145824909210205,17.156679153442383,4.198073387145996,-4.283754348754883
1781548238144778,179080702,-0.8597803115844727,-0.501358151435852,0.08032472431659698,0.05445944517850876,1.0811032056808472,9.120129585266113,5.335434913635254,13.63756275177002,4.999161720275879,-6.732777118682861
1781548238171408,179097369,-0.8582646250724792,-0.5040586590766907,0.07933147996664047,0.0548953153192997,1.0136065483093262,8.863957405090332,5.598034858703613,17.16352081298828,5.332935810089111,-9.289711952209473
1781548238173760,179114036,-0.8558397889137268,-0.5083441734313965,0.07790837436914444,0.05526909604668617,0.870405375957489,8.754781723022461,5.695623874664307,29.540199279785156,8.189684867858887,-11.618705749511719
1781548238201449,179130703,-0.8517153859138489,-0.5154967308044434,0.07593750208616257,0.055475059896707535,0.8133836984634399,9.105755805969238,5.568275451660156,52.235069274902344,12.17824649810791,-14.727974891662598
1781548238203696,179147370,-0.8460212349891663,-0.5250681638717651,0.07356846332550049,0.05603088438510895,0.9251963496208191,9.929349899291992,5.62234354019165,71.62940979003906,13.371870994567871,-20.049755096435547
1781548238232381,179164037,-0.8393858075141907,-0.5358824133872986,0.07096285372972488,0.05679666996002197,0.6809587478637695,10.396620750427246,5.556053638458252,82.06074523925781,13.99257755279541,-23.116899490356445
1781548238233629,179180704,-0.8331686854362488,-0.5458090305328369,0.06733839958906174,0.05820601433515549,0.1850980818271637,10.750115394592285,5.918824195861816,74.68631744384766,17.358531951904297,-29.988895416259766
1781548238262213,179197371,-0.8267882466316223,-0.5556461215019226,0.06320149451494217,0.060697220265865326,-0.3291102349758148,11.05820083618164,5.808798313140869,74.08221435546875,16.123291015625,-38.13166809082031
1781548238292229,179214038,-0.8186367154121399,-0.5676402449607849,0.05881563201546669,0.0644925981760025,-0.43294757604599,11.323472023010254,6.237647533416748,92.4437255859375,12.686688423156738,-48.172000885009766
1781548238293937,179230705,-0.8120138049125671,-0.5772837996482849,0.052152566611766815,0.06824346631765366,0.026299159973859787,10.7244234085083,6.668334007263184,72.25676727294922,25.253446578979492,-55.17927932739258
1781548238324304,179247372,-0.8043707609176636,-0.5885303020477295,0.04134700447320938,0.07007259875535965,-1.4603965282440186,10.635401725769043,4.076847076416016,84.00692749023438,56.3957405090332,-61.946346282958984
1781548238325659,179264039,-0.7887515425682068,-0.6093725562095642,0.031173819676041603,0.07459478080272675,-2.9739513397216797,14.430749893188477,4.416050910949707,168.90777587890625,44.3586540222168,-80.85616302490234
1781548238351524,179280706,-0.7851722836494446,-0.6133477091789246,0.01837952248752117,0.08349363505840302,-2.0406017303466797,17.353801727294922,4.749268531799316,24.690532684326172,34.16120910644531,-105.77143859863281
1781548238353214,179297373,-0.7934240698814392,-0.6015840172767639,0.0025110458955168724,0.09256818145513535,-0.43064045906066895,15.789044380187988,4.609966278076172,-111.96195220947266,42.480464935302734,-110.90604400634766
1781548238381616,179314040,-0.7988860011100769,-0.5924216508865356,-0.016441810876131058,0.10270234197378159,-0.7163140773773193,13.413888931274414,4.827680587768555,-88.21249389648438,56.53434753417969,-131.26739501953125
1781548238384688,179330707,-0.7995393872261047,-0.5882570743560791,-0.03689644858241081,0.11545219272375107,-1.8719723224639893,12.635698318481445,4.495524883270264,-41.934715270996094,58.20642852783203,-154.58502197265625
1781548238412294,179347374,-0.7960363626480103,-0.5878710150718689,-0.05766845867037773,0.1319410353899002,-2.5924932956695557,12.652871131896973,3.9577767848968506,-3.6530182361602783,48.88329315185547,-178.76943969726562
1781548238442652,179364041,-0.7900879383087158,-0.5887473225593567,-0.07840126752853394,0.1516275703907013,-3.0554823875427246,12.847887992858887,3.3998475074768066,14.443625450134277,37.86101531982422,-197.836669921875
1781548238444655,179380708,-0.7833435535430908,-0.588455855846405,-0.09912028163671494,0.1739766150712967,-3.3306491374969482,13.003274917602539,2.809318780899048,12.769429206848145,26.221452713012695,-213.71075439453125
1781548238472778,179397375,-0.7771073579788208,-0.5851083397865295,-0.12002049386501312,0.19836223125457764,-3.3375277519226074,12.678766250610352,1.9909460544586182,-4.580552101135254,14.9560546875,-226.8956756591797
1781548238474164,179414042,-0.771016538143158,-0.5789031386375427,-0.14114530384540558,0.22468364238739014,-3.310410737991333,12.186492919921875,1.525757074356079,-19.15142822265625,4.352316856384277,-240.31259155273438
1781548238501398,179430709,-0.7664859294891357,-0.568015456199646,-0.16230309009552002,0.2520228624343872,-3.5493719577789307,11.444583892822266,1.3080111742019653,-49.259098052978516,-8.27216911315918,-247.98390197753906
1781548238503829,179447376,-0.7631653547286987,-0.5530293583869934,-0.1837538778781891,0.2792344391345978,-4.357509613037109,10.446704864501953,1.2698426246643066,-76.24676513671875,-14.682772636413574,-250.94180297851562
1781548238532564,179464043,-0.7597371339797974,-0.5355011224746704,-0.20410902798175812,0.3072093725204468,-4.611274719238281,9.262002944946289,1.311608076095581,-86.11787414550781,-28.08112335205078,-254.20751953125
1781548238534288,179480710,-0.7543206214904785,-0.5177608132362366,-0.22266383469104767,0.3366677463054657,-4.566272735595703,8.002789497375488,1.42418372631073,-74.02513122558594,-40.6075553894043,-259.8316650390625
1781548238562960,179497377,-0.7467560768127441,-0.5000787973403931,-0.2397540658712387,0.36714431643486023,-4.859088897705078,7.277433395385742,1.2304927110671997,-61.130767822265625,-48.40774917602539,-264.7878723144531
1781548238592158,179514044,-0.7370655536651611,-0.4825802445411682,-0.2550754249095917,0.398481547832489,-5.25379753112793,7.039059638977051,1.2690813541412354,-46.997859954833984,-56.484840393066406,-268.1944274902344
1781548238593966,179530711,-0.7279109954833984,-0.4615815579891205,-0.2698933780193329,0.429238498210907,-5.330897808074951,6.507664203643799,1.7592847347259521,-66.16471862792969,-67.64601135253906,-268.2598571777344
1781548238622472,179547378,-0.7195044159889221,-0.43672505021095276,-0.28520724177360535,0.45852112770080566,-5.258764743804932,5.15758752822876,1.6123970746994019,-92.05902862548828,-73.26323699951172,-267.4140930175781
1781548238624026,179564045,-0.7101808786392212,-0.4109867811203003,-0.29916542768478394,0.48706603050231934,-5.056253910064697,3.8899552822113037,1.2782530784606934,-90.84551239013672,-78.73969268798828,-264.3139343261719
1781548238651403,179580712,-0.6993547677993774,-0.38606682419776917,-0.30977705121040344,0.5156487226486206,-4.57357931137085,2.981194019317627,1.6652237176895142,-71.31770324707031,-89.36091613769531,-258.38616943359375
1781548238653716,179597379,-0.6876848340034485,-0.36094561219215393,-0.31911858916282654,0.543112576007843,-3.7952985763549805,2.294842004776001,1.3431707620620728,-67.92859649658203,-91.41669464111328,-253.0530242919922
1781548238682846,179614046,-0.675618588924408,-0.3354220986366272,-0.3301484286785126,0.5674801468849182,-3.1818926334381104,2.0237910747528076,2.9800162315368652,-81.95153045654297,-76.38130950927734,-244.9607696533203
1781548238684052,179630713,-0.6669922471046448,-0.3031742572784424,-0.34816381335258484,0.5847980380058289,-2.4196574687957764,0.8900116086006165,3.9379775524139404,-164.40621948242188,-61.71680450439453,-230.1721649169922
1781548238713806,179647380,-0.6591619849205017,-0.2657282054424286,-0.3756176233291626,0.5948156714439392,-3.3077096939086914,-0.8556367754936218,3.840266466140747,-245.3770294189453,-26.01173973083496,-225.62974548339844
1781548238741963,179664047,-0.654094398021698,-0.2269945740699768,-0.40286052227020264,0.598612904548645,-2.737103223800659,-3.381305456161499,4.176422119140625,-271.4709777832031,-28.000385284423828,-189.0631866455078
1781548238743462,179680714,-0.6465161442756653,-0.1972009688615799,-0.42558547854423523,0.601669192314148,-2.6808009147644043,-6.324068546295166,3.4342758655548096,-210.7536163330078,-3.399622678756714,-164.2131805419922
1781548238772491,179697381,-0.6372516751289368,-0.17984594404697418,-0.4370313882827759,0.6087443232536316,-4.218137741088867,-7.35616397857666,3.871962547302246,-94.71485900878906,-2.592900037765503,-137.32701110839844
1781548238774740,179714048,-0.6280627250671387,-0.17502599954605103,-0.4347965121269226,0.6211726069450378,-4.095055103302002,-6.077862739562988,4.375179290771484,33.47067642211914,-16.91567611694336,-105.8678207397461
1781548238801839,179730715,-0.6203129291534424,-0.17765139043331146,-0.42583706974983215,0.6342829465866089,-4.087619781494141,-4.168294429779053,4.723771572113037,94.65376281738281,-19.278593063354492,-72.3107681274414
1781548238832751,179747382,-0.6164469122886658,-0.17570818960666656,-0.42282500863075256,0.6405770778656006,-4.71501350402832,-3.3775198459625244,5.402515411376953,24.529388427734375,-16.88042449951172,-46.937843322753906
1781548238834575,179764049,-0.6166500449180603,-0.1673920601606369,-0.4273647367954254,0.6395952701568604,-5.167749404907227,-3.719938039779663,5.525149345397949,-61.80926513671875,-15.978839874267578,-25.826335906982422
1781548238836140,179780716,-0.6188244819641113,-0.16114585101604462,-0.4315221905708313,0.6362994313240051,-4.98485803604126,-4.663406848907471,4.920639514923096,-60.419559478759766,-11.624323844909668,-0.8221657872200012
1781548238861849,179797383,-0.6203927397727966,-0.1632757931947708,-0.4300130307674408,0.6352502107620239,-5.1557159423828125,-4.563572406768799,4.942434787750244,7.347582817077637,0.22155654430389404,18.10007667541504
1781548238892995,179814050,-0.622183084487915,-0.16957294940948486,-0.4257591664791107,0.6347144842147827,-5.437722206115723,-3.9691972732543945,5.545549392700195,38.3817024230957,5.482851028442383,32.283695220947266
1781548238895440,179830717,-0.624856173992157,-0.17385835945606232,-0.42471861839294434,0.6316185593605042,-5.9686479568481445,-3.6928205490112305,5.644153118133545,7.230254650115967,10.852704048156738,37.45496368408203
1781548238922532,179847384,-0.6280515193939209,-0.17817358672618866,-0.4238608181476593,0.6278117895126343,-6.473156929016113,-3.7991654872894287,5.217832088470459,3.8660390377044678,11.093466758728027,42.64679718017578
1781548238923371,179864051,-0.629959762096405,-0.18764543533325195,-0.4182033836841583,0.6269336938858032,-6.497914791107178,-3.4338760375976562,4.897120475769043,56.9640998840332,12.790414810180664,45.35280990600586
1781548238952778,179880718,-0.6308189034461975,-0.20081815123558044,-0.40928396582603455,0.6278744339942932,-6.460970878601074,-2.3841021060943604,5.31135368347168,93.64109802246094,15.284465789794922,47.80517578125
1781548238953766,179897385,-0.6322059631347656,-0.2119777351617813,-0.40247467160224915,0.6272123456001282,-6.722505569458008,-1.4818583726882935,5.799307346343994,70.56045532226562,16.473779678344727,48.45548629760742
1781548238982025,179914052,-0.6352295279502869,-0.21961058676242828,-0.39947959780693054,0.6234347224235535,-6.994378566741943,-1.3721983432769775,5.435253620147705,27.774654388427734,17.85834312438965,53.733123779296875
1781548238982950,179930719,-0.6386837959289551,-0.2264699786901474,-0.3986062705516815,0.6179866194725037,-6.579646110534668,-1.6759051084518433,5.204990386962891,10.062970161437988,25.149269104003906,57.54631805419922
1781548239011922,179947386,-0.6419428586959839,-0.23233145475387573,-0.39987561106681824,0.6115809082984924,-7.144114971160889,-1.8196626901626587,5.440054416656494,-5.742527008056641,32.34463882446289,54.85068893432617
1781548239041512,179964053,-0.6454395651817322,-0.23784732818603516,-0.40067437291145325,0.6052244305610657,-8.343982696533203,-1.5819756984710693,5.284919738769531,-5.532981872558594,28.082805633544922,55.434112548828125
1781548239043827,179980720,-0.6501504182815552,-0.24324844777584076,-0.4004293382167816,0.5981563329696655,-8.13051986694336,-1.3491142988204956,5.39259147644043,-5.644260883331299,20.791854858398438,65.03478240966797
1781548239071759,179997387,-0.6567442417144775,-0.24819207191467285,-0.3998185694217682,0.5892646312713623,-6.468825340270996,-1.347802996635437,5.100412845611572,-14.353692054748535,15.141409873962402,80.28263092041016
1781548239074103,180014054,-0.6635368466377258,-0.2552904188632965,-0.39857301115989685,0.5793835520744324,-5.347994327545166,-1.6414927244186401,4.641100883483887,-5.1106390953063965,22.14820671081543,92.56269836425781
1781548239101427,180030721,-0.6692035794258118,-0.26464399695396423,-0.3972585201263428,0.5694873929023743,-6.6525959968566895,-1.6436724662780762,4.804689407348633,7.389981269836426,33.93162155151367,94.44873046875
1781548239103126,180047388,-0.6749436259269714,-0.27490848302841187,-0.39395949244499207,0.5600646734237671,-8.617563247680664,-1.5686521530151367,4.902405261993408,20.513046264648438,27.306983947753906,98.657958984375
1781548239133941,180064055,-0.6811384558677673,-0.28704601526260376,-0.3869413733482361,0.5512996315956116,-8.491311073303223,-1.3659015893936157,4.530026912689209,44.45217514038086,14.784982681274414,109.46166229248047
1781548239135283,180080722,-0.6862549185752869,-0.304214745759964,-0.3756450116634369,0.5435056090354919,-6.802717208862305,-0.7075124382972717,4.316769599914551,88.94886016845703,14.771223068237305,122.66119384765625
1781548239161869,180097389,-0.6898679733276367,-0.3257508873939514,-0.36235669255256653,0.5354123115539551,-5.366540431976318,0.31564241647720337,4.494647979736328,119.37975311279297,26.203655242919922,133.90643310546875
1781548239191508,180114056,-0.6927934288978577,-0.34722593426704407,-0.35137420892715454,0.5253644585609436,-6.395957946777344,1.4922517538070679,4.86837911605835,107.27198028564453,43.00978469848633,135.32640075683594
1781548239193617,180130723,-0.6981053352355957,-0.36326131224632263,-0.3438119888305664,0.5123315453529358,-8.98153305053711,2.4521164894104004,5.209425926208496,56.09333038330078,41.013614654541016,136.8523712158203
1781548239223886,180147390,-0.7071642875671387,-0.3742358386516571,-0.33583134412765503,0.4970752000808716,-9.89468765258789,2.515401601791382,4.7656731605529785,18.659687042236328,17.872316360473633,149.80393981933594
1781548239225784,180164057,-0.7185763120651245,-0.38333192467689514,-0.3256697952747345,0.4802541732788086,-8.520333290100098,1.987859845161438,4.539111614227295,7.313482284545898,-0.561523973941803,166.73007202148438
1781548239252082,180180724,-0.729856014251709,-0.39432719349861145,-0.31224605441093445,0.46294575929641724,-6.4321112632751465,1.5451687574386597,4.03086519241333,26.729629516601562,-8.828786849975586,181.55677795410156
1781548239253571,180197391,-0.7376006245613098,-0.41268351674079895,-0.29390543699264526,0.4463825523853302,-4.620762825012207,1.800581455230713,3.118504285812378,90.51731872558594,-4.502771377563477,195.70877075195312
1781548239282062,180214058,-0.7394671440124512,-0.43984317779541016,-0.27296122908592224,0.4303702712059021,-4.342217445373535,3.2647886276245117,2.756152868270874,160.96946716308594,19.630569458007812,200.06509399414062
1781548239283697,180230725,-0.7379999756813049,-0.46872997283935547,-0.25525861978530884,0.4129059612751007,-6.229361534118652,5.881790637969971,4.252014636993408,167.51861572265625,51.87595748901367,191.01588439941406
1781548239311835,180247392,-0.7438355684280396,-0.48503461480140686,-0.24213431775569916,0.39092323184013367,-8.529454231262207,7.549686908721924,5.021402359008789,59.18504333496094,41.12627410888672,197.81858825683594
1781548239344435,180264059,-0.7560961842536926,-0.4912964403629303,-0.23016466200351715,0.36601999402046204,-8.31464958190918,6.430314540863037,3.412688732147217,-21.578384399414062,19.07748031616211,209.45294189453125
1781548239344849,180280726,-0.766676664352417,-0.4994916617870331,-0.21470817923545837,0.3414900004863739,-6.266388893127441,5.372854709625244,3.1934309005737305,3.5181429386138916,7.210577964782715,218.1256103515625
1781548239372553,180297393,-0.7694123387336731,-0.5176651477813721,-0.19559575617313385,0.31901392340660095,-4.8661112785339355,5.7903733253479,2.5744709968566895,94.69232940673828,15.894079208374023,216.17140197753906
1781548239374152,180314060,-0.7669243216514587,-0.5408313870429993,-0.17587409913539886,0.2973163425922394,-5.511267185211182,8.733071327209473,4.199888706207275,142.09451293945312,27.87637710571289,209.4813995361328
1781548239402020,180330727,-0.7709600925445557,-0.5524811148643494,-0.1591162234544754,0.27398428320884705,-6.254035472869873,10.891047477722168,4.055356979370117,49.05186080932617,18.146690368652344,206.46994018554688
1781548239403876,180347394,-0.7802800536155701,-0.5548657774925232,-0.14451542496681213,0.2498045563697815,-5.659284591674805,9.876477241516113,3.416426181793213,-25.13215446472168,9.564735412597656,202.58140563964844
1781548239433891,180364061,-0.7880590558052063,-0.5579265356063843,-0.1297456920146942,0.2254926562309265,-4.84860372543335,8.538952827453613,3.005587339401245,-15.466130256652832,11.853734970092773,201.95811462402344
1781548239434697,180380728,-0.7896743416786194,-0.5678239464759827,-0.1138380765914917,0.20256178081035614,-4.095536231994629,9.321514129638672,2.869236946105957,48.22622299194336,16.487808227539062,195.38177490234375
1781548239462572,180397395,-0.7885349988937378,-0.5791887044906616,-0.0980132520198822,0.18206237256526947,-3.93576717376709,11.262933731079102,3.2145044803619385,68.73751831054688,11.641060829162598,179.1627960205078
1781548239491958,180414062,-0.789929986000061,-0.5850285291671753,-0.08288056403398514,0.16396145522594452,-3.3730828762054443,11.857906341552734,3.299677610397339,29.435283660888672,-2.7843692302703857,162.8426971435547
1781548239493171,180430729,-0.792526125907898,-0.5878115892410278,-0.06824703514575958,0.14738531410694122,-2.555168390274048,10.954656600952148,3.3011395931243896,8.306221961975098,-10.338430404663086,152.1600799560547
1781548239522377,180447396,-0.7927353382110596,-0.5927419662475586,-0.05453771352767944,0.1313529908657074,-2.314915657043457,10.149831771850586,2.695164680480957,28.973617553710938,-4.204939365386963,144.04693603515625
1781548239523845,180464063,-0.7900523543357849,-0.6004071831703186,-0.041912056505680084,0.11649967730045319,-2.9183390140533447,11.146484375,2.8882250785827637,55.131431579589844,0.4498105049133301,131.615234375
1781548239551414,180480730,-0.7886805534362793,-0.6051849722862244,-0.030396971851587296,0.1039738804101944,-3.549408197402954,12.934952735900879,3.2521157264709473,33.812767028808594,-5.818845748901367,114.60224151611328
1781548239555041,180497397,-0.7906214594841003,-0.6046919822692871,-0.019317008554935455,0.09429972618818283,-2.4526917934417725,13.313043594360352,3.617583990097046,-8.268241882324219,-19.786495208740234,98.59477996826172
1781548239582748,180514064,-0.7937420010566711,-0.6021047830581665,-0.009548915550112724,0.08574717491865158,-1.0385932922363281,12.125679969787598,3.7335684299468994,-25.258899688720703,-18.833322525024414,87.530029296875
1781548239584161,180530731,-0.7955980896949768,-0.6008586883544922,-0.00046011307858861983,0.07741104066371918,-0.7123777866363525,11.073345184326172,3.743084192276001,-13.09107494354248,-15.148225784301758,82.87773132324219
1781548239642794,180547398,-0.7962536811828613,-0.6008889675140381,0.007446163799613714,0.06969498842954636,-1.9165772199630737,10.574322700500488,3.345752000808716,-1.7755968570709229,-10.55774974822998,73.96430206298828
1781548239643955,180564065,-0.795819878578186,-0.6019385457038879,0.014562062919139862,0.06425537168979645,-2.574190378189087,11.267072677612305,3.431809902191162,7.8109540939331055,-15.204812049865723,57.66325759887695
1781548239645387,180580732,-0.795771062374115,-0.6021520495414734,0.020870843902230263,0.061040062457323074,-1.422598958015442,12.184981346130371,3.6202666759490967,1.0644400119781494,-20.325536727905273,42.40944290161133
1781548239672360,180597399,-0.7977043390274048,-0.5996412634849548,0.026049137115478516,0.05847715958952904,-0.1904720664024353,12.418370246887207,3.692920207977295,-22.615087509155273,-17.700782775878906,35.383934020996094
1781548239673876,180614066,-0.802309513092041,-0.5935498476028442,0.030333902686834335,0.055480070412158966,0.35067322850227356,11.619844436645508,3.802255868911743,-53.550682067871094,-11.971583366394043,35.79676818847656
1781548239702017,180630733,-0.8082202672958374,-0.5855785608291626,0.033583350479602814,0.052441053092479706,-0.00883754063397646,10.241199493408203,4.048161029815674,-69.63417053222656,-6.533334732055664,32.69224166870117
1781548239704027,180647400,-0.8119964003562927,-0.5803991556167603,0.035994257777929306,0.05003146454691887,-0.6488463878631592,9.171419143676758,3.804795026779175,-45.971519470214844,-3.8931422233581543,24.403982162475586
1781548239731610,180664067,-0.8107168078422546,-0.5821618437767029,0.03852817043662071,0.0483882762491703,-0.515860915184021,9.569581031799316,3.532388687133789,12.814241409301758,-6.501795291900635,17.160160064697266
1781548239734112,180680734,-0.8102474808692932,-0.5827115178108215,0.04071708023548126,0.04783765971660614,0.5722546577453613,10.53179931640625,3.813051223754883,2.4063470363616943,-9.141154289245605,10.28105354309082
1781548239761795,180697401,-0.8124843239784241,-0.5795027017593384,0.04195167496800423,0.047815460711717606,1.7648570537567139,10.148528099060059,3.507586717605591,-29.834888458251953,-6.420126438140869,5.455452919006348
1781548239791428,180714068,-0.8151096105575562,-0.5758029818534851,0.04216572642326355,0.047637395560741425,2.0515661239624023,9.285106658935547,3.573542833328247,-34.415557861328125,-0.14705593883991241,2.5256597995758057
1781548239822802,180730735,-0.8170316815376282,-0.5731451511383057,0.04174516350030899,0.04713349789381027,1.421438217163086,8.59011173248291,3.630922555923462,-25.905078887939453,4.839217185974121,1.3036319017410278
1781548239824469,180747402,-0.8178828358650208,-0.5720052719116211,0.04146049916744232,0.04646190628409386,0.5579359531402588,8.506999015808105,3.665935754776001,-13.065149307250977,4.922501087188721,1.9959155321121216
1781548239825937,180764069,-0.8170154094696045,-0.5732731819152832,0.041638199239969254,0.045933663845062256,0.6227899193763733,9.288640022277832,3.8488621711730957,7.341441631317139,2.038893222808838,1.7723674774169922
1781548239851344,180780736,-0.8163084983825684,-0.5743017196655273,0.041355229914188385,0.04591133072972298,1.2251513004302979,10.470812797546387,3.882193088531494,5.074907302856445,2.602679491043091,-2.7672219276428223
1781548239853481,180797403,-0.8190075755119324,-0.5705322027206421,0.040565717965364456,0.045542191714048386,1.1753233671188354,10.51431655883789,3.92569899559021,-35.3635139465332,6.2701263427734375,-0.3835391402244568
1781548239882592,180814070,-0.8246792554855347,-0.5624390840530396,0.03942976891994476,0.04485330358147621,0.6950395703315735,9.12177848815918,4.032700538635254,-71.38951873779297,8.952230453491211,2.1930058002471924
1781548239883945,180830737,-0.8275346159934998,-0.558355450630188,0.03848519176244736,0.04409812018275261,0.45403075218200684,7.887732028961182,3.9270412921905518,-37.68599319458008,8.597569465637207,1.3528122901916504
1781548239911499,180847404,-0.8248693346977234,-0.5624194145202637,0.037303049117326736,0.04340061917901039,0.09678336977958679,8.342950820922852,3.86509370803833,29.777563095092773,10.737462997436523,-3.717581033706665
1781548239945777,180864071,-0.8197759985923767,-0.5699079632759094,0.03638266772031784,0.042998120188713074,-0.19995935261249542,10.09408187866211,3.8665971755981445,58.593379974365234,8.510673522949219,-5.981433868408203
1781548239946175,180880738,-0.8183456063270569,-0.5720362067222595,0.035767726600170135,0.042493872344493866,-0.2991868257522583,10.623977661132812,3.726527690887451,14.14323616027832,6.518456935882568,-1.7868715524673462
1781548239971495,180897405,-0.819939136505127,-0.5698139071464539,0.035284798592329025,0.04203447699546814,-0.5884442925453186,9.728588104248047,3.4946842193603516,-22.20048713684082,5.071713924407959,0.4342833161354065
1781548239973669,180914072,-0.8197640776634216,-0.5700768232345581,0.035610854625701904,0.04160689562559128,-0.47116678953170776,9.075838088989258,3.5201480388641357,-1.0352140665054321,0.675349235534668,2.3118343353271484
1781548240002878,180930739,-0.8179438710212708,-0.572675347328186,0.03625771775841713,0.04118340462446213,-0.055453214794397354,9.178824424743652,3.4284064769744873,18.667051315307617,-0.884830117225647,2.5046494007110596
1781548240004822,180947406,-0.8162903189659119,-0.5750277638435364,0.03666294738650322,0.04085608944296837,0.24432756006717682,9.531859397888184,3.3526055812835693,16.53482437133789,0.06661228835582733,1.1210496425628662
1781548240031507,180964073,-0.814918577671051,-0.5769994854927063,0.036458712071180344,0.0406230203807354,0.19438815116882324,9.844466209411621,3.292987823486328,13.089180946350098,3.0792055130004883,-1.6423002481460571
1781548240033580,180980740,-0.8139399290084839,-0.5784096121788025,0.03633306920528412,0.04030317813158035,0.12630440294742584,9.83296012878418,3.1835110187530518,8.426765441894531,2.9239914417266846,-0.5940483212471008
1781548240064199,180997407,-0.8139467835426331,-0.578439474105835,0.03607460483908653,0.039965178817510605,0.19685539603233337,9.46805191040039,3.0941553115844727,-3.2502005100250244,3.603290319442749,-0.40274691581726074
1781548240091419,181014074,-0.8134071826934814,-0.5792493224143982,0.035762567073106766,0.0395025871694088,0.3283190429210663,9.270342826843262,3.1193785667419434,3.304941415786743,4.477158069610596,-0.26231247186660767
1781548240093617,181030741,-0.8122410774230957,-0.5809409022331238,0.03534309193491936,0.03902721777558327,0.4264550507068634,9.390610694885254,3.171623706817627,10.703866958618164,5.2144856452941895,-1.0062721967697144
1781548240122971,181047408,-0.8112486004829407,-0.5823996067047119,0.03463153541088104,0.03856316953897476,0.3195100724697113,9.633974075317383,3.207430839538574,8.629387855529785,6.780035972595215,-2.1334362030029297
1781548240125313,181064075,-0.810567319393158,-0.5834184288978577,0.03382645547389984,0.03820411115884781,0.06604932993650436,9.85546875,3.359687328338623,4.880264759063721,6.838470458984375,-2.9066832065582275
1781548240151501,181080742,-0.8112387657165527,-0.5825337171554565,0.03306760638952255,0.03811752051115036,-0.18670213222503662,9.833359718322754,3.6410956382751465,-11.20533275604248,5.302568435668945,-3.441542148590088
1781548240153852,181097409,-0.8124415874481201,-0.5808672308921814,0.03268122300505638,0.03826219215989113,-0.16416622698307037,9.535510063171387,3.5590946674346924,-17.64946174621582,2.214918375015259,-2.9217464923858643
1781548240182008,181114076,-0.8126405477523804,-0.5805821418762207,0.03263763338327408,0.038402944803237915,0.05397999286651611,9.468239784240723,3.5252814292907715,-5.831717491149902,0.45360732078552246,-2.104646921157837
1781548240183182,181130743,-0.812369704246521,-0.5809428095817566,0.0327330157160759,0.03859324008226395,0.2232447862625122,9.570618629455566,3.548280954360962,-0.322604775428772,-0.45550909638404846,-2.0955288410186768
1781548240211609,181147410,-0.8124322295188904,-0.5808311104774475,0.03282221406698227,0.03888281062245369,0.3025815784931183,9.659431457519531,3.473203659057617,-4.315419673919678,-0.8680400252342224,-2.4803597927093506
1781548240243056,181164077,-0.8125094175338745,-0.5807045698165894,0.03300020471215248,0.039008431136608124,0.31172001361846924,9.570700645446777,3.3583149909973145,-4.396176815032959,-0.7094334363937378,-1.2030670642852783
1781548240244609,181180744,-0.8124396800994873,-0.5807950496673584,0.03313999995589256,0.038996368646621704,0.16090068221092224,9.549871444702148,3.3768208026885986,-2.5763559341430664,0.0781891718506813,-0.675637423992157
1781548240271773,181197411,-0.8120790123939514,-0.5812940001487732,0.0332975909113884,0.038940854370594025,0.10490887612104416,9.608299255371094,3.2865171432495117,0.8829529881477356,0.19602039456367493,-0.5331923961639404
1781548240274287,181214078,-0.8119782209396362,-0.5814334750175476,0.033420663326978683,0.03885602205991745,0.09150947630405426,9.652809143066406,3.3505213260650635,-2.1659507751464844,0.4688341021537781,-0.3556707799434662
1781548240302568,181230745,-0.8125014305114746,-0.580692708492279,0.033558230847120285,0.038877591490745544,0.09444379806518555,9.552047729492188,3.280284881591797,-9.595479011535645,-0.12922890484333038,-0.5224223136901855
1781548240304039,181247412,-0.8127419352531433,-0.5803444981575012,0.0337057039141655,0.0389227494597435,0.11943177878856659,9.596796989440918,3.2884175777435303,-6.2762131690979,-0.2387872040271759,-0.780867338180542
1781548240331982,181264079,-0.8130397796630859,-0.5799188613891602,0.03385906293988228,0.038913555443286896,0.16707287728786469,9.597580909729004,3.287930727005005,-6.923357963562012,-0.0623285174369812,-0.4203685522079468
1781548240334126,181280746,-0.8135475516319275,-0.5792017579078674,0.03390653803944588,0.03894079104065895,0.16441987454891205,9.520362854003906,3.276630163192749,-9.426857948303223,0.3553827106952667,-0.9224416017532349
1781548240361694,181297413,-0.8138229250907898,-0.5788112282752991,0.03396511822938919,0.03893798217177391,0.2119883894920349,9.396051406860352,3.2811226844787598,-6.6646809577941895,0.4462437331676483,-0.8484079241752625
1781548240391656,181314080,-0.8135631084442139,-0.5791860818862915,0.03391551226377487,0.03883622586727142,0.2098645716905594,9.39482307434082,3.2822721004486084,-0.25809916853904724,1.525325894355774,-1.0475081205368042
1781548240393627,181330747,-0.8129618763923645,-0.5800473690032959,0.03378864750266075,0.03868228942155838,0.15186068415641785,9.445100784301758,3.2629966735839844,3.8141608238220215,2.215684652328491,-1.2679952383041382
1781548240421779,181347414,-0.8121801018714905,-0.5811646580696106,0.03362805396318436,0.03847423568367958,0.11510057002305984,9.547243118286133,3.2354302406311035,5.968764781951904,2.6455295085906982,-1.207741379737854
1781548240424010,181364081,-0.8114978671073914,-0.5821452736854553,0.03345362842082977,0.038196150213479996,0.16838692128658295,9.64989948272705,3.1990950107574463,4.82021427154541,2.989353895187378,-0.8140740394592285
1781548240451404,181380748,-0.8111059665679932,-0.5827280282974243,0.033171430230140686,0.03788208216428757,0.1886969804763794,9.702544212341309,3.1689326763153076,1.4183610677719116,3.6974434852600098,-0.8768765330314636
1781548240453378,181397415,-0.8109857439994812,-0.5829398036003113,0.0327901765704155,0.0375274196267128,0.1599823534488678,9.677629470825195,3.2183122634887695,-1.7554563283920288,4.377601623535156,-0.8921801447868347
1781548240482504,181414082,-0.8110368251800537,-0.5829176902770996,0.03233847767114639,0.03715747594833374,0.09896381199359894,9.553324699401855,3.191223382949829,-3.76151967048645,4.809738636016846,-0.9924153089523315
1781548240483316,181430749,-0.8108838200569153,-0.5831790566444397,0.03187417984008789,0.03679277375340462,0.059274960309267044,9.521844863891602,3.252074956893921,-1.367295742034912,4.8857831954956055,-1.1873666048049927
1781548240542008,181447416,-0.8106143474578857,-0.5835928320884705,0.03147125616669655,0.036514464765787125,0.08859763294458389,9.478729248046875,3.267080783843994,-0.054260507225990295,4.210657596588135,-1.4853061437606812
1781548240544473,181464083,-0.8100324273109436,-0.5844367742538452,0.031083133071660995,0.036262836307287216,0.16664037108421326,9.500285148620605,3.2643935680389404,3.5949156284332275,4.0610671043396,-1.7463637590408325
1781548240545396,181480750,-0.809312641620636,-0.5854712724685669,0.03068523295223713,0.03598513826727867,0.1657412052154541,9.606467247009277,3.275217294692993,5.214280128479004,4.238231182098389,-1.7156416177749634
1781548240572179,181497417,-0.8088140487670898,-0.586195707321167,0.030304795131087303,0.035723987966775894,0.13399897515773773,9.692282676696777,3.2867183685302734,2.5998237133026123,4.044291019439697,-1.6175317764282227
1781548240573827,181514084,-0.8085969090461731,-0.5865286588668823,0.029967492446303368,0.03545846417546272,0.11978468298912048,9.66401481628418,3.279512405395508,-0.6998414993286133,3.7840912342071533,-1.268930196762085
1781548240601582,181530751,-0.8085247278213501,-0.5866581797599792,0.02967333048582077,0.03521014750003815,0.11796452105045319,9.566985130310059,3.263448476791382,-2.408682346343994,3.455749034881592,-1.113063931465149
1781548240603959,181547418,-0.8084049224853516,-0.5868479013442993,0.029413634911179543,0.03501664847135544,0.07933293282985687,9.500184059143066,3.261141061782837,-1.8838398456573486,3.0478153228759766,-1.3026491403579712
1781548240632101,181564085,-0.8080646991729736,-0.5873331427574158,0.029183287173509598,0.03492232412099838,0.11167538166046143,9.511268615722656,3.239872932434082,0.6347531080245972,2.5111136436462402,-1.8482248783111572
1781548240633769,181580752,-0.8076333403587341,-0.5879351496696472,0.029025163501501083,0.034904174506664276,0.13970181345939636,9.537592887878418,3.2077066898345947,1.6546636819839478,1.8114391565322876,-2.0252602100372314
1781548240661856,181597419,-0.8073059916496277,-0.5883927345275879,0.028861643746495247,0.03490008786320686,0.10250630974769592,9.580232620239258,3.2197935581207275,0.4279818534851074,1.771239995956421,-2.0714528560638428
1781548240692392,181614086,-0.8069445490837097,-0.5888901352882385,0.028772389516234398,0.034945063292980194,0.07942380011081696,9.697896003723145,3.222071647644043,0.7955368757247925,1.1627973318099976,-2.059504508972168
1781548240694115,181630753,-0.8067507147789001,-0.5891606211662292,0.0286638755351305,0.03495161607861519,0.07023585587739944,9.693257331848145,3.1707966327667236,-1.139137625694275,1.4053881168365479,-1.8389023542404175
1781548240721886,181647420,-0.8066191673278809,-0.5893455743789673,0.028586504980921745,0.03493402525782585,0.08820623904466629,9.707771301269531,3.143425464630127,-1.8530147075653076,1.3211350440979004,-1.5471606254577637
1781548240723711,181664087,-0.8066341280937195,-0.5893279314041138,0.028548726812005043,0.0349118635058403,0.10609365999698639,9.626872062683105,3.101201295852661,-3.560396432876587,1.0997135639190674,-1.2864364385604858
1781548240751555,181680754,-0.8066301345825195,-0.5893385410308838,0.028462743386626244,0.03489711135625839,0.09905707091093063,9.575044631958008,3.0733346939086914,-3.3399863243103027,1.340933918952942,-1.53280508518219
1781548240753842,181697421,-0.8063432574272156,-0.5897355079650879,0.028457380831241608,0.03482510894536972,0.09026461839675903,9.591050148010254,3.0862176418304443,-0.02014438807964325,1.161836862564087,-1.032422423362732
1781548240781653,181714088,-0.8061902523040771,-0.5899536609649658,0.028377249836921692,0.03473905473947525,0.08812990039587021,9.65674114227295,3.0972869396209717,-1.569968819618225,1.617742896080017,-1.190414309501648
1781548240784144,181730755,-0.8060455322265625,-0.5901601314544678,0.028331805020570755,0.03463204950094223,0.10605546832084656,9.673006057739258,3.1107797622680664,-1.6556178331375122,1.5088889598846436,-0.9295745491981506
1781548240813629,181747422,-0.8060708045959473,-0.5901385545730591,0.02820894494652748,0.03450547158718109,0.14157651364803314,9.627760887145996,3.117062568664551,-3.6234798431396484,1.9961576461791992,-1.0502487421035767
1781548240841812,181764089,-0.8060871958732605,-0.5901345014572144,0.028032444417476654,0.034337203949689865,0.13641032576560974,9.602564811706543,3.0971615314483643,-3.495121955871582,2.464946985244751,-1.0426033735275269
1781548240844027,181780756,-0.8059694170951843,-0.5903164744377136,0.02782585844397545,0.03414531797170639,0.10127735137939453,9.600889205932617,3.0801491737365723,-1.9220410585403442,2.7457008361816406,-1.1012052297592163
1781548240874728,181797423,-0.8057152628898621,-0.5906822085380554,0.02769686095416546,0.03391801938414574,0.07935012131929398,9.650346755981445,3.0954952239990234,-0.3255886137485504,2.476318836212158,-0.657298743724823
1781548240875232,181814090,-0.8056584596633911,-0.5907816290855408,0.027537381276488304,0.03366566076874733,0.10597719997167587,9.672605514526367,3.080958843231201,-2.604351043701172,2.7220349311828613,-0.5457555055618286
1781548240901677,181830757,-0.805649995803833,-0.5908144116401672,0.02741471491754055,0.03339322656393051,0.10744442790746689,9.653397560119629,3.1348330974578857,-3.156841993331909,2.5943164825439453,-0.26118549704551697
1781548240903318,181847424,-0.8056396245956421,-0.5908509492874146,0.02724272385239601,0.03313397988677025,0.07384349405765533,9.603253364562988,3.1118364334106445,-3.1423323154449463,2.81400990486145,-0.5358304977416992
1781548240932056,181864091,-0.8054842948913574,-0.5910791158676147,0.02719278447329998,0.03288226202130318,0.08662094920873642,9.630790710449219,3.1576387882232666,-1.4660325050354004,2.1236064434051514,-0.15058986842632294
1781548240933864,181880758,-0.8054071068763733,-0.5912008285522461,0.02713732048869133,0.03263375535607338,0.14661812782287598,9.640076637268066,3.101487636566162,-2.3739898204803467,2.1315081119537354,-0.15343286097049713
1781548240961843,181897425,-0.8054104447364807,-0.5912126302719116,0.027067191898822784,0.03239112347364426,0.14572852849960327,9.65307903289795,3.136762857437134,-3.3149242401123047,2.179058313369751,-0.20695064961910248
1781548240992336,181914092,-0.8055718541145325,-0.5910100340843201,0.027012653648853302,0.03212141990661621,0.10202113538980484,9.62897777557373,3.12682843208313,-5.13542366027832,2.185026168823242,0.08141637593507767
1781548240993519,181930759,-0.805735170841217,-0.5908018350601196,0.026995766907930374,0.03186775743961334,0.10703544318675995,9.607646942138672,3.1563878059387207,-5.169091701507568,1.9103424549102783,0.14710016548633575
1781548241021666,181947426,-0.8057510256767273,-0.5907946228981018,0.02697269432246685,0.03161877766251564,0.09543415158987045,9.550636291503906,3.1164770126342773,-3.458521842956543,1.9424737691879272,0.02659239061176777
1781548241023158,181964093,-0.8057065010070801,-0.5908637046813965,0.026996325701475143,0.031436722725629807,0.06793688237667084,9.570544242858887,3.1038780212402344,-2.7923738956451416,1.4171316623687744,-0.181888610124588
1781548241051598,181980760,-0.8055027723312378,-0.5911402702331543,0.02713487111032009,0.03134238347411156,0.099458247423172,9.572063446044922,3.011176586151123,-0.9872414469718933,0.4391361176967621,-0.2739790380001068
1781548241053542,181997427,-0.8051762580871582,-0.5915775299072266,0.027407867833971977,0.0312437042593956,0.07297250628471375,9.640275001525879,3.150484800338745,0.4311577379703522,-0.2762841582298279,0.2401382476091385
1781548241083840,182014094,-0.8053604960441589,-0.5913131237030029,0.027607347816228867,0.03132833540439606,-0.0898529589176178,9.624899864196777,3.281546115875244,-5.581456184387207,-0.6690294146537781,-0.8315419554710388
1781548241085757,182030761,-0.8056385517120361,-0.5908923745155334,0.027999326586723328,0.03176404535770416,-0.18212901055812836,9.354683876037598,3.2071826457977295,-6.8525519371032715,-3.178626537322998,-1.9425060749053955
1781548241111993,182047428,-0.8047894239425659,-0.5919893383979797,0.028635818511247635,0.03229007497429848,0.014422442764043808,9.495633125305176,3.13820743560791,6.169581413269043,-4.785310745239258,-1.9870847463607788
1781548241143744,182064095,-0.8030611276626587,-0.5942785143852234,0.02943364717066288,0.032553400844335556,0.416340172290802,9.959425926208496,2.994370937347412,16.432937622070312,-4.517777442932129,-0.3067252039909363
1781548241144956,182080762,-0.8028227686882019,-0.5945743322372437,0.03002401627600193,0.03249230980873108,0.5797163844108582,10.129670143127441,2.911295175552368,-0.6419439315795898,-2.1912689208984375,1.3729496002197266
1781548241172024,182097429,-0.8037732243537903,-0.5932862758636475,0.03042367473244667,0.0321655310690403,0.303317129611969,9.983716011047363,3.065443992614746,-14.232973098754883,-0.16001544892787933,2.6512808799743652
1781548241173361,182114096,-0.8042921423912048,-0.5925763845443726,0.031032279133796692,0.03169390186667442,-0.13566438853740692,9.72525691986084,3.1775877475738525,-9.201276779174805,-0.6862669587135315,4.087320804595947
1781548241201358,182130763,-0.8043870329856873,-0.5924204587936401,0.03200582042336464,0.031228430569171906,-0.1795157492160797,9.548192977905273,3.11984920501709,-4.331005573272705,-2.699821949005127,5.330099582672119
1781548241204643,182147430,-0.8040372133255005,-0.5928560495376587,0.0331684947013855,0.03075825795531273,0.23314248025417328,9.529096603393555,2.9891855716705322,0.7923739552497864,-3.697744846343994,5.901687145233154
1781548241231391,182164097,-0.8037686944007874,-0.593195915222168,0.0340103805065155,0.03029736876487732,0.5320808291435242,9.540587425231934,2.9180800914764404,-0.13825735449790955,-1.9639946222305298,4.581580638885498
1781548241233847,182180764,-0.8043335676193237,-0.5924190878868103,0.034350428730249405,0.03012269362807274,0.4195365607738495,9.4329252243042,2.9231796264648438,-9.87928295135498,-0.3956907391548157,1.3872547149658203
1781548241262703,182197431,-0.804845929145813,-0.5917074680328369,0.034546151757240295,0.030201859772205353,0.12892813980579376,9.200246810913086,2.9058146476745605,-9.394843101501465,-0.6301878094673157,-0.6309947371482849
1781548241291830,182214098,-0.8041845560073853,-0.5925775170326233,0.034902557730674744,0.03035058081150055,0.061511967331171036,9.325827598571777,2.921103000640869,4.149571895599365,-1.752510666847229,-0.9812994003295898
1781548241294883,182230765,-0.8029283881187439,-0.594255805015564,0.035228945314884186,0.030419979244470596,0.18495501577854156,9.783266067504883,2.9962799549102783,11.053580284118652,-1.2380670309066772,-0.9827083349227905
1781548241321867,182247432,-0.8026357293128967,-0.5946422219276428,0.035383157432079315,0.030408790335059166,0.3146883547306061,9.95711612701416,2.9164435863494873,-0.030952947214245796,0.004616688936948776,-0.7269523739814758
1781548241323295,182264099,-0.8031074404716492,-0.5940112471580505,0.03533605486154556,0.030339853838086128,0.32551416754722595,9.771452903747559,2.9486358165740967,-8.798822402954102,1.3255280256271362,-0.824127197265625
1781548241351595,182280766,-0.8033187389373779,-0.5937395095825195,0.03522701561450958,0.030192628502845764,0.27978697419166565,9.51949691772461,2.8952691555023193,-5.745876312255859,1.999000906944275,-0.7865276336669922
1781548241353445,182297433,-0.8030639290809631,-0.5940988659858704,0.0351373553276062,0.030002722516655922,0.3061903119087219,9.459622383117676,2.9234983921051025,-0.3427107334136963,2.0839710235595703,-0.7213048338890076
1781548241382099,182314100,-0.8027054667472839,-0.5946055054664612,0.03492984548211098,0.029802456498146057,0.30681291222572327,9.513924598693848,2.964930772781372,0.8710944652557373,2.7819812297821045,-1.2026957273483276
1781548241383334,182330767,-0.8023045063018799,-0.595173716545105,0.03462062403559685,0.02961881086230278,0.26752376556396484,9.593704223632812,2.9190568923950195,1.3602843284606934,3.278445243835449,-1.7338007688522339
1781548241412640,182347434,-0.80193030834198,-0.5957008600234985,0.03435387462377548,0.02946322225034237,0.28138163685798645,9.669957160949707,2.9486165046691895,1.0260895490646362,2.9269487857818604,-1.6995177268981934
1781548241441929,182364101,-0.8017719388008118,-0.5959382653236389,0.03406696766614914,0.029305055737495422,0.27650198340415955,9.819748878479004,3.0321736335754395,-1.4592963457107544,3.040848731994629,-1.6559635400772095
1781548241443550,182380768,-0.8018162846565247,-0.5959025025367737,0.033791884779930115,0.029139764606952667,0.14838778972625732,9.814711570739746,3.069364070892334,-3.790142059326172,2.9971280097961426,-1.4632279872894287
1781548241472057,182397435,-0.8018470406532288,-0.5958694815635681,0.03372819349169731,0.029040388762950897,0.030145734548568726,9.69734001159668,3.1167774200439453,-3.6930179595947266,1.559192180633545,-0.9637418389320374
1781548241473896,182414102,-0.8014047741889954,-0.5964529514312744,0.0339943952858448,0.028962338343262672,0.08146557211875916,9.627029418945312,3.0573527812957764,1.7047749757766724,-0.3337719142436981,0.03336694464087486
1781548241502172,182430769,-0.8005403280258179,-0.5975964665412903,0.034402526915073395,0.028811238706111908,0.28073257207870483,9.680870056152344,2.956129550933838,6.567910194396973,-0.8031759262084961,0.8033872246742249
1781548241503800,182447436,-0.7999501824378967,-0.5983734130859375,0.03477697819471359,0.028629593551158905,0.42164885997772217,9.752083778381348,2.9446539878845215,3.4238739013671875,-0.5008435845375061,0.9739806056022644
1781548241531789,182464103,-0.8000633716583252,-0.5982186198234558,0.03500404953956604,0.0284236092120409,0.37758737802505493,9.715944290161133,2.983234405517578,-4.617125034332275,0.39448046684265137,0.8620530962944031
1781548241534067,182480770,-0.8005393743515015,-0.5975817441940308,0.035113487392663956,0.02828431874513626,0.2757577896118164,9.557843208312988,2.9572231769561768,-8.800204277038574,0.7604987025260925,0.1982487291097641
1781548241561665,182497437,-0.8009048700332642,-0.5970907807350159,0.03516663238406181,0.028241699561476707,0.265563428401947,9.472856521606445,2.9454867839813232,-7.5770063400268555,0.6755414605140686,-0.6216587424278259
1781548241593067,182514104,-0.8011736273765564,-0.5967265963554382,0.03512734919786453,0.028359852731227875,0.3156059980392456,9.430538177490234,2.892381429672241,-6.5384368896484375,0.5254894495010376,-1.9357954263687134
1781548241594469,182530771,-0.8011124730110168,-0.5968088507652283,0.03496677801012993,0.028555022552609444,0.35034412145614624,9.557398796081543,2.878328800201416,-2.7672088146209717,0.8851556777954102,-3.0299441814422607
1781548241622716,182547438,-0.8009667992591858,-0.5970144867897034,0.03465652093291283,0.028722723945975304,0.22286739945411682,9.690564155578613,2.893167734146118,-1.76479172706604,1.8265119791030884,-3.539278030395508
1781548241623830,182564105,-0.8008406758308411,-0.5971940159797668,0.0343632772564888,0.028860682621598244,0.12524601817131042,9.682659149169922,2.8581879138946533,-1.9776076078414917,1.854020118713379,-3.2953810691833496
1781548241651428,182580772,-0.8004968166351318,-0.5976690053939819,0.03407827019691467,0.028903447091579437,0.17582561075687408,9.64389705657959,2.7728865146636963,0.56661057472229,2.206681489944458,-2.8501172065734863
1781548241653591,182597439,-0.7998750805854797,-0.5985180735588074,0.03380245715379715,0.02886992134153843,0.2982730269432068,9.710034370422363,2.753361463546753,3.7870876789093018,2.4783170223236084,-2.5353758335113525
1781548241683665,182614106,-0.7993939518928528,-0.5991946458816528,0.03335697576403618,0.02867979370057583,0.32149526476860046,9.86317253112793,2.789921998977661,2.2620561122894287,4.054304599761963,-2.304297685623169
1781548241684059,182630773,-0.7996036410331726,-0.5989571213722229,0.03279600664973259,0.028443926945328712,0.26928138732910156,9.80704402923584,2.8548951148986816,-5.62060546875,4.855918884277344,-2.1829323768615723
1781548241711718,182647440,-0.8001382946968079,-0.5982841849327087,0.03219936788082123,0.028253840282559395,0.19945839047431946,9.512396812438965,2.877012252807617,-9.369051933288574,4.851296424865723,-2.419926881790161
1781548241741810,182664107,-0.7999863624572754,-0.5985245704650879,0.03162546828389168,0.02810760773718357,0.18732860684394836,9.430245399475098,2.9296936988830566,-1.526491403579712,4.571720123291016,-2.902956485748291
1781548241743662,182680774,-0.7989526987075806,-0.5999355912208557,0.031152084469795227,0.027954859659075737,0.21117444336414337,9.715490341186523,2.9071545600891113,8.561412811279297,4.07996940612793,-2.878176689147949
1781548241771461,182697441,-0.7983177304267883,-0.600813090801239,0.030727969482541084,0.0277206189930439,0.23325401544570923,9.992914199829102,2.976560115814209,4.013644695281982,4.127749443054199,-2.0365426540374756
1781548241773617,182714108,-0.7986837029457092,-0.6003603339195251,0.030289141461253166,0.027468346059322357,0.20910708606243134,9.901331901550293,2.9426140785217285,-7.421422481536865,4.240894317626953,-1.5264532566070557
1781548241833180,182730775,-0.7991354465484619,-0.5997899770736694,0.029915086925029755,0.027194524183869362,0.21637319028377533,9.588274002075195,2.9061102867126465,-8.40425968170166,3.9703216552734375,-1.100014567375183
1781548241834452,182747442,-0.7989623546600342,-0.6000458598136902,0.029612703248858452,0.026967303827404976,0.1882251501083374,9.441380500793457,2.908351182937622,-1.28294038772583,3.4099667072296143,-1.3471897840499878
1781548241835876,182764109,-0.7982746362686157,-0.6009799838066101,0.02936463989317417,0.026803258806467056,0.1558150351047516,9.61822509765625,2.9659059047698975,4.562204837799072,2.8724069595336914,-1.7036927938461304
1781548241862365,182780776,-0.7979124784469604,-0.6014750003814697,0.029139293357729912,0.026735462248325348,0.11394338309764862,9.74537467956543,2.9756765365600586,0.7929883003234863,2.3343093395233154,-1.98928701877594
1781548241863451,182797443,-0.7980895638465881,-0.6012431383132935,0.02897173911333084,0.02684859000146389,0.13046760857105255,9.6715669631958,2.960303783416748,-5.449434280395508,1.2436950206756592,-2.497763156890869
1781548241892340,182814110,-0.7980491518974304,-0.6012914776802063,0.028874138370156288,0.027064146474003792,0.22362786531448364,9.667784690856934,2.9424314498901367,-3.0203006267547607,0.44483494758605957,-2.8663811683654785
1781548241921654,182830777,-0.7980773448944092,-0.6012490391731262,0.028785990551114082,0.027270058169960976,0.3454127311706543,9.703064918518066,2.888622283935547,-3.7985432147979736,0.4293777644634247,-2.743645668029785
1781548241923694,182847444,-0.798145055770874,-0.6011587381362915,0.02866191789507866,0.027408022433519363,0.33965015411376953,9.729384422302246,2.83038330078125,-4.217515468597412,0.9067087769508362,-2.5029244422912598
1781548241926279,182864111,-0.7979907393455505,-0.6013699173927307,0.028546692803502083,0.027388842776417732,0.1419551521539688,9.85838794708252,2.8719959259033203,-1.6129213571548462,1.520939588546753,-1.7055752277374268
1781548241951922,182880778,-0.7978488802909851,-0.6015570163726807,0.0286928191781044,0.027261190116405487,-0.0037706790026277304,9.926438331604004,2.909515142440796,-1.7255146503448486,0.5333524346351624,-0.022577594965696335
1781548241952848,182897445,-0.7983130812644958,-0.6009303331375122,0.029017040506005287,0.02715167962014675,-0.013446944765746593,9.774861335754395,2.9503915309906006,-8.666776657104492,-0.5522739291191101,0.8891003131866455
1781548241981587,182914112,-0.7984833121299744,-0.6006819009780884,0.02951762266457081,0.02710087224841118,0.13460592925548553,9.646061897277832,2.9529836177825928,-5.354681015014648,-1.7507559061050415,1.1657941341400146
1781548241983831,182930779,-0.7981958985328674,-0.6010413765907288,0.0299871563911438,0.027085423469543457,0.24724945425987244,9.686936378479004,2.879441738128662,-0.14010146260261536,-1.7058954238891602,0.634868323802948
1781548242012103,182947446,-0.7982540726661682,-0.6009451150894165,0.03042209893465042,0.027018243446946144,0.33501607179641724,9.641515731811523,2.841035842895508,-4.065478324890137,-1.316313624382019,0.9339351058006287
1781548242041660,182964113,-0.798737645149231,-0.6002917885780334,0.030645282939076424,0.027001190930604935,0.28716641664505005,9.4999361038208,2.827195167541504,-8.92990779876709,-0.3757127821445465,-0.020938387140631676
1781548242043566,182980780,-0.7987139225006104,-0.6003145575523376,0.030764149501919746,0.027057895436882973,0.14465007185935974,9.47874641418457,2.777137517929077,-3.157623529434204,-0.0885431095957756,-1.0933549404144287
1781548242102241,182997447,-0.7986184358596802,-0.600426971912384,0.030834311619400978,0.027304958552122116,0.06316029280424118,9.539288520812988,2.817563533782959,-2.418978214263916,-0.6051768660545349,-2.3717868328094482
1781548242103095,183014114,-0.7989047169685364,-0.6000271439552307,0.03078853152692318,0.027766847983002663,0.15086013078689575,9.4749174118042,2.7834901809692383,-6.874500751495361,-0.8709344267845154,-3.849205732345581
1781548242105122,183030781,-0.7988401651382446,-0.6000961065292358,0.03059215471148491,0.028344204649329185,0.27249565720558167,9.43077278137207,2.763355255126953,-2.90582537651062,-0.5042884945869446,-5.270684719085693
1781548242131401,183047448,-0.7983957529067993,-0.6006813049316406,0.030135519802570343,0.028951726853847504,0.26316115260124207,9.577360153198242,2.7039570808410645,1.4396964311599731,0.8211753368377686,-6.693048000335693
1781548242132883,183064115,-0.7981093525886536,-0.6010585427284241,0.029608456417918205,0.02955629676580429,0.16761785745620728,9.722640037536621,2.762432813644409,-0.3678625226020813,1.211295485496521,-6.893391132354736
1781548242134339,183080782,-0.798060417175293,-0.6011271476745605,0.029026608914136887,0.030056150630116463,0.06051664799451828,9.725221633911133,2.760620594024658,-3.0334017276763916,1.9304481744766235,-6.433961868286133
1781548242163603,183097449,-0.7979859709739685,-0.6012254953384399,0.028530778363347054,0.030536571517586708,0.04954824224114418,9.70612621307373,2.7959718704223633,-2.7432355880737305,1.5396627187728882,-5.982742786407471
1781548242193334,183114116,-0.7978280782699585,-0.6014360189437866,0.0280333012342453,0.03097175434231758,0.11932089924812317,9.730018615722656,2.794124126434326,-1.7743712663650513,1.7428101301193237,-5.780646324157715
1781548242194790,183130783,-0.7974947690963745,-0.6018772125244141,0.027602124959230423,0.0313708633184433,0.19056649506092072,9.804720878601074,2.8251609802246094,0.23748736083507538,1.5443882942199707,-5.390256881713867
1781548242221924,183147450,-0.7974373698234558,-0.6019582748413086,0.027138726785779,0.03167722746729851,0.13861310482025146,9.859308242797852,2.9081063270568848,-2.8683154582977295,2.0790276527404785,-4.887338638305664
1781548242223827,183164117,-0.7975630760192871,-0.6017951369285583,0.0267472043633461,0.031943585723638535,0.022428996860980988,9.80517578125,2.9358878135681152,-4.941330909729004,1.8316091299057007,-4.285235404968262
1781548242251465,183180784,-0.7975318431854248,-0.6018325686454773,0.026556694880127907,0.03217922896146774,-0.010413136333227158,9.67012882232666,2.914494752883911,-3.1429603099823,0.8712480664253235,-3.356224298477173
1781548242253788,183197451,-0.7972142696380615,-0.6022466421127319,0.02643899992108345,0.03239332512021065,0.06690982729196548,9.682931900024414,2.8899972438812256,0.1278650015592575,0.592389702796936,-3.0685038566589355
1781548242284077,183214118,-0.7970269322395325,-0.6024901866912842,0.026277873665094376,0.03260630741715431,0.12545669078826904,9.719770431518555,2.836711883544922,-1.3555394411087036,0.8205733299255371,-3.182288408279419
1781548242287466,183230785,-0.7972655296325684,-0.6021705269813538,0.025986619293689728,0.032911863178014755,0.14111682772636414,9.548552513122559,2.7350268363952637,-6.251919746398926,1.1008789539337158,-4.031465530395508
1781548242311729,183247452,-0.7971748113632202,-0.6022865772247314,0.0256811436265707,0.03322566673159599,0.16608107089996338,9.476739883422852,2.737687349319458,-2.5054986476898193,1.184760332107544,-4.287963390350342
1781548242341516,183264119,-0.7967033386230469,-0.6029162406921387,0.025179049000144005,0.03349822759628296,0.07655620574951172,9.703139305114746,2.7565114498138428,1.8486158847808838,2.4833757877349854,-5.053988456726074
1781548242343637,183280786,-0.7964840531349182,-0.6032132506370544,0.024637827649712563,0.03376477211713791,-0.10214529186487198,9.847369194030762,2.74929141998291,-1.026979684829712,2.6893911361694336,-5.067511081695557
1781548242373283,183297453,-0.7967219948768616,-0.6029014587402344,0.024144498631358147,0.03407782316207886,-0.1448090672492981,9.789965629577637,2.802936553955078,-6.254367351531982,2.1703121662139893,-4.914015769958496
1781548242375456,183314120,-0.7967569231987,-0.602853000164032,0.023795876652002335,0.03435734659433365,-0.038851577788591385,9.695691108703613,2.7711284160614014,-3.9312682151794434,1.5443370342254639,-4.221319198608398
1781548242401329,183330787,-0.7963538765907288,-0.6033862233161926,0.02347344532608986,0.03456569463014603,0.08273564279079437,9.753297805786133,2.7566444873809814,1.089493989944458,1.7619041204452515,-3.9211509227752686
1781548242403560,183347454,-0.796177327632904,-0.6036278009414673,0.023053793236613274,0.03469635918736458,0.0885583758354187,9.756081581115723,2.740658760070801,-1.458297848701477,2.5836496353149414,-3.7983639240264893
1781548242431909,183364121,-0.7961898446083069,-0.6036255359649658,0.022578978911042213,0.03475966677069664,0.02730054408311844,9.676641464233398,2.7605321407318115,-3.5801823139190674,3.1368837356567383,-3.5753157138824463
1781548242432730,183380788,-0.7958940863609314,-0.6040326952934265,0.022150203585624695,0.034737296402454376,-0.014355449005961418,9.68235969543457,2.7656354904174805,-0.035217467695474625,3.2903804779052734,-3.0524065494537354
1781548242461602,183397455,-0.7955175042152405,-0.6045461297035217,0.02172362431883812,0.03470246493816376,-0.010846711695194244,9.793538093566895,2.763864517211914,0.8845282196998596,3.3435909748077393,-3.010427474975586
1781548242494350,183414122,-0.7953827381134033,-0.6047425866127014,0.021329421550035477,0.03461318090558052,0.004473590292036533,9.887933731079102,2.797983169555664,-1.8382365703582764,3.3529269695281982,-2.472919464111328
1781548242496298,183430789,-0.7955113053321838,-0.604595422744751,0.020990809425711632,0.03443362936377525,-0.013599630445241928,9.893800735473633,2.8380236625671387,-4.786014556884766,3.3807930946350098,-1.635165810585022
1781548242523793,183447456,-0.7958229184150696,-0.6042073965072632,0.020734969526529312,0.03419904783368111,-0.10743090510368347,9.79946231842041,2.859407901763916,-6.8369526863098145,3.126600503921509,-0.9120171070098877
1781548242525316,183464123,-0.7960244417190552,-0.6039585471153259,0.02060985378921032,0.03398201987147331,-0.16737614572048187,9.649877548217773,2.8629798889160156,-5.5894598960876465,2.3557090759277344,-0.5104483366012573
1781548242551595,183480790,-0.7959460020065308,-0.6040691137313843,0.020610352978110313,0.03385031595826149,-0.15559501945972443,9.54682445526123,2.8569910526275635,-2.442542314529419,1.3575050830841064,-0.5717522501945496
1781548242554205,183497457,-0.7955817580223083,-0.6045466065406799,0.020660400390625,0.03385784476995468,-0.0476524643599987,9.582855224609375,2.8206615447998047,0.745118260383606,0.5538170337677002,-1.2458914518356323
1781548242582030,183514124,-0.7952696084976196,-0.6049523949623108,0.02067139372229576,0.033935584127902985,0.05079346522688866,9.661239624023438,2.785895347595215,0.11683870851993561,0.4657476842403412,-1.769914150238037
1781548242583895,183530791,-0.7953386306762695,-0.6048575043678284,0.02054579369723797,0.0340840183198452,0.06750093400478363,9.73629379272461,2.793407440185547,-4.247686386108398,0.8560084104537964,-2.5646121501922607
1781548242611738,183547458,-0.7955809235572815,-0.6045357584953308,0.020364994183182716,0.03424731269478798,0.001343893469311297,9.729191780090332,2.78743839263916,-6.224233150482178,1.0675822496414185,-2.8029391765594482
1781548242641533,183564125,-0.7957249879837036,-0.6043464541435242,0.0201786570250988,0.03435197472572327,-0.05271322280168533,9.730522155761719,2.782402515411377,-5.084146976470947,1.3592854738235474,-2.546978712081909
1781548242643778,183580792,-0.7958614826202393,-0.6041677594184875,0.02003556489944458,0.03441736474633217,-0.08609047532081604,9.757739067077637,2.7901084423065186,-4.979147434234619,1.2868908643722534,-2.1556801795959473
1781548242672796,183597459,-0.7960717678070068,-0.6038898229598999,0.01993364840745926,0.034490931779146194,-0.08090994507074356,9.725932121276855,2.8009026050567627,-5.8205766677856445,1.0143206119537354,-1.9981110095977783
1781548242675104,183614126,-0.7961163520812988,-0.603829562664032,0.019870463758707047,0.034554604440927505,-0.08433713763952255,9.674420356750488,2.803504705429077,-3.9299991130828857,0.8716577887535095,-1.852348804473877
1781548242701365,183630793,-0.7960002422332764,-0.6039798855781555,0.019826792180538177,0.034626610577106476,-0.07386291027069092,9.703465461730957,2.78940486907959,-2.106337308883667,0.7589107155799866,-1.8836476802825928
1781548242703449,183647460,-0.7958694696426392,-0.6041482090950012,0.019853122532367706,0.03468043729662895,-0.058670271188020706,9.75920581817627,2.819427967071533,-1.9285212755203247,0.4531206786632538,-1.4993163347244263
1781548242731861,183664127,-0.795982837677002,-0.6039969325065613,0.01985369250178337,0.03471485152840614,-0.03541392832994461,9.784242630004883,2.8219127655029297,-4.69361686706543,0.6329859495162964,-1.3979283571243286
1781548242733836,183680794,-0.7962080240249634,-0.6036980748176575,0.019889425486326218,0.03472708538174629,-0.047967441380023956,9.701827049255371,2.821674108505249,-5.9545817375183105,0.5121259093284607,-1.083980679512024
1781548242761617,183697461,-0.7962905764579773,-0.6035861372947693,0.01993674971163273,0.03475041314959526,-0.08413971215486526,9.69287395477295,2.82273006439209,-4.337728500366211,0.42762327194213867,-1.156157374382019
1781548242792335,183714128,-0.7962101101875305,-0.6036874651908875,0.02005939930677414,0.03476760536432266,-0.07807841151952744,9.703927040100098,2.813286781311035,-2.4751086235046387,0.06914789229631424,-0.878028929233551
1781548242793995,183730795,-0.7961738705635071,-0.6037280559539795,0.02022469975054264,0.034796588122844696,-0.06830090284347534,9.748188972473145,2.8249993324279785,-2.982727289199829,-0.22184441983699799,-0.746405303478241
1781548242822012,183747462,-0.7962453961372375,-0.603625476360321,0.020451879128813744,0.03480297327041626,-0.06750091910362244,9.745158195495605,2.855181932449341,-4.196077346801758,-0.4857832193374634,-0.32012030482292175
1781548242823889,183764129,-0.7963279485702515,-0.6035057306289673,0.020703060552477837,0.03484625741839409,-0.08860021829605103,9.745851516723633,2.839738130569458,-4.335012912750244,-0.7729784250259399,-0.41735896468162537
1781548242851591,183780796,-0.7964118719100952,-0.6033811569213867,0.021056832745671272,0.034873951226472855,-0.0615415945649147,9.733354568481445,2.842697858810425,-4.339931488037109,-1.2712352275848389,0.09483743458986282
1781548242853925,183797463,-0.7965949773788452,-0.6031264662742615,0.02144923061132431,0.034857895225286484,0.00560181075707078,9.755109786987305,2.80794095993042,-5.448333740234375,-1.3172868490219116,0.5373993515968323
1781548242883676,183814130,-0.7966415286064148,-0.603053629398346,0.021894259378314018,0.034775763750076294,0.004360472317785025,9.804891586303711,2.8366432189941406,-3.8643288612365723,-1.308552861213684,1.0577212572097778
1781548242886103,183830797,-0.7967658638954163,-0.6028791069984436,0.02241978794336319,0.03462020307779312,-0.06106843054294586,9.862824440002441,2.878669500350952,-4.7136335372924805,-1.4578238725662231,1.827652096748352
1781548242912953,183847464,-0.7971509099006653,-0.6023547649383545,0.023073023185133934,0.0344533771276474,-0.08914496749639511,9.780987739562988,2.8893914222717285,-7.677740573883057,-2.153259754180908,2.534921169281006
1781548242943186,183864131,-0.7975391149520874,-0.6018235087394714,0.02378573827445507,0.03426932170987129,-0.044032126665115356,9.624316215515137,2.8699800968170166,-7.7116522789001465,-2.4094512462615967,2.8777987957000732
1781548242944942,183880798,-0.7976576089859009,-0.6016435027122498,0.024479633197188377,0.0341813787817955,0.011236859485507011,9.529111862182617,2.896141290664673,-4.690671920776367,-2.6656417846679688,2.15206241607666
1781548242972044,183897465,-0.7977052330970764,-0.6015493869781494,0.025102689862251282,0.03427204489707947,0.04262175038456917,9.476890563964844,2.848209857940674,-3.9721076488494873,-3.007559061050415,0.8484527468681335
1781548242974140,183914132,-0.7977284789085388,-0.6014820337295532,0.0256356168538332,0.03452039882540703,0.06273988634347916,9.506632804870605,2.825253486633301,-3.7727763652801514,-3.1637704372406006,-0.399660587310791
1781548243001405,183930799,-0.7975708842277527,-0.6016539931297302,0.02609248086810112,0.034821316599845886,0.10795590281486511,9.628894805908203,2.780980110168457,-1.7396786212921143,-2.938225030899048,-1.0874640941619873
1781548243003453,183947466,-0.7975720763206482,-0.6016227006912231,0.026417294517159462,0.03508938476443291,0.08600616455078125,9.782319068908691,2.793015718460083,-3.5377416610717773,-2.0986151695251465,-1.3794360160827637
1781548243031892,183964133,-0.7980554103851318,-0.6009570360183716,0.026717409491539,0.03528182581067085,0.04371676221489906,9.793683052062988,2.7290754318237305,-9.002238273620605,-1.7158719301223755,-0.8352559208869934
1781548243033632,183980800,-0.7987082600593567,-0.6000693440437317,0.026900317519903183,0.03547507897019386,0.001665546908043325,9.788472175598145,2.8753139972686768,-10.950881004333496,-1.0985676050186157,-1.2419220209121704
1781548243062360,183997467,-0.7992104887962341,-0.5993844270706177,0.02713937684893608,0.03555954247713089,0.07523517310619354,9.543231010437012,2.7206156253814697,-9.18163013458252,-0.9366310834884644,-0.48707684874534607
1781548243093121,184014134,-0.7987390756607056,-0.6000019311904907,0.02739446423947811,0.035541169345378876,0.04346469044685364,9.594366073608398,2.733029365539551,2.010193347930908,-0.4644094407558441,-0.3370119035243988
1781548243094592,184030801,-0.7980749607086182,-0.6008776426315308,0.027716953307390213,0.03541616350412369,0.05077892914414406,9.94185733795166,2.844025135040283,4.259232044219971,-0.3679008483886719,0.43094009160995483
1781548243122064,184047468,-0.7981892228126526,-0.600727915763855,0.027978893369436264,0.0351768359541893,-0.030619846656918526,10.019028663635254,2.910005569458008,-4.576221942901611,0.3348540961742401,1.1929949522018433
1781548243155466,184064135,-0.7990456223487854,-0.5995838642120361,0.028354527428746223,0.034951455891132355,-0.11301619559526443,9.692627906799316,2.9505536556243896,-13.07371711730957,-0.44486725330352783,1.957176685333252
1781548243157813,184080802,-0.7993852496147156,-0.5991142392158508,0.02887975424528122,0.03480919823050499,0.0272084791213274,9.469616889953613,2.929082155227661,-7.218018531799316,-1.547545075416565,1.862305998802185
1781548243158279,184097469,-0.7990047335624695,-0.5996057987213135,0.02933826856315136,0.03469544276595116,0.18904684484004974,9.580426216125488,2.883995294570923,1.0098379850387573,-1.2110962867736816,1.0677355527877808
1781548243183877,184114136,-0.7988506555557251,-0.599803626537323,0.029626920819282532,0.03457721322774887,0.2189287543296814,9.715398788452148,2.8566434383392334,-1.5771020650863647,-0.2844162583351135,0.5050376653671265
1781548243184391,184130803,-0.7993718385696411,-0.5991086363792419,0.029770627617836,0.03445632755756378,0.1569557934999466,9.570894241333008,2.8236281871795654,-9.299423217773438,0.4480110704898834,0.26412463188171387
1781548243241966,184147470,-0.7997812032699585,-0.5985621213912964,0.029837731271982193,0.03440017253160477,0.08622743934392929,9.392535209655762,2.8348755836486816,-8.054222106933594,0.6148906350135803,-0.46419182419776917
1781548243244078,184164137,-0.7996553778648376,-0.5987252593040466,0.02981710247695446,0.03450155630707741,0.04845738783478737,9.473230361938477,2.8736724853515625,-2.002208709716797,0.5072018504142761,-1.9635206460952759
1781548243245435,184180804,-0.7996088862419128,-0.5987779498100281,0.02965458668768406,0.03480440378189087,0.03484484553337097,9.588631629943848,2.86084246635437,-3.011183023452759,0.4483567178249359,-3.613337516784668
1781548243271971,184197471,-0.7998515367507935,-0.5984436273574829,0.029355984181165695,0.035231322050094604,0.07389663904905319,9.570709228515625,2.847834825515747,-6.386719703674316,0.6512605547904968,-4.707525253295898
1781548243273312,184214138,-0.7998877167701721,-0.5983898043632507,0.028914177790284157,0.03568628057837486,0.07282166182994843,9.599112510681152,2.7806479930877686,-4.035640716552734,1.3500779867172241,-5.557406902313232
1781548243301477,184230805,-0.7996792793273926,-0.5986684560775757,0.028427574783563614,0.03607388585805893,0.10713616013526917,9.671432495117188,2.754085063934326,-1.1989307403564453,1.906577706336975,-5.497165203094482
1781548243304777,184247472,-0.7996104955673218,-0.5987696051597595,0.027848578989505768,0.036369431763887405,0.12103044986724854,9.721575736999512,2.756753444671631,-2.755593776702881,2.7767817974090576,-5.301906108856201
1781548243331407,184264139,-0.7996396422386169,-0.5987513065338135,0.027203841134905815,0.036515817046165466,0.08471044898033142,9.696513175964355,2.7872273921966553,-3.802551507949829,3.7411904335021973,-4.705502033233643
1781548243333309,184280806,-0.7996290922164917,-0.5987926721572876,0.02640845812857151,0.03665437176823616,-0.060264334082603455,9.686263084411621,2.8793647289276123,-3.348015785217285,4.609383583068848,-5.303506851196289
1781548243363113,184297473,-0.7993060946464539,-0.5992411375045776,0.025747917592525482,0.03684011474251747,-0.10753216594457626,9.642465591430664,2.912480354309082,0.20138627290725708,3.7191758155822754,-5.160165786743164
1781548243422984,184314140,-0.7989698052406311,-0.5997011065483093,0.0251179076731205,0.03707963973283768,-0.06374780833721161,9.604167938232422,2.942314624786377,0.31696364283561707,3.3301444053649902,-5.334805488586426
1781548243424517,184330807,-0.7984774708747864,-0.6003625392913818,0.0245317742228508,0.037376899272203445,0.004446515813469887,9.626566886901855,2.9348320960998535,2.070216655731201,2.8758387565612793,-5.545418739318848
1781548243426222,184347474,-0.7979653477668762,-0.6010446548461914,0.02390539087355137,0.03775356337428093,0.0021342248655855656,9.641135215759277,2.881819486618042,2.240912914276123,2.770660638809204,-6.155987739562988
1781548243451541,184364141,-0.7975542545318604,-0.6015862822532654,0.02330632321536541,0.0381837897002697,-0.04243796318769455,9.714071273803711,2.9183695316314697,1.051535964012146,2.37958025932312,-6.287624835968018
1781548243453022,184380808,-0.7973909974098206,-0.6017935276031494,0.022781765088438988,0.038638826459646225,-0.06341101974248886,9.686089515686035,2.898634672164917,-1.7924283742904663,1.8206855058670044,-5.996651649475098
1781548243454842,184397475,-0.7975881099700928,-0.6015186905860901,0.022168109193444252,0.039207495748996735,-0.06819038093090057,9.527022361755371,2.917490005493164,-5.966568946838379,1.7671293020248413,-6.817154407501221
1781548243483228,184414142,-0.7974523901939392,-0.6016682982444763,0.02156049571931362,0.040005046874284744,-0.11740051954984665,9.434738159179688,2.946824073791504,-2.295410633087158,0.8515135645866394,-8.201406478881836
1781548243485648,184430809,-0.7966262102127075,-0.6027143597602844,0.02105652168393135,0.04097261279821396,-0.20447885990142822,9.621671676635742,2.9375476837158203,5.47910213470459,-0.27661725878715515,-9.027775764465332
1781548243512906,184447476,-0.795914351940155,-0.6035938262939453,0.02071310393512249,0.0420205220580101,-0.21008947491645813,9.828873634338379,2.932509660720825,4.126508712768555,-1.5189106464385986,-8.745575904846191
1781548243541966,184464143,-0.7957618832588196,-0.6037268042564392,0.02046256884932518,0.0431085042655468,-0.18752695620059967,9.83112907409668,2.8718087673187256,-2.257824182510376,-2.329322099685669,-8.311284065246582
1781548243544052,184480810,-0.7955111265182495,-0.6039866209030151,0.020360363647341728,0.044135212898254395,-0.16983798146247864,9.809101104736328,2.821920394897461,-1.1035232543945312,-2.8630008697509766,-7.407219886779785
1781548243571991,184497477,-0.7952185273170471,-0.6043041348457336,0.020344072952866554,0.04505908116698265,-0.18970555067062378,9.872461318969727,2.788908004760742,-0.5745440721511841,-2.893646240234375,-6.508686542510986
1781548243573256,184514144,-0.7951660752296448,-0.6043145060539246,0.02037283591926098,0.0458272248506546,-0.18170151114463806,9.911004066467285,2.757850170135498,-3.2158284187316895,-2.5549566745758057,-5.3527092933654785
1781548243601487,184530811,-0.7953697443008423,-0.6039906740188599,0.02044724114239216,0.046520039439201355,-0.14747975766658783,9.776686668395996,2.725388526916504,-6.082901477813721,-2.561039686203003,-4.623682022094727
1781548243604442,184547478,-0.7953999638557434,-0.6039026975631714,0.020510628819465637,0.04711334779858589,-0.15120680630207062,9.742537498474121,2.754328727722168,-4.062161922454834,-2.0364019870758057,-4.214083671569824
1781548243632112,184564145,-0.7952353954315186,-0.6040771007537842,0.020589474588632584,0.04761829972267151,-0.21685022115707397,9.789506912231445,2.764800786972046,-1.8016741275787354,-1.696918249130249,-3.7668087482452393
1781548243633528,184580812,-0.7952905893325806,-0.603965163230896,0.020694460719823837,0.04807063564658165,-0.2653672695159912,9.749975204467773,2.7557339668273926,-4.26346492767334,-1.6836124658584595,-3.258037805557251
1781548243662882,184597479,-0.7951772809028625,-0.6040740609169006,0.020827878266572952,0.04851578548550606,-0.27627992630004883,9.721251487731934,2.724381685256958,-2.3463282585144043,-1.7601689100265503,-3.187654495239258
1781548243691506,184614146,-0.7950148582458496,-0.6042553186416626,0.02097948268055916,0.04885410889983177,-0.16755005717277527,9.758431434631348,2.7467844486236572,-1.7263470888137817,-1.3989527225494385,-2.5544955730438232
1781548243694884,184630813,-0.7948474287986755,-0.6044554114341736,0.021034829318523407,0.049080394208431244,-0.15072715282440186,9.775479316711426,2.6753523349761963,-1.6180438995361328,-0.40173518657684326,-2.3465843200683594
1781548243721625,184647480,-0.7949663400650024,-0.6042897701263428,0.021001622080802917,0.04920707270503044,-0.13971011340618134,9.78753662109375,2.717827081680298,-4.823012828826904,0.41351065039634705,-2.020918846130371
1781548243724355,184664147,-0.7952713966369629,-0.6038892269134521,0.02088603749871254,0.04924553632736206,-0.17130427062511444,9.677570343017578,2.670677661895752,-6.89564323425293,1.1784723997116089,-1.7841167449951172
1781548243751412,184680814,-0.7953978776931763,-0.6037275791168213,0.0206835325807333,0.04927204176783562,-0.25774335861206055,9.567442893981934,2.7191848754882812,-4.875723361968994,1.7583695650100708,-2.174633741378784
1781548243754227,184697481,-0.7950006127357483,-0.6042525172233582,0.020502569153904915,0.049322064965963364,-0.3104172945022583,9.644307136535645,2.72515869140625,1.0569016933441162,1.7009328603744507,-2.4884657859802246
1781548243783113,184714148,-0.7945696711540222,-0.6048225164413452,0.02036111056804657,0.04933889955282211,-0.282700777053833,9.796769142150879,2.6881797313690186,1.460352897644043,1.6340452432632446,-2.1603033542633057
1781548243784547,184730815,-0.7944360375404358,-0.6050065159797668,0.020216699689626694,0.04929483309388161,-0.2516304850578308,9.859020233154297,2.709400177001953,-1.8771673440933228,1.8136032819747925,-1.6847904920578003
1781548243812554,184747482,-0.7945010662078857,-0.6049352288246155,0.020069701597094536,0.04918184503912926,-0.226570263504982,9.78475284576416,2.6976828575134277,-4.089221477508545,2.055464267730713,-1.2162318229675293
1781548243843821,184764149,-0.7947148680686951,-0.6046727895736694,0.019873252138495445,0.04903535917401314,-0.24740839004516602,9.713940620422363,2.7597544193267822,-5.764830589294434,2.4201765060424805,-1.1622275114059448
1781548243844303,184780816,-0.7947081923484802,-0.6047019958496094,0.019695600494742393,0.04885263368487358,-0.2617911100387573,9.674036979675293,2.748317241668701,-3.2426958084106445,2.536611318588257,-1.0002527236938477
1781548243872467,184797483,-0.7945330142974854,-0.6049548387527466,0.019528934732079506,0.048638176172971725,-0.24480050802230835,9.70949649810791,2.7224831581115723,-1.3126894235610962,2.661050796508789,-0.867860734462738
1781548243874310,184814150,-0.7945132851600647,-0.6050052642822266,0.019314218312501907,0.048419930040836334,-0.2173108607530594,9.695464134216309,2.7320046424865723,-3.0807595252990723,2.8924615383148193,-0.9676734805107117
1781548243931557,184830817,-0.7944709062576294,-0.605085015296936,0.019049685448408127,0.04822094738483429,-0.24554261565208435,9.642117500305176,2.7052931785583496,-2.8454172611236572,3.0909852981567383,-1.2917125225067139
1781548243933611,184847484,-0.7942074537277222,-0.6054524183273315,0.018784357234835625,0.04805454611778259,-0.2580210864543915,9.66447639465332,2.7180068492889404,-0.3594358265399933,3.0263009071350098,-1.583786964416504
1781548243935132,184864151,-0.793952465057373,-0.6058096885681152,0.018508652225136757,0.04787234589457512,-0.30619657039642334,9.767931938171387,2.7382404804229736,-0.4514750838279724,3.145911693572998,-1.5363777875900269
1781548243964311,184880818,-0.7938781380653381,-0.6059282422065735,0.018285781145095825,0.04768815636634827,-0.3407200872898102,9.775703430175781,2.78208327293396,-2.488978385925293,2.810603618621826,-1.215309977531433
1781548243965724,184897485,-0.7939890027046204,-0.6057977676391602,0.018121056258678436,0.0475638248026371,-0.30940160155296326,9.705564498901367,2.766815185546875,-4.6083784103393555,2.185051679611206,-1.20734441280365
1781548243994201,184914152,-0.7939080595970154,-0.6059125065803528,0.018032360821962357,0.0474865660071373,-0.25449448823928833,9.695208549499512,2.775590181350708,-2.45173716545105,1.630357265472412,-1.240704894065857
1781548243995771,184930819,-0.7937108278274536,-0.6061791777610779,0.01798515021800995,0.04739977791905403,-0.21958696842193604,9.74203109741211,2.7764992713928223,-1.1228479146957397,1.4784482717514038,-1.0725957155227661
1781548244021357,184947486,-0.7937243580818176,-0.6061727404594421,0.01791960559785366,0.04727993533015251,-0.2355756014585495,9.800583839416504,2.80151629447937,-3.4930734634399414,1.6526020765304565,-0.8661448359489441
1781548244023119,184964153,-0.793899655342102,-0.6059556603431702,0.017927423119544983,0.04711683467030525,-0.2696444094181061,9.752503395080566,2.7771310806274414,-5.288165092468262,1.3849363327026367,-0.24567702412605286
1781548244051254,184980820,-0.7940222024917603,-0.6058059930801392,0.018036674708127975,0.046934034675359726,-0.2700396180152893,9.753778457641602,2.781327724456787,-4.665277004241943,0.9291584491729736,0.25932222604751587
1781548244052910,184997487,-0.7941179275512695,-0.6056901216506958,0.01822272688150406,0.0467350110411644,-0.23922768235206604,9.81130599975586,2.7639074325561523,-4.341711044311523,0.5848851203918457,0.6549230217933655
1781548244081517,185014154,-0.7943062782287598,-0.6054556369781494,0.018483491614460945,0.04646926000714302,-0.23286443948745728,9.872776985168457,2.7776169776916504,-5.343308925628662,0.42736712098121643,1.3750243186950684
1781548244084539,185030821,-0.7945942282676697,-0.6050953269004822,0.018831398338079453,0.04610099270939827,-0.23208002746105194,9.91988468170166,2.7628350257873535,-6.402984142303467,0.35081079602241516,2.3452465534210205
1781548244111895,185047488,-0.7950719594955444,-0.6044939160346985,0.01926213689148426,0.04557303711771965,-0.24095070362091064,9.844517707824707,2.78611159324646,-8.463628768920898,0.5108901858329773,3.653965950012207
1781548244142006,185064155,-0.7954885959625244,-0.6039737462997437,0.01976964622735977,0.044978756457567215,-0.23719337582588196,9.768475532531738,2.775956630706787,-7.731937408447266,0.38456833362579346,4.305822372436523
1781548244143824,185080822,-0.7956655025482178,-0.6037681698799133,0.020414136350154877,0.044313907623291016,-0.2018158733844757,9.741515159606934,2.7556540966033936,-4.965419292449951,-0.006838591303676367,5.144035339355469
1781548244171903,185097489,-0.7960184812545776,-0.6033337116241455,0.021016357466578484,0.04360353201627731,-0.15115316212177277,9.766547203063965,2.7644143104553223,-6.9548211097717285,0.36799684166908264,5.303422927856445
1781548244174321,185114156,-0.7966420650482178,-0.6025429368019104,0.021523021161556244,0.04290187358856201,-0.15096788108348846,9.679688453674316,2.7854385375976562,-10.057034492492676,0.7871105074882507,4.99208927154541
1781548244201468,185130823,-0.7973366379737854,-0.6016517281532288,0.021977389231324196,0.042269472032785416,-0.169989675283432,9.585002899169922,2.7896618843078613,-10.927176475524902,0.7675937414169312,4.432042598724365
1781548244203390,185147490,-0.7978036403656006,-0.6010540723800659,0.022425616160035133,0.04172198474407196,-0.12950891256332397,9.579341888427734,2.808990716934204,-8.390735626220703,0.5004914402961731,3.830706834793091
1781548244232139,185164157,-0.7981732487678528,-0.6005841493606567,0.02278849296271801,0.04122092202305794,-0.05581517145037651,9.611360549926758,2.80965518951416,-7.319701194763184,0.7991227507591248,3.176109790802002
1781548244234095,185180824,-0.7986412644386292,-0.5999852418899536,0.023003753274679184,0.040752191096544266,-0.05445946007966995,9.634832382202148,2.824974775314331,-8.481480598449707,1.453924298286438,2.43715763092041
1781548244292739,185197491,-0.7991272807121277,-0.5993621945381165,0.02319340780377388,0.04028337076306343,-0.08964865654706955,9.626262664794922,2.8416786193847656,-8.695167541503906,1.5912083387374878,2.340981960296631
1781548244293924,185214158,-0.7995652556419373,-0.5988025665283203,0.02330981008708477,0.03984653577208519,-0.1024373397231102,9.61098861694336,2.8387317657470703,-8.173834800720215,1.8716295957565308,1.840036392211914
1781548244295729,185230825,-0.7998505234718323,-0.5984436869621277,0.023410210385918617,0.03945218771696091,-0.0796208381652832,9.598368644714355,2.852173328399658,-6.45345401763916,1.8159215450286865,1.4670125246047974
1781548244321667,185247492,-0.8000206351280212,-0.598239541053772,0.023431478068232536,0.03908197581768036,-0.062198154628276825,9.644721031188965,2.8390445709228516,-5.1542229652404785,2.173999786376953,0.9524275064468384
1781548244323940,185264159,-0.8002233505249023,-0.5979933738708496,0.02339879609644413,0.03871612995862961,-0.07880135625600815,9.688699722290039,2.863906145095825,-5.534724712371826,2.4472615718841553,0.7223230004310608
1781548244351935,185280826,-0.8004501461982727,-0.5977181196212769,0.023357972502708435,0.0383017435669899,-0.09470976889133453,9.666326522827148,2.8820409774780273,-5.788624286651611,2.687483310699463,0.9670267105102539
1781548244352844,185297493,-0.8005891442298889,-0.5975621938705444,0.02330310270190239,0.037860143929719925,-0.09635019302368164,9.650171279907227,2.8987298011779785,-4.770007133483887,2.8941009044647217,1.0171892642974854
1781548244382100,185314160,-0.8007511496543884,-0.5973752737045288,0.023208631202578545,0.03744102641940117,-0.09275791794061661,9.594127655029297,2.914550304412842,-5.049441814422607,3.0154669284820557,0.7419679164886475
1781548244383313,185330827,-0.8008667230606079,-0.5972446203231812,0.023062851279973984,0.037144988775253296,-0.07554373145103455,9.499300956726074,2.917745590209961,-4.581997871398926,2.7994494438171387,-0.16707167029380798
1781548244412246,185347494,-0.8006932139396667,-0.5974961519241333,0.022901633754372597,0.03693696856498718,-0.044840842485427856,9.475794792175293,2.8999948501586914,-1.3081302642822266,2.573801040649414,-0.8496373295783997
1781548244442600,185364161,-0.8003239631652832,-0.5980079174041748,0.022651618346571922,0.03681477904319763,0.0004827186930924654,9.611427307128906,2.9408586025238037,0.8928650617599487,2.7461998462677,-1.777252435684204
1781548244444788,185380828,-0.8001669049263,-0.5982354879379272,0.022334285080432892,0.036722540855407715,-0.00504389638081193,9.689367294311523,2.9327993392944336,-1.5655380487442017,2.954303503036499,-2.1208343505859375
1781548244472808,185397495,-0.8003031611442566,-0.5980731844902039,0.021983275189995766,0.03661390393972397,-0.05812188237905502,9.702902793884277,2.949361801147461,-4.922287464141846,3.1530449390411377,-2.0353517532348633
1781548244474118,185414162,-0.8004173040390015,-0.5979363322257996,0.02167947217822075,0.03652990609407425,-0.13338179886341095,9.67538833618164,2.972929000854492,-4.683384418487549,2.795530080795288,-1.9860213994979858
1781548244501551,185430829,-0.8003613948822021,-0.5980210304260254,0.021491533145308495,0.03648117184638977,-0.14772818982601166,9.682171821594238,2.9629569053649902,-2.7407257556915283,2.0440027713775635,-1.778879165649414
1781548244503233,185447496,-0.8002150654792786,-0.5982246994972229,0.02140910178422928,0.03639765828847885,-0.13485954701900482,9.764620780944824,2.939608097076416,-1.682869553565979,1.6216486692428589,-1.1939359903335571
1781548244532395,185464163,-0.8001556992530823,-0.5983100533485413,0.021464312449097633,0.0362677127122879,-0.09015366435050964,9.80176067352295,2.9392292499542236,-2.650094747543335,1.038780689239502,-0.3328242003917694
1781548244534130,185480830,-0.8004245758056641,-0.5979564189910889,0.021539026871323586,0.03612079098820686,-0.04025637358427048,9.732519149780273,2.9355885982513428,-6.4083757400512695,0.9397749304771423,-0.01228129118680954
1781548244564065,185497497,-0.8005644083023071,-0.5977749228477478,0.02166970819234848,0.0359497107565403,-0.04972982406616211,9.724743843078613,2.944713830947876,-4.9129252433776855,0.7552351951599121,0.2932334244251251
1781548244591615,185514164,-0.8007411956787109,-0.5975446701049805,0.021850906312465668,0.035728007555007935,-0.0810423195362091,9.72424030303955,2.993374824523926,-5.313393592834473,0.6783716082572937,0.7959979176521301
1781548244593229,185530831,-0.8010501265525818,-0.597133994102478,0.022106319665908813,0.03551387041807175,-0.07037432491779327,9.716656684875488,2.999066114425659,-6.8324456214904785,0.21429511904716492,1.1189998388290405
1781548244621520,185547498,-0.8013127446174622,-0.5967832207679749,0.022431565448641777,0.03528072312474251,-0.017928680405020714,9.652789115905762,2.999006986618042,-6.292311191558838,-0.08457314223051071,1.490025281906128
1781548244623912,185564165,-0.801494300365448,-0.5965399742126465,0.02275335043668747,0.035063207149505615,0.0035600424744188786,9.663952827453613,2.9738309383392334,-5.370715141296387,-0.11608957499265671,1.3535352945327759
1781548244651450,185580832,-0.8015519976615906,-0.5964645743370056,0.023061124607920647,0.03482585772871971,-0.031125975772738457,9.70782470703125,2.956968069076538,-3.9373762607574463,0.06396131217479706,1.3494242429733276
1781548244653412,185597499,-0.8017891645431519,-0.5961500406265259,0.02335970662534237,0.03455419838428497,-0.040607672184705734,9.67907428741455,2.9281556606292725,-5.988543510437012,0.22600005567073822,1.5818082094192505
1781548244682133,185614166,-0.8021270036697388,-0.5956993103027344,0.02366483211517334,0.034277040511369705,-0.030274352058768272,9.574944496154785,2.9130728244781494,-7.150348663330078,0.19623810052871704,1.6848227977752686
1781548244683480,185630833,-0.8022560477256775,-0.5955302119255066,0.02390955202281475,0.0340234600007534,-0.0054871817119419575,9.555550575256348,2.9131650924682617,-4.75905704498291,0.4650305509567261,1.2125883102416992
1781548244712551,185647500,-0.8022750616073608,-0.5955110788345337,0.024049581959843636,0.03380759432911873,-0.013156165368855,9.571999549865723,2.89235258102417,-3.5129611492156982,0.9048135280609131,0.525579035282135
1781548244742099,185664167,-0.8023936748504639,-0.5953562259674072,0.024116188287734985,0.03367234393954277,-0.0079879779368639,9.597570419311523,2.9051930904388428,-4.699751377105713,0.9646576046943665,-0.17388464510440826
1781548244744121,185680834,-0.802513062953949,-0.595201313495636,0.024128789082169533,0.03355634957551956,0.024805940687656403,9.5819091796875,2.891422748565674,-4.71904993057251,1.1840174198150635,-0.5008307099342346
1781548244772591,185697501,-0.8025521039962769,-0.5951590538024902,0.024048099294304848,0.03343098983168602,0.051789723336696625,9.63433837890625,2.9499363899230957,-3.78872013092041,1.749135971069336,-0.8683217167854309
1781548244773882,185714168,-0.8026615977287292,-0.5950271487236023,0.023833535611629486,0.03330570086836815,0.007107622921466827,9.671378135681152,2.9291837215423584,-4.602065563201904,2.4792518615722656,-1.3851861953735352
1781548244801945,185730835,-0.8028419017791748,-0.594799816608429,0.023635387420654297,0.03316335380077362,-0.03102712519466877,9.620807647705078,2.9505765438079834,-5.412949562072754,2.4480040073394775,-1.191925287246704
1781548244803695,185747502,-0.8028164505958557,-0.5948486924171448,0.023446401581168175,0.033034760504961014,-0.07445187121629715,9.639910697937012,2.9916720390319824,-3.0476677417755127,2.370435953140259,-1.3220890760421753
1781548244832016,185764169,-0.8026351928710938,-0.5951016545295715,0.023401595652103424,0.03291211277246475,-0.034859731793403625,9.630996704101562,2.999366283416748,-1.2517567873001099,1.5717171430587769,-0.833065927028656
1781548244834059,185780836,-0.8026280403137207,-0.5951193571090698,0.02327536605298519,0.0328555703163147,0.033655259758234024,9.634244918823242,3.0130860805511475,-3.2908225059509277,1.7252141237258911,-1.453418493270874
1781548244862098,185797503,-0.8024700880050659,-0.5953388810157776,0.02318289317190647,0.03280406817793846,0.05664476007223129,9.68413257598877,3.0580592155456543,-1.5536020994186401,1.5396369695663452,-1.4095180034637451
1781548244891774,185814170,-0.802543580532074,-0.5952449440956116,0.02308739349246025,0.03277956321835518,0.0002622433239594102,9.631404876708984,3.049879789352417,-4.2352776527404785,1.412060260772705,-1.4686834812164307
1781548244893205,185830837,-0.8026651740074158,-0.5950809717178345,0.023062333464622498,0.03279321268200874,-0.046428244560956955,9.651647567749023,3.0836658477783203,-4.8087334632873535,0.8590435981750488,-1.3689603805541992
1781548244923322,185847504,-0.8026425838470459,-0.5951061248779297,0.023157985880970955,0.03282163292169571,-0.02925528772175312,9.643031120300293,3.0794386863708496,-3.1500930786132812,0.15197935700416565,-1.0188348293304443
1781548244925603,185864171,-0.802748441696167,-0.5949527621269226,0.023290278390049934,0.03292331472039223,-0.01750391162931919,9.6581392288208,3.0533134937286377,-4.6633429527282715,-0.3695527911186218,-1.215476393699646
1781548244951559,185880838,-0.8027973771095276,-0.5948695540428162,0.023513691499829292,0.03307265788316727,-0.01661805249750614,9.68191146850586,3.05123233795166,-4.031246662139893,-1.060775637626648,-1.1298274993896484
1781548244954307,185897505,-0.8027541041374207,-0.5949097275733948,0.02380126528441906,0.03319493681192398,0.03776449337601662,9.743180274963379,3.044135808944702,-2.9528748989105225,-1.2910079956054688,-0.7589297890663147
1781548244982145,185914172,-0.8029376268386841,-0.5946459174156189,0.02410826086997986,0.033260881900787354,0.06541401147842407,9.722987174987793,2.994356632232666,-5.545419216156006,-1.1997629404067993,-0.26689717173576355
1781548244983757,185930839,-0.8032073378562927,-0.5942714214324951,0.024353180080652237,0.03326144441962242,0.06757444888353348,9.660123825073242,2.979886293411255,-6.512299537658691,-0.6015399694442749,-0.12182682752609253
1781548245011629,185947506,-0.8033930659294128,-0.5940124988555908,0.024568242952227592,0.03324482962489128,0.034451257437467575,9.574525833129883,2.968616485595703,-5.535122394561768,-0.35390350222587585,-0.18742093443870544
1781548245043243,185964173,-0.8034073114395142,-0.5939862132072449,0.024772407487034798,0.03322215378284454,-0.0172170028090477,9.578405380249023,2.9271981716156006,-3.5513675212860107,-0.2445116490125656,-0.2767324149608612
1781548245045164,185980840,-0.8032023310661316,-0.5942574739456177,0.0249607115983963,0.03318880870938301,-0.02380039356648922,9.638847351074219,2.9443156719207764,-1.014160394668579,-0.08345897495746613,-0.3835373520851135
1781548245072479,185997507,-0.8031489849090576,-0.5943238735198975,0.025124484673142433,0.03316302224993706,0.0339917354285717,9.631773948669434,2.932954788208008,-2.7724721431732178,0.0006595269660465419,-0.45517608523368835
1781548245073871,186014174,-0.8031885623931885,-0.5942673087120056,0.025202233344316483,0.033159852027893066,0.042117659002542496,9.65513801574707,2.9701895713806152,-3.8542253971099854,0.37131378054618835,-0.8891193866729736
1781548245102153,186030841,-0.8030961155891418,-0.5943916440010071,0.025244412943720818,0.03313499689102173,0.04774696007370949,9.64859390258789,2.9439821243286133,-2.3212146759033203,0.6747986078262329,-0.9760230779647827
1781548245103349,186047508,-0.8030432462692261,-0.5944668054580688,0.02523503638803959,0.03307513892650604,0.01290147565305233,9.657866477966309,2.9701950550079346,-2.760101556777954,1.0978820323944092,-0.9759079217910767
1781548245133755,186064175,-0.8030285835266113,-0.5944903492927551,0.025235241279006004,0.03300917521119118,-0.003894455498084426,9.611982345581055,2.956397533416748,-3.1975789070129395,1.0650720596313477,-0.8851748704910278
1781548245135527,186080842,-0.8028634786605835,-0.594715416431427,0.02525234781205654,0.03295820578932762,0.024029862135648727,9.634020805358887,2.995400905609131,-1.4689267873764038,0.9300802946090698,-0.9678398370742798
1781548245161796,186097509,-0.8027248978614807,-0.5949032306671143,0.025273336097598076,0.03292913734912872,0.04241058602929115,9.659638404846191,3.0039994716644287,-1.7866395711898804,0.8149641156196594,-1.0602377653121948
1781548245192518,186114176,-0.8026977181434631,-0.5949397087097168,0.025287345051765442,0.03292103484272957,0.04566572979092598,9.649428367614746,3.0221760272979736,-3.0830776691436768,0.7528276443481445,-1.1528658866882324
1781548245194219,186130843,-0.8027008175849915,-0.5949334502220154,0.025284910574555397,0.03296014294028282,0.04692598804831505,9.600273132324219,3.0194523334503174,-3.454334259033203,0.6458947658538818,-1.4662760496139526
1781548245221917,186147510,-0.8026022911071777,-0.5950617790222168,0.025269467383623123,0.03305250406265259,0.03413354232907295,9.581040382385254,3.0030410289764404,-2.3082804679870605,0.5130159258842468,-1.8597763776779175
1781548245224029,186164177,-0.8023550510406494,-0.5953896045684814,0.025256430730223656,0.03316536173224449,0.03409173712134361,9.64880657196045,2.985048770904541,-0.6011940836906433,0.4353967010974884,-2.0312793254852295
1781548245251946,186180844,-0.8022083044052124,-0.5955821871757507,0.02525908127427101,0.03325391933321953,0.015045443549752235,9.705925941467285,2.9767942428588867,-1.751357913017273,0.4345514476299286,-1.7866138219833374
1781548245254264,186197511,-0.8022738099098206,-0.5954886078834534,0.025247659534215927,0.03335856273770332,0.01252555288374424,9.67186164855957,2.947165012359619,-4.204657554626465,0.4175702929496765,-1.8345481157302856
1781548245282107,186214178,-0.8022938370704651,-0.5954537987709045,0.025257859379053116,0.03349019214510918,-0.0022992556914687157,9.633686065673828,2.976982355117798,-3.6942858695983887,0.19336947798728943,-1.915330410003662
1781548245283370,186230845,-0.8020845651626587,-0.5957272052764893,0.025289185345172882,0.03361816331744194,0.03130658343434334,9.650294303894043,2.9617409706115723,-1.0505176782608032,0.12308824062347412,-1.9148184061050415
1781548245311677,186247512,-0.8019003868103027,-0.5959696173667908,0.02530304156243801,0.033702604472637177,0.03216112405061722,9.69854736328125,2.9541969299316406,-1.3205139636993408,0.39486458897590637,-1.735029697418213
1781548245343571,186264179,-0.8019090890884399,-0.5959534049034119,0.025290146470069885,0.033791396766901016,-0.00769546115770936,9.70293140411377,2.9360694885253906,-3.543748140335083,0.49780210852622986,-1.7789047956466675
1781548245344836,186280846,-0.8020011186599731,-0.595824122428894,0.02529814839363098,0.03388294205069542,-0.02674858085811138,9.619844436645508,2.9602901935577393,-4.504019260406494,0.36014658212661743,-1.6692181825637817
1781548245374483,186297513,-0.8018795847892761,-0.5959802865982056,0.025298405438661575,0.03401058167219162,-0.01805504783987999,9.599042892456055,2.928562879562378,-2.063807249069214,0.2838975787162781,-1.999045491218567
1781548245375906,186314180,-0.801609992980957,-0.5963330864906311,0.025336476042866707,0.03415248543024063,0.017316827550530434,9.658915519714355,2.999083995819092,-0.36663296818733215,0.037234459072351456,-1.9914641380310059
1781548245402048,186330847,-0.8014804720878601,-0.5964959859848022,0.02537924237549305,0.03431512787938118,0.05564311519265175,9.682530403137207,2.8879823684692383,-1.9900940656661987,-0.094049833714962,-2.0205090045928955
1781548245404203,186347514,-0.8014103770256042,-0.5965843796730042,0.025332152843475342,0.03445003554224968,0.0532630980014801,9.756367683410645,2.965172529220581,-2.6606855392456055,0.5074964165687561,-2.2092232704162598
1781548245431464,186364181,-0.8016175031661987,-0.5963041186332703,0.025298984721302986,0.03451044112443924,0.029154207557439804,9.670646667480469,2.912313938140869,-5.812737464904785,0.6974401473999023,-1.6117045879364014
1781548245433517,186380848,-0.8017742037773132,-0.5960923433303833,0.025247208774089813,0.034566767513751984,-0.051070038229227066,9.624767303466797,2.938476800918579,-5.23314905166626,0.8240182995796204,-1.6892728805541992
1781548245463257,186397515,-0.8016046285629272,-0.5963135361671448,0.02530748024582863,0.034641411155462265,-0.019759338349103928,9.66219425201416,2.927825689315796,-1.4855495691299438,0.1783604472875595,-1.483333945274353
1781548245491787,186414182,-0.801440417766571,-0.5965296030044556,0.025348028168082237,0.03468731418251991,-0.02661333791911602,9.732176780700684,2.9720168113708496,-1.5354814529418945,0.40394431352615356,-1.4034862518310547
1781548245493703,186430849,-0.8014622330665588,-0.5964940786361694,0.025421518832445145,0.034740231931209564,-0.0013216531369835138,9.714668273925781,2.953826665878296,-3.6784324645996094,0.1660023331642151,-1.2186779975891113
1781548245522483,186447516,-0.8015800714492798,-0.5963293313980103,0.025506457313895226,0.03479086980223656,0.010925940237939358,9.628114700317383,2.946647882461548,-4.78126335144043,0.09788533300161362,-1.1135761737823486
1781548245524120,186464183,-0.8015326857566833,-0.5963869094848633,0.02556888945400715,0.03484650328755379,0.029206445440649986,9.609503746032715,2.9331865310668945,-2.8849380016326904,0.22561587393283844,-1.3117033243179321
1781548245552047,186480850,-0.8013250827789307,-0.5966629385948181,0.025595707818865776,0.03487945720553398,0.05711931362748146,9.647157669067383,2.901333808898926,-1.0284011363983154,0.5392817258834839,-1.4094796180725098
1781548245554378,186497517,-0.8013272881507874,-0.5966618657112122,0.02554011158645153,0.03488472104072571,0.04872404783964157,9.68033218383789,2.8794384002685547,-3.430757761001587,1.0770717859268188,-1.4959098100662231
1781548245581978,186514184,-0.8014456629753113,-0.5965070724487305,0.025439582765102386,0.03488392010331154,0.0060363574884831905,9.67949104309082,2.9064598083496094,-4.764347076416016,1.3332628011703491,-1.5919703245162964
1781548245583781,186530851,-0.8014889359474182,-0.5964557528495789,0.025302082300186157,0.03486780449748039,-0.032406751066446304,9.656601905822754,2.913459539413452,-3.8924009799957275,1.611340045928955,-1.6951768398284912
1781548245612356,186547518,-0.8014479279518127,-0.5965167880058289,0.025199560448527336,0.03484112769365311,-0.04583170637488365,9.672863006591797,2.9376718997955322,-2.917632579803467,1.4741581678390503,-1.532920241355896
1781548245642145,186564185,-0.8013318777084351,-0.5966785550117493,0.025128673762083054,0.03479120507836342,-0.019938815385103226,9.701384544372559,2.949758768081665,-2.0432915687561035,1.406489372253418,-1.3104225397109985
1781548245644058,186580852,-0.8012431263923645,-0.5968083143234253,0.025001663714647293,0.03470572456717491,0.005083075724542141,9.678524017333984,2.947064161300659,-2.3395535945892334,1.8587199449539185,-1.33234703540802
1781548245671454,186597519,-0.801237940788269,-0.5968263149261475,0.024841392412781715,0.0346323661506176,-0.00892089493572712,9.647459983825684,2.917672872543335,-3.3081488609313965,1.979163646697998,-1.496652364730835
1781548245673683,186614186,-0.8011844754219055,-0.5969058871269226,0.024712931364774704,0.03458438068628311,-0.006433896720409393,9.608499526977539,2.898878574371338,-2.7670681476593018,1.7067984342575073,-1.5276824235916138
1781548245701510,186630853,-0.8010107278823853,-0.597146213054657,0.024597927927970886,0.0345442034304142,-0.006760551128536463,9.653753280639648,2.926649332046509,-1.3864538669586182,1.6180886030197144,-1.5710829496383667
1781548245703612,186647520,-0.8008936047554016,-0.5973101258277893,0.024499857798218727,0.034494549036026,-0.015714574605226517,9.767675399780273,2.974174737930298,-2.0337893962860107,1.5551837682724,-1.4230544567108154
1781548245733581,186664187,-0.8011052012443542,-0.5970324873924255,0.024466294795274734,0.03441299870610237,-0.02174178697168827,9.728524208068848,2.9874563217163086,-5.794643878936768,1.281320333480835,-0.8299540281295776
1781548245735294,186680854,-0.8014326691627502,-0.5965975522994995,0.02443561516702175,0.03435353562235832,0.010044549591839314,9.613913536071777,2.980781316757202,-7.1399760246276855,1.157380223274231,-0.8855463862419128
1781548245762969,186697521,-0.801436722278595,-0.59659343957901,0.024414455518126488,0.03434304893016815,-0.003737282007932663,9.60062026977539,2.97741961479187,-3.4449079036712646,0.9516462087631226,-1.2652032375335693
1781548245791582,186714188,-0.8013623356819153,-0.596693754196167,0.024392977356910706,0.03435387834906578,-0.00385287101380527,9.653156280517578,2.964660406112671,-2.5519087314605713,0.8772414326667786,-1.4198657274246216
1781548245794072,186730855,-0.8014385104179382,-0.5965914130210876,0.02435988001525402,0.03437585011124611,-0.05612340196967125,9.655587196350098,2.930614471435547,-4.291036605834961,0.8727976083755493,-1.4592708349227905
1781548245822098,186747522,-0.8014654517173767,-0.5965553522109985,0.02435053512454033,0.03437945246696472,-0.03954656794667244,9.653071403503418,2.9194347858428955,-3.714507818222046,0.8244153261184692,-1.2832732200622559
1781548245823153,186764189,-0.8013981580734253,-0.5966444611549377,0.024344777688384056,0.034405797719955444,-0.01568569429218769,9.672765731811523,2.884957790374756,-2.641771078109741,0.7249483466148376,-1.4367444515228271
1781548245851828,186780856,-0.8013140559196472,-0.5967580676078796,0.024332543835043907,0.03440113365650177,0.004226219840347767,9.726076126098633,2.9165546894073486,-2.433885097503662,0.8914051055908203,-1.3003056049346924
1781548245852826,186797523,-0.8014057278633118,-0.5966426730155945,0.024277111515402794,0.034308597445487976,0.026346061378717422,9.706464767456055,2.892665147781372,-4.412313461303711,1.4646174907684326,-0.913579523563385
1781548245881969,186814190,-0.8014895915985107,-0.5965414047241211,0.02418161742389202,0.03417927399277687,-0.013219562359154224,9.687837600708008,2.919691324234009,-4.30625057220459,1.838832139968872,-0.8792201280593872
1781548245882771,186830857,-0.8014765977859497,-0.5965710282325745,0.024108311161398888,0.034017644822597504,-0.055446602404117584,9.66193962097168,2.9308581352233887,-3.1770637035369873,1.8635225296020508,-0.6548143625259399
1781548245911559,186847524,-0.8013535141944885,-0.5967472791671753,0.024080179631710052,0.033844031393527985,-0.05768275260925293,9.696664810180664,2.927483320236206,-1.9052389860153198,1.6796743869781494,-0.4531526267528534
1781548245941548,186864191,-0.8012871742248535,-0.5968459844589233,0.024108130484819412,0.03365481272339821,0.0030179526656866074,9.674287796020508,2.9482598304748535,-2.5494751930236816,1.4255836009979248,-0.11090299487113953
1781548245943607,186880858,-0.8013332486152649,-0.5967953205108643,0.02406173013150692,0.033487468957901,0.02514045313000679,9.637712478637695,2.9569077491760254,-3.855313539505005,1.7292606830596924,-0.4857320487499237
1781548245971946,186897525,-0.8012790679931641,-0.5968775749206543,0.024009425193071365,0.03335679695010185,0.004318028222769499,9.605945587158203,2.9675509929656982,-2.7181735038757324,1.6261950731277466,-0.7567656636238098
1781548245973516,186914192,-0.8011969327926636,-0.5969956517219543,0.02395446226000786,0.033259179443120956,-0.0002992856898345053,9.652824401855469,2.9369449615478516,-2.412447452545166,1.507800579071045,-0.9622691869735718
1781548246002010,186930859,-0.8010940551757812,-0.5971410870552063,0.023907149210572243,0.033158063888549805,-0.05749776214361191,9.730826377868652,2.9417662620544434,-2.174492835998535,1.4828665256500244,-0.9206101298332214
1781548246003141,186947526,-0.8011111617088318,-0.5971209406852722,0.0239707063883543,0.03305734694004059,-0.05886237695813179,9.766281127929688,2.9897518157958984,-3.5545945167541504,0.8525891900062561,-0.4128255546092987
1781548246033566,186964193,-0.8013612627983093,-0.5967846512794495,0.024075480177998543,0.03299728035926819,-0.02902524545788765,9.696783065795898,3.0062081813812256,-6.249179840087891,0.4260481297969818,-0.36206117272377014
1781548246034841,186980860,-0.801533043384552,-0.5965506434440613,0.024245839565992355,0.032930418848991394,0.04526826739311218,9.599553108215332,2.9833009243011475,-5.347906112670898,0.10177846252918243,-0.09022073447704315
1781548246063018,186997527,-0.8015376329421997,-0.5965405702590942,0.02439321018755436,0.032889071851968765,0.03007643111050129,9.613996505737305,3.08760929107666,-3.438005208969116,0.14756114780902863,-0.4001215696334839
1781548246091630,187014194,-0.8018374443054199,-0.5961238741874695,0.024617237970232964,0.032974738627672195,-0.04930999502539635,9.680062294006348,3.169728994369507,-6.893006801605225,-0.8387777209281921,-0.6507419943809509
1781548246093666,187030861,-0.8024783730506897,-0.5952295660972595,0.025022175163030624,0.0332283116877079,-0.004323222208768129,9.598496437072754,3.1610469818115234,-10.91118049621582,-2.5751914978027344,-0.6766237616539001
1781548246124421,187047528,-0.8029977083206177,-0.5944890379905701,0.025493934750556946,0.03358146920800209,0.05443022772669792,9.571260452270508,3.148216962814331,-9.566768646240234,-3.3362855911254883,-1.0066306591033936
1781548246126245,187064195,-0.8033075928688049,-0.5940267443656921,0.025967413559556007,0.03398248553276062,0.057764340192079544,9.709659576416016,3.143592596054077,-7.181674003601074,-3.5146777629852295,-1.3610076904296875
1781548246151334,187080862,-0.8038129210472107,-0.5932936072349548,0.026564886793494225,0.03438030555844307,0.012803771533071995,9.760350227355957,3.0964176654815674,-9.445799827575684,-4.214289665222168,-0.7426533102989197
1781548246153004,187097529,-0.8045927882194519,-0.5921785831451416,0.02723265066742897,0.03483213856816292,-0.07275126874446869,9.70515251159668,3.0488200187683105,-12.67098331451416,-4.862817764282227,-0.6196228861808777
1781548246181379,187114196,-0.8053205013275146,-0.5911279320716858,0.028018319979310036,0.035238396376371384,0.0023194781970232725,9.650434494018555,3.0798444747924805,-12.06506061553955,-5.325254440307617,0.08797327429056168
1781548246183261,187130863,-0.8055680394172668,-0.5907339453697205,0.02879762463271618,0.035557713359594345,0.05049443244934082,9.559920310974121,2.912627935409546,-6.462404727935791,-4.869538307189941,0.3007635772228241
1781548246212557,187147530,-0.8057668805122375,-0.5904175639152527,0.02942541427910328,0.03579273447394371,0.16127541661262512,9.669269561767578,2.9868197441101074,-5.855743885040283,-3.6791374683380127,0.12491957098245621
1781548246241565,187164197,-0.8060998916625977,-0.5899322032928467,0.029902953654527664,0.035906028002500534,0.15447098016738892,9.61561107635498,2.8415093421936035,-7.349219799041748,-2.366844415664673,0.2566969096660614
1781548246244353,187180864,-0.8063815236091614,-0.5895265936851501,0.030236950144171715,0.035960160195827484,0.03174741566181183,9.606681823730469,2.9136106967926025,-6.723078727722168,-1.3219997882843018,-0.0267780814319849
1781548246273903,187197531,-0.8062683343887329,-0.5896663665771484,0.030582979321479797,0.03591439500451088,-0.002191692590713501,9.666019439697266,2.859382152557373,-2.0759732723236084,-0.931329071521759,0.36485934257507324
1781548246275409,187214198,-0.8060612082481384,-0.5899479389190674,0.03086225874722004,0.035697925835847855,0.021811431273818016,9.762256622314453,2.9250736236572266,-0.8898108601570129,0.1470233052968979,0.988131582736969
1781548246301563,187230865,-0.8060770630836487,-0.5899329781532288,0.03108772449195385,0.035391975194215775,0.10813558846712112,9.669175148010254,2.911513090133667,-3.4329729080200195,0.7824743986129761,1.383694052696228
1781548246303578,187247532,-0.8060416579246521,-0.589998722076416,0.031174583360552788,0.03502318635582924,0.18867745995521545,9.527336120605469,2.9243898391723633,-2.798725128173828,1.8117207288742065,1.1392720937728882
1781548246335908,187264199,-0.805672287940979,-0.5905346870422363,0.03110400214791298,0.03454922139644623,0.195725679397583,9.528057098388672,2.941455364227295,1.1466740369796753,3.1502914428710938,0.9015093445777893
1781548246337092,187280866,-0.8052428364753723,-0.5911601185798645,0.030903587117791176,0.034039899706840515,0.12471267580986023,9.662294387817383,2.9785449504852295,1.862715721130371,4.025964736938477,0.5381292700767517
1781548246362559,187297533,-0.8050488829612732,-0.5914674401283264,0.03069297783076763,0.033477507531642914,0.08280818909406662,9.711840629577637,3.0391452312469482,-0.8474346399307251,4.272922515869141,0.9130223393440247
1781548246393806,187314200,-0.805063009262085,-0.5914905667304993,0.030513862147927284,0.03288944438099861,0.05872582644224167,9.70103645324707,3.0979366302490234,-3.253990888595581,4.184199333190918,1.2921286821365356
1781548246394264,187330867,-0.8052334785461426,-0.5912985801696777,0.030335325747728348,0.0323246531188488,0.020772354677319527,9.658424377441406,3.1178205013275146,-5.084953784942627,4.067892551422119,1.2457184791564941
1781548246424152,187347534,-0.8052830696105957,-0.5912591814994812,0.030334096401929855,0.03180920332670212,0.09568876773118973,9.63782024383545,3.1472790241241455,-3.7194504737854004,2.8935365676879883,1.6347368955612183
1781548246424612,187364201,-0.805350124835968,-0.591194212436676,0.03034118376672268,0.031307097524404526,0.22535467147827148,9.5704984664917,3.144984006881714,-3.933086395263672,2.791842460632324,1.6042324304580688
1781548246452135,187380868,-0.8054757714271545,-0.5910508632659912,0.030258886516094208,0.03085458092391491,0.21895939111709595,9.547677993774414,3.1617233753204346,-4.634003639221191,3.0860037803649902,0.9968782663345337
1781548246453021,187397535,-0.8054051995277405,-0.5911709666252136,0.030180059373378754,0.03047284297645092,0.08240778744220734,9.503344535827637,3.1071925163269043,-2.392033815383911,2.797079563140869,0.5234915018081665
1781548246481835,187414202,-0.805045485496521,-0.5916752815246582,0.03022095002233982,0.03014964982867241,0.04684583470225334,9.632881164550781,3.1133573055267334,0.9230881333351135,1.9053096771240234,0.5419455170631409
1781548246483660,187430869,-0.8048416972160339,-0.5919619202613831,0.030352113768458366,0.02983233705163002,0.15655581653118134,9.727651596069336,3.0647103786468506,-0.8976738452911377,1.3715919256210327,0.955398440361023
1781548246511567,187447536,-0.8050153851509094,-0.5917389392852783,0.030434733256697655,0.029479950666427612,0.21237514913082123,9.750009536743164,3.0559194087982178,-5.256981372833252,1.7475098371505737,1.1329586505889893
1781548246542268,187464203,-0.805375874042511,-0.5912646651268005,0.030495209619402885,0.029088729992508888,0.17490620911121368,9.698565483093262,3.0640649795532227,-7.403531551361084,2.032067060470581,1.3532408475875854
1781548246544346,187480870,-0.8055686354637146,-0.5910203456878662,0.030616870149970055,0.028581300750374794,0.13836804032325745,9.678781509399414,3.052860975265503,-5.412220001220703,2.1723477840423584,2.16243577003479
1781548246573226,187497537,-0.80562424659729,-0.5909646153450012,0.030826076865196228,0.027934417128562927,0.16097593307495117,9.707832336425781,3.040268898010254,-3.7636075019836426,2.2602505683898926,3.2232754230499268
1781548246574683,187514204,-0.8058778047561646,-0.5906383395195007,0.031045302748680115,0.027271555736660957,0.14920121431350708,9.685199737548828,3.0178165435791016,-6.062193393707275,2.259226083755493,3.447988271713257
1781548246601805,187530871,-0.8061476945877075,-0.5902861952781677,0.03130625560879707,0.026614638045430183,0.11440196633338928,9.64783000946045,3.0614233016967773,-6.265201091766357,2.004584789276123,3.593930244445801
1781548246631442,187547538,-0.8062806725502014,-0.5901153087615967,0.03161042183637619,0.026008175686001778,0.13228675723075867,9.626019477844238,3.0978822708129883,-4.707512855529785,1.5633035898208618,3.425820827484131
1781548246661509,187564205,-0.8065327405929565,-0.5897798538208008,0.031904783099889755,0.02543274685740471,0.18784871697425842,9.533042907714844,3.0924532413482666,-6.112138748168945,1.477833867073059,3.2679314613342285
1781548246663447,187580872,-0.8067179322242737,-0.589536190032959,0.03213207796216011,0.024917390197515488,0.26772254705429077,9.526938438415527,3.0759851932525635,-5.356191635131836,1.6201890707015991,2.6353611946105957
1781548246665343,187597539,-0.8066655993461609,-0.5896198153495789,0.032311491668224335,0.024393420666456223,0.27826550602912903,9.570265769958496,3.07631516456604,-2.5853848457336426,1.9161185026168823,2.373727798461914
1781548246693520,187614206,-0.8066747188568115,-0.5896217823028564,0.03244246914982796,0.023868335410952568,0.26385048031806946,9.675169944763184,3.0667524337768555,-3.2948691844940186,2.1969997882843018,2.2140963077545166
1781548246695197,187630873,-0.8069323897361755,-0.589286208152771,0.032576583325862885,0.023258334025740623,0.2543449103832245,9.665060043334961,3.0982232093811035,-6.15561580657959,2.521512746810913,2.813241720199585
1781548246723345,187647540,-0.8071841597557068,-0.588961124420166,0.03265928104519844,0.022631023079156876,0.29561567306518555,9.635128021240234,3.1087636947631836,-6.077445983886719,2.873354434967041,2.6966779232025146
1781548246725351,187664207,-0.8074342012405396,-0.5886397361755371,0.032716672867536545,0.021979643031954765,0.26063162088394165,9.575828552246094,3.137134313583374,-6.049130439758301,3.106865406036377,2.725517749786377
1781548246752413,187680874,-0.8076038360595703,-0.5884261131286621,0.03276973217725754,0.021378276869654655,0.23018646240234375,9.494486808776855,3.1059443950653076,-5.137153148651123,2.9328081607818604,2.396043062210083
1781548246754099,187697541,-0.8074609041213989,-0.5886385440826416,0.03283936530351639,0.020818648859858513,0.22498148679733276,9.471550941467285,3.0985870361328125,-1.5140948295593262,2.664726495742798,2.089669704437256
1781548246783070,187714208,-0.8070632815361023,-0.5891928672790527,0.03295839577913284,0.020358268171548843,0.24688281118869781,9.61802864074707,3.1537294387817383,1.3987159729003906,1.9751808643341064,1.6238644123077393
1781548246784612,187730875,-0.8069384098052979,-0.589367687702179,0.033147625625133514,0.019938182085752487,0.286376953125,9.703447341918945,3.1685707569122314,-1.810664415359497,1.4360466003417969,1.8102993965148926
1781548246813988,187747542,-0.8072046637535095,-0.5889999270439148,0.03342000022530556,0.019569212570786476,0.28500038385391235,9.694819450378418,3.2091317176818848,-6.405070781707764,0.7869438529014587,2.0428497791290283
1781548246841642,187764209,-0.8075542449951172,-0.5885077714920044,0.033837564289569855,0.019232774153351784,0.3093317151069641,9.628499031066895,3.2559781074523926,-7.421064853668213,-0.14708098769187927,2.4904582500457764
1781548246844966,187780876,-0.807846188545227,-0.588090181350708,0.03430752828717232,0.01891050674021244,0.3242962062358856,9.636541366577148,3.2869715690612793,-6.770486831665039,-0.5021370649337769,2.597710609436035
1781548246873888,187797543,-0.8081920146942139,-0.5875924825668335,0.03488973155617714,0.018539689481258392,0.38863739371299744,9.640753746032715,3.2501485347747803,-7.406745910644531,-0.9271414279937744,3.3472793102264404
1781548246875526,187814210,-0.8085834383964539,-0.5870357155799866,0.03540460765361786,0.018130501732230186,0.3999391198158264,9.61474323272705,3.1969361305236816,-7.918667793273926,-0.39666399359703064,3.30793833732605
1781548246901491,187830877,-0.8087327480316162,-0.5868070125579834,0.03601551428437233,0.017658095806837082,0.386277973651886,9.588842391967773,3.1272804737091064,-5.089794635772705,-0.6944372057914734,3.936307668685913
1781548246903383,187847544,-0.8087812662124634,-0.586714506149292,0.03665894642472267,0.017184359952807426,0.35375314950942993,9.667089462280273,3.115804672241211,-3.921496868133545,-0.8795145750045776,4.028692245483398
1781548246961809,187864211,-0.8088738322257996,-0.586555540561676,0.03738395869731903,0.016682732850313187,0.35227105021476746,9.712006568908691,3.1043405532836914,-4.452640533447266,-1.2154508829116821,4.536041736602783
1781548246963908,187880878,-0.8092665672302246,-0.5859786868095398,0.03817227482795715,0.016117392107844353,0.3708258271217346,9.663508415222168,3.099216938018799,-7.9645915031433105,-1.281851887702942,5.2874932289123535
1781548246965559,187897545,-0.8096963763237,-0.5853450298309326,0.03900221735239029,0.01555201318114996,0.3891834020614624,9.631996154785156,3.144946575164795,-8.42570972442627,-1.508742094039917,5.474966049194336
1781548246991924,187914212,-0.8101553916931152,-0.5846680998802185,0.03984825685620308,0.014961897395551205,0.42295241355895996,9.588970184326172,3.184062957763672,-8.774938583374023,-1.4969602823257446,5.692161560058594
1781548246994234,187930879,-0.8107318878173828,-0.5838272571563721,0.04062916710972786,0.014453005976974964,0.46155381202697754,9.515421867370605,3.2282259464263916,-10.189414024353027,-1.4457733631134033,5.034696578979492
1781548247023072,187947546,-0.8112727999687195,-0.5830415487289429,0.041279636323451996,0.013970186933875084,0.5209115147590637,9.357731819152832,3.1833014488220215,-9.75979995727539,-0.8260483145713806,4.347661972045898
1781548247024799,187964213,-0.8113253116607666,-0.5829435586929321,0.04177182540297508,0.013537571765482426,0.6083504557609558,9.350958824157715,3.1384177207946777,-3.9958629608154297,-0.21729813516139984,3.1907851696014404
1781548247051454,187980880,-0.811240553855896,-0.5830499529838562,0.04207432642579079,0.013092895969748497,0.607772707939148,9.43287467956543,3.091661214828491,-2.319434642791748,0.8674572706222534,2.426028251647949
1781548247053587,187997547,-0.8112559914588928,-0.5830273032188416,0.04221939668059349,0.012674608267843723,0.5117074251174927,9.58232593536377,3.120224952697754,-3.4633874893188477,1.6552141904830933,1.6936588287353516
1781548247081798,188014214,-0.8114989399909973,-0.582687497138977,0.04236450791358948,0.012246435508131981,0.5184271335601807,9.530693054199219,3.0978071689605713,-6.141567230224609,1.7346521615982056,1.8616399765014648
1781548247083853,188030881,-0.8118191957473755,-0.5822495222091675,0.042357705533504486,0.011870848014950752,0.543838620185852,9.484221458435059,3.126401424407959,-7.027384281158447,2.387200117111206,0.9949576258659363
1781548247111671,188047548,-0.8118662238121033,-0.5821954607963562,0.04230174049735069,0.011501177214086056,0.5395553708076477,9.504981994628906,3.167428731918335,-3.796699047088623,2.5905392169952393,0.6316925287246704
1781548247141899,188064215,-0.8119714260101318,-0.5820661187171936,0.04216606169939041,0.011119450442492962,0.5340925455093384,9.543972969055176,3.1794142723083496,-4.4525251388549805,3.093022108078003,0.4061470031738281
1781548247143321,188080882,-0.8120367527008057,-0.5819922089576721,0.04202958196401596,0.010721866972744465,0.5055947303771973,9.576211929321289,3.203005313873291,-3.979586362838745,3.1529040336608887,0.4724198579788208
1781548247172449,188097549,-0.8120218515396118,-0.582028865814209,0.04191036522388458,0.010317403823137283,0.4618684649467468,9.600133895874023,3.2458887100219727,-3.0381014347076416,3.0695221424102783,0.5423681139945984
1781548247173680,188114216,-0.8120251297950745,-0.5820340514183044,0.04186543822288513,0.009925956837832928,0.5079405307769775,9.594918251037598,3.247372627258301,-3.28582763671875,2.6058294773101807,0.7774286270141602
1781548247201386,188130883,-0.8120018839836121,-0.5820745229721069,0.04186054319143295,0.009487112984061241,0.5978441834449768,9.581446647644043,3.2502191066741943,-2.9657585620880127,2.5680508613586426,1.1909456253051758
1781548247203151,188147550,-0.8121235966682434,-0.5819204449653625,0.04175319895148277,0.008985068649053574,0.7031381726264954,9.534937858581543,3.2613046169281006,-4.62096643447876,3.419609308242798,1.1987321376800537
1781548247234088,188164217,-0.8123296499252319,-0.5816578269004822,0.04150457680225372,0.008501604199409485,0.6714335680007935,9.49732780456543,3.322174072265625,-5.578537940979004,4.152479648590088,0.566277801990509
1781548247235453,188180884,-0.8126009106636047,-0.581309974193573,0.041148196905851364,0.008097423240542412,0.6003393530845642,9.354334831237793,3.2648565769195557,-6.343985080718994,4.449086666107178,-0.28017738461494446
1781548247262938,188197551,-0.812620997428894,-0.5813138484954834,0.04073770344257355,0.007870912551879883,0.5004752278327942,9.276796340942383,3.187896490097046,-3.428093910217285,3.989978313446045,-1.602561116218567
1781548247292218,188214218,-0.8118757605552673,-0.5823849439620972,0.04033522680401802,0.007681374903768301,0.34427735209465027,9.524476051330566,3.1628997325897217,5.583499908447266,3.6425302028656006,-2.1163907051086426
1781548247293733,188230885,-0.8110337257385254,-0.5835697650909424,0.04017728567123413,0.007515050936490297,0.43413683772087097,9.831363677978516,3.2117691040039062,6.611400604248047,2.1633706092834473,-1.3031872510910034
1781548247321920,188247552,-0.8113592267036438,-0.5831317901611328,0.040008217096328735,0.007290674839168787,0.5900235772132874,9.767157554626465,3.210909605026245,-7.106334209442139,2.697843551635742,-0.5143414735794067
1781548247323876,188264219,-0.8118671178817749,-0.5824428796768188,0.03979838639497757,0.006946619134396315,0.6861133575439453,9.513677597045898,3.2208831310272217,-9.207037925720215,3.440791606903076,0.06750869005918503
1781548247351561,188280886,-0.8118482232093811,-0.5824963450431824,0.03946021571755409,0.006593034137040377,0.6112202405929565,9.422587394714355,3.268237829208374,-2.9570376873016357,4.089497089385986,-0.6211592555046082
1781548247353684,188297553,-0.8117250204086304,-0.5826926827430725,0.03913552686572075,0.006349304225295782,0.4965681731700897,9.47661304473877,3.3225460052490234,-1.7707723379135132,3.551053285598755,-1.2242742776870728
1781548247382431,188314220,-0.811532199382782,-0.5829765796661377,0.03893730044364929,0.006148539949208498,0.41091591119766235,9.561834335327148,3.3001930713653564,-1.0095502138137817,2.6580283641815186,-0.9836685657501221
1781548247384030,188330887,-0.8110468983650208,-0.5836612582206726,0.038825154304504395,0.005929372739046812,0.47662290930747986,9.67448616027832,3.262178897857666,2.4079713821411133,2.1886754035949707,-0.6551088094711304
1781548247411738,188347554,-0.8110721707344055,-0.5836328864097595,0.03876068815588951,0.005688756238669157,0.6374785304069519,9.634858131408691,3.2745532989501953,-3.610199451446533,2.1184840202331543,-0.1321743279695511
1781548247443082,188364221,-0.8114513158798218,-0.583122193813324,0.038547299802303314,0.005449530202895403,0.7641669511795044,9.439361572265625,3.211888551712036,-7.724549770355225,3.01713228225708,-0.595866858959198
1781548247444487,188380888,-0.8112794160842896,-0.5833898782730103,0.03814813867211342,0.005177014507353306,0.6933953762054443,9.437627792358398,3.22589373588562,-1.170756459236145,4.069787979125977,-1.3822917938232422
1781548247501538,188397555,-0.8109155893325806,-0.5839285850524902,0.03767348825931549,0.004914135206490755,0.5511333346366882,9.514065742492676,3.221477746963501,1.1047462224960327,4.412613868713379,-1.8167473077774048
1781548247503764,188414222,-0.8107726573944092,-0.5841579437255859,0.037230633199214935,0.0046068825758993626,0.4103396534919739,9.532676696777344,3.1659011840820312,-1.4939886331558228,4.460675239562988,-1.353810429573059
1781548247505597,188430889,-0.8104468584060669,-0.5846326947212219,0.036905642598867416,0.004312789998948574,0.4559701681137085,9.53414249420166,3.171527862548828,0.6077190041542053,3.7111072540283203,-1.022202968597412
1781548247531662,188447556,-0.8100615739822388,-0.5851903557777405,0.03654853627085686,0.004121498204767704,0.5249705910682678,9.54300594329834,3.1258742809295654,1.2823445796966553,3.4634451866149902,-1.7463250160217285
1781548247533654,188464223,-0.8097666501998901,-0.5856251120567322,0.03613117337226868,0.00399391446262598,0.5097426176071167,9.616576194763184,3.147296905517578,0.21631844341754913,3.5618112087249756,-2.310380697250366
1781548247535213,188480890,-0.8094675540924072,-0.5860612988471985,0.035772860050201416,0.003877975745126605,0.4885800778865814,9.65963077545166,3.1726109981536865,0.23988217115402222,3.186265468597412,-2.137392997741699
1781548247561681,188497557,-0.8092594146728516,-0.5863682627677917,0.03546549752354622,0.003711183788254857,0.5347376465797424,9.620416641235352,3.171929359436035,-0.8333092331886292,3.126471996307373,-1.6148040294647217
1781548247592792,188514224,-0.809198260307312,-0.586473286151886,0.03514337167143822,0.0035078637301921844,0.5613893866539001,9.57213306427002,3.1666743755340576,-2.5400242805480957,3.384737730026245,-1.4183290004730225
1781548247594344,188530891,-0.8090680837631226,-0.5866747498512268,0.03479798510670662,0.0033034852240234613,0.5323299169540405,9.509286880493164,3.173348903656006,-1.7260525226593018,3.504117965698242,-1.5313705205917358
1781548247621767,188547558,-0.8086446523666382,-0.587277352809906,0.034490834921598434,0.003126610303297639,0.5613989233970642,9.561351776123047,3.2229650020599365,1.6830172538757324,3.1220157146453857,-1.631913423538208
1781548247623883,188564225,-0.8081113696098328,-0.5880295038223267,0.03418814390897751,0.0029421146027743816,0.6148220300674438,9.60535717010498,3.1046268939971924,2.9603099822998047,3.1035234928131104,-1.6090285778045654
1781548247651471,188580892,-0.8077110648155212,-0.5885991454124451,0.03386606276035309,0.0026475912891328335,0.554343044757843,9.782032012939453,3.157318592071533,1.433715581893921,3.6851871013641357,-1.0308854579925537
1781548247653874,188597559,-0.8076257109642029,-0.5887315273284912,0.033627185970544815,0.002300273859873414,0.5154104232788086,9.883452415466309,3.2014667987823486,-2.255134344100952,3.498342514038086,-0.29482775926589966
1781548247681583,188614226,-0.808099627494812,-0.5880950093269348,0.033407002687454224,0.0018217004835605621,0.4741438329219818,9.638853073120117,3.1880459785461426,-8.758342742919922,4.044521808624268,0.6970946192741394
1781548247711765,188630893,-0.8083495497703552,-0.5877626538276672,0.03323234245181084,0.0014074861537665129,0.4605616629123688,9.437643051147461,3.1544697284698486,-6.176273345947266,3.48464035987854,0.45141756534576416
1781548247713459,188647560,-0.80787593126297,-0.5884197354316711,0.033130086958408356,0.0010903783841058612,0.5282423496246338,9.404169082641602,3.1165809631347656,2.2249815464019775,2.5363550186157227,-0.02750803902745247
1781548247741494,188664227,-0.8073492050170898,-0.5891495943069458,0.0330052375793457,0.0008336161263287067,0.5517352223396301,9.595121383666992,3.1442036628723145,2.830004930496216,2.4028749465942383,-0.4720804691314697
1781548247743558,188680894,-0.8070167303085327,-0.5896084904670715,0.03294660523533821,0.000617905636318028,0.5491326451301575,9.727132797241211,3.1301767826080322,0.5308679938316345,1.9109441041946411,-0.3691558241844177
1781548247773333,188697561,-0.8071461915969849,-0.5894333720207214,0.0329149104654789,0.0003841400030069053,0.5125894546508789,9.783601760864258,3.1721277236938477,-4.856130123138428,1.9373513460159302,-0.01395892258733511
1781548247774671,188714228,-0.8074855208396912,-0.5889660120010376,0.032961755990982056,7.608540181536227e-05,0.5073833465576172,9.727991104125977,3.1558997631073,-7.311197757720947,1.8494998216629028,0.7833837270736694
1781548247801473,188730895,-0.8078649640083313,-0.588437557220459,0.03310144320130348,-0.0002957527176477015,0.5147998929023743,9.587160110473633,3.1617937088012695,-7.798389911651611,1.60159432888031,1.5278681516647339
1781548247803682,188747562,-0.8080093860626221,-0.5882277488708496,0.033298052847385406,-0.0006577533786185086,0.5105198621749878,9.55698299407959,3.1534390449523926,-5.080599308013916,1.192047119140625,1.6313304901123047
1781548247832949,188764229,-0.8078658580780029,-0.5884101986885071,0.03354715555906296,-0.0010043112561106682,0.5375127792358398,9.59152603149414,3.11308217048645,-1.739896297454834,0.7678622603416443,1.6689809560775757
1781548247833647,188780896,-0.8077610731124878,-0.5885370373725891,0.0338272899389267,-0.0013493193546310067,0.5743916034698486,9.67759895324707,3.1324076652526855,-2.206611156463623,0.5999070405960083,1.798978328704834
1781548247861772,188797563,-0.8078399300575256,-0.5884099006652832,0.03414260596036911,-0.0017337683821097016,0.5937737822532654,9.669829368591309,3.1450326442718506,-4.350931644439697,0.6103057861328125,2.218463182449341
1781548247891470,188814230,-0.8080722093582153,-0.5880719423294067,0.03444290906190872,-0.0021281850058585405,0.5725692510604858,9.55656909942627,3.1384968757629395,-6.140171527862549,0.7703084945678711,2.259507656097412
1781548247893883,188830897,-0.8081748485565186,-0.5879127979278564,0.03472544997930527,-0.002481526229530573,0.49291589856147766,9.50541877746582,3.130171060562134,-4.632505416870117,0.6710079908370972,1.9201395511627197
1781548247923491,188847564,-0.8079303503036499,-0.5882229804992676,0.0351390540599823,-0.002769146580249071,0.5229235291481018,9.537958145141602,3.1157732009887695,-0.6388704776763916,-0.4128895699977875,1.9791895151138306
1781548247924471,188864231,-0.8078395128250122,-0.588322103023529,0.03554820641875267,-0.003008196596056223,0.6338488459587097,9.56408977508545,3.1513636112213135,-2.4448347091674805,-0.5476507544517517,1.7381995916366577
1781548247951673,188880898,-0.8080055117607117,-0.5880734920501709,0.03586771339178085,-0.0031988685950636864,0.6971954703330994,9.503636360168457,3.1280112266540527,-5.424488544464111,-0.17111846804618835,1.1876931190490723
1781548247954114,188897565,-0.8080546855926514,-0.5879950523376465,0.036035094410181046,-0.0033155828714370728,0.6036144495010376,9.45292854309082,3.166884422302246,-4.022154808044434,0.3396436870098114,0.12166674435138702
1781548247982399,188914232,-0.8079105615615845,-0.5881805419921875,0.03624250367283821,-0.003295118687674403,0.5666504502296448,9.39958381652832,3.127821683883667,-1.8088326454162598,-0.49093133211135864,-0.5393649339675903
1781548247983927,188930899,-0.8075981736183167,-0.5885981321334839,0.03643573075532913,-0.0031268398743122816,0.6136671900749207,9.497429847717285,3.0951404571533203,0.12461218982934952,-1.0544109344482422,-1.4707069396972656
1781548248011841,188947566,-0.8072240352630615,-0.5890953540802002,0.03670414909720421,-0.0029442950617522,0.6757285594940186,9.661288261413574,3.11665940284729,0.8106740117073059,-1.5495555400848389,-1.2653954029083252
1781548248042851,188964233,-0.8071261048316956,-0.5892190933227539,0.036888569593429565,-0.0027957630809396505,0.623340368270874,9.8172025680542,3.2028398513793945,-2.3700966835021973,-0.8666697144508362,-1.3280185461044312
1781548248043846,188980900,-0.8076332807540894,-0.5885117053985596,0.03708949312567711,-0.002666901098564267,0.5595320463180542,9.543768882751465,3.1583192348480225,-9.428983688354492,-0.7074484825134277,-0.9515376687049866
1781548248071670,188997567,-0.8083086609840393,-0.5875763893127441,0.037226151674985886,-0.0023528109304606915,0.4618488848209381,9.158204078674316,3.098418951034546,-11.42165470123291,-1.0585349798202515,-2.1863009929656982
1781548248073236,189014234,-0.8073554635047913,-0.5888729691505432,0.03745315223932266,-0.001842174562625587,0.6600934267044067,9.176362991333008,3.035386323928833,7.509164810180664,-2.8108279705047607,-3.459789752960205
1781548248101477,189030901,-0.8059970736503601,-0.5907298922538757,0.0374874584376812,-0.001290806569159031,0.7332311272621155,9.574030876159668,3.000605344772339,12.253783226013184,-2.000532388687134,-4.599621295928955
1781548248103744,189047568,-0.8055093884468079,-0.5913967490196228,0.0374736413359642,-0.0006548074306920171,0.6996262073516846,9.871451377868652,3.0424458980560303,2.099825382232666,-1.8520160913467407,-4.968928337097168
1781548248131467,189064235,-0.8060703873634338,-0.5906344056129456,0.03743891045451164,-5.465990398079157e-06,0.5589237213134766,9.706378936767578,3.0551180839538574,-10.082929611206055,-1.5140185356140137,-4.764028072357178
1781548248133755,189080902,-0.8067513704299927,-0.5897126793861389,0.037292130291461945,0.0006831972277723253,0.39532285928726196,9.410090446472168,3.011240243911743,-11.463252067565918,-1.0187201499938965,-5.394562244415283
1781548248162363,189097569,-0.8068034648895264,-0.5896528363227844,0.037085309624671936,0.0016236843075603247,0.28190600872039795,9.123003959655762,2.935025453567505,-4.197628021240234,-1.8638237714767456,-7.2580389976501465
1781548248192712,189114236,-0.8061106204986572,-0.5906150341033936,0.03675597906112671,0.002919438062235713,0.3502213656902313,9.210331916809082,2.9206199645996094,4.398874282836914,-2.811161518096924,-9.996641159057617
1781548248194032,189130903,-0.8046116232872009,-0.5926604270935059,0.03654930368065834,0.004238778725266457,0.6531950831413269,9.644246101379395,2.8616950511932373,13.671592712402344,-3.780630111694336,-9.92253589630127
1781548248221576,189147570,-0.8039146065711975,-0.5936185717582703,0.03618355840444565,0.005422219168394804,0.9184662103652954,10.034132957458496,2.8961668014526367,4.418365955352783,-2.172739028930664,-9.520885467529297
1781548248223849,189164237,-0.804619550704956,-0.5926962494850159,0.03547406196594238,0.00635889358818531,0.8927982449531555,9.986804008483887,2.9459564685821533,-11.649163246154785,1.0034613609313965,-9.043376922607422
1781548248251503,189180904,-0.8059925436973572,-0.590878427028656,0.034471429884433746,0.007109105587005615,0.49523475766181946,9.598587989807129,2.991870403289795,-19.291568756103516,3.5538127422332764,-8.945673942565918
1781548248254766,189197571,-0.8062462210655212,-0.5905758738517761,0.03359229490160942,0.007682081777602434,0.06740164756774902,9.49553108215332,2.962165594100952,-6.302327632904053,3.3420679569244385,-7.893221855163574
1781548248282276,189214238,-0.8046225905418396,-0.5927990078926086,0.033277224749326706,0.008032791316509247,0.15137961506843567,10.003273010253906,2.9782168865203857,15.402165412902832,0.8215728998184204,-5.051328182220459
1781548248284621,189230905,-0.8038653135299683,-0.5938276648521423,0.03323456272482872,0.008053137920796871,0.5992820262908936,10.19225788116455,2.9914212226867676,5.354187965393066,0.8015046119689941,-1.7887014150619507
1781548248312706,189247572,-0.8046005964279175,-0.5928488969802856,0.03296538069844246,0.007836471311748028,0.6555312871932983,9.93855094909668,3.0312111377716064,-11.791452407836914,3.3005757331848145,-0.8476399183273315
1781548248341589,189264239,-0.8044987916946411,-0.5930052399635315,0.03273557126522064,0.007417100016027689,0.4891357421875,9.6895170211792,3.064138174057007,-2.0541255474090576,3.72698712348938,0.11539160460233688
1781548248343896,189280906,-0.8038095235824585,-0.5939513444900513,0.03265725448727608,0.006754881236702204,0.4348394572734833,9.782004356384277,3.026651620864868,4.771576404571533,3.783745527267456,1.8676460981369019
1781548248372227,189297573,-0.8036332130432129,-0.5941938757896423,0.03275395184755325,0.00588185153901577,0.5164198875427246,9.929981231689453,3.0384180545806885,-1.1552352905273438,3.7825541496276855,3.936204671859741
1781548248374054,189314240,-0.8039341568946838,-0.5937913656234741,0.03283805400133133,0.004835136700421572,0.583196222782135,9.876416206359863,3.0042920112609863,-6.631616592407227,4.62354850769043,5.0027570724487305
1781548248401411,189330907,-0.8044996857643127,-0.5930295586585999,0.03290006145834923,0.00373547850176692,0.523287832736969,9.672625541687012,3.0786826610565186,-9.688712120056152,4.977555274963379,5.285125255584717
1781548248404395,189347574,-0.8048539161682129,-0.5925474166870117,0.03302477300167084,0.002706914208829403,0.3780519366264343,9.396905899047852,2.982816696166992,-7.287813663482666,4.428289413452148,5.118321418762207
1781548248432314,189364241,-0.8045441508293152,-0.5929617285728455,0.03319406509399414,0.001817903365008533,0.4119650423526764,9.404936790466309,3.0965025424957275,0.3452528417110443,3.448551654815674,4.302901744842529
1781548248434120,189380908,-0.8042775988578796,-0.5933257341384888,0.03318224474787712,0.0010631426703184843,0.524014949798584,9.382116317749023,2.9686172008514404,-0.1430213451385498,3.8746070861816406,2.822437047958374
1781548248461654,189397575,-0.8042303323745728,-0.5934008359909058,0.03299733251333237,0.0005475023644976318,0.5370662808418274,9.28328800201416,2.967216968536377,-2.691357135772705,3.897158622741699,0.8595815300941467
1781548248492188,189414242,-0.8040158748626709,-0.593706488609314,0.03272908926010132,0.0003300582175143063,0.49604034423828125,9.336143493652344,2.9007837772369385,-0.8024075031280518,3.107800006866455,-1.1811039447784424
1781548248493436,189430909,-0.8036163449287415,-0.5942648649215698,0.03240823373198509,0.00034980877535417676,0.5343201160430908,9.566184043884277,2.998513698577881,1.297520399093628,2.3917460441589355,-2.763559341430664
1781548248522404,189447576,-0.8036556243896484,-0.5942331552505493,0.032010335475206375,0.0004944647662341595,0.4815864562988281,9.630568504333496,2.9607133865356445,-3.784712076187134,2.3999805450439453,-3.636708974838257
1781548248523832,189464243,-0.8038681149482727,-0.5939672589302063,0.031600769609212875,0.0007409402751363814,0.390624463558197,9.670361518859863,3.043121337890625,-5.807783603668213,2.097034215927124,-4.191737174987793
1781548248551940,189480910,-0.8038307428359985,-0.5940331816673279,0.03130810335278511,0.0009531531832180917,0.45231249928474426,9.633532524108887,3.0259549617767334,-2.945908784866333,1.5288541316986084,-3.600684881210327
1781548248553219,189497577,-0.8036444187164307,-0.5943019986152649,0.030980197712779045,0.0011172974482178688,0.5114527940750122,9.648764610290527,2.98654842376709,-1.2059226036071777,1.890812635421753,-3.523000955581665
1781548248581609,189514244,-0.803322434425354,-0.5947510004043579,0.03071022406220436,0.0012254705652594566,0.5082331299781799,9.690709114074707,2.9803686141967773,0.35598450899124146,1.773032546043396,-3.0165228843688965
1781548248583079,189530911,-0.8030006289482117,-0.5951952338218689,0.030515845865011215,0.001279589720070362,0.519164502620697,9.830411911010742,2.978771209716797,0.33842700719833374,1.5340533256530762,-2.4199776649475098
1781548248611839,189547578,-0.8030215501785278,-0.5951699018478394,0.030458949506282806,0.001185955828987062,0.5964776277542114,9.922725677490234,3.024778366088867,-3.620586395263672,1.5205683708190918,-0.9180617332458496
1781548248642631,189564245,-0.8034986257553101,-0.5945274829864502,0.030438603833317757,0.0008967129397206008,0.5263148546218872,9.887524604797363,3.07859468460083,-8.852890014648438,2.205477714538574,0.44308051466941833
1781548248643549,189580912,-0.8039692640304565,-0.5938851237297058,0.03055388852953911,0.0005461132386699319,0.4688975512981415,9.7767972946167,3.0980896949768066,-8.813589096069336,1.6833631992340088,1.3291138410568237
1781548248672250,189597579,-0.8045120239257812,-0.5931395292282104,0.030752718448638916,0.00015129154780879617,0.3951825797557831,9.670462608337402,3.0934903621673584,-9.667387962341309,1.4468810558319092,1.9464952945709229
1781548248674331,189614246,-0.8047465682029724,-0.5928019285202026,0.031127363443374634,-0.00023116564261727035,0.4034632444381714,9.56789493560791,3.087965965270996,-6.158753871917725,0.3081912398338318,2.4931981563568115
1781548248701472,189630913,-0.8046807646751404,-0.5928694009780884,0.031535059213638306,-0.0005912890192121267,0.4455709755420685,9.55788803100586,3.0193700790405273,-2.6970300674438477,-0.012358127161860466,2.424132823944092
1781548248703778,189647580,-0.804534375667572,-0.5930460691452026,0.03193948045372963,-0.0008610988152213395,0.4762517213821411,9.670982360839844,2.9853103160858154,-1.7841167449951172,-0.38338369131088257,1.8865097761154175
1781548248732548,189664247,-0.8047794699668884,-0.5926908254623413,0.03234802559018135,-0.0010855065193027258,0.6162155866622925,9.513779640197754,2.9307143688201904,-6.332330226898193,-0.4986920654773712,1.7676029205322266
1781548248734834,189680914,-0.8051725029945374,-0.5921497941017151,0.032471269369125366,-0.0012302004033699632,0.6494982838630676,9.4148588180542,2.9544994831085205,-7.97976541519165,0.7842673659324646,0.20275656878948212
1781548248762164,189697581,-0.8050426840782166,-0.5923305749893188,0.0323883481323719,-0.0013505243696272373,0.577957034111023,9.386920928955078,2.903259038925171,-1.860762596130371,1.666599154472351,-0.9399092793464661
1781548248792066,189714248,-0.8048414587974548,-0.5926169157028198,0.03215315565466881,-0.0013556461781263351,0.4504207372665405,9.460814476013184,2.9533748626708984,-1.0118041038513184,2.0065693855285645,-2.2260255813598633
1781548248793549,189730915,-0.804534375667572,-0.5930437445640564,0.03196784853935242,-0.0012813694775104523,0.4616907835006714,9.5574951171875,2.939091920852661,0.18239443004131317,1.4378392696380615,-2.474327564239502
1781548248823481,189747582,-0.8042973279953003,-0.5933772325515747,0.031751345843076706,-0.001184777240268886,0.6040716171264648,9.547639846801758,2.9492013454437256,-0.6248730421066284,1.5202994346618652,-2.7100284099578857
1781548248825028,189764249,-0.8042075634002686,-0.5935217142105103,0.03132221847772598,-0.0010279581183567643,0.5980495810508728,9.610403060913086,3.0216457843780518,-2.281822681427002,2.4916226863861084,-3.8674278259277344
1781548248851605,189780916,-0.8039501905441284,-0.5938937664031982,0.03088090382516384,-0.0008672059047967196,0.5351390242576599,9.67900562286377,3.014890193939209,-0.34064897894859314,2.503187417984009,-3.9875776767730713
1781548248853717,189797583,-0.8040061593055725,-0.5938410758972168,0.030436694622039795,-0.0007560670492239296,0.5325165390968323,9.647187232971191,3.0549981594085693,-3.9582252502441406,2.7853362560272217,-3.638489246368408
1781548248881813,189814250,-0.8040392994880676,-0.5938172936439514,0.03002309799194336,-0.00066182209411636,0.4520801901817322,9.560428619384766,2.968536615371704,-3.7011637687683105,2.690608024597168,-3.4232144355773926
1781548248883600,189830917,-0.8034535050392151,-0.5946260690689087,0.029700974002480507,-0.0005184528999961913,0.3725488781929016,9.73528003692627,3.032538652420044,3.4164845943450928,1.8310712575912476,-3.49717116355896
1781548248912134,189847584,-0.8032242059707642,-0.594944417476654,0.029535118490457535,-0.0004035126185044646,0.4487106204032898,9.835005760192871,2.9962425231933594,-0.7432677745819092,1.1787028312683105,-2.5958216190338135
1781548248941506,189864251,-0.8034016489982605,-0.5947098135948181,0.02942829392850399,-0.00038707751082256436,0.5058577656745911,9.776019096374512,2.9940459728240967,-5.4412641525268555,1.3545469045639038,-1.6941649913787842
1781548248943200,189880918,-0.8035053014755249,-0.5945730805397034,0.029360974207520485,-0.0004486302495934069,0.5595248937606812,9.70079517364502,3.0136215686798096,-4.5847883224487305,1.4045811891555786,-1.1322861909866333
1781548248971456,189897585,-0.8036185503005981,-0.5944246053695679,0.029268573969602585,-0.0005515096709132195,0.5960239768028259,9.659144401550293,3.012044906616211,-4.679440975189209,1.7267251014709473,-1.001200556755066
1781548248973171,189914252,-0.8037096261978149,-0.594305694103241,0.029173750430345535,-0.0007301958394236863,0.5360289812088013,9.621567726135254,2.9856128692626953,-4.409764289855957,2.054401159286499,-0.5948933959007263
1781548249001422,189930919,-0.8036084771156311,-0.5944480299949646,0.02905675210058689,-0.0009208963601849973,0.4236513078212738,9.645522117614746,2.9651665687561035,-2.1813697814941406,2.1267058849334717,-0.6887127161026001
1781548249002831,189947586,-0.8033879399299622,-0.5947474837303162,0.029024142771959305,-0.0011031294707208872,0.36022651195526123,9.741127967834473,2.9742789268493652,-0.8251771330833435,1.643394112586975,-0.4082023799419403
1781548249031400,189964253,-0.8034565448760986,-0.594652533531189,0.02905692532658577,-0.00133963068947196,0.4421820640563965,9.701621055603027,2.9162847995758057,-4.17684268951416,1.55930757522583,0.23386317491531372
1781548249032917,189980920,-0.8035489916801453,-0.5945280194282532,0.02903752028942108,-0.0015651037683710456,0.486851304769516,9.5919189453125,2.854274034500122,-4.437592506408691,1.8349645137786865,-0.025843216106295586
1781548249061673,189997587,-0.8034487962722778,-0.5946657657623291,0.028978535905480385,-0.001791295944713056,0.5048776865005493,9.61279582977295,2.9377152919769287,-2.201910972595215,2.0001277923583984,-0.2386719435453415
1781548249091647,190014254,-0.8032898902893066,-0.5948839783668518,0.028887050226330757,-0.0020479620434343815,0.49701976776123047,9.621166229248047,2.957373857498169,-1.5106241703033447,2.2953782081604004,-0.21677309274673462
1781548249094113,190030921,-0.8032973408699036,-0.5948803424835205,0.028737058863043785,-0.002305330242961645,0.5357246994972229,9.596665382385254,2.9773638248443604,-3.4124698638916016,2.7105987071990967,-0.3949350118637085
1781548249122386,190047588,-0.8032858371734619,-0.5949088335037231,0.028437219560146332,-0.002596671925857663,0.6064425706863403,9.523921012878418,2.9443061351776123,-3.1578032970428467,3.505706787109375,-0.8774913549423218
1781548249123651,190064255,-0.8032000660896301,-0.5950484871864319,0.02790672890841961,-0.002872819546610117,0.5703242421150208,9.459696769714355,2.932161569595337,-2.2314679622650146,4.819638252258301,-1.8887189626693726
1781548249151872,190080922,-0.802735447883606,-0.5957065224647522,0.027208546176552773,-0.003110060002654791,0.4207456707954407,9.4855375289917,2.810800552368164,2.176074266433716,5.496594429016113,-2.884143590927124
1781548249153301,190097589,-0.8017154932022095,-0.5971038937568665,0.02661236561834812,-0.0033510893117636442,0.4092002213001251,9.684468269348145,2.818620443344116,8.527091979980469,4.788878917694092,-2.584258556365967
1781548249181901,190114256,-0.8009594678878784,-0.5981385111808777,0.026093337684869766,-0.003647460835054517,0.49878787994384766,9.910394668579102,2.8473827838897705,5.455333709716797,4.720645427703857,-1.8794091939926147
1781548249211834,190130923,-0.8008275628089905,-0.5983338356018066,0.02560165338218212,-0.004045873414725065,0.4850514829158783,9.908231735229492,2.866929292678833,-1.7180615663528442,5.077621936798096,-1.0833404064178467
1781548249214383,190147590,-0.8009018898010254,-0.5982508659362793,0.02514864318072796,-0.004447579849511385,0.42411670088768005,9.782658576965332,2.9152562618255615,-4.092512607574463,5.048526763916016,-0.8255230188369751
1781548249242553,190164257,-0.8008956909179688,-0.5982691645622253,0.024820297956466675,-0.004912529606372118,0.4322826564311981,9.640714645385742,2.947056770324707,-3.204712390899658,4.456181049346924,-0.0229489803314209
1781548249244109,190180924,-0.800609827041626,-0.5986613035202026,0.024489201605319977,-0.0053947498090565205,0.4515906572341919,9.643983840942383,2.995631217956543,0.009944132529199123,4.524118900299072,0.01842193678021431
1781548249272107,190197591,-0.800142228603363,-0.5992934107780457,0.0241954755038023,-0.005887053906917572,0.418914794921875,9.668034553527832,2.9702882766723633,2.0787205696105957,4.30739688873291,0.19055211544036865
1781548249274335,190214258,-0.7998233437538147,-0.5997228622436523,0.02400369755923748,-0.006256917957216501,0.32838141918182373,9.687992095947266,2.889629602432251,0.32536450028419495,3.242330551147461,-0.044681351631879807
1781548249301458,190230925,-0.7996557950973511,-0.5999433994293213,0.024018999189138412,-0.006457642186433077,0.339665025472641,9.718345642089844,2.9558801651000977,-1.482181429862976,1.4793574810028076,-0.08138435333967209
1781548249303264,190247592,-0.7995885610580444,-0.6000232696533203,0.02421697787940502,-0.006620881147682667,0.5538691282272339,9.790563583374023,2.9716432094573975,-2.6829304695129395,0.36576855182647705,0.4919623136520386
1781548249331735,190264259,-0.799841046333313,-0.5996761918067932,0.02439248561859131,-0.006904478184878826,0.7091431021690369,9.852282524108887,2.9979324340820312,-6.323251724243164,1.1554981470108032,1.145380973815918
1781548249333853,190280926,-0.8005228042602539,-0.5987576842308044,0.024486379697918892,-0.0072920313104987144,0.5677182078361511,9.878997802734375,3.0936315059661865,-11.215179443359375,2.09781551361084,1.4463180303573608
1781548249361651,190297593,-0.8011726140975952,-0.5978692770004272,0.024789273738861084,-0.007770977448672056,0.46007078886032104,9.7953519821167,3.0815536975860596,-10.91745662689209,1.2272011041641235,2.7794339656829834
1781548249391556,190314260,-0.8016952872276306,-0.5971426963806152,0.025235461071133614,-0.008271950297057629,0.40660732984542847,9.63428783416748,3.029733180999756,-9.505311012268066,0.5250028967857361,3.4770593643188477
1781548249393245,190330927,-0.801854133605957,-0.5969007015228271,0.02576471120119095,-0.008707044646143913,0.3960799276828766,9.590433120727539,2.910466194152832,-5.357062816619873,-0.29708173871040344,3.391000509262085
1781548249421819,190347594,-0.8015558123588562,-0.5972683429718018,0.026363743469119072,-0.009160262532532215,0.5415292978286743,9.656330108642578,2.8232133388519287,-0.11977779865264893,-0.7025820016860962,3.7032318115234375
1781548249423375,190364261,-0.801543653011322,-0.5972543954849243,0.026873085647821426,-0.009643858298659325,0.6506683826446533,9.664225578308105,2.809831380844116,-3.385396718978882,0.01756390929222107,3.5618362426757812
1781548249451486,190380928,-0.8018808960914612,-0.596778929233551,0.02719046175479889,-0.010136785916984081,0.6189532279968262,9.595739364624023,2.8025219440460205,-7.352895259857178,1.139477252960205,2.8657989501953125
1781548249453329,190397595,-0.8019298315048218,-0.5966904759407043,0.02749887853860855,-0.010631660930812359,0.561631441116333,9.562858581542969,2.848388671875,-4.03469181060791,1.1284892559051514,2.791022539138794
1781548249481816,190414262,-0.8018112778663635,-0.5968273878097534,0.02778894267976284,-0.011119860224425793,0.5372118949890137,9.66132640838623,2.888068199157715,-2.10650372505188,1.155817985534668,2.6489105224609375
1781548249483571,190430929,-0.8019459843635559,-0.5966231226921082,0.02809538133442402,-0.011587291024625301,0.5445406436920166,9.723607063293457,2.9338271617889404,-5.029886245727539,1.0607051849365234,2.6492559909820557
1781548249512771,190447596,-0.802377462387085,-0.5960124135017395,0.028512688353657722,-0.012115208432078362,0.4649190604686737,9.578352928161621,2.8545267581939697,-8.486205101013184,0.7866494059562683,3.492990255355835
1781548249542658,190464263,-0.8027003407478333,-0.5955331921577454,0.02912774682044983,-0.01282195933163166,0.3235354721546173,9.485145568847656,2.910515069961548,-7.298852920532227,0.3618755340576172,5.262969493865967
1781548249544489,190480930,-0.8018509745597839,-0.5966295003890991,0.029837286099791527,-0.013345682993531227,0.46841156482696533,9.805952072143555,2.9443705081939697,6.1490912437438965,-1.293710470199585,4.424370288848877
1781548249572084,190497597,-0.8014550805091858,-0.5971108675003052,0.03059089556336403,-0.01388342585414648,0.6924818158149719,9.940601348876953,2.96155047416687,0.8986408710479736,-1.32087242603302,4.77042293548584
1781548249573401,190514264,-0.8026553988456726,-0.5954530835151672,0.03118905983865261,-0.01440057810395956,0.73139488697052,9.640474319458008,2.9279258251190186,-17.436296463012695,-0.07318834960460663,4.296809196472168
1781548249601466,190530931,-0.80327969789505,-0.5945730209350586,0.03169550374150276,-0.014837745577096939,0.7497292160987854,9.279745101928711,2.915372848510742,-10.79011058807373,-0.05265973135828972,3.3827927112579346
1781548249603661,190547598,-0.8029219508171082,-0.5950327515602112,0.03198694437742233,-0.015140821225941181,0.746346116065979,9.290105819702148,2.8531911373138428,0.6177976131439209,0.26626327633857727,1.5809760093688965
1781548249631549,190564265,-0.802624523639679,-0.5954186916351318,0.03216877579689026,-0.015352391637861729,0.7129884362220764,9.535384178161621,2.866133451461792,-0.046230919659137726,0.5082775354385376,0.6340358853340149
1781548249633143,190580932,-0.8026430010795593,-0.5953820943832397,0.03234758973121643,-0.015436666086316109,0.7640112638473511,9.617720603942871,2.878934383392334,-3.6960408687591553,0.1535545438528061,-0.01050120685249567
1781548249663477,190597599,-0.8028550744056702,-0.5950937271118164,0.032390791922807693,-0.015433279797434807,0.8013393878936768,9.602163314819336,2.9700663089752197,-5.883507251739502,0.607296347618103,-1.0152620077133179
1781548249691670,190614266,-0.8031061291694641,-0.5947617292404175,0.03227604925632477,-0.015418953262269497,0.787037193775177,9.557328224182129,3.0043318271636963,-6.269695281982422,1.446906566619873,-1.716986060142517
1781548249693366,190630933,-0.8029840588569641,-0.5949397087097168,0.03202575445175171,-0.015424530953168869,0.675051748752594,9.59467887878418,2.987506628036499,-1.9096828699111938,2.137258291244507,-2.235322952270508
1781548249721567,190647600,-0.8024349212646484,-0.5956924557685852,0.0318046435713768,-0.015410264022648335,0.565230667591095,9.725936889648438,3.0068705081939697,3.0033512115478516,1.7438597679138184,-2.306077718734741
1781548249723050,190664267,-0.8019432425498962,-0.5963592529296875,0.03175068646669388,-0.01531674712896347,0.6004034280776978,9.717495918273926,2.9662773609161377,2.259302854537964,0.520776629447937,-2.0446107387542725
1781548249751457,190680934,-0.8013833165168762,-0.5971211791038513,0.0316552110016346,-0.015135434456169605,0.7609808444976807,9.610708236694336,2.908237934112549,3.053987741470337,0.43758654594421387,-2.6905243396759033
1781548249753336,190697601,-0.8005771040916443,-0.5982311964035034,0.03128978982567787,-0.014726109802722931,0.6690078973770142,9.649357795715332,3.0731401443481445,5.958250999450684,0.8514751195907593,-5.120005130767822
1781548249781779,190714268,-0.7996124029159546,-0.5995469093322754,0.030980821698904037,-0.014282330870628357,0.35605496168136597,9.742289543151855,2.9845871925354004,7.728808403015137,0.3301669955253601,-5.109389305114746
1781548249783560,190730935,-0.798225462436676,-0.6013961434364319,0.030978869646787643,-0.014117460697889328,0.4071308374404907,9.871591567993164,2.793989896774292,12.429945945739746,-0.3613954186439514,-2.385427474975586
1781548249813042,190747602,-0.7964962720870972,-0.6036883592605591,0.030951036140322685,-0.014005360193550587,0.6084844470024109,9.99848747253418,2.7144875526428223,16.289094924926758,-0.12053345888853073,-2.2644076347351074
1781548249842446,190764269,-0.7951217889785767,-0.6055390238761902,0.030377505347132683,-0.013458038680255413,0.8071983456611633,9.944243431091309,2.8432509899139404,12.358267784118652,1.170174479484558,-6.854846000671387
1781548249844638,190780936,-0.7937811613082886,-0.6073827147483826,0.02904064580798149,-0.012425360269844532,0.37911057472229004,9.794438362121582,2.976323127746582,12.149005889892578,3.3334388732910156,-12.687417984008789
1781548249871572,190797603,-0.7907073497772217,-0.6114746928215027,0.027537427842617035,-0.011067504063248634,-0.13816583156585693,10.207133293151855,2.7086119651794434,31.60809326171875,2.3586130142211914,-15.453794479370117
1781548249874092,190814270,-0.7861082553863525,-0.6174664497375488,0.025852859020233154,-0.010047636926174164,-0.3791308104991913,11.389222145080566,2.636931896209717,48.425838470458984,4.331320285797119,-14.621041297912598
1781548249902068,190830937,-0.781944215297699,-0.6228374242782593,0.02391338348388672,-0.008060876280069351,-0.4873283803462982,12.399446487426758,2.7565603256225586,43.06885528564453,1.7203741073608398,-20.84678077697754
1781548249903325,190847604,-0.7790142893791199,-0.6266257166862488,0.021362103521823883,-0.004564226604998112,-0.3392059803009033,12.501379013061523,3.010432720184326,29.059846878051758,-1.167984962463379,-31.391355514526367
1781548249931503,190864271,-0.776503324508667,-0.6298545002937317,0.018058087676763535,0.0003436175175011158,-0.8570024371147156,12.250940322875977,2.877861738204956,24.075260162353516,-3.1366209983825684,-42.121829986572266
1781548249933941,190880938,-0.7724887132644653,-0.634850800037384,0.013630270957946777,0.006313928868621588,-0.5738096237182617,11.751226425170898,2.1257669925689697,39.888484954833984,-1.9224549531936646,-52.88191223144531
1781548249963071,190897605,-0.7656252384185791,-0.6430855989456177,0.006153913680464029,0.014863491989672184,-0.3433153033256531,13.069199562072754,2.4982471466064453,69.15180969238281,2.8855574131011963,-80.31513214111328
1781548249991872,190914272,-0.7518500685691833,-0.6587533354759216,-0.002696162322536111,0.02754109352827072,-0.6874323487281799,14.773656845092773,0.14735403656959534,138.5366973876953,-7.668759822845459,-109.14775848388672
1781548249993701,190930939,-0.743117094039917,-0.6674605011940002,-0.014189382083714008,0.0455223023891449,-0.6768049597740173,17.68817710876465,1.1207829713821411,79.3042221069336,-19.43947982788086,-147.71092224121094
1781548250023569,190947606,-0.7414042353630066,-0.6671298742294312,-0.027815429493784904,0.0669628456234932,-0.5397988557815552,16.786052703857422,0.2758514881134033,0.572884202003479,-27.928861618041992,-173.86231994628906
1781548250026122,190964273,-0.7420211434364319,-0.6625804901123047,-0.04408024996519089,0.09191713482141495,-1.8557169437408447,14.87271785736084,0.4339694380760193,-32.168766021728516,-32.98429870605469,-203.62550354003906
1781548250052243,190980940,-0.7377392649650574,-0.6610967516899109,-0.06170712411403656,0.12200091034173965,-2.815993309020996,13.832574844360352,0.4891054928302765,6.4847331047058105,-45.98657989501953,-238.18533325195312
1781548250053821,190997607,-0.7290232181549072,-0.6614972352981567,-0.07961196452379227,0.15687178075313568,-3.1285221576690674,13.848196983337402,0.47255903482437134,38.00144577026367,-62.8806266784668,-266.673095703125
1781548250083561,191014274,-0.7186099886894226,-0.6602950692176819,-0.09744177758693695,0.1952313780784607,-3.3856897354125977,13.490582466125488,-0.28191590309143066,39.677249908447266,-79.93191528320312,-286.5473327636719
1781548250085143,191030941,-0.7070674300193787,-0.6563423871994019,-0.11571473628282547,0.23639079928398132,-3.679476261138916,13.060998916625977,-0.6794016361236572,32.492095947265625,-93.39959716796875,-305.7745666503906
1781548250113196,191047608,-0.6962692141532898,-0.6472342014312744,-0.13476695120334625,0.2795264720916748,-4.387969017028809,12.498876571655273,-0.6145188808441162,4.3619160652160645,-107.5111312866211,-321.8132019042969
1781548250143516,191064275,-0.6865358352661133,-0.6324144005775452,-0.15404656529426575,0.324022114276886,-4.836480617523193,11.456339836120605,-0.4171130061149597,-26.912334442138672,-124.45316314697266,-332.6041259765625
1781548250144769,191080942,-0.6763954162597656,-0.6136447787284851,-0.1741253137588501,0.3682521879673004,-5.400402069091797,10.073610305786133,-0.16988900303840637,-45.861297607421875,-127.90232849121094,-339.93231201171875
1781548250171917,191097609,-0.6655895113945007,-0.5917107462882996,-0.19301773607730865,0.41184142231941223,-5.168387413024902,8.339727401733398,0.009890168905258179,-55.541282653808594,-137.93807983398438,-337.4257507324219
1781548250173704,191114276,-0.6525676250457764,-0.5684304237365723,-0.21045474708080292,0.45469918847084045,-4.913461685180664,6.577427387237549,-0.17279161512851715,-49.5364875793457,-142.5009765625,-336.2229309082031
1781548250204478,191130943,-0.6377678513526917,-0.5436340570449829,-0.2254680097103119,0.4968685805797577,-4.987181186676025,5.470980644226074,0.6098724603652954,-42.8099250793457,-152.85984802246094,-331.4132995605469
1781548250206487,191147610,-0.6230464577674866,-0.5163478255271912,-0.24004113674163818,0.5362634658813477,-4.95517635345459,4.542240142822266,0.9913925528526306,-56.82444381713867,-153.04798889160156,-321.1865539550781
1781548250231487,191164277,-0.6076948642730713,-0.4886992573738098,-0.2534281611442566,0.5724109411239624,-4.430078983306885,3.764694929122925,1.3152446746826172,-57.124935150146484,-146.89169311523438,-305.97027587890625
1781548250233640,191180944,-0.5924575924873352,-0.4611678421497345,-0.26604151725769043,0.6045993566513062,-3.744079828262329,2.77488374710083,1.6765329837799072,-60.87252426147461,-136.55035400390625,-286.1546936035156
1781548250264888,191197611,-0.5775485038757324,-0.4338815212249756,-0.27800559997558594,0.6331647634506226,-3.4948997497558594,1.5616580247879028,1.926216959953308,-64.84185791015625,-127.28170013427734,-267.50982666015625
1781548250293536,191214278,-0.563919723033905,-0.40605148673057556,-0.29015544056892395,0.6579716205596924,-3.6796226501464844,0.06993398815393448,2.4732022285461426,-78.81404876708984,-120.14147186279297,-248.5914306640625
1781548250294993,191230945,-0.5540618300437927,-0.3747504651546478,-0.305230051279068,0.6777995228767395,-3.4935061931610107,-1.3503320217132568,3.7430014610290527,-125.97471618652344,-118.12458801269531,-227.31106567382812
1781548250321500,191247612,-0.5443814396858215,-0.34640955924987793,-0.31652653217315674,0.6953131556510925,-2.545459747314453,-2.9241693019866943,3.7611098289489746,-102.39054107666016,-113.12080383300781,-201.69927978515625
1781548250323333,191264279,-0.5317608714103699,-0.3271418809890747,-0.3170037567615509,0.7139447927474976,-1.6742072105407715,-3.831700325012207,4.250736236572266,-7.250307559967041,-106.49317932128906,-174.40069580078125
1781548250351486,191280946,-0.5162850022315979,-0.3167699873447418,-0.3066781759262085,0.7342038154602051,-1.9099808931350708,-3.6208057403564453,5.232406139373779,88.28727722167969,-99.75365447998047,-150.6700897216797
1781548250355114,191297613,-0.5021993517875671,-0.3117072582244873,-0.2921135425567627,0.7518671154975891,-2.620898962020874,-2.7499797344207764,5.467898845672607,120.03565979003906,-85.27035522460938,-113.99762725830078
1781548250381858,191314280,-0.49345582723617554,-0.30616140365600586,-0.2816738784313202,0.7638235092163086,-2.746779203414917,-1.946808099746704,6.724693298339844,74.12528991699219,-72.01280975341797,-76.47418975830078
1781548250383515,191330947,-0.49188318848609924,-0.29835453629493713,-0.2821066081523895,0.7677573561668396,-1.8491138219833374,-2.249145746231079,7.61977481842041,-21.27814292907715,-43.98994064331055,-38.85636901855469
1781548250412444,191347614,-0.49497097730636597,-0.29279160499572754,-0.288187712430954,0.7656532526016235,-0.8786107897758484,-3.329817295074463,7.825075149536133,-64.77470397949219,-9.687765121459961,-1.0672460794448853
1781548250442802,191364281,-0.4993487000465393,-0.29566770792007446,-0.290610671043396,0.7607741355895996,-1.168332576751709,-3.5167596340179443,7.984696388244629,-24.892444610595703,25.328716278076172,39.2573356628418
1781548250471906,191380948,-0.5044735670089722,-0.3074136972427368,-0.2863965332508087,0.7543078064918518,-1.8624942302703857,-2.7224209308624268,7.877776145935059,35.590003967285156,50.68241882324219,79.83670806884766
1781548250473456,191397615,-0.5128120183944702,-0.3207356035709381,-0.2834136188030243,0.7441970109939575,-2.531724452972412,-1.8914905786514282,8.501076698303223,20.704051971435547,64.51182556152344,109.65143585205078
1781548250476580,191414282,-0.5259585976600647,-0.3321778178215027,-0.28437650203704834,0.7294900417327881,-3.219832181930542,-2.094256639480591,7.217397689819336,-25.67356300354004,69.58448028564453,138.10203552246094
1781548250501951,191430949,-0.5390865206718445,-0.34881940484046936,-0.28058016300201416,0.7134323120117188,-3.397751569747925,-1.969862937927246,5.66098690032959,14.407442092895508,81.58397674560547,163.9387969970703
1781548250503260,191447616,-0.5495895743370056,-0.3727756142616272,-0.27144062519073486,0.6966418623924255,-3.7780869007110596,-0.5549803376197815,6.060691833496094,72.6248550415039,104.49272155761719,180.7174072265625
1781548250531375,191464283,-0.560360312461853,-0.3978599011898041,-0.2638433277606964,0.6768240928649902,-4.96699333190918,1.1990400552749634,6.206728935241699,63.166831970214844,122.99468994140625,191.59896850585938
1781548250533369,191480950,-0.5737767219543457,-0.42010724544525146,-0.26019424200057983,0.6531379818916321,-5.994572162628174,2.293950080871582,5.777338981628418,19.605457305908203,130.79324340820312,202.86956787109375
1781548250563558,191497617,-0.5906671285629272,-0.4387819170951843,-0.25819939374923706,0.6260319948196411,-6.114236831665039,2.7556819915771484,5.439899444580078,-18.07505989074707,124.94261932373047,220.7986602783203
1781548250592628,191514284,-0.609682023525238,-0.45629242062568665,-0.2536868155002594,0.5964294672012329,-5.32752799987793,2.3718345165252686,4.334066867828369,-22.804609298706055,113.47037506103516,245.62100219726562
1781548250593394,191530951,-0.626832902431488,-0.47659337520599365,-0.24531438946723938,0.5654733777046204,-4.951785087585449,2.0180342197418213,3.169842004776001,8.219523429870605,116.23584747314453,260.63812255859375
1781548250622182,191547618,-0.6398683190345764,-0.500881552696228,-0.2339238077402115,0.5338219404220581,-5.998277187347412,2.8105156421661377,3.3849825859069824,49.4688835144043,127.95550537109375,264.2568664550781
1781548250623685,191564285,-0.650307834148407,-0.5262070894241333,-0.2186519056558609,0.5023915767669678,-6.913242340087891,4.100935935974121,3.35387921333313,77.5880355834961,118.09835815429688,268.7952575683594
1781548250652021,191580952,-0.6590390801429749,-0.5524423718452454,-0.20039284229278564,0.46938028931617737,-5.947171211242676,5.5121541023254395,2.5193521976470947,95.79150390625,116.17333984375,282.1517639160156
1781548250652924,191597619,-0.6658174395561218,-0.5803251266479492,-0.1804894506931305,0.432820588350296,-3.7633941173553467,6.807891845703125,1.6380012035369873,111.10838317871094,130.21742248535156,300.4646301269531
1781548250681978,191614286,-0.6708892583847046,-0.6078459024429321,-0.16323500871658325,0.3921554684638977,-3.2203972339630127,8.136686325073242,0.48928308486938477,103.28644561767578,159.77835083007812,303.1654052734375
1781548250711614,191630953,-0.677495539188385,-0.6297184824943542,-0.1488945186138153,0.3496926426887512,-4.853108882904053,9.803993225097656,0.07906720042228699,60.926307678222656,163.77191162109375,297.0581359863281
1781548250714132,191647620,-0.6855572462081909,-0.644518256187439,-0.13377094268798828,0.31098729372024536,-5.550784587860107,10.38962173461914,-0.013692796230316162,27.394014358520508,125.3279037475586,279.1681823730469
1781548250741994,191664287,-0.6936385035514832,-0.6557956337928772,-0.11905272305011749,0.2731747031211853,-3.668956756591797,10.478169441223145,0.07341668754816055,10.654047966003418,115.72148895263672,269.95208740234375
1781548250744176,191680954,-0.701913595199585,-0.6650272607803345,-0.1063230112195015,0.2318437695503235,-2.4419467449188232,10.486544609069824,-0.3224761188030243,-6.594693660736084,137.0740203857422,276.46173095703125
1781548250772927,191697621,-0.705645740032196,-0.6756541132926941,-0.09503062814474106,0.19111531972885132,-3.522064685821533,11.38748836517334,-1.6739237308502197,19.068967819213867,146.79534912109375,260.7459411621094
1781548250774313,191714288,-0.7041565179824829,-0.687666118144989,-0.0803026333451271,0.1575774848461151,-4.165146827697754,13.111493110656738,-0.8332789540290833,59.262813568115234,101.92814636230469,235.83717346191406
1781548250802547,191730955,-0.70493483543396,-0.6939331293106079,-0.06576810032129288,0.13114260137081146,-2.399251699447632,12.61057186126709,-1.6573081016540527,24.427814483642578,61.78532409667969,199.79168701171875
1781548250803890,191747622,-0.7066594958305359,-0.6976708173751831,-0.0522071048617363,0.10565099865198135,-0.4339589476585388,12.609383583068848,-1.8661584854125977,7.197864532470703,59.29011917114258,190.27780151367188
1781548250831639,191764289,-0.7086274027824402,-0.6997289657592773,-0.041483063250780106,0.08065997809171677,0.12222055345773697,13.209397315979004,-1.4607839584350586,-4.015286445617676,69.36170196533203,173.8011016845703
1781548250835206,191780956,-0.7093642950057983,-0.7014524936676025,-0.03468902409076691,0.05969472974538803,-2.1740832328796387,14.452889442443848,-2.3694183826446533,-0.7567881941795349,69.30130004882812,134.4867401123047
1781548250862346,191797623,-0.7106395363807678,-0.7016443610191345,-0.027327775955200195,0.044045403599739075,-4.506714344024658,15.888246536254883,-1.6313352584838867,-9.327491760253906,40.13439178466797,111.14642333984375
1781548250892993,191814290,-0.7179157137870789,-0.6950868368148804,-0.018976936116814613,0.0330360010266304,-3.2007315158843994,14.811800003051758,-1.3734521865844727,-70.08793640136719,9.74209213256836,93.80396270751953
1781548250893454,191830957,-0.7250667810440063,-0.6881364583969116,-0.011460976675152779,0.02480422519147396,-0.8841626644134521,12.51303768157959,-1.027214527130127,-71.25968170166016,0.5154176354408264,76.02680969238281
1781548250922201,191847624,-0.7259542346000671,-0.6874489784240723,-0.006678449455648661,0.01897806115448475,-0.07981719076633453,11.613435745239258,-0.5151069760322571,-10.681479454040527,4.3213324546813965,50.5255012512207
1781548250923200,191864291,-0.7220146059989929,-0.6916795969009399,-0.005490392912179232,0.015628015622496605,-1.3793278932571411,12.711027145385742,-0.4346250891685486,36.323551177978516,11.42188549041748,20.772518157958984
1781548250951573,191880958,-0.7192150950431824,-0.6946347951889038,-0.004235963802784681,0.013943418860435486,-3.4788923263549805,14.211654663085938,-0.23665203154087067,24.63805389404297,2.991154909133911,12.896994590759277
1781548250953954,191897625,-0.72213214635849,-0.6916170716285706,-0.00029343587812036276,0.013825071044266224,-3.1925106048583984,13.689667701721191,0.05668339878320694,-31.896953582763672,-18.52067756652832,18.370811462402344
1781548250982342,191914292,-0.7279983162879944,-0.6854114532470703,0.004602614790201187,0.014442462474107742,-1.286517858505249,11.871891021728516,0.6342694163322449,-61.6583251953125,-27.062938690185547,19.53239631652832
1781548250983760,191930959,-0.7320393323898315,-0.6810427308082581,0.008092546835541725,0.015290113165974617,-0.3909614682197571,10.514836311340332,1.1841617822647095,-44.00978088378906,-20.98453140258789,11.51633358001709
1781548251011923,191947626,-0.73372483253479,-0.6791718602180481,0.01021460723131895,0.016410667449235916,-0.863673985004425,10.080954551696777,1.2759785652160645,-20.566572189331055,-15.246391296386719,3.351628065109253
1781548251044224,191964293,-0.7346741557121277,-0.6780703663825989,0.012211819179356098,0.018043896183371544,-1.5251038074493408,10.350373268127441,1.346805214881897,-13.296609878540039,-16.975662231445312,0.04685210809111595
1781548251045001,191980960,-0.7369097471237183,-0.6755292415618896,0.015261063352227211,0.01978747360408306,-1.1502186059951782,10.434052467346191,0.9661182761192322,-26.4427433013916,-22.874958038330078,4.677648067474365
1781548251072062,191997627,-0.7410136461257935,-0.6708939075469971,0.01900610327720642,0.020948484539985657,-0.573332667350769,10.541830062866211,1.3675503730773926,-45.57415771484375,-23.783811569213867,11.337117195129395
1781548251073590,192014294,-0.7473002672195435,-0.6637493968009949,0.023110302165150642,0.021100228652358055,-0.3720051944255829,10.164519309997559,1.5949689149856567,-68.2428970336914,-21.0343074798584,18.77936553955078
1781548251102091,192030961,-0.7539273500442505,-0.656073808670044,0.0276567954570055,0.019901158288121223,-0.23108448088169098,9.32796859741211,1.7400766611099243,-72.2456283569336,-17.16629409790039,27.872879028320312
1781548251103449,192047628,-0.759549617767334,-0.6494043469429016,0.0323832668364048,0.017602672800421715,0.01896064728498459,8.707887649536133,1.734290361404419,-62.262508392333984,-13.192192077636719,34.055419921875
1781548251132471,192064295,-0.7633880972862244,-0.6447098851203918,0.037101056426763535,0.014551833271980286,0.2384943813085556,8.842497825622559,1.5888291597366333,-43.81671905517578,-9.94604206085205,37.2901611328125
1781548251133264,192080962,-0.7658949494361877,-0.6415181159973145,0.04139699414372444,0.012072766199707985,0.9752551317214966,10.07859992980957,1.3387030363082886,-30.213970184326172,-10.456114768981934,31.902645111083984
1781548251161708,192097629,-0.7683070302009583,-0.6384646892547607,0.04408671334385872,0.011119614355266094,1.7002959251403809,11.935784339904785,1.6626282930374146,-29.63698959350586,-8.744214057922363,16.734224319458008
1781548251192447,192114296,-0.7731890082359314,-0.6324865221977234,0.044610146433115005,0.012231229804456234,2.534074068069458,12.539424896240234,2.001457691192627,-56.72141647338867,-5.838954925537109,-2.608977794647217
1781548251193177,192130963,-0.7840100526809692,-0.6190502643585205,0.044181641191244125,0.012370764277875423,1.7267738580703735,10.244671821594238,2.2371532917022705,-121.9826431274414,4.645087718963623,1.2021760940551758
1781548251222662,192147630,-0.7950443029403687,-0.6048668622970581,0.04357963055372238,0.01190644595772028,0.01790212094783783,7.414677619934082,2.53615665435791,-126.74943542480469,8.152813911437988,3.9614663124084473
1781548251224053,192164297,-0.7969090938568115,-0.6023982763290405,0.04378131031990051,0.011644754558801651,0.030932245776057243,6.536303997039795,2.711951732635498,-24.567636489868164,1.1281713247299194,1.9360487461090088
1781548251252456,192180964,-0.7897375822067261,-0.6118074059486389,0.043295301496982574,0.011488113552331924,0.8697844743728638,8.277486801147461,2.6035866737365723,77.85322570800781,2.6920101642608643,-5.785764694213867
1781548251254961,192197631,-0.7822844386100769,-0.6213950514793396,0.04212576523423195,0.011181013658642769,1.057340145111084,10.944722175598145,2.382561683654785,79.99919128417969,6.964015483856201,-7.920820236206055
1781548251282013,192214298,-0.7810068130493164,-0.6230936050415039,0.04085928574204445,0.010652058757841587,0.5626249313354492,11.955595970153809,2.1581034660339355,11.237587928771973,9.617661476135254,-4.382413387298584
1781548251283864,192230965,-0.7847552299499512,-0.6184537410736084,0.039667628705501556,0.010038360022008419,0.27034232020378113,10.884727478027344,2.010763645172119,-44.30184555053711,10.52582836151123,-1.458116054534912
1781548251311993,192247632,-0.7886803150177002,-0.6135258078575134,0.03847724571824074,0.009433462284505367,0.37038663029670715,9.297127723693848,1.9234238862991333,-46.60971450805664,10.510403633117676,-1.4087610244750977
1781548251341493,192264299,-0.7893421053886414,-0.6127720475196838,0.03705361858010292,0.00874584075063467,0.4892682135105133,8.642314910888672,1.9542880058288574,-10.204354286193848,11.531559944152832,-3.259462594985962
1781548251343223,192280966,-0.7866700291633606,-0.6162901520729065,0.03569184988737106,0.007944103330373764,0.5669689774513245,8.912854194641113,1.93229079246521,27.05719757080078,11.084190368652344,-3.6684279441833496
1781548251371512,192297633,-0.7832517623901367,-0.620716392993927,0.0342886857688427,0.007224399130791426,0.5623995065689087,9.542547225952148,1.982458233833313,35.107669830322266,10.827058792114258,-4.551360130310059
1781548251373193,192314300,-0.7810549139976501,-0.6235613822937012,0.032827068120241165,0.006853627040982246,0.32237356901168823,9.988629341125488,2.256533145904541,21.293642044067383,9.861939430236816,-6.246757984161377
1781548251401393,192330967,-0.7804127931594849,-0.6244319677352905,0.03151113912463188,0.006911111995577812,0.11825930327177048,10.240710258483887,2.4839653968811035,3.935988426208496,7.501764297485352,-7.402470111846924
1781548251404738,192347634,-0.7810391187667847,-0.6236920356750488,0.030564941465854645,0.007231082767248154,0.16756108403205872,10.241829872131348,2.647266149520874,-10.190326690673828,4.589062213897705,-6.81363582611084
1781548251431507,192364301,-0.7832252979278564,-0.6209810972213745,0.02965214103460312,0.007850243709981441,0.2727799415588379,9.953516960144043,2.8434576988220215,-27.52371597290039,3.356201648712158,-7.784681797027588
1781548251433486,192380968,-0.7854799628257751,-0.6181667447090149,0.02851485274732113,0.008856600150465965,0.2991369068622589,9.770082473754883,2.9742159843444824,-28.462421417236328,2.9204397201538086,-10.8031005859375
1781548251464067,192397635,-0.7872025966644287,-0.6160072684288025,0.027301160618662834,0.010097086429595947,0.43703508377075195,9.658001899719238,3.0510950088500977,-22.714303970336914,2.2735869884490967,-12.552826881408691
1781548251491924,192414302,-0.7887347340583801,-0.6140760779380798,0.026040757074952126,0.011409308761358261,0.5144714713096619,9.295159339904785,2.9651641845703125,-20.68688201904297,2.2029592990875244,-13.195242881774902
1781548251493359,192430969,-0.7893275022506714,-0.6133379936218262,0.0248506311327219,0.012702442705631256,0.3395285904407501,9.042113304138184,2.9597771167755127,-10.24074935913086,1.8279865980148315,-13.08273696899414
1781548251521582,192447636,-0.787619948387146,-0.6155247092247009,0.024063650518655777,0.014332139864563942,0.2147669643163681,9.253466606140137,2.8810698986053467,15.311723709106445,-1.9166524410247803,-13.910008430480957
1781548251523782,192464303,-0.785356342792511,-0.6183859705924988,0.02350383810698986,0.016181988641619682,0.2885631322860718,9.689751625061035,2.8595073223114014,21.304494857788086,-4.103842735290527,-14.307312965393066
1781548251553364,192480970,-0.7840451598167419,-0.6200154423713684,0.022865157574415207,0.01820104755461216,0.382301390171051,9.959338188171387,2.645979642868042,10.569393157958984,-4.380481243133545,-15.2515869140625
1781548251555736,192497637,-0.7832369208335876,-0.621006965637207,0.021954143419861794,0.020212160423398018,0.22329945862293243,10.051177024841309,2.403167724609375,4.953891754150391,-2.8790245056152344,-16.20700454711914
1781548251582362,192514304,-0.7828882336616516,-0.6214099526405334,0.021094877272844315,0.022154904901981354,-0.21364042162895203,10.208003044128418,2.296442747116089,-0.159592866897583,-2.8786134719848633,-15.465384483337402
1781548251584359,192530971,-0.782950222492218,-0.6212766170501709,0.020638054236769676,0.024053113535046577,-0.41043710708618164,10.324962615966797,2.2137413024902344,-4.733306884765625,-4.876187801361084,-13.365254402160645
1781548251612437,192547638,-0.7837607264518738,-0.6201896667480469,0.02051839977502823,0.02574794739484787,-0.0983441099524498,10.14271354675293,2.2484962940216064,-12.980018615722656,-5.874394416809082,-10.570194244384766
1781548251641656,192564305,-0.7849170565605164,-0.618672251701355,0.020163467153906822,0.027267618104815483,0.12990859150886536,9.716594696044922,2.232271194458008,-16.791900634765625,-3.8867712020874023,-10.507227897644043
1781548251644076,192580972,-0.7851020097732544,-0.6183819770812988,0.019775113090872765,0.028769344091415405,0.066004179418087,9.471631050109863,2.2917191982269287,-6.041272163391113,-3.5347986221313477,-10.905203819274902
1781548251671801,192597639,-0.7845040559768677,-0.619081974029541,0.01936548389494419,0.030262595042586327,-0.1455150842666626,9.640755653381348,2.3244104385375977,2.629112958908081,-3.294114828109741,-11.239716529846191
1781548251673840,192614306,-0.7838325500488281,-0.61986243724823,0.019103968515992165,0.03181340917944908,-0.17090384662151337,10.003708839416504,2.389660358428955,3.3996713161468506,-4.330929756164551,-10.94563102722168
1781548251701648,192630973,-0.7838330268859863,-0.6198026537895203,0.01870385743677616,0.033177491277456284,-0.17451632022857666,10.131707191467285,2.3429322242736816,-3.998617649078369,-2.8837733268737793,-10.272361755371094
1781548251702936,192647640,-0.7843966484069824,-0.6190316081047058,0.01840166561305523,0.03439954295754433,-0.10682588815689087,10.088815689086914,2.4370288848876953,-10.191120147705078,-2.8957738876342773,-8.869568824768066
1781548251732410,192664307,-0.7853661179542542,-0.6177552938461304,0.018055561929941177,0.035389892756938934,0.04549027979373932,9.842020034790039,2.429241895675659,-14.624890327453613,-1.7412936687469482,-7.64698600769043
1781548251733798,192680974,-0.7861796617507935,-0.616672694683075,0.017706159502267838,0.036371100693941116,0.06551370024681091,9.735438346862793,2.5635271072387695,-12.915983200073242,-1.6565412282943726,-7.674148082733154
1781548251761831,192697641,-0.7868422269821167,-0.6157708764076233,0.01754648983478546,0.037389133125543594,-0.181989386677742,9.733046531677246,2.69878888130188,-11.255353927612305,-2.8111748695373535,-7.128992080688477
1781548251792654,192714308,-0.7872089147567749,-0.6152291893959045,0.017629224807024002,0.03853187710046768,-0.6322765946388245,9.956355094909668,2.6712024211883545,-8.006558418273926,-4.593332767486572,-6.896914482116699
1781548251794160,192730975,-0.7868585586547852,-0.6155763268470764,0.01830623298883438,0.03980173543095589,-0.6102929711341858,10.368792533874512,2.6295077800750732,-0.020182814449071884,-8.19873046875,-5.367809295654297
1781548251823742,192747642,-0.7874569892883301,-0.6147054433822632,0.019342297688126564,0.04092167317867279,-0.22719110548496246,10.331477165222168,2.4962387084960938,-10.507759094238281,-9.721076965332031,-2.6233699321746826
1781548251825131,192764309,-0.7892621159553528,-0.6122978329658508,0.020343657582998276,0.041748590767383575,-0.00989873893558979,9.81153392791748,2.3226523399353027,-23.89910888671875,-8.567070007324219,-0.6398707628250122
1781548251851381,192780976,-0.790374755859375,-0.6107895374298096,0.021234143525362015,0.04234744980931282,-0.05694231018424034,9.610970497131348,2.3835103511810303,-16.10384750366211,-6.843425750732422,-0.1939779818058014
1781548251853601,192797643,-0.7905909419059753,-0.6104447245597839,0.02214345708489418,0.04281396418809891,-0.10540799051523209,9.626233100891113,2.3913538455963135,-5.992950439453125,-6.182612419128418,0.17302022874355316
1781548251882008,192814310,-0.790755569934845,-0.6101828813552856,0.022844620048999786,0.04314035549759865,-0.24350705742835999,9.771705627441406,2.299877882003784,-5.365567207336426,-4.4461870193481445,0.03295715153217316
1781548251883784,192830977,-0.7905587553977966,-0.6103977560997009,0.023697109892964363,0.04324343800544739,-0.020681697875261307,10.047225952148438,2.393113136291504,-1.1778385639190674,-4.247520923614502,1.700024127960205
1781548251912126,192847644,-0.7913941740989685,-0.6093148589134216,0.024099580943584442,0.04301570728421211,0.2797550559043884,9.9832763671875,2.415316343307495,-12.644970893859863,-0.6307643055915833,2.1274240016937256
1781548251943151,192864311,-0.7932027578353882,-0.6070027947425842,0.02375425212085247,0.04257800802588463,0.08288301527500153,9.606042861938477,2.50075101852417,-23.596670150756836,4.115911960601807,0.6277109384536743
1781548251944448,192880978,-0.7939038872718811,-0.6061275005340576,0.023308411240577698,0.042224664241075516,-0.4032900929450989,9.333008766174316,2.48315167427063,-11.182175636291504,4.551052093505859,-0.8112441897392273
1781548251973650,192897645,-0.7929760813713074,-0.6073683500289917,0.023193547502160072,0.041889406740665436,-0.4528285562992096,9.565922737121582,2.558133602142334,7.249439239501953,3.0227537155151367,-0.34175029397010803
1781548251974375,192914312,-0.7918634414672852,-0.6088489294052124,0.023214126005768776,0.04143061488866806,-0.10977215319871902,9.941513061523438,2.503748655319214,9.386307716369629,2.839789628982544,0.8065505027770996
1781548252002151,192930979,-0.7916474938392639,-0.6091868877410889,0.02296389266848564,0.04072348400950432,0.13057778775691986,10.066873550415039,2.505282163619995,-0.6257182955741882,5.171159267425537,1.4627478122711182
1781548252003019,192947646,-0.7923694252967834,-0.6083248257637024,0.022420493885874748,0.039862796664237976,0.10568220168352127,9.969507217407227,2.61375093460083,-11.14384937286377,7.22184419631958,1.522067666053772
1781548252032442,192964313,-0.7933503985404968,-0.6071295142173767,0.02180599980056286,0.03890598565340042,-0.06247686967253685,9.668111801147461,2.68613600730896,-14.047093391418457,7.960608005523682,1.8702603578567505
1781548252033701,192980980,-0.7938911318778992,-0.6065009236335754,0.021337956190109253,0.03792516887187958,-0.23517876863479614,9.521920204162598,2.761232614517212,-9.07615852355957,7.347781181335449,2.4097654819488525
1781548252061813,192997647,-0.7935867309570312,-0.606963038444519,0.021040312945842743,0.03706119582056999,-0.26557815074920654,9.679354667663574,2.801396608352661,0.4295058250427246,6.089861869812012,2.1023995876312256
1781548252092371,193014314,-0.7930831909179688,-0.6076794862747192,0.020857809111475945,0.03619109466671944,-0.20698532462120056,9.994536399841309,2.8314452171325684,2.678544044494629,5.523974418640137,2.5292603969573975
1781548252093566,193030981,-0.7934708595275879,-0.6072326898574829,0.02068694308400154,0.03528103604912758,-0.20007680356502533,9.970087051391602,2.808737277984619,-7.379123210906982,5.465552806854248,3.184882402420044
1781548252122160,193047648,-0.7943449020385742,-0.6061397790908813,0.02060086280107498,0.034446220844984055,-0.18040955066680908,9.626826286315918,2.7132489681243896,-12.924484252929688,4.600677967071533,3.338252544403076
1781548252123569,193064315,-0.794457733631134,-0.6060266494750977,0.020734602585434914,0.033744484186172485,-0.10075254738330841,9.56690788269043,2.7433738708496094,-4.367426872253418,2.9702346324920654,3.2089321613311768
1781548252151999,193080982,-0.7940501570701599,-0.6065862774848938,0.021049849689006805,0.033081986010074615,-0.022122230380773544,9.879134178161621,2.715876817703247,1.5130126476287842,1.8968957662582397,3.534379482269287
1781548252153396,193097649,-0.7941108345985413,-0.6065394878387451,0.0213880967348814,0.03225935623049736,-0.02242664434015751,10.141596794128418,2.7043728828430176,-3.722870111465454,2.3689377307891846,4.69857931137085
1781548252181976,193114316,-0.795127809047699,-0.6052436828613281,0.021753793582320213,0.03128308802843094,-0.010672993026673794,10.031941413879395,2.7655935287475586,-14.501770973205566,2.723330497741699,6.047491073608398
1781548252183820,193130983,-0.7966310381889343,-0.6033041477203369,0.022098476067185402,0.030248748138546944,-0.000372236012481153,9.606467247009277,2.771087169647217,-20.040279388427734,3.0145490169525146,6.478544235229492
1781548252211976,193147650,-0.7972992658615112,-0.6024544835090637,0.022490035742521286,0.02926851063966751,-0.05166871100664139,9.368218421936035,2.7985877990722656,-10.605071067810059,2.63277530670166,6.037242412567139
1781548252241920,193164317,-0.7970146536827087,-0.6028529405593872,0.022990824654698372,0.02841337025165558,-0.1320895254611969,9.542150497436523,2.9009830951690674,0.18605706095695496,1.6195231676101685,5.419679641723633
1781548252244115,193180984,-0.7968649864196777,-0.6030598282814026,0.023594681173563004,0.027719154953956604,-0.14117036759853363,9.802360534667969,2.9111154079437256,-1.4278697967529297,0.37153148651123047,5.022004127502441
1781548252272468,193197651,-0.7974480986595154,-0.6022862195968628,0.024314450100064278,0.027144713327288628,-0.03958096727728844,9.849393844604492,2.9154772758483887,-9.834922790527344,-0.828097403049469,5.145586967468262
1781548252273524,193214318,-0.7985411286354065,-0.600827157497406,0.02504660189151764,0.02667795680463314,0.11483695358037949,9.707708358764648,2.8831686973571777,-15.720220565795898,-1.384559988975525,4.816428184509277
1781548252301543,193230985,-0.7995972633361816,-0.5994057059288025,0.025778837502002716,0.026318596675992012,0.22326546907424927,9.566370010375977,2.8310976028442383,-15.380054473876953,-1.828594446182251,4.213656902313232
1781548252303418,193247652,-0.800304651260376,-0.5984469056129456,0.026473237201571465,0.02594786323606968,0.23649416863918304,9.584296226501465,2.8274612426757812,-11.403446197509766,-1.5512850284576416,3.974907159805298
1781548252332783,193264319,-0.8007855415344238,-0.5977928042411804,0.027150416746735573,0.025484910234808922,0.17351119220256805,9.729911804199219,2.866776466369629,-8.781341552734375,-1.0639902353286743,4.315273284912109
1781548252334287,193280986,-0.8013739585876465,-0.5970008969306946,0.027760302647948265,0.024885814636945724,0.10963860154151917,9.817193031311035,2.9548799991607666,-9.968647003173828,-0.13828302919864655,4.832753658294678
1781548252362149,193297653,-0.8021126389503479,-0.5960128307342529,0.028303474187850952,0.02415088377892971,0.05468636006116867,9.690834999084473,2.9349496364593506,-11.651505470275879,0.7820010185241699,5.3705058097839355
1781548252393102,193314320,-0.8024998903274536,-0.5954906344413757,0.02891000173985958,0.023431142792105675,0.0746597945690155,9.594581604003906,2.9575140476226807,-7.635147571563721,0.37916409969329834,5.397717475891113
1781548252396641,193330987,-0.8026817440986633,-0.5952401161193848,0.029558371752500534,0.022754909470677376,0.18251076340675354,9.572726249694824,2.948547840118408,-5.296310901641846,-0.026445120573043823,5.242300033569336
1781548252422689,193347654,-0.8027533292770386,-0.5951370000839233,0.030191611498594284,0.02208048850297928,0.23380491137504578,9.710084915161133,2.9223697185516357,-4.034961223602295,0.050040822476148605,5.123200416564941
1781548252423894,193364321,-0.8031022548675537,-0.594660222530365,0.030796917155385017,0.02139836736023426,0.179010272026062,9.770512580871582,2.91081166267395,-7.235090732574463,0.23657816648483276,5.170929908752441
1781548252452184,193380988,-0.8038974404335022,-0.5935772061347961,0.03138652816414833,0.02074127271771431,0.21176056563854218,9.736196517944336,2.919361114501953,-12.41459846496582,0.2256416231393814,5.162672519683838
1781548252454060,193397655,-0.8048377633094788,-0.5922996401786804,0.031865816563367844,0.020051786676049232,0.2740790545940399,9.526799201965332,2.9098827838897705,-14.091285705566406,0.9712662696838379,4.954441070556641
1781548252481853,193414322,-0.805432140827179,-0.591494619846344,0.032224249094724655,0.019364308565855026,0.3347269296646118,9.398327827453613,2.9200515747070312,-10.083903312683105,1.621470332145691,4.299868583679199
1781548252511776,193430989,-0.8056581020355225,-0.5911978483200073,0.03237864747643471,0.018756791949272156,0.30036595463752747,9.410463333129883,2.946336030960083,-5.816658973693848,2.411583662033081,2.865607500076294
1781548252513972,193447656,-0.8056151270866394,-0.5912655591964722,0.032500009983778,0.018255488947033882,0.24043111503124237,9.484986305236816,3.0182292461395264,-2.7329649925231934,2.150205612182617,2.0272645950317383
1781548252542105,193464323,-0.8055583238601685,-0.5913506746292114,0.03258960694074631,0.017842981964349747,0.26492902636528015,9.530423164367676,3.0172064304351807,-2.6034538745880127,1.9641289710998535,1.400726318359375
1781548252543891,193480990,-0.8052440285682678,-0.5917826294898987,0.03273358568549156,0.01743358001112938,0.3802103102207184,9.642874717712402,3.0439107418060303,0.36995625495910645,1.6355822086334229,1.4955703020095825
1781548252571804,193497657,-0.8050850033760071,-0.5920102596282959,0.03278438374400139,0.01695157401263714,0.45913270115852356,9.802633285522461,3.0613529682159424,-1.387887954711914,2.4573142528533936,1.5830376148223877
1781548252573262,193514324,-0.8056203722953796,-0.5912987589836121,0.032744400203228,0.016418728977441788,0.4555543065071106,9.744121551513672,3.0664963722229004,-9.411402702331543,3.213684320449829,1.7871716022491455
1781548252601449,193530991,-0.8062843084335327,-0.5904138684272766,0.03266720473766327,0.015811722725629807,0.349604070186615,9.54124927520752,3.0732147693634033,-10.881969451904297,3.730292558670044,2.100043773651123
1781548252603443,193547658,-0.8063152432441711,-0.5903911590576172,0.03263266384601593,0.015142510645091534,0.27285394072532654,9.54315185546875,3.1012802124023438,-3.5141777992248535,3.6983911991119385,2.3553762435913086
1781548252631674,193564325,-0.8063147664070129,-0.5904085040092468,0.03262138366699219,0.014497536234557629,0.313829243183136,9.487921714782715,3.109954833984375,-3.1680479049682617,3.4684014320373535,2.303727865219116
1781548252634297,193580992,-0.8065019249916077,-0.5901714563369751,0.0324820838868618,0.014052378945052624,0.23771220445632935,9.392744064331055,3.1297833919525146,-5.397211074829102,3.3833932876586914,0.7521746158599854
1781548252662302,193597659,-0.8061641454696655,-0.5906373262405396,0.03247721120715141,0.013877350836992264,0.21878603100776672,9.38179874420166,3.110018014907837,0.5832204222679138,1.492753028869629,-0.40754929184913635
1781548252691905,193614326,-0.8054507374763489,-0.5916035771369934,0.03258204832673073,0.013892862014472485,0.2874809205532074,9.61496353149414,3.0986175537109375,4.850052356719971,0.07455216348171234,-1.1654289960861206
1781548252693785,193630993,-0.8051466941833496,-0.5920065641403198,0.03275105729699135,0.01394973136484623,0.39919301867485046,9.8767671585083,3.151991367340088,0.06326977163553238,-0.4116472601890564,-0.9680959582328796
1781548252721538,193647660,-0.805718719959259,-0.5912190675735474,0.03288974612951279,0.013993233442306519,0.4605526626110077,9.816781997680664,3.1218841075897217,-10.092918395996094,-0.10622870922088623,-0.6653926372528076
1781548252723499,193664327,-0.8067141771316528,-0.5898559093475342,0.03294660523533821,0.014038708060979843,0.38648805022239685,9.570520401000977,3.0920395851135254,-15.010499954223633,0.37974050641059875,-0.8380097150802612
1781548252753238,193680994,-0.8073398470878601,-0.588992178440094,0.03300260752439499,0.014194849878549576,0.28013861179351807,9.290433883666992,3.103266954421997,-10.766853332519531,-0.09981273114681244,-1.6043801307678223
1781548252754803,193697661,-0.8072121739387512,-0.5891574621200562,0.03305605798959732,0.014476983807981014,0.23300564289093018,9.32247257232666,3.11753249168396,-2.0321757793426514,-0.6665320992469788,-2.6207938194274902
1781548252782089,193714328,-0.8064050674438477,-0.5902432799339294,0.033251795917749405,0.014772655442357063,0.3794046640396118,9.60720443725586,3.1412487030029297,5.8395490646362305,-1.574041485786438,-2.396247625350952
1781548252784739,193730995,-0.8060001134872437,-0.5907856225967407,0.03334587812423706,0.01498430036008358,0.4531382918357849,9.796452522277832,3.064274311065674,1.2032780647277832,-0.6334404349327087,-2.177834987640381
1781548252812869,193747662,-0.8060979843139648,-0.5906411409378052,0.033451374620199203,0.015180601738393307,0.39187243580818176,9.897466659545898,3.0916290283203125,-4.640444755554199,-0.5890152454376221,-1.837134838104248
1781548252843436,193764329,-0.8066175580024719,-0.5899149775505066,0.03366643190383911,0.015331086702644825,0.36922216415405273,9.77578353881836,3.078648567199707,-9.555384635925293,-0.9738336801528931,-0.9606174826622009
1781548252845269,193780996,-0.8070525527000427,-0.5893070697784424,0.033880557864904404,0.015347813256084919,0.3341429829597473,9.670997619628906,3.0186729431152344,-8.525124549865723,-0.4334053695201874,-0.2588804066181183
1781548252872651,193797663,-0.8072705268859863,-0.5889965891838074,0.03411862999200821,0.01528147328644991,0.295247346162796,9.553808212280273,3.0697829723358154,-5.973381519317627,-0.24977508187294006,0.20696985721588135
1781548252874148,193814330,-0.8074276447296143,-0.5887741446495056,0.03425372391939163,0.015247729606926441,0.3181951344013214,9.436006546020508,3.0464670658111572,-5.257314205169678,0.18562164902687073,-0.4176022410392761
1781548252901924,193830997,-0.8070944547653198,-0.589224100112915,0.03437227010726929,0.015244798734784126,0.362531840801239,9.396829605102539,3.054811477661133,0.4514046013355255,0.10736203193664551,-0.865350604057312
1781548252903654,193847664,-0.8065712451934814,-0.5899381637573242,0.03439602628350258,0.015257999300956726,0.3234308362007141,9.55664348602295,3.05358624458313,2.6735754013061523,0.5508075952529907,-1.4212231636047363
1781548252931662,193864331,-0.8060968518257141,-0.5905812382698059,0.034465447068214417,0.015295668505132198,0.3660987913608551,9.773037910461426,3.071046829223633,2.0804364681243896,0.2024235725402832,-1.349686861038208
1781548252933895,193880998,-0.8062146902084351,-0.5904169082641602,0.03451557084918022,0.015314387157559395,0.44809749722480774,9.77104663848877,3.0852553844451904,-4.79715633392334,0.441518098115921,-1.0692150592803955
1781548252963040,193897665,-0.8067282438278198,-0.5897176861763,0.03446204587817192,0.01532937865704298,0.41869309544563293,9.613116264343262,3.049229621887207,-9.378169059753418,1.0689654350280762,-1.3009716272354126
1781548252992828,193914332,-0.806960940361023,-0.5894031524658203,0.03438982367515564,0.015347342938184738,0.3246115744113922,9.48658561706543,3.072545289993286,-6.108066558837891,1.1347005367279053,-1.5140695571899414
1781548252994426,193930999,-0.8068215847015381,-0.5895959138870239,0.034330710768699646,0.015397594310343266,0.24140183627605438,9.505242347717285,3.093331813812256,-1.7926713228225708,0.8971552848815918,-1.7987288236618042
1781548253021984,193947666,-0.8063694834709167,-0.5902140736579895,0.03432856500148773,0.015408063307404518,0.32225295901298523,9.615897178649902,3.081556558609009,1.851113200187683,0.7125516533851624,-1.4805805683135986
1781548253023626,193964333,-0.8060556650161743,-0.5906464457511902,0.034273773431777954,0.015384136699140072,0.36764776706695557,9.620499610900879,3.0195255279541016,0.2618706226348877,1.1575082540512085,-1.444825291633606
1781548253051499,193981000,-0.8059692978858948,-0.5907669067382812,0.03420180827379227,0.015438654460012913,0.3162921965122223,9.646604537963867,3.048680067062378,-2.4110896587371826,0.9549245834350586,-1.8517340421676636
1781548253053581,193997667,-0.8058021664619446,-0.5909909009933472,0.034228093922138214,0.015535031445324421,0.3489162027835846,9.71431827545166,3.051405191421509,-1.5087544918060303,0.2325056940317154,-1.7172036170959473
1781548253081554,194014334,-0.805635392665863,-0.5912140607833862,0.03430798277258873,0.01551336981356144,0.38929685950279236,9.828228950500488,3.019246816635132,-1.4815025329589844,0.41462478041648865,-0.8452702760696411
1781548253083256,194031001,-0.805630624294281,-0.5912175178527832,0.03446844965219498,0.015273313038051128,0.3744758069515228,9.981943130493164,3.0434529781341553,-3.296495199203491,0.8710558414459229,0.7612158060073853
1781548253111638,194047668,-0.8060611486434937,-0.5906295776367188,0.03466415032744408,0.014858229085803032,0.4559411406517029,9.8555326461792,3.0513927936553955,-8.297749519348145,1.428324580192566,2.0597290992736816
1781548253144676,194064335,-0.8067490458488464,-0.5896973013877869,0.034758735448122025,0.0143171651288867,0.4597228765487671,9.551727294921875,3.0614442825317383,-11.231315612792969,2.5269436836242676,2.4555740356445312
1781548253146144,194081002,-0.8068817853927612,-0.5895247459411621,0.03482213616371155,0.013774503022432327,0.36472287774086,9.28465461730957,3.0489096641540527,-4.769571304321289,2.6475398540496826,2.101425886154175
1781548253172706,194097669,-0.8061348795890808,-0.5905482769012451,0.034946687519550323,0.013353553600609303,0.3051627278327942,9.414511680603027,3.103616714477539,5.408844947814941,1.7179526090621948,1.3045763969421387
1781548253174139,194114336,-0.8051888942718506,-0.5918285846710205,0.035207394510507584,0.013042358681559563,0.41368237137794495,9.74427604675293,3.084571361541748,7.626253128051758,0.49308934807777405,1.1693416833877563
1781548253201944,194131003,-0.8050643801689148,-0.5919928550720215,0.03543197736144066,0.012666694819927216,0.49021515250205994,9.971553802490234,3.0979204177856445,-1.8828791379928589,1.0547757148742676,1.7232544422149658
1781548253203994,194147670,-0.805823028087616,-0.5909579396247864,0.035624243319034576,0.012211608700454235,0.41710594296455383,9.883153915405273,3.091630458831787,-12.09769058227539,1.6671892404556274,2.400212049484253
1781548253232237,194164337,-0.8069322109222412,-0.589435338973999,0.035869382321834564,0.01182361226528883,0.36344870924949646,9.531709671020508,3.0981836318969727,-16.23666000366211,1.1470465660095215,2.3926186561584473
1781548253234096,194181004,-0.8075926303863525,-0.5885208249092102,0.03612296283245087,0.011517242528498173,0.313516229391098,9.280740737915039,3.0652129650115967,-11.062999725341797,0.7076727747917175,1.7873893976211548
1781548253291594,194197671,-0.8071700930595398,-0.5890900492668152,0.03636816516518593,0.011263101361691952,0.36322909593582153,9.362310409545898,3.052265167236328,1.5440678596496582,0.3910354673862457,1.009697437286377
1781548253294117,194214338,-0.8063594102859497,-0.5901932716369629,0.036552634090185165,0.010972438380122185,0.5015614628791809,9.586565017700195,3.0150768756866455,6.084392547607422,0.8204196691513062,0.8030285239219666
1781548253295658,194231005,-0.8059442639350891,-0.5907636284828186,0.036589138209819794,0.010649822652339935,0.5937800407409668,9.719172477722168,2.9952597618103027,1.521221399307251,1.82976496219635,0.5435335636138916
1781548253321894,194247672,-0.8060445785522461,-0.5906386971473694,0.036488719284534454,0.010331330820918083,0.5510045886039734,9.633317947387695,2.999589204788208,-4.436209201812744,2.6504085063934326,0.1769389510154724
1781548253323807,194264339,-0.8064042925834656,-0.5901650786399841,0.036258939653635025,0.010135304182767868,0.40591126680374146,9.479734420776367,3.0697343349456787,-7.461953639984131,2.910109043121338,-0.9215706586837769
1781548253351468,194281006,-0.8061729669570923,-0.590498685836792,0.036009278148412704,0.009992352686822414,0.3506004810333252,9.429213523864746,3.0209219455718994,-0.6031789779663086,2.7136971950531006,-1.538733959197998
1781548253354058,194297673,-0.8054698705673218,-0.5914719104766846,0.03578190132975578,0.00995330885052681,0.3701781630516052,9.51198673248291,3.044008731842041,4.833456039428711,2.0957913398742676,-2.214538097381592
1781548253382503,194314340,-0.805266797542572,-0.5917673707008362,0.03544294834136963,0.010036488063633442,0.4168846011161804,9.434885025024414,3.0676181316375732,-0.9912756085395813,2.292829751968384,-3.143972158432007
1781548253384004,194331007,-0.8052883148193359,-0.5917592644691467,0.03497886657714844,0.010409250855445862,0.314291775226593,9.179474830627441,3.0321946144104004,-3.664102077484131,1.8423537015914917,-5.1664018630981445
1781548253413288,194347674,-0.8049800992012024,-0.5921968817710876,0.03437818959355354,0.011320080608129501,0.17681364715099335,9.000500679016113,3.0434792041778564,0.005858905613422394,0.3609534502029419,-8.83187484741211
1781548253441785,194364341,-0.803817868232727,-0.5937714576721191,0.033898092806339264,0.012789145112037659,0.272128701210022,9.224231719970703,2.978590250015259,9.653902053833008,-2.6926655769348145,-11.765050888061523
1781548253443831,194381008,-0.8025503158569336,-0.5954734683036804,0.03343888744711876,0.014361677691340446,0.420335978269577,9.814363479614258,2.9718167781829834,10.766057968139648,-3.244119882583618,-12.290353775024414
1781548253472895,194397675,-0.8021630644798279,-0.5959842205047607,0.03305581957101822,0.015641430392861366,0.4802609980106354,10.378508567810059,3.0031635761260986,0.6633883714675903,-2.3804452419281006,-10.002171516418457
1781548253474776,194414342,-0.8032005429267883,-0.5945801734924316,0.032689169049263,0.01658286154270172,0.4016672968864441,10.443814277648926,3.0645875930786133,-15.656754493713379,-0.9663554430007935,-7.480965614318848
1781548253501556,194431009,-0.8050280213356018,-0.5921005606651306,0.03242530673742294,0.017187150195240974,0.2942526936531067,9.943991661071777,3.0521438121795654,-24.73942756652832,-0.10124722123146057,-4.867576599121094
1781548253503408,194447676,-0.805805504322052,-0.5910330414772034,0.032392051070928574,0.017559310421347618,0.24547472596168518,9.502938270568848,3.021028995513916,-12.569646835327148,-0.49971696734428406,-3.0825035572052
1781548253532163,194464343,-0.8048101663589478,-0.5923740267753601,0.03259590268135071,0.017639005556702614,0.33353152871131897,9.620344161987305,2.954028844833374,8.071556091308594,-0.7286046743392944,-1.2487090826034546
1781548253533986,194481010,-0.8034824728965759,-0.5941652655601501,0.032827384769916534,0.017488934099674225,0.484176903963089,9.941094398498535,2.947772979736328,11.971552848815918,0.03389202058315277,-0.006262307520955801
1781548253562031,194497677,-0.803297758102417,-0.5944207310676575,0.032865799963474274,0.017223887145519257,0.5069968700408936,9.890386581420898,2.953446388244629,-1.1792470216751099,1.643253207206726,0.3239046037197113
1781548253591653,194514344,-0.8036513328552246,-0.5939581990242004,0.03272363916039467,0.0169529989361763,0.3685193657875061,9.570219993591309,2.9467074871063232,-7.365406513214111,2.701659917831421,-0.15633994340896606
1781548253593188,194531011,-0.8034985661506653,-0.5941786766052246,0.03258209675550461,0.0167421605437994,0.28414085507392883,9.391854286193848,2.959700107574463,-1.5370436906814575,2.4189980030059814,-0.6982918977737427
1781548253623968,194547678,-0.802975058555603,-0.5948993563652039,0.032397083938121796,0.016623305156826973,0.29661330580711365,9.425211906433105,2.983377456665039,2.715388059616089,2.257561206817627,-1.5386189222335815
1781548253626653,194564345,-0.802396833896637,-0.5956941843032837,0.03216675668954849,0.01653706654906273,0.26177752017974854,9.609646797180176,2.965419054031372,3.3359453678131104,2.370103120803833,-1.9266386032104492
1781548253681810,194581012,-0.8019968867301941,-0.5962429642677307,0.031974613666534424,0.016529519110918045,0.24884189665317535,9.732391357421875,2.9747860431671143,1.235742449760437,1.8493973016738892,-2.129683256149292
1781548253683750,194597679,-0.8020367622375488,-0.5961968898773193,0.0317920483648777,0.016599787399172783,0.22837723791599274,9.707612037658691,2.9835739135742188,-3.863497495651245,1.5065457820892334,-2.338273525238037
1781548253685258,194614346,-0.8020544648170471,-0.5961739420890808,0.03168390318751335,0.016771923750638962,0.19449210166931152,9.63888931274414,2.9845521450042725,-3.6583011150360107,0.6751444339752197,-2.602468252182007
1781548253712415,194631013,-0.8020567297935486,-0.5961666703224182,0.0316239595413208,0.01704191416501999,0.1741802990436554,9.580499649047852,2.948840856552124,-3.5247175693511963,0.007280411664396524,-2.9493284225463867
1781548253714482,194647680,-0.8019352555274963,-0.596320390701294,0.031591255217790604,0.017440738156437874,0.19203872978687286,9.605138778686523,2.90586519241333,-2.1548731327056885,-0.6787877082824707,-3.5972139835357666
1781548253742894,194664347,-0.801772952079773,-0.5965237021446228,0.031625572592020035,0.01787467487156391,0.29584476351737976,9.652873992919922,2.87221622467041,-1.7131949663162231,-1.195114016532898,-3.531440496444702
1781548253744876,194681014,-0.8018019795417786,-0.5964733958244324,0.03158316761255264,0.018323155120015144,0.34651419520378113,9.693312644958496,2.8485140800476074,-3.9089975357055664,-0.8217962384223938,-3.847578287124634
1781548253772512,194697681,-0.8018515706062317,-0.5963999629020691,0.03149523213505745,0.018698791041970253,0.3347437381744385,9.737249374389648,2.863408088684082,-4.110146999359131,-0.2698169946670532,-3.6251959800720215
1781548253773745,194714348,-0.8019671440124512,-0.5962413549423218,0.031387653201818466,0.018970279023051262,0.2886287569999695,9.798299789428711,2.901700973510742,-4.831605434417725,0.2682354152202606,-3.1048099994659424
1781548253801965,194731015,-0.8021242022514343,-0.5960296392440796,0.0313243567943573,0.019089005887508392,0.2926122546195984,9.796727180480957,2.866356134414673,-5.255521774291992,0.6522595286369324,-2.063948392868042
1781548253804394,194747682,-0.8020479679107666,-0.5961335897445679,0.03134554997086525,0.019010474905371666,0.3063558042049408,9.841083526611328,2.944899320602417,-2.5054728984832764,0.9860697388648987,-0.72856605052948
1781548253832145,194764349,-0.8018432259559631,-0.5964133739471436,0.03144298121333122,0.018707573413848877,0.36387550830841064,9.877198219299316,2.956942081451416,-0.9508072733879089,1.4804713726043701,0.7664535045623779
1781548253833602,194781016,-0.8017405271530151,-0.5965597033500671,0.03157160058617592,0.018218252807855606,0.3401114344596863,9.847134590148926,2.9576258659362793,-2.060861587524414,2.077913522720337,1.9639114141464233
1781548253862421,194797683,-0.8018449544906616,-0.5964282155036926,0.0316954031586647,0.017702091485261917,0.24717672169208527,9.739553451538086,2.9787521362304688,-4.4365553855896,2.2257375717163086,2.1785459518432617
1781548253891714,194814350,-0.8018046617507935,-0.5964880585670471,0.03188464418053627,0.017171958461403847,0.28475797176361084,9.584625244140625,2.9651176929473877,-2.777069568634033,1.913313388824463,2.464524269104004
1781548253893772,194831017,-0.8016740083694458,-0.5966678857803345,0.03206726536154747,0.016673864796757698,0.3287414014339447,9.480940818786621,2.9310450553894043,-1.753048300743103,1.812591314315796,2.2237136363983154
1781548253951484,194847684,-0.8014342188835144,-0.5969944000244141,0.03218727186322212,0.01627872884273529,0.30958420038223267,9.526796340942383,2.9309327602386475,-0.5263922214508057,1.7275062799453735,1.354482889175415
1781548253952803,194864351,-0.801359236240387,-0.5970965027809143,0.03227103501558304,0.016059869900345802,0.25083619356155396,9.605541229248047,2.921204090118408,-2.4819860458374023,1.2151626348495483,0.3024924099445343
1781548253954139,194881018,-0.8014724254608154,-0.5969417691230774,0.03235406056046486,0.01599365659058094,0.23216195404529572,9.624870300292969,2.9195008277893066,-4.703426837921143,0.6049911975860596,-0.46385881304740906
1781548253982152,194897685,-0.8016891479492188,-0.5966483354568481,0.03239770978689194,0.01599520817399025,0.3069656491279602,9.579614639282227,2.8651459217071533,-5.911808967590332,0.5529718399047852,-0.9562117457389832
1781548253983821,194914352,-0.8018366694450378,-0.596450924873352,0.032362669706344604,0.016025567427277565,0.350220263004303,9.580253601074219,2.8429067134857178,-5.11440896987915,0.8626679182052612,-1.4665706157684326
1781548253985426,194931019,-0.801823079586029,-0.59647536277771,0.03225018456578255,0.01603114977478981,0.2809029519557953,9.668400764465332,2.827066421508789,-3.2340261936187744,1.380608081817627,-1.7145785093307495
1781548254011945,194947686,-0.8016945123672485,-0.5966549515724182,0.03214762359857559,0.015986604616045952,0.2733891010284424,9.732192993164062,2.814406633377075,-1.8954296112060547,1.522796630859375,-1.4443385601043701
1781548254043783,194964353,-0.8017703890800476,-0.5965607762336731,0.03204411640763283,0.015898345038294792,0.23699109256267548,9.705657005310059,2.8325228691101074,-4.2334089279174805,1.721833348274231,-1.12425696849823
1781548254046488,194981020,-0.8017436265945435,-0.5966050028800964,0.031933266669511795,0.015813680365681648,0.2512187957763672,9.68691635131836,2.8767802715301514,-3.0515356063842773,1.7397874593734741,-1.2158093452453613
1781548254072019,194997687,-0.8015413880348206,-0.596883237361908,0.0318664126098156,0.01570671610534191,0.2999107837677002,9.70984172821045,2.8846824169158936,-1.0322046279907227,1.576135277748108,-0.9823495149612427
1781548254073557,195014354,-0.8014702796936035,-0.5969876646995544,0.031775347888469696,0.01554046105593443,0.3418160378932953,9.797000885009766,2.927031993865967,-2.5184712409973145,1.9633095264434814,-0.7025947570800781
1781548254101545,195031021,-0.8015959858894348,-0.5968256592750549,0.03176545724272728,0.015300394035875797,0.4136054813861847,9.748634338378906,2.955554723739624,-4.769738674163818,1.8328770399093628,0.1162368506193161
1781548254103967,195047688,-0.8018174767494202,-0.5965397357940674,0.03169496729969978,0.014988334849476814,0.3627315163612366,9.688379287719727,2.990490674972534,-5.835355281829834,2.470684766769409,0.3014935553073883
1781548254131538,195064355,-0.8018698692321777,-0.5964744091033936,0.03173746168613434,0.014696248807013035,0.29004621505737305,9.653278350830078,3.0018579959869385,-3.919563055038452,1.7516590356826782,0.5892650485038757
1781548254133887,195081022,-0.8017963767051697,-0.5965736508369446,0.03184167668223381,0.014443645253777504,0.2603127658367157,9.66335678100586,2.989732503890991,-2.497814178466797,1.2388670444488525,0.5762792825698853
1781548254161926,195097689,-0.8017013072967529,-0.5966938734054565,0.03209778293967247,0.014193423092365265,0.28075775504112244,9.749307632446289,3.019411325454712,-2.2787489891052246,0.3898957073688507,1.179970622062683
1781548254192681,195114356,-0.8018069267272949,-0.5965418815612793,0.03238827362656593,0.013955207541584969,0.3482532799243927,9.760826110839844,2.975426197052002,-4.601873397827148,0.16665546596050262,1.3339033126831055
1781548254193953,195131023,-0.8021575808525085,-0.596059262752533,0.03269225358963013,0.013712584041059017,0.38401785492897034,9.721729278564453,2.982551336288452,-7.42717170715332,0.13488291203975677,1.5112584829330444
1781548254222938,195147690,-0.8025854825973511,-0.5954720973968506,0.03297646716237068,0.013493367470800877,0.3549979329109192,9.59844970703125,2.943228244781494,-8.327253341674805,0.15461747348308563,1.331738829612732
1781548254224521,195164357,-0.8030104041099548,-0.5948877334594727,0.033232737332582474,0.01336601935327053,0.35827529430389404,9.43612003326416,2.915696620941162,-8.322924613952637,-0.06782244145870209,0.7095295190811157
1781548254251526,195181024,-0.8031355142593384,-0.5947121381759644,0.03337640315294266,0.013302372768521309,0.3652923107147217,9.400222778320312,2.8646557331085205,-4.864850997924805,0.262318879365921,-0.22361168265342712
1781548254253943,195197691,-0.8027979731559753,-0.5951655507087708,0.0334341898560524,0.013250432908535004,0.3405296802520752,9.64006519317627,2.8535330295562744,0.4893498718738556,0.6407209038734436,-0.8259839415550232
1781548254282726,195214358,-0.8029162883758545,-0.595008134841919,0.033416133373975754,0.013198381289839745,0.42524224519729614,9.75516414642334,2.870189666748047,-4.754203796386719,1.1084600687026978,-0.9536376595497131
1781548254284153,195231025,-0.8036085367202759,-0.5940850377082825,0.0332215279340744,0.013143114745616913,0.4379636347293854,9.619444847106934,2.8389720916748047,-11.34463882446289,2.158287286758423,-1.4303290843963623
1781548254312450,195247692,-0.8039616942405701,-0.5936223864555359,0.03297044336795807,0.01308530941605568,0.29128220677375793,9.54178524017334,2.8827943801879883,-7.420435428619385,2.445840358734131,-1.7829899787902832
1781548254343179,195264359,-0.8038406372070312,-0.5937989950180054,0.03276144713163376,0.013040604069828987,0.22037741541862488,9.671168327331543,2.9102249145507812,-1.9514057636260986,2.1086997985839844,-1.8710460662841797
1781548254344929,195281026,-0.8037823438644409,-0.5938865542411804,0.032653726637363434,0.012912902049720287,0.3115496039390564,9.793956756591797,2.916442394256592,-2.672211170196533,1.8947443962097168,-0.9723989963531494
1781548254374587,195297693,-0.8040145635604858,-0.59358811378479,0.03244251757860184,0.012694990262389183,0.40545138716697693,9.703530311584473,2.9303057193756104,-5.981142044067383,2.865453004837036,-0.7838895320892334
1781548254374946,195314360,-0.8041110038757324,-0.5934751629829407,0.032214730978012085,0.012452581897377968,0.3767383396625519,9.650424003601074,2.961268424987793,-4.3965229988098145,3.0426290035247803,-0.7694696187973022
1781548254401626,195331027,-0.8039282560348511,-0.5937386751174927,0.03203868493437767,0.012139755301177502,0.3794964849948883,9.742992401123047,2.974987506866455,-1.1573097705841064,3.014774799346924,-0.2760792672634125
1781548254404892,195347694,-0.8035940527915955,-0.5942002534866333,0.032037653028964996,0.011682000011205673,0.4670325517654419,9.891599655151367,3.0783119201660156,0.6023530960083008,2.62223482131958,1.1829802989959717
1781548254432087,195364361,-0.803862452507019,-0.5938481688499451,0.03203985467553139,0.011091591790318489,0.5113052725791931,9.869635581970215,3.1146254539489746,-6.325826168060303,3.214311122894287,2.15677547454834
1781548254433520,195381028,-0.8042363524436951,-0.593349277973175,0.032141733914613724,0.010371368378400803,0.4254797101020813,9.77131175994873,3.09897780418396,-7.530967712402344,3.203681707382202,3.3210389614105225
1781548254461753,195397695,-0.8041117191314697,-0.5935125946998596,0.03248811140656471,0.009585315361618996,0.3797745406627655,9.79262638092041,3.2063262462615967,-1.8041714429855347,2.0586142539978027,4.500682830810547
1781548254491682,195414362,-0.8043181896209717,-0.5932176113128662,0.03300037607550621,0.008741105906665325,0.42880263924598694,9.75432300567627,3.2217071056365967,-5.664044380187988,1.4227665662765503,5.623582363128662
1781548254493742,195431029,-0.8047789335250854,-0.5925702452659607,0.03360658884048462,0.007879468612372875,0.45917636156082153,9.583532333374023,3.232694387435913,-8.64002513885498,1.0102614164352417,6.198244571685791
1781548254521656,195447696,-0.8050032258033752,-0.5922387838363647,0.03423465043306351,0.007154140621423721,0.40806612372398376,9.513093948364258,3.1270627975463867,-5.9582061767578125,0.2960764169692993,5.446918964385986
1781548254522972,195464363,-0.8051762580871582,-0.5919649004936218,0.03501474857330322,0.006552211940288544,0.37402549386024475,9.63097858428955,3.1117796897888184,-5.4521894454956055,-1.0566905736923218,5.367327690124512
1781548254552031,195481030,-0.8059547543525696,-0.5908562541007996,0.03590291365981102,0.006075668148696423,0.412015438079834,9.683576583862305,3.1002588272094727,-12.562217712402344,-2.057328701019287,5.341538906097412
1781548254553295,195497697,-0.8072299957275391,-0.58906090259552,0.03680087625980377,0.00573045015335083,0.46941128373146057,9.495071411132812,3.034085750579834,-18.417024612426758,-2.5520780086517334,4.843937397003174
1781548254582596,195514364,-0.8083454966545105,-0.5874836444854736,0.03755073994398117,0.005538079887628555,0.3812844455242157,9.335741996765137,3.0154216289520264,-16.60457420349121,-2.3799984455108643,3.33441162109375
1781548254584730,195531031,-0.8089713454246521,-0.5865758061408997,0.038254495710134506,0.005576566327363253,0.36291828751564026,9.332958221435547,2.9956867694854736,-10.967696189880371,-3.157752752304077,1.6743733882904053
1781548254613062,195547698,-0.8095057606697083,-0.5857948660850525,0.03887675330042839,0.005799809470772743,0.417449951171875,9.303772926330566,2.957695245742798,-9.94536304473877,-3.4681906700134277,0.2816052734851837
1781548254642287,195564365,-0.8095408082008362,-0.5857089161872864,0.03939300775527954,0.00608149915933609,0.5458834171295166,9.494359970092773,2.9296581745147705,-4.085789203643799,-3.220233917236328,-0.6759960651397705
1781548254643902,195581032,-0.8094618916511536,-0.5857929587364197,0.03974028304219246,0.006246865727007389,0.7111210823059082,9.742391586303711,2.9737911224365234,-2.6573941707611084,-1.8352394104003906,-0.7596854567527771
1781548254672234,195597699,-0.8101226091384888,-0.5848732590675354,0.03981456533074379,0.006289186421781778,0.7292831540107727,9.726784706115723,3.0121874809265137,-11.201476097106934,0.33879852294921875,-0.8689752221107483
1781548254673910,195614366,-0.8110226392745972,-0.5836306214332581,0.03973982483148575,0.006208785343915224,0.607944130897522,9.522740364074707,3.083425998687744,-13.9351224899292,1.7143677473068237,-0.6862798929214478
1781548254701570,195631033,-0.8113629817962646,-0.5831669569015503,0.03962544724345207,0.006046658381819725,0.44999921321868896,9.425758361816406,3.1489694118499756,-7.3259124755859375,2.1430084705352783,-0.626358687877655
1781548254702904,195647700,-0.8111359477043152,-0.5834869146347046,0.03959742933511734,0.0058210003189742565,0.40697431564331055,9.548611640930176,3.240217685699463,-0.6587969660758972,1.7957894802093506,-0.16191066801548004
1781548254731518,195664367,-0.8109503388404846,-0.5837461352348328,0.03960821405053139,0.005619940347969532,0.4656265676021576,9.642850875854492,3.2294251918792725,-1.1681182384490967,1.487822413444519,-0.12548941373825073
1781548254733767,195681034,-0.8110840320587158,-0.5835579037666321,0.03965868055820465,0.005495279096066952,0.533536970615387,9.646219253540039,3.252723455429077,-4.964715003967285,1.0295729637145996,-0.2576637864112854
1781548254762308,195697701,-0.8112239837646484,-0.5833542346954346,0.0398109145462513,0.005365232937037945,0.6307867169380188,9.7023286819458,3.2869296073913574,-5.070469856262207,0.48493170738220215,0.18546798825263977
1781548254793656,195714368,-0.8114107847213745,-0.583081841468811,0.04002761468291283,0.0051021031104028225,0.7282264828681946,9.800749778747559,3.3574018478393555,-5.602816581726074,0.6686643958091736,1.2066975831985474
1781548254794110,195731035,-0.8120659589767456,-0.5821533799171448,0.04030519351363182,0.004667783156037331,0.7943601012229919,9.762102127075195,3.361564874649048,-11.090980529785156,1.1220351457595825,2.6025776863098145
1781548254822193,195747702,-0.8129320740699768,-0.5809333920478821,0.040512267500162125,0.0040757423266768456,0.6772172451019287,9.571295738220215,3.383718729019165,-13.521428108215332,2.195836067199707,3.288039207458496
1781548254823681,195764369,-0.8133822083473206,-0.580289363861084,0.04076395928859711,0.0034655011259019375,0.4914540946483612,9.442999839782715,3.4107141494750977,-8.633991241455078,1.920779824256897,3.395841121673584
1781548254851653,195781036,-0.8135004639625549,-0.5800962448120117,0.04119444265961647,0.002938259160146117,0.5402740240097046,9.388507843017578,3.425901174545288,-4.807363510131836,0.5063567161560059,3.510918617248535
1781548254853134,195797703,-0.8134981393814087,-0.58006751537323,0.04166968911886215,0.0025072607677429914,0.7617492079734802,9.383699417114258,3.3489997386932373,-3.4326658248901367,-0.15900364518165588,3.102306604385376
1781548254882774,195814370,-0.8134487867355347,-0.580124020576477,0.04186640679836273,0.0021238012704998255,0.788283109664917,9.469243049621582,3.2958598136901855,-2.786994457244873,1.1978868246078491,1.700407862663269
1781548254884169,195831037,-0.8134409785270691,-0.5801264047622681,0.042001813650131226,0.0017921207472682,0.6562739014625549,9.626303672790527,3.2818922996520996,-3.2703194618225098,1.3457361459732056,1.1819300651550293
1781548254911973,195847704,-0.8137954473495483,-0.5796136856079102,0.04222748801112175,0.0014152000658214092,0.5781499147415161,9.677328109741211,3.274905204772949,-7.583422660827637,1.119691252708435,1.9484672546386719
1781548254941721,195864371,-0.8141766786575317,-0.5790492296218872,0.04263325408101082,0.0009596129530109465,0.6001119613647461,9.635003089904785,3.2266857624053955,-7.954333305358887,0.43243855237960815,3.1215806007385254
1781548254944066,195881038,-0.8144010901451111,-0.5786939263343811,0.043176714330911636,0.0004529259167611599,0.5980829000473022,9.612521171569824,3.3585877418518066,-6.143923282623291,-0.1799164116382599,3.893726110458374
1781548254973079,195897705,-0.8146913647651672,-0.5782374739646912,0.04381444305181503,-3.22297346428968e-05,0.5567502379417419,9.655628204345703,3.396007537841797,-6.978771209716797,-0.7742592692375183,4.17894983291626
1781548254973800,195914372,-0.8148559331893921,-0.5779381394386292,0.0446903333067894,-0.0005548519548028708,0.6618764996528625,9.69815731048584,3.3814239501953125,-5.587513446807861,-1.9973552227020264,5.288658142089844
1781548255002031,195931039,-0.815223753452301,-0.5773370862007141,0.04572543129324913,-0.0011736766900867224,0.77085942029953,9.781573295593262,3.4099295139312744,-8.056964874267578,-2.444617748260498,6.552249431610107
1781548255003296,195947706,-0.8162069916725159,-0.5758547186851501,0.0468427874147892,-0.0018354967469349504,0.840640664100647,9.64592170715332,3.4306859970092773,-15.425557136535645,-2.5329959392547607,7.391902446746826
1781548255032538,195964373,-0.8176813125610352,-0.5736745595932007,0.04784685745835304,-0.002426148857921362,0.7098925709724426,9.361896514892578,3.421034336090088,-21.307947158813477,-2.0127646923065186,6.762256622314453
1781548255033802,195981040,-0.8186694979667664,-0.5721696019172668,0.048934727907180786,-0.0028090737760066986,0.5711570978164673,9.167984008789062,3.3961288928985596,-15.663654327392578,-3.474839925765991,5.711157321929932
1781548255061839,195997707,-0.8189523816108704,-0.571661651134491,0.050105441361665726,-0.0030833659693598747,0.7654121518135071,9.235655784606934,3.357057571411133,-7.3156561851501465,-4.624438285827637,5.104747295379639
1781548255092300,196014374,-0.819362461566925,-0.5709866881370544,0.051074765622615814,-0.0032926760613918304,0.9452860951423645,9.317065238952637,3.3254826068878174,-8.774312973022461,-3.6983728408813477,4.002171516418457
1781548255093437,196031041,-0.8201087713241577,-0.5698539614677429,0.05173809826374054,-0.003374324645847082,0.8918982744216919,9.294031143188477,3.343740224838257,-12.711333274841309,-2.3479299545288086,2.234549045562744
1781548255123737,196047708,-0.8208053112030029,-0.5688090324401855,0.0521949864923954,-0.0033051895443350077,0.8332938551902771,9.200526237487793,3.32582426071167,-12.070439338684082,-1.794145107269287,0.545595645904541
1781548255125707,196064375,-0.8211394548416138,-0.5682985782623291,0.05250570923089981,-0.0031806763727217913,0.8483483791351318,9.21939468383789,3.3753678798675537,-7.653549671173096,-1.3277753591537476,-0.5219228863716125
1781548255151781,196081042,-0.8212581276893616,-0.5681121349334717,0.0526769794523716,-0.003026056569069624,0.8756269812583923,9.240838050842285,3.3888511657714844,-4.9914422035217285,-0.7434984445571899,-1.3491748571395874
1781548255153176,196097709,-0.821255624294281,-0.5681183934211731,0.0526486337184906,-0.0029887978453189135,0.8377475142478943,9.448151588439941,3.327174186706543,-3.383399248123169,0.7940641045570374,-1.5333937406539917
1781548255181613,196114376,-0.8192750215530396,-0.5709645748138428,0.05137254297733307,-0.01221325621008873,-0.9562471508979797,12.577834129333496,3.024083375930786,23.75615882873535,43.24181365966797,44.90206527709961
1781548255185346,196131043,-0.8342747092247009,-0.5483995079994202,0.05629676207900047,-0.008643832989037037,0.7036454677581787,8.54394245147705,5.042248249053955,-191.10641479492188,-33.782291412353516,4.7320170402526855
1781548255212133,196147710,-0.8425073027610779,-0.5357493758201599,0.05615094304084778,-0.0010439639445394278,4.501053333282471,4.246431350708008,2.7860465049743652,-109.95529174804688,-23.10288429260254,-40.940673828125
1781548255242020,196164377,-0.8274582028388977,-0.5592646598815918,0.05035854130983353,0.00020866880367975682,2.1538045406341553,7.615156650543213,3.618091583251953,187.81581115722656,23.745336532592773,-38.78169631958008
1781548255243790,196181044,-0.8167754411697388,-0.5748599171638489,0.04912514239549637,-0.0010698039550334215,-2.7601776123046875,11.522651672363281,4.539536476135254,126.83523559570312,9.041165351867676,-4.101903438568115
1781548255272041,196197711,-0.8194624185562134,-0.5708261728286743,0.0513683557510376,0.0005705306539312005,0.28398004174232483,11.01081371307373,3.2807369232177734,-37.25537872314453,-17.363746643066406,-0.2106528878211975
1781548255273657,196214378,-0.8200415968894958,-0.5699812173843384,0.051495958119630814,0.0012116326251998544,1.909002661705017,9.630513191223145,3.216749906539917,-10.673789978027344,-2.254443883895874,-4.016598224639893
1781548255301505,196231045,-0.8175663948059082,-0.5736256241798401,0.050375428050756454,0.0011266274377703667,1.5363013744354248,10.265100479125977,3.543499231338501,26.85284996032715,6.585102081298828,-6.431751251220703
1781548255303360,196247712,-0.8200197219848633,-0.5701561570167542,0.04989450424909592,0.0006774982903152704,0.7621432542800903,10.210755348205566,3.584420919418335,-32.442840576171875,6.0778584480285645,0.6380211710929871
1781548255331972,196264379,-0.8239335417747498,-0.5645025372505188,0.04970298707485199,0.0006001695874147117,0.8215801119804382,8.952844619750977,3.4407482147216797,-50.60826110839844,3.4807910919189453,0.4328520894050598
1781548255333142,196281046,-0.8244904279708862,-0.5637287497520447,0.0492468923330307,0.0006902633467689157,0.5655052065849304,8.536163330078125,3.6041927337646484,-9.99429702758789,3.202850341796875,-3.22373104095459
1781548255363195,196297713,-0.8226723074913025,-0.5663938522338867,0.04906988516449928,0.0008350452408194542,0.3389146625995636,9.142629623413086,3.75886607170105,18.688243865966797,0.6204492449760437,-3.62737774848938
1781548255392906,196314380,-0.82098788022995,-0.5688191056251526,0.0492229238152504,0.0009640159551054239,0.61841881275177,9.67751407623291,3.650726318359375,16.81792449951172,-1.1424044370651245,-2.170217275619507
1781548255395252,196331047,-0.8205897808074951,-0.5693759918212891,0.049421560019254684,0.001033348380587995,0.9709701538085938,9.817828178405762,3.5629773139953613,1.2631096839904785,-0.7436264157295227,-1.0138275623321533
1781548255424606,196347714,-0.820946216583252,-0.5688596963882446,0.04944905266165733,0.0009418727713637054,1.0395097732543945,9.766913414001465,3.5266127586364746,-7.692955017089844,1.100699543952942,-0.40656328201293945
1781548255427331,196364381,-0.8216730356216431,-0.5678117871284485,0.049425870180130005,0.0008024136768653989,0.9122359156608582,9.717260360717773,3.5555853843688965,-12.125890731811523,1.6967718601226807,-0.15152481198310852
1781548255453235,196381048,-0.8225730061531067,-0.5664961338043213,0.049554891884326935,0.0004894167650490999,0.8558739423751831,9.661483764648438,3.57792329788208,-14.25588607788086,1.572640061378479,1.5149731636047363
1781548255454388,196397715,-0.8233651518821716,-0.5653278231620789,0.04974386468529701,-7.85605952842161e-05,0.7875233292579651,9.464844703674316,3.6222496032714844,-12.915801048278809,2.189791440963745,3.1394596099853516
1781548255482158,196414382,-0.8240709900856018,-0.5642939805984497,0.049792565405368805,-0.0005059093818999827,0.6203883290290833,9.112878799438477,3.5695276260375977,-11.866612434387207,2.408292531967163,1.7527226209640503
1781548255483506,196431049,-0.8239004015922546,-0.5645304918289185,0.04993213340640068,-0.0006886150222271681,0.5867311358451843,8.90270709991455,3.521045684814453,-1.3530548810958862,0.6407849192619324,0.2880212068557739
1781548255512313,196447716,-0.8224401473999023,-0.5666357278823853,0.05015600845217705,-0.0008284470532089472,0.7074723839759827,9.270943641662598,3.5228476524353027,14.223505020141602,-0.4572638273239136,-0.2630682587623596
1781548255541651,196464383,-0.8211039304733276,-0.5685463547706604,0.05041910335421562,-0.0011363537050783634,0.9775883555412292,9.817154884338379,3.484203577041626,12.697508811950684,0.020803924649953842,0.9070805907249451
1781548255543177,196481050,-0.8215734958648682,-0.5678632259368896,0.05046018585562706,-0.0015745676355436444,1.04732084274292,9.830322265625,3.471810817718506,-8.957647323608398,2.4296789169311523,1.6595432758331299
1781548255572923,196497717,-0.8232962489128113,-0.5653796195983887,0.0502605065703392,-0.001792641938664019,0.811042308807373,9.347951889038086,3.494126081466675,-24.095130920410156,3.384411096572876,0.08680801838636398
1781548255574746,196514384,-0.8241270780563354,-0.5641771554946899,0.05015056952834129,-0.0019031437113881111,0.6648929119110107,9.026776313781738,3.5778884887695312,-13.415185928344727,2.133852958679199,-0.604997992515564
1781548255601591,196531051,-0.8235509395599365,-0.5650159120559692,0.050163593143224716,-0.00211313390173018,0.7238020300865173,9.231598854064941,3.6900858879089355,3.6415441036224365,1.3112231492996216,-0.24927562475204468
1781548255603586,196547718,-0.8228449821472168,-0.5660399198532104,0.05019564926624298,-0.00234536943025887,0.778694748878479,9.482617378234863,3.7073888778686523,5.201626777648926,1.242068886756897,-0.11094143241643906
1781548255633056,196564385,-0.8226941823959351,-0.5662539005279541,0.05024891719222069,-0.0024380809627473354,0.8510720729827881,9.471884727478027,3.696871519088745,-1.5892549753189087,0.7836524248123169,-0.5471767783164978
1781548255633871,196581052,-0.8226705193519592,-0.5662848353385925,0.05028797313570976,-0.002429303713142872,0.9023322463035583,9.311305046081543,3.649503707885742,-3.15463924407959,0.5163840055465698,-1.1151000261306763
1781548255661831,196597719,-0.8225465416908264,-0.5664674639701843,0.05026361346244812,-0.0023413922172039747,0.83175128698349,9.2880220413208,3.666234016418457,-1.9317480325698853,0.5304070115089417,-1.8601478338241577
1781548255692075,196614386,-0.8224563002586365,-0.566598117351532,0.05027739331126213,-0.0021032756194472313,0.7812245488166809,9.32872200012207,3.703622579574585,-2.409860134124756,-0.25808635354042053,-2.544032335281372
1781548255693702,196631053,-0.8225590586662292,-0.5664529204368591,0.05024968460202217,-0.001692657358944416,0.8001490831375122,9.27712631225586,3.6468544006347656,-4.779470920562744,-0.6253597736358643,-3.5885443687438965
1781548255722040,196647720,-0.8226465582847595,-0.5663354396820068,0.05015740916132927,-0.0011287289671599865,0.8126241564750671,9.257699012756348,3.610544443130493,-4.616010665893555,-0.862776517868042,-4.7161946296691895
1781548255723839,196664387,-0.822476327419281,-0.5666007399559021,0.04996360093355179,-0.0005133020458742976,0.8741940259933472,9.257909774780273,3.5482475757598877,-1.4646239280700684,-0.5806912183761597,-5.532420635223389
1781548255751734,196681054,-0.82205730676651,-0.5672363042831421,0.04964922368526459,3.1573232263326645e-05,0.8761783242225647,9.393659591674805,3.4817771911621094,1.6234164237976074,0.28871282935142517,-5.730112552642822
1781548255754437,196697721,-0.8215412497520447,-0.5680193305015564,0.0492333360016346,0.0004307733033783734,0.7404671907424927,9.551308631896973,3.4652724266052246,2.8850598335266113,1.3979861736297607,-5.353170394897461
1781548255782696,196714388,-0.8212544322013855,-0.5684617161750793,0.04890415817499161,0.000853559875395149,0.7355295419692993,9.540974617004395,3.545886993408203,0.05743008479475975,0.8919687271118164,-5.031397819519043
1781548255784594,196731055,-0.8212469220161438,-0.5685048699378967,0.04851904511451721,0.0013216269435361028,0.7434428334236145,9.33665657043457,3.4947738647460938,-3.3041675090789795,1.1224192380905151,-5.36965274810791
1781548255812061,196747722,-0.8206163644790649,-0.569443941116333,0.04815853759646416,0.001830199733376503,0.7904824018478394,9.36439323425293,3.5371994972229004,4.17657995223999,0.6258783936500549,-5.806463241577148
1781548255841597,196764389,-0.819785475730896,-0.5706748962402344,0.04771339148283005,0.0023688110522925854,0.8096147775650024,9.415849685668945,3.5463638305664062,6.596852779388428,0.922896146774292,-6.4066853523254395
1781548255843944,196781056,-0.8196752667427063,-0.5708719491958618,0.04720696806907654,0.003052044427022338,0.6350691318511963,9.385684967041016,3.574164628982544,-2.107567071914673,0.9192464351654053,-7.1115217208862305
1781548255872376,196797723,-0.8195688724517822,-0.5710494518280029,0.04683913290500641,0.0039439331740140915,0.5166628360748291,9.262959480285645,3.6153695583343506,-2.295973777770996,-0.6790184378623962,-7.736739635467529
1781548255874005,196814390,-0.8189005255699158,-0.5720219612121582,0.04655641317367554,0.005025962833315134,0.5310246348381042,9.30713939666748,3.545393466949463,4.331038951873779,-2.063910484313965,-8.744677543640137
1781548255901810,196831057,-0.8180830478668213,-0.5731972455978394,0.04631999507546425,0.006294505670666695,0.6604337692260742,9.56062126159668,3.5175554752349854,6.001666069030762,-3.1004693508148193,-9.682589530944824
1781548255903975,196847724,-0.8177348375320435,-0.5736950039863586,0.0461164228618145,0.007571781519800425,0.7953367829322815,9.714957237243652,3.4687588214874268,0.3404376804828644,-3.1982202529907227,-9.365530014038086
1781548255933122,196864391,-0.8179838061332703,-0.5733387470245361,0.045915666967630386,0.008788559585809708,0.8084486722946167,9.639669418334961,3.5017263889312744,-6.797651767730713,-2.8305118083953857,-8.713085174560547
1781548255934740,196881058,-0.8187180757522583,-0.5722940564155579,0.045608170330524445,0.01002556923776865,0.632713794708252,9.301848411560059,3.4970109462738037,-12.595120429992676,-2.1992111206054688,-9.001296043395996
1781548255962460,196897725,-0.8190506100654602,-0.5718213319778442,0.04523369297385216,0.011427929624915123,0.36723458766937256,9.061513900756836,3.453566074371338,-7.851552486419678,-2.5593888759613037,-10.402758598327637
1781548255991727,196914392,-0.8178523182868958,-0.5735177993774414,0.04504358395934105,0.012902799993753433,0.32579943537712097,9.343513488769531,3.3640284538269043,10.374642372131348,-4.187231063842773,-10.880385398864746
1781548255993563,196931059,-0.8162408471107483,-0.575770914554596,0.0451224148273468,0.014243886806070805,0.6411499977111816,9.92823600769043,3.414137840270996,15.198921203613281,-5.250762939453125,-9.276174545288086
1781548256021787,196947726,-0.8162226676940918,-0.5757688879966736,0.04511609300971031,0.01534861046820879,0.7827678322792053,10.069028854370117,3.401763916015625,-3.6989614963531494,-3.564072608947754,-7.431244850158691
1781548256023754,196964393,-0.8179472088813782,-0.5733126401901245,0.04472927004098892,0.016564352437853813,0.5534912943840027,9.412734985351562,3.3295764923095703,-24.446210861206055,-1.586351752281189,-8.615824699401855
1781548256051624,196981060,-0.8189966082572937,-0.5718035697937012,0.044231269508600235,0.018131176009774208,0.19318942725658417,8.814891815185547,3.2304930686950684,-16.5789852142334,-2.44396710395813,-11.396323204040527
1781548256053192,196997727,-0.8172104358673096,-0.5743246078491211,0.04394552484154701,0.019675923511385918,0.15190096199512482,9.256068229675293,3.1455178260803223,17.295137405395508,-3.9130759239196777,-12.016165733337402
1781548256082148,197014394,-0.8147315979003906,-0.5777932405471802,0.04397040605545044,0.020831331610679626,0.6857162117958069,10.174052238464355,3.2746379375457764,25.513742446899414,-4.202235698699951,-8.981155395507812
1781548256083604,197031061,-0.8151019215583801,-0.5772768259048462,0.04358792304992676,0.02146276645362377,0.9699079990386963,10.209890365600586,3.2782201766967773,-8.027752876281738,0.452288419008255,-6.052039623260498
1781548256113144,197047728,-0.8172438740730286,-0.5742897391319275,0.042657822370529175,0.02200395241379738,0.6107177138328552,9.295621871948242,3.253823757171631,-28.961122512817383,4.045839309692383,-6.719128131866455
1781548256141750,197064395,-0.8178274035453796,-0.5735009908676147,0.041603539139032364,0.022896071895956993,0.061566177755594254,8.77255916595459,3.3214468955993652,-10.577193260192871,3.233893632888794,-10.062456130981445
1781548256144201,197081062,-0.8153761625289917,-0.5769867897033691,0.04101572185754776,0.023785674944519997,0.04487362876534462,9.34325122833252,3.2628536224365234,25.499269485473633,0.4250630736351013,-9.90855598449707
1781548256172325,197097729,-0.8127779960632324,-0.5806452631950378,0.04068727046251297,0.024240216240286827,0.5729285478591919,10.272780418395996,3.277174472808838,27.215391159057617,0.6842643022537231,-6.512174606323242
1781548256173532,197114396,-0.8130701780319214,-0.5802768468856812,0.04008397087454796,0.024272646754980087,0.8198300004005432,10.434635162353516,3.37467622756958,-6.755555629730225,4.043753147125244,-3.6426005363464355
1781548256201589,197131063,-0.8150367140769958,-0.5775715112686157,0.039283085614442825,0.024151816964149475,0.5282110571861267,9.663936614990234,3.3949732780456543,-26.490489959716797,5.830150127410889,-2.6521377563476562
1781548256203759,197147730,-0.8162859082221985,-0.5758531093597412,0.0384354442358017,0.024364231154322624,-0.004013769794255495,8.925317764282227,3.4160823822021484,-18.209592819213867,4.739219665527344,-5.091119766235352
1781548256231587,197164397,-0.8155096173286438,-0.5769627690315247,0.03793134540319443,0.02488548681139946,-0.1599026471376419,8.947296142578125,3.429938793182373,5.658774375915527,1.5265491008758545,-6.550294876098633
1781548256233991,197181064,-0.8129985332489014,-0.5804779529571533,0.037924375385046005,0.025309203192591667,0.2551710307598114,9.679976463317871,3.311091423034668,26.13862419128418,-0.9147980809211731,-4.9540839195251465
1781548256262737,197197731,-0.8116580247879028,-0.5823564529418945,0.03777209669351578,0.025410166010260582,0.6353794932365417,10.357606887817383,3.3385562896728516,12.377272605895996,1.205430269241333,-3.099381446838379
1781548256292496,197214398,-0.8130919933319092,-0.5803787112236023,0.03739697486162186,0.02537202462553978,0.6159958243370056,10.09605598449707,3.4076344966888428,-20.25410270690918,3.0532877445220947,-1.7297816276550293
1781548256293912,197231065,-0.8151925206184387,-0.5774555802345276,0.03688821941614151,0.025410404428839684,0.31742775440216064,9.27806568145752,3.3431766033172607,-28.243072509765625,3.502232789993286,-2.3323116302490234
1781548256321870,197247732,-0.815639317035675,-0.5768371224403381,0.03652386739850044,0.025641323998570442,0.07344323396682739,8.941886901855469,3.3933351039886475,-8.782661437988281,1.9109578132629395,-3.7115375995635986
1781548256325252,197264399,-0.8141660690307617,-0.5789108872413635,0.0364479124546051,0.025831712409853935,0.13803616166114807,9.343510627746582,3.2993388175964355,13.991082191467285,0.4472300708293915,-3.354177713394165
1781548256351535,197281066,-0.812558114528656,-0.5811688899993896,0.036471106112003326,0.025727983564138412,0.31127074360847473,10.05467414855957,3.303007125854492,15.649240493774414,1.0614616870880127,-1.3833175897598267
1781548256353823,197297733,-0.8126811385154724,-0.5810067057609558,0.036530751734972,0.025421136990189552,0.45462971925735474,10.176372528076172,3.3672704696655273,-4.73090934753418,1.675179362297058,0.8100976347923279
1781548256381628,197314400,-0.8141559958457947,-0.5789626240730286,0.036392249166965485,0.02506392076611519,0.348007470369339,9.57392692565918,3.3217408657073975,-20.668161392211914,2.9947245121002197,1.0088664293289185
1781548256383856,197331067,-0.8147697448730469,-0.5781144499778748,0.03626663237810135,0.024878432974219322,0.10288884490728378,9.146435737609863,3.325192451477051,-10.586935997009277,2.2292468547821045,-0.34901154041290283
1781548256413024,197347734,-0.8138302564620972,-0.5794345736503601,0.036350976675748825,0.024794794619083405,0.07835407555103302,9.2738037109375,3.2333340644836426,7.7442522048950195,0.6318591237068176,-0.890963613986969
1781548256442155,197364401,-0.8125618696212769,-0.5812093615531921,0.03651432320475578,0.02460559830069542,0.30625179409980774,9.732366561889648,3.2119133472442627,11.638321876525879,0.6054909825325012,-0.15499535202980042
1781548256443883,197381068,-0.8124090433120728,-0.5814367532730103,0.03655761107802391,0.024217192083597183,0.478895366191864,9.892434120178223,3.2258071899414062,-1.4346314668655396,2.090860605239868,1.055685043334961
1781548256472432,197397735,-0.8130876421928406,-0.5805135369300842,0.03640997037291527,0.023810802027583122,0.37335526943206787,9.68969440460205,3.257267475128174,-11.213512420654297,3.246507167816162,0.8199845552444458
1781548256474021,197414402,-0.8137018084526062,-0.5796740055084229,0.03627756983041763,0.023483924567699432,0.17724572122097015,9.387673377990723,3.312096118927002,-10.506052017211914,2.841723918914795,0.404840886592865
1781548256502179,197431069,-0.8135400414466858,-0.5799076557159424,0.036307305097579956,0.02327463962137699,0.21599382162094116,9.329802513122559,3.3338255882263184,-1.4126172065734863,1.4454078674316406,0.0005826888373121619
1781548256504158,197447736,-0.8127222061157227,-0.5810580253601074,0.036399953067302704,0.02300872839987278,0.37735459208488464,9.466676712036133,3.297067642211914,6.354722499847412,1.3019640445709229,0.23440104722976685
1781548256532135,197464403,-0.8120906352996826,-0.5819553732872009,0.03635290265083313,0.022704139351844788,0.39450401067733765,9.676197052001953,3.3019471168518066,4.1847381591796875,2.2436282634735107,-0.015098690055310726
1781548256533678,197481070,-0.8120884299278259,-0.5819741487503052,0.036271832883358,0.022429442033171654,0.35291334986686707,9.688426971435547,3.305162191390991,-3.2517120838165283,2.3345658779144287,-0.0002433206682326272
1781548256562315,197497737,-0.8122631311416626,-0.5817447900772095,0.036205507814884186,0.022158268839120865,0.32981470227241516,9.508609771728516,3.2517549991607666,-5.343667507171631,2.2439992427825928,0.1279674470424652
1781548256591760,197514404,-0.8120917677879333,-0.5819938778877258,0.036188848316669464,0.021926723420619965,0.2113197296857834,9.509056091308594,3.2755544185638428,-1.2898684740066528,1.7947012186050415,-0.06602954119443893
1781548256593902,197531071,-0.8117489814758301,-0.5824673175811768,0.036375101655721664,0.021733693778514862,0.24699248373508453,9.650466918945312,3.3220038414001465,0.6703163385391235,0.4990057945251465,0.4491506814956665
1781548256621635,197547738,-0.81162029504776,-0.5826359391212463,0.036688052117824554,0.02149699442088604,0.30688712000846863,9.77013874053955,3.314854621887207,-1.8589826822280884,-0.02470345050096512,1.3087000846862793
1781548256623440,197564405,-0.8116850256919861,-0.5825297832489014,0.03711479529738426,0.021191466599702835,0.28830626606941223,9.800397872924805,3.311554193496704,-4.132660865783691,-0.3772367238998413,2.2464582920074463
1781548256651591,197581072,-0.8119255900382996,-0.5821698904037476,0.037685856223106384,0.02085801772773266,0.3140261173248291,9.725909233093262,3.309162139892578,-6.224592208862305,-1.0628249645233154,3.0709569454193115
1781548256653388,197597739,-0.8123792409896851,-0.5815099477767944,0.038295481353998184,0.020491503179073334,0.35096433758735657,9.569530487060547,3.300443410873413,-8.738734245300293,-1.132849931716919,3.5182955265045166
1781548256681848,197614406,-0.8126910328865051,-0.5810458660125732,0.03890319913625717,0.020140839740633965,0.3712097108364105,9.453889846801758,3.311178684234619,-7.081976890563965,-1.195306420326233,3.350749969482422
1781548256683968,197631073,-0.8126184344291687,-0.5811178088188171,0.03953534737229347,0.019762398675084114,0.4499937891960144,9.473464012145996,3.2784101963043213,-2.5404720306396484,-1.2495026588439941,3.4067256450653076
1781548256711908,197647740,-0.8125343918800354,-0.5812156796455383,0.04001910611987114,0.019360164180397987,0.4709641635417938,9.484132766723633,3.1998023986816406,-2.362297773361206,-0.3253069221973419,2.938154458999634
1781548256743345,197664407,-0.8129068613052368,-0.5806829333305359,0.040323738008737564,0.01908070407807827,0.3748445510864258,9.402297019958496,3.210555076599121,-7.769011497497559,0.22635866701602936,1.7705870866775513
1781548256744587,197681074,-0.8133248090744019,-0.5800800919532776,0.04057227075099945,0.019080819562077522,0.33097001910209656,9.217921257019043,3.2108371257781982,-8.426169395446777,-0.5728537440299988,0.00952152255922556
1781548256771921,197697741,-0.8131971955299377,-0.5802439451217651,0.040711622685194016,0.01923934556543827,0.36171770095825195,9.292938232421875,3.2141318321228027,-2.0215845108032227,-0.646169900894165,-1.5969899892807007
1781548256773438,197714408,-0.8126307129859924,-0.581022322177887,0.040820520371198654,0.01944788731634617,0.42250463366508484,9.590265274047852,3.186940908432007,3.1467959880828857,-0.7166434526443481,-2.228010654449463
1781548256801565,197731075,-0.812602698802948,-0.5810537338256836,0.04084227606654167,0.01963382586836815,0.45820152759552,9.808134078979492,3.2020514011383057,-3.1838128566741943,-0.08737773448228836,-2.1678590774536133
1781548256804824,197747742,-0.8131383657455444,-0.5803042054176331,0.040824487805366516,0.019664518535137177,0.42121005058288574,9.812235832214355,3.2046375274658203,-9.760862350463867,0.8060510754585266,-1.1634955406188965
1781548256831810,197764409,-0.8136016130447388,-0.5796549320220947,0.04090491309762001,0.019481196999549866,0.3970215618610382,9.71512222290039,3.2498230934143066,-8.838868141174316,1.10414457321167,0.3873986303806305
1781548256833714,197781076,-0.8137624263763428,-0.5794306993484497,0.041063010692596436,0.0190981887280941,0.4218335747718811,9.64540958404541,3.2558274269104004,-5.189146518707275,1.436545968055725,1.653460144996643
1781548256861825,197797743,-0.8135856986045837,-0.5796814560890198,0.04128068685531616,0.01854443922638893,0.4560254216194153,9.635902404785156,3.26686692237854,-1.1304036378860474,1.7510056495666504,2.667940139770508
1781548256892593,197814410,-0.8134598135948181,-0.5798639059066772,0.041486889123916626,0.017889559268951416,0.4730791449546814,9.637235641479492,3.3105812072753906,-1.6886452436447144,2.222151517868042,3.2137086391448975
1781548256894171,197831077,-0.8133909106254578,-0.5799664258956909,0.041709594428539276,0.01717001013457775,0.48844513297080994,9.61953353881836,3.330768346786499,-2.3428707122802734,2.394397020339966,3.6707160472869873
1781548256922266,197847744,-0.8133700489997864,-0.5800014138221741,0.04196104407310486,0.016330715268850327,0.516358494758606,9.626182556152344,3.3532252311706543,-2.8745005130767822,2.7186665534973145,4.480013370513916
1781548256924498,197864411,-0.8136471509933472,-0.5796201229095459,0.04216054454445839,0.015527945011854172,0.5119078755378723,9.559280395507812,3.372542142868042,-6.405942440032959,2.902259111404419,4.221953392028809
1781548256951596,197881078,-0.8142234683036804,-0.5788140892982483,0.04234255105257034,0.014883016236126423,0.44032183289527893,9.356895446777344,3.353339433670044,-10.022571563720703,2.4130053520202637,3.424668550491333
1781548256953936,197897745,-0.8144094944000244,-0.5785488486289978,0.04256753623485565,0.01437687873840332,0.4187203645706177,9.287065505981445,3.3453335762023926,-5.477046489715576,1.561664342880249,2.6217868328094482
1781548256982766,197914412,-0.8140366077423096,-0.5790608525276184,0.04287263751029968,0.01396339014172554,0.4598086476325989,9.447213172912598,3.3309366703033447,1.0778144598007202,0.6573818922042847,2.138833522796631
1781548256984387,197931079,-0.8139849305152893,-0.5791229009628296,0.04313325509428978,0.01359338965266943,0.5513325929641724,9.623764991760254,3.3480091094970703,-2.735743522644043,0.7841392159461975,1.8818609714508057
1781548257011998,197947746,-0.8145622611045837,-0.5783029198646545,0.04332807660102844,0.013294454663991928,0.5282987356185913,9.561460494995117,3.327472686767578,-10.203590393066406,0.9739297032356262,1.542339563369751
1781548257041641,197964413,-0.8151414394378662,-0.5774805545806885,0.04346826300024986,0.01308209728449583,0.4637391269207001,9.454778671264648,3.341444969177246,-10.255008697509766,0.9356769919395447,0.8413710594177246
1781548257043312,197981080,-0.8152534365653992,-0.5773117542266846,0.043658241629600525,0.012921232730150223,0.4787023961544037,9.442870140075684,3.3148210048675537,-4.748608112335205,0.3712497353553772,0.5132721662521362
1781548257073668,197997747,-0.8151663541793823,-0.5774238705635071,0.043862905353307724,0.012713354080915451,0.5586291551589966,9.517927169799805,3.322129964828491,-2.368124485015869,0.44192788004875183,0.7336821556091309
1781548257075040,198014414,-0.8150672316551208,-0.577553927898407,0.04406597837805748,0.012464526109397411,0.5979071259498596,9.647738456726074,3.310431957244873,-2.208045244216919,0.6108693480491638,0.950173556804657
1781548257102099,198031081,-0.8150678873062134,-0.5775425434112549,0.04429992288351059,0.012097814120352268,0.5598056316375732,9.706276893615723,3.3606319427490234,-3.3590033054351807,0.9233954548835754,1.7846481800079346
1781548257103543,198047748,-0.815338134765625,-0.5771459937095642,0.04462352395057678,0.011631383560597897,0.48832041025161743,9.693487167358398,3.3670873641967773,-6.549398899078369,0.867662250995636,2.8391871452331543
1781548257132555,198064415,-0.8156095743179321,-0.5767372250556946,0.04508183151483536,0.011097014881670475,0.5272216200828552,9.61706256866455,3.388916254043579,-6.592108249664307,0.3815460205078125,3.7587859630584717
1781548257134275,198081082,-0.8160287737846375,-0.5761176943778992,0.045541565865278244,0.010562192648649216,0.6168285012245178,9.485873222351074,3.370572805404663,-8.358936309814453,0.4051609933376312,3.8437817096710205
1781548257162321,198097749,-0.8164812326431274,-0.5754566192626953,0.04589688777923584,0.010095393285155296,0.6108313202857971,9.320812225341797,3.362609386444092,-8.752847671508789,0.7276762127876282,3.0636959075927734
1781548257192360,198114416,-0.8165969848632812,-0.5752738118171692,0.04619093984365463,0.00978543609380722,0.597889244556427,9.271384239196777,3.3883297443389893,-4.789255142211914,0.3795226216316223,1.7666168212890625
1781548257194177,198131083,-0.816582202911377,-0.575279176235199,0.04642681032419205,0.009593370370566845,0.6663538813591003,9.297884941101074,3.4224720001220703,-3.258486270904541,0.20881395041942596,0.805910050868988
1781548257224564,198147750,-0.8167967200279236,-0.5749697089195251,0.04649850353598595,0.009544789791107178,0.6413798332214355,9.315813064575195,3.419590473175049,-5.988352298736572,0.6173750162124634,-0.5332436561584473
1781548257224928,198164417,-0.8171399831771851,-0.5744841694831848,0.04643837735056877,0.009693839587271214,0.5474453568458557,9.260863304138184,3.3782646656036377,-7.558104038238525,0.6039411425590515,-2.0998189449310303
1781548257252488,198181084,-0.817354679107666,-0.5741820335388184,0.04630730673670769,0.010102380998432636,0.52349454164505,9.248481750488281,3.3841845989227295,-6.107143402099609,-0.04958618804812431,-3.9040799140930176
1781548257253956,198197751,-0.8172522783279419,-0.5743280649185181,0.046189870685338974,0.010605379939079285,0.6476409435272217,9.379400253295898,3.364398241043091,-2.36622953414917,-0.5679488182067871,-4.545498847961426
1781548257283532,198214418,-0.8169732093811035,-0.5747348070144653,0.04597415030002594,0.011007177643477917,0.716966450214386,9.651707649230957,3.357071876525879,-0.17876385152339935,0.3459443747997284,-4.461297035217285
1781548257285031,198231085,-0.8169208765029907,-0.5748220682144165,0.045762721449136734,0.011214295402169228,0.6417811512947083,9.919719696044922,3.3982133865356445,-2.8078176975250244,1.1369925737380981,-3.2330524921417236
1781548257341748,198247752,-0.8170619606971741,-0.5746235251426697,0.04575381800532341,0.01114938035607338,0.6200276017189026,9.988005638122559,3.432749032974243,-5.076437473297119,1.1142101287841797,-0.7994493246078491
1781548257343249,198264419,-0.8174804449081421,-0.5740213394165039,0.045928824692964554,0.010768834501504898,0.6010298728942871,9.768510818481445,3.4354376792907715,-8.326702117919922,1.3835407495498657,1.847719669342041
1781548257345096,198281086,-0.8176847100257874,-0.5737130641937256,0.04626545310020447,0.010236544534564018,0.5015360116958618,9.528263092041016,3.466367721557617,-5.770157337188721,1.0300979614257812,3.2308309078216553
1781548257372769,198297753,-0.8172679543495178,-0.5742741227149963,0.04677837714552879,0.009714684449136257,0.5440778136253357,9.493695259094238,3.4912965297698975,1.5759176015853882,-0.1394483596086502,3.5472118854522705
1781548257374540,198314420,-0.8168302178382874,-0.5748562216758728,0.047370508313179016,0.009215762838721275,0.6864683032035828,9.50656795501709,3.4578871726989746,1.7747870683670044,-0.681144118309021,3.722696542739868
1781548257401568,198331087,-0.8170321583747864,-0.5745370388031006,0.047838062047958374,0.00880494900047779,0.6590250730514526,9.472294807434082,3.4629158973693848,-5.851221561431885,-0.17873823642730713,3.06976580619812
1781548257403386,198347754,-0.8175877332687378,-0.5737109780311584,0.04829166829586029,0.008608049713075161,0.592369794845581,9.356671333312988,3.496880292892456,-10.166081428527832,-0.8596392869949341,2.0011658668518066
1781548257431888,198364421,-0.8180930018424988,-0.5729504823684692,0.048758529126644135,0.00860538799315691,0.5807932019233704,9.228336334228516,3.4371087551116943,-9.662919044494629,-1.7127729654312134,0.9370729327201843
1781548257434072,198381088,-0.8183860778808594,-0.5724936723709106,0.04917001351714134,0.008818419650197029,0.5901222229003906,9.245941162109375,3.470536470413208,-7.193955898284912,-2.3045926094055176,-0.6082248091697693
1781548257462509,198397755,-0.8186255693435669,-0.5721153020858765,0.04951228201389313,0.009218266233801842,0.6640217900276184,9.288209915161133,3.458143472671509,-6.609243392944336,-2.663196325302124,-1.9615744352340698
1781548257492640,198414422,-0.8188309669494629,-0.57179194688797,0.0497472770512104,0.009742683731019497,0.6873546838760376,9.318652153015137,3.4416913986206055,-6.213680744171143,-2.5579793453216553,-3.105245590209961
1781548257494155,198431089,-0.8188406825065613,-0.5717536807060242,0.04991346597671509,0.010315107181668282,0.7200937271118164,9.373774528503418,3.4106945991516113,-3.861307382583618,-2.408170700073242,-3.757293939590454
1781548257522831,198447756,-0.8187421560287476,-0.5718817114830017,0.049951355904340744,0.010844985023140907,0.7232038378715515,9.536653518676758,3.4156575202941895,-2.493818998336792,-1.5414108037948608,-4.086352825164795
1781548257523680,198464423,-0.8187793493270874,-0.5718163251876831,0.05000261962413788,0.011232640594244003,0.7809864282608032,9.635985374450684,3.448692560195923,-4.067361354827881,-1.0256606340408325,-3.156688928604126
1781548257551528,198481090,-0.8191880583763123,-0.5712320804595947,0.049938101321458817,0.011456437408924103,0.6831250190734863,9.511199951171875,3.4254515171051025,-8.400812149047852,0.35718834400177,-2.4833438396453857
1781548257553698,198497757,-0.8197735548019409,-0.5703980922698975,0.04979604855179787,0.011745165102183819,0.42281708121299744,9.340839385986328,3.4318718910217285,-10.530243873596191,0.5801343321800232,-3.053419351577759
1781548257582392,198514424,-0.8198626637458801,-0.5702616572380066,0.04976862668991089,0.012249275110661983,0.32520005106925964,9.252082824707031,3.3957133293151855,-4.716374397277832,-1.0226513147354126,-4.095433235168457
1781548257583939,198531091,-0.8192421793937683,-0.5711278319358826,0.049904875457286835,0.012837263755500317,0.5101212859153748,9.44941234588623,3.31601881980896,3.70220685005188,-2.43489670753479,-4.329007148742676
1781548257612229,198547758,-0.818782389163971,-0.5717710852622986,0.0499441884458065,0.013374967500567436,0.7825623154640198,9.761449813842773,3.320099115371704,1.8238356113433838,-1.6551311016082764,-4.335102558135986
1781548257641910,198564425,-0.8192870616912842,-0.5710573792457581,0.049707792699337006,0.013829727657139301,0.9060270190238953,9.74759292602539,3.3312857151031494,-9.603740692138672,0.4294930696487427,-4.397368907928467
1781548257644482,198581092,-0.8203281760215759,-0.5695962309837341,0.049204155802726746,0.0141666354611516,0.8242843151092529,9.363810539245605,3.364410400390625,-15.906769752502441,2.5096819400787354,-4.477616786956787
1781548257672530,198597759,-0.8206048011779785,-0.5692417621612549,0.04863836243748665,0.014353853650391102,0.6909559965133667,9.13341236114502,3.39963698387146,-6.626148223876953,3.2951321601867676,-4.326241970062256
1781548257673743,198614426,-0.8197885751724243,-0.5704747438430786,0.04795413464307785,0.014345234259963036,0.550942599773407,9.321920394897461,3.4532790184020996,6.660563945770264,4.522645950317383,-4.323334693908691
1781548257701576,198631093,-0.8187820911407471,-0.5719678401947021,0.04737117886543274,0.014308568090200424,0.6362912654876709,9.544207572937012,3.4678266048431396,8.892276763916016,4.023865222930908,-3.87296199798584
1781548257703888,198647760,-0.8185536861419678,-0.572355329990387,0.04663163423538208,0.014313668012619019,0.7021624445915222,9.447064399719238,3.4471042156219482,-0.42123931646347046,4.885027885437012,-4.287054061889648
1781548257732167,198664427,-0.8181849718093872,-0.5729358196258545,0.04594261944293976,0.014399265870451927,0.5456420183181763,9.427980422973633,3.5248641967773438,1.1962478160858154,4.258157253265381,-4.616946220397949
1781548257733217,198681094,-0.8174808025360107,-0.5739807486534119,0.04538119584321976,0.014566872268915176,0.3858669102191925,9.604408264160156,3.6011712551116943,5.118218421936035,3.1566824913024902,-4.756227970123291
1781548257762696,198697761,-0.8171047568321228,-0.5745376944541931,0.04502588510513306,0.014799745753407478,0.3238047659397125,9.76736068725586,3.5514986515045166,1.0805039405822754,1.7965071201324463,-4.123696804046631
1781548257791563,198714428,-0.8171695470809937,-0.5744472146034241,0.04492931440472603,0.0150307547301054,0.40010762214660645,9.699076652526855,3.4995625019073486,-4.270751476287842,0.4199011027812958,-2.844956636428833
1781548257793610,198731095,-0.8173285722732544,-0.5742143392562866,0.04495028033852577,0.015218853950500488,0.540797233581543,9.56497573852539,3.431654453277588,-5.417509078979492,-0.056719325482845306,-2.0855653285980225
1781548257821900,198747762,-0.8173553943634033,-0.5741643905639648,0.045041054487228394,0.015389506705105305,0.6087936162948608,9.485428810119629,3.4239377975463867,-3.8555948734283447,-0.4022986590862274,-1.7823748588562012
1781548257823042,198764429,-0.8172349333763123,-0.5743260979652405,0.04510713741183281,0.015557394362986088,0.6051557064056396,9.477472305297852,3.3841347694396973,-2.0859107971191406,-0.27613046765327454,-1.9456301927566528
1781548257851561,198781096,-0.8171254396438599,-0.5744724869728088,0.04517976939678192,0.015699701383709908,0.6017966866493225,9.531913757324219,3.438201904296875,-2.206470251083374,-0.21051079034805298,-1.7704139947891235
1781548257853118,198797763,-0.8170962929725647,-0.5745104551315308,0.04519668221473694,0.015781506896018982,0.6116622686386108,9.568897247314453,3.3993711471557617,-3.120497703552246,0.35534417629241943,-1.6080933809280396
1781548257882534,198814430,-0.8173084259033203,-0.5742103457450867,0.04516509175300598,0.015806574374437332,0.6077902317047119,9.489978790283203,3.4256975650787354,-5.960651874542236,0.8905728459358215,-1.3498276472091675
1781548257884159,198831097,-0.8175318241119385,-0.5738992094993591,0.0450553260743618,0.015864048153162003,0.4854181408882141,9.413914680480957,3.412407159805298,-6.0853352546691895,1.2040597200393677,-1.8362003564834595
1781548257912684,198847764,-0.8174422383308411,-0.5740252137184143,0.04502567648887634,0.016006460413336754,0.3813609182834625,9.400291442871094,3.4167697429656982,-2.410961627960205,0.3709166944026947,-2.1667444705963135
1781548257941706,198864431,-0.817072868347168,-0.5745410323143005,0.04507274925708771,0.016222458332777023,0.4186294674873352,9.519176483154297,3.3812108039855957,0.8698649406433105,-0.3977012038230896,-2.4290828704833984
1781548257944178,198881098,-0.81669020652771,-0.5750746130943298,0.045138098299503326,0.016401661559939384,0.5418179035186768,9.662752151489258,3.3336102962493896,1.0352460145950317,-0.3565031588077545,-2.1569607257843018
1781548257972088,198897765,-0.8166664242744446,-0.5751070976257324,0.04513970762491226,0.01644284278154373,0.6418601870536804,9.7072172164917,3.3327882289886475,-3.1621437072753906,0.6042996048927307,-1.4371669292449951
1781548257973784,198914432,-0.8169046640396118,-0.5747746229171753,0.045109137892723083,0.01632033847272396,0.6234524846076965,9.634127616882324,3.3745839595794678,-6.200899124145508,1.4702396392822266,-0.5033280253410339
1781548258001582,198931099,-0.8172076940536499,-0.5743553042411804,0.04504907503724098,0.016076233237981796,0.5461738109588623,9.510686874389648,3.4054510593414307,-6.910562992095947,2.1281912326812744,0.09727063775062561
1781548258003670,198947766,-0.8171889781951904,-0.5743933320045471,0.04499680921435356,0.015806159004569054,0.5241392254829407,9.412869453430176,3.4163756370544434,-3.061140537261963,2.1369636058807373,0.0969504714012146
1781548258031614,198964433,-0.8168139457702637,-0.5749355554580688,0.04498147591948509,0.015518969856202602,0.5377819538116455,9.457294464111328,3.408034086227417,1.1885126829147339,1.9427937269210815,0.14442361891269684
1781548258033851,198981100,-0.8164337873458862,-0.5754826068878174,0.04498561471700668,0.015240087173879147,0.5543048977851868,9.52949333190918,3.452174663543701,1.2354862689971924,1.7980693578720093,0.17208534479141235
1781548258062058,198997767,-0.8163294196128845,-0.5756350755691528,0.045008521527051926,0.014996718615293503,0.517505407333374,9.616161346435547,3.450584888458252,-2.079674482345581,1.5973678827285767,0.19869692623615265
1781548258091600,199014434,-0.8163277506828308,-0.5756308436393738,0.045160748064517975,0.014789585955440998,0.5414412021636963,9.619199752807617,3.481323719024658,-3.364163875579834,0.7427106499671936,0.565829336643219
1781548258093729,199031101,-0.8164278268814087,-0.5754725933074951,0.045442987233400345,0.014563606120646,0.5878959894180298,9.63235092163086,3.4725687503814697,-4.611477851867676,0.10298227518796921,1.2436054944992065
1781548258122466,199047768,-0.8165932893753052,-0.5752155780792236,0.045817457139492035,0.014258913695812225,0.5719073414802551,9.680590629577637,3.525663137435913,-5.391166687011719,-0.0921032652258873,2.08874773979187
1781548258123563,199064435,-0.8169477581977844,-0.5746801495552063,0.04631375893950462,0.013938839547336102,0.4850849509239197,9.597770690917969,3.507948637008667,-7.684553623199463,-0.6854343414306641,2.7620675563812256
1781548258151606,199081102,-0.817335844039917,-0.5740819573402405,0.046958860009908676,0.013677258975803852,0.4663378894329071,9.458195686340332,3.4964792728424072,-8.174461364746094,-1.743200659751892,3.046471118927002
1781548258153286,199097769,-0.8175244331359863,-0.573759138584137,0.0476745069026947,0.013470415957272053,0.58040452003479,9.392128944396973,3.430119276046753,-5.850940227508545,-2.3966705799102783,2.908982038497925
1781548258181752,199114436,-0.8176514506340027,-0.5735280513763428,0.04831283912062645,0.01333176251500845,0.6610196828842163,9.429277420043945,3.377026081085205,-5.121119022369385,-2.24843692779541,2.182990074157715
1781548258183713,199131103,-0.8179284334182739,-0.5730915665626526,0.048821404576301575,0.013254350982606411,0.632878839969635,9.44405746459961,3.327857732772827,-6.899639129638672,-1.7284091711044312,1.4094092845916748
1781548258212373,199147770,-0.8181907534599304,-0.572677731513977,0.04930339381098747,0.013170197606086731,0.6029965877532959,9.475339889526367,3.290510654449463,-6.714102268218994,-1.5459316968917847,1.336477518081665
1781548258241799,199164437,-0.818264901638031,-0.5725370049476624,0.04974022135138512,0.013035701587796211,0.6127000451087952,9.517289161682129,3.189365863800049,-4.42479944229126,-1.1351807117462158,1.332007884979248
1781548258243263,199181104,-0.8180714249610901,-0.5727854371070862,0.05014221742749214,0.012720628641545773,0.6040784120559692,9.632247924804688,3.222623109817505,-1.1248586177825928,-0.29464849829673767,2.050008535385132
1781548258271669,199197771,-0.817999005317688,-0.572868287563324,0.05049387738108635,0.012249942868947983,0.6224429607391357,9.709028244018555,3.258985996246338,-2.4825620651245117,0.6345482468605042,2.7965030670166016
1781548258273780,199214438,-0.8183016777038574,-0.5724269151687622,0.05073621869087219,0.011647948995232582,0.6597028374671936,9.48605728149414,3.3145010471343994,-6.873591899871826,1.855762004852295,3.3197073936462402
1781548258301866,199231105,-0.8181396126747131,-0.5726562738418579,0.05091467127203941,0.010971221141517162,0.6586957573890686,9.316983222961426,3.364718198776245,-1.2494385242462158,2.3999931812286377,3.2174479961395264
1781548258303785,199247772,-0.8173086047172546,-0.5738378167152405,0.05110878869891167,0.010240667499601841,0.7296913266181946,9.470218658447266,3.4654524326324463,6.759622097015381,2.3594741821289062,3.1971123218536377
1781548258333207,199264439,-0.8169710040092468,-0.5743204355239868,0.05122766271233559,0.009491208009421825,0.8468198180198669,9.576835632324219,3.513988971710205,0.8873200416564941,2.9804282188415527,3.2871148586273193
1781548258334805,199281106,-0.817399263381958,-0.5737258195877075,0.0511770062148571,0.008834801614284515,0.8017591238021851,9.40817642211914,3.4779796600341797,-8.23165512084961,3.7679686546325684,2.524868965148926
1781548258361973,199297773,-0.817508339881897,-0.5735824704170227,0.051134925335645676,0.0082839485257864,0.7371826171875,9.316314697265625,3.5001165866851807,-4.473386287689209,3.2183189392089844,1.7872222661972046
1781548258392831,199314440,-0.8171107172966003,-0.5741595029830933,0.051103927195072174,0.0077232555486261845,0.7596600651741028,9.51007080078125,3.469365358352661,1.5785812139511108,3.0567283630371094,1.6037840843200684
1781548258394256,199331107,-0.8169842958450317,-0.5743497610092163,0.051085516810417175,0.007024714257568121,0.8158413171768188,9.690032958984375,3.4559507369995117,-1.616187334060669,3.604712724685669,2.57783579826355
1781548258422873,199347774,-0.8172904253005981,-0.5739333033561707,0.05097386986017227,0.006219579838216305,0.8299311399459839,9.600442886352539,3.41610050201416,-6.698746681213379,4.672327041625977,3.042219400405884
1781548258424193,199364441,-0.8173676133155823,-0.5738400816917419,0.05089182034134865,0.005296540912240744,0.8074719905853271,9.455201148986816,3.37801456451416,-3.9368386268615723,4.902584552764893,3.697430372238159
1781548258451993,199381108,-0.8169150948524475,-0.5744969844818115,0.05084768682718277,0.00421930430456996,0.7594881057739258,9.52328109741211,3.404574155807495,2.4239795207977295,5.141743183135986,4.432642936706543
1781548258453875,199397775,-0.8163995146751404,-0.5752314329147339,0.05090433731675148,0.003069788683205843,0.6891860961914062,9.680943489074707,3.434694290161133,3.136166572570801,4.842587471008301,5.208170413970947
1781548258482801,199414442,-0.8163155317306519,-0.57533860206604,0.05109766125679016,0.0019189001759514213,0.656847357749939,9.6519193649292,3.449528694152832,-2.0878965854644775,4.2166008949279785,5.9848504066467285
1781548258484340,199431109,-0.8166355490684509,-0.574865460395813,0.05133800953626633,0.0008852579048834741,0.684959888458252,9.426350593566895,3.428433895111084,-6.983830451965332,3.6240127086639404,5.722846031188965
1781548258512569,199447776,-0.816728413105011,-0.5747106671333313,0.05159907788038254,1.5283323591575027e-05,0.7754825949668884,9.272671699523926,3.3730971813201904,-4.356823444366455,2.77189040184021,4.768003463745117
1781548258543620,199464443,-0.8165516257286072,-0.5749457478523254,0.05177418515086174,-0.0006720125675201416,0.769492506980896,9.289682388305664,3.3710391521453857,-1.1665176153182983,2.440474033355713,3.2656383514404297
1781548258544662,199481110,-0.8164121508598328,-0.575122058391571,0.05200576037168503,-0.0011839109938591719,0.799442708492279,9.415450096130371,3.4163784980773926,-1.7065354585647583,1.4493777751922607,2.5266478061676025
1781548258571623,199497777,-0.8165398240089417,-0.574918270111084,0.05224228650331497,-0.0015779435634613037,0.8400757908821106,9.378167152404785,3.4043588638305664,-4.937770843505859,1.0533032417297363,2.018761396408081
1781548258573443,199514444,-0.8167337775230408,-0.5746261477470398,0.05241589993238449,-0.0018043461022898555,0.8251281380653381,9.362689018249512,3.429884195327759,-5.755648136138916,0.7684515118598938,0.8594149947166443
1781548258601603,199531111,-0.8167624473571777,-0.5745699405670166,0.05258069932460785,-0.0019207621226087213,0.8094916343688965,9.401168823242188,3.4315571784973145,-3.8167152404785156,0.32485231757164,0.1260337084531784
1781548258603741,199547778,-0.8168764114379883,-0.574390709400177,0.05276956036686897,-0.0018995363498106599,0.8066385388374329,9.431727409362793,3.4367306232452393,-4.894753456115723,-0.32238706946372986,-0.5091036558151245
1781548258632477,199564445,-0.8170161247253418,-0.5741705894470215,0.05300532653927803,-0.0017737440066412091,0.8505944609642029,9.440542221069336,3.4103009700775146,-5.264332294464111,-0.9893162846565247,-0.8962652087211609
1781548258634328,199581112,-0.8170102834701538,-0.5741568803787231,0.05324865132570267,-0.0016352016245946288,0.8739089369773865,9.431601524353027,3.395869493484497,-3.5351037979125977,-1.139304280281067,-1.0117658376693726
1781548258693300,199597779,-0.8169934749603271,-0.5741624236106873,0.053451117128133774,-0.0014741475461050868,0.8829472661018372,9.448978424072266,3.3845386505126953,-3.391890048980713,-1.0009956359863281,-1.3061965703964233
1781548258694598,199614446,-0.81707763671875,-0.5740306973457336,0.05358418449759483,-0.0012716546189039946,0.838911771774292,9.389628410339355,3.3506932258605957,-4.575093746185303,-0.7340471148490906,-1.7623200416564941
1781548258695751,199631113,-0.8171131014823914,-0.5739716291427612,0.05368347838521004,-0.0009782443521544337,0.8172298073768616,9.35351848602295,3.306478261947632,-4.007785797119141,-0.9229793548583984,-2.4333090782165527
1781548258721842,199647780,-0.8169092535972595,-0.574256181716919,0.05374903231859207,-0.0006197313778102398,0.8379735946655273,9.34358024597168,3.290316104888916,-1.1596661806106567,-1.105546474456787,-3.0663137435913086
1781548258724027,199664447,-0.8166458606719971,-0.5746247172355652,0.053814783692359924,-0.0001678233966231346,0.8149175047874451,9.494051933288574,3.3723723888397217,-0.48775550723075867,-1.5010708570480347,-3.6219305992126465
1781548258751463,199681114,-0.8164854049682617,-0.5748404860496521,0.053944800049066544,0.0003084998461417854,0.8526115417480469,9.5615873336792,3.4137954711914062,-1.7583247423171997,-1.8901149034500122,-3.4377622604370117
1781548258753913,199697781,-0.81654953956604,-0.5747383236885071,0.05405594781041145,0.0008175453403964639,0.8252447843551636,9.536946296691895,3.465973377227783,-4.443854808807373,-1.8333317041397095,-3.578965663909912
1781548258782267,199714448,-0.8167399168014526,-0.5744504928588867,0.05422947555780411,0.0013512196019291878,0.7596685290336609,9.473771095275879,3.522737503051758,-5.992911338806152,-2.235502243041992,-3.4002270698547363
1781548258784099,199731115,-0.8168160319328308,-0.5743133425712585,0.05451799929141998,0.0019000337924808264,0.8620061874389648,9.400859832763672,3.5057613849639893,-4.700225830078125,-2.986697196960449,-3.090505599975586
1781548258811711,199747782,-0.8170343041419983,-0.5739834904670715,0.05469562113285065,0.002523847157135606,0.8138936758041382,9.32354736328125,3.440690279006958,-6.36985445022583,-2.572155714035034,-3.862255096435547
1781548258842567,199764449,-0.8170492649078369,-0.5739459991455078,0.05482274293899536,0.0033308181446045637,0.7616065740585327,9.406622886657715,3.4093735218048096,-3.995786190032959,-3.093937397003174,-5.20754861831665
1781548258843838,199781116,-0.8168943524360657,-0.5741515755653381,0.054922159761190414,0.004140717908740044,0.9151711463928223,9.495132446289062,3.315117359161377,-1.9640332460403442,-3.033888816833496,-5.437807559967041
1781548258873631,199797783,-0.816875696182251,-0.5741729736328125,0.05493094399571419,0.004721230361610651,1.111939787864685,9.612197875976562,3.2660250663757324,-3.4514522552490234,-1.5631687641143799,-4.430088043212891
1781548258874119,199814450,-0.8170998692512512,-0.5738662481307983,0.054773569107055664,0.005016817711293697,0.9782863259315491,9.601609230041504,3.319869041442871,-6.152786731719971,0.5656629800796509,-3.3589911460876465
1781548258902336,199831117,-0.8176325559616089,-0.5731377601623535,0.05442781373858452,0.005291876383125782,0.5438489317893982,9.484386444091797,3.324697494506836,-9.735069274902344,1.8337993621826172,-3.808507204055786
1781548258905048,199847784,-0.817664384841919,-0.5730977654457092,0.05432932451367378,0.005707609001547098,0.4719381034374237,9.3253812789917,3.230487108230591,-3.9383883476257324,-0.304266095161438,-3.910637140274048
1781548258933725,199864451,-0.8168160319328308,-0.574306845664978,0.054297465831041336,0.005935619585216045,0.8306086659431458,9.471200942993164,3.152780055999756,6.625500202178955,-0.20453022420406342,-3.0884947776794434
1781548258936510,199881118,-0.8160367608070374,-0.5754370093345642,0.0540524460375309,0.005893077701330185,1.1405481100082397,9.864423751831055,3.2260351181030273,6.001511096954346,2.0839715003967285,-2.3777425289154053
1781548258962088,199897785,-0.8165825009346008,-0.5747089982032776,0.053574249148368835,0.005689648445695639,1.1275452375411987,9.814600944519043,3.35625958442688,-9.620762825012207,4.399015426635742,-1.6706148386001587
1781548258991601,199914452,-0.8178799748420715,-0.5729275941848755,0.05287889391183853,0.0054876538924872875,0.6751932501792908,9.308990478515625,3.445652484893799,-18.512012481689453,5.875657081604004,-2.1109375953674316
1781548258993760,199931119,-0.8178786039352417,-0.5729801058769226,0.05234387144446373,0.005353014450520277,0.35874924063682556,9.126331329345703,3.473649501800537,-3.0999441146850586,4.318193435668945,-2.5689542293548584
1781548259022635,199947786,-0.8165110945701599,-0.5749512314796448,0.05209818109869957,0.005185750778764486,0.6320392489433289,9.394723892211914,3.3968565464019775,13.092818260192871,2.391145706176758,-1.9878158569335938
1781548259024202,199964453,-0.8156365752220154,-0.5762284994125366,0.05170489102602005,0.004951667506247759,0.9163225889205933,9.740411758422852,3.3660647869110107,7.267969608306885,3.6496500968933105,-1.92458975315094
1781548259051670,199981120,-0.8158918619155884,-0.5759125351905823,0.05120853707194328,0.004815759137272835,0.9923228025436401,9.66204833984375,3.4220130443573,-6.180960178375244,4.180959701538086,-2.28137469291687
1781548259053839,199997787,-0.8165752291679382,-0.5749990940093994,0.050576210021972656,0.004813079256564379,0.7840909361839294,9.288946151733398,3.439997434616089,-11.278583526611328,4.552793502807617,-3.3414340019226074
1781548259081817,200014454,-0.8163448572158813,-0.5753750205039978,0.05000528320670128,0.004941297695040703,0.6195878982543945,9.206302642822266,3.4862923622131348,-0.4709279537200928,3.4143459796905518,-4.312653541564941
1781548259084020,200031121,-0.8155713677406311,-0.576517641544342,0.049443043768405914,0.005122704431414604,0.6977887749671936,9.323310852050781,3.418710708618164,5.962042331695557,2.9826574325561523,-4.861816883087158
1781548259111991,200047788,-0.8151801824569702,-0.5771303772926331,0.048708077520132065,0.0054519097320735455,0.6966570615768433,9.400375366210938,3.365760564804077,1.4188348054885864,3.4708476066589355,-6.184007167816162
1781548259142128,200064455,-0.8149027824401855,-0.5775771141052246,0.04798687621951103,0.005960371345281601,0.6601064205169678,9.35356330871582,3.3433725833892822,-0.02036209963262081,2.7335989475250244,-7.06737756729126
1781548259143994,200081122,-0.8142682909965515,-0.5785172581672668,0.04734467342495918,0.006601450964808464,0.654859721660614,9.426606178283691,3.356536626815796,4.1215643882751465,1.6723238229751587,-7.6720290184021
1781548259172212,200097789,-0.8136212825775146,-0.5794690251350403,0.046720508486032486,0.007302881684154272,0.6328779458999634,9.632326126098633,3.4012258052825928,4.216947078704834,1.316678762435913,-7.946278095245361
1781548259173933,200114456,-0.8133381605148315,-0.5799031853675842,0.04614808410406113,0.00799077469855547,0.6538418531417847,9.70236873626709,3.3855555057525635,-0.12315869331359863,1.1413211822509766,-7.490371227264404
1781548259201623,200131123,-0.8135934472084045,-0.579583466053009,0.045527443289756775,0.008727087639272213,0.5889038443565369,9.490469932556152,3.296811819076538,-6.5097126960754395,1.2586275339126587,-7.715609550476074
1781548259203783,200147790,-0.8136123418807983,-0.5795902013778687,0.0449206568300724,0.009605013765394688,0.5105593204498291,9.312409400939941,3.272888660430908,-3.7825613021850586,0.6033393144607544,-8.554041862487793
1781548259232222,200164457,-0.8130093812942505,-0.5804551243782043,0.044460855424404144,0.010525335557758808,0.510284423828125,9.416119575500488,3.276726722717285,3.4973320960998535,-0.4535242021083832,-8.487807273864746
1781548259233886,200181124,-0.8123420476913452,-0.58140629529953,0.04397813230752945,0.01154913380742073,0.5411811470985413,9.695830345153809,3.265146493911743,4.205305576324463,-0.7309226989746094,-9.181541442871094
1781548259262899,200197791,-0.8123287558555603,-0.5814360976219177,0.043573323637247086,0.012470630928874016,0.6069358587265015,9.698090553283691,3.273054361343384,-3.516432762145996,-0.5932159423828125,-7.954845428466797
1781548259293155,200214458,-0.812729001045227,-0.5808976888656616,0.04301711171865463,0.013384769670665264,0.6707977056503296,9.665029525756836,3.302725315093994,-8.358336448669434,0.285690575838089,-8.33755111694336
1781548259294553,200231125,-0.8130470514297485,-0.5804786086082458,0.04237928241491318,0.014261201024055481,0.5377245545387268,9.626392364501953,3.246047258377075,-7.35684061050415,0.9105765223503113,-8.484644889831543
1781548259322361,200247792,-0.8133504390716553,-0.5800650119781494,0.041928958147764206,0.015093859285116196,0.44930747151374817,9.591446876525879,3.282684326171875,-7.237703323364258,0.015335609205067158,-7.501859664916992
1781548259324720,200264459,-0.8134722113609314,-0.5799036622047424,0.04159093275666237,0.015663450583815575,0.3556138277053833,9.66124153137207,3.239132881164551,-5.015454292297363,0.4166610538959503,-5.6715874671936035
1781548259351770,200281126,-0.8133161664009094,-0.5801200866699219,0.04144970327615738,0.016116134822368622,0.4085339903831482,9.76768970489502,3.2879645824432373,-1.7404729127883911,-0.264374315738678,-4.372959136962891
1781548259354212,200297793,-0.8136441707611084,-0.5796614289283752,0.041271358728408813,0.01651192642748356,0.49464014172554016,9.655587196350098,3.223914384841919,-7.43422794342041,0.23524628579616547,-3.9565863609313965
1781548259382193,200314460,-0.8137814998626709,-0.5794733166694641,0.04109068587422371,0.01679459773004055,0.5767419338226318,9.572311401367188,3.3017263412475586,-5.129391670227051,0.6783460378646851,-3.4302961826324463
1781548259383769,200331127,-0.8135375380516052,-0.5798273086547852,0.04087669029831886,0.016918862238526344,0.6091621518135071,9.558380126953125,3.2609241008758545,-0.5365988612174988,1.450607419013977,-2.8743083477020264
1781548259412489,200347794,-0.8134279251098633,-0.5799987316131592,0.0406234934926033,0.016923032701015472,0.4733358919620514,9.677095413208008,3.2799062728881836,-2.0621044635772705,2.19014835357666,-2.283653974533081
1781548259443167,200364461,-0.8134801983833313,-0.5799396634101868,0.040495287626981735,0.016739433631300926,0.28300967812538147,9.795509338378906,3.262160539627075,-3.9317288398742676,2.2328577041625977,-0.6614736318588257
1781548259444547,200381128,-0.8135879635810852,-0.5797879695892334,0.04061977565288544,0.01645561307668686,0.3901992738246918,9.790824890136719,3.3142049312591553,-4.613705158233643,1.226841926574707,0.9404662847518921
1781548259472594,200397795,-0.8141562342643738,-0.5789967179298401,0.040656138211488724,0.016112929210066795,0.5986666083335876,9.527755737304688,3.2343382835388184,-10.02015209197998,2.0272395610809326,1.1551780700683594
1781548259474588,200414462,-0.8143931031227112,-0.5786799192428589,0.0405782125890255,0.015714967623353004,0.536940336227417,9.411181449890137,3.2406046390533447,-6.0436248779296875,2.8457186222076416,0.8399365544319153
1781548259503230,200431129,-0.8140784502029419,-0.579140841960907,0.040452584624290466,0.015357472002506256,0.5154078602790833,9.502837181091309,3.2792141437530518,0.4891321659088135,2.8719711303710938,0.14311736822128296
1781548259503675,200447796,-0.8140233159065247,-0.5792434215545654,0.04023187234997749,0.014994945377111435,0.4688428044319153,9.55436897277832,3.2670717239379883,-2.558990478515625,3.445401430130005,-0.08473962545394897
1781548259531630,200464463,-0.8142109513282776,-0.5790078043937683,0.03997747227549553,0.014571118168532848,0.4118407368659973,9.485770225524902,3.2502191066741943,-5.4058942794799805,3.9044456481933594,0.240881085395813
1781548259534174,200481130,-0.8141154050827026,-0.5791699886322021,0.03974428400397301,0.01409933716058731,0.4330098628997803,9.48600959777832,3.2640814781188965,-2.035659074783325,3.951507806777954,0.4605739712715149
1781548259562317,200497797,-0.8140671253204346,-0.579268753528595,0.03943702206015587,0.013688066974282265,0.5206775069236755,9.514771461486816,3.2799651622772217,-2.603517770767212,4.1231513023376465,-0.15471351146697998
1781548259593297,200514464,-0.8140347599983215,-0.5793476104736328,0.03908688575029373,0.013270517811179161,0.5236690640449524,9.516490936279297,3.2478220462799072,-2.7829480171203613,4.34055233001709,-0.30093643069267273
1781548259595118,200531131,-0.8138558268547058,-0.5796341896057129,0.038722507655620575,0.012801436707377434,0.4314391613006592,9.61098861694336,3.304425001144409,-1.0212297439575195,4.669189453125,-0.11621764302253723
1781548259622829,200547798,-0.813621461391449,-0.5799921751022339,0.038444630801677704,0.012308375909924507,0.4113333523273468,9.685111999511719,3.3489768505096436,-0.38631632924079895,4.2718329429626465,0.33861908316612244
1781548259624400,200564465,-0.8137619495391846,-0.579818069934845,0.0382504016160965,0.011808046139776707,0.3970320224761963,9.60946273803711,3.3552114963531494,-4.849303722381592,3.8929834365844727,0.8871407508850098
1781548259651583,200581132,-0.8138586282730103,-0.5797001123428345,0.03813111409544945,0.011309395544230938,0.4159568250179291,9.496251106262207,3.34403395652771,-4.354761123657227,3.447719097137451,1.1540762186050415
1781548259653915,200597799,-0.8135562539100647,-0.5801379680633545,0.03806589916348457,0.010832603089511395,0.4545934796333313,9.528688430786133,3.371485948562622,0.34486857056617737,2.9961929321289062,1.0710655450820923
1781548259683301,200614466,-0.8133160471916199,-0.5804843306541443,0.03803960978984833,0.010402707383036613,0.4797065556049347,9.625346183776855,3.3592755794525146,-0.42426156997680664,2.599644184112549,0.9917557239532471
1781548259684554,200631133,-0.8134735822677612,-0.5802704691886902,0.038030803203582764,0.01003258116543293,0.5125154256820679,9.598299980163574,3.354445219039917,-5.159358978271484,2.328111171722412,0.9021369218826294
1781548259712717,200647800,-0.8137713670730591,-0.5798554420471191,0.038074593991041183,0.00970890186727047,0.4936038553714752,9.52922534942627,3.363008737564087,-6.8527421951293945,1.8523426055908203,0.9087963700294495
1781548259741763,200664467,-0.8139745593070984,-0.5795669555664062,0.03819378837943077,0.009422680363059044,0.481574684381485,9.488266944885254,3.3920328617095947,-5.771387100219727,1.2867885828018188,0.9681282043457031
1781548259743229,200681134,-0.8140844106674194,-0.57940673828125,0.03835136815905571,0.00914871133863926,0.4961604177951813,9.522135734558105,3.405799388885498,-4.681079387664795,1.0216714143753052,1.017406940460205
1781548259772166,200697801,-0.8142677545547485,-0.5791411399841309,0.038518026471138,0.00893966294825077,0.5117079019546509,9.521010398864746,3.3791515827178955,-5.581046104431152,0.7104514837265015,0.7176614999771118
1781548259773864,200714468,-0.8145726323127747,-0.5787066221237183,0.03863734006881714,0.008787899278104305,0.44526341557502747,9.487821578979492,3.3752987384796143,-7.0279083251953125,0.7823464870452881,0.26528996229171753
1781548259802098,200731135,-0.8147280216217041,-0.5784753561019897,0.03883471339941025,0.008738799020648003,0.454312801361084,9.432527542114258,3.358168363571167,-5.320065975189209,-0.13682305812835693,-0.07850293070077896
1781548259803882,200747802,-0.8148458003997803,-0.5782994031906128,0.03898582234978676,0.008749838918447495,0.5312997102737427,9.402262687683105,3.3219707012176514,-4.877196311950684,-0.09349916130304337,-0.6050616502761841
1781548259831608,200764469,-0.8148797154426575,-0.5782448649406433,0.0390668585896492,0.008823453448712826,0.5617096424102783,9.429472923278809,3.2820987701416016,-3.8829233646392822,0.057673390954732895,-1.264857292175293
1781548259833081,200781136,-0.814865231513977,-0.5782622694969177,0.03909002244472504,0.008911505341529846,0.5295903086662292,9.548279762268066,3.296145439147949,-3.295701742172241,0.3146072030067444,-1.5978611707687378
1781548259862479,200797803,-0.814985990524292,-0.5780954360961914,0.03903704881668091,0.008929163217544556,0.48993027210235596,9.594475746154785,3.2638204097747803,-4.853222846984863,1.0069570541381836,-1.462459683418274
1781548259892123,200814470,-0.8151604533195496,-0.5778529047966003,0.03899381682276726,0.008899753913283348,0.5198765397071838,9.574289321899414,3.257889747619629,-5.475726127624512,1.1754499673843384,-1.1268562078475952
1781548259896575,200831137,-0.8152464032173157,-0.5777426958084106,0.03885464370250702,0.00878550112247467,0.5518321394920349,9.492021560668945,3.2071990966796875,-4.367606163024902,2.018031120300293,-1.079370379447937
1781548259923472,200847804,-0.8151361346244812,-0.5779136419296265,0.03865959495306015,0.008631053380668163,0.5010678172111511,9.488912582397461,3.281193494796753,-2.005871057510376,2.4367856979370117,-1.1700520515441895
1781548259924477,200864471,-0.8148432374000549,-0.578340470790863,0.03848693147301674,0.008470396511256695,0.5250731706619263,9.517112731933594,3.318669080734253,0.15793432295322418,2.331735372543335,-1.1148823499679565
1781548259952188,200881138,-0.8145841360092163,-0.5787243247032166,0.03824245557188988,0.008283385075628757,0.5474384427070618,9.579117774963379,3.3017706871032715,-0.21412217617034912,2.8506104946136475,-1.2379258871078491
1781548259953230,200897805,-0.814519464969635,-0.5788357853889465,0.03797728195786476,0.008069510571658611,0.5198728442192078,9.56629467010498,3.3478763103485107,-2.5067532062530518,3.1186726093292236,-1.083493947982788
1781548259981843,200914472,-0.8145691156387329,-0.5787873268127441,0.03768640756607056,0.007882006466388702,0.4660020172595978,9.515691757202148,3.34560489654541,-3.867159605026245,3.161830425262451,-1.2915204763412476
1781548259983609,200931139,-0.8144277930259705,-0.5790042281150818,0.037442922592163086,0.007712374906986952,0.45248958468437195,9.483391761779785,3.372535228729248,-1.6226284503936768,2.794710397720337,-1.2801867723464966
1781548260012328,200947806,-0.8141915798187256,-0.5793524980545044,0.03721470758318901,0.00760914571583271,0.46666255593299866,9.467741966247559,3.3367300033569336,-0.5248683094978333,2.4263486862182617,-1.6307990550994873
1781548260042515,200964473,-0.813819408416748,-0.579891562461853,0.03697291389107704,0.007544524502009153,0.4755341112613678,9.50098705291748,3.321199655532837,1.0733834505081177,2.3116934299468994,-1.9602937698364258
1781548260043853,200981140,-0.8135226368904114,-0.5803231000900269,0.036743536591529846,0.007504911627620459,0.5212628245353699,9.542022705078125,3.3290631771087646,0.1604059338569641,2.072265863418579,-2.048990488052368
1781548260072405,200997807,-0.8134564161300659,-0.5804328918457031,0.036469411104917526,0.007509456481784582,0.5844945311546326,9.550152778625488,3.321338653564453,-2.5656111240386963,2.310976028442383,-2.3390796184539795
1781548260073877,201014474,-0.8134523630142212,-0.5804605484008789,0.03612606227397919,0.0074829887598752975,0.5417567491531372,9.523160934448242,3.3349695205688477,-3.2672712802886963,2.8547468185424805,-2.410846471786499
1781548260101615,201031141,-0.8134046196937561,-0.5805490016937256,0.035779569298028946,0.007473532576113939,0.4555971026420593,9.5653657913208,3.3565969467163086,-2.753378391265869,2.8578076362609863,-2.5150907039642334
1781548260103772,201047808,-0.8133772611618042,-0.5806027054786682,0.03552408143877983,0.007486872840672731,0.41072219610214233,9.62032699584961,3.433837652206421,-3.0367698669433594,2.1510634422302246,-2.3071279525756836
1781548260142347,201064475,-0.8135870695114136,-0.5803159475326538,0.03539121150970459,0.007564350496977568,0.4088502526283264,9.530726432800293,3.3808951377868652,-5.896159648895264,1.2572572231292725,-2.0782787799835205
1781548260142585,201081142,-0.8136682510375977,-0.580206036567688,0.035293206572532654,0.007709560450166464,0.47282037138938904,9.444334030151367,3.324124336242676,-4.409174919128418,0.7400213479995728,-2.3781135082244873
1781548260162143,201097809,-0.8133673667907715,-0.580630898475647,0.03519623354077339,0.007908947765827179,0.5320188403129578,9.53174877166748,3.3252248764038086,0.09482463449239731,0.48064154386520386,-2.818127155303955
1781548260191702,201114476,-0.8132290244102478,-0.5808295011520386,0.03508153185248375,0.008074430748820305,0.5471687316894531,9.717108726501465,3.345233678817749,-1.811957597732544,0.7439144253730774,-2.635380268096924
1781548260193301,201131143,-0.8135796189308167,-0.5803424715995789,0.03498479351401329,0.008193387649953365,0.4731535017490387,9.697760581970215,3.3070104122161865,-7.587866306304932,0.8788808584213257,-2.1210520267486572
1781548260221791,201147810,-0.8140976428985596,-0.5796141028404236,0.03498571738600731,0.008289007470011711,0.4149169623851776,9.579108238220215,3.2959630489349365,-9.593905448913574,0.4656839072704315,-1.528528094291687
1781548260223595,201164477,-0.8144116401672363,-0.5791682600975037,0.0350431427359581,0.008354544639587402,0.4023127555847168,9.491214752197266,3.3378968238830566,-7.189318656921387,0.22917602956295013,-1.217166781425476
1781548260251495,201181144,-0.8145672082901001,-0.5789425373077393,0.03513309732079506,0.008459623903036118,0.36981308460235596,9.494404792785645,3.3560781478881836,-5.332244396209717,-0.11464244872331619,-1.363901972770691
1781548260253392,201197811,-0.8146341443061829,-0.5788354873657227,0.03530038893222809,0.008646250702440739,0.385211318731308,9.511086463928223,3.3418116569519043,-4.330326557159424,-0.889708399772644,-1.5473016500473022
1781548260281589,201214478,-0.8146858215332031,-0.5787441730499268,0.035554707050323486,0.008838757872581482,0.41486603021621704,9.520858764648438,3.3352766036987305,-4.17816162109375,-1.4057915210723877,-1.239437222480774
1781548260283174,201231145,-0.8147606253623962,-0.578620433807373,0.03580857068300247,0.009023463353514671,0.5260177850723267,9.596734046936035,3.337831974029541,-4.449170112609863,-1.3633898496627808,-1.1860219240188599
1781548260311872,201247812,-0.8149282336235046,-0.5783740878105164,0.03594362735748291,0.009153393097221851,0.5854641199111938,9.659026145935059,3.308746814727783,-5.499405384063721,-0.47580716013908386,-1.3192205429077148
1781548260341805,201264479,-0.8154492974281311,-0.5776368975639343,0.035958487540483475,0.009229270741343498,0.5319459438323975,9.58051872253418,3.3355448246002197,-9.64980697631836,0.47029417753219604,-1.3511601686477661
1781548260344126,201281146,-0.8160727024078369,-0.576755940914154,0.035924848169088364,0.009352085180580616,0.40790775418281555,9.375924110412598,3.3478970527648926,-10.876616477966309,0.574601948261261,-1.7644339799880981
1781548260372231,201297813,-0.8161588907241821,-0.5766288042068481,0.03594757243990898,0.009586798958480358,0.3778619170188904,9.222780227661133,3.319274425506592,-4.540965557098389,-0.2652835249900818,-2.3868091106414795
1781548260374336,201314480,-0.8155924677848816,-0.5774248242378235,0.035929884761571884,0.00994493905454874,0.47862887382507324,9.335021018981934,3.31784725189209,3.194281578063965,-0.6186107397079468,-3.507838726043701
1781548260401612,201331147,-0.8148730993270874,-0.5784409642219543,0.0357932448387146,0.010344292968511581,0.5133694410324097,9.573430061340332,3.301171064376831,5.015549659729004,-0.18961083889007568,-4.294212341308594
1781548260403911,201347814,-0.8146370649337769,-0.5787768363952637,0.03562889248132706,0.010709539987146854,0.4868263900279999,9.718507766723633,3.33371901512146,-0.7054250836372375,0.3182186186313629,-3.9607999324798584
1781548260432603,201364481,-0.814920961856842,-0.5783817172050476,0.03546782582998276,0.010986639186739922,0.4140726327896118,9.61870002746582,3.3103830814361572,-6.8515777587890625,0.6244953274726868,-3.2719459533691406
1781548260434111,201381148,-0.8152831792831421,-0.5778718590736389,0.03540588542819023,0.011141198687255383,0.3629246950149536,9.527130126953125,3.354865789413452,-7.777796745300293,0.3789719343185425,-2.2226831912994385
1781548260462004,201397815,-0.8154546618461609,-0.5776275396347046,0.035415180027484894,0.01123353373259306,0.297194242477417,9.575450897216797,3.360051155090332,-5.5016984939575195,0.38761624693870544,-1.6047639846801758
1781548260491553,201414482,-0.8154215216636658,-0.5776615738868713,0.03560631349682808,0.011270593851804733,0.3434333801269531,9.675436973571777,3.3560779094696045,-3.09853458404541,-0.39700964093208313,-0.6410217881202698
1781548260493294,201431149,-0.8155689835548401,-0.5774417519569397,0.03581951931118965,0.01119504775851965,0.44990044832229614,9.750499725341797,3.3325517177581787,-5.210533142089844,-0.054721541702747345,0.15232515335083008
1781548260522742,201447816,-0.8160417675971985,-0.5767641663551331,0.03603621944785118,0.01098394300788641,0.47006040811538696,9.711626052856445,3.3965237140655518,-9.038224220275879,0.46077898144721985,1.0479886531829834
1781548260523921,201464483,-0.8165661096572876,-0.5760102868080139,0.03628724813461304,0.010726951994001865,0.457410603761673,9.562654495239258,3.401181221008301,-9.65816879272461,0.4106805622577667,1.4474574327468872
1781548260551484,201481150,-0.8168987035751343,-0.5755258202552795,0.03656076639890671,0.010480946861207485,0.4818955659866333,9.456291198730469,3.4020628929138184,-7.381337642669678,0.34691765904426575,1.4409387111663818
1781548260553638,201497817,-0.8170495629310608,-0.5753026604652405,0.036786917597055435,0.010177051648497581,0.5212494134902954,9.47779655456543,3.4010508060455322,-5.190337181091309,0.6856840252876282,1.454052448272705
1781548260582601,201514484,-0.8172392249107361,-0.5750300288200378,0.036928690969944,0.009833484888076782,0.5296438932418823,9.53672981262207,3.3917806148529053,-5.620361328125,1.261483073234558,1.33628511428833
1781548260584198,201531151,-0.8176478147506714,-0.5744481682777405,0.03702545538544655,0.009507575072348118,0.46482738852500916,9.506412506103516,3.4125752449035645,-8.225199699401855,1.5839344263076782,1.189742088317871
1781548260613530,201547818,-0.818030059337616,-0.5739002823829651,0.03715909272432327,0.00920622143894434,0.5071786642074585,9.433093070983887,3.419740915298462,-7.9295783042907715,1.3617315292358398,1.2176984548568726
1781548260642838,201564485,-0.8182808756828308,-0.5735409259796143,0.037254251539707184,0.0089143430814147,0.5556199550628662,9.416686058044434,3.4453318119049072,-6.364078521728516,1.3617699146270752,0.8989354968070984
1781548260645284,201581152,-0.8186362385749817,-0.5730375647544861,0.03724304214119911,0.008709108456969261,0.4987310767173767,9.346927642822266,3.465498447418213,-7.611314296722412,1.7040964365005493,0.0602346770465374
1781548260672182,201597819,-0.8189433813095093,-0.572603166103363,0.037192340940237045,0.008609221316874027,0.4329902231693268,9.297225952148438,3.490337610244751,-7.065058708190918,1.4734153747558594,-0.7202035188674927
1781548260673568,201614486,-0.8188263773918152,-0.5727717280387878,0.03718791902065277,0.00854663085192442,0.4558658003807068,9.376758575439453,3.475144863128662,-2.016948938369751,0.8049111366271973,-0.9954632520675659
1781548260701543,201631153,-0.8186353445053101,-0.5730462670326233,0.03717091307044029,0.008520952425897121,0.5527740120887756,9.576086044311523,3.471592903137207,-1.1234369277954102,0.9891687035560608,-1.1852275133132935
1781548260704146,201647820,-0.8189070820808411,-0.572665810585022,0.03705354407429695,0.008495604619383812,0.5424279570579529,9.569656372070312,3.4156925678253174,-6.642194747924805,1.589428424835205,-1.4046519994735718
1781548260732117,201664487,-0.8193628191947937,-0.5720206499099731,0.036912500858306885,0.00863634329289198,0.5540327429771423,9.392191886901855,3.451906681060791,-8.900940895080566,1.0941684246063232,-2.356471538543701
1781548260733694,201681154,-0.819636881351471,-0.5716402530670166,0.03666882589459419,0.008857958018779755,0.4051748216152191,9.269598960876465,3.5095102787017822,-6.723296165466309,1.286596417427063,-3.3076627254486084
1781548260762136,201697821,-0.8191943168640137,-0.5722733736038208,0.036620840430259705,0.009104412980377674,0.33989498019218445,9.40040111541748,3.53428053855896,1.812591314315796,0.002439609495922923,-2.9638631343841553
1781548260792822,201714488,-0.8186930418014526,-0.572983980178833,0.0366787388920784,0.009264877066016197,0.429414302110672,9.62030029296875,3.55761981010437,2.5081427097320557,-0.2689461410045624,-2.0876142978668213
1781548260795134,201731155,-0.8189015984535217,-0.5726804733276367,0.036716241389513016,0.009460663422942162,0.49074092507362366,9.714044570922852,3.5565388202667236,-6.004104137420654,-0.13508139550685883,-2.0502967834472656
1781548260823752,201747822,-0.8196216225624084,-0.5716444253921509,0.0367332361638546,0.009687371551990509,0.5290358066558838,9.480683326721191,3.4717793464660645,-12.159520149230957,-0.20234045386314392,-2.138930559158325
1781548260825659,201764489,-0.820040762424469,-0.5710400342941284,0.03671884536743164,0.009908867068588734,0.47508999705314636,9.338053703308105,3.507768154144287,-8.540312767028809,0.054996881633996964,-2.3228416442871094
1781548260852137,201781156,-0.8200399875640869,-0.5710357427597046,0.0367281436920166,0.010198731906712055,0.38709694147109985,9.38559341430664,3.5244531631469727,-3.5151000022888184,-0.2637723982334137,-2.7407639026641846
1781548260854874,201797823,-0.8200008869171143,-0.5710805654525757,0.036810506135225296,0.010517604649066925,0.43046098947525024,9.430328369140625,3.5238037109375,-3.098047971725464,-0.9592211842536926,-2.692291259765625
1781548260882255,201814490,-0.8199734091758728,-0.5711113214492798,0.03685084357857704,0.010853222571313381,0.45189976692199707,9.445910453796387,3.413546562194824,-3.2311835289001465,-0.7917526364326477,-2.949993848800659
1781548260883850,201831157,-0.8198726177215576,-0.571250855922699,0.036837540566921234,0.011158130131661892,0.4865935742855072,9.543091773986816,3.4271795749664307,-2.325390100479126,-0.3557604253292084,-3.011387825012207
1781548260912193,201847824,-0.8200716972351074,-0.5709619522094727,0.036789361387491226,0.011467632837593555,0.5241755247116089,9.48189926147461,3.4058923721313477,-5.922796726226807,-0.14909154176712036,-3.048231840133667
1781548260942186,201864491,-0.8202979564666748,-0.5706349015235901,0.036710940301418304,0.011812837794423103,0.5015988349914551,9.278463363647461,3.451549768447876,-6.2559027671813965,-0.10348813235759735,-3.3523056507110596
1781548260943788,201881158,-0.819820761680603,-0.5713207721710205,0.03658909723162651,0.01216039527207613,0.44316917657852173,9.297001838684082,3.472825765609741,2.213519811630249,0.04399621859192848,-3.8461947441101074
1781548260974634,201897825,-0.8186177611351013,-0.5730456113815308,0.03647380694746971,0.012388614006340504,0.45962145924568176,9.566705703735352,3.466581344604492,10.953116416931152,0.4261123239994049,-3.453105926513672
1781548260976373,201914492,-0.8179534673690796,-0.5740028619766235,0.03628358244895935,0.012520654127001762,0.41043564677238464,9.747538566589355,3.493786573410034,4.5285115242004395,1.3087772130966187,-2.9646449089050293
1781548261001539,201931159,-0.8177896738052368,-0.574246346950531,0.03606836125254631,0.01266130805015564,0.41498035192489624,9.624689102172852,3.400380849838257,-1.4674410820007324,1.414928674697876,-2.913572311401367
1781548261003587,201947826,-0.8174661993980408,-0.5747190117835999,0.035840872675180435,0.012751237489283085,0.4886760115623474,9.541716575622559,3.3659279346466064,0.46763017773628235,1.7600085735321045,-2.713473081588745
1781548261032229,201964493,-0.8169146180152893,-0.575526773929596,0.0354524664580822,0.012757502496242523,0.46108537912368774,9.552085876464844,3.370681047439575,3.2477614879608154,2.7564969062805176,-3.0571963787078857
1781548261033224,201981160,-0.8163403868675232,-0.5763661861419678,0.035024579614400864,0.012792320922017097,0.3466057777404785,9.526263236999512,3.452059268951416,3.508626699447632,2.9397552013397217,-3.3558530807495117
1781548261061784,201997827,-0.8153041005134583,-0.5778493881225586,0.03464951366186142,0.012992560863494873,0.1929023563861847,9.514822959899902,3.499922752380371,8.921233177185059,2.00787615776062,-4.244217872619629
1781548261091582,202014494,-0.8136839866638184,-0.5801328420639038,0.03445712476968765,0.013311035931110382,0.15239597856998444,9.579080581665039,3.4713215827941895,15.712976455688477,0.39937278628349304,-4.440439701080322
1781548261093878,202031161,-0.8114080429077148,-0.5833064913749695,0.03438561037182808,0.013723324052989483,0.33135131001472473,9.700201034545898,3.349759101867676,23.295135498046875,-0.7992202639579773,-4.778378486633301
1781548261123710,202047828,-0.8092555403709412,-0.5862913131713867,0.03423541784286499,0.014002015814185143,0.5105063319206238,9.87002944946289,3.331660509109497,21.768020629882812,0.15374688804149628,-4.302454471588135
1781548261125665,202064495,-0.8074331283569336,-0.5888131260871887,0.03386218845844269,0.014298716560006142,0.692851185798645,9.891886711120605,3.284449577331543,17.843204498291016,1.508263349533081,-5.110610485076904
1781548261152148,202081162,-0.8058400750160217,-0.5910072922706604,0.0333721786737442,0.0147792287170887,0.4313701093196869,9.816265106201172,3.6312739849090576,15.040194511413574,1.413226842880249,-6.512777328491211
1781548261153877,202097829,-0.8037355542182922,-0.5938353538513184,0.033483728766441345,0.015742719173431396,-0.27180784940719604,9.742081642150879,3.811063766479492,20.583303451538086,-3.9156506061553955,-6.935943603515625
1781548261181921,202114496,-0.7991204857826233,-0.5999767780303955,0.03380994871258736,0.017067650333046913,-0.638471782207489,10.178086280822754,3.504579782485962,49.08270263671875,-6.855275630950928,-9.107932090759277
1781548261183708,202131163,-0.7934470772743225,-0.607435941696167,0.03353360295295715,0.01840960420668125,-0.27230820059776306,11.40951156616211,3.9260475635528564,60.61534881591797,-3.6712331771850586,-12.105290412902832
1781548261211752,202147830,-0.7890260219573975,-0.6132062077522278,0.03192700445652008,0.019926484674215317,0.41408708691596985,12.204798698425293,3.9456934928894043,45.96438217163086,2.9144365787506104,-18.07010841369629
1781548261242138,202164497,-0.7837883234024048,-0.6199780106544495,0.028689611703157425,0.021912582218647003,0.29370051622390747,12.157160758972168,3.892414093017578,54.51573181152344,9.749573707580566,-27.821504592895508
1781548261244840,202181164,-0.778167724609375,-0.6271039843559265,0.02378605492413044,0.025099731981754303,-0.6350111365318298,11.98621940612793,3.6793527603149414,57.57107162475586,13.585115432739258,-41.523841857910156
1781548261271614,202197831,-0.772192656993866,-0.6344225406646729,0.01685025542974472,0.03070436418056488,-1.8099085092544556,13.188150405883789,3.025496006011963,59.3853874206543,14.008716583251953,-63.31246566772461
1781548261273812,202214498,-0.7631377577781677,-0.6448917388916016,0.008058241568505764,0.04087540879845619,-2.2634921073913574,15.711275100708008,2.4839024543762207,88.63024139404297,4.252676963806152,-96.66875457763672
1781548261301640,202231165,-0.7579380869865417,-0.6498812437057495,-0.004039634019136429,0.05628478154540062,-1.362846851348877,18.76101303100586,2.686858654022217,41.563385009765625,-2.954152822494507,-137.4247589111328
1781548261303400,202247832,-0.7594594359397888,-0.6459248065948486,-0.019013894721865654,0.07510679215192795,-0.7429319620132446,18.51377296447754,2.164924383163452,-36.11131286621094,-6.860507488250732,-165.71360778808594
1781548261332935,202264499,-0.7639458179473877,-0.6367451548576355,-0.037227485328912735,0.09775789827108383,-0.8534622192382812,15.138588905334473,1.437147855758667,-77.73472595214844,-10.03809928894043,-199.26251220703125
1781548261334331,202281166,-0.7604678869247437,-0.6340916752815247,-0.05910223349928856,0.12697790563106537,-1.5639640092849731,13.251832962036133,0.867311954498291,-9.361189842224121,-13.139153480529785,-253.5044708251953
1781548261361786,202297833,-0.7493043541908264,-0.6365242600440979,-0.08324363082647324,0.16263683140277863,-3.5803582668304443,14.857131958007812,1.20461106300354,51.390140533447266,-21.80054473876953,-301.7403259277344
1781548261394447,202314500,-0.7403051257133484,-0.6320140361785889,-0.10833398252725601,0.20191720128059387,-4.8007588386535645,15.965693473815918,1.2862223386764526,7.145535945892334,-41.771400451660156,-326.129150390625
1781548261396236,202331167,-0.7347185015678406,-0.6190224289894104,-0.13457250595092773,0.2426735907793045,-4.4605937004089355,14.428766250610352,0.9393876791000366,-51.373416900634766,-56.665733337402344,-340.23486328125
1781548261423620,202347834,-0.7289380431175232,-0.6011618375778198,-0.1613883525133133,0.2849695384502411,-4.037654399871826,12.087760925292969,0.9526157379150391,-74.70075988769531,-68.25650787353516,-355.3275146484375
1781548261425313,202364501,-0.7202779054641724,-0.5811119675636292,-0.18739597499370575,0.3292284905910492,-4.2263383865356445,10.10562801361084,0.44884753227233887,-70.01173400878906,-81.52637481689453,-369.9256591796875
1781548261451560,202381168,-0.7071467041969299,-0.5610631704330444,-0.21212494373321533,0.3743724226951599,-5.066127300262451,9.063409805297852,0.5729246735572815,-48.10197448730469,-85.6374282836914,-379.336181640625
1781548261453493,202397835,-0.6949147582054138,-0.5350576639175415,-0.23686017096042633,0.41797617077827454,-5.484113693237305,8.020721435546875,1.163676142692566,-82.81786346435547,-96.31859588623047,-378.25640869140625
1781548261482443,202414502,-0.6840161085128784,-0.5034615397453308,-0.26298701763153076,0.45769673585891724,-5.2491679191589355,6.243095397949219,1.0723254680633545,-124.78187561035156,-93.62376403808594,-370.09844970703125
1781548261483962,202431169,-0.6710650324821472,-0.47134900093078613,-0.287002295255661,0.49510782957077026,-4.932132720947266,4.910157680511475,1.0865790843963623,-117.63233184814453,-93.47386169433594,-359.307373046875
1781548261513146,202447836,-0.6546526551246643,-0.44065091013908386,-0.306424081325531,0.5323168039321899,-4.290006637573242,4.012014389038086,1.3767013549804688,-84.63363647460938,-102.37152862548828,-352.4686584472656
1781548261542367,202464503,-0.6378915309906006,-0.4078636169433594,-0.32397520542144775,0.5672581195831299,-3.981722116470337,2.9431302547454834,1.968086838722229,-90.91448211669922,-110.83763122558594,-342.26654052734375
1781548261544429,202481170,-0.6221808791160583,-0.37235942482948303,-0.3419837951660156,0.5977344512939453,-3.710620403289795,1.6489124298095703,1.7586932182312012,-117.51696014404297,-109.24472045898438,-325.9110412597656
1781548261571572,202497837,-0.6069211959838867,-0.33812230825424194,-0.3581576645374298,0.6237331628799438,-2.9985404014587402,0.45411428809165955,1.8337234258651733,-116.23155975341797,-101.47239685058594,-297.19482421875
1781548261573918,202514504,-0.5925025343894958,-0.30557337403297424,-0.37322574853897095,0.645188570022583,-1.8576221466064453,-1.2527366876602173,1.9213109016418457,-117.58045196533203,-90.34646606445312,-267.8739013671875
1781548261603318,202531171,-0.5803613662719727,-0.2700715661048889,-0.3940335512161255,0.6595298647880554,-1.2862690687179565,-2.5628116130828857,3.315216541290283,-178.1313018798828,-70.95519256591797,-248.42250061035156
1781548261604145,202547838,-0.5681554079055786,-0.2366960346698761,-0.4124525785446167,0.6716081500053406,-1.7305222749710083,-4.123958110809326,3.4506993293762207,-164.81114196777344,-66.45783233642578,-229.4695281982422
1781548261632857,202564505,-0.5547261834144592,-0.21439766883850098,-0.4188825488090515,0.6861852407455444,-1.6848084926605225,-5.519927501678467,3.210245132446289,-57.06230163574219,-62.72595977783203,-193.9139404296875
1781548261633920,202581172,-0.5432602167129517,-0.20320580899715424,-0.41695401072502136,0.6998037695884705,-0.8066503405570984,-5.905239582061768,3.0808725357055664,19.09039878845215,-46.43869400024414,-136.66152954101562
1781548261663276,202597839,-0.5359296202659607,-0.19617514312267303,-0.4177829921245575,0.7069315314292908,-0.8235184550285339,-5.201610088348389,4.684709548950195,-3.0173709392547607,-18.897920608520508,-84.42741394042969
1781548261691707,202614506,-0.5338276624679565,-0.18933266401290894,-0.42431822419166565,0.7064950466156006,-1.666743516921997,-5.223116874694824,4.910648822784424,-58.83658218383789,-1.768049716949463,-38.28984451293945
1781548261694429,202631173,-0.5357667803764343,-0.1873914748430252,-0.4291403889656067,0.7026215195655823,-1.6006242036819458,-5.652841091156006,4.197271347045898,-47.81190872192383,8.441551208496094,10.490739822387695
1781548261722373,202647840,-0.5396491885185242,-0.19453351199626923,-0.42732539772987366,0.6988050937652588,-1.2923122644424438,-5.082005977630615,4.242122650146484,15.378229141235352,22.070005416870117,55.02524948120117
1781548261724826,202664507,-0.545836329460144,-0.20775794982910156,-0.4227697253227234,0.6929395794868469,-1.7104945182800293,-4.024971008300781,4.506526470184326,42.01448059082031,37.09950256347656,95.24787902832031
1781548261752548,202681174,-0.5555064082145691,-0.2214190512895584,-0.42016446590423584,0.6825305819511414,-2.649434804916382,-3.2631616592407227,4.4928107261657715,16.179706573486328,42.87155532836914,127.38386535644531
1781548261754101,202697841,-0.5685510635375977,-0.23382329940795898,-0.41952046751976013,0.6678913235664368,-3.881497383117676,-3.1848702430725098,4.3811516761779785,-15.182510375976562,41.15999984741211,152.7677764892578
1781548261782695,202714508,-0.5838332176208496,-0.24744966626167297,-0.41666021943092346,0.6513845920562744,-5.101023197174072,-3.3261969089508057,4.130749225616455,-9.210020065307617,34.65985107421875,177.43988037109375
1781548261784061,202731175,-0.5988885760307312,-0.2671278715133667,-0.4059278964996338,0.6365514993667603,-5.6626787185668945,-3.0138847827911377,3.5988361835479736,55.529842376708984,27.967130661010742,200.44970703125
1781548261812753,202747842,-0.6121854186058044,-0.2936760187149048,-0.3874974548816681,0.6235617995262146,-5.442165851593018,-1.6536308526992798,3.8345870971679688,125.9068603515625,27.859922409057617,218.4951171875
1781548261842005,202764509,-0.624731183052063,-0.3226921856403351,-0.36702337861061096,0.608994722366333,-5.491905212402344,-0.22181999683380127,4.197608470916748,142.3807373046875,35.02922821044922,232.6287078857422
1781548261844441,202781176,-0.6383636593818665,-0.34853917360305786,-0.350039541721344,0.5903258919715881,-6.855203628540039,0.6983658075332642,4.257737159729004,101.38150787353516,43.11149978637695,239.05075073242188
1781548261871774,202797843,-0.6542558670043945,-0.3700481355190277,-0.3344586193561554,0.568463921546936,-8.177302360534668,1.196162462234497,4.343794822692871,63.53907775878906,33.872703552246094,248.4326171875
1781548261874190,202814510,-0.6707591414451599,-0.39129409193992615,-0.3157016634941101,0.545255720615387,-7.774680137634277,1.4960765838623047,4.4084296226501465,70.12393188476562,20.57316017150879,264.3627014160156
1781548261901541,202831177,-0.6859886050224304,-0.4149967133998871,-0.2932363450527191,0.5207783579826355,-5.9963884353637695,1.96559739112854,4.253974437713623,96.04059600830078,18.860877990722656,280.7662353515625
1781548261904735,202847844,-0.6972782611846924,-0.4430955648422241,-0.2681950032711029,0.49552085995674133,-4.77652645111084,2.7283570766448975,3.7351436614990234,135.68801879882812,32.627017974853516,286.56683349609375
1781548261932770,202864511,-0.7031153440475464,-0.4755198359489441,-0.24388892948627472,0.46907150745391846,-6.301311016082764,4.063042163848877,3.1860158443450928,168.35134887695312,64.58759307861328,279.444091796875
1781548261934212,202881178,-0.7087239623069763,-0.5057658553123474,-0.2199116200208664,0.4399435520172119,-8.575538635253906,6.082314491271973,2.948986530303955,153.01071166992188,68.29204559326172,286.9287109375
1781548261961763,202897845,-0.7172611951828003,-0.5302693247795105,-0.19539524614810944,0.40764182806015015,-8.274474143981934,7.815317153930664,3.413630247116089,111.65959930419922,54.8944091796875,304.4466857910156
1781548261992376,202914512,-0.7301152944564819,-0.5465502142906189,-0.17404739558696747,0.3713788688182831,-5.855384826660156,7.929903030395508,3.011950731277466,41.141380310058594,56.11271667480469,313.4765625
1781548261993787,202931179,-0.7394317984580994,-0.5631667971611023,-0.15358611941337585,0.3354032039642334,-4.115044593811035,7.608369827270508,1.7080888748168945,54.2025146484375,64.57421112060547,300.05712890625
1781548262021619,202947846,-0.7404394745826721,-0.5853402018547058,-0.13181954622268677,0.3029026389122009,-4.733304977416992,9.844010353088379,2.4002459049224854,121.32575988769531,66.06917572021484,274.1368713378906
1781548262023514,202964513,-0.7435631155967712,-0.6005178689956665,-0.1109018549323082,0.2723842263221741,-5.476048946380615,12.79427719116211,3.562727451324463,77.20205688476562,45.91472625732422,258.6685485839844
1781548262053719,202981180,-0.7576035261154175,-0.5996525883674622,-0.09580167382955551,0.2393239587545395,-5.46490478515625,12.020130157470703,2.8922624588012695,-62.75621032714844,47.7813606262207,255.8465118408203
1781548262055581,202997847,-0.7721256613731384,-0.5959122180938721,-0.08130042254924774,0.2051856368780136,-4.93304443359375,9.797926902770996,1.692697286605835,-81.42070770263672,50.297325134277344,257.8943786621094
1781548262083079,203014514,-0.7745888829231262,-0.6043975949287415,-0.06311971694231033,0.1753043532371521,-3.5871055126190186,10.722984313964844,2.1354563236236572,40.48754119873047,37.303321838378906,240.17691040039062
1781548262084948,203031181,-0.7725540995597839,-0.6145020127296448,-0.045689940452575684,0.1531669646501541,-2.2202723026275635,13.298773765563965,3.4145185947418213,70.25648498535156,13.017943382263184,191.07229614257812
1781548262112656,203047848,-0.774929940700531,-0.6170233488082886,-0.0303947813808918,0.13357435166835785,-0.7160709500312805,13.528820037841797,2.210810422897339,9.885645866394043,4.232877731323242,170.78518676757812
1781548262144325,203064515,-0.7787500619888306,-0.6166273951530457,-0.01733408495783806,0.11409943550825119,-1.311081051826477,12.26623821258545,2.410013198852539,-13.8156099319458,12.657544136047363,161.38739013671875
1781548262146018,203081182,-0.7801509499549866,-0.6180275678634644,-0.006074577569961548,0.096797876060009,-2.656075954437256,11.335386276245117,2.164607048034668,4.904312610626221,14.784710884094238,140.4236297607422
1781548262172568,203097849,-0.7783512473106384,-0.6224563121795654,0.003561566350981593,0.08188288658857346,-2.9037599563598633,12.073809623718262,2.286320686340332,33.767555236816406,15.499082565307617,118.71941375732422
1781548262174196,203114516,-0.7771317958831787,-0.6252711415290833,0.011945207603275776,0.07042496651411057,-2.73348331451416,13.862133026123047,3.077939510345459,21.856203079223633,6.511102676391602,95.2249526977539
1781548262201906,203131183,-0.7790046334266663,-0.6235976815223694,0.01991027221083641,0.06230182200670242,-0.7446348667144775,13.590103149414062,2.8468823432922363,-15.897066116333008,-7.509822845458984,77.47483825683594
1781548262203303,203147850,-0.7819644808769226,-0.6203439235687256,0.026804005727171898,0.05464882031083107,1.239927053451538,12.078911781311035,2.5624234676361084,-29.54546546936035,-4.315330505371094,71.04515075683594
1781548262233045,203164517,-0.782050371170044,-0.6206201910972595,0.030411554500460625,0.04799067601561546,0.6151657700538635,12.280189514160156,2.8102104663848877,0.2729122042655945,9.905577659606934,49.94561004638672
1781548262235005,203181184,-0.7837086319923401,-0.6187309622764587,0.03226571902632713,0.04395425319671631,-1.0507054328918457,12.439209938049316,2.987804651260376,-19.207170486450195,7.761663913726807,29.336830139160156
1781548262262695,203197851,-0.7876370549201965,-0.6138004660606384,0.03376429155468941,0.04167469963431358,-1.536206603050232,11.461181640625,2.8316903114318848,-45.748992919921875,1.788147211074829,19.720521926879883
1781548262292138,203214518,-0.7905808091163635,-0.6100502610206604,0.03588280454277992,0.03915507718920708,-1.208193063735962,10.657891273498535,2.9069762229919434,-34.96821975708008,-0.44735413789749146,23.08364486694336
1781548262294341,203231185,-0.7933799624443054,-0.6064424514770508,0.0390671081840992,0.035351913422346115,-0.6469379663467407,10.003081321716309,2.7862918376922607,-32.98341369628906,-0.8545874357223511,34.45964431762695
1781548262322303,203247852,-0.7960700392723083,-0.6029033660888672,0.042675647884607315,0.03096987120807171,-0.4983418583869934,9.597495079040527,2.880030393600464,-31.895566940307617,-0.767657995223999,39.34295654296875
1781548262324056,203264519,-0.7977311015129089,-0.6006423234939575,0.04622534662485123,0.02677902951836586,-0.3270607888698578,9.708639144897461,2.5801761150360107,-20.702632904052734,-1.268630862236023,37.459720611572266
1781548262351479,203281186,-0.7980931401252747,-0.6000185012817383,0.0497010163962841,0.023559508845210075,0.24974443018436432,10.525598526000977,2.484747886657715,-6.680699348449707,-4.9855170249938965,31.068553924560547
1781548262353431,203297853,-0.7997816801071167,-0.5976247787475586,0.05228670686483383,0.02144729159772396,0.939709484577179,11.301678657531738,2.536641836166382,-22.38924217224121,-4.503535747528076,22.141342163085938
1781548262382067,203314520,-0.8038159608840942,-0.5920193195343018,0.05441216379404068,0.020792091265320778,1.8113954067230225,11.172476768493652,2.7109756469726562,-50.28133010864258,-7.591038227081299,13.738062858581543
1781548262384137,203331187,-0.8097919225692749,-0.5837135910987854,0.055505722761154175,0.02084774151444435,1.915985107421875,9.952308654785156,3.233336925506592,-73.52397155761719,-4.439957618713379,6.89510440826416
1781548262413351,203347854,-0.81575608253479,-0.5753000974655151,0.05598551034927368,0.020919056609272957,0.9821239709854126,8.484736442565918,3.5545153617858887,-74.169921875,-1.104479432106018,4.381041526794434
1781548262442486,203364521,-0.8183912038803101,-0.5714482665061951,0.05694636330008507,0.02097599394619465,0.5336014032363892,8.007802963256836,3.825315475463867,-35.340885162353516,-4.371211051940918,4.129112243652344
1781548262444064,203381188,-0.817703902721405,-0.5723131895065308,0.05803942680358887,0.021197065711021423,0.9861893057823181,8.736778259277344,3.8932018280029297,4.2099151611328125,-6.380610466003418,1.399036169052124
1781548262473407,203397855,-0.816937267780304,-0.5733241438865662,0.05872609466314316,0.02154332585632801,1.5125443935394287,9.7919921875,3.7888665199279785,5.2346038818359375,-4.598402976989746,-0.9740768671035767
1781548262474716,203414522,-0.8189506530761719,-0.5704180002212524,0.058872390538454056,0.02184685319662094,1.5101253986358643,10.110797882080078,3.639061212539673,-27.78696060180664,-0.8514965176582336,-0.8722941875457764
1781548262502647,203431189,-0.8224666714668274,-0.5653663873672485,0.05855584889650345,0.021932236850261688,1.138582706451416,9.78551197052002,3.6491897106170654,-45.741764068603516,2.8960938453674316,-0.3668918311595917
1781548262504067,203447856,-0.8255673050880432,-0.5608896613121033,0.05799677595496178,0.021858764812350273,0.630574107170105,9.391197204589844,3.830047369003296,-40.8490104675293,4.805169105529785,-0.7063255310058594
1781548262531682,203464523,-0.8274350762367249,-0.5581891536712646,0.0574348159134388,0.02185201458632946,0.1271398514509201,9.164141654968262,3.9073047637939453,-26.03899383544922,4.338846206665039,-1.989547848701477
1781548262533737,203481190,-0.827890157699585,-0.5575258731842041,0.05729139223694801,0.021921737119555473,-0.07782545685768127,9.19015884399414,3.958165168762207,-8.994888305664062,1.4125984907150269,-1.833472728729248
1781548262562126,203497857,-0.8271924257278442,-0.5585234761238098,0.05762619152665138,0.021992266178131104,0.04483453184366226,9.338522911071777,3.845531463623047,4.95053243637085,-1.5171045064926147,-0.8314011693000793
1781548262592741,203514524,-0.8260607123374939,-0.5601238012313843,0.05825214087963104,0.022175226360559464,0.389732301235199,9.557491302490234,3.7293190956115723,10.045388221740723,-3.6860406398773193,-0.6557494401931763
1781548262594096,203531191,-0.8254280686378479,-0.5609919428825378,0.05875682830810547,0.02245546504855156,0.7266683578491211,9.672747611999512,3.547759771347046,3.907006025314331,-3.283932685852051,-1.3053898811340332
1781548262621997,203547858,-0.8254907131195068,-0.5608627200126648,0.05902061611413956,0.022692574188113213,0.8966184854507446,9.725659370422363,3.525261878967285,-4.455854415893555,-1.623435378074646,-1.4792741537094116
1781548262623871,203564525,-0.8261042237281799,-0.5599443316459656,0.0591328963637352,0.02275509014725685,0.8698288798332214,9.659467697143555,3.491032361984253,-11.011301040649414,0.010558840818703175,-0.6667501330375671
1781548262651604,203581192,-0.8269492387771606,-0.5586954951286316,0.05918283388018608,0.022620413452386856,0.8090558648109436,9.477251052856445,3.53559947013855,-13.709806442260742,1.16702401638031,0.3839665949344635
1781548262653650,203597859,-0.8279303908348083,-0.5572590231895447,0.059095095843076706,0.022395603358745575,0.580963671207428,9.263805389404297,3.6838033199310303,-15.284660339355469,2.321453809738159,0.46449315547943115
1781548262682492,203614526,-0.8282949328422546,-0.5567167401313782,0.05914825573563576,0.022265229374170303,0.4206799864768982,9.148332595825195,3.8103442192077637,-7.849256992340088,1.0450432300567627,0.009111720137298107
1781548262683965,203631193,-0.8280529379844666,-0.5570499300956726,0.059394966810941696,0.02228090539574623,0.4894922375679016,9.229283332824707,3.860624074935913,-0.5717907547950745,-0.7295265197753906,-0.530093252658844
1781548262711772,203647860,-0.8278973698616028,-0.5572327375411987,0.05975886434316635,0.0225033238530159,0.7068983912467957,9.30307674407959,3.8671963214874268,-1.8258013725280762,-2.1766953468322754,-1.1834220886230469
1781548262745638,203664527,-0.8282188177108765,-0.5567101240158081,0.060037918388843536,0.022869355976581573,0.8228529095649719,9.341652870178223,3.886716842651367,-7.739673137664795,-2.1571788787841797,-1.9620996713638306
1781548262746462,203681194,-0.8287209272384644,-0.5559159517288208,0.06027546525001526,0.02337156981229782,0.8129124045372009,9.382161140441895,3.905327796936035,-10.040234565734863,-2.4098870754241943,-2.756196975708008
1781548262773550,203697861,-0.829448938369751,-0.554800808429718,0.06032918021082878,0.0238998681306839,0.8031659126281738,9.364216804504395,3.9280331134796143,-12.77270221710205,-1.4197382926940918,-3.438059091567993
1781548262775451,203714528,-0.8301618099212646,-0.5537295937538147,0.06018220633268356,0.02435380592942238,0.68609619140625,9.262269973754883,3.853088855743408,-12.466757774353027,0.008625080808997154,-3.80069637298584
1781548262801679,203731195,-0.8303256630897522,-0.5534793734550476,0.06010318174958229,0.024647749960422516,0.6767100691795349,9.167912483215332,3.8471851348876953,-5.612485885620117,0.1404280662536621,-3.0602314472198486
1781548262803904,203747862,-0.8298237919807434,-0.5542401671409607,0.059942081570625305,0.0248461551964283,0.7461156845092773,9.132664680480957,3.742230176925659,2.7188587188720703,0.8689172863960266,-3.357658624649048
1781548262832611,203764529,-0.828796923160553,-0.5557992458343506,0.05966540053486824,0.024963973090052605,0.8112373948097229,9.238816261291504,3.683872699737549,9.286571502685547,1.755590796470642,-3.7568717002868652
1781548262834477,203781196,-0.8278088569641113,-0.5573104619979858,0.059227652847766876,0.025095289573073387,0.7286079525947571,9.380234718322754,3.6513609886169434,8.832305908203125,2.6302778720855713,-4.4229302406311035
1781548262862225,203797863,-0.8269957900047302,-0.5585616230964661,0.058731283992528915,0.025249797850847244,0.6511623859405518,9.503413200378418,3.6681225299835205,6.66137170791626,2.9005939960479736,-4.643698692321777
1781548262892843,203814530,-0.8267307877540588,-0.5589976906776428,0.05822812393307686,0.025446508079767227,0.5902335047721863,9.544706344604492,3.7534074783325195,-0.09526645392179489,2.856860399246216,-4.485348224639893
1781548262893869,203831197,-0.82691490650177,-0.5587612986564636,0.05777379125356674,0.025683430954813957,0.5460492372512817,9.481356620788574,3.825563669204712,-5.652430057525635,2.4868593215942383,-4.178187847137451
1781548262922213,203847864,-0.8271310329437256,-0.5584723949432373,0.0573638416826725,0.025931881740689278,0.6014066338539124,9.319397926330566,3.839460849761963,-6.070300579071045,2.1934783458709717,-4.046243667602539
1781548262923314,203864531,-0.8270076513290405,-0.5586863160133362,0.05693303793668747,0.02620847523212433,0.6202181577682495,9.268075942993164,3.823336362838745,-1.922156572341919,2.1594643592834473,-4.545473575592041
1781548262951628,203881198,-0.8264960050582886,-0.5594652891159058,0.056566186249256134,0.02652125619351864,0.6648828387260437,9.326560020446777,3.804628372192383,2.780086040496826,1.6068065166473389,-4.796375274658203
1781548262954837,203897865,-0.8258978724479675,-0.5603702068328857,0.05620118975639343,0.026825301349163055,0.7200106978416443,9.388307571411133,3.766313314437866,3.8320252895355225,1.6198304891586304,-4.804225444793701
1781548262981660,203914532,-0.8251926302909851,-0.561430037021637,0.05589122697710991,0.02701553702354431,0.6599733233451843,9.504874229431152,3.730419635772705,5.178625583648682,1.7322958707809448,-4.026047706604004
1781548262984619,203931199,-0.8245811462402344,-0.5623450875282288,0.0556635744869709,0.02712084725499153,0.5860198736190796,9.613962173461914,3.721459150314331,4.042984485626221,1.60306715965271,-3.1532185077667236
1781548263014541,203947866,-0.8243364691734314,-0.5627105832099915,0.05556899309158325,0.02717246487736702,0.5898967385292053,9.65107250213623,3.7118594646453857,-0.4456353783607483,1.0934765338897705,-2.055393695831299
1781548263044443,203964533,-0.8244994282722473,-0.5624721050262451,0.05555316433310509,0.027200179174542427,0.5463666319847107,9.494086265563965,3.715202569961548,-5.421965599060059,0.7825000286102295,-1.3084120750427246
1781548263046139,203981200,-0.8246697187423706,-0.5622193217277527,0.05555472522974014,0.02725757099688053,0.4728924334049225,9.319819450378418,3.72011137008667,-5.539553165435791,0.5696969032287598,-1.402692437171936
1781548263072212,203997867,-0.8243993520736694,-0.5625962615013123,0.055665869265794754,0.027431992813944817,0.4234173595905304,9.286457061767578,3.690964698791504,-0.28942346572875977,-0.5552064180374146,-1.9653265476226807
1781548263074167,204014534,-0.8238701820373535,-0.5633342266082764,0.05590338259935379,0.02769877389073372,0.5015048384666443,9.406573295593262,3.693110227584839,2.746968984603882,-1.6591397523880005,-2.1864027976989746
1781548263102359,204031201,-0.8236003518104553,-0.5636947154998779,0.05611981451511383,0.027950840070843697,0.5893204212188721,9.479796409606934,3.6596288681030273,-0.39429470896720886,-1.4553648233413696,-1.9902476072311401
1781548263103557,204047868,-0.8235986828804016,-0.5636708736419678,0.05625920370221138,0.028200991451740265,0.6710872650146484,9.41806697845459,3.6294100284576416,-3.62400484085083,-0.9821701049804688,-2.077958345413208
1781548263132037,204064535,-0.8236371874809265,-0.5636019110679626,0.05624730885028839,0.02848125249147415,0.656005322933197,9.390947341918945,3.582718849182129,-4.075966835021973,-0.23561124503612518,-2.8098409175872803
1781548263133064,204081202,-0.8236245512962341,-0.563616931438446,0.056159041821956635,0.028722316026687622,0.6671175956726074,9.392666816711426,3.5952744483947754,-3.402160882949829,0.34586748480796814,-2.9260332584381104
1781548263162569,204097869,-0.8236797451972961,-0.5635513663291931,0.055935800075531006,0.028856681659817696,0.5584904551506042,9.383103370666504,3.5472798347473145,-4.1073174476623535,1.5340793132781982,-2.8004417419433594
1781548263192505,204114536,-0.8235532641410828,-0.5637479424476624,0.05573800206184387,0.02901325561106205,0.49780774116516113,9.444238662719727,3.575817346572876,-1.9221563339233398,1.2858535051345825,-2.964491128921509
1781548263193803,204131203,-0.823418378829956,-0.5639598965644836,0.05550575256347656,0.0291710514575243,0.5480619072914124,9.396758079528809,3.5408053398132324,-1.8102291822433472,1.475964069366455,-3.112609624862671
1781548263221838,204147870,-0.8231589198112488,-0.5643598437309265,0.05522296950221062,0.029290473088622093,0.5828505754470825,9.428350448608398,3.5441741943359375,-0.2580607831478119,1.900827169418335,-3.1878209114074707
1781548263223271,204164537,-0.8225876092910767,-0.5652155876159668,0.05497865006327629,0.02930094301700592,0.6532614231109619,9.551349639892578,3.580251455307007,3.5801749229431152,2.0791172981262207,-2.6576502323150635
1781548263251581,204181204,-0.8222081661224365,-0.5658062100410461,0.05465279519557953,0.0291566364467144,0.6811800003051758,9.633591651916504,3.6002964973449707,1.3773807287216187,3.161292791366577,-1.9604732990264893
1781548263253367,204197871,-0.8222302794456482,-0.5658228993415833,0.054284483194351196,0.02889351360499859,0.5888841152191162,9.542004585266113,3.6444509029388428,-3.394028663635254,3.899681568145752,-1.1578733921051025
1781548263282708,204214538,-0.8222933411598206,-0.5657758712768555,0.05395817011594772,0.02863703854382038,0.4841851592063904,9.343019485473633,3.6027112007141113,-3.9066412448883057,3.6383676528930664,-1.0003937482833862
1781548263284049,204231205,-0.8219271898269653,-0.5663362145423889,0.05374523997306824,0.028469255194067955,0.4203745126724243,9.2748441696167,3.6406853199005127,1.1858359575271606,2.6132829189300537,-1.3701385259628296
1781548263312897,204247872,-0.8212165236473083,-0.5673741698265076,0.053680893033742905,0.028432544320821762,0.4001510739326477,9.376531600952148,3.62804913520813,5.20758056640625,1.229556918144226,-1.7758567333221436
1781548263342887,204264539,-0.8204681873321533,-0.5684548616409302,0.053658273071050644,0.02849707566201687,0.447089284658432,9.594361305236816,3.6059658527374268,5.566427707672119,0.5930045247077942,-2.207597255706787
1781548263344197,204281206,-0.8202282786369324,-0.5687909126281738,0.053721703588962555,0.028578221797943115,0.5135043263435364,9.672718048095703,3.65984845161438,-0.6105811595916748,0.0833885446190834,-1.590651035308838
1781548263372779,204297873,-0.8207245469093323,-0.5680686235427856,0.05372072756290436,0.02869989722967148,0.5565780997276306,9.453659057617188,3.5897464752197266,-9.485794067382812,0.35236042737960815,-1.5352128744125366
1781548263374625,204314540,-0.8210479021072388,-0.5675950646400452,0.053677767515182495,0.028895074501633644,0.5427270531654358,9.256707191467285,3.5491437911987305,-7.4412078857421875,0.28785476088523865,-2.239856481552124
1781548263402068,204331207,-0.8208239674568176,-0.5679134726524353,0.0536033995449543,0.029138565063476562,0.5644762516021729,9.248016357421875,3.5294933319091797,-0.8588962554931641,0.23176291584968567,-3.036167621612549
1781548263403073,204347874,-0.8205559253692627,-0.568300724029541,0.05345209687948227,0.029414864256978035,0.539436399936676,9.3090181350708,3.507506847381592,-0.32607531547546387,0.5363619923591614,-3.5556447505950928
1781548263431586,204364541,-0.8203155994415283,-0.5686528086662292,0.05320954695343971,0.02975284866988659,0.4852975606918335,9.39537525177002,3.5216922760009766,-0.6728840470314026,0.8124156594276428,-4.241911888122559
1781548263433851,204381208,-0.8201977014541626,-0.5688295960426331,0.05286689102649689,0.030230466276407242,0.4716704785823822,9.348626136779785,3.51652455329895,-2.2122843265533447,0.8398852348327637,-5.3316168785095215
1781548263464487,204397875,-0.8201140761375427,-0.5689582228660583,0.052430350333452225,0.030831482261419296,0.42134398221969604,9.371481895446777,3.4870471954345703,-2.6817400455474854,0.8891259431838989,-6.369956970214844
1781548263492614,204414542,-0.8199767470359802,-0.569159746170044,0.051989179104566574,0.03150717541575432,0.3831132650375366,9.382547378540039,3.484684944152832,-2.089061737060547,0.6185275316238403,-6.846595287322998
1781548263494097,204431209,-0.8199295997619629,-0.5692223310470581,0.051569391041994095,0.03228020295500755,0.3357972800731659,9.403534889221191,3.426748514175415,-3.255413055419922,0.11945126205682755,-7.242133140563965
1781548263522110,204447876,-0.8198105096817017,-0.5693836212158203,0.051168669015169144,0.033087484538555145,0.3229566216468811,9.524174690246582,3.4193084239959717,-2.4248831272125244,-0.12595048546791077,-7.411126613616943
1781548263524804,204464543,-0.8194735646247864,-0.5698566436767578,0.05084226652979851,0.03378721699118614,0.38884103298187256,9.701212882995605,3.4107744693756104,0.2387295961380005,-0.12917765974998474,-6.672749042510986
1781548263551652,204481210,-0.8193169832229614,-0.5700801610946655,0.05054285749793053,0.034259453415870667,0.5750954151153564,9.78769588470459,3.4692978858947754,-1.7879841327667236,0.6151978373527527,-5.156002998352051
1781548263553553,204497877,-0.8196997046470642,-0.5695610642433167,0.050059180706739426,0.03445237874984741,0.635339617729187,9.666581153869629,3.469595193862915,-8.032451629638672,2.760556697845459,-3.919947624206543
1781548263582518,204514544,-0.8198615908622742,-0.5693785548210144,0.049476124346256256,0.03445744886994362,0.6252814531326294,9.497109413146973,3.535034418106079,-5.228693008422852,4.06049108505249,-3.4191811084747314
1781548263584077,204531211,-0.8196783661842346,-0.5697122812271118,0.04873732849955559,0.034350719302892685,0.42108839750289917,9.314512252807617,3.4963254928588867,-0.9670843482017517,5.38053035736084,-3.656341075897217
1781548263611981,204547878,-0.819124698638916,-0.5705714225769043,0.04803292453289032,0.0342913493514061,0.2133955955505371,9.33549690246582,3.496007204055786,3.4372692108154297,5.001552581787109,-4.0521979331970215
1781548263641555,204564545,-0.8181566596031189,-0.5720044374465942,0.04751303046941757,0.03425389155745506,0.31137627363204956,9.47865104675293,3.5153696537017822,8.331781387329102,3.874018430709839,-3.738661289215088
1781548263643663,204581212,-0.8173418641090393,-0.5732176303863525,0.046974413096904755,0.0341663621366024,0.5417763590812683,9.594982147216797,3.4931442737579346,6.50369930267334,4.17490291595459,-3.422522783279419
1781548263672177,204597879,-0.8172940611839294,-0.573353111743927,0.04617241397500038,0.03413087874650955,0.46090859174728394,9.433198928833008,3.4676482677459717,-2.6538214683532715,5.444601058959961,-4.224930763244629
1781548263673550,204614546,-0.8175652027130127,-0.5730307102203369,0.04513245075941086,0.03444015607237816,0.14897705614566803,9.171360969543457,3.483100414276123,-6.64946985244751,5.416877269744873,-6.880188941955566
1781548263701566,204631213,-0.8170603513717651,-0.5737764835357666,0.04432132467627525,0.03505370765924454,-0.025753973051905632,9.103377342224121,3.4198782444000244,2.372627019882202,2.943726062774658,-8.203967094421387
1781548263703167,204647880,-0.8156591653823853,-0.5757595300674438,0.04387190192937851,0.035730473697185516,0.10716840624809265,9.5696382522583,3.4619791507720947,12.92746353149414,0.6872212290763855,-7.724156856536865
1781548263732125,204664547,-0.8146929144859314,-0.57710862159729,0.043588098138570786,0.03634857386350632,0.4138393700122833,9.956027030944824,3.4853780269622803,7.70897102355957,-0.03385999798774719,-6.440891742706299
1781548263734642,204681214,-0.8154104351997375,-0.5760902166366577,0.04309060424566269,0.03700438141822815,0.4186151325702667,9.811239242553711,3.521124839782715,-12.298611640930176,0.9265720248222351,-6.369792461395264
1781548263762675,204697881,-0.8167393803596497,-0.5741919875144958,0.04248286038637161,0.03788890317082405,0.19485631585121155,9.31491470336914,3.527451276779175,-19.748371124267578,0.5958355665206909,-7.673089981079102
1781548263792902,204714548,-0.8169423341751099,-0.5738570690155029,0.0420796163380146,0.03902139514684677,0.14113640785217285,9.05994701385498,3.5180530548095703,-6.542497634887695,-1.4531244039535522,-9.008015632629395
1781548263794838,204731215,-0.8160192966461182,-0.5751035213470459,0.04187586531043053,0.04018921032547951,0.14255942404270172,9.354029655456543,3.4630374908447266,6.826191425323486,-2.614417314529419,-9.178647994995117
1781548263822448,204747882,-0.8148563504219055,-0.5766794681549072,0.04192356765270233,0.04113873839378357,0.11199598759412766,10.056461334228516,3.461872100830078,9.755620002746582,-3.140669584274292,-7.12062931060791
1781548263823349,204764549,-0.8151341080665588,-0.5762205719947815,0.042167019098997116,0.041811659932136536,0.2616475224494934,10.285340309143066,3.49726939201355,-7.221604347229004,-3.300452947616577,-3.8005154132843018
1781548263852141,204781216,-0.817381739616394,-0.5729812383651733,0.04208879917860031,0.04252449795603752,0.2953663766384125,9.624956130981445,3.4423699378967285,-30.713010787963867,-1.8842178583145142,-3.926440477371216
1781548263853632,204797883,-0.8192147612571716,-0.5703026652336121,0.04185962677001953,0.04347476735711098,0.08581233769655228,8.867806434631348,3.3731234073638916,-26.04063606262207,-1.9268096685409546,-6.139148712158203
1781548263883289,204814550,-0.8187108635902405,-0.5709393620491028,0.0418844111263752,0.04457058757543564,-0.013590487651526928,8.913887023925781,3.3258273601531982,1.8295859098434448,-3.609342336654663,-7.615464687347412
1781548263884751,204831217,-0.816928505897522,-0.5733922719955444,0.042087022215127945,0.04558186233043671,0.11363906413316727,9.715174674987793,3.3235394954681396,17.15045928955078,-4.090776443481445,-7.356105327606201
1781548263912078,204847884,-0.81675124168396,-0.5735890865325928,0.04214759171009064,0.04622583091259003,0.23449905216693878,10.09610652923584,3.276607036590576,-1.7876640558242798,-2.0875251293182373,-4.696921348571777
1781548263942981,204864551,-0.8182522058486938,-0.5714316368103027,0.04178711026906967,0.04672513157129288,0.1419984996318817,9.898051261901855,3.321162462234497,-21.719684600830078,0.5856162309646606,-4.3294758796691895
1781548263944343,204881218,-0.8198294043540955,-0.569159209728241,0.04139305278658867,0.04716372862458229,0.17208880186080933,9.353316307067871,3.357222318649292,-22.65950584411621,0.9981862902641296,-4.062412261962891
1781548263972246,204897885,-0.8205474615097046,-0.5681272745132446,0.04081433266401291,0.047618746757507324,0.1949319988489151,9.06090259552002,3.355624198913574,-12.371440887451172,2.1320858001708984,-5.50943660736084
1781548263973376,204914552,-0.8199777603149414,-0.5689594745635986,0.04022674635052681,0.04799335077404976,0.2089931219816208,9.301368713378906,3.408172845840454,3.1958184242248535,2.74568772315979,-6.035184860229492
1781548264001637,204931219,-0.8191826343536377,-0.5701481699943542,0.03952092304825783,0.04805220663547516,0.13552214205265045,9.758285522460938,3.3933589458465576,6.13514518737793,4.702498435974121,-4.890719890594482
1781548264003889,204947886,-0.8190473914146423,-0.5704140663146973,0.03876741975545883,0.0478164479136467,0.06283597648143768,10.062289237976074,3.486347198486328,-1.584913969039917,6.0000505447387695,-2.9499173164367676
1781548264031848,204964553,-0.8201485276222229,-0.5689247846603394,0.03792330622673035,0.04735918715596199,0.1862937957048416,9.668743133544922,3.437587261199951,-16.288963317871094,7.131998062133789,-1.1833336353302002
1781548264033871,204981220,-0.8211694955825806,-0.5675680041313171,0.03682200610637665,0.04681327939033508,0.12953321635723114,9.22005844116211,3.4701828956604004,-15.289424896240234,8.95107650756836,-1.7504631280899048
1781548264062053,204997887,-0.8208060264587402,-0.568196713924408,0.03583318740129471,0.0463254414498806,0.027917608618736267,9.217045783996582,3.5470974445343018,1.3444429636001587,8.377948760986328,-2.5878310203552246
1781548264093205,205014554,-0.819953441619873,-0.5695213079452515,0.03497252240777016,0.04581528529524803,-0.0013384120538830757,9.506973266601562,3.5546772480010986,7.228374004364014,7.84323263168335,-2.2881243228912354
1781548264123868,205031221,-0.8194662928581238,-0.5703245997428894,0.034124888479709625,0.04516931623220444,-0.0907902866601944,9.799419403076172,3.561197280883789,2.8956761360168457,8.224732398986816,-1.2310490608215332
1781548264125395,205047888,-0.8196207880973816,-0.5701969861984253,0.033529408276081085,0.044416334480047226,0.03732966631650925,9.788129806518555,3.6520984172821045,-4.762272834777832,7.085607051849365,0.7788246870040894
1781548264126805,205064555,-0.8204261660575867,-0.5691356062889099,0.03286151960492134,0.0436566025018692,0.1833571493625641,9.516520500183105,3.6885972023010254,-12.596424102783203,7.38474178314209,0.9469213485717773
1781548264151621,205081222,-0.8208576440811157,-0.5686101913452148,0.03220752254128456,0.04286963492631912,0.1743941605091095,9.384632110595703,3.748635768890381,-8.099864959716797,7.489802837371826,0.9213467240333557
1781548264153366,205097889,-0.820881724357605,-0.5686631798744202,0.03165821731090546,0.042109522968530655,0.09754282981157303,9.40349006652832,3.8124260902404785,-3.2165844440460205,6.873867034912109,0.9305799603462219
1781548264182637,205114556,-0.8208388686180115,-0.5688057541847229,0.03116297349333763,0.04138113558292389,-0.037389613687992096,9.458101272583008,3.7934911251068115,-2.4410061836242676,6.456611156463623,0.9239975810050964
1781548264184432,205131223,-0.8208149075508118,-0.5689008831977844,0.030890466645359993,0.040748849511146545,-0.10865144431591034,9.41229248046875,3.7481324672698975,-2.737729072570801,4.814426422119141,1.2684755325317383
1781548264212292,205147890,-0.8208472728729248,-0.5688910484313965,0.030797922983765602,0.040300194174051285,-0.10768856853246689,9.344956398010254,3.689472198486328,-3.5389585494995117,3.062312602996826,0.9741600155830383
1781548264242214,205164557,-0.8208090662956238,-0.56895911693573,0.03088192641735077,0.04005568474531174,-0.05240970477461815,9.31379222869873,3.6656851768493652,-2.817448139190674,1.2743535041809082,0.477196604013443
1781548264244124,205181224,-0.8206977844238281,-0.5691192746162415,0.03098873794078827,0.03997936099767685,-0.04567218944430351,9.467178344726562,3.620094060897827,-2.040269374847412,0.49716174602508545,-0.422161340713501
1781548264273015,205197891,-0.8209646344184875,-0.5687161087989807,0.03122706525027752,0.040049318224191666,0.04749128594994545,9.51563835144043,3.6389620304107666,-6.693892478942871,-0.8918598294258118,-0.5091933012008667
1781548264274192,205214558,-0.8218507766723633,-0.5674176216125488,0.031316470354795456,0.04022547975182533,0.10147964954376221,9.350532531738281,3.5630452632904053,-14.232551574707031,-0.5797567367553711,-1.327763319015503
1781548264301669,205231225,-0.8224568367004395,-0.5665176510810852,0.03137868270277977,0.040471408516168594,-0.003342641983181238,9.298033714294434,3.5977859497070312,-10.910412788391113,-0.6484881639480591,-1.99151611328125
1781548264303085,205247892,-0.8226238489151001,-0.566243052482605,0.03151088207960129,0.040815334767103195,-0.05133607238531113,9.370347023010254,3.582509756088257,-5.665261745452881,-1.3467544317245483,-2.5301382541656494
1781548264332121,205264559,-0.8228551745414734,-0.5658734440803528,0.031675081700086594,0.04115325212478638,-0.10748986899852753,9.516206741333008,3.520477533340454,-6.442965984344482,-1.5171432495117188,-2.3326773643493652
1781548264334216,205281226,-0.8231495022773743,-0.5654131174087524,0.03187743201851845,0.04143471270799637,-0.14605119824409485,9.614079475402832,3.56256103515625,-7.17899751663208,-1.5255181789398193,-1.8267236948013306
1781548264362002,205297893,-0.8236574530601501,-0.5646402835845947,0.032114848494529724,0.04169576242566109,0.017078541219234467,9.529047966003418,3.480698823928833,-9.76300048828125,-1.6861997842788696,-1.4448128938674927
1781548264392379,205314560,-0.824179470539093,-0.5638630390167236,0.03214814513921738,0.041872862726449966,0.13045398890972137,9.4334135055542,3.466848373413086,-9.883893013000488,-0.20323684811592102,-1.757057547569275
1781548264394716,205331227,-0.8246328830718994,-0.5631991028785706,0.03201211616396904,0.041984833776950836,0.23037616908550262,9.393478393554688,3.549222946166992,-9.010575294494629,1.0262690782546997,-2.0892539024353027
1781548264425093,205347894,-0.82517409324646,-0.5624288320541382,0.03163596987724304,0.04196219518780708,0.25369787216186523,9.293499946594238,3.5521366596221924,-9.993144035339355,2.8974697589874268,-2.207674503326416
1781548264425387,205364561,-0.8255419135093689,-0.5619384050369263,0.03093460574746132,0.04181947559118271,-0.022454053163528442,9.326136589050293,3.6082684993743896,-7.802947998046875,5.249881267547607,-2.8955419063568115
1781548264451648,205381228,-0.8253976702690125,-0.5621939301490784,0.030357524752616882,0.04165907949209213,-0.09762796014547348,9.447247505187988,3.686159133911133,-1.5518991947174072,4.718647003173828,-2.6207683086395264
1781548264454007,205397895,-0.8253778219223022,-0.5622726082801819,0.02974134124815464,0.04143244028091431,0.07024926692247391,9.42524242401123,3.632823944091797,-3.0334794521331787,5.171711444854736,-2.3228931427001953
1781548264481698,205414562,-0.8253141641616821,-0.562426745891571,0.029015662148594856,0.041123755276203156,0.11837530881166458,9.390965461730957,3.6798503398895264,-2.450943946838379,6.123210906982422,-2.308767795562744
1781548264484053,205431229,-0.8250758647918701,-0.5628364086151123,0.028240086510777473,0.04083830863237381,0.10431390255689621,9.42609977722168,3.7186732292175293,-0.34423479437828064,6.354096412658691,-2.734130620956421
1781548264512309,205447896,-0.824974536895752,-0.5630440711975098,0.027430454269051552,0.040570758283138275,0.10792596638202667,9.412065505981445,3.7747766971588135,-2.0338149070739746,6.448068141937256,-2.889676332473755
1781548264541722,205464563,-0.8250308632850647,-0.5630248188972473,0.026596838608384132,0.04024914652109146,-0.1066986471414566,9.320840835571289,3.7824676036834717,-3.927004098892212,6.7598137855529785,-2.5892527103424072
1781548264573648,205481230,-0.8249292969703674,-0.5632171034812927,0.025966422632336617,0.04005036875605583,-0.2845434248447418,9.362602233886719,3.863457441329956,-2.0816338062286377,5.161682605743408,-2.581555128097534
1781548264574116,205497897,-0.8247399926185608,-0.5635084509849548,0.02570304088294506,0.040024492889642715,-0.15827718377113342,9.442239761352539,3.8966622352600098,-1.1095420122146606,2.4211747646331787,-2.182368516921997
1781548264575724,205514564,-0.8248095512390137,-0.5634124875068665,0.02551444061100483,0.0400584414601326,-0.04577013850212097,9.521312713623047,3.8528270721435547,-4.297952175140381,1.7036736011505127,-2.0923655033111572
1781548264602549,205531231,-0.8252151012420654,-0.5628138780593872,0.025406528264284134,0.040191445499658585,-0.10619053989648819,9.589262008666992,3.8413448333740234,-8.4439058303833,0.7836911082267761,-2.1603546142578125
1781548264603818,205547898,-0.8260625004768372,-0.5615525841712952,0.0253903828561306,0.040431927889585495,-0.0819334015250206,9.547514915466309,3.7822153568267822,-13.908242225646973,-0.2591622769832611,-2.177119493484497
1781548264632158,205564565,-0.8271018862724304,-0.5600066184997559,0.025388289242982864,0.04062989726662636,-0.09123595803976059,9.428584098815918,3.7113945484161377,-16.253923416137695,-0.22016698122024536,-1.778381109237671
1781548264633268,205581232,-0.8278873562812805,-0.5588368773460388,0.025473643094301224,0.04068391025066376,-0.11526945233345032,9.37271785736084,3.680657148361206,-13.087969779968262,-0.10263015329837799,-0.7594426274299622
1781548264661951,205597899,-0.8282588124275208,-0.5582886338233948,0.025572843849658966,0.04058993235230446,-0.1110854372382164,9.499889373779297,3.6682512760162354,-7.929295539855957,0.48853030800819397,-0.08840224891901016
1781548264691655,205614566,-0.8285488486289978,-0.5578718185424805,0.025695720687508583,0.04031897336244583,0.04015953466296196,9.515395164489746,3.6742358207702637,-6.831484317779541,1.0551856756210327,0.9647472500801086
1781548264693934,205631233,-0.8291651010513306,-0.556991457939148,0.02551860734820366,0.03993304446339607,0.07891792804002762,9.33843994140625,3.6479172706604004,-10.787124633789062,3.134143829345703,0.6411821246147156
1781548264722241,205647900,-0.82947838306427,-0.556567907333374,0.025201579555869102,0.039532627910375595,0.04398857057094574,9.253350257873535,3.6873815059661865,-7.05877161026001,4.059466361999512,0.02409514971077442
1781548264723190,205664567,-0.8293871879577637,-0.5567489862442017,0.024794626981019974,0.039152029901742935,-0.00024110800586640835,9.246020317077637,3.7328574657440186,-2.0912129878997803,4.591185569763184,-0.6474506855010986
1781548264752053,205681234,-0.8292762637138367,-0.5569650530815125,0.024313438683748245,0.03873051702976227,-0.04345539212226868,9.328021049499512,3.7779088020324707,-1.8291184902191162,5.177281379699707,-0.7097792625427246
1781548264752951,205697901,-0.8292006254196167,-0.5571274757385254,0.023868167772889137,0.038285139948129654,-0.097760871052742,9.449127197265625,3.852416753768921,-2.256671190261841,5.055415630340576,-0.41774314641952515
1781548264781612,205714568,-0.8292537331581116,-0.557099461555481,0.023440860211849213,0.037804488092660904,-0.02455642633140087,9.488006591796875,3.8959145545959473,-3.8251163959503174,5.058925151824951,-0.08263938874006271
1781548264783785,205731235,-0.8296152949333191,-0.5566139221191406,0.022987069562077522,0.03730035945773125,-0.027760982513427734,9.43027400970459,3.9489381313323975,-7.618704795837402,5.2307353019714355,0.10398118197917938
1781548264812637,205747902,-0.8300871253013611,-0.5559555292129517,0.022605640813708305,0.036851633340120316,-0.0843828096985817,9.320964813232422,3.9885854721069336,-9.016275405883789,4.578790664672852,0.12029647827148438
1781548264873336,205764569,-0.8302384614944458,-0.5557617545127869,0.02236696518957615,0.036507535725831985,-0.09334535896778107,9.29964542388916,3.9677658081054688,-5.120209217071533,3.4314804077148438,-0.08470119535923004
1781548264873764,205781236,-0.830445408821106,-0.5554763078689575,0.022218434140086174,0.036234840750694275,-0.10967022180557251,9.35937213897705,3.993450880050659,-5.843333721160889,2.6304309368133545,-0.11949606984853745
1781548264875786,205797903,-0.8309658765792847,-0.5547115802764893,0.02210419625043869,0.036087874323129654,-0.10687300562858582,9.34596061706543,3.9598195552825928,-9.787359237670898,1.8827838897705078,-0.5547968745231628
1781548264903158,205814570,-0.8314942121505737,-0.553932249546051,0.022057022899389267,0.03591776266694069,-0.10741594433784485,9.37299633026123,3.8994245529174805,-9.880525588989258,1.5850616693496704,-0.16235895454883575
1781548264903682,205831237,-0.831949770450592,-0.5532581806182861,0.02203519269824028,0.03577476367354393,-0.07375986874103546,9.388106346130371,3.899754762649536,-8.999805450439453,1.351934790611267,-0.2549104690551758
1781548264904639,205847904,-0.8325124979019165,-0.5524234771728516,0.021991673856973648,0.03560665622353554,0.06376402825117111,9.3294038772583,3.890171527862549,-10.328134536743164,1.5484870672225952,-0.14280368387699127
1781548264932613,205864571,-0.8330817222595215,-0.5515881180763245,0.02175617776811123,0.03538963571190834,0.06279274076223373,9.244925498962402,3.866187572479248,-10.395506858825684,2.8337326049804688,-0.5907827019691467
1781548264933664,205881238,-0.8333830833435059,-0.551159679889679,0.021411200985312462,0.03517651557922363,0.009322351776063442,9.207854270935059,3.910757303237915,-7.076905727386475,3.505425214767456,-1.1542237997055054
1781548264962209,205897905,-0.8335122466087341,-0.5509901642799377,0.021084526553750038,0.03497115522623062,-0.05020871013402939,9.242981910705566,3.9026639461517334,-4.9370527267456055,3.4077889919281006,-1.2096621990203857
1781548264991646,205914572,-0.8335183262825012,-0.5510144829750061,0.02069506235420704,0.034670449793338776,-0.13779135048389435,9.3485746383667,3.9416375160217285,-3.3621408939361572,4.1581130027771,-0.958491325378418
1781548264993479,205931239,-0.8334192037582397,-0.5511967539787292,0.02042274735867977,0.03431437537074089,-0.09193342924118042,9.443513870239258,3.963372230529785,-2.022212266921997,3.7190983295440674,-0.24461407959461212
1781548265023211,205947906,-0.8335915803909302,-0.5509742498397827,0.0200748723000288,0.033906202763319016,0.015883170068264008,9.37961196899414,3.942079782485962,-5.381343841552734,4.291875839233398,-0.11146648973226547
1781548265024548,205964573,-0.8338429927825928,-0.550635039806366,0.019665272906422615,0.03347030282020569,-0.0411832295358181,9.315903663635254,3.9773943424224854,-6.360363960266113,4.734424591064453,-0.15211383998394012
1781548265051497,205981240,-0.8339651823043823,-0.5504863858222961,0.01931128464639187,0.033075571060180664,-0.056965719908475876,9.28154468536377,4.03505277633667,-4.772017955780029,4.286535263061523,-0.23301155865192413
1781548265053570,205997907,-0.8340552449226379,-0.5503832697868347,0.0189885925501585,0.032706119120121,-0.09007828682661057,9.255006790161133,4.0089030265808105,-4.385189533233643,4.0180888175964355,-0.27250635623931885
1781548265082548,206014574,-0.8341916799545288,-0.5502089858055115,0.01867574080824852,0.03233683481812477,-0.07819236814975739,9.308659553527832,4.0669779777526855,-4.966405391693115,3.9504196643829346,-0.21669626235961914
1781548265083962,206031241,-0.8344656825065613,-0.5498226881027222,0.018388638272881508,0.0320000946521759,-0.022562338039278984,9.275320053100586,4.07843017578125,-6.700564861297607,3.6502904891967773,-0.24835358560085297
1781548265112184,206047908,-0.8348547220230103,-0.549259603023529,0.01799917034804821,0.03174784034490585,-0.003106683026999235,9.199071884155273,4.039272785186768,-8.183450698852539,3.8932013511657715,-1.0721477270126343
1781548265141849,206064575,-0.8350167274475098,-0.5490334630012512,0.017595646902918816,0.03161726891994476,-0.05153302848339081,9.185370445251465,4.041732311248779,-5.410274028778076,3.5604283809661865,-1.9151133298873901
1781548265144642,206081242,-0.8350614905357361,-0.5489789843559265,0.017219267785549164,0.03158862143754959,-0.08088215440511703,9.233002662658691,4.006766319274902,-3.9882307052612305,3.042731285095215,-2.4440665245056152
1781548265171904,206097909,-0.8351592421531677,-0.5488409996032715,0.016869818791747093,0.031592994928359985,-0.1640946865081787,9.278435707092285,4.006119251251221,-4.664957046508789,2.751284599304199,-2.5105955600738525
1781548265173581,206114576,-0.8353692293167114,-0.5485305190086365,0.016565648838877678,0.03159124776721001,-0.23780585825443268,9.353376388549805,4.044651985168457,-6.068841934204102,2.4899072647094727,-2.260077953338623
1781548265201802,206131243,-0.8355061411857605,-0.5483253002166748,0.01644199527800083,0.031603891402482986,-0.07256430387496948,9.346623420715332,4.031641006469727,-5.151060104370117,1.4130463600158691,-1.6892985105514526
1781548265203094,206147910,-0.8357705473899841,-0.5479291081428528,0.0161674153059721,0.031625788658857346,0.003941889852285385,9.261527061462402,4.015520095825195,-6.762342929840088,2.2181177139282227,-2.2621140480041504
1781548265232628,206164577,-0.8359113931655884,-0.5477191805839539,0.015890896320343018,0.031677279621362686,-0.08406955003738403,9.262503623962402,4.059364318847656,-5.231112480163574,2.1452364921569824,-2.487300395965576
1781548265235167,206181244,-0.8359032869338989,-0.5477328896522522,0.015724563971161842,0.031739357858896255,-0.10061857849359512,9.243477821350098,4.10051155090332,-3.3613977432250977,1.5042786598205566,-2.1900391578674316
1781548265262270,206197911,-0.8359256982803345,-0.5477015972137451,0.015529295429587364,0.031781766563653946,-0.11040806025266647,9.305765151977539,4.082830905914307,-3.73872447013855,1.7383407354354858,-2.174288034439087
1781548265291653,206214578,-0.8358926773071289,-0.5477579236030579,0.015359506011009216,0.03176182135939598,-0.09508439153432846,9.323585510253906,4.122854709625244,-3.0148842334747314,1.8397926092147827,-1.7414971590042114
1781548265294422,206231245,-0.8359568119049072,-0.5476690530776978,0.015153205953538418,0.03170614317059517,-0.04139893129467964,9.314263343811035,4.109809398651123,-4.219025611877441,2.162665843963623,-1.637150764465332
1781548265321876,206247912,-0.8361269235610962,-0.5474203824996948,0.014896910637617111,0.03163323923945427,-0.023964397609233856,9.227299690246582,4.104641914367676,-5.545611381530762,2.490623950958252,-1.6869295835494995
1781548265323304,206264579,-0.836193323135376,-0.5473273992538452,0.014620942994952202,0.03161775693297386,-0.06416541337966919,9.159024238586426,4.104134559631348,-4.270725727081299,2.411390781402588,-2.129734516143799
1781548265351768,206281246,-0.8360694050788879,-0.5475199818611145,0.014353468082845211,0.03168405592441559,-0.1240491047501564,9.208839416503906,4.1234130859375,-1.9188908338546753,2.0971105098724365,-2.6384541988372803
1781548265354534,206297913,-0.8359385132789612,-0.5477175712585449,0.01424508448690176,0.03177348151803017,-0.14420436322689056,9.335195541381836,4.182070732116699,-1.8307318687438965,1.0963068008422852,-2.174211263656616
1781548265381832,206314580,-0.8362283706665039,-0.5472719073295593,0.014205645769834518,0.03183988109230995,-0.20180223882198334,9.301820755004883,4.135174751281738,-7.0955891609191895,0.6873745322227478,-1.6272644996643066
1781548265383642,206331247,-0.8368102312088013,-0.5463701486587524,0.014197387732565403,0.03204374760389328,-0.2875588834285736,9.27667236328125,4.149562835693359,-10.822534561157227,-0.08002690970897675,-2.1913723945617676
1781548265413883,206347914,-0.8371384143829346,-0.5458438396453857,0.014330311678349972,0.032382410019636154,-0.23929046094417572,9.248050689697266,4.087911605834961,-7.691585540771484,-1.340838074684143,-2.5287039279937744
1781548265442226,206364581,-0.8370816707611084,-0.5459066033363342,0.014569615013897419,0.032687220722436905,-0.17495155334472656,9.390231132507324,4.022116661071777,-2.8289098739624023,-1.7336726188659668,-2.078214406967163
1781548265443431,206381248,-0.8371862173080444,-0.5457289218902588,0.014796572737395763,0.03287151828408241,-0.13573655486106873,9.55729866027832,4.002404689788818,-4.809566020965576,-1.2477996349334717,-1.3703820705413818
1781548265473636,206397915,-0.8377241492271423,-0.5448939204216003,0.014999203383922577,0.03292680159211159,-0.07531286776065826,9.444504737854004,3.995913028717041,-10.211992263793945,-0.7282717823982239,-0.55433589220047
1781548265475291,206414582,-0.8383583426475525,-0.543922483921051,0.015089020133018494,0.032804422080516815,-0.0822945311665535,9.197779655456543,3.9742279052734375,-11.366678237915039,0.5662394165992737,0.0818646252155304
1781548265501639,206431249,-0.8382545709609985,-0.5440905690193176,0.015179316513240337,0.032629821449518204,-0.06309784203767776,9.133214950561523,4.051446437835693,-2.0335333347320557,0.9390320181846619,0.09983190894126892
1781548265504131,206447916,-0.8378592729568481,-0.5447095632553101,0.015224249102175236,0.03243086487054825,0.08347827941179276,9.168012619018555,4.137761116027832,1.648555040359497,1.3625378608703613,-0.04194079712033272
1781548265532010,206464583,-0.8375845551490784,-0.5451512932777405,0.015017853118479252,0.0321972593665123,0.1316959112882614,9.14900016784668,4.144580364227295,0.12345962226390839,2.913604736328125,-0.7385935187339783
1781548265534014,206481250,-0.837046205997467,-0.5460020303726196,0.014668796211481094,0.03194374591112137,0.011203167960047722,9.16833782196045,4.1666035652160645,3.4378199577331543,3.873326063156128,-1.2599143981933594
1781548265561768,206497917,-0.8363425731658936,-0.5470998883247375,0.014338862150907516,0.031741488724946976,-0.09938438981771469,9.290155410766602,4.180561065673828,5.479293346405029,3.6087722778320312,-1.5444332361221313
1781548265592558,206514584,-0.8358317017555237,-0.5479004383087158,0.014058385044336319,0.03150986135005951,-0.13848280906677246,9.343680381774902,4.161997318267822,3.0585474967956543,3.3889002799987793,-1.118237853050232
1781548265593597,206531251,-0.8354917764663696,-0.5484345555305481,0.013900456950068474,0.03130355104804039,-0.20610754191875458,9.2746000289917,4.1122517585754395,0.9082455635070801,2.5477147102355957,-0.739310622215271
1781548265622009,206547918,-0.8351717591285706,-0.5489283800125122,0.013838079757988453,0.0312143936753273,-0.22426123917102814,9.170536994934082,4.073739051818848,0.6110357046127319,1.5506888628005981,-1.0434998273849487
1781548265624073,206564585,-0.8348588347434998,-0.5494009256362915,0.01380083430558443,0.031287189573049545,-0.18824361264705658,9.146915435791016,4.069486618041992,0.4518528878688812,0.7907472252845764,-1.874939203262329
1781548265651815,206581252,-0.8347325921058655,-0.5495769381523132,0.013774697668850422,0.03157670795917511,-0.12873858213424683,9.107617378234863,4.076117038726807,-1.973496913909912,-0.13771949708461761,-3.00846791267395
1781548265654785,206597919,-0.8346402645111084,-0.5496905446052551,0.01373190525919199,0.03205638378858566,-0.1392209678888321,9.116193771362305,4.054680347442627,-2.480205535888672,-0.7706476449966431,-4.149333953857422
1781548265682327,206614586,-0.8345760703086853,-0.5497523546218872,0.013678744435310364,0.03268338367342949,-0.2287762463092804,9.2431001663208,4.029962062835693,-2.9000751972198486,-1.2771389484405518,-5.022933006286621
1781548265683971,206631253,-0.8347305059432983,-0.5494716167449951,0.013678055256605148,0.03345265984535217,-0.2786511182785034,9.37824535369873,4.01452112197876,-5.693345546722412,-2.1720471382141113,-5.559263229370117
1781548265712776,206647920,-0.8351514935493469,-0.5487823486328125,0.01371871866285801,0.03423428535461426,-0.2738328278064728,9.425665855407715,3.9347527027130127,-9.036944389343262,-2.5251824855804443,-5.37399435043335
1781548265742097,206664587,-0.8356410264968872,-0.5479908585548401,0.01380225084722042,0.034924063831567764,-0.26962319016456604,9.435235977172852,3.930122137069702,-9.864030838012695,-2.4426584243774414,-4.658785343170166
1781548265744063,206681254,-0.836055338382721,-0.547319769859314,0.013896964490413666,0.035489749163389206,-0.16802752017974854,9.389131546020508,3.898221731185913,-8.874802589416504,-2.0177688598632812,-3.932997465133667
1781548265772445,206697921,-0.8364227414131165,-0.5467346906661987,0.013822606764733791,0.035878174006938934,-0.11529272049665451,9.263869285583496,3.875020980834961,-8.229119300842285,-0.36230456829071045,-3.569847822189331
1781548265773680,206714588,-0.83641117811203,-0.5467376112937927,0.013609516434371471,0.03618727624416351,-0.07606329023838043,9.183090209960938,3.888110399246216,-3.449697971343994,0.8430484533309937,-3.7846100330352783
1781548265802524,206731255,-0.8360298275947571,-0.5473140478134155,0.013265282846987247,0.036408890038728714,0.0023951693437993526,9.186454772949219,3.923060178756714,1.213433861732483,2.0341415405273438,-3.9204466342926025
1781548265803376,206747922,-0.8354614973068237,-0.5481881499290466,0.01268899068236351,0.03650860860943794,0.012288863770663738,9.280845642089844,3.93658185005188,3.580674886703491,3.8841729164123535,-4.1673784255981445
1781548265831750,206764589,-0.8349149227142334,-0.5490362644195557,0.01196656096726656,0.0365125946700573,-0.03852664306759834,9.327939987182617,4.022797584533691,3.320065498352051,5.079901218414307,-4.161192893981934
1781548265833975,206781256,-0.8344780206680298,-0.549716055393219,0.01118849590420723,0.03652040287852287,-0.17022143304347992,9.39167308807373,4.0860185623168945,1.9254027605056763,5.352113723754883,-4.352161407470703
1781548265861860,206797923,-0.8342223167419434,-0.5501176118850708,0.010516616515815258,0.03651516139507294,-0.2846245765686035,9.340388298034668,4.173294544219971,-0.3277273178100586,4.736114501953125,-3.809107780456543
1781548265891645,206814590,-0.8340389132499695,-0.5503987669944763,0.009997823275625706,0.03661002591252327,-0.3530953526496887,9.173099517822266,4.196579456329346,-1.2599656581878662,3.454468250274658,-3.77732253074646
1781548265893994,206831257,-0.8335006237030029,-0.5512004494667053,0.009712904691696167,0.036882881075143814,-0.3532696068286896,9.107050895690918,4.221411228179932,3.114792823791504,1.5461043119430542,-4.037893295288086
1781548265922240,206847924,-0.8326449990272522,-0.5524609684944153,0.00968655664473772,0.03735325112938881,-0.27124568819999695,9.262619972229004,4.220696926116943,7.00021505355835,-0.5889769792556763,-4.3005781173706055
1781548265923817,206864591,-0.8322065472602844,-0.5530793070793152,0.009773476049304008,0.03794869780540466,-0.2461622953414917,9.476776123046875,4.20790958404541,1.760764479637146,-1.8489171266555786,-4.436273574829102
1781548265952495,206881258,-0.8324741721153259,-0.5526221394538879,0.010029234923422337,0.038663916289806366,-0.3289729356765747,9.469391822814941,4.1937336921691895,-7.041150093078613,-3.503805160522461,-4.223330020904541
1781548265953857,206897925,-0.8330763578414917,-0.551648736000061,0.01042234618216753,0.039483536034822464,-0.4239424169063568,9.325428009033203,4.0934624671936035,-11.237360000610352,-4.80150032043457,-4.174513816833496
1781548265984239,206914592,-0.8334417343139648,-0.5510204434394836,0.01102245319634676,0.040371522307395935,-0.4063030481338501,9.302506446838379,4.019139289855957,-8.311042785644531,-6.1694488525390625,-3.869581460952759
1781548265984667,206931259,-0.8336189985275269,-0.5506787300109863,0.011726217344403267,0.04116871953010559,-0.2498016357421875,9.31800365447998,3.896129608154297,-5.920274257659912,-6.3545122146606445,-3.0301623344421387
1781548266011992,206947926,-0.8338648080825806,-0.5502458214759827,0.012219549156725407,0.04182974249124527,-0.16896429657936096,9.333830833435059,3.845181941986084,-6.751804351806641,-4.652535438537598,-3.0196359157562256
1781548266042001,206964593,-0.8339297771453857,-0.5500989556312561,0.012570297345519066,0.042359258979558945,-0.21857082843780518,9.382225036621094,3.766371726989746,-4.457916259765625,-3.270576000213623,-2.881493091583252
1781548266043491,206981260,-0.8338583111763,-0.5501769781112671,0.012744402512907982,0.04270081967115402,-0.21892394125461578,9.37441349029541,3.729356050491333,-2.688347816467285,-1.4930541515350342,-2.53094482421875
1781548266071935,206997927,-0.8337999582290649,-0.5502516031265259,0.01274503581225872,0.04287727177143097,-0.23166365921497345,9.344877243041992,3.7158102989196777,-2.7945632934570312,0.12575195729732513,-2.2369110584259033
1781548266073494,207014594,-0.83362877368927,-0.5505098104476929,0.01259735506027937,0.04293821379542351,-0.23313948512077332,9.260897636413574,3.7422382831573486,-1.3495844602584839,1.4571257829666138,-2.185147762298584
1781548266132147,207031261,-0.8332685232162476,-0.5510618686676025,0.012287004850804806,0.04293801262974739,-0.27743101119995117,9.249659538269043,3.8034708499908447,1.005996584892273,2.691479206085205,-2.531764507293701
1781548266134228,207047928,-0.8327621221542358,-0.5518373250961304,0.011935199610888958,0.04290344938635826,-0.28155195713043213,9.338577270507812,3.9400382041931152,2.8307600021362305,3.1131913661956787,-2.5539958477020264
1781548266134675,207064595,-0.8323819041252136,-0.5524239540100098,0.011536476202309132,0.042837955057621,-0.2829856276512146,9.351872444152832,3.9872586727142334,1.2583328485488892,3.453725576400757,-2.5022456645965576
1781548266161971,207081262,-0.8321384191513062,-0.5528050661087036,0.011158177629113197,0.04275241494178772,-0.33684563636779785,9.35999870300293,4.103507041931152,-0.4284108877182007,3.362852096557617,-2.253405809402466
1781548266163255,207097929,-0.8320079445838928,-0.5530076622962952,0.010947437025606632,0.04272787272930145,-0.3403850793838501,9.36382007598877,4.13361120223999,-1.834881067276001,2.128575325012207,-1.9186729192733765
1781548266192121,207114596,-0.8320366144180298,-0.552959680557251,0.010886489413678646,0.04280245304107666,-0.2943260371685028,9.301005363464355,4.174924373626709,-3.8361167907714844,0.8333028554916382,-1.8501590490341187
1781548266193647,207131263,-0.8320608735084534,-0.5529093146324158,0.010978315025568008,0.04296042397618294,-0.2548886239528656,9.26524829864502,4.159440517425537,-3.7931766510009766,-0.3585265874862671,-1.7476696968078613
1781548266222434,207147930,-0.8320660591125488,-0.5528770685195923,0.011074764654040337,0.04324896261096001,-0.2909573018550873,9.291813850402832,4.132378101348877,-3.625887393951416,-0.8773887157440186,-2.484111785888672
1781548266223843,207164597,-0.8321884870529175,-0.5526548027992249,0.011309895664453506,0.043671444058418274,-0.33260592818260193,9.319588661193848,4.1167473793029785,-5.126803874969482,-2.2277028560638428,-2.6742348670959473
1781548266251634,207181264,-0.832513689994812,-0.5521205067634583,0.011627995409071445,0.044148173183202744,-0.3392389118671417,9.31623363494873,4.008012771606445,-7.661503314971924,-2.9858651161193848,-2.583848237991333
1781548266253496,207197931,-0.8327631950378418,-0.5516987442970276,0.0120021877810359,0.04460933059453964,-0.33377787470817566,9.372295379638672,3.954643487930298,-6.710528373718262,-3.220336437225342,-2.3137364387512207
1781548266281794,207214598,-0.8330104351043701,-0.5512821674346924,0.012395973317325115,0.0450354740023613,-0.32119277119636536,9.386381149291992,3.894627571105957,-6.66463041305542,-3.19789981842041,-2.0398340225219727
1781548266283692,207231265,-0.8332904577255249,-0.5508244037628174,0.012724529020488262,0.04536283016204834,-0.31952738761901855,9.37865924835205,3.8408989906311035,-7.036616802215576,-2.460036277770996,-1.707829475402832
1781548266311980,207247932,-0.8334003686904907,-0.5506331324577332,0.013058673590421677,0.045570917427539825,-0.2779248058795929,9.394133567810059,3.8187172412872314,-4.854221343994141,-1.9725236892700195,-1.0796265602111816
1781548266342560,207264599,-0.8334931135177612,-0.5504840016365051,0.013285326771438122,0.04560904949903488,-0.20859132707118988,9.378303527832031,3.8155806064605713,-4.5663862228393555,-0.700942873954773,-0.521948516368866
1781548266344028,207281266,-0.8335354328155518,-0.5504255294799805,0.013402458280324936,0.045507386326789856,-0.216695636510849,9.346360206604004,3.8575527667999268,-3.878288507461548,0.4799116253852844,-0.15965677797794342
1781548266373102,207297933,-0.8334783911705017,-0.5505269765853882,0.013442532159388065,0.045312851667404175,-0.2683051526546478,9.359233856201172,3.8831610679626465,-2.601968765258789,1.3134896755218506,0.03495493158698082
1781548266374254,207314600,-0.8334465622901917,-0.5505973100662231,0.013461438938975334,0.04503598064184189,-0.33496183156967163,9.378946304321289,3.929987907409668,-2.874858856201172,1.739262342453003,0.43735605478286743
1781548266401957,207331267,-0.8335111737251282,-0.5505260825157166,0.013509877026081085,0.04469643905758858,-0.3007183074951172,9.35145092010498,3.9608633518218994,-4.036407470703125,1.7726739645004272,0.9514669179916382
1781548266403986,207347934,-0.8337152600288391,-0.5502472519874573,0.013495376333594322,0.04432740807533264,-0.3108958303928375,9.256697654724121,3.9736335277557373,-5.77060604095459,2.193286180496216,0.9441162347793579
1781548266433335,207364601,-0.8338186740875244,-0.5501131415367126,0.013461148366332054,0.04405723512172699,-0.35583969950675964,9.23561954498291,4.002213478088379,-4.575747489929199,1.9675997495651245,0.25900202989578247
1781548266434974,207381268,-0.833760678768158,-0.5502158403396606,0.013518216088414192,0.043852221220731735,-0.28330957889556885,9.239063262939453,4.020675182342529,-2.5860373973846436,1.2542858123779297,0.16016259789466858
1781548266462167,207397935,-0.8338715434074402,-0.5500632524490356,0.013457623310387135,0.043677762150764465,-0.2014261782169342,9.227641105651855,4.000882625579834,-4.726683616638184,1.7521331310272217,-0.3852662742137909
1781548266492213,207414602,-0.8339857459068298,-0.5499047636985779,0.013334651477634907,0.04353039339184761,-0.21475747227668762,9.24842643737793,4.029522895812988,-4.794480323791504,2.0055320262908936,-0.7753477096557617
1781548266493082,207431269,-0.8341483473777771,-0.5496726036071777,0.013143901713192463,0.04340491443872452,-0.2105385810136795,9.193114280700684,3.983832359313965,-5.421581745147705,2.293508529663086,-1.1358721256256104
1781548266522593,207447936,-0.8343818783760071,-0.5493280291557312,0.012852723710238934,0.04336630925536156,-0.3031264841556549,9.139309883117676,3.976038694381714,-6.372133731842041,2.5143673419952393,-1.9826921224594116
1781548266523807,207464603,-0.8343390226364136,-0.5493935942649841,0.012578763999044895,0.04343821480870247,-0.3652718961238861,9.206189155578613,3.9944870471954346,-2.9799869060516357,2.0963294506073,-2.670149803161621
1781548266552630,207481270,-0.8339618444442749,-0.5499648451805115,0.012462249957025051,0.04348594322800636,-0.31343796849250793,9.457700729370117,3.9791553020477295,1.2328351736068726,1.4060026407241821,-2.0800840854644775
1781548266553878,207497937,-0.8338721990585327,-0.5501134395599365,0.012337732128798962,0.04336195066571236,-0.2488955855369568,9.687005996704102,4.037086486816406,-2.265994071960449,1.9998714923858643,-1.0034159421920776
1781548266581973,207514604,-0.8346438407897949,-0.5489668250083923,0.012176980264484882,0.04309472069144249,-0.2753233015537262,9.597932815551758,4.036235332489014,-12.94831657409668,2.435980796813965,0.04735150933265686
1781548266584220,207531271,-0.8355650901794434,-0.5475921630859375,0.012131760828197002,0.04273756965994835,-0.29564815759658813,9.307851791381836,3.9853084087371826,-14.779549598693848,2.057936906814575,1.0628061294555664
1781548266611887,207547938,-0.8357608914375305,-0.5473269820213318,0.012156914919614792,0.04229876026511192,-0.2835407257080078,9.21174430847168,4.013982772827148,-5.647601127624512,2.226365089416504,1.4911651611328125
1781548266642469,207564605,-0.8353646397590637,-0.5479708909988403,0.012276899069547653,0.04175150394439697,-0.20206646621227264,9.393959999084473,4.00944709777832,1.8403940200805664,2.3042654991149902,2.222855567932129
1781548266643686,207581272,-0.8351934552192688,-0.548288106918335,0.012334334664046764,0.04098940268158913,-0.08753642439842224,9.498347282409668,4.040314197540283,-0.8839198350906372,3.398158311843872,3.3132009506225586
1781548266672339,207597939,-0.8355734944343567,-0.5477765798568726,0.012243315577507019,0.04009932279586792,-0.13625477254390717,9.396038055419922,4.045354843139648,-7.7520060539245605,4.546518325805664,3.713529109954834
1781548266673641,207614606,-0.8359155654907227,-0.5473212003707886,0.012170886620879173,0.039201028645038605,-0.22781695425510406,9.279614448547363,4.143640518188477,-7.2807698249816895,4.48293399810791,3.815441131591797
1781548266701769,207631273,-0.835902214050293,-0.5474001169204712,0.012277641333639622,0.03834431618452072,-0.21359094977378845,9.244175910949707,4.159071445465088,-2.827514171600342,3.4113621711730957,4.110205173492432
1781548266704177,207647940,-0.8359277248382568,-0.5474179983139038,0.012383535504341125,0.037484411150217056,-0.1764170229434967,9.240165710449219,4.230381011962891,-3.323875665664673,3.4148969650268555,4.140530109405518
1781548266732589,207664607,-0.8362089991569519,-0.5470374822616577,0.012502539902925491,0.036718547344207764,-0.23169299960136414,9.178083419799805,4.218764305114746,-6.581312656402588,2.905191421508789,3.7493221759796143
1781548266734271,207681274,-0.8365101218223572,-0.5466101765632629,0.012715176679193974,0.036147695034742355,-0.2865908443927765,9.08288288116455,4.209933757781982,-6.916825771331787,1.6227248907089233,2.989316463470459
1781548266762827,207697941,-0.8367337584495544,-0.5462809205055237,0.012989146634936333,0.035850077867507935,-0.30563753843307495,9.047331809997559,4.176457405090332,-6.070415019989014,0.26106390357017517,1.6207398176193237
1781548266792959,207714608,-0.8369458317756653,-0.5459528565406799,0.013341915793716908,0.03576653450727463,-0.2726843059062958,9.146924018859863,4.15902042388916,-6.018599987030029,-0.9969359040260315,0.6826745271682739
1781548266794371,207731275,-0.8373562693595886,-0.5453144907951355,0.013680504634976387,0.03577372804284096,-0.20454145967960358,9.241004943847656,4.12265682220459,-8.56049633026123,-1.314802646636963,0.18453314900398254
1781548266821759,207747942,-0.8380476236343384,-0.5442419052124023,0.013962332159280777,0.035808123648166656,-0.20944224298000336,9.270442962646484,4.1365766525268555,-12.13012981414795,-1.1704626083374023,-0.07471229135990143
1781548266824224,207764609,-0.8387583494186401,-0.5431349277496338,0.014300822280347347,0.035840436816215515,-0.17655575275421143,9.300158500671387,4.146169185638428,-12.38698673248291,-1.495436668395996,0.15751178562641144
1781548266851639,207781276,-0.8393398523330688,-0.5422285795211792,0.01462192926555872,0.0358230322599411,-0.1158941388130188,9.289289474487305,4.103287696838379,-10.746413230895996,-1.1730877161026,0.32756736874580383
1781548266853786,207797943,-0.839840292930603,-0.5414534211158752,0.01486457884311676,0.035716284066438675,-0.13843967020511627,9.302785873413086,4.07235050201416,-9.697894096374512,-0.36272716522216797,0.5175880193710327
1781548266882324,207814610,-0.8402590155601501,-0.5408081412315369,0.015155556611716747,0.03552456200122833,-0.17849101126194,9.291910171508789,4.077307224273682,-8.623658180236816,-0.3019866645336151,1.1546401977539062
1781548266883787,207831277,-0.8405240774154663,-0.5404055118560791,0.015471089631319046,0.03523970767855644,-0.20226863026618958,9.303543090820312,4.087512016296387,-6.634881496429443,-0.05414525792002678,1.7211799621582031
1781548266912480,207847944,-0.8406533002853394,-0.5402193069458008,0.01580810546875,0.03486020490527153,-0.1188279464840889,9.343416213989258,4.115264415740967,-4.8654913902282715,0.21083734929561615,2.2922279834747314
1781548266942330,207864611,-0.840968906879425,-0.539752721786499,0.016061924397945404,0.034356579184532166,-0.06000285595655441,9.272583961486816,4.118102550506592,-7.184618949890137,1.105847716331482,2.7757959365844727
1781548266943846,207881278,-0.8413370847702026,-0.5392079949378967,0.016154898330569267,0.03384904935956001,-0.09871339797973633,9.184810638427734,4.162092208862305,-7.869784832000732,2.0376248359680176,2.2223565578460693
1781548266972758,207897945,-0.8414917588233948,-0.5389953851699829,0.01625722646713257,0.03333798423409462,-0.1039685308933258,9.113722801208496,4.174807548522949,-5.15485143661499,2.050546646118164,2.190993547439575
1781548266975057,207914612,-0.8413625359535217,-0.5392255187034607,0.016339167952537537,0.032835520803928375,-0.04005270078778267,9.15782642364502,4.203616619110107,-1.5467252731323242,2.2059643268585205,1.9510666131973267
1781548267002122,207931279,-0.8412167429924011,-0.5394867062568665,0.016352873295545578,0.03226313367486,0.011433221399784088,9.249114036560059,4.286657333374023,-1.3132141828536987,2.8653244972229004,2.095073938369751
1781548267003792,207947946,-0.8414603471755981,-0.5391414761543274,0.016276123002171516,0.03171773999929428,-0.03973710909485817,9.164536476135254,4.328281402587891,-6.287585258483887,3.1978931427001953,1.7579469680786133
1781548267033346,207964613,-0.8417916297912598,-0.5386515855789185,0.016185907647013664,0.031299177557229996,-0.14236028492450714,9.024545669555664,4.349016189575195,-7.46687126159668,2.783428430557251,1.0092878341674805
1781548267035273,207981280,-0.8416553139686584,-0.5388769507408142,0.01622149534523487,0.031064173206686974,-0.1554507166147232,8.998796463012695,4.348209857940674,-1.5881154537200928,1.4778847694396973,0.23318442702293396
1781548267062926,207997947,-0.8414278626441956,-0.539236307144165,0.016275402158498764,0.03095843642950058,-0.06308525055646896,9.065056800842285,4.318938732147217,-0.4858345091342926,0.911421537399292,-0.48149317502975464
1781548267092559,208014614,-0.8413776755332947,-0.5393149256706238,0.016292141750454903,0.030944205820560455,-0.00974415522068739,9.164132118225098,4.299219608306885,-2.7840237617492676,0.7472953200340271,-1.079408884048462
1781548267093519,208031281,-0.8416026830673218,-0.5389641523361206,0.016238246113061905,0.030967265367507935,-0.05655625835061073,9.270380973815918,4.284205436706543,-6.307308197021484,0.9572685360908508,-1.4503834247589111
1781548267122671,208047948,-0.8419842720031738,-0.5383666157722473,0.016183679923415184,0.03101930394768715,-0.11381117254495621,9.274861335754395,4.229689598083496,-8.319172859191895,0.8186525106430054,-1.5599675178527832
1781548267124516,208064615,-0.8424554467201233,-0.537630558013916,0.016195345669984818,0.030987104400992393,-0.15721812844276428,9.26313304901123,4.205654144287109,-9.429495811462402,0.7272343039512634,-0.7924954295158386
1781548267152145,208081282,-0.8426893949508667,-0.5372669696807861,0.01630936563014984,0.0308659840375185,-0.14156630635261536,9.301857948303223,4.192818641662598,-6.3640265464782715,0.5159487128257751,0.009124524891376495
1781548267154323,208097949,-0.8425919413566589,-0.5374280214309692,0.01653996855020523,0.030602212995290756,-0.08986982703208923,9.398752212524414,4.167414665222168,-2.0596323013305664,0.4409802258014679,1.1371078491210938
1781548267182535,208114616,-0.842706024646759,-0.537268340587616,0.01676202565431595,0.030139949172735214,-0.0899662896990776,9.465983390808105,4.164392471313477,-4.679555892944336,1.179753065109253,2.336268901824951
1781548267183414,208131283,-0.8431776762008667,-0.5365535020828247,0.016988186165690422,0.02955014258623123,-0.06148868054151535,9.334671974182129,4.186142444610596,-9.201531410217285,1.5545310974121094,3.229102611541748
1781548267212666,208147950,-0.8434927463531494,-0.5360884070396423,0.0172213576734066,0.02885940857231617,0.023659879341721535,9.179352760314941,4.19000768661499,-7.163797855377197,1.9181420803070068,3.7787389755249023
1781548267242818,208164617,-0.8435308337211609,-0.5360658168792725,0.017341284081339836,0.028084538877010345,0.07393515110015869,9.11767578125,4.166131496429443,-3.5888004302978516,2.9405622482299805,3.7419965267181396
1781548267244393,208181284,-0.8435139060020447,-0.5361353158950806,0.017268924042582512,0.02729838714003563,0.036228667944669724,9.114117622375488,4.2084527015686035,-2.8885114192962646,4.1087327003479,3.076937198638916
1781548267273171,208197951,-0.8435638546943665,-0.5360981822013855,0.01710420288145542,0.026580555364489555,0.005418350454419851,9.077051162719727,4.26022481918335,-3.7789111137390137,4.380483150482178,2.3652498722076416
1781548267273987,208214618,-0.843562662601471,-0.5361413359642029,0.01683303713798523,0.025909148156642914,0.003410476492717862,9.019701957702637,4.261938571929932,-3.149427652359009,4.8350701332092285,1.6848483085632324
1781548267301558,208231285,-0.8434621691703796,-0.5363367795944214,0.016493309289216995,0.025350071489810944,-0.0007625287398695946,8.952960968017578,4.306430816650391,-1.9260497093200684,4.833981990814209,0.7452208399772644
1781548267303609,208247952,-0.8432788848876953,-0.53665691614151,0.016047941520810127,0.02495209313929081,0.019392425194382668,8.936195373535156,4.303335666656494,-0.9336597919464111,4.864946365356445,-0.607097864151001
1781548267332358,208264619,-0.8430315852165222,-0.5370713472366333,0.01552785374224186,0.024715527892112732,0.03648892790079117,8.987360954284668,4.33998966217041,-0.18141476809978485,4.712090969085693,-1.8401061296463013
1781548267333796,208281286,-0.8428104519844055,-0.5374408960342407,0.014917900785803795,0.02460244670510292,0.04217587783932686,9.060577392578125,4.339270114898682,-0.565963864326477,4.771832466125488,-2.878649950027466
1781548267362393,208297953,-0.842717707157135,-0.5376052856445312,0.014244887977838516,0.02458602376282215,-0.018282411620020866,9.154199600219727,4.368636608123779,-2.249102830886841,4.758987903594971,-3.628923177719116
1781548267391706,208314620,-0.8427888751029968,-0.5375076532363892,0.013610320165753365,0.02464069053530693,-0.06522254645824432,9.202481269836426,4.374777793884277,-4.373714447021484,4.245503902435303,-3.8454267978668213
1781548267394259,208331287,-0.8429357409477234,-0.5372863411903381,0.013056171126663685,0.024742811918258667,-0.11433031409978867,9.181533813476562,4.365936279296875,-5.36038064956665,3.589716911315918,-3.7990174293518066
1781548267422461,208347954,-0.8429678082466125,-0.537238359451294,0.012638036161661148,0.024908578023314476,-0.11535866558551788,9.163037300109863,4.376226425170898,-3.914351463317871,2.5861852169036865,-3.7001266479492188
1781548267423409,208364621,-0.8427376747131348,-0.537597119808197,0.012376721948385239,0.025087695568799973,-0.09585339576005936,9.234017372131348,4.342124938964844,-0.5628262162208557,1.6744108200073242,-3.2783613204956055
1781548267451621,208381288,-0.8425156474113464,-0.5379418730735779,0.012215440161526203,0.025239247828722,-0.027462664991617203,9.368382453918457,4.338126182556152,-0.654020369052887,1.1947749853134155,-2.7462966442108154
1781548267453859,208397955,-0.8426997065544128,-0.5376526117324829,0.01210065372288227,0.025310589000582695,-0.022889642044901848,9.374588012695312,4.352609157562256,-5.814032077789307,1.146661400794983,-1.9858553409576416
1781548267483552,208414622,-0.8430841565132141,-0.5370514988899231,0.012021414935588837,0.025308523327112198,-0.10431722551584244,9.26015567779541,4.367079734802246,-8.34929370880127,1.1739389896392822,-1.3688197135925293
1781548267485650,208431289,-0.8433158993721008,-0.5366882085800171,0.01205440517514944,0.025271352380514145,-0.17082978785037994,9.162795066833496,4.344280242919922,-6.384632587432861,0.6817910075187683,-0.797131359577179
1781548267512811,208447956,-0.84321528673172,-0.5368425250053406,0.01226003561168909,0.025256643071770668,-0.1359434872865677,9.199480056762695,4.316861152648926,-2.1291327476501465,-0.3393682837486267,-0.390644907951355
1781548267543605,208464623,-0.8429864048957825,-0.5371974110603333,0.012515398673713207,0.025227155536413193,-0.050993140786886215,9.252102851867676,4.290772914886475,-0.4828249514102936,-0.5491490960121155,-0.160335510969162
1781548267545333,208481290,-0.8429427742958069,-0.5372642874717712,0.012755350209772587,0.025142043828964233,0.015055656433105469,9.27921199798584,4.310046195983887,-2.83404541015625,-0.28869354724884033,0.16190429031848907
1781548267573107,208497957,-0.8431940078735352,-0.5368683934211731,0.013016406446695328,0.025036457926034927,0.016204245388507843,9.219015121459961,4.3424391746521,-6.6003546714782715,-0.38940271735191345,0.4500087797641754
1781548267574418,208514624,-0.8435893654823303,-0.5362450480461121,0.013230198062956333,0.024967677891254425,-0.037324510514736176,9.104413986206055,4.375492572784424,-8.461745262145996,-0.27760326862335205,0.10687541216611862
1781548267601950,208531291,-0.8438236117362976,-0.5358710289001465,0.013459086418151855,0.024958346039056778,-0.10831008106470108,9.067679405212402,4.395177364349365,-6.423998832702637,-0.5556163787841797,-0.23233284056186676
1781548267603677,208547958,-0.8437942862510681,-0.5359061360359192,0.013772884383797646,0.02502550184726715,-0.1041988804936409,9.075372695922852,4.387518882751465,-3.072140693664551,-1.2845536470413208,-0.44627565145492554
1781548267631607,208564625,-0.8437687754631042,-0.5359316468238831,0.014090841636061668,0.02516133338212967,-0.03206541761755943,9.135443687438965,4.337591648101807,-3.146955966949463,-1.5629255771636963,-0.8279690146446228
1781548267634077,208581292,-0.8437786102294922,-0.5359017848968506,0.014347712509334087,0.025322498753666878,0.020136628299951553,9.154253005981445,4.293830394744873,-3.611455202102661,-1.30801522731781,-1.1882758140563965
1781548267661824,208597959,-0.8439027667045593,-0.5356936454772949,0.014543003402650356,0.025482160970568657,0.028340524062514305,9.139756202697754,4.28178071975708,-5.077385425567627,-0.9653940200805664,-1.369191288948059
1781548267693094,208614626,-0.8440860509872437,-0.5353930592536926,0.014621020294725895,0.025682376697659492,-0.0011395845795050263,9.089920997619629,4.264222145080566,-5.857125282287598,-0.4442138671875,-2.0170772075653076
1781548267694921,208631293,-0.8441109657287598,-0.5353423357009888,0.014653041958808899,0.025897465646266937,-0.03525567427277565,9.068097114562988,4.278423309326172,-3.832697629928589,-0.2038002610206604,-2.325671434402466
1781548267722572,208647960,-0.8439813852310181,-0.5355352163314819,0.01460808515548706,0.026162412017583847,-0.04070401191711426,9.068130493164062,4.241084575653076,-1.8691250085830688,0.08678222447633743,-2.9507110118865967
1781548267723922,208664627,-0.8437004685401917,-0.5359658598899841,0.014539594762027264,0.026433786377310753,-0.048040084540843964,9.152557373046875,4.242464542388916,0.06102866306900978,0.22774174809455872,-3.125556468963623
1781548267751785,208681294,-0.8434491157531738,-0.536353349685669,0.014404389075934887,0.026666169986128807,-0.0656699389219284,9.2664213180542,4.215792179107666,-0.3056619465351105,0.7533910870552063,-3.1355576515197754
1781548267753932,208697961,-0.8434474468231201,-0.5363538861274719,0.014218260534107685,0.026812197640538216,-0.1390645056962967,9.33359432220459,4.224354267120361,-3.470764636993408,1.3212761878967285,-2.738330841064453
1781548267782857,208714628,-0.8435655832290649,-0.5361675024032593,0.014123046770691872,0.02687765471637249,-0.1020268052816391,9.251228332519531,4.202225685119629,-4.972821235656738,1.0682865381240845,-1.8951992988586426
1781548267784943,208731295,-0.8436349630355835,-0.5360605120658875,0.013965476304292679,0.026912527158856392,-0.08283422887325287,9.170251846313477,4.220574378967285,-4.341583251953125,1.5522897243499756,-1.9645581245422363
1781548267811938,208747962,-0.8434476852416992,-0.5363572835922241,0.013855289667844772,0.026931170374155045,-0.07066813111305237,9.188422203063965,4.2483110427856445,-1.0433846712112427,1.387113332748413,-1.7819138765335083
1781548267841798,208764629,-0.8431987762451172,-0.5367509126663208,0.01372795645147562,0.02694142796099186,-0.015241997316479683,9.233370780944824,4.2567830085754395,-0.2573692500591278,1.5297250747680664,-1.8172211647033691
1781548267844117,208781296,-0.8431364893913269,-0.5368558764457703,0.013517623767256737,0.02690664678812027,-0.0303173940628767,9.192892074584961,4.2964277267456055,-2.6302709579467773,2.1414334774017334,-1.8007010221481323
1781548267873209,208797963,-0.8431165218353271,-0.5368942022323608,0.013295614160597324,0.02688012085855007,-0.09031934291124344,9.131476402282715,4.281533241271973,-3.175910472869873,2.1704390048980713,-1.8776284456253052
1781548267875568,208814630,-0.8429594039916992,-0.5371449589729309,0.013098648749291897,0.02689841203391552,-0.09584198892116547,9.082679748535156,4.282494068145752,-1.4383065700531006,1.8862022161483765,-2.089765787124634
1781548267901765,208831297,-0.8426571488380432,-0.5376201272010803,0.012908769771456718,0.02696256898343563,-0.09543627500534058,9.163975715637207,4.278157711029053,0.39585065841674805,1.7046339511871338,-2.3762309551239014
1781548267904142,208847964,-0.8424798846244812,-0.5378966927528381,0.012728838250041008,0.02707442082464695,-0.09441670775413513,9.220376014709473,4.330123424530029,-1.2181142568588257,1.444754719734192,-2.5750110149383545
1781548267934039,208864631,-0.842560350894928,-0.5377665758132935,0.01256630104035139,0.027227843180298805,-0.09801696240901947,9.159537315368652,4.317447185516357,-4.5283894538879395,1.1368134021759033,-2.667985439300537
1781548267934506,208881298,-0.8425788283348083,-0.53773033618927,0.01244067121297121,0.02742949314415455,-0.08327744901180267,9.113525390625,4.341805458068848,-3.752120018005371,0.7573484778404236,-2.8304085731506348
1781548267961963,208897965,-0.8424209356307983,-0.5379688143730164,0.012297596782445908,0.027667395770549774,-0.08373071998357773,9.128520965576172,4.327707290649414,-1.5150936841964722,0.7609341740608215,-3.1618492603302
1781548267993774,208914632,-0.8422691822052002,-0.5381959080696106,0.012148192152380943,0.027934491634368896,-0.07108799368143082,9.19851016998291,4.316094875335693,-1.6071840524673462,0.6875153183937073,-3.3524463176727295
1781548267994654,208931299,-0.842232882976532,-0.5382432341575623,0.012011333368718624,0.028177600353956223,-0.08211390674114227,9.221524238586426,4.271392345428467,-3.0710394382476807,0.6793192625045776,-3.1297950744628906
1781548268022297,208947966,-0.842235803604126,-0.5382298827171326,0.011879472061991692,0.028397932648658752,-0.08525009453296661,9.192564010620117,4.253673076629639,-3.564762830734253,0.7258703708648682,-2.9671289920806885
1781548268024015,208964633,-0.8422669172286987,-0.5381720066070557,0.011709055863320827,0.02864103391766548,-0.15923473238945007,9.200889587402344,4.23755407333374,-3.9360835552215576,0.858633816242218,-3.2323358058929443
1781548268051761,208981300,-0.8421554565429688,-0.5383361577987671,0.011609869077801704,0.028876252472400665,-0.19309046864509583,9.260855674743652,4.259955406188965,-2.108361005783081,0.5071890950202942,-2.9691779613494873
1781548268054222,208997967,-0.8420248627662659,-0.5385317802429199,0.011597814038395882,0.029041467234492302,-0.13468410074710846,9.316086769104004,4.27192497253418,-1.8321661949157715,0.26682671904563904,-2.2476041316986084
1781548268082805,209014634,-0.8420964479446411,-0.538415789604187,0.011611091904342175,0.029111633077263832,-0.11298805475234985,9.327844619750977,4.270589351654053,-4.372536659240723,0.42658594250679016,-1.5380299091339111
1781548268084758,209031301,-0.8422390818595886,-0.5381904244422913,0.011650039814412594,0.029133034870028496,-0.13807439804077148,9.240200996398926,4.240954875946045,-5.260068416595459,0.44200482964515686,-1.137690782546997
1781548268112694,209047968,-0.842210054397583,-0.5382323861122131,0.011758585460484028,0.029152747243642807,-0.16632093489170074,9.222986221313477,4.236255168914795,-3.0621132850646973,0.08455391973257065,-0.9263857007026672
1781548268142053,209064635,-0.8421019911766052,-0.5383985638618469,0.011912371963262558,0.029147490859031677,-0.14244654774665833,9.245218276977539,4.234872817993164,-2.039872407913208,-0.06634970009326935,-0.6399589776992798
1781548268144006,209081302,-0.8420649766921997,-0.5384537577629089,0.012074106372892857,0.02913052961230278,-0.09800422191619873,9.22677230834961,4.225234508514404,-2.9426050186157227,-0.08563606441020966,-0.5194768309593201
1781548268172098,209097969,-0.8420687317848206,-0.5384446978569031,0.01219012401998043,0.02913769520819187,-0.08572464436292648,9.14571762084961,4.231836318969727,-3.477705478668213,0.08090411871671677,-0.8146119713783264
1781548268173485,209114636,-0.842025637626648,-0.5385043621063232,0.012288208119571209,0.029239511117339134,-0.16076712310314178,9.090388298034668,4.29355001449585,-2.9174914360046387,-0.15650640428066254,-1.4444537162780762
1781548268232561,209131303,-0.8418416976928711,-0.5387787818908691,0.012445769272744656,0.029414355754852295,-0.15293222665786743,9.102718353271484,4.328596591949463,-1.1469495296478271,-0.7396435737609863,-1.6935629844665527
1781548268234393,209147970,-0.8416244387626648,-0.5391010046005249,0.012537135742604733,0.029693959280848503,-0.1470099687576294,9.07468318939209,4.278062343597412,-0.7687139511108398,-0.7374151945114136,-2.5556352138519287
1781548268236134,209164637,-0.8414754867553711,-0.5393083095550537,0.012526724487543106,0.03014535829424858,-0.2042119950056076,9.021201133728027,4.217845439910889,-1.722569227218628,-0.8030605912208557,-3.903029203414917
1781548268262057,209181304,-0.8411387801170349,-0.5398004651069641,0.012520676478743553,0.0307330172508955,-0.14802409708499908,9.064803123474121,4.202847957611084,0.6115864515304565,-1.290675163269043,-4.738528728485107
1781548268264704,209197971,-0.840607762336731,-0.5405952334403992,0.012587648816406727,0.0312589555978775,0.012532336637377739,9.26571273803711,4.243590831756592,3.103343963623047,-1.4372824430465698,-4.177803039550781
1781548268293175,209214638,-0.8404728770256042,-0.5407836437225342,0.012549181468784809,0.031643811613321304,0.02711496129631996,9.396049499511719,4.271040916442871,-1.8839164972305298,-0.3993275761604309,-3.616884469985962
1781548268294900,209231305,-0.8408582210540771,-0.5401690006256104,0.012425972148776054,0.031945500522851944,-0.18725253641605377,9.344284057617188,4.281060695648193,-8.46945571899414,0.2698874771595001,-3.2695388793945312
1781548268324180,209247972,-0.8412364721298218,-0.5395534038543701,0.012461502104997635,0.03237373009324074,-0.39757734537124634,9.101049423217773,4.272636890411377,-8.425324440002441,-1.1186860799789429,-3.412931442260742
1781548268324654,209264639,-0.8409393429756165,-0.5399783849716187,0.012788785621523857,0.03287650644779205,-0.36648789048194885,9.133349418640137,4.257046699523926,0.1573324054479599,-2.9091670513153076,-3.0008351802825928
1781548268351794,209281306,-0.8402065634727478,-0.5410779714584351,0.013310241512954235,0.03332609683275223,-0.1541135162115097,9.363672256469727,4.213711738586426,5.724099636077881,-3.720398426055908,-2.129709005355835
1781548268353610,209297973,-0.840033769607544,-0.5413169264793396,0.013729757629334927,0.0336238257586956,0.05163079500198364,9.518095016479492,4.238858222961426,-1.3407095670700073,-2.712230920791626,-1.4244502782821655
1781548268381952,209314640,-0.8404507040977478,-0.5406554341316223,0.01405770517885685,0.033714648336172104,0.10748611390590668,9.395552635192871,4.193145751953125,-8.737722396850586,-1.5652052164077759,-0.3492676317691803
1781548268383877,209331307,-0.8407058715820312,-0.5402571558952332,0.014304845593869686,0.03363500162959099,0.0778464674949646,9.226144790649414,4.1900787353515625,-6.618321895599365,-0.41930556297302246,0.271808385848999
1781548268412199,209347974,-0.8407347798347473,-0.5402209162712097,0.014360404573380947,0.033471718430519104,-0.04242062196135521,9.144489288330078,4.162261486053467,-3.720578193664551,1.0602059364318848,-0.04486064985394478
1781548268442231,209364641,-0.8403306603431702,-0.5408602356910706,0.014478599652647972,0.03324470296502113,-0.16177546977996826,9.120442390441895,4.104127883911133,1.813027024269104,1.0478988885879517,0.38934507966041565
1781548268443786,209381308,-0.839737057685852,-0.5417942404747009,0.0145328463986516,0.03301173076033592,-0.23118767142295837,9.17883586883545,4.105219841003418,4.206021785736084,1.487745761871338,0.11400853097438812
1781548268471754,209397975,-0.8390591144561768,-0.5428502559661865,0.014675866812467575,0.03283858299255371,-0.2275010049343109,9.274847984313965,4.1144256591796875,5.238636493682861,0.7711280584335327,0.06762393563985825
1781548268473900,209414642,-0.8385670781135559,-0.5436124801635742,0.014840146526694298,0.03272407874464989,-0.2589281499385834,9.34860610961914,4.080861568450928,2.848177194595337,0.3830571472644806,-0.11847155541181564
1781548268502392,209431309,-0.838295042514801,-0.5440288186073303,0.015149030834436417,0.032632797956466675,-0.26834791898727417,9.5121431350708,4.181576728820801,0.06074691563844681,-0.592037558555603,0.373477965593338
1781548268504191,209447976,-0.8385566473007202,-0.5436200499534607,0.015619870275259018,0.03249816223978996,-0.14875179529190063,9.399467468261719,4.2090277671813965,-6.648635387420654,-1.4946677684783936,1.4345611333847046
1781548268533502,209464643,-0.8391185402870178,-0.5427479147911072,0.016052383929491043,0.032360196113586426,-0.09521371126174927,9.160385131835938,4.2010498046875,-10.451367378234863,-1.331719994544983,1.4273768663406372
1781548268534845,209481310,-0.8391894102096558,-0.5426247715950012,0.016508445143699646,0.0323575995862484,-0.12690193951129913,8.978532791137695,4.201048374176025,-4.307480335235596,-1.8626198768615723,0.5415357947349548
1781548268564431,209497977,-0.8387234807014465,-0.5433213710784912,0.016998017206788063,0.03249594196677208,-0.05262211710214615,9.00468921661377,4.143016338348389,2.4173970222473145,-2.460407018661499,-0.35926932096481323
1781548268593438,209514644,-0.8381757140159607,-0.5441417098045349,0.01734786480665207,0.0327162966132164,0.0121528971940279,9.129837036132812,4.117483615875244,3.3953025341033936,-1.9426206350326538,-1.3865562677383423
1781548268594536,209531311,-0.8378027677536011,-0.5446967482566833,0.01754707098007202,0.03292873501777649,0.05319327116012573,9.240519523620605,4.074347972869873,1.179573655128479,-1.0820598602294922,-1.8332929611206055
1781548268622170,209547978,-0.8374542593955994,-0.5452240109443665,0.01758127100765705,0.03304624184966087,0.10051041841506958,9.347227096557617,3.993739604949951,0.9012276530265808,0.2206982523202896,-1.8958138227462769
1781548268623051,209564645,-0.8371995687484741,-0.5456253290176392,0.01746080070734024,0.0329388864338398,0.06093516945838928,9.47729778289795,3.9728140830993652,-0.1830027550458908,1.937107801437378,-1.144708514213562
1781548268651584,209581312,-0.8374466300010681,-0.5452731251716614,0.017152654007077217,0.032651305198669434,-0.037635285407304764,9.328322410583496,3.97419810295105,-6.424062252044678,3.582979917526245,-0.6077765822410583
1781548268653750,209597979,-0.8375568389892578,-0.5451340675354004,0.016742173582315445,0.03235812112689018,-0.16987954080104828,9.072242736816406,3.9598965644836426,-4.706488132476807,4.226076602935791,-1.0148649215698242
1781548268681732,209614646,-0.8366028666496277,-0.5466209650039673,0.016437675803899765,0.032107651233673096,-0.21166789531707764,9.04928207397461,3.9766077995300293,8.663798332214355,3.693448305130005,-1.287243366241455
1781548268683902,209631313,-0.8351614475250244,-0.5488428473472595,0.016152439638972282,0.03188040480017662,-0.12382082641124725,9.277352333068848,4.020333290100098,14.725385665893555,3.6040616035461426,-1.53819739818573
1781548268712553,209647980,-0.8342096209526062,-0.550311803817749,0.015789693221449852,0.031653448939323425,-0.032448284327983856,9.392889976501465,4.036162853240967,8.535978317260742,3.928713798522949,-1.6452962160110474
1781548268742243,209664647,-0.8338165283203125,-0.5509338974952698,0.015241364948451519,0.031457170844078064,-0.0901440903544426,9.328164100646973,4.0380401611328125,1.5225279331207275,4.76144552230835,-2.3063979148864746
1781548268744000,209681314,-0.8335821628570557,-0.5513066649436951,0.014753945171833038,0.03137174993753433,-0.1145487055182457,9.224366188049316,4.082614898681641,-0.5070162415504456,3.9590260982513428,-2.649557113647461
1781548268772470,209697981,-0.8332403898239136,-0.5518349409103394,0.014280091971158981,0.03138284385204315,-0.1364467442035675,9.242915153503418,4.106168746948242,0.7846769690513611,3.5444962978363037,-3.1872570514678955
1781548268773908,209714648,-0.8326094746589661,-0.552792489528656,0.01402189489454031,0.031395621597766876,-0.09633243829011917,9.402070999145508,4.105883598327637,4.388012886047363,2.354287624359131,-2.488478660583496
1781548268801748,209731315,-0.8320705890655518,-0.5536094903945923,0.013919148594141006,0.031327519565820694,-0.04679234325885773,9.541157722473145,4.10222864151001,3.274693012237549,1.7514028549194336,-1.4010531902313232
1781548268803488,209747982,-0.8320159912109375,-0.5536980628967285,0.013898524455726147,0.031221918761730194,-0.07880618423223495,9.494709968566895,4.089482307434082,-2.713895797729492,1.3115559816360474,-0.7008275389671326
1781548268832708,209764649,-0.8319827914237976,-0.553750216960907,0.01404998917132616,0.03111226111650467,-0.16288848221302032,9.366523742675781,4.043952465057373,-2.9657199382781982,0.3385806679725647,-0.013971726410090923
1781548268834044,209781316,-0.8316206336021423,-0.554288387298584,0.014472569338977337,0.031018085777759552,-0.18559274077415466,9.357441902160645,4.080094337463379,1.123417615890503,-1.197521448135376,0.813132643699646
1781548268861934,209797983,-0.8311538100242615,-0.5549759268760681,0.015054953284561634,0.03095773234963417,-0.14141231775283813,9.414463996887207,4.02826452255249,2.4068446159362793,-2.219378709793091,1.1915860176086426
1781548268892392,209814650,-0.8309863805770874,-0.5552066564559937,0.015743378549814224,0.030974188819527626,-0.09086240082979202,9.38798999786377,4.0400190353393555,-1.3307206630706787,-3.192187547683716,1.2653121948242188
1781548268893410,209831317,-0.8310444355010986,-0.5550945997238159,0.016459520906209946,0.03105584904551506,-0.08894956111907959,9.307960510253906,4.023119926452637,-4.150768756866455,-3.648785352706909,1.0834236145019531
1781548268922464,209847984,-0.8309693932533264,-0.5551742911338806,0.017243675887584686,0.03121529147028923,-0.0674266517162323,9.26235580444336,3.9814748764038086,-2.5410618782043457,-4.295135021209717,0.8539466261863708
1781548268923645,209864651,-0.830867350101471,-0.555286705493927,0.01804668828845024,0.03147812560200691,-0.006236523389816284,9.247330665588379,3.926488161087036,-2.2593863010406494,-4.731614112854004,0.3506315052509308
1781548268951661,209881318,-0.8308339715003967,-0.5552964806556702,0.01875252276659012,0.0317692868411541,0.004069163929671049,9.264355659484863,3.9181456565856934,-3.131793260574341,-4.360882759094238,-0.17989081144332886
1781548268954036,209897985,-0.8307903409004211,-0.55531907081604,0.01937943324446678,0.03213701397180557,-0.07809334993362427,9.304615020751953,3.899383544921875,-3.0470664501190186,-4.228875160217285,-0.9344282746315002
1781548268982252,209914652,-0.8305919766426086,-0.5555694103240967,0.020054524764418602,0.0325225293636322,-0.14657564461231232,9.397772789001465,3.8920435905456543,-1.146450161933899,-4.51436710357666,-0.9056523442268372
1781548268984854,209931319,-0.8303127288818359,-0.5559346675872803,0.020855464041233063,0.03290567919611931,-0.06782540678977966,9.421415328979492,3.844947576522827,-0.15333044528961182,-5.213619232177734,-0.4462629556655884
1781548269012316,209947986,-0.8299405574798584,-0.5564449429512024,0.021665912121534348,0.0331440307199955,0.05900821089744568,9.515872955322266,3.828472852706909,1.0527523756027222,-4.725734710693359,0.3622724115848541
1781548269041790,209964653,-0.8296352624893188,-0.5568612217903137,0.022518986836075783,0.03322429582476616,0.09241104871034622,9.581273078918457,3.843611478805542,0.2927211821079254,-4.369219779968262,1.4593541622161865
1781548269044066,209981320,-0.8295592069625854,-0.5569461584091187,0.0233945082873106,0.03309409320354462,0.060537852346897125,9.578781127929688,3.831066131591797,-2.4372661113739014,-3.677215576171875,2.8709723949432373
1781548269071676,209997987,-0.8293939232826233,-0.5571705102920532,0.02433023974299431,0.0327882319688797,0.014275560155510902,9.545435905456543,3.8695969581604004,-1.2578784227371216,-3.362665891647339,4.047671794891357
1781548269073531,210014654,-0.8290873765945435,-0.5576055645942688,0.025406494736671448,0.03232269361615181,0.055018533021211624,9.462037086486816,3.8301167488098145,0.5435848236083984,-3.453962802886963,5.459430694580078
1781548269101672,210031321,-0.8288789391517639,-0.557895839214325,0.026461169123649597,0.031813398003578186,0.05454409867525101,9.362834930419922,3.809469699859619,-0.6556212306022644,-3.218658924102783,5.657430171966553
1781548269103410,210047988,-0.828721821308136,-0.5581041574478149,0.02750144526362419,0.031365253031253815,0.021996019408106804,9.237893104553223,3.8086678981781006,-1.3337173461914062,-3.3594131469726562,5.2874932289123535
1781548269134307,210064655,-0.8283137679100037,-0.5586695671081543,0.02857467718422413,0.03111456334590912,0.01215285062789917,9.197586059570312,3.8413469791412354,1.6328544616699219,-4.34207010269165,4.1407856941223145
1781548269135167,210081322,-0.8279570937156677,-0.5591476559638977,0.02964189276099205,0.031021378934383392,0.012389135546982288,9.248737335205078,3.8976240158081055,0.9066320657730103,-4.910659313201904,3.253344774246216
1781548269162283,210097989,-0.8278164267539978,-0.5592958927154541,0.030642278492450714,0.031132357195019722,0.07931208610534668,9.254851341247559,3.866793394088745,-1.8566006422042847,-5.33851957321167,1.9490690231323242
1781548269192061,210114656,-0.8277252316474915,-0.5593658685684204,0.0315486304461956,0.03139273077249527,0.18711017072200775,9.197113037109375,3.786289930343628,-2.5436489582061768,-5.383188247680664,0.7646608948707581
1781548269194462,210131323,-0.8274917006492615,-0.5596548914909363,0.03223704919219017,0.03169574588537216,0.30998721718788147,9.234687805175781,3.7226643562316895,-0.808849036693573,-4.403578758239746,-0.4403335452079773
1781548269222889,210147990,-0.8272929191589355,-0.559901237487793,0.03270315006375313,0.03205864876508713,0.2777881622314453,9.212286949157715,3.6818041801452637,-1.2439066171646118,-3.2599339485168457,-1.5750019550323486
1781548269224145,210164657,-0.8269651532173157,-0.5603445172309875,0.03298545628786087,0.032479509711265564,0.11861875653266907,9.203935623168945,3.6993818283081055,0.31896132230758667,-2.4255738258361816,-2.6858372688293457
1781548269251655,210181324,-0.8262952566146851,-0.5612838268280029,0.03328031674027443,0.03300394117832184,0.05655001103878021,9.224981307983398,3.692643165588379,4.4361138343811035,-2.8554325103759766,-3.4129440784454346
1781548269253584,210197991,-0.8254985213279724,-0.5624009966850281,0.033582769334316254,0.033611003309488297,0.1102890744805336,9.330049514770508,3.7114784717559814,5.920037269592285,-3.211704730987549,-3.9244680404663086
1781548269282451,210214658,-0.824702262878418,-0.5635154843330383,0.033842191100120544,0.034224141389131546,0.21277964115142822,9.492012977600098,3.681442975997925,5.891197204589844,-2.9925496578216553,-4.124388217926025
1781548269283833,210231325,-0.8240838050842285,-0.5643786191940308,0.03398619219660759,0.03475281223654747,0.3036186993122101,9.61251163482666,3.7023966312408447,3.7696712017059326,-2.024171829223633,-3.990753173828125
1781548269312375,210247992,-0.8238900303840637,-0.5646405220031738,0.03394567593932152,0.03512764349579811,0.28839826583862305,9.557791709899902,3.683330774307251,-1.2931854724884033,-0.4272839426994324,-3.5939748287200928
1781548269342169,210264659,-0.8237094283103943,-0.5648985505104065,0.03379508852958679,0.03536295145750046,0.0946592167019844,9.371705055236816,3.636920690536499,-1.3596887588500977,0.7413148283958435,-3.226752281188965
1781548269343238,210281326,-0.8229236006736755,-0.566022515296936,0.0337829627096653,0.03569566830992699,-0.03244413807988167,9.236382484436035,3.579925537109375,5.904901027679443,-0.3528534770011902,-3.5893006324768066
1781548269372449,210297993,-0.8214928507804871,-0.5680690407752991,0.03384486585855484,0.03607892990112305,0.052714843302965164,9.233677864074707,3.5614373683929443,13.641430854797363,-0.8905414342880249,-3.9588170051574707
1781548269374535,210314660,-0.8198286294937134,-0.5704352259635925,0.033890075981616974,0.036555513739585876,0.11458766460418701,9.34959602355957,3.5295586585998535,16.33271598815918,-1.1360396146774292,-4.683504104614258
1781548269401685,210331327,-0.8183532357215881,-0.5725159645080566,0.033786654472351074,0.037173088639974594,0.1951773762702942,9.482758522033691,3.5147745609283447,13.913570404052734,-0.8798481225967407,-5.9473114013671875
1781548269403846,210347994,-0.8175266981124878,-0.5736661553382874,0.03343912586569786,0.03793845325708389,0.1906115710735321,9.567516326904297,3.5242865085601807,6.026598930358887,-0.17467863857746124,-7.357774257659912
1781548269432120,210364661,-0.8172904253005981,-0.5739744305610657,0.03291132673621178,0.038819145411252975,0.08698558062314987,9.40970230102539,3.4722836017608643,-1.1059437990188599,0.299751877784729,-8.36934757232666
1781548269434147,210381328,-0.8170351386070251,-0.5742959380149841,0.03231676667928696,0.03991861641407013,-0.041843026876449585,9.290470123291016,3.527570962905884,-1.0247899293899536,-0.18948279321193695,-9.870394706726074
1781548269462710,210397995,-0.8162268996238708,-0.575385570526123,0.03185774013400078,0.04111326485872269,-0.02255801483988762,9.18700885772705,3.4961211681365967,5.489450931549072,-1.2390021085739136,-10.192168235778809
1781548269491845,210414662,-0.8150658011436462,-0.5769491791725159,0.03141679987311363,0.04254932701587677,-0.01017211563885212,9.038358688354492,3.4510703086853027,9.498790740966797,-2.2386796474456787,-11.678862571716309
1781548269496207,210431329,-0.8133068680763245,-0.5793169140815735,0.030915431678295135,0.04436510056257248,-0.12564140558242798,9.236806869506836,3.506424903869629,16.277442932128906,-3.299715280532837,-14.394977569580078
1781548269522537,210447996,-0.8115122318267822,-0.5816738605499268,0.03057941421866417,0.04656732827425003,-0.22310249507427216,9.52674388885498,3.5423028469085693,16.32771110534668,-5.7746758460998535,-15.905543327331543
1781548269524380,210464663,-0.8106207251548767,-0.5827268958091736,0.030368831008672714,0.04900209233164787,-0.23411588370800018,9.728636741638184,3.4067554473876953,5.4325947761535645,-7.632222652435303,-16.137557983398438
1781548269552618,210481330,-0.8097277283668518,-0.5837545990943909,0.030576907098293304,0.05134997144341469,-0.0745137631893158,9.937068939208984,3.259963035583496,5.457861423492432,-9.62587833404541,-13.97046184539795
1781548269553868,210497997,-0.80958092212677,-0.5837598443031311,0.030768567696213722,0.05344624072313309,0.08313816040754318,10.105050086975098,3.2956392765045166,-3.1832640171051025,-8.729339599609375,-12.157910346984863
1781548269582159,210514664,-0.8107358813285828,-0.5819738507270813,0.03080141916871071,0.05536327138543129,-0.07350621372461319,9.736822128295898,3.221590757369995,-18.39913558959961,-7.507596492767334,-10.940498352050781
1781548269583555,210531331,-0.8114115595817566,-0.5808475613594055,0.030921312049031258,0.057196181267499924,-0.3996775150299072,9.34597110748291,3.2591469287872314,-12.753243446350098,-7.507091045379639,-10.445971488952637
1781548269612355,210547998,-0.8104421496391296,-0.5819927453994751,0.031539108604192734,0.05893542990088463,-0.4296036660671234,9.463132858276367,3.2484841346740723,6.704199314117432,-9.367351531982422,-9.063969612121582
1781548269642167,210564665,-0.8093030452728271,-0.5833672881126404,0.03228602185845375,0.06057213991880417,-0.14889882504940033,9.759758949279785,3.2496399879455566,8.736083030700684,-9.619919776916504,-8.094054222106934
1781548269643233,210581332,-0.8088864088058472,-0.5837715268135071,0.032686591148376465,0.06201151758432388,-0.07913890480995178,9.871659278869629,3.1069586277008057,0.3382222354412079,-7.146022796630859,-7.86929988861084
1781548269672205,210597999,-0.8089970946311951,-0.5834680199623108,0.032899465411901474,0.06329930573701859,-0.08634717762470245,9.809444427490234,3.157860517501831,-5.760131359100342,-5.676237106323242,-7.395542144775391
1781548269674441,210614666,-0.8094079494476318,-0.5827685594558716,0.032939035445451736,0.06445622444152832,-0.040594086050987244,9.580215454101562,3.0853750705718994,-9.212969779968262,-4.292550086975098,-7.143309593200684
1781548269701670,210631333,-0.8095150589942932,-0.5825105905532837,0.03282583877444267,0.06549384444952011,-0.13281194865703583,9.439781188964844,3.1329331398010254,-5.579843521118164,-2.8366968631744385,-7.326591968536377
1781548269703554,210648000,-0.8092056512832642,-0.5828434824943542,0.03280546888709068,0.06636036932468414,-0.3278118968009949,9.401530265808105,3.117830991744995,-0.5428228974342346,-2.495637893676758,-6.323546409606934
1781548269732171,210664667,-0.8084767460823059,-0.5837534070014954,0.032783351838588715,0.0672505721449852,-0.49859777092933655,9.575326919555664,3.158869743347168,4.341756820678711,-2.4128832817077637,-6.783754825592041
1781548269734639,210681334,-0.8076021671295166,-0.5848470330238342,0.03298244625329971,0.06815444678068161,-0.3922621011734009,9.616772651672363,3.1210734844207764,6.04735803604126,-3.644892454147339,-6.079981803894043
1781548269762095,210698001,-0.8071802258491516,-0.5853223204612732,0.032941605895757675,0.06908522546291351,-0.23391735553741455,9.678833961486816,3.1301259994506836,0.6744400858879089,-2.606809377670288,-6.841498374938965
1781548269792761,210714668,-0.8069590926170349,-0.5855399966239929,0.032811205834150314,0.06988131999969482,-0.11635234951972961,9.707808494567871,3.0833981037139893,-1.5747328996658325,-1.6459107398986816,-6.301390647888184
1781548269794076,210731335,-0.8071110248565674,-0.5852721333503723,0.0325041301548481,0.07051268965005875,-0.26217493414878845,9.640009880065918,3.093519449234009,-5.818848133087158,-0.1508588343858719,-5.809806823730469
1781548269822787,210748002,-0.8073051571846008,-0.5849578380584717,0.03220413997769356,0.07103440910577774,-0.4763140380382538,9.6845703125,3.172823429107666,-6.218790531158447,0.23655253648757935,-5.142441749572754
1781548269824003,210764669,-0.8072381615638733,-0.5850051045417786,0.032094769179821014,0.07145471125841141,-0.3489267826080322,9.645636558532715,3.1796040534973145,-3.046579599380493,-0.2943923771381378,-4.019887924194336
1781548269851634,210781336,-0.8074479103088379,-0.5846985578536987,0.031610164791345596,0.07180731743574142,-0.17024679481983185,9.487598419189453,3.0773396492004395,-6.292478084564209,1.9471354484558105,-4.939205646514893
1781548269853954,210798003,-0.8070353865623474,-0.5852706432342529,0.03099786303937435,0.07205023616552353,-0.1689862310886383,9.468798637390137,3.0511856079101562,1.0475531816482544,3.395418643951416,-5.342579364776611
1781548269882908,210814670,-0.8062440156936646,-0.5863785147666931,0.030296731740236282,0.07220237702131271,-0.31506049633026123,9.629682540893555,3.0952396392822266,5.519954681396484,4.440161228179932,-5.498587131500244
1781548269884555,210831337,-0.8056000471115112,-0.5872950553894043,0.029608016833662987,0.07222578674554825,-0.4535103142261505,9.76909065246582,3.05338191986084,3.89819598197937,4.823812961578369,-4.621774196624756
1781548269912491,210848004,-0.8052241206169128,-0.5878612399101257,0.02897701784968376,0.07206793874502182,-0.5294625163078308,9.776906967163086,3.0481317043304443,0.9394545555114746,5.118281841278076,-3.179957389831543
1781548269942314,210864671,-0.8048733472824097,-0.5883933901786804,0.028414079919457436,0.07186747342348099,-0.49159732460975647,9.79502010345459,3.0778300762176514,0.6915877461433411,4.903660297393799,-2.649275302886963
1781548269943744,210881338,-0.804818332195282,-0.5885323286056519,0.02777872048318386,0.07159412652254105,-0.30947068333625793,9.654685974121094,3.0824038982391357,-2.702345132827759,5.458496570587158,-2.3170149326324463
1781548269973251,210898005,-0.80484938621521,-0.5885618925094604,0.02696932666003704,0.07130973786115646,-0.3227445185184479,9.424239158630371,3.0663490295410156,-3.739621162414551,6.4298577308654785,-2.8966684341430664
1781548269974056,210914672,-0.8041917681694031,-0.5895244479179382,0.026201164349913597,0.07106506079435349,-0.4351359009742737,9.489073753356934,3.125321865081787,4.223503112792969,6.371128082275391,-3.4601738452911377
1781548270001709,210931339,-0.8033950924873352,-0.59065842628479,0.02560589835047722,0.07087694108486176,-0.4563596844673157,9.632478713989258,3.193329095840454,5.808903694152832,5.245001316070557,-3.1705069541931152
1781548270003393,210948006,-0.8031918406486511,-0.5909773707389832,0.025018779560923576,0.07073099911212921,-0.4254477322101593,9.615385055541992,3.2047340869903564,-1.1058412790298462,4.736947536468506,-2.9378793239593506
1781548270032689,210964673,-0.8031162619590759,-0.5910980701446533,0.02460084855556488,0.07072635740041733,-0.5583363771438599,9.551920890808105,3.229926109313965,-2.661364793777466,3.1525330543518066,-2.9347546100616455
1781548270034801,210981340,-0.8029157519340515,-0.5913485288619995,0.02448253706097603,0.07094906270503998,-0.723592221736908,9.693312644958496,3.271960496902466,-1.3288251161575317,0.6156588792800903,-3.055133819580078
1781548270062753,210998007,-0.8030475974082947,-0.5911039113998413,0.024769460782408714,0.07139628380537033,-0.5993099212646484,9.764163970947266,3.3101818561553955,-5.253844261169434,-2.717879056930542,-2.400153398513794
1781548270092801,211014674,-0.8036375045776367,-0.5902193188667297,0.025110671296715736,0.07195518165826797,-0.46144282817840576,9.671908378601074,3.22186279296875,-10.639801979064941,-3.7086570262908936,-2.4623165130615234
1781548270093981,211031341,-0.8042229413986206,-0.5893214344978333,0.025569699704647064,0.07260961085557938,-0.41466882824897766,9.587833404541016,3.209059476852417,-10.653172492980957,-4.754552364349365,-2.512312889099121
1781548270123166,211048008,-0.8045732975006104,-0.5887384414672852,0.02609463594853878,0.07326880842447281,-0.3269668519496918,9.550612449645996,3.1575632095336914,-7.926338195800781,-5.022408962249756,-2.4445533752441406
1781548270124693,211064675,-0.8048240542411804,-0.5883052349090576,0.026561614125967026,0.07382329553365707,-0.40252885222435,9.620914459228516,3.1349916458129883,-6.7057785987854,-4.220423221588135,-2.1766958236694336
1781548270152003,211081342,-0.8048183917999268,-0.5882330536842346,0.027121303603053093,0.07425526529550552,-0.5158588886260986,9.789666175842285,3.1271822452545166,-3.601785898208618,-4.101246356964111,-1.3201810121536255
1781548270153108,211098009,-0.8049830794334412,-0.5879426002502441,0.027756933122873306,0.07453594356775284,-0.4419235289096832,9.896997451782227,3.1591055393218994,-5.4317755699157715,-3.989177942276001,-0.048241522163152695
1781548270181889,211114676,-0.8058368563652039,-0.5867316126823425,0.028188910335302353,0.0746891126036644,-0.406967431306839,9.719047546386719,3.0517666339874268,-13.39090347290039,-2.6878881454467773,0.36258000135421753
1781548270183714,211131343,-0.806784451007843,-0.5853889584541321,0.028495021164417267,0.07487884163856506,-0.39916008710861206,9.379212379455566,3.0407931804656982,-14.572036743164062,-2.184713840484619,-0.27339017391204834
1781548270211759,211148010,-0.807064950466156,-0.5849634408950806,0.02871580980718136,0.07509695738554001,-0.36014336347579956,9.306411743164062,3.06003475189209,-6.848478317260742,-1.48464035987854,-1.2973859310150146
1781548270245321,211164677,-0.8069168925285339,-0.5851455330848694,0.028793910518288612,0.07524042576551437,-0.4022347927093506,9.52450180053711,3.10559344291687,-1.812982201576233,-0.16322974860668182,-1.7988440990447998
1781548270246860,211181344,-0.8072262406349182,-0.5847148299217224,0.028627995401620865,0.07533153146505356,-0.4465174973011017,9.604581832885742,3.132472515106201,-7.168867588043213,1.1733883619308472,-2.132103681564331
1781548270272417,211198011,-0.8079560399055481,-0.5837068557739258,0.028218630701303482,0.0754789337515831,-0.45487236976623535,9.388497352600098,3.14070200920105,-12.200231552124023,2.0807576179504395,-3.0921075344085693
1781548270274029,211214678,-0.8084735870361328,-0.5829822421073914,0.027605876326560974,0.07576464861631393,-0.4563933312892914,9.213190078735352,3.1325531005859375,-9.906586647033691,2.7616074085235596,-4.841685771942139
1781548270301827,211231345,-0.8079619407653809,-0.5836704969406128,0.026944654062390327,0.0761602520942688,-0.3923279643058777,9.366507530212402,3.0497522354125977,2.0261125564575195,3.131659507751465,-6.450919151306152
1781548270304229,211248012,-0.8074647188186646,-0.5843595862388611,0.026120977476239204,0.07643598318099976,-0.23974454402923584,9.705178260803223,3.157381534576416,1.9102530479431152,4.51786994934082,-6.4296979904174805
1781548270333107,211264679,-0.8075059652328491,-0.5843524932861328,0.025100473314523697,0.07639684528112411,-0.35439103841781616,9.768257141113281,3.0969595909118652,-4.1655097007751465,6.607739448547363,-5.0646443367004395
1781548270335277,211281346,-0.8078029155731201,-0.5840198993682861,0.023994391784071922,0.07615609467029572,-0.8252153992652893,9.82620906829834,3.259316921234131,-7.010378360748291,7.765600681304932,-4.099532127380371
1781548270362606,211298013,-0.8079558610916138,-0.5838587284088135,0.023337626829743385,0.07597179710865021,-0.9513823390007019,9.755461692810059,3.2973520755767822,-5.254509925842285,5.109804630279541,-2.711130142211914
1781548270391769,211314680,-0.8082014918327332,-0.5835435390472412,0.022886848077178,0.07591873407363892,-0.7194122076034546,9.513042449951172,3.3164923191070557,-6.396209239959717,3.3754918575286865,-2.538820505142212
1781548270393658,211331347,-0.8079143762588501,-0.5839462876319885,0.0226639062166214,0.07594510912895203,-0.40942296385765076,9.406363487243652,3.331820249557495,-0.16224363446235657,2.077721357345581,-2.4582812786102295
1781548270422296,211348014,-0.8073359131813049,-0.5847578048706055,0.02243499644100666,0.07592128962278366,-0.06643245369195938,9.55479621887207,3.4189980030059814,3.2838239669799805,2.4796106815338135,-2.418428421020508
1781548270451851,211364681,-0.8072245121002197,-0.5849354863166809,0.021906567737460136,0.07589036226272583,-0.14397978782653809,9.599420547485352,3.414109706878662,-2.2680561542510986,3.916022300720215,-3.2424018383026123
1781548270453892,211381348,-0.8079786896705627,-0.5839145183563232,0.021229209378361702,0.07591880112886429,-0.7528963088989258,9.459981918334961,3.473752021789551,-12.486865043640137,4.010483741760254,-3.539114236831665
1781548270455573,211398015,-0.8083053231239319,-0.5834347605705261,0.021121978759765625,0.07615944743156433,-1.1079208850860596,9.416319847106934,3.4826154708862305,-7.497594356536865,0.2075333297252655,-2.731569290161133
1781548270482166,211414682,-0.80800861120224,-0.5837618112564087,0.021698180586099625,0.07663799822330475,-0.8342907428741455,9.543265342712402,3.443817138671875,-0.18953397870063782,-4.21337890625,-1.7549949884414673
1781548270484045,211431349,-0.8077220916748047,-0.5840393900871277,0.022376786917448044,0.07734653353691101,-0.5352108478546143,9.757599830627441,3.376452922821045,-0.484336256980896,-5.729241371154785,-2.6078598499298096
1781548270512417,211448016,-0.8082762360572815,-0.5831421613693237,0.022984536364674568,0.07814737409353256,-0.4855376183986664,9.803363800048828,3.3909356594085693,-10.436783790588379,-6.202271938323975,-2.777634859085083
1781548270542257,211464683,-0.809585452079773,-0.5811880826950073,0.023494131863117218,0.0789937898516655,-0.566914975643158,9.515316009521484,3.2769742012023926,-19.396961212158203,-6.287055969238281,-2.851747989654541
1781548270543590,211481350,-0.8105327486991882,-0.5797244310379028,0.024080799892544746,0.07985315471887589,-0.6051645874977112,9.367133140563965,3.2423644065856934,-15.180968284606934,-6.559892177581787,-2.8910105228424072
1781548270572513,211498017,-0.8106610774993896,-0.5794112086296082,0.024842258542776108,0.08058737218379974,-0.5787464380264282,9.467781066894531,3.2164931297302246,-5.388158321380615,-6.539654731750488,-2.1376495361328125
1781548270576609,211514684,-0.8108169436454773,-0.5790737271308899,0.02557363174855709,0.08121468871831894,-0.5250306725502014,9.744497299194336,3.283275604248047,-5.631259918212891,-5.954453945159912,-1.642529845237732
1781548270602149,211531351,-0.8114393353462219,-0.5781013369560242,0.02626643143594265,0.08170099556446075,-0.430804044008255,9.768607139587402,3.2449941635131836,-11.025927543640137,-5.451282024383545,-0.6375644207000732
1781548270603660,211548018,-0.8122674822807312,-0.5768641829490662,0.026803139597177505,0.08204268664121628,-0.547312319278717,9.633996963500977,3.2015292644500732,-13.382464408874512,-4.117089748382568,-0.2884119749069214
1781548270632711,211564685,-0.8127890229225159,-0.5760586261749268,0.02750733681023121,0.08230382949113846,-0.709635853767395,9.605541229248047,3.2493209838867188,-9.64737319946289,-4.546256065368652,0.5733469128608704
1781548270634145,211581352,-0.8131316900253296,-0.5755109190940857,0.028374072164297104,0.0824565663933754,-0.6682854890823364,9.67628288269043,3.265364646911621,-7.386435508728027,-4.914015769958496,1.673143744468689
1781548270662542,211598019,-0.8135654926300049,-0.5748530626296997,0.029371090233325958,0.08241616189479828,-0.5409621000289917,9.763090133666992,3.340014934539795,-8.251684188842773,-4.92182731628418,3.3423750400543213
1781548270692067,211614686,-0.8144724369049072,-0.573545515537262,0.03026111051440239,0.08224726468324661,-0.4163864254951477,9.685661315917969,3.353019952774048,-13.79025936126709,-4.088839530944824,4.036993503570557
1781548270693860,211631353,-0.8154999613761902,-0.5720717906951904,0.03108549304306507,0.08202362805604935,-0.34358713030815125,9.51186752319336,3.4021220207214355,-15.223062515258789,-3.575139284133911,4.187417984008789
1781548270721748,211648020,-0.8163983225822449,-0.570797860622406,0.031755633652210236,0.081702321767807,-0.2853143513202667,9.366344451904297,3.471254587173462,-13.660837173461914,-2.2398834228515625,4.013019561767578
1781548270723793,211664687,-0.8169369101524353,-0.5700618028640747,0.032271359115839005,0.08125434070825577,-0.29909592866897583,9.31047248840332,3.474886417388916,-9.288589477539062,-0.6506524682044983,3.7982430458068848
1781548270751655,211681354,-0.8170894384384155,-0.5699123740196228,0.03260178118944168,0.08063595741987228,-0.29306021332740784,9.380244255065918,3.4220283031463623,-4.545947074890137,1.2992875576019287,3.682844400405884
1781548270753982,211698021,-0.8169594407081604,-0.5701954364776611,0.0328182578086853,0.07986000180244446,-0.27809277176856995,9.477751731872559,3.391557455062866,-1.0385183095932007,2.732714891433716,3.8678572177886963
1781548270782428,211714688,-0.8169187307357788,-0.5703790783882141,0.03291422873735428,0.07891970127820969,-0.30328020453453064,9.533856391906738,3.3640570640563965,-1.9752644300460815,4.019023895263672,4.388755798339844
1781548270784605,211731355,-0.81695556640625,-0.5704668164253235,0.03294689208269119,0.07788412272930145,-0.4099070429801941,9.573813438415527,3.3424415588378906,-2.831740140914917,4.7133965492248535,4.740187644958496
1781548270811929,211748022,-0.8169324994087219,-0.5706468224525452,0.03304414078593254,0.07675761729478836,-0.4541369080543518,9.658682823181152,3.4150032997131348,-2.0239033699035645,4.744440078735352,5.451222896575928
1781548270841916,211764689,-0.8170698285102844,-0.5706095099449158,0.03320091962814331,0.07549512386322021,-0.4284687936306,9.71579360961914,3.4425787925720215,-3.812182664871216,4.864871501922607,6.582958698272705
1781548270843442,211781356,-0.8175833821296692,-0.5700459480285645,0.03340989723801613,0.07408735901117325,-0.38165417313575745,9.680876731872559,3.49607515335083,-8.184593200683594,4.95228910446167,7.9189324378967285
1781548270873382,211798023,-0.8182424306869507,-0.56927889585495,0.03363502398133278,0.07259269058704376,-0.33795884251594543,9.627967834472656,3.602893114089966,-9.87059211730957,5.134127140045166,8.592074394226074
1781548270874781,211814690,-0.8190824389457703,-0.5682486891746521,0.03391994535923004,0.07104262709617615,-0.2502211034297943,9.49103832244873,3.645872116088867,-12.016465187072754,4.92489767074585,9.28884506225586
1781548270901699,211831357,-0.819861114025116,-0.5673012733459473,0.03420785814523697,0.0694764256477356,-0.2551385462284088,9.394068717956543,3.6527976989746094,-11.305439949035645,4.997674942016602,9.342693328857422
1781548270903467,211848024,-0.8200523257255554,-0.5671840906143188,0.034807950258255005,0.0678606778383255,-0.2059609293937683,9.598750114440918,3.801415205001831,-4.173220157623291,3.690106153488159,10.36349868774414
1781548270931635,211864691,-0.8205658793449402,-0.5665938258171082,0.03559908643364906,0.06614871323108673,-0.16370801627635956,9.795321464538574,3.879530429840088,-7.98491907119751,2.8429925441741943,11.914031028747559
1781548270933616,211881358,-0.8219121098518372,-0.5647807121276855,0.03654821962118149,0.06440085917711258,-0.14658275246620178,9.700789451599121,3.9176883697509766,-18.046520233154297,1.740584373474121,13.410581588745117
1781548270963133,211898025,-0.8236629962921143,-0.5623454451560974,0.03752678260207176,0.06275972723960876,-0.08960765600204468,9.45919418334961,3.984375476837158,-23.146806716918945,0.9864435791969299,13.257441520690918
1781548270992364,211914692,-0.8252379894256592,-0.5601377487182617,0.03847406432032585,0.061222199350595474,-0.06791997700929642,9.225725173950195,4.008711814880371,-21.217655181884766,0.8216378688812256,12.417427062988281
1781548270993910,211931359,-0.8263269066810608,-0.5586199760437012,0.03943687677383423,0.0597711019217968,-0.0385904498398304,9.103081703186035,3.9176433086395264,-15.446870803833008,0.5558666586875916,11.596796989440918
1781548271022887,211948026,-0.8269180655479431,-0.5578141212463379,0.040462676435709,0.058420609682798386,-0.030370386317372322,9.115457534790039,3.8594212532043457,-9.49111270904541,-0.033206891268491745,10.868597984313965
1781548271023738,211964693,-0.8273000121116638,-0.5572950839996338,0.041552234441041946,0.05718567594885826,-0.07065568119287491,9.258363723754883,3.824160099029541,-7.065228462219238,-0.7827884554862976,10.292282104492188
1781548271051832,211981360,-0.8278195858001709,-0.5565398931503296,0.04274493455886841,0.05613388866186142,-0.057647354900836945,9.369693756103516,3.7900326251983643,-8.946353912353516,-2.122192621231079,9.768285751342773
1781548271053435,211998027,-0.8287377953529358,-0.5551761984825134,0.043811991810798645,0.05526002123951912,0.0012766116997227073,9.393331527709961,3.847904920578003,-14.036388397216797,-2.2263476848602295,8.599913597106934
1781548271082413,212014694,-0.8298828601837158,-0.5534660816192627,0.04474693909287453,0.05447715148329735,0.10304193198680878,9.290931701660156,3.7704532146453857,-16.953872680664062,-1.8518770933151245,7.780526638031006
1781548271083989,212031361,-0.8310182690620422,-0.5517812371253967,0.04545852169394493,0.0536622479557991,0.19958408176898956,9.15572738647461,3.786374092102051,-16.847492218017578,-0.4588392972946167,7.098050594329834
1781548271112111,212048028,-0.8318796753883362,-0.5505089163780212,0.04598693549633026,0.05292902886867523,0.1595732718706131,9.03957748413086,3.7885656356811523,-13.543967247009277,0.34527862071990967,5.707198619842529
1781548271142490,212064695,-0.8322941660881042,-0.5499026775360107,0.04644223302602768,0.052313320338726044,0.10814633965492249,9.030320167541504,3.809426784515381,-8.106292724609375,0.4170708954334259,4.383108615875244
1781548271144171,212081362,-0.8322746753692627,-0.5499438047409058,0.04690079763531685,0.05177789181470871,0.09141542762517929,9.161907196044922,3.844680070877075,-2.785048484802246,0.1889641284942627,3.5742976665496826
1781548271172201,212098029,-0.8322243690490723,-0.5500227808952332,0.047336395829916,0.05135184898972511,0.106961190700531,9.383623123168945,3.935851812362671,-2.4961626529693604,-0.09183434396982193,2.8374197483062744
1781548271174242,212114696,-0.8328255414962769,-0.5491165518760681,0.04764484986662865,0.051017746329307556,0.20571760833263397,9.385879516601562,4.021721363067627,-10.671547889709473,0.1532728523015976,2.382129192352295
1781548271202152,212131363,-0.8336983919143677,-0.5477981567382812,0.047881629317998886,0.050712790340185165,0.2264087051153183,9.252058982849121,4.0219831466674805,-14.092705726623535,0.39751577377319336,2.1748204231262207
1781548271204388,212148030,-0.834273636341095,-0.5469249486923218,0.048117004334926605,0.05045212805271149,0.2695157527923584,9.15000057220459,4.0747246742248535,-10.434693336486816,0.29861214756965637,1.6659849882125854
1781548271231641,212164697,-0.8346475958824158,-0.546353816986084,0.04827316105365753,0.050304774194955826,0.24464662373065948,9.140437126159668,4.113030433654785,-8.00963020324707,0.35438379645347595,0.5437384247779846
1781548271233991,212181364,-0.8349689841270447,-0.5458509922027588,0.04841640964150429,0.050292737782001495,0.1627555787563324,9.145960807800293,4.133870601654053,-7.46984338760376,-0.0677327960729599,-0.3194032609462738
1781548271263368,212198031,-0.8350977897644043,-0.5456283092498779,0.04862649366259575,0.05036819726228714,0.1814274936914444,9.186595916748047,4.12523889541626,-5.144656658172607,-0.7432805895805359,-0.7289630770683289
1781548271292318,212214698,-0.8351736068725586,-0.5454893112182617,0.048805974423885345,0.05044332146644592,0.24393700063228607,9.260878562927246,4.063681602478027,-4.475371837615967,-0.5585490465164185,-0.8895292282104492
1781548271294203,212231365,-0.8353913426399231,-0.5451367497444153,0.0489225834608078,0.05053672567009926,0.30900242924690247,9.296407699584961,4.100553512573242,-6.26188325881958,-0.28983333706855774,-1.1083000898361206
1781548271323269,212248032,-0.835943341255188,-0.5442776083946228,0.048883192241191864,0.05070891231298447,0.30262553691864014,9.228607177734375,4.11545991897583,-10.505154609680176,0.24807828664779663,-1.8591625690460205
1781548271324555,212264699,-0.8364048004150391,-0.5435522198677063,0.048832956701517105,0.05092775449156761,0.21153660118579865,9.182376861572266,4.134227752685547,-9.417140007019043,0.15241481363773346,-2.2440061569213867
1781548271352163,212281366,-0.8366146683692932,-0.5432052612304688,0.04883942753076553,0.051174696534872055,0.13631081581115723,9.267679214477539,4.135422706604004,-6.289839744567871,-0.23287071287631989,-2.410193920135498
1781548271354425,212298033,-0.8367780447006226,-0.542923092842102,0.04888491705060005,0.051456041634082794,0.16646163165569305,9.357800483703613,4.099532604217529,-5.741292476654053,-0.578001856803894,-2.498992919921875
1781548271382777,212314700,-0.8374606370925903,-0.541847825050354,0.04883712902665138,0.05172525346279144,0.24052207171916962,9.32662296295166,4.12130880355835,-12.271819114685059,-0.10533230006694794,-2.328029155731201
1781548271384199,212331367,-0.8380486369132996,-0.5409297943115234,0.04874728247523308,0.051896002143621445,0.28125250339508057,9.258657455444336,4.157340049743652,-10.995471954345703,0.5280892252922058,-2.0046424865722656
1781548271412066,212348034,-0.8384547829627991,-0.5403090119361877,0.04853789508342743,0.0520012229681015,0.32891204953193665,9.23488712310791,4.143585205078125,-8.627076148986816,1.5086716413497925,-2.2351186275482178
1781548271442609,212364701,-0.8390141129493713,-0.539480984210968,0.048018187284469604,0.052058033645153046,0.3207797706127167,9.156478881835938,4.17820930480957,-10.486315727233887,3.4567484855651855,-2.9848153591156006
1781548271444421,212381368,-0.8394536375999451,-0.5388683080673218,0.04711489379405975,0.05214227735996246,0.30423101782798767,8.944660186767578,4.1022162437438965,-8.945995330810547,5.603977680206299,-4.680133819580078
1781548271471725,212398035,-0.8392404913902283,-0.5392870306968689,0.04590435326099396,0.052321657538414,0.19962310791015625,8.808527946472168,4.043188095092773,-0.7160801291465759,7.18147611618042,-6.936318874359131
1781548271474798,212414702,-0.8383716344833374,-0.5406912565231323,0.04477216675877571,0.05273961275815964,-0.047821372747421265,8.950932502746582,4.09788179397583,7.35518217086792,5.993739128112793,-8.56934642791748
1781548271501655,212431369,-0.8372936248779297,-0.5423653721809387,0.0440344475209713,0.05329170078039169,-0.1085946336388588,9.211155891418457,4.167367935180664,9.7888765335083,3.2549848556518555,-8.033516883850098
1781548271503835,212448036,-0.8365064859390259,-0.5435606837272644,0.043541278690099716,0.05387964844703674,0.014467489905655384,9.426946640014648,4.155476093292236,6.028059005737305,1.6178712844848633,-7.080248832702637
1781548271531603,212464703,-0.836234450340271,-0.5439186096191406,0.043282851576805115,0.05469071492552757,0.12470991909503937,9.544821739196777,4.212305545806885,-0.6935792565345764,-0.7093951106071472,-7.038025379180908
1781548271533803,212481370,-0.8361124992370605,-0.5439798831939697,0.04349665343761444,0.055766284465789795,0.2576042711734772,9.230086326599121,4.27521276473999,-2.8614766597747803,-4.476524353027344,-6.646777629852295
1781548271562037,212498037,-0.8359500169754028,-0.5441172122955322,0.04340120032429695,0.05692574009299278,0.1707507222890854,8.739897727966309,4.265424728393555,-2.4159700870513916,-2.998915195465088,-8.325859069824219
1781548271622006,212514704,-0.8344904184341431,-0.5462415218353271,0.04331202059984207,0.05805376172065735,-0.08818268030881882,8.857197761535645,4.247499465942383,13.868167877197266,-2.5334184169769287,-9.224833488464355
1781548271623495,212531371,-0.8318859338760376,-0.5500832796096802,0.0435013510286808,0.05900713801383972,-0.17037896811962128,9.422842025756836,4.145391941070557,28.186853408813477,-3.117689371109009,-8.139893531799316
1781548271624870,212548038,-0.8302668333053589,-0.5523999929428101,0.0436631441116333,0.06004023179411888,0.06119263544678688,9.899527549743652,4.138494491577148,15.701966285705566,-3.571336269378662,-7.837635517120361
1781548271681830,212564705,-0.830578088760376,-0.5517919063568115,0.04357581585645676,0.06137477234005928,0.1529308259487152,9.710836410522461,4.213081359863281,-8.51740550994873,-3.9481101036071777,-8.840229034423828
1781548271683468,212581372,-0.8310135006904602,-0.5509313941001892,0.04368142783641815,0.06311146914958954,0.14108341932296753,9.1476469039917,4.197549819946289,-10.470198631286621,-6.644950866699219,-10.277283668518066
1781548271685137,212598039,-0.8299217224121094,-0.5523084402084351,0.04389883950352669,0.06525567919015884,0.0628354623913765,9.16515827178955,4.54253625869751,8.026381492614746,-8.315043449401855,-13.517167091369629
1781548271712550,212614706,-0.8277182579040527,-0.5552927255630493,0.044184789061546326,0.06767743080854416,-0.0883789137005806,9.673550605773926,5.021773815155029,21.36693572998047,-9.375144958496094,-15.82469654083252
1781548271714800,212631373,-0.8258931636810303,-0.557610273361206,0.04391789063811302,0.07101172208786011,-0.4649997651576996,10.21152114868164,5.9667229652404785,15.594947814941406,-9.90768814086914,-22.749574661254883
1781548271717287,212648040,-0.8240765929222107,-0.5598368644714355,0.043226927518844604,0.07491408288478851,-0.8882805109024048,10.071932792663574,5.596673965454102,14.671311378479004,-9.718698501586914,-27.56878089904785
1781548271742135,212664707,-0.8194948434829712,-0.566074013710022,0.042025964707136154,0.07888266444206238,-1.1284856796264648,10.811877250671387,6.178316593170166,47.7593994140625,-5.840290069580078,-32.52156066894531
1781548271744290,212681374,-0.8150767087936401,-0.5719237327575684,0.039671141654253006,0.08354506641626358,-1.3891518115997314,11.142629623413086,5.825055122375488,44.11692428588867,-2.204141855239868,-40.720176696777344
1781548271771792,212698041,-0.8130102753639221,-0.5743244886398315,0.03505747392773628,0.0890883132815361,-2.4760661125183105,11.843877792358398,6.510218620300293,14.006571769714355,5.655285358428955,-52.24341583251953
1781548271773921,212714708,-0.8160263895988464,-0.5697890520095825,0.026552263647317886,0.09346914291381836,-3.5170094966888428,12.839900016784668,8.65617561340332,-46.933433532714844,28.97063636779785,-56.32525634765625
1781548271801759,212731375,-0.8184009194374084,-0.5660498142242432,0.015795370563864708,0.0977657362818718,-5.362879753112793,12.721385955810547,6.518777370452881,-41.37904739379883,42.32626724243164,-65.22598266601562
1781548271803478,212748042,-0.8214308023452759,-0.5608078241348267,0.0031135070603340864,0.10361619293689728,-5.985725402832031,13.686598777770996,7.408618927001953,-53.84567642211914,46.17380142211914,-80.84785461425781
1781548271833395,212764709,-0.8277169466018677,-0.5504359602928162,-0.009738496504724026,0.10867490619421005,-2.866450786590576,12.257433891296387,6.109152317047119,-95.4758529663086,46.59807586669922,-74.59552001953125
1781548271834061,212781376,-0.8340346813201904,-0.539720892906189,-0.024350684136152267,0.11177943646907806,-2.5055994987487793,10.235126495361328,5.830681324005127,-98.99381256103516,63.752235412597656,-70.1334228515625
1781548271862215,212798043,-0.8400360941886902,-0.5291455388069153,-0.03994840756058693,0.11291111260652542,-3.7324295043945312,8.82437801361084,5.734841823577881,-98.10568237304688,76.88408660888672,-62.69622802734375
1781548271892330,212814710,-0.8460153341293335,-0.5185057520866394,-0.054544463753700256,0.11151152849197388,-5.281564235687256,7.738981246948242,5.357179641723633,-98.31262969970703,80.2636947631836,-44.461395263671875
1781548271893221,212831377,-0.8493195176124573,-0.5125958323478699,-0.06612788885831833,0.1073727011680603,-5.727601051330566,7.660394668579102,5.297191143035889,-59.97666549682617,77.12992858886719,-18.055339813232422
1781548271923250,212848044,-0.8496429920196533,-0.5123089551925659,-0.07408057898283005,0.10079038143157959,-3.278472900390625,7.645720481872559,4.653672695159912,-15.066038131713867,70.0414810180664,9.373172760009766
1781548271925019,212864711,-0.851396918296814,-0.5101990103721619,-0.08143258839845657,0.09049379825592041,-1.8013324737548828,7.7346601486206055,3.76912784576416,-32.23067855834961,77.62249755859375,33.252201080322266
1781548271952079,212881378,-0.8570375442504883,-0.5022774338722229,-0.08772306889295578,0.074221171438694,-2.355807065963745,7.109756946563721,3.233886241912842,-82.57658386230469,86.57977294921875,71.12527465820312
1781548271953967,212898045,-0.8693805932998657,-0.48343753814697266,-0.0900149792432785,0.04861176759004593,-3.731616735458374,5.378518581390381,3.3958747386932373,-173.6804962158203,85.65625762939453,136.80899047851562
1781548271983275,212914712,-0.8826690912246704,-0.4619591534137726,-0.0854487270116806,0.013697848655283451,-4.869358539581299,4.431185722351074,3.5838241577148438,-196.09063720703125,74.12105560302734,213.9459228515625
1781548271984840,212931379,-0.8849506378173828,-0.45943179726600647,-0.0722598284482956,-0.02373652718961239,-2.131675958633423,5.022329807281494,3.008925199508667,-46.747318267822266,38.025306701660156,266.73455810546875
1781548272012107,212948046,-0.8786719441413879,-0.4702860116958618,-0.056641582399606705,-0.05965429171919823,3.941256284713745,7.642293930053711,4.554248332977295,62.09221267700195,20.516672134399414,273.2362365722656
1781548272044302,212964713,-0.8783099055290222,-0.467107355594635,-0.036587201058864594,-0.09510015696287155,6.58185338973999,8.242607116699219,5.529807090759277,-43.48360061645508,-4.361730575561523,276.8276062011719
1781548272045311,212981380,-0.8898879885673523,-0.43718937039375305,-0.011968442238867283,-0.12969769537448883,6.5479416847229,4.856579303741455,2.180391550064087,-246.17758178710938,-20.174036026000977,271.8686828613281
1781548272072441,212998047,-0.8975148797035217,-0.4097895622253418,0.013677341863512993,-0.16233554482460022,8.202703475952148,2.155751943588257,-0.26787590980529785,-219.62953186035156,-34.26955032348633,266.66827392578125
1781548272073965,213014714,-0.8941084742546082,-0.40742433071136475,0.024302583187818527,-0.1843509078025818,11.292594909667969,2.2364327907562256,1.9914239645004272,-18.212324142456055,-0.4654684364795685,168.64952087402344
1781548272101729,213031381,-0.8863608837127686,-0.4206087589263916,0.021204698830842972,-0.1923617273569107,9.542464256286621,5.411726951599121,2.092216968536377,104.5970230102539,24.245830535888672,46.99076461791992
1781548272104046,213048048,-0.8852857351303101,-0.42296940088272095,0.016895653679966927,-0.1925627440214157,3.711275815963745,8.43686294555664,6.439178943634033,19.794204711914062,24.34062957763672,-11.36661434173584
1781548272132387,213064715,-0.8957393169403076,-0.4042721092700958,0.02002723328769207,-0.18388645350933075,2.7151973247528076,6.586077690124512,5.740575790405273,-152.80145263671875,-17.543466567993164,-56.585350036621094
1781548272133591,213081382,-0.9052637219429016,-0.3894745111465454,0.019123880192637444,-0.16864684224128723,4.726949691772461,4.566060543060303,5.540552616119385,-122.00270080566406,-15.993651390075684,-107.59024810791016
1781548272162171,213098049,-0.9074015021324158,-0.3932483494281769,0.011021855287253857,-0.14784084260463715,5.896565914154053,5.480270862579346,5.3676958084106445,20.995027542114258,-8.593655586242676,-155.39666748046875
1781548272193412,213114716,-0.9070026278495789,-0.40313437581062317,1.219097975990735e-05,-0.1217745691537857,6.006108283996582,7.588051795959473,5.625394821166992,68.55082702636719,-11.075565338134766,-193.9840087890625
1781548272194661,213131383,-0.905726969242096,-0.41365647315979004,-0.010799074545502663,-0.09181831777095795,4.743730545043945,9.445588111877441,4.876547813415527,74.78148651123047,-23.622583389282227,-216.9765625
1781548272222980,213148050,-0.9033464789390564,-0.42431575059890747,-0.018814146518707275,-0.059729039669036865,3.3559393882751465,11.128725051879883,4.604021072387695,77.16413116455078,-47.10634994506836,-221.60943603515625
1781548272223902,213164717,-0.9047943949699402,-0.42443740367889404,-0.02219538949429989,-0.026601238176226616,3.1875851154327393,11.870695114135742,4.42686653137207,-1.245803713798523,-75.08588409423828,-217.4761962890625
1781548272251670,213181384,-0.9110084176063538,-0.41171637177467346,-0.022819284349679947,0.005716146435588598,3.210848569869995,10.569448471069336,4.788877010345459,-95.70501708984375,-88.25387573242188,-207.22683715820312
1781548272253898,213198051,-0.9194154143333435,-0.3908132016658783,-0.024273309856653214,0.03676057234406471,2.7937042713165283,7.420548439025879,4.795555114746094,-153.4209442138672,-80.11375427246094,-202.8118896484375
1781548272282112,213214718,-0.9254546165466309,-0.3720124363899231,-0.027792327105998993,0.06609376519918442,1.4306838512420654,4.5268378257751465,5.0464558601379395,-134.57269287109375,-61.52579116821289,-197.78567504882812
1781548272284511,213231385,-0.9254843592643738,-0.36578404903411865,-0.03193143382668495,0.09306540340185165,-1.4839102029800415,3.2916312217712402,4.187511444091797,-39.9193115234375,-44.6699333190918,-184.65687561035156
1781548272311964,213248052,-0.9191532731056213,-0.3746216893196106,-0.032834604382514954,0.11720956116914749,-4.391097068786621,3.5217504501342773,3.4985616207122803,73.40602111816406,-47.11666488647461,-159.2828369140625
1781548272342306,213264719,-0.912067174911499,-0.38518768548965454,-0.030977489426732063,0.137129545211792,-4.649613380432129,4.933389186859131,5.928944110870361,87.54130554199219,-52.12398910522461,-125.68404388427734
1781548272343305,213281386,-0.9089223742485046,-0.3873022794723511,-0.02839019149541855,0.1518261581659317,-3.140469789505005,4.975957870483398,6.345121383666992,23.675193786621094,-51.68282699584961,-89.06661987304688
1781548272371798,213298053,-0.9049407839775085,-0.3922584652900696,-0.025215698406100273,0.16303278505802155,-2.7364304065704346,4.05072546005249,5.270108222961426,43.59392166137695,-42.931644439697266,-66.00755310058594
1781548272374013,213314720,-0.8961378335952759,-0.4091331362724304,-0.019429290667176247,0.17079119384288788,-3.0887978076934814,4.446230411529541,5.693717002868652,133.09132385253906,-35.69208908081055,-40.845760345458984
1781548272403372,213331387,-0.8835744857788086,-0.43395301699638367,-0.011401630006730556,0.17564496397972107,-2.7059075832366943,5.517508506774902,6.805835247039795,194.88638305664062,-31.503944396972656,-19.995868682861328
1781548272404594,213348054,-0.872873067855835,-0.45439884066581726,-0.004550994373857975,0.17774592339992523,-3.5954413414001465,6.649839878082275,7.776197910308838,161.1123046875,-21.57087516784668,-4.87579345703125
1781548272431933,213364721,-0.8659195303916931,-0.46823710203170776,0.003487682668492198,0.1758558452129364,-4.927095413208008,7.452024936676025,5.695380210876465,111.0711441040039,-24.423830032348633,27.167959213256836
1781548272433616,213381388,-0.861045241355896,-0.4790884852409363,0.012637763284146786,0.1700461506843567,-4.465200901031494,8.855003356933594,6.451230049133301,88.0306396484375,-21.98872184753418,56.6733283996582
1781548272462858,213398055,-0.8576678037643433,-0.48694488406181335,0.019657865166664124,0.16402484476566315,-1.9135247468948364,8.601566314697266,6.899730682373047,62.896400451660156,-12.054052352905273,52.92399215698242
1781548272492298,213414722,-0.850874125957489,-0.50057053565979,0.024370059370994568,0.15763399004936218,0.6811498999595642,8.214277267456055,7.262613773345947,105.80783081054688,8.838473320007324,42.746849060058594
1781548272493819,213431389,-0.840049684047699,-0.5208266377449036,0.027437202632427216,0.1493428498506546,-0.8419820666313171,9.171187400817871,6.715747833251953,157.0186309814453,31.517934799194336,42.72140121459961
1781548272522048,213448056,-0.8321565389633179,-0.5356765389442444,0.031472306698560715,0.13991309702396393,-3.5426321029663086,10.58449649810791,5.891473293304443,116.50209045410156,25.005002975463867,56.79181671142578
1781548272523476,213464723,-0.8290748000144958,-0.5422969460487366,0.03584841638803482,0.1313924789428711,-3.5075721740722656,10.623549461364746,5.398606300354004,51.82331085205078,12.826824188232422,59.257362365722656
1781548272551701,213481390,-0.8243756890296936,-0.5508666634559631,0.040153805166482925,0.12384860217571259,-1.1008280515670776,10.489426612854004,5.440795421600342,68.66191864013672,10.950569152832031,51.489356994628906
1781548272553948,213498057,-0.8155799508094788,-0.5653402209281921,0.04237077757716179,0.11586526036262512,0.8983446955680847,11.628070831298828,5.4061737060546875,115.99005889892578,28.348791122436523,40.95361328125
1781548272582162,213514724,-0.8073189854621887,-0.5783272981643677,0.04318463057279587,0.10912878066301346,1.7406708002090454,12.421494483947754,4.989236354827881,104.09451293945312,30.343212127685547,29.362110137939453
1781548272584011,213531391,-0.8044376373291016,-0.5832107663154602,0.043189357966184616,0.10430728644132614,-0.19229117035865784,11.589095115661621,4.546258926391602,36.54460144042969,22.737060546875,21.9516658782959
1781548272612030,213548058,-0.8036989569664001,-0.5847658514976501,0.04376174509525299,0.10100481659173965,-2.224078893661499,10.313551902770996,4.697623252868652,9.5015869140625,11.756673812866211,18.35040855407715
1781548272641984,213564725,-0.8009966015815735,-0.5889149904251099,0.042099304497241974,0.09905307739973068,-2.374706268310547,11.28664493560791,5.511465549468994,29.77390480041504,19.884872436523438,-0.2393389344215393
1781548272643690,213581392,-0.7939289212226868,-0.5986751914024353,0.041431866586208344,0.09771564602851868,-2.0535728931427,12.817826271057129,4.842840671539307,78.85506439208984,14.474620819091797,-4.187412738800049
1781548272672479,213598059,-0.7946425080299377,-0.5981299877166748,0.039301883429288864,0.09612104296684265,-2.168330192565918,12.931905746459961,5.196990489959717,-10.333741188049316,18.809043884277344,-0.6373346447944641
1781548272674259,213614726,-0.8036356568336487,-0.5867090225219727,0.03690178692340851,0.09263169020414352,-1.5527209043502808,10.350127220153809,4.478257656097412,-103.46978759765625,23.125896453857422,17.017866134643555
1781548272701853,213631393,-0.8087280988693237,-0.5806704759597778,0.03568899631500244,0.08664353936910629,-1.8666231632232666,7.646401405334473,3.2936716079711914,-56.59984588623047,29.08251190185547,31.76537322998047
1781548272703897,213648060,-0.8043831586837769,-0.5873956084251404,0.03649185225367546,0.08125583082437515,-1.7794123888015747,8.18405818939209,3.012573003768921,53.10322189331055,20.764719009399414,27.722944259643555
1781548272732885,213664727,-0.795969545841217,-0.5990743637084961,0.03823717683553696,0.07797884196043015,-0.46629998087882996,10.877177238464355,2.949160099029541,96.9300537109375,8.775039672851562,16.343236923217773
1781548272734779,213681394,-0.794097363948822,-0.6017193794250488,0.039609503000974655,0.0759887844324112,0.583468496799469,11.682015419006348,2.7778971195220947,20.006818771362305,2.3920328617095947,13.64580249786377
1781548272762998,213698061,-0.7998651266098022,-0.5942386388778687,0.040014203637838364,0.07412967830896378,0.4919086694717407,9.935619354248047,2.758225440979004,-67.42646789550781,3.923130989074707,15.674666404724121
1781548272793625,213714728,-0.8053770065307617,-0.5869376063346863,0.04028844088315964,0.07245051115751266,-0.06100059300661087,8.337087631225586,3.005336284637451,-65.5094985961914,3.927443742752075,13.97071361541748
1781548272794389,213731395,-0.806256890296936,-0.5858308672904968,0.04136589914560318,0.07099977135658264,-0.3076626658439636,8.394768714904785,3.006460666656494,-12.179631233215332,0.3601469099521637,11.923675537109375
1781548272821937,213748062,-0.8058668971061707,-0.5864285826683044,0.042640313506126404,0.06972788274288177,-0.20105184614658356,9.796613693237305,3.3491287231445312,2.4300765991210938,-0.9809796214103699,10.620983123779297
1781548272824105,213764729,-0.8078462481498718,-0.5837153792381287,0.043908823281526566,0.06879690289497375,0.20492272078990936,10.662906646728516,3.5681378841400146,-25.570466995239258,-3.2152602672576904,10.815010070800781
1781548272851570,213781396,-0.8122925162315369,-0.5775752067565918,0.04479686915874481,0.06768421828746796,0.3198055922985077,9.915260314941406,3.5383460521698,-54.63132858276367,-1.2494012117385864,12.49814224243164
1781548272853819,213798063,-0.8165018558502197,-0.5717061758041382,0.045406538993120193,0.06644706428050995,0.04472672939300537,8.813698768615723,3.7484865188598633,-52.2667121887207,0.853442907333374,11.893204689025879
1781548272882827,213814730,-0.8179437518119812,-0.5696848034858704,0.0462811179459095,0.06546405702829361,-0.14992757141590118,8.24422836303711,3.852343797683716,-19.744348526000977,-0.7394014596939087,9.041738510131836
1781548272884372,213831397,-0.8154847621917725,-0.5731671452522278,0.04756361246109009,0.06482414156198502,-0.10306170582771301,8.64090347290039,3.7630209922790527,26.560260772705078,-3.140726327896118,5.203649044036865
1781548272911980,213848064,-0.8121862411499023,-0.5777410864830017,0.04909564182162285,0.06448695808649063,-0.19732819497585297,9.621430397033691,3.7272939682006836,36.0025634765625,-5.5215349197387695,3.758635997772217
1781548272942444,213864731,-0.8108451962471008,-0.5794757008552551,0.05073276162147522,0.06453263759613037,-0.08589846640825272,10.303275108337402,3.7334887981414795,12.289731979370117,-8.226998329162598,3.8652219772338867
1781548272943758,213881398,-0.8121199011802673,-0.5775808095932007,0.05184726417064667,0.06460291892290115,0.0719604641199112,10.225448608398438,3.5567433834075928,-18.605602264404297,-6.10967493057251,4.072534084320068
1781548272972201,213898065,-0.8143485188484192,-0.5743570327758789,0.05262206122279167,0.06466452777385712,0.1046021431684494,9.827371597290039,3.362053632736206,-29.960948944091797,-4.428757667541504,3.669191360473633
1781548273001702,213914732,-0.8164802193641663,-0.571254551410675,0.05331379920244217,0.06470173597335815,0.11828546226024628,9.393180847167969,3.2405197620391846,-28.927515029907227,-3.848613977432251,3.3906898498535156
1781548273004093,213931399,-0.8178160190582275,-0.569274365901947,0.05405956134200096,0.06466405838727951,0.24833351373672485,9.114776611328125,3.204580545425415,-19.450450897216797,-3.6500065326690674,3.258035898208618
1781548273005260,213948066,-0.8183085322380066,-0.5685250759124756,0.05469770357012749,0.06448887288570404,0.2517137825489044,8.97074031829834,3.2386510372161865,-9.225377082824707,-2.272474527359009,2.777320146560669
1781548273031818,213964733,-0.8176678419113159,-0.5694099068641663,0.05527656152844429,0.06431589275598526,-0.007596603594720364,9.065939903259277,3.3366947174072266,4.370621681213379,-1.6498547792434692,1.4155818223953247
1781548273033871,213981400,-0.8164721727371216,-0.5710528492927551,0.055923111736774445,0.06437674164772034,-0.2766546607017517,9.540448188781738,3.506298065185547,10.745574951171875,-2.8213939666748047,-0.16664907336235046
1781548273062580,213998067,-0.8160171508789062,-0.571587085723877,0.0568075105547905,0.06463102251291275,-0.07866868376731873,9.832286834716797,3.5351955890655518,1.645046353340149,-5.122130870819092,0.4358449876308441
1781548273092460,214014734,-0.8170373439788818,-0.5700318217277527,0.05735142529010773,0.0649973601102829,0.19347192347049713,9.718759536743164,3.5076839923858643,-16.070087432861328,-4.004370212554932,-0.058025624603033066
1781548273093810,214031401,-0.8185593485832214,-0.5677437782287598,0.05775453895330429,0.06551402062177658,0.3647698760032654,9.342942237854004,3.6090126037597656,-22.275354385375977,-3.93237566947937,-0.9414733052253723
1781548273123651,214048068,-0.8201053142547607,-0.5654087662696838,0.05780772492289543,0.06632072478532791,0.46641233563423157,8.789341926574707,3.4839916229248047,-22.905712127685547,-3.107262134552002,-3.91092586517334
1781548273124627,214064735,-0.8208027482032776,-0.564315140247345,0.05762384459376335,0.0671621710062027,0.4667377471923828,8.485337257385254,3.3948798179626465,-12.728866577148438,-1.6765698194503784,-5.908968925476074
1781548273151962,214081402,-0.8193257451057434,-0.5664249062538147,0.05734029412269592,0.0676790177822113,0.2574269473552704,8.934643745422363,3.375514507293701,13.868514060974121,0.7640851140022278,-6.73756742477417
1781548273153989,214098069,-0.8164405822753906,-0.5706219673156738,0.05693638324737549,0.06762830168008804,-0.052855536341667175,10.104554176330566,3.5839335918426514,31.277042388916016,4.068764686584473,-5.487604141235352
1781548273183660,214114736,-0.8146165609359741,-0.5733034014701843,0.05648704990744591,0.06732264161109924,-0.2629085183143616,11.021056175231934,3.818103551864624,18.685197830200195,5.033804416656494,-3.1478047370910645
1781548273184539,214131403,-0.8160045742988586,-0.5714209079742432,0.056151922792196274,0.06679457426071167,-0.02907540649175644,10.238275527954102,3.7287533283233643,-19.39836883544922,4.405550479888916,1.8082526922225952
1781548273212312,214148070,-0.8177634477615356,-0.5689565539360046,0.055904027074575424,0.06652829051017761,0.07361879199743271,8.838955879211426,3.4898018836975098,-24.180591583251953,2.763712167739868,1.0773684978485107
1781548273242738,214164737,-0.8155094981193542,-0.5721516013145447,0.05646505579352379,0.06632231920957565,0.13081687688827515,8.752633094787598,3.389892101287842,23.68401336669922,-0.9738735556602478,-0.10774002224206924
1781548273243923,214181404,-0.8121660351753235,-0.5768342018127441,0.057286299765110016,0.06608396023511887,0.23119358718395233,9.751205444335938,3.340208053588867,36.4418830871582,-2.0501136779785156,0.023262839764356613
1781548273301715,214198071,-0.8115093111991882,-0.577715277671814,0.05792699754238129,0.06589533388614655,0.3414606750011444,10.45275592803955,3.480015993118286,4.456539630889893,-1.9089657068252563,1.7471383810043335
1781548273303220,214214738,-0.8131306767463684,-0.5754358172416687,0.0583839975297451,0.0654485747218132,0.3489097058773041,10.117144584655762,3.5936717987060547,-22.206491470336914,-0.38274404406547546,4.748481273651123
1781548273304763,214231405,-0.8148823976516724,-0.5729907155036926,0.05874665454030037,0.06478600203990936,0.22232641279697418,9.630450248718262,3.739769220352173,-23.60353660583496,0.9759419560432434,5.706425666809082
1781548273332410,214248072,-0.8152316808700562,-0.572515070438385,0.05945901200175285,0.0639427900314331,0.333232581615448,9.311714172363281,3.6395137310028076,-6.815502166748047,0.03909138962626457,6.675676345825195
1781548273334201,214264739,-0.8151771426200867,-0.5726193785667419,0.05997266620397568,0.06322084367275238,0.3591481149196625,9.007911682128906,3.282900094985962,-2.111997604370117,0.7651090621948242,4.79896879196167
1781548273335574,214281406,-0.8145211338996887,-0.5735447406768799,0.060429614037275314,0.06284987181425095,0.19858990609645844,9.138070106506348,3.2497737407684326,4.688411712646484,-0.18949557840824127,2.0085034370422363
1781548273362408,214298073,-0.8131370544433594,-0.5754875540733337,0.061045676469802856,0.0624161958694458,0.14042781293392181,9.464103698730469,3.282820224761963,13.352438926696777,-0.6957821249961853,2.249878406524658
1781548273392486,214314740,-0.8126932382583618,-0.5761129260063171,0.061520352959632874,0.061959147453308105,0.2771417498588562,9.768847465515137,3.3710482120513916,2.215632915496826,0.016155211254954338,2.7777421474456787
1781548273393539,214331407,-0.8132302165031433,-0.5753592848777771,0.06186259910464287,0.06157461926341057,0.43374794721603394,9.710728645324707,3.286881446838379,-9.462512016296387,0.2963710427284241,2.849215269088745
1781548273451707,214348074,-0.8142661452293396,-0.5739172697067261,0.06189864128828049,0.061305731534957886,0.41554298996925354,9.526838302612305,3.411073684692383,-15.463384628295898,1.471943736076355,1.4950976371765137
1781548273453264,214364741,-0.8155440092086792,-0.5721197724342346,0.061836618930101395,0.061182476580142975,0.21824830770492554,9.306588172912598,3.438748836517334,-18.512035369873047,1.3995883464813232,0.5456216335296631
1781548273454698,214381408,-0.8159784078598022,-0.5715178847312927,0.06191517412662506,0.060934096574783325,0.07706206291913986,9.318574905395508,3.427809715270996,-8.37694263458252,1.2469353675842285,0.9373930096626282
1781548273482119,214398075,-0.8153635263442993,-0.5723970532417297,0.06234641745686531,0.06047271564602852,0.14050857722759247,9.623193740844727,3.483095407485962,4.292297840118408,0.28081125020980835,2.448772668838501
1781548273486956,214414742,-0.8154957890510559,-0.572225034236908,0.06265190988779068,0.05999957025051117,0.27495187520980835,9.696149826049805,3.4282681941986084,-4.587286472320557,0.9148666262626648,2.78166127204895
1781548273487351,214431409,-0.8162801861763,-0.5711250901222229,0.06284718215465546,0.059605780988931656,0.3912549614906311,9.464054107666016,3.369995355606079,-12.435548782348633,1.1176427602767944,2.5714075565338135
1781548273512291,214448076,-0.8165717124938965,-0.5707321166992188,0.06296851485967636,0.059249624609947205,0.29892581701278687,9.4468355178833,3.390608310699463,-6.57958459854126,1.4616979360580444,1.5622533559799194
1781548273544420,214464743,-0.8168376684188843,-0.5703542232513428,0.06332278996706009,0.058845676481723785,0.25229063630104065,9.58695125579834,3.5426042079925537,-6.278096675872803,0.3368646800518036,2.7277467250823975
1781548273546220,214481410,-0.8175878524780273,-0.5692761540412903,0.06374410539865494,0.05841077119112015,0.36402496695518494,9.62238597869873,3.576134443283081,-12.06822395324707,0.008228084072470665,3.665031671524048
1781548273573943,214498077,-0.8182395696640015,-0.5683510303497314,0.06423875689506531,0.0577453076839447,0.5707306265830994,9.462785720825195,3.5918216705322266,-10.692782402038574,0.5175240635871887,5.141578674316406
1781548273574795,214514744,-0.8186825513839722,-0.5677716732025146,0.06447611004114151,0.05689510703086853,0.5865468978881836,9.395368576049805,3.6003682613372803,-7.9520673751831055,2.732882499694824,4.939917087554932
1781548273601605,214531411,-0.818926990032196,-0.5674740672111511,0.06463649123907089,0.056158777326345444,0.2364983707666397,9.418646812438965,3.638033628463745,-5.672636985778809,2.742588758468628,3.795757293701172
1781548273603544,214548078,-0.8191152215003967,-0.5671896934509277,0.06508704274892807,0.055765967816114426,0.043765194714069366,9.436336517333984,3.619727849960327,-5.418520450592041,-0.2520417869091034,2.965867519378662
1781548273632397,214564745,-0.818921685218811,-0.5674219727516174,0.06585145741701126,0.055347342044115067,0.3100108206272125,9.611200332641602,3.6800382137298584,-0.8881716728210449,-1.8905118703842163,3.9583981037139893
1781548273634022,214581412,-0.8188029527664185,-0.5675597786903381,0.06662807613611221,0.05475729703903198,0.5764963626861572,9.64236068725586,3.5601096153259277,-1.6296721696853638,-1.2943891286849976,5.042750358581543
1781548273661864,214598079,-0.8198111057281494,-0.5661014914512634,0.0670223981142044,0.054287027567625046,0.6303327083587646,9.34315299987793,3.5269205570220947,-15.211280822753906,0.30579668283462524,4.031244277954102
1781548273692946,214614746,-0.8208181858062744,-0.5646278858184814,0.06729819625616074,0.054074421525001526,0.4821348786354065,9.03897762298584,3.5660576820373535,-15.456214904785156,-0.03332215175032616,2.1247355937957764
1781548273694804,214631413,-0.8206312656402588,-0.5648671388626099,0.06773021817207336,0.05387333035469055,0.4277414381504059,9.14861011505127,3.658205032348633,-1.1014230251312256,-0.8759158253669739,1.429092526435852
1781548273723035,214648080,-0.820248544216156,-0.5653915405273438,0.06813991814851761,0.0536835715174675,0.432756245136261,9.461474418640137,3.60764741897583,1.2543753385543823,-0.7794711589813232,1.0736010074615479
1781548273724365,214664747,-0.8203796744346619,-0.5651817321777344,0.06842704117298126,0.05352548509836197,0.5079631209373474,9.63910961151123,3.5600240230560303,-4.944045066833496,-0.242641881108284,0.9521840810775757
1781548273751910,214681414,-0.8211113810539246,-0.5641222596168518,0.06845290958881378,0.05344626307487488,0.48539629578590393,9.47743034362793,3.4582877159118652,-12.203407287597656,0.8961184024810791,0.11348351091146469
1781548273754120,214698081,-0.8219918012619019,-0.5628486275672913,0.0683375671505928,0.05348839610815048,0.5170072317123413,9.067410469055176,3.415156364440918,-14.098146438598633,1.212883710861206,-0.9642929434776306
1781548273782940,214714748,-0.8221557140350342,-0.5626322627067566,0.06803396344184875,0.05363078787922859,0.5747479200363159,8.888154029846191,3.348872184753418,-5.466749668121338,1.9408985376358032,-3.019404649734497
1781548273785850,214731415,-0.8206300139427185,-0.5648982524871826,0.06782383471727371,0.05344463884830475,0.658207893371582,9.445035934448242,3.386404275894165,15.288394927978516,2.808274984359741,-2.5857324600219727
1781548273812400,214748082,-0.8191727995872498,-0.5671104192733765,0.06756343692541122,0.05269653722643852,0.7847428917884827,10.19880199432373,3.5877933502197266,14.961871147155762,5.288431644439697,0.44040432572364807
1781548273841726,214764749,-0.820336639881134,-0.5655943751335144,0.06680150330066681,0.051850344985723495,0.48682206869125366,10.122380256652832,3.7442784309387207,-16.391468048095703,8.360514640808105,1.717711329460144
1781548273844549,214781416,-0.8225591778755188,-0.5624842643737793,0.06618278473615646,0.05126344412565231,0.10825610905885696,9.323835372924805,3.8636419773101807,-29.567188262939453,6.462559223175049,1.9221304655075073
1781548273872202,214798083,-0.823011577129364,-0.5618659853935242,0.0660959780216217,0.05089382454752922,-0.08560043573379517,8.973947525024414,3.826242446899414,-8.540672302246094,2.6869711875915527,0.9931647181510925
1781548273874070,214814750,-0.8217843770980835,-0.5636099576950073,0.06676889210939407,0.050559137016534805,0.22678443789482117,9.389357566833496,3.8831710815429688,11.56492805480957,-1.6827678680419922,2.0702691078186035
1781548273901714,214831417,-0.8209598064422607,-0.5647421479225159,0.06756918132305145,0.05025903508067131,0.7624123096466064,9.779341697692871,3.791232109069824,6.5771050453186035,-2.566751718521118,2.7896652221679688
1781548273903841,214848084,-0.8216716051101685,-0.563677191734314,0.06806977093219757,0.04990556091070175,0.9678054451942444,9.570457458496094,3.733952522277832,-11.868062019348145,-0.7114444375038147,3.4789175987243652
1781548273931897,214864751,-0.8225512504577637,-0.5623906254768372,0.06835249811410904,0.049542929977178574,0.6795045137405396,9.203777313232422,3.692723274230957,-13.840727806091309,0.5576848983764648,2.846693277359009
1781548273934597,214881418,-0.8224267959594727,-0.5625548362731934,0.06877442449331284,0.04915663227438927,0.33173465728759766,9.340133666992188,3.790787696838379,-1.6957401037216187,-0.1151675134897232,2.4945425987243652
1781548273963310,214898085,-0.8221889138221741,-0.5628485083580017,0.06951453536748886,0.04873118922114372,0.36049380898475647,9.564062118530273,3.738007068634033,-0.397585928440094,-1.7740379571914673,3.84743070602417
1781548273992043,214914752,-0.8230270743370056,-0.5615679621696472,0.07010818272829056,0.04850448668003082,0.49397680163383484,9.444811820983887,3.651892900466919,-13.604938507080078,-1.7277443408966064,3.270596742630005
1781548273994213,214931419,-0.8242177367210388,-0.559756875038147,0.07052362710237503,0.04862072318792343,0.6881928443908691,8.979093551635742,3.58133864402771,-18.19256591796875,-2.0503883361816406,1.0156022310256958
1781548274022590,214948086,-0.825023889541626,-0.5585176348686218,0.0705527812242508,0.04915321618318558,0.782122015953064,8.54127025604248,3.534729242324829,-13.80337142944336,-1.459937572479248,-3.236614942550659
1781548274024554,214964753,-0.8251139521598816,-0.5583738684654236,0.06997691839933395,0.05008930712938309,0.7226311564445496,8.474446296691895,3.541063070297241,-5.238286018371582,0.4449375569820404,-8.62315845489502
1781548274051788,214981420,-0.8248110413551331,-0.5588421821594238,0.0687330961227417,0.051557596772909164,0.6396342515945435,8.480712890625,3.472559928894043,-0.7441903948783875,2.213099241256714,-14.636311531066895
1781548274054269,214998087,-0.8246575593948364,-0.5591164231300354,0.06670830398797989,0.05365436151623726,0.5851616263389587,8.434224128723145,3.500133514404297,-2.99176025390625,4.2291178703308105,-21.05637550354004
1781548274083700,215014754,-0.823859691619873,-0.5603718161582947,0.06383956968784332,0.05624041706323624,0.32839101552963257,8.797211647033691,3.386441946029663,4.512605667114258,7.200538158416748,-27.762699127197266
1781548274086447,215031421,-0.8226099014282227,-0.5622624754905701,0.06071930751204491,0.05905240774154663,0.11895669996738434,9.264071464538574,3.3596091270446777,9.655415534973145,7.800921440124512,-30.465396881103516
1781548274112020,215048088,-0.8221770524978638,-0.5629270672798157,0.057283539324998856,0.06210394576191902,0.21921664476394653,9.507134437561035,3.4408061504364014,-0.6658560037612915,8.50271224975586,-32.19599533081055
1781548274142376,215064755,-0.8222864270210266,-0.562812328338623,0.05349737033247948,0.06500505656003952,0.48757633566856384,9.154144287109375,3.4745025634765625,-7.260769367218018,10.947637557983398,-32.16240310668945
1781548274143830,215081422,-0.8224165439605713,-0.5626929998397827,0.04893803969025612,0.06791722029447556,0.03332158550620079,8.725135803222656,3.4383904933929443,-7.717133522033691,15.28072452545166,-35.20655822753906
1781548274172703,215098089,-0.8205617070198059,-0.5653369426727295,0.044636908918619156,0.07127512246370316,-0.5536984801292419,9.14255142211914,3.7344861030578613,15.558083534240723,12.720087051391602,-38.5845947265625
1781548274175248,215114756,-0.8182496428489685,-0.5685321092605591,0.040696218609809875,0.07471781969070435,-0.7241736054420471,9.603599548339844,3.6352672576904297,20.597026824951172,10.485880851745605,-38.054527282714844
1781548274202243,215131423,-0.8171554207801819,-0.5698676109313965,0.037015654146671295,0.07834403961896896,-0.428828626871109,9.54086971282959,3.685560464859009,5.456076622009277,7.690629959106445,-36.923030853271484
1781548274203721,215148090,-0.8166077733039856,-0.5703518390655518,0.03310208022594452,0.08218762278556824,-0.27545231580734253,9.06075668334961,3.581242322921753,-1.6492491960525513,7.828634738922119,-38.54542922973633
1781548274232822,215164757,-0.814572274684906,-0.5728815793991089,0.029411431401968002,0.08610430359840393,-0.8181701898574829,9.373238563537598,3.552307367324829,15.77953052520752,7.108191013336182,-39.38816833496094
1781548274234465,215181424,-0.8114774227142334,-0.5768000483512878,0.026894699782133102,0.08990495651960373,-1.0851025581359863,10.345878601074219,3.6877362728118896,28.44771957397461,1.5986214876174927,-35.021705627441406
1781548274262250,215198091,-0.8104609847068787,-0.5777719020843506,0.024670632556080818,0.09340225905179977,-0.6636151671409607,10.806431770324707,4.034392356872559,4.002158164978027,-0.26856285333633423,-30.338191986083984
1781548274322443,215214758,-0.8122785687446594,-0.5748488306999207,0.021309202536940575,0.09642843902111053,-0.22324708104133606,9.92391586303711,3.9264841079711914,-29.60973358154297,5.919381618499756,-29.751068115234375
1781548274324142,215231425,-0.8144475817680359,-0.5713455080986023,0.01758708991110325,0.09965146332979202,-0.5735400319099426,8.325407028198242,3.6646485328674316,-34.50511169433594,6.824832916259766,-31.958589553833008
1781548274325887,215248092,-0.8140609264373779,-0.5712390542030334,0.014230298809707165,0.1038680300116539,-1.2332184314727783,7.675952434539795,3.5142929553985596,-5.314547538757324,2.8949222564697266,-38.248233795166016
1781548274352644,215264759,-0.8092851638793945,-0.5770599842071533,0.012090666219592094,0.1091475710272789,-1.5990923643112183,8.935022354125977,3.3798158168792725,45.86729049682617,-4.291634559631348,-43.132747650146484
1781548274353657,215281426,-0.8055033087730408,-0.5813220739364624,0.010277892462909222,0.11455801874399185,-1.0689711570739746,10.10077953338623,3.5870742797851562,33.484188079833984,-7.714611053466797,-41.6864128112793
1781548274354673,215298093,-0.8059012293815613,-0.5798196792602539,0.00682478304952383,0.11952383071184158,-0.6955772638320923,9.656659126281738,3.1282894611358643,-16.40647315979004,-1.097985863685608,-42.08100891113281
1781548274381732,215314760,-0.8062633275985718,-0.5784181952476501,0.002949832007288933,0.1239490807056427,-1.3056188821792603,9.001980781555176,2.9394984245300293,-16.026384353637695,3.475186586380005,-40.80293655395508
1781548274383172,215331427,-0.8027387261390686,-0.5822906494140625,-2.0531846530502662e-05,0.1286400705575943,-1.8871523141860962,9.90774917602539,3.101004123687744,29.430089950561523,1.8185763359069824,-42.09825897216797
1781548274412341,215348094,-0.8001059293746948,-0.5850292444229126,-0.002375642769038677,0.13253584504127502,-1.9491848945617676,10.147823333740234,3.034578323364258,20.145925521850586,0.6053786873817444,-34.45650863647461
1781548274442013,215364761,-0.7987217903137207,-0.5860373973846436,-0.004996131174266338,0.13630396127700806,-2.13004207611084,9.950454711914062,2.982945442199707,5.359947204589844,0.9805798530578613,-33.711856842041016
1781548274443645,215381428,-0.7968337535858154,-0.5878019332885742,-0.006878743879497051,0.13963374495506287,-1.4407525062561035,9.473522186279297,3.2241790294647217,12.21915054321289,-0.5801551938056946,-28.7773494720459
1781548274472797,215398095,-0.7950822114944458,-0.5894216299057007,-0.009263591840863228,0.1426217406988144,-1.3378920555114746,9.10109806060791,3.108006238937378,10.37545108795166,3.4082229137420654,-28.811132431030273
1781548274474069,215414762,-0.7923909425735474,-0.5922052264213562,-0.011400174349546432,0.14587607979774475,-2.0892062187194824,9.924659729003906,3.3859550952911377,20.807207107543945,2.17183256149292,-30.108919143676758
1781548274502144,215431429,-0.7902060747146606,-0.5943465828895569,-0.012344816699624062,0.14891019463539124,-2.066868543624878,10.834612846374512,3.6392552852630615,16.42427635192871,-4.108020305633545,-23.597970962524414
1781548274503384,215448096,-0.7911836504936218,-0.592502772808075,-0.013664303347468376,0.15093781054019928,-1.4219483137130737,10.602652549743652,3.494554281234741,-18.618003845214844,-2.3082470893859863,-16.76274299621582
1781548274531941,215464763,-0.7935898303985596,-0.5888945460319519,-0.01559992041438818,0.1522335261106491,-1.5327266454696655,9.615286827087402,3.2918179035186768,-34.74354934692383,2.061544179916382,-13.975983619689941
1781548274533859,215481430,-0.7941896915435791,-0.587633490562439,-0.016843726858496666,0.1538376361131668,-2.0265517234802246,8.88529109954834,3.0686135292053223,-13.86577320098877,-0.312001496553421,-14.497971534729004
1781548274562347,215498097,-0.7914674282073975,-0.590764582157135,-0.01703553833067417,0.15584169328212738,-2.6076929569244385,9.390962600708008,2.878378391265869,24.69832992553711,-2.6411380767822266,-15.436396598815918
1781548274592354,215514764,-0.7881765961647034,-0.594761312007904,-0.016108505427837372,0.15740811824798584,-2.5544590950012207,10.333455085754395,3.0955145359039307,32.86408233642578,-5.957154273986816,-9.016976356506348
1781548274594078,215531431,-0.7878290414810181,-0.5950581431388855,-0.01567317172884941,0.1580684930086136,-2.0486159324645996,10.304882049560547,3.2092528343200684,0.14617808163166046,-3.9183080196380615,-3.3419196605682373
1781548274651708,215548098,-0.7889270186424255,-0.5935605764389038,-0.015550421550869942,0.1582345813512802,-1.9569709300994873,9.57276439666748,3.113938808441162,-15.880284309387207,-2.3088972568511963,-0.5665277242660522
1781548274653620,215564765,-0.788613498210907,-0.5938960313796997,-0.014807119965553284,0.1586100459098816,-1.9050462245941162,9.427534103393555,3.140214204788208,0.5205589532852173,-4.383344650268555,-0.5098463892936707
1781548274655560,215581432,-0.7878714203834534,-0.5947825908660889,-0.013914203271269798,0.15905623137950897,-1.938413143157959,9.612310409545898,2.850222587585449,5.428298473358154,-4.838136672973633,-0.6935919523239136
1781548274682651,215598099,-0.7877625226974487,-0.5949413776397705,-0.013220177963376045,0.15906095504760742,-1.8424328565597534,9.834070205688477,2.8377013206481934,-1.3627235889434814,-2.810878276824951,1.507006287574768
1781548274684478,215614766,-0.7886199951171875,-0.593951404094696,-0.012988326139748096,0.15852995216846466,-1.905351161956787,9.36857795715332,2.6528186798095703,-12.092299461364746,0.5359267592430115,3.4687869548797607
1781548274685659,215631433,-0.7884763479232788,-0.5942971706390381,-0.012773693539202213,0.1579650491476059,-2.181424379348755,9.277710914611816,2.760329246520996,-0.7841456532478333,2.3162524700164795,2.610722064971924
1781548274712308,215648100,-0.7871366143226624,-0.5962472558021545,-0.0120611023157835,0.15735292434692383,-2.1879899501800537,9.560540199279785,2.7459192276000977,13.337251663208008,1.6551257371902466,3.742716073989868
1781548274743411,215664767,-0.7860802412033081,-0.5979171991348267,-0.011488146148622036,0.15633606910705566,-2.013237714767456,9.842246055603027,2.6649773120880127,10.47441577911377,3.7436890602111816,5.644382476806641
1781548274744926,215681434,-0.7861116528511047,-0.5982711911201477,-0.011371908709406853,0.15482482314109802,-1.9398139715194702,9.904528617858887,2.719078540802002,-1.6399561166763306,6.743422508239746,7.503403663635254
1781548274772499,215698101,-0.786728024482727,-0.5979253649711609,-0.01165227685123682,0.15299850702285767,-1.9091805219650269,9.738280296325684,2.747398853302002,-8.276300430297852,9.392779350280762,8.142866134643555
1781548274774636,215714768,-0.7875069379806519,-0.5974076986312866,-0.011946350336074829,0.15097758173942566,-1.9502670764923096,9.41495418548584,2.7870752811431885,-9.904352188110352,10.073531150817871,9.296043395996094
1781548274801844,215731435,-0.7876330614089966,-0.5977526903152466,-0.012126750312745571,0.14892584085464478,-1.9738277196884155,9.445941925048828,2.938967227935791,-2.436614751815796,10.532519340515137,9.322419166564941
1781548274803890,215748102,-0.7872308492660522,-0.5988369584083557,-0.011939898133277893,0.1466953009366989,-1.9981615543365479,9.6737642288208,3.0244102478027344,4.098630905151367,10.08151912689209,11.320932388305664
1781548274831903,215764769,-0.7873265147209167,-0.5992777347564697,-0.01162924338132143,0.14438864588737488,-2.078608989715576,9.85288143157959,3.12847638130188,-1.3147010803222656,9.034638404846191,12.69221305847168
1781548274833738,215781436,-0.7877951860427856,-0.5992684364318848,-0.010888375341892242,0.14190673828125,-1.8667693138122559,9.796430587768555,3.1406445503234863,-4.875370025634766,6.952491760253906,15.748208999633789
1781548274862261,215798103,-0.7887288331985474,-0.5986713767051697,-0.010198155418038368,0.13926845788955688,-1.7287466526031494,9.52139949798584,3.047632932662964,-10.035223960876465,7.2612175941467285,16.795289993286133
1781548274891736,215814770,-0.7893829345703125,-0.5984025597572327,-0.00940615776926279,0.1367505043745041,-1.6594915390014648,9.375283241271973,3.047792434692383,-6.998422145843506,6.547004699707031,16.316814422607422
1781548274893757,215831437,-0.7893806099891663,-0.5989663004875183,-0.008421656675636768,0.13433872163295746,-1.653549075126648,9.415955543518066,2.9206199645996094,0.40865737199783325,5.890395164489746,15.968656539916992
1781548274922073,215848104,-0.7891064286231995,-0.5999135971069336,-0.007249339949339628,0.1317664533853531,-1.6713699102401733,9.653594970703125,2.9221577644348145,3.7743754386901855,5.9033308029174805,17.384546279907227
1781548274923950,215864771,-0.7888896465301514,-0.6008161306381226,-0.005990255624055862,0.12898693978786469,-1.7964779138565063,9.988808631896973,2.8610880374908447,3.3628945350646973,6.245556831359863,18.91685676574707
1781548274951670,215881438,-0.789017915725708,-0.6013105511665344,-0.004469600506126881,0.12592272460460663,-1.752404808998108,10.209810256958008,2.949716567993164,-0.05518265813589096,5.625755786895752,21.83023452758789
1781548274953861,215898105,-0.7902729511260986,-0.600383460521698,-0.00299843680113554,0.12247314304113388,-1.6240378618240356,9.943140029907227,2.870927095413208,-12.480781555175781,6.22037410736084,24.64794158935547
1781548274982240,215914772,-0.7917545437812805,-0.5991556644439697,-0.0014214989496394992,0.11889240890741348,-1.3897948265075684,9.520041465759277,2.9160993099212646,-14.963180541992188,5.930031776428223,25.982101440429688
1781548274983205,215931439,-0.7924483418464661,-0.5989367961883545,0.00019857982988469303,0.11532758176326752,-1.3055086135864258,9.375436782836914,2.8593406677246094,-6.189658164978027,6.461287975311279,25.438377380371094
1781548275011925,215948106,-0.7926365733146667,-0.5993457436561584,0.0019585657864809036,0.11184024065732956,-1.4200630187988281,9.64042854309082,2.9382128715515137,-0.5766968727111816,5.87909460067749,25.19072914123535
1781548275041674,215964773,-0.7932222485542297,-0.5992057919502258,0.0039787315763533115,0.10832975059747696,-1.4092296361923218,9.91497802734375,2.9676949977874756,-5.005336761474609,4.139618396759033,26.702417373657227
1781548275043352,215981440,-0.7944167852401733,-0.5982807874679565,0.006006205454468727,0.10452824085950851,-1.2412720918655396,10.004881858825684,2.9546384811401367,-11.781408309936523,4.729637622833252,28.794029235839844
1781548275072941,215998107,-0.7961403727531433,-0.5966426134109497,0.007989778183400631,0.10057012736797333,-1.1695585250854492,9.8758544921875,2.992682456970215,-17.87868881225586,5.122888565063477,29.878795623779297
1781548275074395,216014774,-0.7980315685272217,-0.5947321653366089,0.010032880119979382,0.09663721174001694,-1.030946135520935,9.529289245605469,3.021230936050415,-20.01654624938965,4.5139970779418945,30.116458892822266
1781548275101604,216031441,-0.7992244958877563,-0.5937038064002991,0.012200006283819675,0.09277570247650146,-0.8837291598320007,9.283016204833984,2.9485268592834473,-12.243555068969727,4.080188274383545,29.706233978271484
1781548275103984,216048108,-0.7995487451553345,-0.5937994718551636,0.014465500600636005,0.08896613121032715,-0.7898189425468445,9.453500747680664,3.023588180541992,-2.4628734588623047,3.972970724105835,29.174962997436523
1781548275133074,216064775,-0.8002387881278992,-0.5933735966682434,0.01658271811902523,0.08515213429927826,-0.8069033026695251,9.735602378845215,3.0905399322509766,-6.912542819976807,4.521737098693848,28.86880874633789
1781548275134182,216081442,-0.8014428615570068,-0.5922160148620605,0.018613029271364212,0.08138292282819748,-0.9304808974266052,9.892633438110352,3.1143863201141357,-13.092120170593262,4.447501182556152,28.652347564697266
1781548275162836,216098109,-0.8031480312347412,-0.5903252959251404,0.020979981869459152,0.07764805108308792,-0.7946625351905823,9.675688743591309,3.2307591438293457,-18.98813819885254,2.106058359146118,30.208311080932617
1781548275192657,216114776,-0.8052589297294617,-0.587797999382019,0.023206381127238274,0.07424920052289963,-0.4344549775123596,9.332344055175781,3.2528469562530518,-24.272897720336914,1.2369903326034546,28.09076499938965
1781548275194069,216131443,-0.8070178627967834,-0.5857023000717163,0.025270598009228706,0.07096648216247559,-0.20996250212192535,8.967885971069336,3.269947052001953,-20.562406539916992,1.8295032978057861,26.5434627532959
1781548275222299,216148110,-0.8076830506324768,-0.5850489139556885,0.026997432112693787,0.06809673458337784,-0.4108467102050781,9.134246826171875,3.289722204208374,-8.390300750732422,2.5527780055999756,22.109085083007812
1781548275223795,216164777,-0.8076909184455872,-0.5852468609809875,0.028972599655389786,0.06543741375207901,-0.6430839896202087,9.485193252563477,3.276705265045166,-0.9411274194717407,0.6041853427886963,21.474241256713867
1781548275251719,216181444,-0.8083434700965881,-0.584522008895874,0.03088376857340336,0.06293734908103943,-0.6247945427894592,9.773337364196777,3.202949285507202,-8.72019100189209,0.03130517527461052,20.80628776550293
1781548275254000,216198111,-0.8102365732192993,-0.5820326209068298,0.03282579779624939,0.060640666633844376,-0.23229974508285522,9.403844833374023,3.286471366882324,-23.542211532592773,-1.4580848217010498,20.711593627929688
1781548275281775,216214778,-0.8122685551643372,-0.5793079137802124,0.03427010029554367,0.05872004106640816,-0.011450034566223621,8.929563522338867,3.274566888809204,-25.701017379760742,-0.2609429955482483,16.735065460205078
1781548275283889,216231445,-0.8127149939537048,-0.5787659287452698,0.035641346126794815,0.05704619362950325,-0.11899865418672562,9.084121704101562,3.393911361694336,-7.284232139587402,-0.3235655128955841,13.912862777709961
1781548275312067,216248112,-0.8124504089355469,-0.5791966319084167,0.037084855139255524,0.055500730872154236,-0.22185520827770233,9.68557071685791,3.3634283542633057,0.9785528779029846,-1.0552053451538086,12.957426071166992
1781548275341825,216264779,-0.8137975931167603,-0.5773605108261108,0.0384107381105423,0.05397256463766098,0.05132739245891571,9.787264823913574,3.4325337409973145,-18.151512145996094,-0.8920918703079224,13.596059799194336
1781548275344530,216281446,-0.8164725303649902,-0.5736472606658936,0.039160117506980896,0.0526093952357769,0.19056130945682526,9.216924667358398,3.333277463912964,-34.18332290649414,1.3090516328811646,11.364335060119629
1781548275372672,216298113,-0.8183377385139465,-0.5710492134094238,0.0396389365196228,0.051526326686143875,0.17918552458286285,8.739242553710938,3.444293975830078,-24.90178680419922,1.9263803958892822,8.1372709274292
1781548275374444,216314780,-0.8185784816741943,-0.5707518458366394,0.040010686963796616,0.050700899213552475,-0.08448944985866547,8.865986824035645,3.427828550338745,-5.686878204345703,1.8887383937835693,5.064342021942139
1781548275402218,216331447,-0.818134605884552,-0.5714089870452881,0.04051566869020462,0.05006186664104462,-0.4446887969970703,9.37164306640625,3.4970104694366455,2.3661208152770996,0.5398837924003601,4.033071994781494
1781548275404239,216348114,-0.8182910084724426,-0.5711470246315002,0.041421160101890564,0.049753203988075256,-0.21198239922523499,9.661023139953613,3.616081714630127,-5.1157145500183105,-3.1336116790771484,4.220915794372559
1781548275431796,216364781,-0.8192819952964783,-0.5696953535079956,0.04221140220761299,0.04942413046956062,0.3110218048095703,9.454216957092285,3.5106096267700195,-15.120124816894531,-2.5846824645996094,4.50479793548584
1781548275434400,216381448,-0.8201926946640015,-0.5683823227882385,0.04258616268634796,0.049112528562545776,0.4834059774875641,9.36247730255127,3.5447349548339844,-14.170915603637695,-0.2878101170063019,2.711906671524048
1781548275463236,216398115,-0.8208374977111816,-0.5674551725387573,0.04271765425801277,0.04894709959626198,0.39660266041755676,9.372965812683105,3.601978302001953,-11.080007553100586,0.5754727125167847,0.736538290977478
1781548275493101,216414782,-0.8214278817176819,-0.5666185021400452,0.04279362037777901,0.04866914451122284,0.0911528542637825,9.445812225341797,3.6301136016845703,-10.343780517578125,1.3307658433914185,1.1055020093917847
1781548275494511,216431449,-0.8219695687294006,-0.565855085849762,0.043121255934238434,0.04811091721057892,-0.43136167526245117,9.54670238494873,3.588304281234741,-9.572955131530762,1.0228626728057861,3.635308027267456
1781548275522616,216448116,-0.8218889832496643,-0.5659194588661194,0.044335100799798965,0.04762431979179382,-0.2896116077899933,9.734426498413086,3.6877338886260986,-2.2025904655456543,-4.183323383331299,6.2251877784729
1781548275524535,216464783,-0.8222851157188416,-0.5652803182601929,0.04564502090215683,0.04713665693998337,0.30135759711265564,9.663448333740234,3.742233991622925,-8.000669479370117,-4.812283039093018,6.974003314971924
1781548275551711,216481450,-0.8231890201568604,-0.5639205574989319,0.04668973386287689,0.046622540801763535,0.5531004667282104,9.412120819091797,3.661259174346924,-14.12642765045166,-3.2905430793762207,6.48154878616333
1781548275554028,216498117,-0.823786735534668,-0.5630167722702026,0.047613512724637985,0.046051811426877975,0.42381995916366577,9.314443588256836,3.7431893348693848,-10.378847122192383,-2.335879325866699,6.089083194732666
1781548275584316,216514784,-0.8240041732788086,-0.5626766085624695,0.04859812185168266,0.0452825091779232,0.2980993092060089,9.469451904296875,3.7425954341888428,-5.630517482757568,-1.8557939529418945,7.144836902618408
1781548275584935,216531451,-0.8243708610534668,-0.562130868434906,0.049588851630687714,0.04430265352129936,0.2722385823726654,9.63904094696045,3.8428757190704346,-7.299442768096924,-1.0893213748931885,8.476622581481934
1781548275612426,216548118,-0.8254213333129883,-0.5605761408805847,0.05048920586705208,0.043419159948825836,0.25069093704223633,9.374590873718262,3.7782299518585205,-15.72137451171875,-1.0241249799728394,8.133469581604004
1781548275642851,216564785,-0.8261699080467224,-0.5594495534896851,0.051384951919317245,0.04265006259083748,0.2365984469652176,9.092564582824707,3.78342342376709,-12.169424057006836,-1.4177794456481934,7.2271223068237305
1781548275644166,216581452,-0.825995147228241,-0.5596635937690735,0.052356820553541183,0.04204369708895683,0.28282004594802856,9.033832550048828,3.6803996562957764,-1.0370584726333618,-2.405775785446167,5.851690292358398
1781548275672712,216598119,-0.8253951668739319,-0.5605021715164185,0.053308624774217606,0.04145564138889313,0.36401426792144775,9.280118942260742,3.6116085052490234,4.133397579193115,-2.336416482925415,5.323069095611572
1781548275674277,216614786,-0.824968695640564,-0.5611057877540588,0.054053083062171936,0.04081031680107117,0.43987831473350525,9.61160659790039,3.5783135890960693,2.0923075675964355,-0.9433029294013977,4.983802318572998
1781548275702181,216631453,-0.8253058195114136,-0.560596764087677,0.05468026176095009,0.04014524817466736,0.6504347920417786,9.56045913696289,3.612125873565674,-7.188986778259277,-0.22905439138412476,5.271933555603027
1781548275703796,216648120,-0.8263283967971802,-0.5591246485710144,0.054793473333120346,0.03948042914271355,0.6235159635543823,9.255561828613281,3.592134714126587,-15.43868350982666,2.6787772178649902,3.840467691421509
1781548275733306,216664787,-0.8267847299575806,-0.5584917068481445,0.0547807440161705,0.03889791667461395,0.4329151213169098,9.028207778930664,3.6769721508026123,-8.559433937072754,3.091306209564209,2.4179868698120117
1781548275734744,216681454,-0.8265950679779053,-0.5588098764419556,0.054678499698638916,0.03850294649600983,0.29077908396720886,8.990238189697266,3.604825258255005,-0.767612636089325,2.8917057514190674,0.47793933749198914
1781548275763575,216698121,-0.825764536857605,-0.5600544810295105,0.05470092594623566,0.03820735961198807,0.19072887301445007,9.22292423248291,3.5535881519317627,6.9560065269470215,1.8036400079727173,-0.12598887085914612
1781548275793092,216714788,-0.8251098990440369,-0.5610113739967346,0.05493539199233055,0.03797565773129463,0.22280696034431458,9.4977445602417,3.5431787967681885,4.6767191886901855,0.34669995307922363,0.4833821654319763
1781548275795161,216731455,-0.8253518342971802,-0.5606446862220764,0.055104661732912064,0.037886567413806915,0.4809960126876831,9.653186798095703,3.7385241985321045,-6.36179780960083,0.15821605920791626,0.1569226086139679
1781548275822448,216748122,-0.8263876438140869,-0.5591272711753845,0.05501645803451538,0.03786011412739754,0.7113775610923767,9.414515495300293,3.7019858360290527,-16.04216957092285,1.3794691562652588,-0.5483811497688293
1781548275824066,216764789,-0.8273833990097046,-0.5577017664909363,0.054522011429071426,0.03785286471247673,0.5474981665611267,9.146780014038086,3.731882095336914,-15.479995727539062,3.6214659214019775,-2.2651121616363525
1781548275852130,216781456,-0.8277472257614136,-0.5572047829627991,0.05401357263326645,0.03794623911380768,0.3250795006752014,9.127972602844238,3.7943410873413086,-7.8150129318237305,3.320488452911377,-3.403620958328247
1781548275853065,216798123,-0.8277884125709534,-0.5571644306182861,0.05365768074989319,0.03814766928553581,0.3232765793800354,9.12380599975586,3.7735681533813477,-3.9811995029449463,2.037471055984497,-3.687434673309326
1781548275882159,216814790,-0.8276352882385254,-0.5574039220809937,0.05341088026762009,0.038317106664180756,0.31764939427375793,9.207252502441406,3.660116672515869,-1.60398268699646,1.542710542678833,-3.240826368331909
1781548275882999,216831457,-0.8269177675247192,-0.5584700703620911,0.05333878844976425,0.03838678076863289,0.45913976430892944,9.681243896484375,3.8169829845428467,5.345057487487793,0.9401975274085999,-2.4561686515808105
1781548275911914,216848124,-0.8270240426063538,-0.5583401322364807,0.05307885631918907,0.03834385424852371,0.7232769727706909,9.82442855834961,3.8102030754089355,-4.626499652862549,2.4280776977539062,-1.8805357217788696
1781548275942570,216864791,-0.8285561800003052,-0.5561323165893555,0.05242236703634262,0.038255151361227036,0.6263590455055237,9.400318145751953,3.772998571395874,-22.003002166748047,4.83150577545166,-2.009140729904175
1781548275943683,216881458,-0.8294121026992798,-0.5549226999282837,0.051796846091747284,0.03812654688954353,0.3411271274089813,9.041194915771484,3.873090982437134,-13.708375930786133,4.8256988525390625,-2.2017972469329834
1781548275972419,216898125,-0.8289526104927063,-0.555656909942627,0.05142931267619133,0.037923119962215424,0.22947371006011963,9.143315315246582,3.8442084789276123,2.488959312438965,3.6795146465301514,-1.8282476663589478
1781548275973863,216914792,-0.8280484080314636,-0.5570417046546936,0.05125312879681587,0.037599533796310425,0.424522340297699,9.493083953857422,3.818014144897461,7.988238334655762,3.0609683990478516,-0.7580081224441528
1781548276001834,216931459,-0.8277544975280762,-0.557538628578186,0.0509299673140049,0.03714378923177719,0.46876710653305054,9.659231185913086,3.743136167526245,0.6054906249046326,4.38944673538208,-0.09790454059839249
1781548276004031,216948126,-0.8280259966850281,-0.5571996569633484,0.05053776502609253,0.0367094986140728,0.47381481528282166,9.648486137390137,3.8278398513793945,-6.344970703125,4.6844162940979,-0.04756278917193413
1781548276031861,216964793,-0.8286593556404114,-0.5563281178474426,0.05009474605321884,0.036240290850400925,0.532592236995697,9.313863754272461,3.8440678119659424,-10.763972282409668,5.099523067474365,0.23350469768047333
1781548276034173,216981460,-0.8292637467384338,-0.5554811358451843,0.049832213670015335,0.03576430305838585,0.6410673260688782,9.210074424743652,4.147294998168945,-10.465801239013672,4.0909318923950195,0.9457941055297852
1781548276062468,216998127,-0.8295702338218689,-0.5550800561904907,0.04967685788869858,0.03509453684091568,0.8302578330039978,9.374983787536621,4.299233436584473,-6.692805290222168,4.228522777557373,2.233511209487915
1781548276091910,217014794,-0.8301242589950562,-0.5543338060379028,0.04928706958889961,0.03433185815811157,0.4621835947036743,9.513209342956543,4.200514316558838,-9.62993049621582,5.922561168670654,2.0452964305877686
1781548276094001,217031461,-0.8311817646026611,-0.5527932047843933,0.049082737416028976,0.03387552127242088,-0.10445846617221832,9.423041343688965,4.173611164093018,-16.14177703857422,3.6810407638549805,1.3933513164520264
1781548276122163,217048128,-0.8320955038070679,-0.5513819456100464,0.04946755990386009,0.03387914225459099,-0.1219189465045929,9.018461227416992,4.013524532318115,-14.873855590820312,-1.454635739326477,0.9269050359725952
1781548276123711,217064795,-0.832201361656189,-0.5511469841003418,0.05017673596739769,0.03406205028295517,0.3526255786418915,8.853906631469727,3.9175376892089844,-5.067038059234619,-3.9906516075134277,0.5437512397766113
1781548276152197,217081462,-0.8314701914787292,-0.5521843433380127,0.050752125680446625,0.034265581518411636,0.6579517126083374,9.104679107666016,3.886775255203247,5.346504211425781,-3.2944979667663574,-0.7157853841781616
1781548276153618,217098129,-0.8311229348182678,-0.5526646375656128,0.05100574344396591,0.034569840878248215,0.6325424313545227,9.467808723449707,3.9174370765686035,0.5935295224189758,-1.8344584703445435,-2.229624032974243
1781548276182430,217114796,-0.8319256901741028,-0.5514214038848877,0.051000796258449554,0.035114094614982605,0.533941388130188,9.396564483642578,3.889645576477051,-13.770614624023438,-1.2734386920928955,-3.705456256866455
1781548276183941,217131463,-0.8332968950271606,-0.5493313074111938,0.050725508481264114,0.03575560823082924,0.5076507925987244,9.00700855255127,3.8951945304870605,-20.868967056274414,-0.1045127883553505,-4.853691101074219
1781548276212632,217148130,-0.8339826464653015,-0.5482918620109558,0.05018031224608421,0.03648348152637482,0.42173537611961365,8.732028007507324,3.837697982788086,-12.357597351074219,1.1366859674453735,-6.902255535125732
1781548276242549,217164797,-0.8336414694786072,-0.5487943291664124,0.049726709723472595,0.03733847662806511,0.3752220869064331,8.84493637084961,3.9455575942993164,0.33546876907348633,0.16308249533176422,-8.076018333435059
1781548276244350,217181464,-0.8329761028289795,-0.5497709512710571,0.049329668283462524,0.03833403065800667,0.3242356479167938,9.197935104370117,3.932649612426758,4.241445064544678,-0.6785061955451965,-8.912798881530762
1781548276273105,217198131,-0.8326959609985352,-0.5501503944396973,0.049040984362363815,0.03933196887373924,0.0934600904583931,9.56027603149414,3.8917453289031982,-0.6066754460334778,-1.3339738845825195,-8.212139129638672
1781548276274686,217214798,-0.8329426646232605,-0.5497061014175415,0.04896168410778046,0.040405768901109695,-0.07520778477191925,9.867353439331055,3.8952481746673584,-7.283971786499023,-2.864191770553589,-7.4340105056762695
1781548276301882,217231465,-0.8335291743278503,-0.5487235188484192,0.049227047711610794,0.041334375739097595,0.24234944581985474,9.984976768493652,3.823585033416748,-11.506742477416992,-4.327780246734619,-5.0242414474487305
1781548276304142,217248132,-0.8346506953239441,-0.5469819903373718,0.0492122545838356,0.041799288243055344,0.5018098950386047,9.710758209228516,3.5824906826019287,-17.79838752746582,-1.0090646743774414,-3.015002489089966
1781548276334144,217264799,-0.836226761341095,-0.5445893406867981,0.04884305223822594,0.04197594150900841,0.5289487242698669,9.440971374511719,3.7723891735076904,-23.251047134399414,2.076636791229248,-2.343258857727051
1781548276335637,217281466,-0.8372766375541687,-0.5430352091789246,0.04825151339173317,0.041865237057209015,0.37612882256507874,9.074414253234863,3.6755855083465576,-16.427526473999023,4.498011112213135,-1.9563508033752441
1781548276362059,217298133,-0.8372994065284729,-0.5430742502212524,0.04769831523299217,0.04153261333703995,0.2912580072879791,9.094493865966797,3.882155179977417,-3.3375399112701416,5.222871780395508,-1.3608413934707642
1781548276391787,217314800,-0.8372037410736084,-0.5433048605918884,0.047139789909124374,0.04108167812228203,0.5130318999290466,9.186304092407227,4.006199359893799,-1.7547903060913086,5.712139129638672,-0.7951975464820862
1781548276393803,217331467,-0.837239682674408,-0.5433721542358398,0.046236228197813034,0.0404810830950737,0.7177008986473083,9.231071472167969,4.087052822113037,-3.235666036605835,8.251984596252441,-1.133874535560608
1781548276422602,217348134,-0.8373619914054871,-0.5433371067047119,0.0450226329267025,0.039784178137779236,0.5930057168006897,9.31477165222168,4.212612628936768,-4.203250885009766,10.396552085876465,-1.6815003156661987
1781548276426863,217364801,-0.8375850915908813,-0.5431565046310425,0.04366818070411682,0.03905569016933441,0.22321832180023193,9.355125427246094,4.234021186828613,-5.446402549743652,11.319775581359863,-1.952034592628479
1781548276451591,217381468,-0.8376127481460571,-0.5432547926902771,0.04257812723517418,0.0382937453687191,-0.12627968192100525,9.369685173034668,4.2113776206970215,-3.0287926197052,9.934562683105469,-0.9096866250038147
1781548276453745,217398135,-0.8374648094177246,-0.543574869632721,0.042042363435029984,0.037569958716630936,-0.058039262890815735,9.233457565307617,4.228272914886475,-0.9618977904319763,6.609466552734375,0.8311898112297058
1781548276481791,217414802,-0.8370853662490845,-0.5442264676094055,0.04174584150314331,0.036919161677360535,0.23704692721366882,9.12730598449707,4.206397533416748,1.8525605201721191,4.977668762207031,1.1504650115966797
1781548276483240,217431469,-0.8365450501441956,-0.5451085567474365,0.04158329218626022,0.036330025643110275,0.4314306378364563,9.224867820739746,4.288090705871582,3.797895669937134,3.987340211868286,1.1895626783370972
1781548276512494,217448136,-0.8363826274871826,-0.5454060435295105,0.0414021797478199,0.035809729248285294,0.5206825733184814,9.365235328674316,4.249286651611328,-1.004069209098816,3.798114061355591,0.9848276972770691
1781548276543590,217464803,-0.8371397852897644,-0.5443028807640076,0.04100484773516655,0.035357702523469925,0.41597941517829895,9.41082763671875,4.28698205947876,-12.579111099243164,4.70184850692749,0.40619850158691406
1781548276544503,217481470,-0.8386275172233582,-0.5420677065849304,0.04050382226705551,0.03501857444643974,0.23586393892765045,9.211246490478516,4.166640758514404,-21.885831832885742,4.808658123016357,-0.13424918055534363
1781548276572175,217498137,-0.8399596214294434,-0.5400580763816833,0.04001268744468689,0.03469998762011528,0.15377452969551086,8.974136352539062,4.092225074768066,-20.008193969726562,4.685421466827393,-0.3164709508419037
1781548276574264,217514804,-0.840405285358429,-0.5394173860549927,0.03956091031432152,0.03439280018210411,0.19367150962352753,8.993916511535645,4.026473045349121,-8.804983139038086,4.500722408294678,-0.8232051730155945
1781548276602273,217531471,-0.8404004573822021,-0.5394790172576904,0.039125826209783554,0.03403998538851738,0.3145586848258972,9.110157012939453,4.050619602203369,-3.0598337650299072,4.615383148193359,-0.7953895926475525
1781548276603486,217548138,-0.8403244614601135,-0.5396684408187866,0.03850416839122772,0.03362090140581131,0.3880077600479126,9.239174842834473,4.016366958618164,-2.0843236446380615,5.950080871582031,-1.15595281124115
1781548276631923,217564805,-0.8403807878494263,-0.539668619632721,0.03771789371967316,0.033097878098487854,0.3712824881076813,9.292896270751953,4.100765228271484,-3.6793806552886963,7.276973247528076,-1.08601713180542
1781548276633769,217581472,-0.8405600786209106,-0.5394876599311829,0.0368163101375103,0.03250503167510033,0.3188837170600891,9.326193809509277,4.142851829528809,-5.190184593200684,8.194204330444336,-1.0353169441223145
1781548276661874,217598139,-0.8406999111175537,-0.5393744707107544,0.03588932007551193,0.03179755434393883,0.19549396634101868,9.356595993041992,4.230154514312744,-4.628856182098389,8.769655227661133,-0.4939410388469696
1781548276692972,217614806,-0.8410031795501709,-0.5389991998672485,0.03508758172392845,0.031022809445858,0.13987526297569275,9.326713562011719,4.238132476806641,-6.707417964935303,8.279378890991211,0.46070218086242676
1781548276694212,217631473,-0.8412145972251892,-0.5387553572654724,0.03446746617555618,0.030214723199605942,0.14277209341526031,9.320535659790039,4.304476737976074,-5.559660911560059,7.358114242553711,1.2753143310546875
1781548276722236,217648140,-0.8414398431777954,-0.5384727716445923,0.03408697992563248,0.029395831748843193,0.21970365941524506,9.324236869812012,4.386901378631592,-5.78217077255249,6.00795316696167,2.237724542617798
1781548276723313,217664807,-0.8419245481491089,-0.5377721190452576,0.033862773329019547,0.028595132753252983,0.2722531855106354,9.29691219329834,4.475269317626953,-9.13390064239502,5.013245582580566,2.8619704246520996
1781548276751799,217681474,-0.8425371646881104,-0.5368577241897583,0.03377034142613411,0.027830982580780983,0.21768341958522797,9.210007667541504,4.472227573394775,-10.827338218688965,4.103034496307373,3.2119553089141846
1781548276755152,217698141,-0.8432282209396362,-0.5357959270477295,0.03385704383254051,0.02725112810730934,0.2059151977300644,9.078752517700195,4.503499984741211,-11.977437973022461,2.3742406368255615,2.855426549911499
1781548276783243,217714808,-0.8439850211143494,-0.5346119999885559,0.03407122194766998,0.0268063023686409,0.30720987915992737,8.975801467895508,4.450948715209961,-12.93548583984375,1.1303341388702393,2.582587718963623
1781548276788492,217731475,-0.8443570137023926,-0.5340356230735779,0.034237656742334366,0.026362787932157516,0.3926420211791992,9.023675918579102,4.399172306060791,-8.004661560058594,1.4234068393707275,2.1857943534851074
1781548276812304,217748142,-0.8446930646896362,-0.5335206985473633,0.034308381378650665,0.02592996321618557,0.30289706587791443,9.098834037780762,4.312614440917969,-7.535602569580078,1.9431909322738647,1.751185417175293
1781548276842421,217764809,-0.8450000882148743,-0.5330495834350586,0.03432947397232056,0.02558552287518978,0.20859159529209137,9.136168479919434,4.298032760620117,-7.2043280601501465,1.9093180894851685,1.041085958480835
1781548276844686,217781476,-0.845288097858429,-0.5326017141342163,0.034404437988996506,0.025299295783042908,0.26398327946662903,9.086112022399902,4.288258075714111,-7.003357410430908,1.3809024095535278,0.8909698724746704
1781548276872311,217798143,-0.8454830050468445,-0.5322998762130737,0.03448258712887764,0.025028908625245094,0.4100237488746643,9.015875816345215,4.3142924308776855,-5.818411827087402,1.3088282346725464,0.7604987621307373
1781548276874118,217814810,-0.8455641865730286,-0.5321856737136841,0.034491315484046936,0.02470162883400917,0.4772256910800934,9.13813304901123,4.454895496368408,-4.309234619140625,1.9265553951263428,0.7734203934669495
1781548276902192,217831477,-0.8457090854644775,-0.531982421875,0.03435629606246948,0.024301107972860336,0.40045326948165894,9.171852111816406,4.423295497894287,-5.067268371582031,3.0303988456726074,0.7036129832267761
1781548276904101,217848144,-0.8459952473640442,-0.531558632850647,0.034154847264289856,0.023893997073173523,0.2511017918586731,9.190224647521973,4.4791436195373535,-6.876140117645264,3.435617685317993,0.574781060218811
1781548276932567,217864811,-0.846314549446106,-0.5310733914375305,0.03403881937265396,0.023539572954177856,0.18608124554157257,9.042022705078125,4.412147045135498,-7.351743221282959,2.7444207668304443,0.6009317636489868
1781548276933976,217881478,-0.8462810516357422,-0.5311419367790222,0.034022942185401917,0.023219304159283638,0.26399192214012146,9.001953125,4.354696273803711,-2.8339297771453857,2.044271230697632,0.5821318030357361
1781548276963109,217898145,-0.8459023833274841,-0.5317543745040894,0.03404614329338074,0.022967660799622536,0.30320024490356445,9.06672477722168,4.359211444854736,1.5817569494247437,1.5712302923202515,0.14208003878593445
1781548276992652,217914812,-0.8456800580024719,-0.5321124792098999,0.034069206565618515,0.022824151441454887,0.3771373927593231,9.14849853515625,4.4317946434021,-0.49446600675582886,1.1761672496795654,-0.4021706283092499
1781548276994265,217931479,-0.8457340598106384,-0.5320380330085754,0.03399175405502319,0.022675499320030212,0.3995864689350128,9.091595649719238,4.415841579437256,-4.03455114364624,1.7751587629318237,-0.5961099863052368
1781548277022553,217948146,-0.8458816409111023,-0.5318155884742737,0.03383384644985199,0.022625645622611046,0.2896221876144409,9.015019416809082,4.448310375213623,-5.27291202545166,1.8790693283081055,-1.4163439273834229
1781548277024365,217964813,-0.8459694981575012,-0.531676173210144,0.03372057154774666,0.02278240956366062,0.21843548119068146,8.920022964477539,4.451862812042236,-4.612565994262695,0.8649346232414246,-2.482229471206665
1781548277051691,217981480,-0.8456339836120605,-0.5322034955024719,0.03363662213087082,0.023048054426908493,0.22417113184928894,8.991569519042969,4.380889415740967,0.7925400733947754,0.3003152906894684,-3.2295689582824707
1781548277053865,217998147,-0.8452202081680298,-0.5328516960144043,0.03352387994527817,0.02341208979487419,0.3016853332519531,9.111005783081055,4.331959247589111,1.7548350095748901,0.10772061347961426,-3.9480056762695312
1781548277081859,218014814,-0.8452281355857849,-0.5328389406204224,0.03321167081594467,0.023856861516833305,0.33606892824172974,9.044397354125977,4.287415504455566,-3.682222843170166,0.963441014289856,-4.926820755004883
1781548277083815,218031481,-0.8451577425003052,-0.5329593420028687,0.03273061290383339,0.02432214841246605,0.3508962094783783,8.950555801391602,4.276933193206787,-2.6551153659820557,1.8744337558746338,-5.707944869995117
1781548277112409,218048148,-0.8447182774543762,-0.5336737632751465,0.03211357444524765,0.024745402857661247,0.34854960441589355,9.026631355285645,4.275330066680908,2.136131525039673,2.834116220474243,-6.1573967933654785
1781548277143382,218064815,-0.8442959189414978,-0.5343654751777649,0.03141595795750618,0.025121307000517845,0.32954296469688416,9.111071586608887,4.293467998504639,1.9371334314346313,3.475611686706543,-6.170624256134033
1781548277145372,218081482,-0.8440024852752686,-0.5348593592643738,0.030596191063523293,0.02547861635684967,0.1809072494506836,9.178492546081543,4.2859649658203125,0.299252450466156,4.24739933013916,-6.44578218460083
1781548277172861,218098149,-0.8436744809150696,-0.535399317741394,0.029827110469341278,0.025907542556524277,0.12621968984603882,9.147982597351074,4.310903549194336,0.6874257326126099,3.6909377574920654,-6.690947532653809
1781548277174262,218114816,-0.8432410955429077,-0.5361008048057556,0.02903292328119278,0.026411022990942,0.153752863407135,9.139951705932617,4.263215065002441,1.9925085306167603,3.568458318710327,-7.267746448516846
1781548277202191,218131483,-0.8427045941352844,-0.536956787109375,0.02834393084049225,0.026891451328992844,0.1958731859922409,9.266275405883789,4.305600166320801,3.2919304370880127,3.05255389213562,-6.795536994934082
1781548277204464,218148150,-0.8421388268470764,-0.5378608703613281,0.027717461809515953,0.027198923751711845,0.26609084010124207,9.483016014099121,4.356664180755615,3.7236714363098145,3.3306827545166016,-5.577922821044922
1781548277232124,218164817,-0.841935932636261,-0.5382015705108643,0.027170011773705482,0.027294162660837173,0.2387894243001938,9.516817092895508,4.4839630126953125,-0.8250107169151306,3.6213736534118652,-3.8816046714782715
1781548277233619,218181484,-0.8423654437065125,-0.5375458002090454,0.026730146259069443,0.027402954176068306,0.16147153079509735,9.162182807922363,4.509528160095215,-8.915948867797852,2.8795788288116455,-3.2574751377105713
1781548277261943,218198151,-0.8424825668334961,-0.5373610854148865,0.026466039940714836,0.02767498977482319,0.07655008137226105,8.813496589660645,4.448437213897705,-5.029170036315918,1.2900158166885376,-3.6986536979675293
1781548277292484,218214818,-0.841410756111145,-0.5390133261680603,0.026504190638661385,0.028112228959798813,0.10915160179138184,9.013035774230957,4.470993518829346,10.031415939331055,-0.9373098611831665,-4.09913444519043
1781548277293994,218231485,-0.8401107788085938,-0.5410022735595703,0.026773137971758842,0.028528524562716484,0.19154229760169983,9.474319458007812,4.479726314544678,12.873649597167969,-2.172393798828125,-3.228226900100708
1781548277322380,218248152,-0.8401494026184082,-0.5409101247787476,0.02711050771176815,0.028814058750867844,0.23345071077346802,9.6719388961792,4.480469226837158,-4.088913917541504,-2.2408037185668945,-1.5722739696502686
1781548277324200,218264819,-0.8414065837860107,-0.5389190912246704,0.027423784136772156,0.029141929000616074,0.134462371468544,9.257502555847168,4.390408992767334,-19.600658416748047,-2.4099791049957275,-1.312089204788208
1781548277351770,218281486,-0.8422151207923889,-0.5376010537147522,0.02784164994955063,0.029730254784226418,-0.02168947272002697,8.829380989074707,4.268393039703369,-14.072986602783203,-3.9292728900909424,-2.6474971771240234
1781548277354198,218298153,-0.8416572213172913,-0.5384029746055603,0.02848855033516884,0.030397668480873108,0.04034392535686493,9.039275169372559,4.244541168212891,3.284963846206665,-5.376465320587158,-2.944244623184204
1781548277383863,218314820,-0.8408730030059814,-0.5395617485046387,0.02919396385550499,0.030881524085998535,0.2590596079826355,9.428542137145996,4.154581069946289,6.236802101135254,-5.0047221183776855,-1.782362461090088
1781548277385315,218331487,-0.8411909937858582,-0.5390215516090393,0.02967730537056923,0.031189817935228348,0.2732308804988861,9.531770706176758,4.1401824951171875,-7.687217712402344,-3.2087595462799072,-1.0162224769592285
1781548277412868,218348154,-0.8421445488929749,-0.5374943614006042,0.030052369460463524,0.03145429864525795,0.1916467249393463,9.298728942871094,4.193710803985596,-15.76601505279541,-2.5022735595703125,-0.8264458179473877
1781548277442686,218364821,-0.8427332043647766,-0.5365394949913025,0.030395347625017166,0.03166376054286957,0.1334938257932663,9.050000190734863,4.2204508781433105,-11.099319458007812,-2.0651018619537354,-0.8237688541412354
1781548277444229,218381488,-0.842522382736206,-0.536843478679657,0.030812477692961693,0.03171607851982117,0.12120614945888519,9.140514373779297,4.231680393218994,-0.8077603578567505,-1.8094089031219482,-0.07801627367734909
1781548277471901,218398155,-0.8419739007949829,-0.5376826524734497,0.0313115194439888,0.031581372022628784,0.19705556333065033,9.350793838500977,4.173418045043945,3.5961453914642334,-1.5475066900253296,1.1222143173217773
1781548277473956,218414822,-0.8418394327163696,-0.537885308265686,0.0317111499607563,0.03131056949496269,0.24826787412166595,9.42848014831543,4.168374061584473,-1.6118584871292114,-0.5181577205657959,1.7688066959381104
1781548277503393,218431489,-0.8421328663825989,-0.5374261140823364,0.031994063407182693,0.031016357243061066,0.1759965419769287,9.211409568786621,4.176629066467285,-7.044734954833984,0.19462452828884125,1.7090777158737183
1781548277505191,218448156,-0.8422486186027527,-0.5372405052185059,0.03230592608451843,0.030767036601901054,0.10477039963006973,9.021903991699219,4.183590412139893,-4.807888031005859,-0.11726774275302887,1.4586752653121948
1781548277533118,218464823,-0.8419005870819092,-0.5377785563468933,0.032647959887981415,0.030530130490660667,0.19349955022335052,9.04798698425293,4.187726020812988,1.099380373954773,-0.2892954349517822,1.2385213375091553
1781548277534707,218481490,-0.841395378112793,-0.5385702848434448,0.03286907449364662,0.030257850885391235,0.25884389877319336,9.155841827392578,4.158067226409912,3.131197214126587,0.5595670342445374,0.907182514667511
1781548277562652,218498157,-0.8412149548530579,-0.5388622283935547,0.03290768340229988,0.030036382377147675,0.2706785202026367,9.216557502746582,4.1934051513671875,-1.0118682384490967,1.395578384399414,0.11690276861190796
1781548277591950,218514824,-0.8412418961524963,-0.5388380289077759,0.03282180801033974,0.029810257256031036,0.261018842458725,9.102742195129395,4.140875816345215,-3.6333022117614746,2.115640878677368,-0.20231471955776215
1781548277594201,218531491,-0.8412187695503235,-0.5388967990875244,0.03262964263558388,0.029607823118567467,0.22054004669189453,9.043645858764648,4.164562702178955,-2.995572328567505,2.649141311645508,-0.7616834044456482
1781548277622774,218548158,-0.8407905697822571,-0.5395911335945129,0.03238261118531227,0.029395341873168945,0.21694283187389374,9.090136528015137,4.094316482543945,2.1719892024993896,3.0417582988739014,-1.1325041055679321
1781548277624063,218564825,-0.8401904702186584,-0.5405582785606384,0.03201030567288399,0.029194166883826256,0.16884517669677734,9.194924354553223,4.058485984802246,4.358942031860352,3.741471290588379,-1.7579917907714844
1781548277652311,218581492,-0.8397621512413025,-0.5412632822990417,0.03150554746389389,0.029005836695432663,0.09579381346702576,9.263672828674316,4.025127410888672,2.1761765480041504,4.442273139953613,-2.232428550720215
1781548277653187,218598159,-0.8393643498420715,-0.5419207215309143,0.030968036502599716,0.02881781756877899,0.13618244230747223,9.220907211303711,4.032485008239746,1.7813185453414917,4.624290466308594,-2.341282844543457
1781548277682886,218614826,-0.8390020728111267,-0.5425271391868591,0.030337009578943253,0.02863040566444397,0.21682721376419067,9.12163257598877,4.040975570678711,1.336195468902588,5.162515163421631,-2.6730825901031494
1781548277684248,218631493,-0.8385681509971619,-0.5432501435279846,0.029507655650377274,0.028501911088824272,0.23953314125537872,9.060198783874512,4.095993995666504,2.2239320278167725,6.093141078948975,-3.7923452854156494
1781548277712459,218648160,-0.8380696773529053,-0.5440706610679626,0.028508156538009644,0.028531640768051147,0.17468209564685822,9.035721778869629,4.166420936584473,2.96138596534729,6.490547180175781,-5.372060298919678
1781548277742951,218664827,-0.83732670545578,-0.5452540516853333,0.027526093646883965,0.028717191889882088,0.1442432850599289,9.149567604064941,4.198153018951416,5.940080642700195,5.831828594207764,-6.323253631591797
1781548277745142,218681494,-0.8365813493728638,-0.5464296340942383,0.02668297290802002,0.02888615056872368,0.22678084671497345,9.319966316223145,4.309760570526123,5.934764862060547,5.090839385986328,-5.7060370445251465
1781548277771698,218698161,-0.8365362286567688,-0.5465295910835266,0.025827495381236076,0.02907954342663288,0.20797386765480042,9.346892356872559,4.3958940505981445,-2.8890233039855957,4.986377239227295,-5.556432723999023
1781548277774792,218714828,-0.8370371460914612,-0.5457751750946045,0.02508644200861454,0.029479870572686195,0.03665820136666298,9.160910606384277,4.440705299377441,-9.8678617477417,3.4770214557647705,-6.055536270141602
1781548277802180,218731495,-0.837054967880249,-0.5457317233085632,0.02462485246360302,0.03015834093093872,-0.12197162210941315,9.060137748718262,4.447396755218506,-3.9538207054138184,0.8848612904548645,-6.828718185424805
1781548277803383,218748162,-0.836551308631897,-0.5464563965797424,0.024566296488046646,0.031046608462929726,-0.0341980867087841,9.178893089294434,4.3913350105285645,2.4712741374969482,-2.150891065597534,-6.762099742889404
1781548277832302,218764829,-0.8361395001411438,-0.5470268130302429,0.024706454947590828,0.031971149146556854,0.08471863716840744,9.425333023071289,4.314259052276611,1.2762744426727295,-3.448942184448242,-6.178500175476074
1781548277833225,218781496,-0.8361719250679016,-0.5469096302986145,0.025017907842993736,0.03287103772163391,0.16045919060707092,9.56003189086914,4.258013725280762,-4.305726051330566,-4.416576862335205,-5.178017616271973
1781548277862298,218798163,-0.8369505405426025,-0.5456486344337463,0.025296339765191078,0.033789027482271194,0.14792707562446594,9.450172424316406,4.185357570648193,-13.697733879089355,-4.423342227935791,-5.0401611328125
1781548277893081,218814830,-0.8379334211349487,-0.5440639853477478,0.02564053051173687,0.03471130505204201,0.0205122921615839,9.21276569366455,4.135556221008301,-16.311065673828125,-4.8588104248046875,-4.715738296508789
1781548277894509,218831497,-0.8382008075714111,-0.5435736775398254,0.026134351268410683,0.035554397851228714,-0.07707393169403076,9.214489936828613,4.03153657913208,-7.281308650970459,-5.28568172454834,-4.061714172363281
1781548277923241,218848164,-0.8379865288734436,-0.5438297390937805,0.026777127757668495,0.036205973476171494,0.005935652181506157,9.436922073364258,4.033730506896973,-1.1090682744979858,-5.332807540893555,-2.652707099914551
1781548277924675,218864831,-0.8381131291389465,-0.5435805320739746,0.027289779856801033,0.03663456812500954,0.11121530830860138,9.51652717590332,3.9561548233032227,-5.286359786987305,-3.813795804977417,-1.6776320934295654
1781548277951739,218881498,-0.8386368751525879,-0.5427407622337341,0.027581671252846718,0.03687939792871475,0.1181659996509552,9.287114143371582,3.9254682064056396,-10.194781303405762,-1.9327226877212524,-1.234750509262085
1781548277954030,218898165,-0.8387982249259949,-0.5424667000770569,0.027767503634095192,0.03709835931658745,0.09725639969110489,9.106131553649902,3.935581684112549,-5.604315757751465,-1.1479228734970093,-1.679373860359192
1781548277981800,218914832,-0.838136613368988,-0.5434788465499878,0.027854841202497482,0.03717657923698425,0.08591922372579575,9.22974681854248,3.9525246620178223,4.885782718658447,0.11508426070213318,-1.6911042928695679
1781548277983893,218931499,-0.8374951481819153,-0.5444709658622742,0.02789965271949768,0.03708172217011452,0.10535509139299393,9.400554656982422,4.024521350860596,4.7163801193237305,1.0071747303009033,-0.8434134125709534
1781548278012840,218948166,-0.8375234603881836,-0.5444444417953491,0.0278101097792387,0.036897700279951096,0.09953877329826355,9.275093078613281,4.055826187133789,-3.674065113067627,1.9863865375518799,-0.4650113880634308
1781548278042294,218964833,-0.8373762369155884,-0.5446828007698059,0.02776932530105114,0.036753248423337936,0.05907484143972397,9.156294822692871,4.139435768127441,-1.4871118068695068,1.5873279571533203,-0.6075589060783386
1781548278043467,218981500,-0.8368626832962036,-0.5454774498939514,0.027717430144548416,0.03670366853475571,0.02735193446278572,9.175946235656738,4.225164890289307,3.066756010055542,1.3786869049072266,-1.389245629310608
1781548278072341,218998167,-0.8365085124969482,-0.5460165143013,0.02773446775972843,0.03674689307808876,-0.0008744598599150777,9.248743057250977,4.2664008140563965,0.9980947971343994,0.586742103099823,-1.581187129020691
1781548278073155,219014834,-0.8362383842468262,-0.5464205741882324,0.027817601338028908,0.03682573884725571,0.02163231000304222,9.20182991027832,4.180290699005127,-0.08372790366411209,0.08428499102592468,-1.4783393144607544
1781548278102559,219031501,-0.8358686566352844,-0.5469699501991272,0.02791876718401909,0.03698679059743881,0.01971360668540001,9.18345832824707,4.091579914093018,1.1151577234268188,-0.3017304539680481,-1.932004451751709
1781548278103230,219048168,-0.8354517817497253,-0.5475795865058899,0.028079669922590256,0.037263959646224976,0.025448855012655258,9.259079933166504,4.07381534576416,1.6319324970245361,-1.1025371551513672,-2.409770965576172
1781548278132634,219064835,-0.8350716233253479,-0.5481248497962952,0.02832384593784809,0.037582721561193466,0.0354764461517334,9.286523818969727,4.057642936706543,1.1374281644821167,-1.7600154876708984,-2.319729804992676
1781548278133580,219081502,-0.8347660899162292,-0.5485543012619019,0.02861741930246353,0.037881266325712204,0.09865109622478485,9.341073989868164,4.05972146987915,0.20664967596530914,-1.9963048696517944,-1.9811935424804688
1781548278162837,219098169,-0.8345361351966858,-0.5488716959953308,0.028879085555672646,0.03814880549907684,0.10981225967407227,9.340002059936523,4.020280838012695,-0.7222781181335449,-1.6916675567626953,-1.8737866878509521
1781548278192554,219114836,-0.8343079686164856,-0.5491878986358643,0.029085854068398476,0.03843102231621742,0.05478307604789734,9.372403144836426,4.035901069641113,-0.7544604539871216,-1.4423022270202637,-2.168972969055176
1781548278194707,219131503,-0.8341906070709229,-0.5493353605270386,0.029415130615234375,0.038621000945568085,0.136885404586792,9.349527359008789,4.077451705932617,-2.0892410278320312,-1.7802876234054565,-1.0977859497070312
1781548278223465,219148170,-0.8341315984725952,-0.5494073629379272,0.029739053919911385,0.03862505033612251,0.1862267404794693,9.33219051361084,4.063674449920654,-2.707082986831665,-1.149152159690857,-0.06090699881315231
1781548278225439,219164837,-0.8340471982955933,-0.549519956111908,0.030037637799978256,0.03861328586935997,-0.003136587794870138,9.390178680419922,4.056386470794678,-2.381967782974243,-0.9151928424835205,-0.07092155516147614
1781548278252373,219181504,-0.8340908288955688,-0.5494216084480286,0.03050352819263935,0.038705840706825256,-0.16711033880710602,9.394445419311523,4.10188102722168,-4.052825927734375,-2.313608169555664,0.03390481695532799
1781548278253771,219198171,-0.834316074848175,-0.5490245819091797,0.03125287592411041,0.03888585418462753,-0.09581200778484344,9.311391830444336,4.053191661834717,-6.394044876098633,-4.34589958190918,0.6992204189300537
1781548278281721,219214838,-0.8343890905380249,-0.5488499999046326,0.03212558478116989,0.03907114267349243,0.06568479537963867,9.263285636901855,3.9922592639923096,-4.509552001953125,-4.885891914367676,1.1160798072814941
1781548278284324,219231505,-0.8341590166091919,-0.549137532711029,0.03298775479197502,0.03922722488641739,0.1882617324590683,9.4120512008667,4.056248188018799,-0.714094877243042,-4.863890171051025,0.9717905521392822
1781548278312289,219248172,-0.8344495892524719,-0.5486447215080261,0.03368004038929939,0.03935098648071289,0.2617475092411041,9.39564323425293,4.018071174621582,-7.192379474639893,-3.7168896198272705,0.8943123817443848
1781548278341898,219264839,-0.8349409103393555,-0.54786616563797,0.03420541062951088,0.039324816316366196,0.2127210795879364,9.170839309692383,3.954496145248413,-9.598105430603027,-2.159778594970703,1.2729322910308838
1781548278343694,219281506,-0.8347355127334595,-0.5481566190719604,0.03467142954468727,0.03922944515943527,0.1518794298171997,9.196624755859375,3.9251163005828857,-0.8361521363258362,-1.3909361362457275,1.0247448682785034
1781548278372333,219298173,-0.8342143893241882,-0.5489360690116882,0.035159531980752945,0.03898110240697861,0.2082524448633194,9.331550598144531,3.8957037925720215,3.201606512069702,-0.9372711181640625,1.7613917589187622
1781548278373666,219314840,-0.8340059518814087,-0.549260675907135,0.03546678647398949,0.038588907569646835,0.17854426801204681,9.440690994262695,3.8628036975860596,-0.6023723483085632,0.5389103889465332,2.073162317276001
1781548278401766,219331507,-0.8339443206787109,-0.5493713617324829,0.03573048859834671,0.038098715245723724,0.1523415893316269,9.392017364501953,3.874034881591797,-2.3705451488494873,1.1375048160552979,2.560802459716797
1781548278404427,219348174,-0.8339588046073914,-0.5493707656860352,0.03594131022691727,0.0375886932015419,0.1649247258901596,9.319625854492188,3.9232945442199707,-3.307034969329834,1.4514652490615845,2.499972343444824
1781548278432142,219364841,-0.8339187502861023,-0.5494571924209595,0.03614448755979538,0.037014249712228775,0.23177391290664673,9.264120101928711,3.9239680767059326,-2.587740898132324,1.7659764289855957,2.8119606971740723
1781548278434113,219381508,-0.8335748910903931,-0.5500139594078064,0.03639162331819534,0.0362379364669323,0.293599933385849,9.256869316101074,3.8433496952056885,1.3188810348510742,2.4108145236968994,3.9796178340911865
1781548278461943,219398175,-0.832892656326294,-0.5511001348495483,0.03661027550697327,0.03519153222441673,0.3029368817806244,9.490335464477539,3.989647388458252,5.6874237060546875,3.372328996658325,5.08858585357666
1781548278492478,219414842,-0.8327967524528503,-0.5512948632240295,0.03687424957752228,0.034119974821805954,0.20240339636802673,9.637968063354492,4.168402194976807,-1.6160593032836914,3.40832781791687,5.883693218231201
1781548278493834,219431509,-0.8333694934844971,-0.5504605770111084,0.037285659462213516,0.03313865512609482,0.06737102568149567,9.419012069702148,4.187941074371338,-10.032870292663574,2.054478883743286,6.303409576416016
1781548278522369,219448176,-0.8336924910545349,-0.5499707460403442,0.03799526393413544,0.032333217561244965,0.08824531733989716,9.140353202819824,4.200066089630127,-7.0891618728637695,-0.25060752034187317,6.302358627319336
1781548278523595,219464843,-0.8335327506065369,-0.5501778721809387,0.038942087441682816,0.031798943877220154,0.20201587677001953,9.10816764831543,4.192374229431152,-1.2867180109024048,-2.648237943649292,5.338384628295898
1781548278551739,219481510,-0.8331741690635681,-0.550662100315094,0.040047597140073776,0.03144193813204765,0.3946823179721832,9.334821701049805,4.184882164001465,1.044671654701233,-4.085469722747803,4.862884998321533
1781548278553633,219498177,-0.8332216739654541,-0.5505279302597046,0.04122195765376091,0.03100876696407795,0.4930058717727661,9.456622123718262,4.15212345123291,-4.005033493041992,-4.357297420501709,5.756372451782227
1781548278582503,219514844,-0.8338079452514648,-0.549578845500946,0.04238103702664375,0.030520590022206306,0.3790283203125,9.40477180480957,4.0832014083862305,-10.702462196350098,-4.161105155944824,6.325936317443848
1781548278584926,219531511,-0.8342142701148987,-0.5488837957382202,0.04369440674781799,0.03006751462817192,0.33175984025001526,9.309907913208008,4.044308185577393,-8.54018783569336,-5.066156387329102,6.643368244171143
1781548278611975,219548178,-0.834633469581604,-0.5481570959091187,0.045050524175167084,0.029688268899917603,0.24347420036792755,9.316155433654785,4.076961517333984,-8.775171279907227,-5.421788215637207,6.4661149978637695
1781548278641753,219564845,-0.8349766731262207,-0.5475230813026428,0.04658418148756027,0.029370645061135292,0.3268086314201355,9.280760765075684,4.0681047439575195,-7.945858001708984,-6.824276924133301,6.674948215484619
1781548278677745,219581512,-0.8353168368339539,-0.5468844771385193,0.04817705601453781,0.02902025729417801,0.46236076951026917,9.194926261901855,4.086622714996338,-7.942808151245117,-7.111586570739746,7.05744743347168
1781548278678948,219598179,-0.835593581199646,-0.5463449954986572,0.04967832937836647,0.028680456802248955,0.44954195618629456,9.218340873718262,4.083029747009277,-7.152400493621826,-6.563295841217041,6.6337361335754395
1781548278680922,219614846,-0.8358781933784485,-0.5457783937454224,0.051208801567554474,0.028482802212238312,0.4626785218715668,9.215670585632324,4.029645919799805,-7.38263463973999,-7.284038066864014,5.931168556213379
1781548278702777,219631513,-0.8363673686981201,-0.544901967048645,0.05255880579352379,0.028443042188882828,0.557358980178833,9.121407508850098,3.9523236751556396,-10.020627975463867,-6.8311285972595215,4.495088577270508
1781548278704050,219648180,-0.8367988467216492,-0.5441278219223022,0.053705330938100815,0.028435062617063522,0.6679505109786987,9.08896541595459,3.952939987182617,-9.268331527709961,-5.7754740715026855,3.5024163722991943
1781548278732879,219664847,-0.8369735479354858,-0.5437635183334351,0.054716646671295166,0.02833286114037037,0.7394807934761047,9.112086296081543,3.940652847290039,-5.941545486450195,-4.662831783294678,3.335869312286377
1781548278733714,219681514,-0.8370362520217896,-0.5436000823974609,0.05544587969779968,0.028200747445225716,0.6505693197250366,9.213083267211914,4.013962268829346,-4.4107890129089355,-2.936457872390747,2.3542747497558594
1781548278761885,219698181,-0.8372659087181091,-0.5431815385818481,0.056093618273735046,0.028169406577944756,0.5630449056625366,9.183613777160645,4.073062419891357,-6.556428909301758,-2.8254141807556152,1.5991482734680176
1781548278792063,219714848,-0.8374341130256653,-0.542859673500061,0.056653063744306564,0.028247421607375145,0.5913626551628113,9.05565357208252,4.096670150756836,-5.830219745635986,-2.7297122478485107,0.5931326150894165
1781548278794308,219731515,-0.8372586369514465,-0.5430654883384705,0.05722164362668991,0.02834649197757244,0.6354787945747375,9.055078506469727,4.127782344818115,-1.5152218341827393,-2.894516944885254,0.2323136031627655
1781548278823789,219748182,-0.8369994759559631,-0.5434070229530334,0.05767989158630371,0.028528697788715363,0.6813127994537354,9.195655822753906,4.135839939117432,-0.47617849707603455,-2.576227903366089,-0.7274519801139832
1781548278824220,219764849,-0.8371457457542419,-0.5431305766105652,0.057998090982437134,0.02885310910642147,0.6888200640678406,9.159647941589355,4.125504493713379,-5.630645275115967,-2.2606282234191895,-1.7438791990280151
1781548278852175,219781516,-0.8376889228820801,-0.5422516465187073,0.058067161589860916,0.02947005070745945,0.6026915311813354,8.915327072143555,4.101506233215332,-10.746261596679688,-1.8764512538909912,-4.037703514099121
1781548278854399,219798183,-0.837945282459259,-0.5418097972869873,0.05802841857075691,0.030375227332115173,0.6265603303909302,8.67518424987793,4.081815719604492,-7.295612812042236,-2.3607614040374756,-6.334892749786377
1781548278882217,219814850,-0.8373288512229919,-0.5427254438400269,0.0577869638800621,0.03146965801715851,0.674355149269104,8.764371871948242,4.083876609802246,3.6582305431365967,-1.9593209028244019,-8.902220726013184
1781548278884129,219831517,-0.8364355564117432,-0.5440751910209656,0.05735013633966446,0.032691940665245056,0.6902565956115723,9.136768341064453,4.098841667175293,7.097148895263672,-1.331003189086914,-10.601179122924805
1781548278912351,219848184,-0.8361043930053711,-0.5445603728294373,0.05686492100358009,0.03391116112470627,0.5534130930900574,9.382399559020996,4.036321640014648,0.012761532329022884,-1.0125727653503418,-10.296411514282227
1781548278942646,219864851,-0.8361849784851074,-0.5444259643554688,0.056378867477178574,0.03488202020525932,0.25019556283950806,9.57787799835205,4.018826007843018,-4.993069171905518,-0.06268709897994995,-8.533589363098145
1781548278943592,219881518,-0.8359768390655518,-0.5446901917457581,0.05636778101325035,0.03575016185641289,0.391025573015213,9.72880744934082,4.141290187835693,-1.4680947065353394,-2.4185824394226074,-6.386887550354004
1781548278972618,219898185,-0.8363906145095825,-0.5440148711204529,0.05631738901138306,0.03642855957150459,0.6193888187408447,9.476974487304688,3.984455108642578,-9.133631706237793,-1.478672742843628,-4.928537845611572
1781548278973689,219914852,-0.8364902138710022,-0.5438360571861267,0.056289054453372955,0.03685522824525833,0.5941635370254517,9.275354385375977,4.021252155303955,-5.000265598297119,-0.6591684818267822,-3.668699026107788
1781548279002217,219931519,-0.8357826471328735,-0.5448979139328003,0.056291937828063965,0.03721627593040466,0.5706620812416077,9.27574634552002,3.958920955657959,5.185733795166016,-0.5864284038543701,-3.8574650287628174
1781548279003505,219948186,-0.8349082469940186,-0.5462223887443542,0.05621791630983353,0.03753792494535446,0.6229861974716187,9.387151718139648,3.9862568378448486,7.314532279968262,-0.0004098032368347049,-4.067015647888184
1781548279032498,219964853,-0.8343259692192078,-0.5471048355102539,0.05609646439552307,0.03781389445066452,0.5929555296897888,9.395162582397461,4.0188798904418945,3.6862120628356934,0.4438360929489136,-3.7355740070343018
1781548279034054,219981520,-0.8341063857078552,-0.5474433302879333,0.05595942214131355,0.037965234369039536,0.4072878360748291,9.41177749633789,4.085086822509766,-0.7549471855163574,0.9952136278152466,-2.7785682678222656
1781548279063491,219998187,-0.833949625492096,-0.5476667284965515,0.056083448231220245,0.03799894452095032,0.3324841856956482,9.402033805847168,4.016625881195068,-1.5373125076293945,-0.06118873879313469,-1.0579837560653687
1781548279092306,220014854,-0.833976686000824,-0.5475941300392151,0.0563943013548851,0.03799261525273323,0.4399124085903168,9.386940002441406,4.069823265075684,-3.8624463081359863,-0.9864220023155212,0.03964206203818321
1781548279094522,220031521,-0.8340062499046326,-0.5475183725357056,0.056694161146879196,0.03798861801624298,0.4843851923942566,9.369460105895996,4.071657180786133,-3.8940787315368652,-0.9322895407676697,-0.014970625750720501
1781548279123142,220048188,-0.8341154456138611,-0.5473103523254395,0.05711013823747635,0.03796372562646866,0.5928677916526794,9.213672637939453,4.078761577606201,-4.912221908569336,-1.5132496356964111,0.6190910339355469
1781548279123954,220064855,-0.8341615796089172,-0.5472037196159363,0.057434096932411194,0.03799980878829956,0.6057930588722229,9.130465507507324,4.092746734619141,-4.142469882965088,-1.2257981300354004,-0.13857752084732056
1781548279152190,220081522,-0.83378666639328,-0.5477356314659119,0.05775913968682289,0.038073960691690445,0.6257823705673218,9.104402542114258,4.0708231925964355,1.089301586151123,-1.3696132898330688,-0.7129806280136108
1781548279154140,220098189,-0.8333146572113037,-0.5484241843223572,0.05797720327973366,0.03816014155745506,0.6213422417640686,9.219566345214844,4.044897079467773,2.320171356201172,-0.797477126121521,-1.2712863683700562
1781548279212783,220114856,-0.8330323100090027,-0.5488336086273193,0.0581560954451561,0.03817063197493553,0.5948593020439148,9.322931289672852,3.9643239974975586,0.0251452699303627,-0.28514623641967773,-0.8249467015266418
1781548279213861,220131523,-0.8328874707221985,-0.549037754535675,0.05831931531429291,0.03814662620425224,0.5165085196495056,9.391420364379883,3.941451072692871,-1.6597156524658203,-0.07006354629993439,-0.5709070563316345
1781548279215752,220148190,-0.8328679203987122,-0.5490531325340271,0.058476872742176056,0.03810775652527809,0.4611910283565521,9.453572273254395,3.9201488494873047,-3.2092583179473877,0.016180822625756264,-0.3989305794239044
1781548279242335,220164857,-0.8328644037246704,-0.5490326285362244,0.05875864252448082,0.0380486398935318,0.4904673993587494,9.453255653381348,3.9112751483917236,-3.43561053276062,-0.6216586232185364,0.20308949053287506
1781548279243353,220181524,-0.8330540657043457,-0.5487205982208252,0.059063512831926346,0.03792620450258255,0.5824750661849976,9.41805362701416,3.9259369373321533,-5.801571846008301,-0.5084378123283386,0.824428141117096
1781548279272496,220198191,-0.8333545327186584,-0.5482479929924011,0.05940604582428932,0.03762146830558777,0.5491223335266113,9.361419677734375,3.9668359756469727,-7.055441379547119,-0.035512011498212814,2.103398084640503
1781548279274656,220214858,-0.833663284778595,-0.5477633476257324,0.05986655503511429,0.03710870444774628,0.3623127043247223,9.448657035827637,4.048368453979492,-7.040432929992676,0.07822760194540024,3.749091386795044
1781548279301779,220231525,-0.8339670300483704,-0.5472391247749329,0.06069112941622734,0.03667810559272766,0.5032898783683777,9.502227783203125,4.143589496612549,-7.189486980438232,-2.326376438140869,4.666590690612793
1781548279304105,220248192,-0.8348608016967773,-0.545823872089386,0.06142837926745415,0.036200299859046936,0.7120361924171448,9.265556335449219,4.067594528198242,-14.520423889160156,-1.6331180334091187,5.126724720001221
1781548279332119,220264859,-0.8356414437294006,-0.544582724571228,0.0620817095041275,0.03576342761516571,0.7073525190353394,9.11963176727295,4.11122989654541,-13.134328842163086,-1.3119474649429321,4.474983215332031
1781548279333899,220281526,-0.8358374238014221,-0.5442328453063965,0.06267359852790833,0.03547882288694382,0.7155811190605164,9.060221672058105,4.0271148681640625,-5.903907775878906,-1.5606334209442139,2.844259023666382
1781548279365326,220298193,-0.83608478307724,-0.5438019037246704,0.06322286278009415,0.035283032804727554,0.6999409794807434,9.056967735290527,4.002303123474121,-6.611393928527832,-1.6456929445266724,2.2216007709503174
1781548279392419,220314860,-0.8360376954078674,-0.543829619884491,0.06370466202497482,0.03510192781686783,0.7439517974853516,9.130626678466797,3.9584343433380127,-2.896514415740967,-1.3262383937835693,1.6147077083587646
1781548279393822,220331527,-0.8360180258750916,-0.5438350439071655,0.06413882225751877,0.03469044342637062,0.5572630763053894,9.26988697052002,3.913742780685425,-3.038229465484619,-0.18639640510082245,2.776672601699829
1781548279422339,220348194,-0.836154580116272,-0.5435894727706909,0.0646505057811737,0.034296996891498566,0.5581980347633362,9.547534942626953,3.9608521461486816,-5.05497407913208,-0.6921192407608032,3.111706256866455
1781548279423868,220364861,-0.8366920351982117,-0.5427330136299133,0.0651727020740509,0.033762261271476746,0.7337302565574646,9.51851749420166,4.009396553039551,-10.000675201416016,-0.1895468682050705,4.328912734985352
1781548279451703,220381528,-0.8380030989646912,-0.5407090783119202,0.06545805931091309,0.03316405043005943,0.715298056602478,9.25670051574707,4.021336078643799,-19.630033493041992,1.4838801622390747,4.5119709968566895
1781548279454621,220398195,-0.8387547731399536,-0.5395488142967224,0.0657481700181961,0.03247903287410736,0.624701976776123,9.00459098815918,4.004471778869629,-12.533747673034668,1.7263801097869873,4.514618396759033
1781548279482329,220414862,-0.838719367980957,-0.5395979285240173,0.06608236581087112,0.031892549246549606,0.724972128868103,8.98920726776123,4.087163925170898,-2.674362897872925,1.0208263397216797,3.3874270915985107
1781548279486037,220431529,-0.8385723233222961,-0.5398304462432861,0.06627810001373291,0.03141449764370918,0.841199517250061,9.01346206665039,4.078774452209473,-1.283208966255188,1.4090121984481812,2.1404595375061035
1781548279512525,220448196,-0.8386790752410889,-0.5396863222122192,0.06630494445562363,0.030986741185188293,0.7822079658508301,8.9233980178833,4.18491268157959,-4.454792022705078,2.2336390018463135,1.4527974128723145
1781548279541995,220464863,-0.8386327624320984,-0.5397818088531494,0.0662151426076889,0.03076106868684292,0.6562683582305908,8.919244766235352,4.1435770988464355,-2.6221513748168945,2.136054515838623,-0.2885654866695404
1781548279544330,220481530,-0.8382725119590759,-0.5403541922569275,0.06610221415758133,0.030775198712944984,0.7173079252243042,8.982921600341797,4.183210372924805,1.1788052320480347,1.3340564966201782,-2.0402050018310547
1781548279571820,220498197,-0.8382734060287476,-0.5403807163238525,0.06574472039937973,0.03104868158698082,0.7766065001487732,9.044137954711914,4.190306663513184,-3.479421377182007,1.8258205652236938,-4.121250152587891
1781548279574126,220514864,-0.8383367657661438,-0.5403128266334534,0.06534100323915482,0.031372636556625366,0.7240281105041504,9.061593055725098,4.225587368011475,-4.288129806518555,1.9144407510757446,-4.52692985534668
1781548279602342,220531531,-0.8383153080940247,-0.5403718948364258,0.06490004807710648,0.031841717660427094,0.6565808653831482,9.129302978515625,4.2714619636535645,-3.3132333755493164,1.584997296333313,-5.575910568237305
1781548279604111,220548198,-0.8383448123931885,-0.5403292775154114,0.06454727053642273,0.03249673545360565,0.7017071843147278,9.13225269317627,4.268340110778809,-4.15295934677124,0.38282668590545654,-6.263471603393555
1781548279631756,220564865,-0.8383855223655701,-0.5402538180351257,0.06425562500953674,0.0332711823284626,0.7726208567619324,9.13653564453125,4.30265998840332,-4.422186851501465,-0.41533559560775757,-6.708427906036377
1781548279633894,220581532,-0.8382271528244019,-0.5404815673828125,0.06399247795343399,0.03405746817588806,0.7596400380134583,9.179961204528809,4.281444072723389,-1.93443763256073,-0.6412140130996704,-6.84904146194458
1781548279662191,220598199,-0.8382399082183838,-0.5404360890388489,0.06371419131755829,0.03497716784477234,0.6676334142684937,9.201645851135254,4.266483306884766,-4.207028388977051,-1.0442299842834473,-7.517035007476807
1781548279691913,220614866,-0.8382797837257385,-0.5403311252593994,0.06352183222770691,0.03597475215792656,0.5845559239387512,9.190643310546875,4.172257423400879,-4.6634979248046875,-1.822613000869751,-7.610982418060303
1781548279693910,220631533,-0.8381873965263367,-0.5404135584831238,0.06348267197608948,0.03694599121809006,0.5586137175559998,9.273018836975098,4.172971248626709,-3.042404890060425,-2.6187069416046143,-7.003960132598877
1781548279722071,220648200,-0.8381692171096802,-0.5403866767883301,0.06340105831623077,0.0378812812268734,0.40989336371421814,9.358427047729492,4.128687858581543,-3.94346022605896,-2.239997386932373,-6.888652801513672
1781548279723998,220664867,-0.8381709456443787,-0.540299654006958,0.06354434043169022,0.03883397951722145,0.3813069760799408,9.35175895690918,4.135484218597412,-4.312718391418457,-3.608433485031128,-6.122435569763184
1781548279752127,220681534,-0.8381837606430054,-0.5401840209960938,0.0637257993221283,0.03985389322042465,0.5593734979629517,9.179630279541016,4.082071304321289,-4.5381999015808105,-4.076863765716553,-6.351233959197998
1781548279753495,220698201,-0.8379711508750916,-0.5404313802719116,0.06380027532577515,0.04083845391869545,0.6598014831542969,9.058585166931152,4.0435099601745605,-1.6232435703277588,-3.3250412940979004,-6.7636237144470215
1781548279782129,220714868,-0.8373239636421204,-0.5413598418235779,0.06377914547920227,0.041839804500341415,0.7708874940872192,9.117964744567871,4.013455867767334,3.881791591644287,-2.842139720916748,-7.6383490562438965
1781548279784232,220731535,-0.8367767333984375,-0.5421584248542786,0.06347769498825073,0.04288860037922859,0.7746054530143738,9.257651329040527,4.105868339538574,2.659886121749878,-1.4016553163528442,-8.871511459350586
1781548279813288,220748202,-0.8369074463844299,-0.5419391989707947,0.06285183876752853,0.04401577264070511,0.643032431602478,9.31275749206543,4.1252593994140625,-5.8527607917785645,0.16404300928115845,-9.88997745513916
1781548279843132,220764869,-0.8372232913970947,-0.5414302349090576,0.06222395598888397,0.0451534129679203,0.5265312790870667,9.190961837768555,4.089483737945557,-8.214944839477539,0.1375722885131836,-9.772248268127441
1781548279844740,220781536,-0.8373419046401978,-0.5412265062332153,0.061599377542734146,0.046238820999860764,0.571150541305542,9.226590156555176,4.1302170753479,-5.699891090393066,0.32065191864967346,-9.652073860168457
1781548279871942,220798203,-0.8374565839767456,-0.5410469174385071,0.060854896903038025,0.047240644693374634,0.5649422407150269,9.254673957824707,4.058332443237305,-5.549120903015137,1.324170470237732,-9.63019847869873
1781548279874195,220814870,-0.837812602519989,-0.5405003428459167,0.06002439931035042,0.04823624715209007,0.471748948097229,9.18835735321045,4.079128265380859,-8.585495948791504,1.831302285194397,-9.679709434509277
1781548279901760,220831537,-0.838017463684082,-0.5401781797409058,0.05923754349350929,0.04924691841006279,0.3767208456993103,9.12079906463623,4.096817493438721,-6.723887920379639,1.534054160118103,-9.747161865234375
1781548279903788,220848204,-0.8377231359481812,-0.5406205654144287,0.058579303324222565,0.05017893761396408,0.402913361787796,9.206256866455078,4.20734977722168,-0.38878804445266724,1.144343614578247,-9.296143531799316
1781548279935212,220864871,-0.8373504877090454,-0.5411922931671143,0.057927776128053665,0.050985634326934814,0.4127739369869232,9.335384368896484,4.167547225952148,0.7005650997161865,1.5779410600662231,-8.630648612976074
1781548279936560,220881538,-0.8371694684028625,-0.541469156742096,0.05732590705156326,0.05169570818543434,0.35682690143585205,9.473302841186523,4.219329357147217,-1.654388427734375,1.6151180267333984,-7.708579063415527
1781548279962134,220898205,-0.8372840285301208,-0.5412800908088684,0.056882161647081375,0.05230436101555824,0.40824487805366516,9.471773147583008,4.2139153480529785,-5.341222286224365,1.0252573490142822,-6.251036643981934
1781548279992625,220914872,-0.8375560641288757,-0.540850043296814,0.05654041841626167,0.05276563763618469,0.4471450746059418,9.328468322753906,4.222626209259033,-7.218965530395508,0.9805246591567993,-4.863544464111328
1781548279994565,220931539,-0.8376323580741882,-0.5407267808914185,0.056247249245643616,0.05313102900981903,0.3828522861003876,9.226242065429688,4.201850414276123,-4.66996431350708,1.0898525714874268,-4.324051856994629
1781548280024960,220948206,-0.8373882174491882,-0.5410895347595215,0.056045856326818466,0.05349830538034439,0.3123979866504669,9.26544189453125,4.230072498321533,-0.6473610401153564,0.6047094464302063,-4.300154685974121
1781548280026556,220964873,-0.8371431231498718,-0.5414466261863708,0.05592935532331467,0.05384202301502228,0.25951188802719116,9.348752975463867,4.189849376678467,-0.6351309418678284,0.207315593957901,-3.8441333770751953
1781548280053063,220981540,-0.8371480107307434,-0.5414051413536072,0.056013915687799454,0.05409542843699455,0.2016487419605255,9.345342636108398,4.124777793884277,-3.751620292663574,-0.6785315871238708,-2.335826873779297
1781548280054671,220998207,-0.8371301293373108,-0.541385293006897,0.05630073696374893,0.05427442863583565,0.2656232416629791,9.334036827087402,4.122006416320801,-3.4380316734313965,-1.5448943376541138,-1.1626245975494385
1781548280082528,221014874,-0.837297260761261,-0.5410820245742798,0.056568268686532974,0.054438378661870956,0.35191914439201355,9.27700424194336,4.1592864990234375,-5.758543014526367,-1.39970862865448,-0.9612703919410706
1781548280084509,221031541,-0.8376936316490173,-0.5404200553894043,0.056798968464136124,0.054675646126270294,0.32470858097076416,9.13936710357666,4.116278171539307,-8.719653129577637,-1.5212922096252441,-1.303007960319519
1781548280112764,221048208,-0.8378486633300781,-0.540115237236023,0.05708262324333191,0.055015917867422104,0.3031969666481018,9.029839515686035,4.164666175842285,-5.785486698150635,-2.1571271419525146,-1.9238468408584595
1781548280142620,221064875,-0.8377816677093506,-0.5401408076286316,0.05742150917649269,0.055431947112083435,0.24061144888401031,8.952507972717285,4.081721305847168,-3.067134141921997,-2.7318763732910156,-2.3733882904052734
1781548280144229,221081542,-0.8376408219337463,-0.5402902960777283,0.057815954089164734,0.05569237470626831,0.14709384739398956,9.060737609863281,4.1479597091674805,-1.9961382150650024,-2.4582042694091797,-1.349686861038208
1781548280171864,221098209,-0.8371068835258484,-0.5410186052322388,0.05842789262533188,0.05601160600781441,0.26096341013908386,9.285935401916504,4.131085395812988,2.8572311401367188,-3.863253116607666,-1.2608619928359985
1781548280173822,221114876,-0.8369408249855042,-0.5411756038665771,0.05885327234864235,0.05652979388833046,0.5081700086593628,9.411252975463867,4.1606974601745605,-1.9514700174331665,-3.605499267578125,-2.7296481132507324
1781548280201678,221131543,-0.8375410437583923,-0.5401678085327148,0.05897986516356468,0.057141438126564026,0.4666343033313751,9.207295417785645,4.122427463531494,-11.658510208129883,-2.3697524070739746,-3.6078834533691406
1781548280203597,221148210,-0.8381966352462769,-0.5390737652778625,0.05893567577004433,0.057902008295059204,0.3472767174243927,8.873298645019531,4.164325714111328,-12.488785743713379,-1.9621773958206177,-5.047933101654053
1781548280232927,221164877,-0.8383004665374756,-0.5388401746749878,0.05879182368516922,0.05871308222413063,0.20882317423820496,8.633049964904785,4.108767509460449,-5.544829845428467,-1.449422836303711,-6.272704601287842
1781548280234399,221181544,-0.8373445868492126,-0.5402423739433289,0.058689650148153305,0.05956330522894859,0.12912940979003906,8.820615768432617,4.0470499992370605,7.809834957122803,-1.6012811660766602,-7.43355131149292
1781548280261938,221198211,-0.8357724547386169,-0.5425721406936646,0.05868839472532272,0.06046221777796745,0.3849150240421295,9.270904541015625,3.9830896854400635,15.460835456848145,-2.2354531288146973,-7.965634822845459
1781548280292473,221214878,-0.834953248500824,-0.5437732934951782,0.05828741937875748,0.061370600014925,0.5521878600120544,9.572969436645508,3.9608476161956787,5.996748447418213,-0.13838547468185425,-8.74385929107666
1781548280293855,221231545,-0.835039496421814,-0.543627142906189,0.05752604827284813,0.062207240611314774,0.4260290861129761,9.492000579833984,4.002232074737549,-5.2459564208984375,1.9901139736175537,-8.757522583007812
1781548280322875,221248212,-0.8352421522140503,-0.54332035779953,0.056653402745723724,0.06295904517173767,0.21405237913131714,9.209059715270996,4.03032922744751,-6.618618488311768,2.925233840942383,-8.573661804199219
1781548280324571,221264879,-0.8348047733306885,-0.5439899563789368,0.055937591940164566,0.06361433118581772,0.06604143232107162,9.098846435546875,4.12363862991333,1.4851590394973755,2.5607900619506836,-8.0899019241333
1781548280351877,221281546,-0.8337071537971497,-0.5456610321998596,0.05547557398676872,0.06410074234008789,0.08088603615760803,9.201696395874023,4.112336158752441,9.878483772277832,1.9177967309951782,-6.844959259033203
1781548280354337,221298213,-0.8324074149131775,-0.5476243495941162,0.05515943095088005,0.06452228873968124,0.15821999311447144,9.460517883300781,4.087134838104248,12.401313781738281,1.3778938055038452,-6.126036643981934
1781548280382280,221314880,-0.8314822912216187,-0.5490211248397827,0.054831862449645996,0.06485983729362488,0.23535692691802979,9.553442001342773,4.087419509887695,7.775063991546631,1.6490163803100586,-5.3085150718688965
1781548280384415,221331547,-0.8310843706130981,-0.5496228933334351,0.05443247780203819,0.06519782543182373,0.2525694668292999,9.502697944641113,4.089512348175049,1.2083497047424316,1.9021592140197754,-5.046163082122803
1781548280412327,221348214,-0.8308194875717163,-0.5500258207321167,0.05408518388867378,0.06546445935964584,0.2359795868396759,9.302438735961914,4.034414768218994,-0.38112983107566833,1.8356047868728638,-4.30765962600708
1781548280441882,221364881,-0.8302390575408936,-0.5508970618247986,0.053797803819179535,0.06573746353387833,0.1628914326429367,9.284253120422363,4.065453052520752,3.5122759342193604,1.5629446506500244,-4.433968544006348
1781548280443394,221381548,-0.8293814063072205,-0.5521591305732727,0.05369117856025696,0.06606035679578781,0.17170652747154236,9.293721199035645,4.0468831062316895,6.855733394622803,0.4175702929496765,-4.303869247436523
1781548280471894,221398215,-0.8288427591323853,-0.5529318451881409,0.05358712747693062,0.06644134223461151,0.0826031044125557,9.218140602111816,4.010969161987305,2.835909128189087,0.07931613177061081,-4.298631191253662
1781548280475338,221414882,-0.8282099962234497,-0.5538178086280823,0.053576935082674026,0.06695964932441711,-0.012859933078289032,9.233985900878906,3.985114336013794,3.831026792526245,-0.9630504846572876,-4.8097453117370605
1781548280501801,221431549,-0.8274775147438049,-0.5548045039176941,0.05369162932038307,0.06775157153606415,0.029508786275982857,9.17707633972168,3.9415903091430664,4.740610122680664,-2.707672595977783,-5.976634502410889
1781548280503230,221448216,-0.8268790245056152,-0.555566132068634,0.05371490865945816,0.0687914565205574,0.015025689266622066,9.22768497467041,3.9057323932647705,2.8159313201904297,-3.184415102005005,-7.588596343994141
1781548280533049,221464883,-0.8261577486991882,-0.5564755797386169,0.05386003851890564,0.06998293846845627,0.051185496151447296,9.229389190673828,3.835494041442871,4.126521110534668,-4.433764457702637,-8.098097801208496
1781548280535044,221481550,-0.8255298137664795,-0.5572304129600525,0.05388128012418747,0.07135473936796188,0.022700753062963486,9.268671035766602,3.7737584114074707,2.7646546363830566,-4.459056854248047,-9.493555068969727
1781548280562373,221498217,-0.8249317407608032,-0.55791836977005,0.05388358607888222,0.07287959009408951,0.013223986141383648,9.323237419128418,3.7698721885681152,2.2059524059295654,-4.953997611999512,-10.39340877532959
1781548280592415,221514884,-0.8244519233703613,-0.5584346652030945,0.05378321558237076,0.0744117721915245,-0.025598125532269478,9.319382667541504,3.713541269302368,0.7241802215576172,-4.446994304656982,-10.707304000854492
1781548280595033,221531551,-0.824111819267273,-0.5587320327758789,0.05362817645072937,0.0760413259267807,-0.02556924894452095,9.292987823486328,3.6941120624542236,-1.1186606884002686,-4.574353218078613,-11.318552017211914
1781548280623306,221548218,-0.8235622048377991,-0.5593348741531372,0.05337843298912048,0.07772155851125717,0.0037139214109629393,9.301848411560059,3.6483795642852783,1.349745273590088,-4.151744365692139,-12.191922187805176
1781548280624659,221564885,-0.8227633237838745,-0.5602962374687195,0.05303165316581726,0.07947545498609543,0.06983502954244614,9.40439224243164,3.649709463119507,4.258927822113037,-3.782576322555542,-13.24609088897705
1781548280652968,221581552,-0.8221761584281921,-0.5609615445137024,0.052475955337285995,0.08120962232351303,0.08287345618009567,9.434501647949219,3.64909291267395,1.6618236303329468,-2.6073362827301025,-13.714727401733398
1781548280654207,221598219,-0.821727454662323,-0.5614462494850159,0.05174750089645386,0.0828511118888855,-0.027564454823732376,9.401119232177734,3.6427035331726074,0.04367607831954956,-1.3262007236480713,-13.715864181518555
1781548280682918,221614886,-0.8209930658340454,-0.5623635649681091,0.05099324882030487,0.08436508476734161,-0.13351334631443024,9.492866516113281,3.62280011177063,3.621772289276123,-0.5427206754684448,-13.41203498840332
1781548280685745,221631553,-0.8200975060462952,-0.5635132789611816,0.050327226519584656,0.08579195290803909,-0.12997660040855408,9.611488342285156,3.6282236576080322,5.638108730316162,-0.6241307258605957,-12.7531099319458
1781548280711900,221648220,-0.8195599317550659,-0.5641635656356812,0.049537938088178635,0.08710271120071411,-0.18758298456668854,9.577066421508789,3.6067428588867188,1.4018796682357788,0.34909480810165405,-12.192291259765625
1781548280742471,221664887,-0.8191989064216614,-0.5645649433135986,0.04874708876013756,0.08833657950162888,-0.35829049348831177,9.486381530761719,3.648125171661377,-0.6589509844779968,0.567225456237793,-11.575177192687988
1781548280743442,221681554,-0.8185529708862305,-0.5653491616249084,0.04820268973708153,0.08959881216287613,-0.4393683075904846,9.464016914367676,3.664301872253418,2.7421927452087402,-0.7928030490875244,-11.079418182373047
1781548280772090,221698221,-0.8177496790885925,-0.5663513541221619,0.04774438589811325,0.09084208309650421,-0.37924060225486755,9.491042137145996,3.6440608501434326,4.639480113983154,-1.1230406761169434,-10.806297302246094
1781548280773783,221714888,-0.8169211149215698,-0.5673791170120239,0.04735690727829933,0.09207805246114731,-0.22362788021564484,9.56318187713623,3.6274847984313965,4.929287910461426,-1.4848713874816895,-10.514121055603027
1781548280802321,221731555,-0.8163987994194031,-0.567987859249115,0.046856142580509186,0.09320652484893799,-0.13010993599891663,9.524885177612305,3.5628907680511475,1.3431496620178223,-0.5948551893234253,-10.021586418151855
1781548280803691,221748222,-0.8161093592643738,-0.5682891011238098,0.04630061239004135,0.09417767077684402,-0.2379496693611145,9.547619819641113,3.584806442260742,-1.2764347791671753,0.20471593737602234,-9.104535102844238
1781548280832874,221764889,-0.8157786726951599,-0.5686524510383606,0.04585210606455803,0.09506456553936005,-0.3307149410247803,9.589279174804688,3.648743152618408,-0.6693240404129028,-0.03890569880604744,-8.25973892211914
1781548280834457,221781556,-0.815705418586731,-0.568649172782898,0.04549071937799454,0.09588335454463959,-0.34356868267059326,9.506673812866211,3.6681792736053467,-3.654855966567993,-0.41714128851890564,-7.2527875900268555
1781548280864108,221798223,-0.8155936598777771,-0.5687082409858704,0.04514234513044357,0.09664536267518997,-0.39505839347839355,9.425647735595703,3.658015251159668,-3.12847638130188,-0.24127165973186493,-6.928428649902344
1781548280892910,221814890,-0.8151483535766602,-0.5692312717437744,0.044970907270908356,0.09739907085895538,-0.328293114900589,9.482239723205566,3.6467819213867188,0.898679256439209,-0.995809018611908,-6.5569281578063965
1781548280894851,221831557,-0.8148484826087952,-0.5695541501045227,0.04469040781259537,0.09814753383398056,-0.2886405885219574,9.49878978729248,3.559823751449585,-0.8647488951683044,-0.4528966248035431,-6.794307708740234
1781548280921807,221848224,-0.8145503401756287,-0.5698837637901306,0.04440160468220711,0.0988384261727333,-0.2907370328903198,9.49608325958252,3.527348279953003,-0.8204646706581116,-0.17982682585716248,-6.506933689117432
1781548280923535,221864891,-0.8143672347068787,-0.570071280002594,0.04401450604200363,0.09943579882383347,-0.35176753997802734,9.471964836120605,3.5023651123046875,-2.105966091156006,0.6824952960014343,-6.2444024085998535
1781548280954050,221881558,-0.8141153454780579,-0.5703677535057068,0.043617069721221924,0.09997212141752243,-0.45499807596206665,9.48243236541748,3.4715311527252197,-1.2145799398422241,1.0316219329833984,-6.024081230163574
1781548280956550,221898225,-0.813588559627533,-0.5710669159889221,0.0433235801756382,0.10039646923542023,-0.5115016102790833,9.631084442138672,3.4685862064361572,2.222932815551758,1.0808625221252441,-5.300189971923828
1781548280982076,221914892,-0.8133071064949036,-0.5714338421821594,0.0430530309677124,0.1007041484117508,-0.49392950534820557,9.70214557647705,3.479891300201416,-0.5486112833023071,1.2526851892471313,-4.289525508880615
1781548280983228,221931559,-0.8134021162986755,-0.5712882280349731,0.042733535170555115,0.10089961439371109,-0.4619041681289673,9.620182037353516,3.512526512145996,-4.894766330718994,1.727083683013916,-3.4419500827789307
1781548281012932,221948226,-0.8134892582893372,-0.5711624622344971,0.04242981970310211,0.10103798657655716,-0.4463573396205902,9.470976829528809,3.507939577102661,-4.724942207336426,1.8778657913208008,-3.0702462196350098
1781548281042268,221964893,-0.8132057189941406,-0.5715672373771667,0.04217265546321869,0.10113849490880966,-0.46403253078460693,9.459999084472656,3.467636823654175,-0.25957193970680237,2.0219883918762207,-3.089468240737915
1781548281043768,221981560,-0.8127688765525818,-0.5721961855888367,0.04196317493915558,0.10117993503808975,-0.4401562809944153,9.542098999023438,3.49719500541687,1.647620439529419,2.0998384952545166,-2.7432613372802734
1781548281072384,221998227,-0.8126001954078674,-0.5724602341651917,0.04172556474804878,0.10114030539989471,-0.4608333110809326,9.603655815124512,3.4774415493011475,-1.4431731700897217,2.399826765060425,-2.1093084812164307
1781548281074878,222014894,-0.8126277923583984,-0.5724572539329529,0.041475240141153336,0.10103748738765717,-0.4782114326953888,9.620794296264648,3.530158281326294,-3.6980385780334473,2.5906546115875244,-1.5927900075912476
1781548281102297,222031561,-0.812651515007019,-0.5724599361419678,0.04132821410894394,0.10089194029569626,-0.48864370584487915,9.579071044921875,3.557313919067383,-3.567182779312134,2.182105779647827,-0.9519087672233582
1781548281103898,222048228,-0.8127003908157349,-0.5724311470985413,0.041261736303567886,0.10068798065185547,-0.4918854534626007,9.536816596984863,3.551107883453369,-3.769472122192383,1.9452908039093018,-0.28392958641052246
1781548281133019,222064895,-0.8126892447471619,-0.5724787712097168,0.04128158465027809,0.10050071030855179,-0.5029387474060059,9.5071382522583,3.5686376094818115,-3.0517659187316895,1.4353934526443481,-0.09795577824115753
1781548281134956,222081562,-0.81258225440979,-0.5726512670516968,0.04142068326473236,0.10032474249601364,-0.4661327302455902,9.476611137390137,3.5606439113616943,-1.8976448774337769,0.7844977378845215,0.20611178874969482
1781548281162433,222098229,-0.8125411868095398,-0.5727330446243286,0.041553936898708344,0.10013461112976074,-0.4852728843688965,9.469253540039062,3.5250084400177,-2.66292667388916,0.8283595442771912,0.33270254731178284
1781548281194686,222114896,-0.8124415874481201,-0.5728994011878967,0.04170180484652519,0.0999298170208931,-0.48433950543403625,9.506446838378906,3.4897899627685547,-1.9458481073379517,0.8447005152702332,0.4073635935783386
1781548281195090,222131563,-0.8123902082443237,-0.5729984641075134,0.041856881231069565,0.09971492737531662,-0.46024289727211,9.567667007446289,3.4695513248443604,-2.504845380783081,0.813913881778717,0.5460948348045349
1781548281222639,222148230,-0.8125849962234497,-0.5727590322494507,0.041934918612241745,0.09946996718645096,-0.4591852128505707,9.499558448791504,3.460862159729004,-5.409274101257324,1.2022281885147095,0.6765787601470947
1781548281224121,222164897,-0.8127159476280212,-0.5726212859153748,0.04199743643403053,0.09916768223047256,-0.4828810393810272,9.444664001464844,3.4694159030914307,-4.5829315185546875,1.561792016029358,0.8593764305114746
1781548281252147,222181564,-0.8125969171524048,-0.5728360414505005,0.04213007912039757,0.09884357452392578,-0.4365764558315277,9.46862506866455,3.468135356903076,-1.5753731727600098,1.4304115772247314,0.9875168800354004
1781548281254232,222198231,-0.8125196099281311,-0.5730062127113342,0.04218972101807594,0.09846880286931992,-0.4470086395740509,9.496580123901367,3.4333913326263428,-2.023621082305908,2.0131776332855225,1.0236179828643799
1781548281281752,222214898,-0.8124792575836182,-0.5731271505355835,0.04221464321017265,0.09808622300624847,-0.4611007273197174,9.50992488861084,3.4434735774993896,-2.4644665718078613,2.2148516178131104,0.9688835740089417
1781548281283849,222231565,-0.8125020265579224,-0.5731639266014099,0.04221848025918007,0.09768073260784149,-0.4592691659927368,9.496221542358398,3.396817207336426,-3.191739320755005,2.384471893310547,1.080452561378479
1781548281312003,222248232,-0.812595546245575,-0.5731086134910583,0.04218490794301033,0.0972384363412857,-0.526698887348175,9.502305030822754,3.4055378437042236,-4.000230312347412,2.6983556747436523,1.214547872543335
1781548281342190,222264899,-0.8126072883605957,-0.5731629133224487,0.042217787355184555,0.09680718928575516,-0.5378695130348206,9.492932319641113,3.421553134918213,-3.0242583751678467,2.340175151824951,1.329433798789978
1781548281343990,222281566,-0.8125994205474854,-0.5732442736625671,0.04222367703914642,0.09638804197311401,-0.5205411911010742,9.465619087219238,3.4141135215759277,-2.8177688121795654,2.4497718811035156,1.133650302886963
1781548281372558,222298233,-0.8125054240226746,-0.5734341740608215,0.04229142889380455,0.09602008014917374,-0.4584132432937622,9.50949478149414,3.4303367137908936,-1.8445367813110352,1.9534356594085693,1.0033198595046997
1781548281374403,222314900,-0.8125578761100769,-0.5734208822250366,0.04231133311986923,0.09564559906721115,-0.4147839844226837,9.479207992553711,3.4254376888275146,-3.587711811065674,2.150448799133301,1.0058555603027344
1781548281401879,222331567,-0.8126944303512573,-0.5732944011688232,0.04226084053516388,0.09526512771844864,-0.425242155790329,9.513677597045898,3.453474760055542,-4.5957255363464355,2.5164928436279297,0.8511165380477905
1781548281404587,222348234,-0.8127538561820984,-0.5732741355895996,0.04228464886546135,0.09486912190914154,-0.4195285439491272,9.519543647766113,3.4642786979675293,-3.6454427242279053,2.2106449604034424,1.1479740142822266
1781548281432433,222364901,-0.8129892945289612,-0.5730108618736267,0.04226598143577576,0.09444977343082428,-0.4227922260761261,9.49267864227295,3.4836039543151855,-5.718253135681152,2.4300501346588135,1.2971104383468628
1781548281434335,222381568,-0.8132069706916809,-0.5727654695510864,0.04223395884037018,0.0940764769911766,-0.4325856566429138,9.468897819519043,3.48660945892334,-5.570249557495117,2.33471941947937,0.9704715013504028
1781548281462418,222398235,-0.8132445812225342,-0.5727670192718506,0.04229392483830452,0.09371482580900192,-0.39477595686912537,9.451669692993164,3.4683377742767334,-3.4238295555114746,1.8799148797988892,1.0794538259506226
1781548281492188,222414902,-0.8132941126823425,-0.5727510452270508,0.0423286110162735,0.0933666080236435,-0.40075206756591797,9.527085304260254,3.4947423934936523,-3.589465856552124,1.9646027088165283,0.9190924763679504
1781548281494034,222431569,-0.8133049607276917,-0.5727866888046265,0.04243827983736992,0.09300297498703003,-0.37785208225250244,9.550233840942383,3.5060806274414062,-3.094949245452881,1.6264002323150635,1.2596006393432617
1781548281522217,222448236,-0.8134456276893616,-0.5726485252380371,0.04252307116985321,0.09258546680212021,-0.3603321313858032,9.57033634185791,3.500332832336426,-4.578539848327637,1.9014679193496704,1.5946917533874512
1781548281524035,222464903,-0.8137693405151367,-0.5722589492797852,0.042563676834106445,0.09212905168533325,-0.3507760465145111,9.511155128479004,3.515068292617798,-6.722347736358643,2.198575019836426,1.8314298391342163
1781548281551788,222481570,-0.8140986561775208,-0.5718623995780945,0.042588815093040466,0.0916687473654747,-0.41497424244880676,9.396964073181152,3.5091795921325684,-6.791501998901367,2.299860715866089,1.7974804639816284
1781548281554329,222498237,-0.8140318393707275,-0.5720141530036926,0.042686671018600464,0.09126891940832138,-0.41096460819244385,9.430098533630371,3.4746241569519043,-2.137751340866089,1.879632830619812,1.3339158296585083
1781548281582010,222514904,-0.8139168620109558,-0.5722283124923706,0.04285043478012085,0.09087473899126053,-0.3607898950576782,9.469698905944824,3.4944114685058594,-1.5586607456207275,1.516752004623413,1.5146774053573608
1781548281583852,222531571,-0.8139889240264893,-0.572184145450592,0.042934712022542953,0.09046565741300583,-0.33357009291648865,9.500964164733887,3.49141263961792,-3.785710573196411,1.9089593887329102,1.4760024547576904
1781548281612125,222548238,-0.8139963150024414,-0.5722328424453735,0.043009813874959946,0.09005508571863174,-0.3690030872821808,9.561551094055176,3.500706195831299,-3.016280174255371,2.005481004714966,1.3798267841339111
1781548281641909,222564905,-0.8142079710960388,-0.5719926953315735,0.04308775067329407,0.08962830901145935,-0.3374934196472168,9.572404861450195,3.5081183910369873,-5.430200099945068,1.9361473321914673,1.6960923671722412
1781548281643863,222581572,-0.8146250247955322,-0.5714709758758545,0.04309431463479996,0.08916360884904861,-0.3098624646663666,9.47863483428955,3.495901107788086,-7.846989154815674,2.3729467391967773,1.8357329368591309
1781548281674682,222598239,-0.8147770762443542,-0.571323573589325,0.0431693010032177,0.08868210762739182,-0.28228312730789185,9.414341926574707,3.510394334793091,-4.6626386642456055,2.204850196838379,1.92491614818573
1781548281676373,222614906,-0.8148182034492493,-0.571334183216095,0.04318751022219658,0.08822453022003174,-0.2855387032032013,9.427969932556152,3.493269205093384,-3.3840267658233643,2.494811534881592,1.4544109106063843
1781548281702274,222631573,-0.8148614764213562,-0.5713411569595337,0.04317959398031235,0.08778046816587448,-0.3057732582092285,9.458752632141113,3.5312578678131104,-3.431295156478882,2.5806522369384766,1.277247667312622
1781548281704096,222648240,-0.8148183822631836,-0.5714720487594604,0.04307163506746292,0.08738203346729279,-0.30183735489845276,9.498039245605469,3.470332145690918,-2.4723689556121826,3.0170934200286865,0.5407546162605286
1781548281731854,222664907,-0.8149539828300476,-0.5713586211204529,0.043005701154470444,0.08689095079898834,-0.33318454027175903,9.467235565185547,3.5033841133117676,-4.490572929382324,3.0504024028778076,1.404030680656433
1781548281734205,222681574,-0.8151339888572693,-0.571173906326294,0.04293418675661087,0.08644958585500717,-0.3281347453594208,9.458501815795898,3.4823341369628906,-5.0820088386535645,2.8573596477508545,1.1522963047027588
1781548281762059,222698241,-0.8149887323379517,-0.5714528560638428,0.04294298216700554,0.08597049862146378,-0.3556572496891022,9.493468284606934,3.505159616470337,-1.1472055912017822,2.735032796859741,1.3488479852676392
