host_t_us,sensor_t_us,qw,qx,qy,qz,ax,ay,az,gx,gy,gz
1781548220103868,155805424,-0.006128236651420593,0.569399356842041,0.8220289349555969,-0.004053867422044277,0.028194818645715714,-0.1357671320438385,-9.8594388961792,0.7376136779785156,-0.0024844317231327295,0.09264754503965378
1781548220106204,155822091,-0.006131065543740988,0.5694032311439514,0.8220261931419373,-0.004053301643580198,0.03775402158498764,-0.13483373820781708,-9.859167098999023,0.7350908517837524,0.062091581523418427,0.1641709953546524
1781548220133870,155838758,-0.006123716942965984,0.5694134831428528,0.822019100189209,-0.004046952817589045,0.02440384030342102,-0.1277814656496048,-9.87725830078125,0.6625429391860962,0.027552863582968712,0.21560128033161163
1781548220135872,155855425,-0.0061188037507236,0.5694097876548767,0.8220216631889343,-0.0040471721440553665,0.03629482910037041,-0.1378556191921234,-9.85614013671875,0.7095678448677063,0.01481054536998272,0.09915315359830856
1781548220164022,155872092,-0.006118640769273043,0.5694073438644409,0.8220233917236328,-0.0040466198697686195,0.03846210986375809,-0.13980109989643097,-9.869230270385742,0.7237956523895264,0.04471336677670479,0.10943665355443954
1781548220165949,155888759,-0.006110604386776686,0.5693969130516052,0.8220306038856506,-0.0040495856665074825,0.03248622640967369,-0.14612381160259247,-9.868049621582031,0.7130126953125,-0.014010145328938961,0.04266435280442238
1781548220193870,155905426,-0.006114095915108919,0.5693921446800232,0.8220339417457581,-0.0040465728379786015,0.034177813678979874,-0.14171794056892395,-9.852751731872559,0.724269449710846,0.07488512992858887,0.08948436379432678
1781548220223632,155922093,-0.006113188341259956,0.5693948268890381,0.82203209400177,-0.004042244981974363,0.03112000972032547,-0.1420290768146515,-9.856366157531738,0.6993995308876038,0.05559875816106796,0.15200497210025787
1781548220225792,155938760,-0.006115667521953583,0.5693966150283813,0.8220309019088745,-0.004038001876324415,0.039105966687202454,-0.15081939101219177,-9.859407424926758,0.7132816910743713,0.07436006516218185,0.14515358209609985
1781548220254351,155955427,-0.00612664595246315,0.5693928599357605,0.8220334053039551,-0.004028072115033865,0.039552751928567886,-0.13689005374908447,-9.876574516296387,0.7144214510917664,0.14434677362442017,0.0991915762424469
1781548220256681,155972094,-0.006135707255452871,0.5694006085395813,0.8220280408859253,-0.00403186958283186,0.03657029569149017,-0.13900718092918396,-9.848274230957031,0.7842288017272949,0.08037904649972916,0.1942531019449234
1781548220283844,155988761,-0.006141309160739183,0.5693995952606201,0.8220286965370178,-0.00403084559366107,0.03765733540058136,-0.13032414019107819,-9.859877586364746,0.7436455488204956,0.0792008712887764,0.12353644520044327
1781548220286096,156005428,-0.006146946456283331,0.5693974494934082,0.8220301270484924,-0.004033655859529972,0.03847283869981766,-0.15293292701244354,-9.860987663269043,0.7655572295188904,0.06431989371776581,0.113176129758358
1781548220313966,156022095,-0.006149275228381157,0.5693985819816589,0.8220292925834656,-0.004040976520627737,0.02805534563958645,-0.13250204920768738,-9.876901626586914,0.7780433893203735,0.028154756873846054,0.1406073272228241
1781548220316448,156038762,-0.0061443038284778595,0.5694084167480469,0.822022557258606,-0.004050147719681263,0.029249798506498337,-0.13740861415863037,-9.850634574890137,0.7596918344497681,-0.019849838688969612,0.21339857578277588
1781548220344210,156055429,-0.006140266545116901,0.5694098472595215,0.8220214247703552,-0.004053920973092318,0.020513268187642097,-0.13717259466648102,-9.865930557250977,0.7330418229103088,0.006076612509787083,0.14238739013671875
1781548220373911,156072096,-0.006148463115096092,0.56940758228302,0.8220229148864746,-0.00405604112893343,0.04384799674153328,-0.1432664394378662,-9.873085975646973,0.7717809677124023,0.08148039132356644,0.1114344447851181
1781548220376155,156088763,-0.0061522116884589195,0.5694118738174438,0.8220201134681702,-0.004058608785271645,0.033054884523153305,-0.14915287494659424,-9.85983943939209,0.7566311955451965,0.05494564771652222,0.16577179729938507
1781548220403790,156105430,-0.006160000339150429,0.5694150328636169,0.8220178484916687,-0.004058667924255133,0.04468828812241554,-0.14918506145477295,-9.84753704071045,0.758411169052124,0.08753781020641327,0.15553952753543854
1781548220406411,156122097,-0.00615926505997777,0.5694112181663513,0.822020411491394,-0.004053885582834482,0.019715631380677223,-0.14351320266723633,-9.881597518920898,0.6978628039360046,0.05790390819311142,0.09770604223012924
1781548220433793,156138764,-0.0061680530197918415,0.5694112777709961,0.8220202922821045,-0.004056208301335573,0.04139459878206253,-0.13770902156829834,-9.859868049621582,0.7751362919807434,0.08414411544799805,0.13018293678760529
1781548220435815,156155431,-0.006167703308165073,0.5694009065628052,0.8220275044441223,-0.004065263085067272,0.04411967098712921,-0.13640369474887848,-9.864480972290039,0.7776720523834229,0.005538747180253267,0.04303574189543724
1781548220463643,156172098,-0.006176929455250502,0.5693904161453247,0.8220345973968506,-0.004062982276082039,0.028767012059688568,-0.13884982466697693,-9.84158992767334,0.7511628866195679,0.10401958227157593,0.041306883096694946
1781548220465573,156188765,-0.006178273819386959,0.5693895220756531,0.8220351934432983,-0.004065992310643196,0.028008729219436646,-0.13400404155254364,-9.853411674499512,0.7500230669975281,0.03928348049521446,0.12221740186214447
1781548220493880,156205432,-0.006174467038363218,0.5693871974945068,0.8220369219779968,-0.004062608350068331,0.021964961662888527,-0.15193156898021698,-9.854549407958984,0.6937263011932373,0.035134218633174896,0.10897562652826309
1781548220523653,156222099,-0.006167495623230934,0.56938636302948,0.8220375180244446,-0.004064108710736036,0.03806515038013458,-0.14738623797893524,-9.856163024902344,0.7088891267776489,-0.0017672762041911483,0.1234724149107933
1781548220525591,156238766,-0.006167212035506964,0.5693838000297546,0.8220392465591431,-0.0040637049823999405,0.03329438343644142,-0.13504472374916077,-9.882862091064453,0.724346399307251,0.043394315987825394,0.10982085764408112
1781548220553778,156255433,-0.0061663491651415825,0.569383442401886,0.8220395445823669,-0.004054093733429909,0.030598029494285583,-0.14822663366794586,-9.88620376586914,0.6700089573860168,0.07626821100711823,0.12681487202644348
1781548220555812,156272100,-0.006161745171993971,0.5693863034248352,0.8220376372337341,-0.004053720738738775,0.01942223310470581,-0.1367112398147583,-9.866307258605957,0.7074548006057739,0.01911347731947899,0.1530551016330719
1781548220583769,156288767,-0.006157978903502226,0.5693796873092651,0.8220422863960266,-0.00406247191131115,0.013693375512957573,-0.13063529133796692,-9.877313613891602,0.7626245021820068,-0.012370933778584003,0.07407832145690918
1781548220586175,156305434,-0.006152675021439791,0.5693913698196411,0.8220340013504028,-0.00407628808170557,0.033333826810121536,-0.15040811896324158,-9.876922607421875,0.7848050594329834,-0.03981494531035423,0.22776736319065094
1781548220613773,156322101,-0.0061586094088852406,0.5693904757499695,0.8220345973968506,-0.004075635224580765,0.03080187365412712,-0.1508980691432953,-9.866909980773926,0.7472696900367737,0.07962347567081451,0.1222430020570755
1781548220615774,156338768,-0.006161583587527275,0.5693871974945068,0.8220371007919312,-0.0040643359534442425,0.02874913066625595,-0.14255119860172272,-9.86742115020752,0.6755797266960144,0.10440375655889511,0.10099727660417557
1781548220644443,156355435,-0.0061636450700461864,0.5693897008895874,0.8220351338386536,-0.004076310899108648,0.03017246164381504,-0.16022123396396637,-9.856760025024414,0.8034766912460327,0.008497011847794056,0.15214583277702332
1781548220673759,156372102,-0.006160353776067495,0.5693923830986023,0.8220332860946655,-0.004077456891536713,0.033580586314201355,-0.1444823443889618,-9.863458633422852,0.7213112115859985,0.02061181701719761,0.15217144787311554
1781548220675856,156388769,-0.006155399139970541,0.5693872570991516,0.8220368027687073,-0.004075829870998859,0.04730972647666931,-0.15274697542190552,-9.855767250061035,0.6992459297180176,0.021649133414030075,0.08647488057613373
1781548220703741,156405436,-0.006160693243145943,0.5693853497505188,0.8220382332801819,-0.004077376332134008,0.020334195345640182,-0.15396644175052643,-9.848408699035645,0.7573098540306091,0.06731657683849335,0.11258702725172043
1781548220705705,156422103,-0.0061560929752886295,0.5693806409835815,0.8220416307449341,-0.004086316097527742,0.023892641067504883,-0.13013818860054016,-9.86160659790039,0.7603706121444702,-0.01773679442703724,0.09131567180156708
1781548220733768,156438770,-0.006152634043246508,0.5693830847740173,0.822039783000946,-0.0040940772742033005,0.02584882639348507,-0.14918863773345947,-9.853927612304688,0.7580270767211914,-0.00623669195920229,0.15032732486724854
1781548220735606,156455437,-0.006147872656583786,0.5693773031234741,0.822043776512146,-0.004094850271940231,0.032085731625556946,-0.13326378166675568,-9.827546119689941,0.7137426733970642,0.013273781165480614,0.08209510147571564
1781548220764224,156472104,-0.006144305225461721,0.5693733096122742,0.8220465779304504,-0.004099407233297825,0.045432042330503464,-0.1522999256849289,-9.856215476989746,0.7396370768547058,0.005295425187796354,0.09688643366098404
1781548220766909,156488771,-0.0061449627391994,0.5693732500076294,0.8220466375350952,-0.004102341830730438,0.058656953275203705,-0.13862809538841248,-9.864245414733887,0.7469623684883118,0.035774536430835724,0.12935052812099457
1781548220794007,156505438,-0.006142303813248873,0.5693787932395935,0.8220427632331848,-0.004101914819329977,0.04175562411546707,-0.14192892611026764,-9.864358901977539,0.7149080038070679,0.030421482399106026,0.17602966725826263
1781548220824532,156522105,-0.006140702869743109,0.5693795084953308,0.8220423460006714,-0.004096298012882471,0.03462470695376396,-0.139118030667305,-9.85848617553711,0.6897180080413818,0.05648241192102432,0.13603545725345612
1781548220825609,156538772,-0.006147348787635565,0.5693829655647278,0.8220399022102356,-0.004093607421964407,0.024708015844225883,-0.13990123569965363,-9.862371444702148,0.7385870218276978,0.09180232137441635,0.15911249816417694
1781548220854541,156555439,-0.00614799652248621,0.5693801045417786,0.8220419883728027,-0.004088235087692738,0.0368492417037487,-0.1430661678314209,-9.84890365600586,0.7000911235809326,0.06800811737775803,0.10481356084346771
1781548220855176,156572106,-0.00615656329318881,0.5693774819374084,0.8220435976982117,-0.0041005597449839115,0.022571833804249763,-0.14106085896492004,-9.869786262512207,0.8310360312461853,0.04350957274436951,0.10951349139213562
1781548220883818,156588773,-0.0061464933678507805,0.5693811178207397,0.8220411539077759,-0.0041086021810770035,0.0364878810942173,-0.1468604952096939,-9.858368873596191,0.7339125871658325,-0.04469415545463562,0.16023942828178406
1781548220885575,156605440,-0.006146627943962812,0.56938236951828,0.8220402002334595,-0.004117290489375591,0.03920953720808029,-0.14745774865150452,-9.868790626525879,0.7774542570114136,0.010289901867508888,0.14170867204666138
1781548220914246,156622107,-0.006158777046948671,0.5693841576576233,0.8220388293266296,-0.004125796724110842,0.03258490562438965,-0.13470111787319183,-9.857734680175781,0.8234546780586243,0.07891912758350372,0.14450043439865112
1781548220915927,156638774,-0.00615953654050827,0.5693820714950562,0.8220402002334595,-0.004127363674342632,0.03615187853574753,-0.15811127424240112,-9.868125915527344,0.7397652268409729,0.041498977690935135,0.11244616657495499
1781548220945165,156655441,-0.006168766878545284,0.5693824291229248,0.822039783000946,-0.004132280126214027,0.0300042312592268,-0.1349302977323532,-9.857664108276367,0.7918229103088379,0.07642187923192978,0.13362783193588257
1781548220974239,156672108,-0.006167154759168625,0.5693883895874023,0.8220359086990356,-0.004127943888306618,0.036344993859529495,-0.14031964540481567,-9.8613920211792,0.6969407796859741,0.051680028438568115,0.17939776182174683
1781548220976190,156688775,-0.006170296110212803,0.569389820098877,0.8220347166061401,-0.004129646811634302,0.02511555887758732,-0.14473268389701843,-9.865628242492676,0.7498565912246704,0.05461268126964569,0.14118359982967377
1781548221004181,156705442,-0.006175456568598747,0.569387674331665,0.8220361471176147,-0.004140045028179884,0.03585135191679001,-0.146996408700943,-9.860360145568848,0.8069472312927246,0.03179176151752472,0.11304804682731628
1781548221006136,156722109,-0.006167581770569086,0.5693970322608948,0.822029709815979,-0.00413628201931715,0.03556518629193306,-0.1441175639629364,-9.861894607543945,0.6756181716918945,0.014183033257722855,0.20807117223739624
1781548221033791,156738776,-0.00617124093696475,0.5693925023078918,0.8220328688621521,-0.004140483681112528,0.03838343173265457,-0.15874068439006805,-9.85087776184082,0.7661334276199341,0.04742831364274025,0.09332627058029175
1781548221035605,156755443,-0.006168680265545845,0.5693969130516052,0.8220296502113342,-0.0041518984362483025,0.04078664258122444,-0.1404591202735901,-9.857000350952148,0.7823719382286072,-0.015457263216376305,0.1674366146326065
1781548221064168,156772110,-0.006168652791529894,0.5694025754928589,0.8220258355140686,-0.004157792776823044,0.017802173271775246,-0.1402624100446701,-9.863067626953125,0.7609212398529053,0.020534979179501534,0.17778412997722626
1781548221065910,156788777,-0.00616217777132988,0.5694090723991394,0.8220213651657104,-0.00416331272572279,0.03854793682694435,-0.1441175788640976,-9.88215160369873,0.7337077260017395,-0.0144071439281106,0.1844562441110611
1781548221093979,156805444,-0.006160425953567028,0.5694246888160706,0.8220105767250061,-0.00416423799470067,0.03481080010533333,-0.12693390250205994,-9.861359596252441,0.726049542427063,0.030767250806093216,0.2584257423877716
1781548221124160,156822111,-0.006156768649816513,0.5694279670715332,0.8220082521438599,-0.0041748397052288055,0.03443513065576553,-0.14679256081581116,-9.867530822753906,0.7735356092453003,-0.018569206818938255,0.15792149305343628
1781548221125745,156838778,-0.006150941830128431,0.5694361329078674,0.8220025897026062,-0.004183117300271988,0.03706023469567299,-0.16541746258735657,-9.877931594848633,0.7516879439353943,-0.02145063690841198,0.1999647617340088
1781548221154199,156855445,-0.006155282724648714,0.5694408416748047,0.8219993710517883,-0.00418409239500761,0.030165309086441994,-0.15046533942222595,-9.86467456817627,0.7504072189331055,0.06438391655683517,0.16800010204315186
1781548221156552,156872112,-0.006159525364637375,0.5694368481636047,0.8220019340515137,-0.004182025324553251,0.03703172132372856,-0.1449114829301834,-9.855988502502441,0.7330291271209717,0.0752309039235115,0.09406904876232147
1781548221183780,156888779,-0.0061603812500834465,0.5694383382797241,0.8220009207725525,-0.004185980185866356,0.030387032777071,-0.13544528186321259,-9.857017517089844,0.7537240982055664,0.03285468742251396,0.14357838034629822
1781548221186402,156905446,-0.006154288072139025,0.569446325302124,0.8219953775405884,-0.0041956184431910515,0.028577473014593124,-0.13909301161766052,-9.893563270568848,0.7584112286567688,-0.028327643871307373,0.1975187212228775
1781548221213934,156922113,-0.006149905268102884,0.569459080696106,0.8219865560531616,-0.004198795650154352,0.030122630298137665,-0.1394577920436859,-9.868687629699707,0.7284700274467468,0.006960251834243536,0.23623234033584595
1781548221216219,156938780,-0.006147235631942749,0.5694555044174194,0.8219889998435974,-0.004197266884148121,0.0349503718316555,-0.15492130815982819,-9.865250587463379,0.7090940475463867,0.03405848518013954,0.10057466477155685
1781548221244002,156955447,-0.006082874722778797,0.5695550441741943,0.8219211101531982,-0.004088754300028086,0.030226103961467743,-0.13978321850299835,-9.84708309173584,0.73838210105896,0.02442811243236065,0.10118936747312546
1781548221274240,156972114,-0.006087887100875378,0.5695578455924988,0.8219190835952759,-0.004085377790033817,0.03280827775597572,-0.14601296186447144,-9.859783172607422,0.7294688820838928,0.08495092391967773,0.15163357555866241
1781548221275883,156988781,-0.006083596497774124,0.569561779499054,0.821916401386261,-0.0040885452181100845,0.04680182412266731,-0.1384206861257553,-9.87429141998291,0.7300835847854614,0.006909025367349386,0.1664121001958847
1781548221303728,157005448,-0.006082141771912575,0.5695613622665405,0.8219166994094849,-0.004087481182068586,0.04690898582339287,-0.1547674983739853,-9.87059211730957,0.7173157334327698,0.03916822001338005,0.1279546469449997
1781548221305722,157022115,-0.006079615093767643,0.5695658326148987,0.8219136595726013,-0.0040827286429703236,0.0324038527905941,-0.14340949058532715,-9.871170997619629,0.6923688650131226,0.04782531037926674,0.16785921156406403
1781548221333795,157038782,-0.006084010470658541,0.5695739388465881,0.8219081163406372,-0.004087493754923344,0.040418293327093124,-0.13942201435565948,-9.849010467529297,0.7730745673179626,0.049874331802129745,0.19758278131484985
1781548221335659,157055449,-0.006082318257540464,0.5695669651031494,0.821912944316864,-0.004093192983418703,0.03434582054615021,-0.14661017060279846,-9.87307357788086,0.7549023628234863,0.010943025350570679,0.07265682518482208
1781548221363837,157072116,-0.006080842111259699,0.569564700126648,0.8219144344329834,-0.004093749914318323,0.029897093772888184,-0.14453956484794617,-9.868025779724121,0.7264593839645386,0.03264978900551796,0.11813216656446457
1781548221366400,157088783,-0.0060854582116007805,0.5695685148239136,0.8219116926193237,-0.004096900578588247,0.02382826991379261,-0.13862451910972595,-9.835395812988281,0.7649680972099304,0.05719956010580063,0.16308245062828064
1781548221394495,157105450,-0.006082979496568441,0.5695682764053345,0.8219118118286133,-0.004096609074622393,0.02578803151845932,-0.1314077377319336,-9.857221603393555,0.7177894711494446,0.030370252206921577,0.1316172480583191
1781548221423862,157122117,-0.00608236575499177,0.5695698261260986,0.8219108581542969,-0.004094465170055628,0.03603386506438255,-0.1338932067155838,-9.870593070983887,0.7146391272544861,0.048209499567747116,0.14248985052108765
1781548221425559,157138784,-0.006091313436627388,0.5695658922195435,0.8219134211540222,-0.004098196513950825,0.0327795147895813,-0.13404697179794312,-9.845030784606934,0.7853557467460632,0.07894475013017654,0.09867933392524719
1781548221453805,157155451,-0.006083037704229355,0.5695568919181824,0.8219197392463684,-0.004097177181392908,0.02974689193069935,-0.13604608178138733,-9.857983589172363,0.6912546753883362,-7.683809235459194e-05,0.05479196459054947
1781548221456045,157172118,-0.006074416451156139,0.5695580244064331,0.8219189047813416,-0.0041007897816598415,0.0419381819665432,-0.14288736879825592,-9.871461868286133,0.7158172726631165,-0.019580906257033348,0.14256668090820312
1781548221483707,157188785,-0.006075314711779356,0.5695453882217407,0.8219277858734131,-0.004098378587514162,0.039152294397354126,-0.12535320222377777,-9.87123966217041,0.7193902134895325,0.056969042867422104,0.023339569568634033
1781548221485674,157205452,-0.006076914723962545,0.5695450901985168,0.8219279646873474,-0.004104592837393284,0.026217175647616386,-0.15359452366828918,-9.850863456726074,0.7707054018974304,0.02788582816720009,0.13027259707450867
1781548221513796,157222119,-0.006069920025765896,0.5695458650588989,0.821927547454834,-0.00410897983238101,0.03439953923225403,-0.13728702068328857,-9.860998153686523,0.7266258597373962,-0.013485085219144821,0.13878880441188812
1781548221515350,157238786,-0.006076773628592491,0.5695409178733826,0.8219308257102966,-0.004117774777114391,0.0331764742732048,-0.13077832758426666,-9.839337348937988,0.8059227466583252,0.04722341522574425,0.09258350729942322
1781548221543886,157255453,-0.0060796309262514114,0.5695443749427795,0.8219283819198608,-0.004122075159102678,0.01228052657097578,-0.14298748970031738,-9.89506721496582,0.7646350860595703,0.04266435652971268,0.1595735102891922
1781548221573814,157272120,-0.006079360842704773,0.5695419907569885,0.8219300508499146,-0.0041311620734632015,0.03193553164601326,-0.13244126737117767,-9.874265670776367,0.7795928716659546,0.005974162369966507,0.11338100582361221
1781548221576108,157288787,-0.006080860737711191,0.5695343613624573,0.8219352960586548,-0.004128091502934694,0.033623501658439636,-0.1501828283071518,-9.882269859313965,0.7178791165351868,0.063295379281044,0.07228543609380722
1781548221603778,157305454,-0.0060944631695747375,0.5695288181304932,0.8219389319419861,-0.0041298349387943745,0.024021290242671967,-0.1382669061422348,-9.859770774841309,0.7925145030021667,0.11290717869997025,0.08515582233667374
1781548221606095,157322121,-0.006098504178225994,0.5695270895957947,0.8219401836395264,-0.004130276385694742,0.03388456255197525,-0.14307689666748047,-9.877291679382324,0.747602641582489,0.06421744078397751,0.11817058175802231
1781548221633860,157338788,-0.006093945354223251,0.5695273876190186,0.821940004825592,-0.004128655884414911,0.03100571781396866,-0.13387174904346466,-9.852680206298828,0.7023833990097046,0.023710953071713448,0.13025978207588196
1781548221636101,157355455,-0.006090893875807524,0.5695255398750305,0.8219412565231323,-0.004132814705371857,0.033898867666721344,-0.1498788446187973,-9.849267959594727,0.7409177422523499,0.009534327313303947,0.11650576442480087
1781548221663762,157372122,-0.006099104881286621,0.5695225596427917,0.8219431638717651,-0.004147164057940245,0.024048874154686928,-0.15208707749843597,-9.860908508300781,0.8426257967948914,0.03325168415904045,0.10998734086751938
1781548221666364,157388789,-0.006101435981690884,0.569524347782135,0.8219419717788696,-0.00414522597566247,0.04715214669704437,-0.14384578168392181,-9.85770320892334,0.7274582982063293,0.06405095756053925,0.144987091422081
1781548221694117,157405456,-0.006103798747062683,0.5695210695266724,0.8219442367553711,-0.004149147775024176,0.025258751586079597,-0.14077381789684296,-9.86469554901123,0.760780394077301,0.04107636958360672,0.1138804629445076
1781548221724228,157422123,-0.006111606024205685,0.5695275664329529,0.8219397068023682,-0.004148087464272976,0.0334661491215229,-0.1481408178806305,-9.854321479797363,0.7537881135940552,0.09178951382637024,0.18519902229309082
1781548221726515,157438790,-0.006104742176830769,0.5695329904556274,0.8219360113143921,-0.004147501662373543,0.03244318440556526,-0.1571170687675476,-9.864998817443848,0.698989748954773,0.006934638135135174,0.17401906847953796
1781548221754510,157455457,-0.006104039493948221,0.5695364475250244,0.8219335675239563,-0.0041566938161849976,0.018553363159298897,-0.1489776372909546,-9.877927780151367,0.7784404158592224,0.0034128923434764147,0.1635434925556183
1781548221755044,157472124,-0.0060930741019546986,0.5695371627807617,0.8219330906867981,-0.004155030939728022,0.028477339074015617,-0.1277206689119339,-9.858076095581055,0.6770269274711609,-0.012255676090717316,0.13862232863903046
1781548221784480,157488791,-0.0060935658402740955,0.5695375204086304,0.8219327330589294,-0.00416497653350234,0.026750029996037483,-0.13382883369922638,-9.869616508483887,0.787494421005249,0.007011475972831249,0.1344858855009079
1781548221814146,157505458,-0.006086827255785465,0.569549024105072,0.8219248056411743,-0.004163412377238274,0.02852046862244606,-0.15380553901195526,-9.846704483032227,0.6939184069633484,0.011865082196891308,0.22666597366333008
1781548221815161,157522125,-0.006073168944567442,0.5695412755012512,0.8219304084777832,-0.0041650827042758465,0.024429071694612503,-0.1539914906024933,-9.866119384765625,0.6854918599128723,-0.040813837200403214,0.08025098592042923
1781548221817272,157538792,-0.006070133298635483,0.5695461630821228,0.821927011013031,-0.004168170038610697,0.028562987223267555,-0.1488846391439438,-9.865806579589844,0.7348219156265259,0.014285482466220856,0.17962825298309326
1781548221843959,157555459,-0.006074548698961735,0.5695420503616333,0.8219296932220459,-0.0041839913465082645,0.029008572921156883,-0.14907631278038025,-9.838481903076172,0.8363634347915649,0.005897324066609144,0.09502951800823212
1781548221873830,157572126,-0.006051399279385805,0.5695406794548035,0.8219308853149414,-0.004181277938187122,0.023602968081831932,-0.14831604063510895,-9.857908248901367,0.6235091686248779,-0.07726071029901505,0.1112295612692833
1781548221875943,157588793,-0.006051278673112392,0.5695347785949707,0.8219348192214966,-0.004204393830150366,0.03377918154001236,-0.1563294529914856,-9.848387718200684,0.8597350120544434,-0.04842080548405647,0.0808272659778595
1781548221903868,157605460,-0.006038454826921225,0.5695298314094543,0.8219382762908936,-0.0042076269164681435,0.03615894541144371,-0.14790476858615875,-9.857084274291992,0.6976578235626221,-0.04228656366467476,0.0894971638917923
1781548221905473,157622127,-0.006030515767633915,0.5695416331291199,0.8219302892684937,-0.004203826189041138,0.04007834196090698,-0.14481492340564728,-9.872112274169922,0.6766043901443481,0.013811648823320866,0.22804908454418182
1781548221933916,157638794,-0.00602355832234025,0.5695421695709229,0.8219300508499146,-0.004188115708529949,0.03520440682768822,-0.1520245522260666,-9.871842384338379,0.6134817004203796,0.06531877815723419,0.1328466534614563
1781548221936185,157655461,-0.006023362744599581,0.5695453882217407,0.8219277858734131,-0.004184170626103878,0.027025258168578148,-0.13537731766700745,-9.869504928588867,0.7063918709754944,0.057442884892225266,0.14374488592147827
1781548221963848,157672128,-0.006023109890520573,0.5695435404777527,0.8219290971755981,-0.004187469836324453,0.03626643866300583,-0.15463878214359283,-9.856392860412598,0.7470903396606445,0.028654204681515694,0.11454639583826065
1781548221966012,157688795,-0.00601946422830224,0.569547712802887,0.8219262361526489,-0.0041950116865336895,0.03384863957762718,-0.1395471692085266,-9.87026309967041,0.757706880569458,-0.006889816839247942,0.1583697348833084
1781548221993857,157705462,-0.0060214754194021225,0.5695330500602722,0.821936309337616,-0.00419760774821043,0.025852402672171593,-0.13934333622455597,-9.838997840881348,0.7518799901008606,0.04453407600522041,0.08445145934820175
1781548222023653,157722129,-0.006038138177245855,0.5695206522941589,0.8219447135925293,-0.004200239200145006,0.024171585217118263,-0.14205053448677063,-9.842376708984375,0.8096494078636169,0.1267252266407013,0.06458882242441177
1781548222025567,157738796,-0.006031753960996866,0.5695141553878784,0.8219492435455322,-0.004205069970339537,0.031449105590581894,-0.14375993609428406,-9.867273330688477,0.7320429682731628,-0.012473384849727154,0.060285892337560654
1781548222053700,157755463,-0.006026438437402248,0.5695155262947083,0.8219483494758606,-0.0042024278081953526,0.03437808156013489,-0.13273093104362488,-9.84334945678711,0.6937775015830994,0.023288344964385033,0.13206547498703003
1781548222055191,157772130,-0.00602888036519289,0.5695115327835083,0.8219510316848755,-0.004205408040434122,0.03552604466676712,-0.1332959681749344,-9.836014747619629,0.7559396028518677,0.045097559690475464,0.10364819318056107
1781548222083894,157788797,-0.006033702287822962,0.5695182681083679,0.8219462633132935,-0.004211725201457739,0.036727648228406906,-0.13683642446994781,-9.84753704071045,0.7839086055755615,0.045955583453178406,0.18682540953159332
1781548222086643,157805464,-0.006039309781044722,0.5695193409919739,0.8219454884529114,-0.004207412712275982,0.03595148026943207,-0.14360617101192474,-9.851155281066895,0.7271637320518494,0.09158460795879364,0.1293761432170868
1781548222114810,157822131,-0.006036193575710058,0.5695205330848694,0.8219446539878845,-0.0042089964263141155,0.03211778774857521,-0.14307688176631927,-9.861461639404297,0.7262927889823914,0.019177507609128952,0.12986278533935547
1781548222116191,157838798,-0.006035956088453531,0.5695257186889648,0.8219411969184875,-0.004214747808873653,0.04091896489262581,-0.1395614892244339,-9.867814064025879,0.7611902952194214,0.018934190273284912,0.13405047357082367
1781548222145821,157855465,-0.006045869085937738,0.5695147514343262,0.821948766708374,-0.004216144792735577,0.04297170788049698,-0.14715377986431122,-9.856048583984375,0.7764425277709961,0.09308294206857681,0.046954475343227386
1781548222174338,157872132,-0.006051927339285612,0.5695158839225769,0.8219478726387024,-0.004225397016853094,0.03472837060689926,-0.1482767015695572,-9.855199813842773,0.8054361939430237,0.04137091711163521,0.16067488491535187
1781548222175313,157888799,-0.006048294715583324,0.5695117712020874,0.8219506740570068,-0.0042214542627334595,0.03055162914097309,-0.15395215153694153,-9.864825248718262,0.693124532699585,0.03765707090497017,0.09381291270256042
1781548222204183,157905466,-0.006047841161489487,0.5695018172264099,0.8219575881958008,-0.004219438880681992,0.020645445212721825,-0.13789139688014984,-9.863472938537598,0.7164447903633118,0.048017408698797226,0.06585665047168732
1781548222205978,157922133,-0.006049945950508118,0.5695096850395203,0.8219521045684814,-0.004221091978251934,0.027308136224746704,-0.13732635974884033,-9.852150917053223,0.7468855977058411,0.049118753522634506,0.21151606738567352
1781548222233750,157938800,-0.006044560112059116,0.5695003867149353,0.821958601474762,-0.004213933367282152,0.03101281076669693,-0.14949974417686462,-9.862119674682617,0.6681520342826843,0.04024394974112511,0.06513948738574982
1781548222236332,157955467,-0.006054671946913004,0.56950843334198,0.8219529390335083,-0.004218189977109432,0.030197493731975555,-0.13589945435523987,-9.869871139526367,0.7933597564697266,0.08320926129817963,0.14383453130722046
1781548222263783,157972134,-0.006056600250303745,0.5694962739944458,0.8219614028930664,-0.004220124799758196,0.02856316789984703,-0.14251185953617096,-9.844318389892578,0.7480893135070801,0.04614768177270889,0.06707325577735901
1781548222265860,157988801,-0.006054359953850508,0.5695035457611084,0.8219563364982605,-0.004217640496790409,0.031971294432878494,-0.14114932715892792,-9.852930068969727,0.706558346748352,0.04082024097442627,0.213846817612648
1781548222294002,158005468,-0.006055785808712244,0.5695048570632935,0.8219553232192993,-0.004226149991154671,0.021678969264030457,-0.14810147881507874,-9.851181983947754,0.7834476232528687,0.01746145635843277,0.11872123926877975
1781548222324336,158022135,-0.006062900647521019,0.5695101022720337,0.8219516277313232,-0.004234321881085634,0.005475347861647606,-0.1354023516178131,-9.8568754196167,0.8036561012268066,0.0512574128806591,0.15715311467647552
1781548222325964,158038802,-0.0060623460449278355,0.5695109367370605,0.8219510316848755,-0.0042380644008517265,0.02946426160633564,-0.15090163052082062,-9.850425720214844,0.7487937211990356,0.0248379148542881,0.10708029568195343
1781548222353731,158055469,-0.006063356064260006,0.5695149302482605,0.8219483494758606,-0.004223953001201153,0.02612791210412979,-0.13575997948646545,-9.870951652526855,0.6538729667663574,0.10412202030420303,0.15532180666923523
1781548222355964,158072136,-0.006055476143956184,0.5695276856422424,0.8219396471977234,-0.004221072420477867,0.032218050211668015,-0.13274165987968445,-9.855443954467773,0.6827256679534912,0.009329426102340221,0.1524275690317154
1781548222383885,158088803,-0.006052894983440638,0.5695303082466125,0.8219378590583801,-0.004222281742841005,0.03848356753587723,-0.1357063353061676,-9.856138229370117,0.7266771197319031,0.023147480562329292,0.09899948537349701
1781548222386470,158105470,-0.0060419850051403046,0.5695390701293945,0.8219317197799683,-0.0042372699826955795,0.030258290469646454,-0.1404913067817688,-9.87501335144043,0.7716017365455627,-0.07706860452890396,0.18788836896419525
1781548222414288,158122137,-0.0060446555726230145,0.5695368647575378,0.8219332695007324,-0.00423827301710844,0.02958238683640957,-0.1377018690109253,-9.876315116882324,0.7457200884819031,0.05420287325978279,0.124484121799469
1781548222416478,158138804,-0.006043002940714359,0.5695345401763916,0.8219349384307861,-0.004241096321493387,0.04393714293837547,-0.1250384896993637,-9.854151725769043,0.7391248345375061,0.02287854254245758,0.13951876759529114
1781548222444072,158155471,-0.006036197766661644,0.5695322751998901,0.8219364881515503,-0.004252429120242596,0.023306142538785934,-0.14333081245422363,-9.851310729980469,0.7671194672584534,-0.0399814210832119,0.11247176676988602
1781548222473895,158172138,-0.006034957244992256,0.5695323944091797,0.8219364285469055,-0.004247837234288454,0.03136691451072693,-0.13472644984722137,-9.861817359924316,0.6991946697235107,0.05351133272051811,0.10029292851686478
1781548222475801,158188805,-0.006025737151503563,0.5695353746414185,0.8219343423843384,-0.0042484356090426445,0.032196592539548874,-0.13933618366718292,-9.866609573364258,0.6969664096832275,-0.011282394640147686,0.15546269714832306
1781548222503745,158205472,-0.006032509729266167,0.5695376992225647,0.8219326734542847,-0.004241788759827614,0.021038828417658806,-0.14042693376541138,-9.849600791931152,0.7187372446060181,0.10745168477296829,0.15420767664909363
1781548222505957,158222139,-0.006034974940121174,0.5695328116416931,0.8219361901283264,-0.004240390844643116,0.03774329274892807,-0.14263345301151276,-9.864020347595215,0.7315818667411804,0.062091581523418427,0.09054729342460632
1781548222534214,158238806,-0.00603239331394434,0.5695327520370483,0.8219362497329712,-0.004243532195687294,0.026907384395599365,-0.1270519196987152,-9.854413986206055,0.7373703718185425,0.01625766046345234,0.14095307886600494
1781548222535952,158255473,-0.0060298205353319645,0.5695318579673767,0.8219367861747742,-0.0042291972786188126,0.027647659182548523,-0.14024096727371216,-9.864224433898926,0.6388127207756042,0.08433621376752853,0.11037150770425797
1781548222563771,158272140,-0.006027414463460445,0.5695265531539917,0.821940541267395,-0.004231759812682867,0.0332588367164135,-0.1400049477815628,-9.873032569885254,0.7349243760108948,0.019331185147166252,0.10850179195404053
1781548222566285,158288807,-0.006022240500897169,0.5695386528968811,0.8219321966171265,-0.00423541571944952,0.029836449772119522,-0.14425347745418549,-9.848943710327148,0.7304549813270569,-0.0010117015335708857,0.15232513844966888
1781548222594693,158305474,-0.006012328434735537,0.5695405006408691,0.8219310641288757,-0.0042174202390015125,0.028237732127308846,-0.13041354715824127,-9.847322463989258,0.5892778038978577,0.05749410390853882,0.1432582437992096
1781548222623794,158322141,-0.006016615778207779,0.5695345997810364,0.8219350576400757,-0.004223925061523914,0.0316065214574337,-0.13318154215812683,-9.871465682983398,0.7830378413200378,0.04256189987063408,0.16696277260780334
1781548222625812,158338808,-0.0060174367390573025,0.5695244073867798,0.821942150592804,-0.004225522745400667,0.030844787135720253,-0.12981274724006653,-9.85860538482666,0.741750180721283,0.042139291763305664,0.14588354527950287
1781548222653781,158355475,-0.006016762461513281,0.5695317983627319,0.8219370245933533,-0.004224221687763929,0.037281960248947144,-0.14170721173286438,-9.862017631530762,0.719748854637146,0.04470055550336838,0.19584108889102936
1781548222655393,158372142,-0.006010986864566803,0.5695312023162842,0.8219375610351562,-0.004218683112412691,0.030258290469646454,-0.14573760330677032,-9.893473625183105,0.6761048436164856,0.03179176524281502,0.1136755719780922
1781548222683778,158388809,-0.006020482163876295,0.569542646408081,0.8219295740127563,-0.004223141353577375,0.03051220066845417,-0.14474698901176453,-9.852361679077148,0.7921432256698608,0.07963628321886063,0.21336019039154053
1781548222685675,158405476,-0.0060193222016096115,0.5695451498031616,0.8219278454780579,-0.0042256698943674564,0.043286412954330444,-0.14720742404460907,-9.87686538696289,0.7394706010818481,0.026963768526911736,0.1772078573703766
1781548222714232,158422143,-0.006016517523676157,0.569544792175293,0.8219280242919922,-0.0042328299023211,0.03380231186747551,-0.13343901932239532,-9.865300178527832,0.7594228982925415,-0.0011013459879904985,0.1204117015004158
1781548222716039,158438810,-0.0060219974257051945,0.569537878036499,0.821932852268219,-0.004234740044921637,0.03114161267876625,-0.12981989979743958,-9.868729591369629,0.7622019052505493,0.06604874134063721,0.07584560662508011
1781548222744382,158455477,-0.006027454510331154,0.5695538520812988,0.8219216465950012,-0.004239674191921949,0.0204129908233881,-0.13007381558418274,-9.875041961669922,0.7789782285690308,0.05504808947443962,0.2432245910167694
1781548222774235,158472144,-0.00602973997592926,0.5695438385009766,0.8219284415245056,-0.0042479755356907845,0.014762668870389462,-0.1301274597644806,-9.84804916381836,0.7858296036720276,0.023173091933131218,0.07865019887685776
1781548222776171,158488811,-0.006022119894623756,0.5695500373840332,0.8219243288040161,-0.004232895560562611,0.024067874997854233,-0.14639919996261597,-9.879190444946289,0.614890456199646,0.059030864387750626,0.1642606258392334
1781548222803655,158505478,-0.006018574815243483,0.5695552229881287,0.8219207525253296,-0.0042279381304979324,0.01993735507130623,-0.1386924684047699,-9.847455024719238,0.6880019307136536,0.04247226193547249,0.16387644410133362
1781548222805628,158522145,-0.006018614862114191,0.5695660710334778,0.8219133615493774,-0.004213239066302776,0.027551215142011642,-0.14195753633975983,-9.855212211608887,0.6474058628082275,0.10002399235963821,0.1266355812549591
1781548222833723,158538812,-0.006023397669196129,0.5695653557777405,0.8219138383865356,-0.004209580831229687,0.034249238669872284,-0.14345598220825195,-9.851441383361816,0.7282010316848755,0.08386237919330597,0.09616928547620773
1781548222835648,158555479,-0.006017479579895735,0.5695692300796509,0.8219111561775208,-0.004216388333588839,0.03557968512177467,-0.13761961460113525,-9.855472564697266,0.7452718615531921,-0.017173312604427338,0.1489698588848114
1781548222863669,158572146,-0.006028406322002411,0.5695662498474121,0.8219131827354431,-0.004215986467897892,0.031549300998449326,-0.1384028047323227,-9.852150917053223,0.7706669569015503,0.10596613585948944,0.0983719751238823
1781548222865347,158588813,-0.006036404985934496,0.5695637464523315,0.8219149112701416,-0.004213686566799879,0.03688857704401016,-0.13440817594528198,-9.82798957824707,0.748486340045929,0.09679680317640305,0.09629735350608826
1781548222894762,158605480,-0.006031970027834177,0.5695825815200806,0.821901798248291,-0.004217882174998522,0.03693864494562149,-0.13646091520786285,-9.860021591186523,0.736512303352356,0.0011973936343565583,0.1949702799320221
1781548222923883,158622147,-0.00603755097836256,0.5695829391479492,0.8219014406204224,-0.004222485702484846,0.027515240013599396,-0.15049393475055695,-9.830044746398926,0.7781714797019958,0.055842094123363495,0.09218651056289673
1781548222925968,158638814,-0.006040214095264673,0.5695866346359253,0.821898877620697,-0.004228657577186823,0.01497016940265894,-0.15340499579906464,-9.856489181518555,0.7753155827522278,0.03390480950474739,0.1546686887741089
1781548222953902,158655481,-0.0060394746251404285,0.5695751905441284,0.8219068050384521,-0.004221216309815645,0.05061771720647812,-0.1446647346019745,-9.865129470825195,0.6850948929786682,0.06789287179708481,0.08401605486869812
1781548222956557,158672148,-0.0060357628390192986,0.5695799589157104,0.8219035267829895,-0.004218616988509893,0.03945629671216011,-0.14759722352027893,-9.873350143432617,0.7012180685997009,0.03127950802445412,0.09248103946447372
1781548222983891,158688815,-0.006024399306625128,0.569582998752594,0.8219015002250671,-0.004231296479701996,0.03261500969529152,-0.12685522437095642,-9.853960037231445,0.7571178078651428,-0.0705886036157608,0.17419835925102234
1781548222986102,158705482,-0.006006957497447729,0.5695796608924866,0.8219040036201477,-0.00423066783696413,0.036488041281700134,-0.1448042094707489,-9.837359428405762,0.6583168506622314,-0.053556159138679504,0.09629735350608826
1781548223013902,158722149,-0.006001263856887817,0.569581151008606,0.8219029307365417,-0.004231623373925686,0.03905576094985008,-0.13856729865074158,-9.856091499328613,0.7131792902946472,0.007165153045207262,0.1546943038702011
1781548223015558,158738816,-0.005989745259284973,0.56956946849823,0.8219111561775208,-0.004230717197060585,0.029228342697024345,-0.12967327237129211,-9.874312400817871,0.6801772713661194,-0.019568102434277534,0.01957450620830059
1781548223044152,158755483,-0.005983383394777775,0.5695784687995911,0.8219051361083984,-0.004217515233904123,0.028738198801875114,-0.13380379974842072,-9.855767250061035,0.6302196979522705,0.059530314058065414,0.23611705005168915
1781548223074421,158772150,-0.005981056950986385,0.569556713104248,0.8219200372695923,-0.004227288067340851,0.03315501660108566,-0.14128164947032928,-9.848527908325195,0.7756357789039612,-0.00738926324993372,0.1266227811574936
1781548223075509,158788817,-0.005987051408737898,0.5695594549179077,0.8219181299209595,-0.004219272639602423,0.03594445809721947,-0.1325807273387909,-9.856492042541504,0.7082999348640442,0.10811760276556015,0.14497427642345428
1781548223104054,158805484,-0.005984492599964142,0.569564163684845,0.821914792060852,-0.004235807340592146,0.033580586314201355,-0.15631602704524994,-9.854961395263672,0.8135810494422913,-0.036318808794021606,0.15562915802001953
1781548223105940,158822151,-0.0059761242009699345,0.569564700126648,0.8219146132469177,-0.004231676924973726,0.04985590651631355,-0.15381267666816711,-9.86181354522705,0.6738765239715576,0.011916307732462883,0.14877775311470032
1781548223134094,158838818,-0.005977895576506853,0.5695591568946838,0.8219181895256042,-0.0042399936355650425,0.03865880146622658,-0.13723337650299072,-9.848356246948242,0.7839342355728149,0.020688654854893684,0.1412092000246048
1781548223137002,158855485,-0.005982249043881893,0.569559633731842,0.8219179511070251,-0.004243513103574514,0.03554749861359596,-0.13951142132282257,-9.853506088256836,0.7669786810874939,0.053716231137514114,0.14225931465625763
1781548223163675,158872152,-0.005986643489450216,0.569564938545227,0.8219141364097595,-0.0042572021484375,0.04524051770567894,-0.13456857204437256,-9.881306648254395,0.8244919180870056,0.014375126920640469,0.18012769520282745
1781548223165398,158888819,-0.005985594354569912,0.5695542097091675,0.8219215869903564,-0.00425687013193965,0.043447259813547134,-0.1326558142900467,-9.861172676086426,0.7241158485412598,0.038092486560344696,0.08296594023704529
1781548223193921,158905486,-0.005993743427097797,0.5695763230323792,0.8219062089920044,-0.004252769518643618,0.052302032709121704,-0.1466352343559265,-9.845148086547852,0.7389456033706665,0.10503128916025162,0.23584814369678497
1781548223223888,158922153,-0.00600852444767952,0.569554328918457,0.8219214081764221,-0.004246260970830917,0.041523341089487076,-0.14424274861812592,-9.858341217041016,0.7510091662406921,0.1520305722951889,0.058070387691259384
1781548223226233,158938820,-0.006001733709126711,0.5695489048957825,0.8219251036643982,-0.004260027781128883,0.03942418098449707,-0.13868175446987152,-9.854400634765625,0.7816803455352783,-0.050136860460042953,0.06750867515802383
1781548223253909,158955487,-0.00601246627047658,0.5695740580558777,0.8219077587127686,-0.004225548822432756,0.02908886969089508,-0.13993699848651886,-9.844804763793945,0.7113350629806519,-0.0024075936526060104,0.1256110817193985
1781548223256202,158972154,-0.006017711013555527,0.569583535194397,0.8219011425971985,-0.0042285313829779625,0.03345899656414986,-0.12477387487888336,-9.864063262939453,0.76772141456604,0.06046518310904503,0.17759205400943756
1781548223283888,158988821,-0.006019181571900845,0.5695839524269104,0.8219009041786194,-0.0042294226586818695,0.027926603332161903,-0.12636886537075043,-9.853144645690918,0.7412123084068298,0.0471721850335598,0.12789060175418854
1781548223286584,159005488,-0.0060179647989571095,0.5695857405662537,0.8218996524810791,-0.004238867200911045,0.0305014718323946,-0.1450473964214325,-9.851903915405273,0.7787349224090576,-0.0010245078010484576,0.17176514863967896
1781548223314100,159022155,-0.006021711975336075,0.5695853233337402,0.8218997716903687,-0.004244181327521801,0.02001960761845112,-0.136940136551857,-9.844344139099121,0.7754437327384949,0.04178071767091751,0.06120794638991356
1781548223316662,159038822,-0.006024336442351341,0.5695793628692627,0.8219039440155029,-0.004245857708156109,0.04546789824962616,-0.1279781609773636,-9.854625701904297,0.7505353093147278,0.049912746995687485,0.052217885851860046
1781548223343893,159055489,-0.006028227973729372,0.5695875883102417,0.8218981623649597,-0.004252365790307522,0.02109604701399803,-0.13992269337177277,-9.863973617553711,0.7827305197715759,0.038489487022161484,0.13589459657669067
1781548223373764,159072156,-0.006032728124409914,0.5695914626121521,0.8218954205513,-0.0042582349851727486,0.01789194718003273,-0.1309821605682373,-9.87279987335205,0.7810783982276917,0.04512316733598709,0.17002348601818085
1781548223375522,159088823,-0.006035791710019112,0.5695909261703491,0.8218957781791687,-0.004259177483618259,0.03264375403523445,-0.14456459879875183,-9.873712539672852,0.7478075623512268,0.05598295107483864,0.1287614405155182
1781548223403645,159105490,-0.0060355886816978455,0.5695925951004028,0.8218945860862732,-0.004258990287780762,0.022244170308113098,-0.1336178332567215,-9.865229606628418,0.7284315824508667,0.042254552245140076,0.16067487001419067
1781548223405607,159122157,-0.006048508454114199,0.5695867538452148,0.8218986392021179,-0.004256100859493017,0.05097883567214012,-0.1404626965522766,-9.895347595214844,0.7647375464439392,0.12666119635105133,0.10313593596220016
1781548223433788,159138824,-0.006043947767466307,0.5695847272872925,0.8218998312950134,-0.004255983978509903,0.023420581594109535,-0.1464635729789734,-9.850749015808105,0.7122827768325806,0.016398530453443527,0.0757303461432457
1781548223436161,159155491,-0.006046812981367111,0.5695743560791016,0.8219071626663208,-0.0042578051798045635,0.02939632348716259,-0.14834105968475342,-9.857688903808594,0.7518928050994873,0.051526349037885666,0.09798778593540192
1781548223463761,159172158,-0.0060386075638234615,0.569596529006958,0.8218917846679688,-0.0042594801634550095,0.04067234322428703,-0.14311982691287994,-9.841551780700684,0.7083640694618225,-0.011717810295522213,0.1412220299243927
1781548223466533,159188825,-0.006048219278454781,0.5695952773094177,0.8218926191329956,-0.004261074587702751,0.03707108274102211,-0.14353106915950775,-9.854093551635742,0.7772237658500671,0.09022713452577591,0.11098622530698776
1781548223494018,159205492,-0.006052376236766577,0.5695853233337402,0.8218994736671448,-0.004258317872881889,0.025133585557341576,-0.14231516420841217,-9.877083778381348,0.7309287786483765,0.07698537409305573,0.11568615585565567
1781548223523773,159222159,-0.006048894952982664,0.5696138739585876,0.8218796849250793,-0.00426032580435276,0.037828922271728516,-0.13927537202835083,-9.857828140258789,0.7286492586135864,0.014029355719685555,0.1952904313802719
1781548223525856,159238826,-0.006044405046850443,0.5696119666099548,0.8218809962272644,-0.004262400791049004,0.030415760353207588,-0.12666569650173187,-9.87658405303955,0.7246792316436768,0.008753139525651932,0.11818338930606842
1781548223553764,159255493,-0.006040020380169153,0.5696079134941101,0.8218839764595032,-0.004267751704901457,0.03202493488788605,-0.1457948237657547,-9.868640899658203,0.7436967492103577,-0.00373945408500731,0.09016309678554535
1781548223555784,159272160,-0.006035587750375271,0.5696076154708862,0.821884036064148,-0.0042698802426457405,0.024450620636343956,-0.14919938147068024,-9.85983657836914,0.7253835797309875,0.008407367393374443,0.09131567180156708
1781548223583741,159288827,-0.006031641270965338,0.5695929527282715,0.8218943476676941,-0.004271781072020531,0.01755550503730774,-0.15101605653762817,-9.850961685180664,0.7255245447158813,0.012940814718604088,0.09680959582328796
1781548223586158,159305494,-0.0060347882099449635,0.5695968270301819,0.821891725063324,-0.004274535924196243,0.02886356972157955,-0.1350983828306198,-9.877416610717773,0.7583855986595154,0.04945171996951103,0.15568040311336517
1781548223613727,159322161,-0.006026030983775854,0.5695943832397461,0.8218932747840881,-0.004273927304893732,0.0409332700073719,-0.12450923025608063,-9.860007286071777,0.6928683519363403,-0.0049432506784796715,0.10855301469564438
1781548223615275,159338828,-0.006027593277394772,0.5696043968200684,0.821886420249939,-0.004275156185030937,0.03828345611691475,-0.14216496050357819,-9.862289428710938,0.7438375353813171,0.04608364775776863,0.15422046184539795
1781548223644573,159355495,-0.00603410555049777,0.56960129737854,0.8218884468078613,-0.00427598599344492,0.03765746206045151,-0.14159634709358215,-9.863180160522461,0.7609853148460388,0.07537176460027695,0.08237683773040771
1781548223673857,159372162,-0.006023030262440443,0.5696024894714355,0.8218876123428345,-0.004279499873518944,0.015556502155959606,-0.14182165265083313,-9.865221977233887,0.7071090340614319,-0.03418014943599701,0.12586721777915955
1781548223675709,159388829,-0.006030270829796791,0.5695968866348267,0.8218914270401001,-0.004282519221305847,0.026517577469348907,-0.12140866369009018,-9.8632230758667,0.7756999135017395,0.07213176786899567,0.16036751866340637
1781548223703798,159405496,-0.006033598445355892,0.5696012377738953,0.8218885064125061,-0.004283744841814041,0.04740995168685913,-0.14215780794620514,-9.867264747619629,0.7504072189331055,0.05654643476009369,0.16664263606071472
1781548223705822,159422163,-0.006046526599675417,0.5695765614509583,0.8219054937362671,-0.004281844478100538,0.03755732998251915,-0.12993791699409485,-9.832685470581055,0.7698344588279724,0.1240743100643158,0.12043731659650803
1781548223735135,159438830,-0.006041867192834616,0.5695648789405823,0.8219137787818909,-0.004274119157344103,0.035880088806152344,-0.14220072329044342,-9.841751098632812,0.6687155961990356,0.04617329686880112,0.07882948964834213
1781548223737149,159455497,-0.006042374763637781,0.569564163684845,0.8219140768051147,-0.004274667240679264,0.03757878765463829,-0.1408095806837082,-9.867253303527832,0.735859215259552,0.042805224657058716,0.11682591587305069
1781548223763753,159472164,-0.0060386573895812035,0.5695793032646179,0.821903645992279,-0.004284658003598452,0.03511478006839752,-0.148630753159523,-9.861817359924316,0.7724341154098511,-0.017570311203598976,0.21675384044647217
1781548223766241,159488831,-0.0060321311466395855,0.5695765614509583,0.8219055533409119,-0.004290770273655653,0.021679101511836052,-0.13976891338825226,-9.859972953796387,0.7396370768547058,-0.018428334966301918,0.13025978207588196
1781548223793981,159505498,-0.0060427687130868435,0.5695844292640686,0.8219001293182373,-0.004289170727133751,0.0341314971446991,-0.13418643176555634,-9.859389305114746,0.7632647752761841,0.10870669782161713,0.16816656291484833
1781548223823748,159522165,-0.006048282142728567,0.5695664882659912,0.8219124674797058,-0.004288090858608484,0.02741878107190132,-0.13437598943710327,-9.85498332977295,0.7455921173095703,0.07891913503408432,0.14740750193595886
1781548223825523,159538832,-0.006038492079824209,0.5695661902427673,0.8219127655029297,-0.00428007310256362,0.03970681503415108,-0.14771167933940887,-9.856342315673828,0.6465733647346497,0.019459247589111328,0.20999211072921753
1781548223853744,159555499,-0.006043510045856237,0.5695584416389465,0.8219180703163147,-0.0042899916879832745,0.03495027497410774,-0.132416233420372,-9.838929176330566,0.805974006652832,0.03261137008666992,0.1614176332950592
1781548223855520,159572166,-0.006038418039679527,0.5695399641990662,0.8219308257102966,-0.004289211239665747,0.02246573381125927,-0.14457890391349792,-9.83518123626709,0.7060460448265076,0.017000427469611168,0.08647487312555313
1781548223883749,159588833,-0.006031714845448732,0.5695282816886902,0.8219390511512756,-0.004282359499484301,0.025956038385629654,-0.13496246933937073,-9.867770195007324,0.6656420230865479,0.03118986263871193,0.08155723661184311
1781548223885749,159605500,-0.006009883712977171,0.5695156455039978,0.8219479918479919,-0.0042859637178480625,0.02647823840379715,-0.14255119860172272,-9.866912841796875,0.6656932234764099,-0.09552256762981415,0.05670011043548584
1781548223913772,159622167,-0.006006096955388784,0.5695182085037231,0.8219462037086487,-0.00428885268047452,0.045968569815158844,-0.1266549527645111,-9.861778259277344,0.7320429086685181,0.009867291897535324,0.1661047637462616
1781548223915325,159638834,-0.006003472022712231,0.5695209503173828,0.8219442367553711,-0.004301500041037798,0.027729911729693413,-0.13790927827358246,-9.864202499389648,0.7919638752937317,-0.022372690960764885,0.1271350383758545
1781548223944866,159655501,-0.006004148628562689,0.5695313811302185,0.8219369053840637,-0.004309163894504309,0.032361265271902084,-0.13632860779762268,-9.85825252532959,0.7768011093139648,0.0157582126557827,0.1542845070362091
1781548223974410,159672168,-0.006007613148540258,0.5695465803146362,0.8219263553619385,-0.004314026795327663,0.034335166215896606,-0.13020256161689758,-9.861202239990234,0.7721267342567444,0.04212648421525955,0.14961017668247223
1781548223975706,159688835,-0.006014728453010321,0.5695298314094543,0.8219379186630249,-0.00430770218372345,0.03948482498526573,-0.13112521171569824,-9.86294937133789,0.7227071523666382,0.10743886232376099,0.07885509729385376
1781548224003757,159705502,-0.00601336220279336,0.5695488452911377,0.8219247460365295,-0.004315713886171579,0.031781986355781555,-0.13702954351902008,-9.844147682189941,0.7707181572914124,0.00318237766623497,0.21661299467086792
1781548224005892,159722169,-0.006017004605382681,0.5695590972900391,0.821917712688446,-0.0043146382085978985,0.04225289076566696,-0.1484304815530777,-9.869452476501465,0.7391120195388794,0.0667530968785286,0.15726836025714874
1781548224033675,159738836,-0.006009255535900593,0.5695502758026123,0.8219238519668579,-0.004316528327763081,0.03346606343984604,-0.13103221356868744,-9.853078842163086,0.7111429572105408,-0.009092507883906364,0.08643645793199539
1781548224035822,159755503,-0.006004314869642258,0.5695340037345886,0.8219351768493652,-0.004312719684094191,0.028659725561738014,-0.14778319001197815,-9.869781494140625,0.6896026730537415,0.02984519861638546,0.113265760242939
1781548224063754,159772170,-0.005992298014461994,0.5695469379425049,0.8219262957572937,-0.004313429351896048,0.020012248307466507,-0.1378377228975296,-9.84573745727539,0.687592089176178,-0.02805871143937111,0.2210952192544937
1781548224065688,159788837,-0.005993345286697149,0.5695416927337646,0.821929931640625,-0.004311163444072008,0.03733202815055847,-0.13336391746997833,-9.877788543701172,0.7222077250480652,0.05661046877503395,0.0823640301823616
1781548224093906,159805504,-0.005989937577396631,0.5695396065711975,0.8219313621520996,-0.004312453325837851,0.03468548133969307,-0.13839562237262726,-9.865095138549805,0.724692165851593,0.018255451694130898,0.15217144787311554
1781548224124615,159822171,-0.0059843044728040695,0.5695369243621826,0.8219332098960876,-0.004312251694500446,0.04072597622871399,-0.1338324099779129,-9.868640899658203,0.7075827717781067,0.011250377632677555,0.13032381236553192
1781548224127655,159838838,-0.005987201351672411,0.5695251822471619,0.8219413757324219,-0.004311676137149334,0.022140299901366234,-0.149574875831604,-9.872037887573242,0.7387791275978088,0.061092693358659744,0.1047111228108406
1781548224154809,159855505,-0.0059945834800601006,0.5695154070854187,0.8219481110572815,-0.004319351632148027,0.042989589273929596,-0.12907247245311737,-9.842619895935059,0.803259015083313,0.05340887978672981,0.061489686369895935
1781548224158517,159872172,-0.005996484775096178,0.5695568919181824,0.8219192624092102,-0.004327958915382624,0.029349932447075844,-0.13384313881397247,-9.856209754943848,0.7881603837013245,0.01661623828113079,0.12180759757757187
1781548224184386,159888839,-0.005995204206556082,0.5695620775222778,0.8219156861305237,-0.004338181111961603,0.03376669064164162,-0.14676755666732788,-9.870976448059082,0.7837805151939392,-0.005455504637211561,0.13096413016319275
1781548224185442,159905506,-0.005998157896101475,0.5695599317550659,0.8219171762466431,-0.004336187615990639,0.03733918070793152,-0.14431069791316986,-9.861924171447754,0.7312745451927185,0.06624084711074829,0.09438919275999069
1781548224213888,159922173,-0.006003616377711296,0.5695594549179077,0.8219174742698669,-0.004336835816502571,0.03274033963680267,-0.1463884562253952,-9.852630615234375,0.7557987570762634,0.07078710198402405,0.15496324002742767
1781548224216245,159938840,-0.006003957241773605,0.5695964694023132,0.8218917846679688,-0.0043349964544177055,0.02417534962296486,-0.1401265263557434,-9.85153579711914,0.7225150465965271,0.049861520528793335,0.18887443840503693
1781548224244052,159955507,-0.006002694834023714,0.5696082711219788,0.8218836784362793,-0.004320397507399321,0.025151465088129044,-0.13807378709316254,-9.865986824035645,0.6434743404388428,0.09219931811094284,0.18432819843292236
1781548224274216,159972174,-0.006001296918839216,0.5696052312850952,0.8218858242034912,-0.004323176573961973,0.02695387415587902,-0.1456589251756668,-9.861638069152832,0.7412251234054565,0.02312186360359192,0.10549230128526688
1781548224276209,159988841,-0.005998185835778713,0.5696198344230652,0.8218756318092346,-0.0043248082511126995,0.04529266431927681,-0.14034825563430786,-9.83759593963623,0.7279961705207825,0.018076162785291672,0.18804201483726501
1781548224304414,160005508,-0.006009170785546303,0.5696080923080444,0.8218836188316345,-0.00433021504431963,0.03899138793349266,-0.1338789016008377,-9.866044044494629,0.8041812181472778,0.08367028832435608,0.13178375363349915
1781548224305882,160022175,-0.006006704643368721,0.5696119070053101,0.8218809962272644,-0.004327038768678904,0.02617078274488449,-0.1459307223558426,-9.87283992767334,0.7035744190216064,0.039949409663677216,0.0998062789440155
1781548224334302,160038842,-0.0060137975960969925,0.5696007609367371,0.8218886852264404,-0.004322937224060297,0.03422442451119423,-0.1414962112903595,-9.840078353881836,0.7352574467658997,0.0986921414732933,0.11712048202753067
1781548224336684,160055509,-0.006023422349244356,0.5696125626564026,0.8218804597854614,-0.004311820026487112,0.029535729438066483,-0.13774120807647705,-9.857381820678711,0.7059435844421387,0.1398773491382599,0.16939598321914673
1781548224364433,160072176,-0.00602432806044817,0.5696083903312683,0.8218833804130554,-0.004306712653487921,0.044380731880664825,-0.14599865674972534,-9.854654312133789,0.7055721282958984,0.0673677921295166,0.12676364183425903
1781548224366533,160088843,-0.006025928538292646,0.5696125030517578,0.8218805193901062,-0.004303844179958105,0.036055322736501694,-0.13799868524074554,-9.850197792053223,0.7209270000457764,0.062475766986608505,0.15883074700832367
1781548224393992,160105510,-0.006023101042956114,0.5696101188659668,0.8218821287155151,-0.004317781422287226,0.038211625069379807,-0.13759812712669373,-9.865628242492676,0.7985334992408752,-0.02831484004855156,0.13577932119369507
1781548224424401,160122177,-0.006021301727741957,0.5696205496788025,0.8218750953674316,-0.00430214311927557,0.029382307082414627,-0.13850291073322296,-9.848925590515137,0.6353166699409485,0.09367205947637558,0.21286074817180634
1781548224425443,160138844,-0.0060132225044071674,0.5696262717247009,0.8218711614608765,-0.004307209514081478,0.03629135340452194,-0.1635793000459671,-9.845584869384766,0.7278937101364136,-0.023243524134159088,0.17103518545627594
1781548224454420,160155511,-0.006011565215885639,0.5696123838424683,0.8218807578086853,-0.004307188093662262,0.0420096255838871,-0.14634911715984344,-9.848733901977539,0.7242183089256287,0.03285469114780426,0.08168530464172363
1781548224455589,160172178,-0.006009797565639019,0.5696085095405579,0.8218835592269897,-0.004297500476241112,0.029328476637601852,-0.13755881786346436,-9.866219520568848,0.6692150831222534,0.07008275389671326,0.12280648201704025
1781548224483799,160188845,-0.006004479248076677,0.5696114897727966,0.8218815922737122,-0.004299044609069824,0.016883274540305138,-0.14554090797901154,-9.866873741149902,0.7193263173103333,0.0048472038470208645,0.06576701253652573
1781548224486501,160205512,-0.0060095591470599174,0.5696038007736206,0.8218867182731628,-0.004297791048884392,0.03768598288297653,-0.13431519269943237,-9.852739334106445,0.7437992095947266,0.07546141743659973,0.08659014105796814
1781548224514605,160222179,-0.0059900349006056786,0.5696021318435669,0.8218880295753479,-0.004308197181671858,0.03885549306869507,-0.15285424888134003,-9.860937118530273,0.7134993672370911,-0.10941745340824127,0.09994715452194214
1781548224515579,160238846,-0.005984642077237368,0.5696216225624084,0.8218746185302734,-0.004310816526412964,0.019987422972917557,-0.13620343804359436,-9.841350555419922,0.7252556681632996,-5.1225397328380495e-05,0.11680030822753906
1781548224543909,160255513,-0.005991372279822826,0.5696308612823486,0.8218681216239929,-0.004308029543608427,0.022390633821487427,-0.13906797766685486,-9.858226776123047,0.7415068745613098,0.09129006415605545,0.194778174161911
1781548224573742,160272180,-0.006000973284244537,0.5696265697479248,0.8218711018562317,-0.00430282112210989,0.019543973729014397,-0.1395900994539261,-9.85919189453125,0.7391120195388794,0.11671065539121628,0.11568615585565567
1781548224575478,160288847,-0.006003217771649361,0.5696260929107666,0.8218713998794556,-0.00431003887206316,0.020169809460639954,-0.13659323751926422,-9.859356880187988,0.7805406451225281,0.02669483795762062,0.14725381135940552
1781548224604297,160305514,-0.005998613778501749,0.5696423053741455,0.8218602538108826,-0.004306619521230459,0.037664614617824554,-0.1368793398141861,-9.871851921081543,0.6938031315803528,0.02919207140803337,0.1849813014268875
1781548224606927,160322181,-0.005995816085487604,0.5696521997451782,0.8218533396720886,-0.004306002054363489,0.029854178428649902,-0.13339610397815704,-9.867349624633789,0.7169698476791382,0.02783459983766079,0.11697959899902344
1781548224634381,160338848,-0.005985334515571594,0.5696494579315186,0.8218553066253662,-0.004307741764932871,0.037904221564531326,-0.1492244005203247,-9.857973098754883,0.6999374628067017,-0.024396097287535667,0.09482462704181671
1781548224635901,160355515,-0.005986720789223909,0.5696603655815125,0.821847677230835,-0.004307924769818783,0.03223247826099396,-0.1502757966518402,-9.86447525024414,0.7378314137458801,0.04835037514567375,0.12199969589710236
1781548224663915,160372182,-0.006001898553222418,0.5696634650230408,0.8218454122543335,-0.00431043142452836,0.025694916024804115,-0.148398295044899,-9.86404037475586,0.8048854470252991,0.11756868660449982,0.11913106590509415
1781548224665902,160388849,-0.005991785787045956,0.5696147680282593,0.8218792676925659,-0.004309566225856543,0.03603386506438255,-0.135996013879776,-9.845123291015625,0.6853125691413879,-0.009463891386985779,0.09152057021856308
1781548224694122,160405516,-0.00598536804318428,0.569587767124176,0.8218979835510254,-0.0043100835755467415,0.021163921803236008,-0.13428299129009247,-9.861218452453613,0.7083255648612976,0.004488625563681126,0.07423200458288193
1781548224724427,160422183,-0.005987031385302544,0.5695952773094177,0.8218928575515747,-0.004300598055124283,0.03235769271850586,-0.13547030091285706,-9.839022636413574,0.6838909983634949,0.08878001570701599,0.17757923901081085
1781548224727474,160438850,-0.005981098394840956,0.5695916414260864,0.8218955397605896,-0.004294458776712418,0.03781849890947342,-0.13737286627292633,-9.86766529083252,0.6731466054916382,0.032521720975637436,0.11809374392032623
1781548224754289,160455517,-0.005989770404994488,0.5695839524269104,0.8219009041786194,-0.004290678072720766,0.03247544914484024,-0.1489812135696411,-9.847586631774902,0.7437095046043396,0.10564597696065903,0.08680783957242966
1781548224755662,160472184,-0.0059888712130486965,0.569573163986206,0.8219082355499268,-0.004294408950954676,0.02520158514380455,-0.14647430181503296,-9.866312980651855,0.7488192915916443,0.02177719585597515,0.05079638585448265
1781548224784341,160488851,-0.0059949965216219425,0.5695828795433044,0.8219015002250671,-0.004283943213522434,0.03692791610956192,-0.14319491386413574,-9.851102828979492,0.696108341217041,0.11708205193281174,0.13932667672634125
1781548224785583,160505518,-0.005991673097014427,0.5695772171020508,0.8219054341316223,-0.00428795488551259,0.029503870755434036,-0.14428208768367767,-9.872699737548828,0.740392804145813,0.008151242509484291,0.15660245716571808
1781548224814300,160522185,-0.005991944577544928,0.5695681571960449,0.8219117522239685,-0.0042875842191278934,0.023281294852495193,-0.13564911484718323,-9.845542907714844,0.7294433116912842,0.04623732715845108,0.18624915182590485
1781548224815228,160538852,-0.005984246265143156,0.5695634484291077,0.8219150900840759,-0.004295019432902336,0.02627428062260151,-0.1521497219800949,-9.86724853515625,0.74294114112854,-0.03067120537161827,0.11103745549917221
1781548224843898,160555519,-0.005986650940030813,0.5695689916610718,0.821911096572876,-0.004288522992283106,0.024593576788902283,-0.1393004208803177,-9.854957580566406,0.7044708728790283,0.07943138480186462,0.04151178151369095
1781548224873737,160572186,-0.005978054832667112,0.5695497989654541,0.8219245076179504,-0.004298684652894735,0.03648096323013306,-0.14589853584766388,-9.869406700134277,0.7546462416648865,-0.04614127799868584,0.07069745659828186
1781548224875670,160588853,-0.0059806774370372295,0.5695546269416809,0.8219211101531982,-0.004294544458389282,0.04217063635587692,-0.13377876579761505,-9.85383129119873,0.7183144688606262,0.07232385128736496,0.10271331667900085
1781548224904887,160605520,-0.005982866045087576,0.5695692300796509,0.8219109773635864,-0.00429582130163908,0.039706628769636154,-0.14004069566726685,-9.866409301757812,0.7475386261940002,0.04796618968248367,0.09587474912405014
1781548224905415,160622187,-0.005987075623124838,0.5695791840553284,0.8219040632247925,-0.004291157238185406,0.027340104803442955,-0.1375516653060913,-9.875696182250977,0.7215674519538879,0.08319645375013351,0.1159166768193245
1781548224933850,160638854,-0.0059765917249023914,0.5695838332176208,0.8219008445739746,-0.004296484868973494,0.036427248269319534,-0.14403532445430756,-9.841897964477539,0.7199282050132751,-0.03758663684129715,0.19267792999744415
1781548224935347,160655521,-0.0059776995331048965,0.5695828795433044,0.8219015002250671,-0.004298981744796038,0.037045836448669434,-0.14239740371704102,-9.8624849319458,0.7497285008430481,0.03791319578886032,0.09034239500761032
1781548224963930,160672188,-0.005974922329187393,0.5695778131484985,0.8219050765037537,-0.004296295344829559,0.02974689193069935,-0.14372776448726654,-9.864803314208984,0.7050215005874634,0.03672220930457115,0.10710589587688446
1781548224966177,160688855,-0.0059760636650025845,0.5695656538009644,0.821913480758667,-0.004296998027712107,0.025498388335108757,-0.13637152314186096,-9.862940788269043,0.7398419976234436,0.04490546137094498,0.02989642135798931
1781548224994095,160705522,-0.005985678173601627,0.5695536732673645,0.821921706199646,-0.004297948908060789,0.031631551682949066,-0.14025527238845825,-9.860182762145996,0.773766040802002,0.09328785538673401,0.13598422706127167
1781548225023959,160722189,-0.005991566460579634,0.5695613026618958,0.8219163417816162,-0.0042982567101716995,0.03788634017109871,-0.13824187219142914,-9.855398178100586,0.7563109397888184,0.07319469004869461,0.10883474349975586
1781548225026028,160738856,-0.00599072128534317,0.5695607662200928,0.8219166994094849,-0.004297005478292704,0.032178714871406555,-0.13614621758460999,-9.865250587463379,0.7211703062057495,0.04123004153370857,0.07257998734712601
1781548225053907,160755523,-0.006001956295222044,0.5695595145225525,0.8219174742698669,-0.004300079308450222,0.03927748650312424,-0.14259769022464752,-9.86730670928955,0.7926297783851624,0.09315979480743408,0.11198511719703674
1781548225056059,160772190,-0.00599978631362319,0.5695506930351257,0.8219237923622131,-0.004307104274630547,0.04036840796470642,-0.14333082735538483,-9.854594230651855,0.7618945240974426,0.003156765131279826,0.16925513744354248
1781548225083838,160788857,-0.006002404261380434,0.5695297718048096,0.821938157081604,-0.004312782548367977,0.033462535589933395,-0.12859682738780975,-9.860982894897461,0.7735483050346375,0.034314610064029694,0.03618433699011803
1781548225085959,160805524,-0.005998039618134499,0.5695432424545288,0.8219287991523743,-0.004305459558963776,0.019830068573355675,-0.13539879024028778,-9.84740161895752,0.6734538674354553,0.04414989426732063,0.06213000416755676
1781548225113724,160822191,-0.006005870644003153,0.5695477724075317,0.8219256401062012,-0.0042953332886099815,0.03223235532641411,-0.12931565940380096,-9.854904174804688,0.7047269344329834,0.12557265162467957,0.13522863388061523
1781548225116954,160838858,-0.006004546768963337,0.5695496797561646,0.8219242691993713,-0.004303575027734041,0.03596591576933861,-0.1646450012922287,-9.868829727172852,0.7726902961730957,0.0020682255271822214,0.13677822053432465
1781548225144001,160855525,-0.006000122986733913,0.5695424675941467,0.821929395198822,-0.004307726863771677,0.03994981199502945,-0.14609163999557495,-9.831418991088867,0.7373703718185425,0.0004162063414696604,0.0861419066786766
1781548225174263,160872192,-0.006003269460052252,0.5695456862449646,0.8219271302223206,-0.0043108658865094185,0.03130611777305603,-0.14030534029006958,-9.844937324523926,0.7615103125572205,0.0469672866165638,0.11783763021230698
1781548225175598,160888859,-0.0060120015405118465,0.5695387125015259,0.8219318985939026,-0.004307052586227655,0.0395921915769577,-0.13457268476486206,-9.85500431060791,0.7439656257629395,0.10569720715284348,0.07027484476566315
1781548225203869,160905526,-0.006020800676196814,0.5695356130599976,0.8219339847564697,-0.004312618635594845,0.03674919903278351,-0.15211039781570435,-9.879348754882812,0.7972657680511475,0.0693143680691719,0.08464357256889343
1781548225205718,160922193,-0.006004409398883581,0.569554328918457,0.8219209909439087,-0.004310818389058113,0.03677043691277504,-0.14289090037345886,-9.859856605529785,0.6573306918144226,-0.04470696672797203,0.1398773491382599
1781548225233804,160938860,-0.005997792351990938,0.5695457458496094,0.821927011013031,-0.004308277741074562,0.047974709421396255,-0.13302059471607208,-9.860257148742676,0.690755307674408,0.01470809057354927,0.11770956218242645
1781548225235712,160955527,-0.00598495826125145,0.569645881652832,0.8218576312065125,-0.004312142729759216,0.024690134450793266,-0.15484263002872467,-9.857865333557129,0.793884813785553,0.057289205491542816,0.15246599912643433
1781548225263868,160972194,-0.005984402261674404,0.5696399211883545,0.8218618035316467,-0.004310972988605499,0.037457194179296494,-0.14156416058540344,-9.861806869506836,0.7222204208374023,0.04407304525375366,0.15802393853664398
1781548225265778,160988861,-0.005984121933579445,0.5696286559104919,0.8218696713447571,-0.004313885699957609,0.030165309086441994,-0.1450938880443573,-9.867460250854492,0.7462964057922363,0.029806775972247124,0.1461012363433838
1781548225294156,161005528,-0.005992659833282232,0.5696229934692383,0.8218736052513123,-0.004314109217375517,0.037861306220293045,-0.13303491473197937,-9.867059707641602,0.7659670114517212,0.08926666527986526,0.10373783111572266
1781548225323904,161022195,-0.005987146403640509,0.5696283578872681,0.8218699097633362,-0.004316423088312149,0.022190479561686516,-0.14791551232337952,-9.852373123168945,0.7231040596961975,0.0011589745990931988,0.11379081755876541
1781548225326000,161038862,-0.0059938207268714905,0.5696196556091309,0.821875810623169,-0.004306350834667683,0.021875660866498947,-0.13901075720787048,-9.864134788513184,0.7005777359008789,0.11883651465177536,0.07680607587099075
1781548225354088,161055529,-0.005993774626404047,0.5696126818656921,0.8218806385993958,-0.0043100048787891865,0.020087556913495064,-0.14205053448677063,-9.883800506591797,0.7517519593238831,0.027360767126083374,0.10116375237703323
1781548225355750,161072196,-0.0059864637441933155,0.5696264505386353,0.8218711614608765,-0.004316849634051323,0.03899854049086571,-0.14822305738925934,-9.854203224182129,0.7414427399635315,-0.02620178833603859,0.18817009031772614
1781548225383672,161088863,-0.005986916366964579,0.5696278214454651,0.8218701481819153,-0.004314514808356762,0.04099037125706673,-0.1390572488307953,-9.861586570739746,0.7199793457984924,0.05335765704512596,0.11636489629745483
1781548225385818,161105530,-0.005985409952700138,0.569633960723877,0.8218659162521362,-0.004310001619160175,0.035962481051683426,-0.14373134076595306,-9.874377250671387,0.7000270485877991,0.05097567290067673,0.14862410724163055
1781548225414124,161122197,-0.005991409067064524,0.5696393847465515,0.8218621611595154,-0.004302059765905142,0.04599717631936073,-0.14622396230697632,-9.865418434143066,0.7102593183517456,0.10631190985441208,0.11039713770151138
1781548225415879,161138864,-0.005985387600958347,0.5696399211883545,0.8218618631362915,-0.004300414118915796,0.03358784690499306,-0.15376977622509003,-9.86341667175293,0.6985799670219421,0.014016549102962017,0.11384204775094986
1781548225444005,161155531,-0.005995080806314945,0.5696423649787903,0.8218600153923035,-0.004303779453039169,0.019579734653234482,-0.14736835658550262,-9.86396312713623,0.7885061502456665,0.08309399336576462,0.11558370292186737
1781548225473811,161172198,-0.005992293823510408,0.5696467757225037,0.8218570947647095,-0.004308253526687622,0.036766987293958664,-0.14147832989692688,-9.849897384643555,0.7455663681030273,0.009047684259712696,0.18072961270809174
1781548225475568,161188865,-0.005983984563499689,0.5696384310722351,0.8218629956245422,-0.004308524075895548,0.03963494673371315,-0.1462954729795456,-9.836067199707031,0.6997837424278259,-0.005160958971828222,0.1672189086675644
1781548225504188,161205532,-0.005990841891616583,0.5696206092834473,0.821875274181366,-0.004307151306420565,0.0355832614004612,-0.14616674184799194,-9.870038986206055,0.7500742673873901,0.08699993789196014,0.12900476157665253
1781548225506881,161222199,-0.005995733197778463,0.5695871114730835,0.8218985199928284,-0.004306005779653788,0.0246722549200058,-0.14735405147075653,-9.854217529296875,0.7435686588287354,0.07479548454284668,0.050053615123033524
1781548225533978,161238866,-0.005993713159114122,0.5695770978927612,0.8219054341316223,-0.0043131145648658276,0.02735440991818905,-0.13653244078159332,-9.853738784790039,0.7634825110435486,0.0026701234746724367,0.09385132044553757
1781548225536445,161255533,-0.005994969513267279,0.5695922374725342,0.8218947052955627,-0.00432236772030592,0.03915231674909592,-0.15929143130779266,-9.864556312561035,0.7894793748855591,0.010686898604035378,0.047748468816280365
1781548225564515,161272200,-0.006002544425427914,0.5695913434028625,0.8218952417373657,-0.004334474913775921,0.02927268110215664,-0.13493606448173523,-9.881467819213867,0.8294736742973328,0.03737533092498779,0.13635560870170593
1781548225567003,161288867,-0.006003630347549915,0.5696848034858704,0.8218303918838501,-0.004331700038164854,0.023474348708987236,-0.15031155943870544,-9.856646537780762,0.7225790619850159,0.05333204194903374,0.12481709569692612
1781548225594845,161305534,-0.006001067813485861,0.5697036981582642,0.8218174576759338,-0.004328139126300812,0.028051769360899925,-0.13852080702781677,-9.855669975280762,0.7015382647514343,0.04047446325421333,0.14820146560668945
1781548225623896,161322201,-0.006010581739246845,0.5696925520896912,0.8218252062797546,-0.004315607249736786,0.03871244564652443,-0.1273701936006546,-9.86834716796875,0.6977219581604004,0.14491024613380432,0.09985751658678055
1781548225625759,161338868,-0.006003696471452713,0.5696843862533569,0.8218308091163635,-0.00432597566395998,0.03475358337163925,-0.14036613702774048,-9.844118118286133,0.7625477313995361,-0.036664579063653946,0.1704973429441452
1781548225654247,161355535,-0.006009070202708244,0.5696708559989929,0.8218401670455933,-0.004324121866375208,0.02524087019264698,-0.14194324612617493,-9.87363338470459,0.7421984672546387,0.07884229719638824,0.029268914833664894
1781548225655711,161372202,-0.006008156109601259,0.5696715116500854,0.8218396902084351,-0.004326232243329287,0.03821546584367752,-0.14534065127372742,-9.849966049194336,0.7397779822349548,0.02814195305109024,0.11286875605583191
1781548225684080,161388869,-0.006011440884321928,0.5696946978569031,0.8218236565589905,-0.0043262033723294735,0.025140641257166862,-0.14573045074939728,-9.860846519470215,0.7449517250061035,0.05864667147397995,0.09454287588596344
1781548225686633,161405536,-0.006003884132951498,0.5696958899497986,0.8218228816986084,-0.004326777998358011,0.012234375812113285,-0.14979660511016846,-9.855459213256836,0.7048166394233704,-0.002548463409766555,0.17615772783756256
1781548225713670,161422203,-0.006007486023008823,0.5696932673454285,0.8218247294425964,-0.004317978397011757,0.0239175483584404,-0.14067010581493378,-9.867265701293945,0.6957112550735474,0.09683520346879959,0.13038784265518188
1781548225715554,161438870,-0.006010787095874548,0.569707989692688,0.8218144774436951,-0.004317884333431721,0.03279024362564087,-0.15009699761867523,-9.848012924194336,0.7442346215248108,0.060080986469984055,0.13471639156341553
1781548225744137,161455537,-0.00601496547460556,0.5696957111358643,0.821823000907898,-0.004320673178881407,0.037088844925165176,-0.13240192830562592,-9.866816520690918,0.7637258172035217,0.05403639376163483,0.04161422699689865
1781548225774453,161472204,-0.006013496778905392,0.5696659684181213,0.8218436241149902,-0.004319147672504187,0.024128669872879982,-0.13653244078159332,-9.863104820251465,0.7164832353591919,0.04057691618800163,0.08167248964309692
1781548225777189,161488871,-0.006024491507560015,0.5696704387664795,0.8218404054641724,-0.0043210918083786964,0.023084215819835663,-0.13564912974834442,-9.856240272521973,0.785278856754303,0.09687361866235733,0.18692785501480103
1781548225805987,161505538,-0.006029940210282803,0.5696488618850708,0.8218553066253662,-0.004325565882027149,0.03182466700673103,-0.14089183509349823,-9.874727249145508,0.7775439620018005,0.0561494454741478,0.11491778492927551
1781548225806522,161522205,-0.006023644004017115,0.5696389675140381,0.8218622207641602,-0.004321384243667126,0.028166208416223526,-0.1459307074546814,-9.87447738647461,0.6834684610366821,0.021790003404021263,0.02908962219953537
1781548225834109,161538872,-0.006020627915859222,0.5696374177932739,0.8218632936477661,-0.004324644338339567,0.0319177508354187,-0.13373227417469025,-9.854325294494629,0.7382668256759644,0.011660180985927582,0.09798778593540192
1781548225837154,161555539,-0.006028344389051199,0.5696335434913635,0.8218659162521362,-0.00432353001087904,0.03634857013821602,-0.1408703774213791,-9.850377082824707,0.7549662590026855,0.09056009352207184,0.16958807408809662
1781548225864217,161572206,-0.0060290019027888775,0.5696484446525574,0.8218556046485901,-0.004329215735197067,0.01934012956917286,-0.15268616378307343,-9.859578132629395,0.766581654548645,0.02257119119167328,0.14351433515548706
1781548225866032,161588873,-0.006024414673447609,0.5696406960487366,0.8218609690666199,-0.004331621807068586,0.050964392721652985,-0.13720832765102386,-9.855661392211914,0.7268051505088806,0.006998669356107712,0.13648368418216705
1781548225895247,161605540,-0.006026059854775667,0.5696314573287964,0.8218673467636108,-0.004339486826211214,0.03631984815001488,-0.13501611351966858,-9.866089820861816,0.7823206782341003,0.020458143204450607,0.10386589914560318
1781548225923808,161622207,-0.006026411894708872,0.5696253776550293,0.8218715786933899,-0.004342271946370602,0.03978530690073967,-0.14994679391384125,-9.858116149902344,0.7486655712127686,0.032572947442531586,0.08124988526105881
1781548225925952,161638874,-0.006022745277732611,0.5696277618408203,0.8218699097633362,-0.004341922700405121,0.028080254793167114,-0.1448184996843338,-9.852070808410645,0.7153178453445435,0.022263837978243828,0.12728871405124664
1781548225953769,161655541,-0.006025837734341621,0.5696269273757935,0.8218705654144287,-0.004331829492002726,0.030022259801626205,-0.1433701515197754,-9.84929370880127,0.686798095703125,0.09809023141860962,0.07638346403837204
1781548225955204,161672208,-0.006025437731295824,0.5696130990982056,0.8218799829483032,-0.004339126870036125,0.02637452818453312,-0.1393934041261673,-9.857375144958496,0.7704108953475952,0.012595044448971748,0.1901678889989853
1781548225983764,161688875,-0.006024546455591917,0.5696268677711487,0.8218704462051392,-0.004329759161919355,0.03466775268316269,-0.13621774315834045,-9.872309684753418,0.6754004955291748,0.07261840999126434,0.12789063155651093
1781548225985317,161705542,-0.006030014716088772,0.5696312785148621,0.8218674063682556,-0.00432645482942462,0.03457850590348244,-0.15135939419269562,-9.858616828918457,0.734207272529602,0.0857321098446846,0.15680734813213348
1781548226013802,161722209,-0.0060271937400102615,0.56963050365448,0.8218680620193481,-0.004324724897742271,0.030204646289348602,-0.13729417324066162,-9.87115478515625,0.7104001641273499,0.03323888033628464,0.16934476792812347
1781548226015293,161738876,-0.006017986685037613,0.5696454644203186,0.8218578100204468,-0.004317758604884148,0.031138190999627113,-0.1398654729127884,-9.82325553894043,0.6561397314071655,0.016731495037674904,0.17266161739826202
1781548226044008,161755543,-0.006013125646859407,0.5696377158164978,0.8218632936477661,-0.004321378655731678,0.029457353055477142,-0.14493295550346375,-9.857437133789062,0.7327216267585754,0.0006083015468902886,0.13282105326652527
1781548226073803,161772210,-0.006017625331878662,0.5696316957473755,0.8218672871589661,-0.004321107640862465,0.017913132905960083,-0.12750966846942902,-9.846148490905762,0.747615396976471,0.06804652512073517,0.08646205812692642
1781548226075765,161788877,-0.006003394722938538,0.5696278810501099,0.8218699097633362,-0.0043249307200312614,0.033509060740470886,-0.14100269973278046,-9.848793029785156,0.6974401473999023,-0.05368421599268913,0.10852740705013275
1781548226103798,161805544,-0.0060058641247451305,0.5696295499801636,0.8218689560890198,-0.004325187299400568,0.033537525683641434,-0.14637058973312378,-9.87261962890625,0.7426081895828247,0.054779164493083954,0.14135007560253143
1781548226106240,161822211,-0.0060216994024813175,0.5696312189102173,0.8218677043914795,-0.004328050184994936,0.036262743175029755,-0.14318418502807617,-9.867149353027344,0.8096621632575989,0.12020678073167801,0.14861127734184265
1781548226133922,161838878,-0.006026583723723888,0.5696303248405457,0.8218681216239929,-0.004320816602557898,0.04580048844218254,-0.1452619582414627,-9.850509643554688,0.7095422148704529,0.09829514473676682,0.1691654771566391
1781548226135670,161855545,-0.0060281758196651936,0.5696302652359009,0.8218681216239929,-0.004320797044783831,0.0318497009575367,-0.14592713117599487,-9.866280555725098,0.7375497221946716,0.05107812583446503,0.14969982206821442
1781548226163795,161872212,-0.006017462350428104,0.5696035027503967,0.8218867778778076,-0.0043328930623829365,0.03610196337103844,-0.15139161050319672,-9.870694160461426,0.7571178078651428,-0.06447996944189072,0.14229774475097656
1781548226165875,161888879,-0.006019354797899723,0.5696112513542175,0.8218814134597778,-0.004330077208578587,0.026485390961170197,-0.14706437289714813,-9.852805137634277,0.7232193350791931,0.06312889605760574,0.13656052947044373
1781548226194111,161905546,-0.006008851807564497,0.5696117281913757,0.821881115436554,-0.00433367257937789,0.02407502755522728,-0.13647164404392242,-9.859475135803223,0.7106947302818298,-0.03177255392074585,0.12645630538463593
1781548226223773,161922213,-0.0060088238678872585,0.5696086883544922,0.8218832612037659,-0.004331295844167471,0.03574061393737793,-0.14564819633960724,-9.852161407470703,0.7179943323135376,0.051014095544815063,0.12676364183425903
1781548226225989,161938880,-0.006002525798976421,0.5696095824241638,0.8218827247619629,-0.004339226055890322,0.025122856721282005,-0.13996201753616333,-9.852754592895508,0.7513933777809143,-0.02425522729754448,0.18108820915222168
1781548226254533,161955547,-0.006004565395414829,0.5696269273757935,0.8218705058097839,-0.004335317295044661,0.024557815864682198,-0.15179570019245148,-9.851070404052734,0.7178406715393066,0.06802091747522354,0.1633642017841339
1781548226255810,161972214,-0.006013406906276941,0.5696306228637695,0.821867823600769,-0.004340469837188721,0.033734507858753204,-0.1366826295852661,-9.8748140335083,0.7953447699546814,0.07132496684789658,0.13136114180088043
1781548226284095,161988881,-0.006014789920300245,0.5696703791618347,0.8218403458595276,-0.004334170371294022,0.044670406728982925,-0.14134959876537323,-9.873085975646973,0.702409029006958,0.0719652771949768,0.13516461849212646
1781548226285864,162005548,-0.006020703352987766,0.5696625709533691,0.8218457102775574,-0.004332432523369789,0.03929523006081581,-0.14502950012683868,-9.8663330078125,0.7446443438529968,0.08244086802005768,0.13180935382843018
1781548226314083,162022215,-0.0060232761316001415,0.5696635842323303,0.8218451738357544,-0.004333275370299816,0.03558318689465523,-0.15339423716068268,-9.842533111572266,0.7467702627182007,0.05208982527256012,0.07286173105239868
1781548226316208,162038882,-0.006014792248606682,0.5696620345115662,0.8218463063240051,-0.004333157557994127,0.04297897592186928,-0.14778320491313934,-9.875,0.6975810527801514,-0.0058140829205513,0.12048853933811188
1781548226343912,162055549,-0.006015466526150703,0.5696479678153992,0.8218560218811035,-0.00434635765850544,0.030319085344672203,-0.14836253225803375,-9.855870246887207,0.8088937401771545,-0.006723332684487104,0.0334053635597229
1781548226373822,162072216,-0.006015485618263483,0.5696465969085693,0.8218568563461304,-0.004352263640612364,0.043247073888778687,-0.15343359112739563,-9.864678382873535,0.7648016214370728,0.01921592652797699,0.16298000514507294
1781548226376924,162088883,-0.006019566208124161,0.569646418094635,0.8218567967414856,-0.004350690636783838,0.03746077045798302,-0.13068176805973053,-9.843396186828613,0.738881528377533,0.07033886760473251,0.08954839408397675
1781548226403900,162105550,-0.00601666234433651,0.5696415901184082,0.8218601942062378,-0.00435155862942338,0.030833899974822998,-0.14400669932365417,-9.873739242553711,0.7248714566230774,0.02258399873971939,0.1598808765411377
1781548226405596,162122217,-0.006017611362040043,0.5696545243263245,0.821851372718811,-0.004344960208982229,0.042113613337278366,-0.13173674046993256,-9.871638298034668,0.6979139447212219,0.0731818825006485,0.20360173285007477
1781548226433817,162138884,-0.006016349885612726,0.5696609020233154,0.8218470215797424,-0.004347010515630245,0.02582399919629097,-0.14489717781543732,-9.881983757019043,0.7379850745201111,0.027155866846442223,0.20340965688228607
1781548226435617,162155551,-0.0060228328220546246,0.5696771740913391,0.8218356370925903,-0.0043504745699465275,0.008200381882488728,-0.1391323357820511,-9.857154846191406,0.7770187854766846,0.06375640630722046,0.12926088273525238
1781548226463672,162172218,-0.006027111783623695,0.5696887373924255,0.8218275904655457,-0.004354467149823904,0.024021385237574577,-0.1373049020767212,-9.865486145019531,0.7713456153869629,0.04909313842654228,0.09882018715143204
1781548226465146,162188885,-0.00602740328758955,0.5696823000907898,0.8218320608139038,-0.004353972617536783,0.04512086510658264,-0.13980109989643097,-9.882246971130371,0.7296737432479858,0.04578910395503044,0.14241302013397217
1781548226494673,162205552,-0.0060216388665139675,0.5696824193000793,0.8218318819999695,-0.0043505229987204075,0.025916773825883865,-0.13942201435565948,-9.868318557739258,0.6895514726638794,0.022558383643627167,0.12726309895515442
1781548226523595,162222219,-0.006016965489834547,0.569688081741333,0.8218279480934143,-0.004351230803877115,0.03923814743757248,-0.14882387220859528,-9.862314224243164,0.7169443368911743,0.013325006701052189,0.21298879384994507
1781548226525331,162238886,-0.006027175113558769,0.5696948170661926,0.8218233585357666,-0.004358771722763777,0.023520715534687042,-0.1472574919462204,-9.870589256286621,0.8141828179359436,0.06982661783695221,0.15838252007961273
1781548226553600,162255553,-0.0060182190500199795,0.5696989297866821,0.8218204975128174,-0.004364517517387867,0.026614196598529816,-0.14729683101177216,-9.85445785522461,0.7295072674751282,-0.03268180042505264,0.060426756739616394
1781548226555575,162272220,-0.006022944115102291,0.5697001218795776,0.8218196630477905,-0.004355642944574356,0.025237295776605606,-0.14242960512638092,-9.886686325073242,0.6999630928039551,0.10321277379989624,0.1416318118572235
1781548226583871,162288887,-0.006016700062900782,0.5696823596954346,0.821832001209259,-0.004361668135970831,0.031363338232040405,-0.1430375576019287,-9.870224952697754,0.7407896518707275,-0.016315286979079247,0.12077026069164276
1781548226586752,162305554,-0.006013988982886076,0.5697267651557922,0.8218011856079102,-0.00435921223834157,0.01908264122903347,-0.1462525725364685,-9.855891227722168,0.7083127498626709,0.03335413709282875,0.13211670517921448
1781548226614880,162322221,-0.006007480900734663,0.5697389245033264,0.8217927813529968,-0.004363063257187605,0.024221710860729218,-0.14585919678211212,-9.870772361755371,0.7285851240158081,-0.011884291656315327,0.05855703353881836
1781548226616036,162338888,-0.006003966089338064,0.5697388052940369,0.8217929005622864,-0.004371156450361013,0.028405815362930298,-0.13670052587985992,-9.838618278503418,0.7637642025947571,-0.010270691476762295,0.10093323886394501
1781548226644120,162355555,-0.005996000021696091,0.5697429180145264,0.8217900395393372,-0.004368626978248358,0.03161367401480675,-0.14940321445465088,-9.866029739379883,0.6860681772232056,0.006793768610805273,0.16280072927474976
1781548226673793,162372222,-0.005996824707835913,0.5698115825653076,0.8217424750328064,-0.004373678471893072,0.03152801841497421,-0.14263346791267395,-9.848124504089355,0.7649937272071838,0.023006606847047806,0.1677311658859253
1781548226676755,162388889,-0.006001586094498634,0.5698041319847107,0.8217476010322571,-0.0043778917752206326,0.03830833360552788,-0.1494675874710083,-9.84256649017334,0.7739324569702148,0.05223069339990616,0.11160094290971756
1781548226703829,162405556,-0.006002302747219801,0.56980299949646,0.8217483162879944,-0.004387188702821732,0.0380471907556057,-0.13516274094581604,-9.868664741516113,0.7872638702392578,0.008535431697964668,0.07115847617387772
1781548226705983,162422223,-0.006000343710184097,0.5698060393333435,0.8217461705207825,-0.004390216898173094,0.024171585217118263,-0.1466924399137497,-9.863658905029297,0.7415837049484253,0.017423037439584732,0.04973345622420311
1781548226734251,162438890,-0.006007677409797907,0.569807767868042,0.8217449188232422,-0.0043917628936469555,0.03749653324484825,-0.15292219817638397,-9.8717622756958,0.7695655226707458,0.07607611268758774,0.06992907077074051
1781548226736868,162455557,-0.005985819268971682,0.5698013305664062,0.8217495679855347,-0.004393779672682285,0.024479039013385773,-0.14726459980010986,-9.852005958557129,0.6573306918144226,-0.08960602432489395,0.11330416798591614
1781548226764221,162472224,-0.005991593934595585,0.5697888731956482,0.8217582106590271,-0.004386880900710821,0.028405815362930298,-0.14110998809337616,-9.85832691192627,0.7147544622421265,0.10261088609695435,0.17104801535606384
1781548226793842,162488891,-0.005983091425150633,0.5697927474975586,0.8217555284500122,-0.0043913833796978,0.022376328706741333,-0.1567523181438446,-9.8712158203125,0.7237956523895264,-0.024165581911802292,0.13668856024742126
1781548226795273,162505558,-0.005988947581499815,0.5697852969169617,0.8217607140541077,-0.004384923726320267,0.032786667346954346,-0.14941036701202393,-9.866809844970703,0.7181223630905151,0.10007521510124207,0.10099726915359497
1781548226823817,162522225,-0.005982762668281794,0.5697832107543945,0.8217621445655823,-0.00438453396782279,0.04038263484835625,-0.15147027373313904,-9.86246109008789,0.7052776217460632,0.007920726202428341,0.10248280316591263
1781548226826496,162538892,-0.005981458816677332,0.569783091545105,0.821762204170227,-0.004381867591291666,0.032829444855451584,-0.1429123878479004,-9.877354621887207,0.7113991379737854,0.04487985000014305,0.14250265061855316
1781548226854004,162555559,-0.005982092581689358,0.5697683691978455,0.8217724561691284,-0.004383813589811325,0.03662751615047455,-0.13812385499477386,-9.863716125488281,0.7446570992469788,0.038604736328125,0.14086343348026276
1781548226856025,162572226,-0.0059672468341887,0.5697647333145142,0.8217751383781433,-0.004380466416478157,0.038140252232551575,-0.13662542402744293,-9.873668670654297,0.6546285152435303,-0.02921128273010254,0.10969278961420059
1781548226884615,162588893,-0.005968121346086264,0.5697625279426575,0.8217766880989075,-0.004363563843071461,0.03694937378168106,-0.14588423073291779,-9.871855735778809,0.639465868473053,0.11290717869997025,0.12967070937156677
1781548226886227,162605560,-0.0059636314399540424,0.5697648525238037,0.8217752575874329,-0.0043534934520721436,0.03254348784685135,-0.14160707592964172,-9.860286712646484,0.6578046083450317,0.05403639376163483,0.021533876657485962
1781548226913967,162622227,-0.005968562792986631,0.5697700381278992,0.8217716813087463,-0.004354836884886026,0.02914268709719181,-0.14709298312664032,-9.866621017456055,0.7584752440452576,0.06437111645936966,0.1650930494070053
1781548226916051,162638894,-0.005966953467577696,0.5697604417800903,0.8217781782150269,-0.0043588606640696526,0.030576571822166443,-0.1387389600276947,-9.862710952758789,0.7481789588928223,0.016385724768042564,0.06287278234958649
1781548226944586,162655561,-0.005965386051684618,0.5697599053382874,0.8217785954475403,-0.004357315134257078,0.029482165351510048,-0.15148454904556274,-9.85953426361084,0.7169954180717468,0.03824616223573685,0.08965084701776505
1781548226973903,162672228,-0.00595432985574007,0.5697576403617859,0.8217803239822388,-0.0043520028702914715,0.029650447890162468,-0.13913235068321228,-9.873733520507812,0.6582655906677246,0.0,0.1254061758518219
1781548226976180,162688895,-0.0059563955292105675,0.5697537064552307,0.8217828869819641,-0.004352536518126726,0.024407614022493362,-0.14191105961799622,-9.836544036865234,0.7427874803543091,0.050911638885736465,0.09637417644262314
1781548227004234,162705562,-0.0059493049047887325,0.569749653339386,0.8217857480049133,-0.004350959323346615,0.04938026890158653,-0.15305452048778534,-9.86330509185791,0.6950709819793701,0.0072547965683043,0.08369588851928711
1781548227006242,162722229,-0.00593524007126689,0.5697466731071472,0.82178795337677,-0.004350967705249786,0.03200347721576691,-0.16066469252109528,-9.874344825744629,0.6766811609268188,-0.03808608278632164,0.10681135207414627
1781548227033893,162738896,-0.005938564892858267,0.569736897945404,0.8217948079109192,-0.004340182524174452,0.031971294432878494,-0.1414962112903595,-9.849618911743164,0.6834172010421753,0.10323837399482727,0.1341913342475891
1781548227036295,162755563,-0.005942977964878082,0.5697452425956726,0.821789026260376,-0.004341940861195326,0.043121907860040665,-0.15212827920913696,-9.861549377441406,0.7591924667358398,0.058838777244091034,0.10846338421106339
1781548227063885,162772230,-0.0059439982287585735,0.5697473287582397,0.8217875361442566,-0.004345085006207228,0.02133910357952118,-0.1483696699142456,-9.868063926696777,0.7535703778266907,0.03473722189664841,0.12018118053674698
1781548227065915,162788897,-0.005933794192969799,0.5697511434555054,0.821785032749176,-0.004359872546046972,0.03992835432291031,-0.15777869522571564,-9.852962493896484,0.7756357789039612,-0.07494276016950607,0.07927770912647247
1781548227094593,162805564,-0.0059382375329732895,0.569753885269165,0.8217829465866089,-0.0043615782633423805,0.03227527067065239,-0.14375637471675873,-9.857961654663086,0.7587442994117737,0.059901706874370575,0.13668857514858246
1781548227123885,162822231,-0.005928000435233116,0.5697566866874695,0.8217810988426208,-0.004372593015432358,0.027858758345246315,-0.13190843164920807,-9.862532615661621,0.7540571093559265,-0.05998493731021881,0.10118937492370605
1781548227126731,162838898,-0.005933919921517372,0.5697513222694397,0.8217848539352417,-0.004366734996438026,0.041748642921447754,-0.1471037119626999,-9.864181518554688,0.721388041973114,0.0987817645072937,0.1676415055990219
1781548227154280,162855565,-0.005934169981628656,0.5697485208511353,0.821786642074585,-0.004360373597592115,0.03535426780581474,-0.1428515911102295,-9.849706649780273,0.6966461539268494,0.0679825097322464,0.12491953372955322
1781548227156175,162872232,-0.00593743147328496,0.5697513818740845,0.8217847347259521,-0.004361627157777548,0.02769414894282818,-0.13915738463401794,-9.869234085083008,0.7515726089477539,0.054920028895139694,0.13312840461730957
1781548227184552,162888899,-0.005937561858445406,0.5697253346443176,0.8218028545379639,-0.0043503656052052975,0.03257209435105324,-0.14127449691295624,-9.884354591369629,0.6677166223526001,0.08822934329509735,0.15022486448287964
1781548227185978,162905566,-0.0059553575702011585,0.5697149038314819,0.8218098878860474,-0.004350089468061924,0.041562680155038834,-0.14854492247104645,-9.861123085021973,0.7995452880859375,0.14365524053573608,0.12320350110530853
1781548227213690,162922233,-0.0059560504741966724,0.5697303414344788,0.8217991590499878,-0.004352170508354902,0.03830846771597862,-0.13359996676445007,-9.846744537353516,0.7465782165527344,0.036389242857694626,0.13054153323173523
1781548227215757,162938900,-0.0059485360980033875,0.5697352886199951,0.8217957615852356,-0.004359972197562456,0.04148775339126587,-0.14113503694534302,-9.877324104309082,0.7461940050125122,-0.0313115268945694,0.16657859086990356
1781548227243889,162955567,-0.0059255086816847324,0.5698165893554688,0.8217395544052124,-0.004374057520180941,0.032146528363227844,-0.15513229370117188,-9.855998992919922,0.7037792801856995,-0.034807655960321426,0.09080340713262558
1781548227273900,162972234,-0.005925321485847235,0.5698399543762207,0.8217233419418335,-0.004370588343590498,0.023885488510131836,-0.13856729865074158,-9.867403030395508,0.71165531873703,0.053332049399614334,0.16734696924686432
1781548227275972,162988901,-0.005915204528719187,0.5698425769805908,0.8217214941978455,-0.004373299889266491,0.025981461629271507,-0.14045555889606476,-9.870218276977539,0.7072370648384094,-0.025881633162498474,0.1619170904159546
1781548227303898,163005568,-0.00591181730851531,0.5698449611663818,0.8217199444770813,-0.004368751775473356,0.03731057047843933,-0.14520473778247833,-9.860465049743652,0.6928683519363403,0.03961644321680069,0.08902333676815033
1781548227306556,163022235,-0.0059201582334935665,0.5698552131652832,0.821712851524353,-0.004353584721684456,0.0418165922164917,-0.149678573012352,-9.849461555480957,0.679063081741333,0.14726661145687103,0.1074516698718071
1781548227333958,163038902,-0.00592977087944746,0.5698500275611877,0.8217163681983948,-0.004355275072157383,0.030226007103919983,-0.13854941725730896,-9.859867095947266,0.7789525389671326,0.08906175196170807,0.08826775848865509
1781548227336374,163055569,-0.005929131526499987,0.5698437094688416,0.8217207789421082,-0.004351907875388861,0.033154867589473724,-0.14323067665100098,-9.86508846282959,0.7103105187416077,0.050821997225284576,0.07661397755146027
1781548227364515,163072236,-0.00593087263405323,0.5698428750038147,0.8217212557792664,-0.004345713183283806,0.0338844358921051,-0.13279172778129578,-9.869261741638184,0.7035488486289978,0.07578157633543015,0.13014453649520874
1781548227366000,163088903,-0.005930921994149685,0.5698444247245789,0.82172030210495,-0.004350514616817236,0.027672691270709038,-0.13763391971588135,-9.853777885437012,0.7590771913528442,0.022750481963157654,0.11175461113452911
1781548227394146,163105570,-0.005925465375185013,0.5698491930961609,0.8217170238494873,-0.004355085548013449,0.01710142381489277,-0.14495083689689636,-9.879047393798828,0.7364227175712585,-0.00796554982662201,0.09039361774921417
1781548227423894,163122237,-0.005930510349571705,0.5698628425598145,0.8217074871063232,-0.004360092803835869,0.030000939965248108,-0.12893299758434296,-9.866437911987305,0.7801307439804077,0.04966942220926285,0.12885107100009918
1781548227426005,163138904,-0.005930906627327204,0.5698856115341187,0.8216917514801025,-0.004350871313363314,0.026202967390418053,-0.145229771733284,-9.857980728149414,0.6819189190864563,0.07824039459228516,0.10217545926570892
1781548227454003,163155571,-0.005932299420237541,0.5699080228805542,0.8216761350631714,-0.004357249476015568,0.031055783852934837,-0.15337638556957245,-9.870574951171875,0.7733945846557617,0.024210400879383087,0.20306386053562164
1781548227455608,163172238,-0.005935001187026501,0.569920539855957,0.821667492389679,-0.004360574297606945,0.016736650839447975,-0.1421363651752472,-9.869895935058594,0.7617024183273315,0.04236980527639389,0.07917525619268417
1781548227484892,163188905,-0.005930114071816206,0.5699073672294617,0.8216765522956848,-0.0043614646419882774,0.03445317968726158,-0.13719403743743896,-9.853641510009766,0.7176742553710938,0.010059388354420662,0.0428948700428009
1781548227485964,163205572,-0.005934219807386398,0.5699043273925781,0.8216786980628967,-0.004361470229923725,0.0316028855741024,-0.15542194247245789,-9.859699249267578,0.7481789588928223,0.06393569707870483,0.05718675255775452
1781548227513824,163222239,-0.005928540602326393,0.5698963403701782,0.8216842412948608,-0.004366028588265181,0.04257832467556,-0.13892492651939392,-9.871541023254395,0.7352189421653748,-0.008567447774112225,0.0809425339102745
1781548227515748,163238906,-0.005929311737418175,0.5698767900466919,0.8216977715492249,-0.004367999732494354,0.027862124145030975,-0.15229277312755585,-9.859184265136719,0.7454383969306946,0.03897612914443016,0.1032768115401268
1781548227544027,163255573,-0.005924344528466463,0.569871187210083,0.8217016458511353,-0.004370606504380703,0.031216610223054886,-0.13789138197898865,-9.861937522888184,0.7269331812858582,0.0032848285045474768,0.10221386700868607
1781548227574648,163272240,-0.0059304204769432545,0.5698745250701904,0.8216992616653442,-0.004370502196252346,0.04386218264698982,-0.1430518627166748,-9.856728553771973,0.754787027835846,0.07661398500204086,0.16432467103004456
1781548227576857,163288907,-0.0059328097850084305,0.5698572397232056,0.8217112421989441,-0.004373348318040371,0.030168820172548294,-0.1476830393075943,-9.839707374572754,0.7571178078651428,0.04398341104388237,0.06205316260457039
1781548227604341,163305574,-0.005923732183873653,0.5698599219322205,0.8217096328735352,-0.004371041897684336,0.04286814108490944,-0.13748371601104736,-9.856024742126465,0.6830074191093445,-0.0004738348943646997,0.15491199493408203
1781548227606346,163322241,-0.00592668354511261,0.5698516964912415,0.8217151761054993,-0.004375055432319641,0.031177375465631485,-0.16320736706256866,-9.877809524536133,0.7658644914627075,0.04257471114397049,0.10089482367038727
1781548227634141,163338908,-0.005934843793511391,0.5698367953300476,0.8217254877090454,-0.004374013748019934,0.0372140146791935,-0.13897857069969177,-9.854971885681152,0.7574635148048401,0.09242981672286987,0.11687713116407394
1781548227637071,163355575,-0.005930215120315552,0.5698387622833252,0.8217240571975708,-0.004373134579509497,0.028395086526870728,-0.14007288217544556,-9.86246109008789,0.7083640098571777,0.019343988969922066,0.17167551815509796
1781548227664972,163372242,-0.005917888134717941,0.5698269009590149,0.8217324614524841,-0.004375845193862915,0.03124532289803028,-0.14116720855236053,-9.857464790344238,0.6987593173980713,-0.03894411027431488,0.06335941702127457
1781548227666364,163388909,-0.005907581653445959,0.5698211789131165,0.8217364549636841,-0.004380648955702782,0.049319587647914886,-0.14697140455245972,-9.867121696472168,0.7183273434638977,-0.03543516993522644,0.1121387928724289
1781548227694518,163405576,-0.005900700576603413,0.5698226690292358,0.8217354416847229,-0.004390725400298834,0.03818681091070175,-0.13721193373203278,-9.854686737060547,0.7621378898620605,-0.037753116339445114,0.0669580027461052
1781548227723701,163422243,-0.005909851752221584,0.5698215365409851,0.8217361569404602,-0.004400820005685091,0.031949836760759354,-0.13510911166667938,-9.86245346069336,0.8246456980705261,0.05348571762442589,0.11087096482515335
1781548227725726,163438910,-0.00590453390032053,0.5698187947273254,0.8217380046844482,-0.004410522058606148,0.035962339490652084,-0.15839022397994995,-9.843635559082031,0.7658004760742188,-0.026829302310943604,0.09629734605550766
1781548227753735,163455577,-0.005906700622290373,0.5698223114013672,0.8217353820800781,-0.004418513271957636,0.0297076553106308,-0.14993607997894287,-9.865368843078613,0.7855863571166992,0.021802810952067375,0.0938897505402565
1781548227755598,163472244,-0.005898101255297661,0.5698278546333313,0.8217315077781677,-0.004422454163432121,0.023052329197525978,-0.13715113699436188,-9.851664543151855,0.7206324338912964,-0.02329474687576294,0.0975651666522026
1781548227783859,163488911,-0.005910161416977644,0.5698508024215698,0.8217155933380127,-0.004428451880812645,0.0321858674287796,-0.13981182873249054,-9.854225158691406,0.8132480978965759,0.08519425243139267,0.1593686193227768
1781548227785487,163505578,-0.00590658700093627,0.5698531270027161,0.821713924407959,-0.004443011712282896,0.027332952246069908,-0.1473933905363083,-9.838479042053223,0.8001726865768433,-0.03622915968298912,0.10533862560987473
1781548227813859,163522245,-0.0059043592773377895,0.5698599815368652,0.8217092156410217,-0.004450822249054909,0.024035688489675522,-0.1590983122587204,-9.86913776397705,0.7671067714691162,-0.001536761992610991,0.16880688071250916
1781548227815880,163538912,-0.0058988044038414955,0.5698598623275757,0.8217093348503113,-0.00445507001131773,0.02863096445798874,-0.1395900845527649,-9.868660926818848,0.7338486313819885,-0.0062238858081400394,0.14964859187602997
1781548227843997,163555579,-0.005897007416933775,0.5698505640029907,0.8217156529426575,-0.004467250779271126,0.0388912558555603,-0.14199331402778625,-9.861112594604492,0.7931035757064819,-0.015559714287519455,0.1493796706199646
1781548227873862,163572246,-0.005901467986404896,0.5698549151420593,0.8217126131057739,-0.00446397066116333,0.031041478738188744,-0.13009527325630188,-9.839090347290039,0.7309032082557678,0.07894474267959595,0.10290542244911194
1781548227876355,163588913,-0.005904553458094597,0.5698458552360535,0.8217188715934753,-0.004469928797334433,0.02994358353316784,-0.14633482694625854,-9.869942665100098,0.7777103781700134,0.03499335050582886,0.05134705826640129
1781548227903798,163605580,-0.005917732138186693,0.5698360204696655,0.821725606918335,-0.004456514958292246,0.025795184075832367,-0.15558290481567383,-9.849539756774902,0.7075443863868713,0.16830745339393616,0.07570473104715347
1781548227907422,163622247,-0.005911429412662983,0.5698370933532715,0.8217249512672424,-0.0044528585858643055,0.03577651455998421,-0.1388927549123764,-9.859064102172852,0.6863114237785339,0.02031727321445942,0.14442360401153564
1781548227933789,163638914,-0.005910111125558615,0.5698424577713013,0.8217213153839111,-0.004447360057383776,0.025702202692627907,-0.14187172055244446,-9.854900360107422,0.6955833435058594,0.05558595806360245,0.15240196883678436
1781548227935564,163655581,-0.0059167128056287766,0.5698348879814148,0.8217264413833618,-0.004453042056411505,0.0346999391913414,-0.13436168432235718,-9.850970268249512,0.789722740650177,0.05637995898723602,0.09130287170410156
1781548227963818,163672248,-0.005932277534157038,0.5698312520980835,0.8217288851737976,-0.00445051584392786,0.030458558350801468,-0.1445896327495575,-9.851263999938965,0.7782611846923828,0.13982613384723663,0.14772765338420868
1781548227966144,163688915,-0.005937204230576754,0.5698366165161133,0.821725070476532,-0.004459627438336611,0.031248899176716805,-0.14795485138893127,-9.844673156738281,0.8027212619781494,0.03331572189927101,0.1299012154340744
1781548227993911,163705582,-0.005929095204919577,0.569837749004364,0.8217244148254395,-0.00445706769824028,0.03514339029788971,-0.14911353588104248,-9.87082576751709,0.68565833568573,0.0051801688969135284,0.0986921414732933
1781548228023709,163722249,-0.005926928948611021,0.5698421001434326,0.8217214345932007,-0.004459084942936897,0.039356160908937454,-0.12976625561714172,-9.8385648727417,0.7348218560218811,0.021060040220618248,0.12881265580654144
1781548228025425,163738916,-0.005926894955337048,0.5698460340499878,0.821718692779541,-0.004464045632630587,0.028327137231826782,-0.15076932311058044,-9.86717414855957,0.7597558498382568,0.021495455875992775,0.12380538135766983
1781548228054264,163755583,-0.005916113965213299,0.569841206073761,0.8217220306396484,-0.004470858722925186,0.02394270710647106,-0.15300802886486053,-9.848885536193848,0.727419912815094,-0.04448925703763962,0.22737035155296326
1781548228056341,163772250,-0.005903330631554127,0.569846510887146,0.8217183947563171,-0.0044709607027471066,0.02982914447784424,-0.15822571516036987,-9.86062240600586,0.6822262406349182,-0.0311578456312418,0.15281175076961517
1781548228084930,163788917,-0.005895476322621107,0.5698376893997192,0.8217245936393738,-0.0044670067727565765,0.03369133546948433,-0.14869153499603271,-9.844754219055176,0.678486704826355,0.012953621335327625,0.12059099227190018
1781548228086206,163805584,-0.005892583169043064,0.5698347091674805,0.8217267394065857,-0.004467622376978397,0.032189302146434784,-0.14767946302890778,-9.853926658630371,0.723706066608429,0.02298099547624588,0.1378539651632309
1781548228113950,163822251,-0.005892553366720676,0.5698277950286865,0.8217316269874573,-0.004453822039067745,0.03725692629814148,-0.14350247383117676,-9.854585647583008,0.6534247994422913,0.09588754177093506,0.1379563957452774
1781548228116085,163838918,-0.005902028642594814,0.5698294639587402,0.8217303156852722,-0.004456532187759876,0.027762096375226974,-0.14737550914287567,-9.853238105773926,0.7839342355728149,0.08489969372749329,0.17330190539360046
1781548228144640,163855585,-0.005894880276173353,0.5697916746139526,0.8217565417289734,-0.004457418341189623,0.03305140510201454,-0.13613548874855042,-9.85721492767334,0.7078774571418762,-0.0006147047970443964,0.10012645274400711
1781548228174747,163872252,-0.005897143855690956,0.5697920918464661,0.8217561841011047,-0.004451644606888294,0.038129523396492004,-0.14149978756904602,-9.854961395263672,0.7077493071556091,0.07731834053993225,0.16506743431091309
1781548228176013,163888919,-0.005894758738577366,0.5697868466377258,0.8217598795890808,-0.00444561243057251,0.034224383533000946,-0.13808095455169678,-9.861845970153809,0.6884885430335999,0.0512574166059494,0.08454111218452454
1781548228203885,163905586,-0.005894641857594252,0.5697846412658691,0.821761429309845,-0.004447537008672953,0.04340442642569542,-0.14257623255252838,-9.855208396911621,0.7421727776527405,0.033072397112846375,0.11399570852518082
1781548228205998,163922253,-0.005883421748876572,0.5698049664497375,0.821747362613678,-0.004455923568457365,0.02872767299413681,-0.15701338648796082,-9.849079132080078,0.7356927394866943,-0.056002162396907806,0.13399922847747803
1781548228233900,163938920,-0.005886670667678118,0.5697718262672424,0.821770429611206,-0.0044603170827031136,0.03572273626923561,-0.1389678418636322,-9.870511054992676,0.7691429257392883,0.042689964175224304,0.0012614253209903836
1781548228235695,163955587,-0.0058847288601100445,0.5697706937789917,0.8217712044715881,-0.00446085911244154,0.02609182335436344,-0.145183265209198,-9.857192039489746,0.7268050909042358,0.029102429747581482,0.18478921055793762
1781548228263874,163972254,-0.005880260840058327,0.5697779059410095,0.821766197681427,-0.004463803023099899,0.030283426865935326,-0.13732637465000153,-9.845396041870117,0.7311848998069763,0.003861114149913192,0.10464707762002945
1781548228265709,163988921,-0.0058812228962779045,0.5697690844535828,0.8217722177505493,-0.004458101466298103,0.025981146842241287,-0.13030268251895905,-9.863329887390137,0.7031261920928955,0.06958329677581787,0.12372854351997375
1781548228294028,164005588,-0.005882993806153536,0.5697411894798279,0.8217915892601013,-0.004456563852727413,0.03239686042070389,-0.14571614563465118,-9.860376358032227,0.7298786640167236,0.05768619850277901,0.03168930858373642
1781548228323800,164022255,-0.005884101614356041,0.5697285532951355,0.8218003511428833,-0.004463456105440855,0.027268648147583008,-0.14721815288066864,-9.885660171508789,0.775161862373352,0.020394111052155495,0.06314170360565186
1781548228325447,164038922,-0.005883174482733011,0.5697254538536072,0.82180255651474,-0.004468976985663176,0.029904361814260483,-0.13403268158435822,-9.863609313964844,0.759358823299408,0.014439158141613007,0.11197230964899063
1781548228354112,164055589,-0.00587101886048913,0.5697239637374878,0.821803629398346,-0.004480565432459116,0.019129132851958275,-0.1416034996509552,-9.864198684692383,0.7498822212219238,-0.07330355048179626,0.07882948964834213
1781548228355639,164072256,-0.005868684966117144,0.5697062015533447,0.8218159675598145,-0.004485290497541428,0.03317276015877724,-0.14635269343852997,-9.84906005859375,0.7488064169883728,0.01077654305845499,0.1335638165473938
1781548228383789,164088923,-0.005873923189938068,0.569707453250885,0.821815013885498,-0.0044834204018116,0.02511908859014511,-0.14841260015964508,-9.861058235168457,0.7414556741714478,0.07903438061475754,0.1856984794139862
1781548228387118,164105590,-0.0058787488378584385,0.5697087645530701,0.8218140602111816,-0.004486908204853535,0.03370217606425285,-0.15023647248744965,-9.859528541564941,0.7708590030670166,0.05389551818370819,0.058928411453962326
1781548228413936,164122257,-0.0058888900093734264,0.5697143077850342,0.8218100666999817,-0.004491583909839392,0.0488724485039711,-0.14449664950370789,-9.87900447845459,0.7981877326965332,0.07954663783311844,0.09500391036272049
1781548228415817,164138924,-0.005884810816496611,0.569709062576294,0.8218136429786682,-0.004490056540817022,0.03658460080623627,-0.1339253932237625,-9.844218254089355,0.7071473598480225,0.024069534614682198,0.09136690199375153
1781548228444125,164155591,-0.005888506304472685,0.5697153210639954,0.8218092322349548,-0.004486511927098036,0.0284020584076643,-0.13851723074913025,-9.865671157836914,0.7261391878128052,0.07646031677722931,0.17892390489578247
1781548228473884,164172258,-0.005894036032259464,0.5697168111801147,0.8218083381652832,-0.004488171543926001,0.028713367879390717,-0.15235716104507446,-9.869366645812988,0.7628166079521179,0.0661511942744255,0.13941632211208344
1781548228476109,164188925,-0.005898987874388695,0.5697289705276489,0.8217998147010803,-0.004481257870793343,0.03611959144473076,-0.1553647518157959,-9.845919609069824,0.7126541137695312,0.0953112542629242,0.10243158787488937
1781548228504060,164205592,-0.005897239316254854,0.56971675157547,0.8218082189559937,-0.004491966683417559,0.03976742550730705,-0.14790478348731995,-9.848578453063965,0.7854453921318054,-0.01034752931445837,0.09079060703516006
1781548228506368,164222259,-0.005894745700061321,0.5697291493415833,0.821799635887146,-0.0044898041523993015,0.03187473490834236,-0.13101792335510254,-9.869366645812988,0.7100417017936707,0.03522386774420738,0.14548654854297638
1781548228533857,164238926,-0.005892062559723854,0.5697356462478638,0.8217951655387878,-0.004484536126255989,0.022358279675245285,-0.13864240050315857,-9.879077911376953,0.6914340257644653,0.04708254709839821,0.1759016215801239
1781548228536212,164255593,-0.005888485815376043,0.5697379112243652,0.8217936158180237,-0.004485917743295431,0.026031212881207466,-0.13427585363388062,-9.858169555664062,0.7255885601043701,0.01580943912267685,0.14767642319202423
1781548228564234,164272260,-0.005882923025637865,0.5697445273399353,0.8217893242835999,-0.0044793784618377686,0.03747149929404259,-0.15854758024215698,-9.859667778015137,0.6729928851127625,0.03586418181657791,0.18102417886257172
1781548228567552,164288927,-0.005879391450434923,0.5697145462036133,0.8218101263046265,-0.004477072507143021,0.034993186593055725,-0.14531202614307404,-9.839630126953125,0.7045989632606506,0.031074605882167816,0.052012987434864044
1781548228593941,164305594,-0.005872033536434174,0.5697233080863953,0.8218040466308594,-0.0044793360866606236,0.04072593152523041,-0.13918957114219666,-9.862154006958008,0.7162527441978455,-0.010309111326932907,0.08370869606733322
1781548228623722,164322261,-0.005865869112312794,0.5697177648544312,0.8218079209327698,-0.004489812534302473,0.025237295776605606,-0.1442856639623642,-9.868404388427734,0.7672475576400757,-0.03553761914372444,0.03553121164441109
1781548228625617,164338928,-0.005859707482159138,0.5697140693664551,0.8218104243278503,-0.00448623625561595,0.029929278418421745,-0.1360854208469391,-9.853720664978027,0.687822699546814,0.019382409751415253,0.03326449170708656
1781548228653896,164355595,-0.005861322861164808,0.5697227716445923,0.8218043446540833,-0.004489116370677948,0.03401346877217293,-0.13220879435539246,-9.862250328063965,0.7546589374542236,0.03896331787109375,0.1529269963502884
1781548228655640,164372262,-0.005865786224603653,0.5697055459022522,0.8218161463737488,-0.004496587440371513,0.036169759929180145,-0.14939606189727783,-9.849804878234863,0.7918357849121094,0.0362611785531044,-0.010321917943656445
1781548228683716,164388929,-0.005858509801328182,0.5697017312049866,0.8218188285827637,-0.004483605269342661,0.03932764008641243,-0.14842334389686584,-9.87146282196045,0.6302580833435059,0.05022009462118149,0.051398277282714844
1781548228685976,164405596,-0.005847704131156206,0.5697161555290222,0.821808934211731,-0.00448966771364212,0.030952073633670807,-0.15564726293087006,-9.834702491760254,0.7239749431610107,-0.04388735815882683,0.16319771111011505
1781548228713924,164422263,-0.005843956023454666,0.56971675157547,0.8218087553977966,-0.004486016929149628,0.02578098140656948,-0.14046984910964966,-9.861757278442383,0.6966333389282227,0.034032873809337616,0.1072467714548111
1781548228716226,164438930,-0.005850404035300016,0.5697187185287476,0.8218073844909668,-0.004479505121707916,0.022637447342276573,-0.14460036158561707,-9.884758949279785,0.720683753490448,0.10203459858894348,0.05363939329981804
1781548228744319,164455597,-0.005859720520675182,0.5697330832481384,0.8217973709106445,-0.004470669664442539,0.033044155687093735,-0.1475936472415924,-9.87834644317627,0.7186474800109863,0.12800586223602295,0.15165920555591583
1781548228773872,164472264,-0.005843982566148043,0.5697313547134399,0.8217987418174744,-0.004461236763745546,0.015313319861888885,-0.14139609038829803,-9.854249954223633,0.6172468662261963,-0.011564133688807487,0.05740446597337723
1781548228775478,164488931,-0.005842689424753189,0.5697319507598877,0.8217983245849609,-0.004445166792720556,0.035053983330726624,-0.13732635974884033,-9.873897552490234,0.6361362934112549,0.0964382216334343,0.09966541826725006
1781548228803765,164505598,-0.005831918213516474,0.569729208946228,0.8218002319335938,-0.0044465446844697,0.028420118615031242,-0.13831697404384613,-9.872763633728027,0.6974018216133118,-0.02492116019129753,0.12264001369476318
1781548228805568,164522265,-0.005825942847877741,0.5697128772735596,0.8218117356300354,-0.004444698337465525,0.036591753363609314,-0.16105449199676514,-9.863677024841309,0.697811484336853,0.015117894858121872,0.08687186986207962
1781548228834236,164538932,-0.0058249980211257935,0.5697283148765564,0.8218010663986206,-0.004438078962266445,0.02849501743912697,-0.14959274232387543,-9.87844181060791,0.6906528472900391,0.06213000416755676,0.21325775980949402
1781548228835238,164555599,-0.005816331133246422,0.5697294473648071,0.8218003511428833,-0.00442473404109478,0.03997153416275978,-0.1351412981748581,-9.841547966003418,0.622330904006958,0.04486704245209694,0.1557828187942505
1781548228864104,164572266,-0.0058088479563593864,0.5697389841079712,0.8217938542366028,-0.0044211819767951965,0.023016469553112984,-0.13720476627349854,-9.853569984436035,0.6825336217880249,0.012876785360276699,0.16686032712459564
1781548228866103,164588933,-0.005809279624372721,0.5697314739227295,0.8217991590499878,-0.004407891072332859,0.0382295660674572,-0.14784398674964905,-9.829748153686523,0.6583936214447021,0.09578508883714676,0.1002032682299614
1781548228894203,164605600,-0.005821525119245052,0.5697267651557922,0.8218023777008057,-0.004406691063195467,0.027533220127224922,-0.1530938595533371,-9.86892318725586,0.7727543115615845,0.11566055566072464,0.1464214026927948
1781548228924434,164622267,-0.005808384157717228,0.5697250962257385,0.8218036890029907,-0.004400364123284817,0.032414741814136505,-0.13984759151935577,-9.839730262756348,0.6443578600883484,-0.007658197078853846,0.1621347963809967
1781548228926260,164638934,-0.005801381543278694,0.5697250962257385,0.8218037486076355,-0.004396248608827591,0.031134460121393204,-0.13465851545333862,-9.852193832397461,0.6813041567802429,0.017346199601888657,0.09689924120903015
1781548228954547,164655601,-0.005805387161672115,0.5697406530380249,0.8217929005622864,-0.004389999434351921,0.0246114581823349,-0.1482945829629898,-9.855819702148438,0.7123339176177979,0.0883830189704895,0.1914997398853302
1781548228956479,164672268,-0.005798145662993193,0.5697313547134399,0.8217994570732117,-0.00438455818220973,0.019848007708787918,-0.14198973774909973,-9.838597297668457,0.67282634973526,0.021290553733706474,0.06221964955329895
1781548228983951,164688935,-0.005797260906547308,0.569740891456604,0.8217928409576416,-0.004383148159831762,0.020130470395088196,-0.14205768704414368,-9.846232414245605,0.7206324934959412,0.04137091338634491,0.14074818789958954
1781548228987393,164705602,-0.005774683319032192,0.5697368383407593,0.8217958211898804,-0.004381016828119755,0.027912072837352753,-0.13563118875026703,-9.840333938598633,0.6312186121940613,-0.07773453742265701,0.13151481747627258
1781548229013700,164722269,-0.005777612328529358,0.5697419047355652,0.8217923045158386,-0.0043732780031859875,0.03330879285931587,-0.14774742722511292,-9.855694770812988,0.6999501585960388,0.0873585119843483,0.0963357537984848
1781548229015807,164738936,-0.005781013052910566,0.5697482824325562,0.8217878341674805,-0.004378900397568941,0.038655225187540054,-0.14408539235591888,-9.864195823669434,0.7768266797065735,0.03875841572880745,0.17882144451141357
1781548229044333,164755603,-0.005782018881291151,0.569765567779541,0.8217758536338806,-0.004375926218926907,0.03922026604413986,-0.14178231358528137,-9.87193775177002,0.7195439338684082,0.05710991472005844,0.09956296533346176
1781548229073827,164772270,-0.005787901114672422,0.5697447061538696,0.8217903971672058,-0.004377682227641344,0.04253550246357918,-0.1403089165687561,-9.851478576660156,0.7645838260650635,0.06825143098831177,0.08716640621423721
1781548229075950,164788937,-0.005789080169051886,0.5697332620620728,0.8217982649803162,-0.004377317149192095,0.03744646534323692,-0.14636343717575073,-9.850162506103516,0.7342712879180908,0.049554165452718735,0.09915315359830856
1781548229103845,164805604,-0.005798712372779846,0.5697446465492249,0.8217902779579163,-0.00438895495608449,0.039550185203552246,-0.15656797587871552,-9.863139152526855,0.8353390097618103,0.05015607550740242,0.18745295703411102
1781548229106965,164822271,-0.005800384096801281,0.5697446465492249,0.8217902183532715,-0.004390999674797058,0.02136795036494732,-0.14464686810970306,-9.875654220581055,0.7501125931739807,0.04233138635754585,0.10740044713020325
1781548229133852,164838938,-0.0058088828809559345,0.5697473883628845,0.8217881917953491,-0.004395429044961929,0.02264096774160862,-0.1535051167011261,-9.854156494140625,0.7901580929756165,0.07185002416372299,0.1385582983493805
1781548229135552,164855605,-0.005795584525913,0.5697405338287354,0.8217929601669312,-0.004406525753438473,0.024400528520345688,-0.14981448650360107,-9.861063003540039,0.7426209449768066,-0.07787541300058365,0.06699641048908234
1781548229163847,164872272,-0.005785477813333273,0.5697355270385742,0.8217965364456177,-0.004403740633279085,0.021060284227132797,-0.146406352519989,-9.854378700256348,0.67657870054245,-0.005045701749622822,0.10457024723291397
1781548229165870,164888939,-0.005777188576757908,0.5697464346885681,0.821789026260376,-0.004406295251101255,0.025838030502200127,-0.14495797455310822,-9.856308937072754,0.7144086360931396,-0.017109282314777374,0.06814899295568466
1781548229194001,164905606,-0.005771577823907137,0.5697490572929382,0.8217872381210327,-0.004408909473568201,0.029600268229842186,-0.15317611396312714,-9.848149299621582,0.7243719100952148,5.762856744695455e-05,0.20105326175689697
1781548229223860,164922273,-0.005782422609627247,0.5697431564331055,0.8217912912368774,-0.004410193767398596,0.03347330167889595,-0.14174655079841614,-9.86148452758789,0.781629204750061,0.09711695462465286,0.08167249709367752
1781548229226177,164938940,-0.00578219024464488,0.5697517395019531,0.8217853903770447,-0.004409425426274538,0.038884103298187256,-0.1491457223892212,-9.86087703704834,0.7267282605171204,0.04247225448489189,0.1387760043144226
1781548229253964,164955607,-0.005840491969138384,0.5698709487915039,0.8217023611068726,-0.004405216779559851,0.021807711571455002,-0.1432342529296875,-9.856345176696777,0.7646222710609436,0.04372727870941162,0.17278966307640076
1781548229256853,164972274,-0.005837646313011646,0.5698716044425964,0.8217017650604248,-0.00440931785851717,0.04201698675751686,-0.14368486404418945,-9.849737167358398,0.7437607645988464,0.008561044000089169,0.1231650561094284
1781548229284406,164988941,-0.005835867021232843,0.5698688626289368,0.8217036724090576,-0.004412780050188303,0.03542948514223099,-0.14290525019168854,-9.881311416625977,0.7439016103744507,0.017999324947595596,0.17523568868637085
1781548229286183,165005608,-0.005827975459396839,0.569877564907074,0.8216976523399353,-0.004412425681948662,0.03293686732649803,-0.14701788127422333,-9.871723175048828,0.6987848877906799,-0.002535657025873661,0.15585967898368835
1781548229315369,165022275,-0.005829932168126106,0.5698853731155396,0.8216922283172607,-0.004406310152262449,0.03557610884308815,-0.1376875638961792,-9.845523834228516,0.7049446702003479,0.07533334940671921,0.12882547080516815
1781548229317445,165038942,-0.005827941000461578,0.5698792934417725,0.8216966390609741,-0.004400851670652628,0.0318497009575367,-0.14820875227451324,-9.853534698486328,0.6923432350158691,0.05234595388174057,0.2056635618209839
1781548229344465,165055609,-0.005834097508341074,0.5698830485343933,0.8216939568519592,-0.004397018346935511,0.03211423382163048,-0.15462447702884674,-9.867698669433594,0.7342968583106995,0.09004784375429153,0.10750290006399155
1781548229374740,165072276,-0.005829615518450737,0.5698883533477783,0.8216904401779175,-0.004391662776470184,0.03501106798648834,-0.13702237606048584,-9.856287956237793,0.6838014125823975,0.03629959747195244,0.13967245817184448
1781548229376040,165088943,-0.005818122997879982,0.5698987245559692,0.8216832280158997,-0.004391247872263193,0.026088431477546692,-0.14966784417629242,-9.838274955749512,0.6844289898872375,-0.022974593564867973,0.14174708724021912
1781548229403839,165105610,-0.005821456201374531,0.5699027180671692,0.8216804265975952,-0.004392762668430805,0.033745091408491135,-0.14322352409362793,-9.8563814163208,0.7531862258911133,0.05384429544210434,0.16023944318294525
1781548229406378,165122277,-0.00581651646643877,0.5699120163917542,0.8216739892959595,-0.00439168605953455,0.036602482199668884,-0.1476079523563385,-9.867292404174805,0.7063663005828857,0.016539402306079865,0.12936334311962128
1781548229433922,165138944,-0.005813171621412039,0.5699101090431213,0.8216753602027893,-0.004391186870634556,0.03649519383907318,-0.1384957730770111,-9.883764266967773,0.7157019972801208,0.023646922782063484,0.10789989680051804
1781548229438153,165155611,-0.005810484755784273,0.5698978304862976,0.8216838836669922,-0.004394478164613247,0.04467755928635597,-0.1310107707977295,-9.84316349029541,0.7398163676261902,0.012185242027044296,0.03944995999336243
1781548229463896,165172278,-0.005815314128994942,0.5698887705802917,0.8216901421546936,-0.004394847899675369,0.03978527709841728,-0.14362046122550964,-9.846985816955566,0.7529556155204773,0.0656389370560646,0.028052307665348053
1781548229465762,165188945,-0.0058161430060863495,0.5698825120925903,0.8216943740844727,-0.004405508749186993,0.03121313638985157,-0.14605945348739624,-9.852079391479492,0.795319139957428,0.0030415081419050694,0.061502497643232346
1781548229494053,165205612,-0.005816819611936808,0.5698863863945007,0.821691632270813,-0.004416233394294977,0.03576904535293579,-0.14664950966835022,-9.890260696411133,0.7947812676429749,0.0027469622436910868,0.16359470784664154
1781548229523942,165222279,-0.005823418032377958,0.569873571395874,0.8217004537582397,-0.004417372401803732,0.03034769557416439,-0.15273980796337128,-9.833053588867188,0.7636105418205261,0.0743088498711586,0.12931211292743683
1781548229528058,165238946,-0.005824235733598471,0.569870114326477,0.821702778339386,-0.004424099810421467,0.01869998872280121,-0.14511892199516296,-9.863180160522461,0.7726647257804871,0.0191775094717741,0.12881267070770264
1781548229553834,165255613,-0.005824372638016939,0.5698743462562561,0.821699857711792,-0.0044264961034059525,0.025069212540984154,-0.1387675702571869,-9.86983871459961,0.7455920577049255,0.032316822558641434,0.16168655455112457
1781548229556575,165272280,-0.005826846696436405,0.5698794722557068,0.8216963410377502,-0.004430587403476238,0.010943357832729816,-0.1459450125694275,-9.860308647155762,0.7644557952880859,0.038732804358005524,0.1553986370563507
1781548229583833,165288947,-0.0058302986435592175,0.5698832273483276,0.8216936588287354,-0.0044325292110443115,0.03555822744965553,-0.15682384371757507,-9.874212265014648,0.756041944026947,0.05273013561964035,0.14982786774635315
1781548229586705,165305614,-0.00582484295591712,0.5698884129524231,0.8216901421546936,-0.0044301170855760574,0.03342338278889656,-0.14424990117549896,-9.847016334533691,0.696620523929596,0.019433634355664253,0.1571274995803833
1781548229614351,165322281,-0.005821875296533108,0.5699094533920288,0.8216754794120789,-0.0044320086017251015,0.036412790417671204,-0.1465994417667389,-9.86229133605957,0.7310441136360168,0.0156557634472847,0.1528373807668686
1781548229616109,165338948,-0.005822852253913879,0.5699183344841003,0.821669340133667,-0.004431940149515867,0.033394623547792435,-0.1371082067489624,-9.863945007324219,0.7349371910095215,0.04698009416460991,0.1999775469303131
1781548229644511,165355615,-0.005838894750922918,0.5699277520179749,0.8216626048088074,-0.004438834264874458,0.02117808535695076,-0.15383325517177582,-9.879695892333984,0.8333284258842468,0.10483919084072113,0.20696984231472015
1781548229673866,165372282,-0.005842250306159258,0.5699341893196106,0.8216580152511597,-0.004435101058334112,0.03327285125851631,-0.14461109042167664,-9.845247268676758,0.7235267162322998,0.07474425435066223,0.1853783130645752
1781548229675522,165388949,-0.0058336709626019,0.5699383020401001,0.8216553330421448,-0.004443148151040077,0.024339791387319565,-0.13671840727329254,-9.862303733825684,0.7436583638191223,-0.03964846208691597,0.12220460176467896
1781548229703866,165405616,-0.005824384745210409,0.5699455738067627,0.8216503262519836,-0.004449464846402407,0.03748590499162674,-0.143996000289917,-9.872611045837402,0.731261670589447,-0.03724086284637451,0.09969102591276169
1781548229706763,165422283,-0.005817092955112457,0.5699492692947388,0.8216478228569031,-0.004456766881048679,0.03351621329784393,-0.1438886970281601,-9.862882614135742,0.7441962361335754,-0.0290191899985075,0.15137745440006256
1781548229733816,165438950,-0.005810929462313652,0.5699481964111328,0.8216485977172852,-0.004458004608750343,0.018538983538746834,-0.13528791069984436,-9.8662109375,0.7146007418632507,0.0003521745966281742,0.07643469423055649
1781548229735662,165455617,-0.005811262875795364,0.5699694156646729,0.8216339349746704,-0.004460448399186134,0.025076543912291527,-0.15061911940574646,-9.833494186401367,0.7470263242721558,0.03236804157495499,0.17459535598754883
1781548229763803,165472284,-0.0058067794889211655,0.5699800252914429,0.8216266632080078,-0.004468155093491077,0.04412682354450226,-0.15468527376651764,-9.847859382629395,0.7577196359634399,-0.015137105248868465,0.15114693343639374
1781548229765553,165488951,-0.005804030224680901,0.5699744820594788,0.8216304779052734,-0.004471114836633205,0.02771560661494732,-0.13642515242099762,-9.83877944946289,0.7377673387527466,0.012928009033203125,0.06347466260194778
1781548229794033,165505618,-0.005815332289785147,0.5699694752693176,0.8216338753700256,-0.004482158459722996,0.032813068479299545,-0.13657061755657196,-9.863611221313477,0.838079571723938,0.06183546409010887,0.14881619811058044
1781548229824114,165522285,-0.005803824868053198,0.5699730515480042,0.8216312527656555,-0.0044832732528448105,0.02992938831448555,-0.1426263153553009,-9.850563049316406,0.6929835677146912,-0.029044799506664276,0.11621121317148209
1781548229825458,165538952,-0.005803887266665697,0.5699881315231323,0.821620762348175,-0.004490924067795277,0.024139398708939552,-0.1387997567653656,-9.861416816711426,0.7753411531448364,0.010661286301910877,0.16411975026130676
1781548229854087,165555619,-0.005806579254567623,0.5699660181999207,0.8216361403465271,-0.004482621792703867,0.029400000348687172,-0.1559297889471054,-9.879873275756836,0.6951863169670105,0.08863915503025055,0.050719548016786575
1781548229856412,165572286,-0.005803203675895929,0.5699799060821533,0.8216265439987183,-0.004484350793063641,0.03608393296599388,-0.14073805510997772,-9.845155715942383,0.7284571528434753,0.014221451245248318,0.143142968416214
1781548229883711,165588953,-0.005805696826428175,0.5699825286865234,0.8216246962547302,-0.004485415294766426,0.036491747945547104,-0.1596168577671051,-9.858316421508789,0.7475002408027649,0.050373777747154236,0.1261233389377594
1781548229886055,165605620,-0.005817477125674486,0.5699766874313354,0.8216286897659302,-0.004486131481826305,0.040511198341846466,-0.1490849256515503,-9.890028953552246,0.7820132374763489,0.10396833717823029,0.07202930003404617
1781548229913703,165622287,-0.005820651073008776,0.5699754953384399,0.821629524230957,-0.004489237908273935,0.03494669869542122,-0.14895617961883545,-9.853710174560547,0.7619329690933228,0.04571225866675377,0.0765499472618103
1781548229915730,165638954,-0.005820364225655794,0.5699643492698669,0.8216372132301331,-0.004492717795073986,0.035436637699604034,-0.14587350189685822,-9.848932266235352,0.7502534985542297,0.024991590529680252,0.05976082757115364
1781548229944139,165655621,-0.00581213878467679,0.5699743032455444,0.8216304779052734,-0.004492123611271381,0.03724246844649315,-0.14018015563488007,-9.876935958862305,0.6961723566055298,-0.003662616480141878,0.15898443758487701
1781548229974412,165672288,-0.005810177884995937,0.5699694752693176,0.8216338157653809,-0.004489324055612087,0.03366992250084877,-0.1352771818637848,-9.863286018371582,0.7082744240760803,0.040039051324129105,0.07429604232311249
1781548229975629,165688955,-0.005814701784402132,0.5699734687805176,0.8216310739517212,-0.004488454665988684,0.05060691013932228,-0.1370474100112915,-9.863151550292969,0.7444906830787659,0.06927594542503357,0.12490672618150711
1781548230003965,165705622,-0.005817953962832689,0.5699774026870728,0.821628212928772,-0.004492354579269886,0.03856581822037697,-0.14361333847045898,-9.866305351257324,0.7664791941642761,0.0437016636133194,0.14542248845100403
1781548230006052,165722289,-0.005826602689921856,0.5699771046638489,0.8216283917427063,-0.004487776663154364,0.03506113588809967,-0.14212921261787415,-9.865754127502441,0.7395731210708618,0.10759255290031433,0.1442955583333969
1781548230033848,165738956,-0.005818943027406931,0.5699628591537476,0.8216381669044495,-0.004495629575103521,0.038208089768886566,-0.13550962507724762,-9.859098434448242,0.7457969188690186,-0.03291231766343117,0.1066448763012886
1781548230036199,165755623,-0.005818708799779415,0.5699454545974731,0.8216503262519836,-0.004490791819989681,0.03109154663980007,-0.14302682876586914,-9.85041618347168,0.702998161315918,0.0594150573015213,0.14190076291561127
1781548230064115,165772290,-0.005818711593747139,0.5699413418769836,0.8216530680656433,-0.0044850255362689495,0.037314146757125854,-0.13230536878108978,-9.860894203186035,0.699130654335022,0.06306487321853638,0.10129182785749435
1781548230065811,165788957,-0.005822344217449427,0.5699298977851868,0.8216609954833984,-0.00449203047901392,0.02854539267718792,-0.14918507635593414,-9.866466522216797,0.7853557467460632,0.03390480950474739,0.09865371137857437
1781548230094344,165805624,-0.0058148521929979324,0.5699281096458435,0.821662187576294,-0.004496799316257238,0.03697073459625244,-0.13218733668327332,-9.855700492858887,0.7293791770935059,-0.020823122933506966,0.09620769321918488
1781548230123939,165822291,-0.005807498004287481,0.5699223875999451,0.8216662406921387,-0.004501757211983204,0.03981749340891838,-0.15158827602863312,-9.866802215576172,0.7307111024856567,-0.02000351808965206,0.13880160450935364
1781548230127240,165838958,-0.0058112298138439655,0.5699319839477539,0.8216595649719238,-0.004505272954702377,0.03933844715356827,-0.14037328958511353,-9.836204528808594,0.7662230730056763,0.0476844422519207,0.15787029266357422
1781548230154755,165855625,-0.005808657966554165,0.5699321627616882,0.8216593861579895,-0.00450835470110178,0.02533385157585144,-0.1430339813232422,-9.85873794555664,0.7389968037605286,0.013952517881989479,0.13006767630577087
1781548230155744,165872292,-0.005804114043712616,0.5699272751808167,0.8216627836227417,-0.004507674369961023,0.01920780912041664,-0.14251543581485748,-9.861266136169434,0.7097726464271545,0.018332289531826973,0.16443993151187897
1781548230183918,165888959,-0.0058083124458789825,0.5699245929718018,0.8216646313667297,-0.004505387041717768,0.01769149675965309,-0.1330849826335907,-9.846353530883789,0.7352445721626282,0.07296417653560638,0.09843599796295166
1781548230186111,165905626,-0.005807476583868265,0.5699218511581421,0.8216665387153625,-0.004502045921981335,0.03743573650717735,-0.1300237476825714,-9.848814010620117,0.7095678448677063,0.048708945512771606,0.10124059021472931
1781548230214385,165922293,-0.005798103287816048,0.5699227452278137,0.8216660022735596,-0.0045056710951030254,0.03945629671216011,-0.140705868601799,-9.864152908325195,0.7154715061187744,-0.026650013402104378,0.1314123421907425
1781548230215455,165938960,-0.005805289838463068,0.5699343681335449,0.8216578960418701,-0.004501944873481989,0.02749030478298664,-0.1452440768480301,-9.864617347717285,0.7387919425964355,0.0956186056137085,0.1672189086675644
1781548230244521,165955627,-0.005797494202852249,0.5699354410171509,0.8216572403907776,-0.004501899238675833,0.03484656289219856,-0.12906531989574432,-9.865078926086426,0.7010899782180786,-0.003829098539426923,0.09495268017053604
1781548230274036,165972294,-0.005800022277981043,0.5699410438537598,0.821653425693512,-0.004500401206314564,0.041873812675476074,-0.13219808042049408,-9.848609924316406,0.7332595586776733,0.06033711135387421,0.12791623175144196
1781548230276211,165988961,-0.005801873281598091,0.5699378252029419,0.8216556310653687,-0.004504523240029812,0.02886356972157955,-0.1503830999135971,-9.860944747924805,0.7621634602546692,0.035134218633174896,0.14128606021404266
1781548230303834,166005628,-0.005802440457046032,0.5699523687362671,0.8216456174850464,-0.004503466654568911,0.028588201850652695,-0.13871392607688904,-9.840917587280273,0.7283419370651245,0.04681361839175224,0.11481533199548721
1781548230306341,166022295,-0.005808668676763773,0.5699539184570312,0.8216444253921509,-0.004508773796260357,0.03254706412553787,-0.14064866304397583,-9.856853485107422,0.7862266302108765,0.054535843431949615,0.10819444060325623
1781548230333834,166038962,-0.005811022594571114,0.5699517726898193,0.8216459155082703,-0.004503988660871983,0.029578810557723045,-0.14461109042167664,-9.854754447937012,0.7138194441795349,0.07278488576412201,0.13939069211483002
1781548230336147,166055629,-0.0058144209906458855,0.569957971572876,0.8216416239738464,-0.004505223128944635,0.02977919764816761,-0.14962492883205414,-9.8921480178833,0.7521745562553406,0.05429251119494438,0.1141749918460846
1781548230364421,166072296,-0.005820448510348797,0.5699602961540222,0.8216399550437927,-0.004502167925238609,0.024167850613594055,-0.15842239558696747,-9.86536693572998,0.7380363345146179,0.08680783957242966,0.15495042502880096
1781548230366002,166088963,-0.005811295472085476,0.5699655413627625,0.8216363191604614,-0.004502864554524422,0.044266294687986374,-0.15080508589744568,-9.851889610290527,0.6995275616645813,-0.013126508332788944,0.20630387961864471
1781548230394462,166105630,-0.00579980481415987,0.5699592232704163,0.8216407895088196,-0.00450446642935276,0.021063996478915215,-0.14287306368350983,-9.868795394897461,0.6954679489135742,-0.030146144330501556,0.14156778156757355
1781548230424784,166122297,-0.005793081130832434,0.5699521899223328,0.8216457366943359,-0.004505989141762257,0.026277970522642136,-0.14119581878185272,-9.860147476196289,0.7139732241630554,-0.003470520954579115,0.0986921414732933
1781548230426131,166138964,-0.0057873656041920185,0.5699543356895447,0.8216443061828613,-0.004515752661973238,0.031352609395980835,-0.1427014023065567,-9.867010116577148,0.7645326256752014,-0.030107727274298668,0.13454991579055786
1781548230454734,166155631,-0.005791500676423311,0.5699623227119446,0.8216387629508972,-0.004509528633207083,0.03988901525735855,-0.14723245799541473,-9.846564292907715,0.7130255103111267,0.08775550872087479,0.12932491302490234
1781548230455623,166172298,-0.005796409677714109,0.5699266791343689,0.8216634392738342,-0.004509888589382172,0.037643156945705414,-0.1393647938966751,-9.856921195983887,0.7521745562553406,0.06877648830413818,0.12059099227190018
1781548230485952,166188965,-0.005789017770439386,0.5699121952056885,0.8216733932495117,-0.004518050234764814,0.031864069402217865,-0.1469678282737732,-9.856983184814453,0.7487680912017822,-0.03339896351099014,0.06065727770328522
1781548230486634,166205632,-0.005801941268146038,0.5698884725570679,0.8216897249221802,-0.0045050764456391335,0.03763600438833237,-0.16166244447231293,-9.85055923461914,0.7086714506149292,0.16502903401851654,0.08131392300128937
1781548230513933,166222299,-0.005797334015369415,0.5698922872543335,0.8216872215270996,-0.004504472017288208,0.02537691406905651,-0.14033754169940948,-9.865765571594238,0.7101953029632568,0.016897978261113167,0.15022487938404083
1781548230517502,166238966,-0.0057999249547719955,0.5698853135108948,0.8216919898986816,-0.004512318875640631,0.03923814743757248,-0.13773761689662933,-9.868261337280273,0.7861753702163696,0.0243256613612175,0.09855125844478607
1781548230544861,166255633,-0.005803097505122423,0.5698901414871216,0.8216884732246399,-0.004519173409789801,0.040532734245061874,-0.14393161237239838,-9.866920471191406,0.7827048897743225,0.03190701827406883,0.1790647953748703
1781548230573822,166272300,-0.005805661901831627,0.5698925256729126,0.8216870427131653,-0.0045203836634755135,0.03941338136792183,-0.14605945348739624,-9.857436180114746,0.7486527562141418,0.04989993944764137,0.11923351883888245
1781548230576053,166288967,-0.005798767786473036,0.5699072480201721,0.8216767311096191,-0.004516055807471275,0.03153499588370323,-0.13068892061710358,-9.875174522399902,0.6805998086929321,0.017794422805309296,0.14351435005664825
1781548230604224,166305634,-0.005788666196167469,0.5699055790901184,0.8216779232025146,-0.0045199887827038765,0.022934217005968094,-0.14971791207790375,-9.87356185913086,0.7141268253326416,-0.03156765177845955,0.1572299599647522
1781548230607031,166322301,-0.005787730682641268,0.5699330568313599,0.8216588497161865,-0.0045208800584077835,0.03198559954762459,-0.15280060470104218,-9.850523948669434,0.7332980036735535,0.031215479597449303,0.21531958878040314
1781548230633863,166338968,-0.005789981689304113,0.569926917552948,0.8216632008552551,-0.004519681911915541,0.03967086598277092,-0.14185383915901184,-9.857382774353027,0.733925461769104,0.05741726607084274,0.07397586852312088
1781548230636033,166355635,-0.005796724930405617,0.5699406266212463,0.8216537237167358,-0.00451305229216814,0.031209560111165047,-0.13304206728935242,-9.868021965026855,0.7208501696586609,0.10413482785224915,0.15954789519309998
1781548230663833,166372302,-0.00580621836706996,0.5699338316917419,0.821658194065094,-0.0045215068385005,0.05369675159454346,-0.15960612893104553,-9.868990898132324,0.8166545033454895,0.061092689633369446,0.113265760242939
1781548230666032,166388969,-0.005802404601126909,0.5699321627616882,0.821659505367279,-0.004515831358730793,0.0351576954126358,-0.14569826424121857,-9.870672225952148,0.6845825910568237,0.041396524757146835,0.14237460494041443
1781548230694472,166405636,-0.005806867964565754,0.5699290037155151,0.8216617107391357,-0.004517694469541311,0.025948960334062576,-0.1445288360118866,-9.85236930847168,0.7598326802253723,0.058006349951028824,0.09488863497972488
1781548230723855,166422303,-0.005794729106128216,0.5699239373207092,0.8216652274131775,-0.0045228395611047745,0.030054446309804916,-0.15497136116027832,-9.845388412475586,0.7132816314697266,-0.04861290007829666,0.08894649893045425
1781548230727051,166438970,-0.005802219733595848,0.5699277520179749,0.821662425994873,-0.004527186043560505,0.018935855478048325,-0.1355239450931549,-9.863335609436035,0.7856503129005432,0.0657285824418068,0.1485728621482849
1781548230754393,166455637,-0.005794558208435774,0.569936215877533,0.8216565847396851,-0.004532744642347097,0.0243251770734787,-0.1397724747657776,-9.849845886230469,0.7329393625259399,-0.024396095424890518,0.18258652091026306
1781548230755618,166472304,-0.005783878732472658,0.5699365139007568,0.8216564655303955,-0.0045265513472259045,0.027937332168221474,-0.14270855486392975,-9.865118026733398,0.6546926498413086,0.004860009998083115,0.16554127633571625
1781548230784400,166488971,-0.005787630099803209,0.569935142993927,0.8216574192047119,-0.004528897348791361,0.028030313551425934,-0.14854849874973297,-9.851850509643555,0.7598199844360352,0.05229472741484642,0.11315049976110458
1781548230786765,166505638,-0.005800879560410976,0.569966197013855,0.8216357827186584,-0.004529489669948816,0.043000318109989166,-0.14947116374969482,-9.860429763793945,0.7878530025482178,0.11073010414838791,0.10828408598899841
1781548230814417,166522305,-0.005801189225167036,0.5699591040611267,0.8216407895088196,-0.004532661288976669,0.036148302257061005,-0.14381001889705658,-9.839844703674316,0.7510731816291809,0.029025590047240257,0.051321446895599365
1781548230816160,166538972,-0.005802785977721214,0.569962739944458,0.821638286113739,-0.004536548163741827,0.02778713032603264,-0.12873989343643188,-9.844944953918457,0.7599607706069946,0.0341225191950798,0.14114518463611603
1781548230844037,166555639,-0.005790372844785452,0.5699566006660461,0.8216426968574524,-0.004532190505415201,0.02646750956773758,-0.13670767843723297,-9.858845710754395,0.6583552360534668,-0.012242870405316353,0.13273140788078308
1781548230873725,166572306,-0.005770341958850622,0.569940447807312,0.8216538429260254,-0.004530787467956543,0.03328726440668106,-0.14084888994693756,-9.853358268737793,0.6451006531715393,-0.0669131726026535,0.08502776175737381
1781548230875969,166588973,-0.005761688109487295,0.5699415802955627,0.8216531276702881,-0.004536117892712355,0.0379006452858448,-0.14559097588062286,-9.880152702331543,0.7279192805290222,-0.02936495840549469,0.13770027458667755
1781548230904937,166605640,-0.005759784020483494,0.5699578523635864,0.8216419219970703,-0.004531428683549166,0.035625942051410675,-0.13909657299518585,-9.880659103393555,0.6976194977760315,0.04863210767507553,0.24418503046035767
1781548230905500,166622307,-0.005761523265391588,0.5699621438980103,0.8216388821601868,-0.004523878917098045,0.03481779992580414,-0.13851365447044373,-9.865503311157227,0.6958778500556946,0.07993082702159882,0.15976561605930328
1781548230933813,166638974,-0.005758118815720081,0.5699594020843506,0.8216409087181091,-0.004518683534115553,0.03849443420767784,-0.1412065327167511,-9.883017539978027,0.6889111399650574,0.0418703556060791,0.14556336402893066
1781548230935415,166655641,-0.005758051294833422,0.5699500441551208,0.8216474056243896,-0.0045144520699977875,0.03590869903564453,-0.14083819091320038,-9.865242958068848,0.7076083421707153,0.056315917521715164,0.06786724179983139
1781548230963822,166672308,-0.005761397071182728,0.5699470043182373,0.8216493129730225,-0.004510749131441116,0.04014292731881142,-0.14519043266773224,-9.869430541992188,0.7242438793182373,0.07305381447076797,0.0677776038646698
1781548230966191,166688975,-0.005753379315137863,0.5699475407600403,0.821648895740509,-0.004523107316344976,0.023860454559326172,-0.1334497481584549,-9.862507820129395,0.7700393199920654,-0.053248800337314606,0.14493584632873535
1781548230994056,166705642,-0.005756096448749304,0.5699582695960999,0.8216416835784912,-0.004522749688476324,0.04089750722050667,-0.13991554081439972,-9.864335060119629,0.7404054999351501,0.05716114118695259,0.18532708287239075
1781548231023817,166722309,-0.00575721962377429,0.5699567794799805,0.8216426968574524,-0.004519768990576267,0.03178161755204201,-0.14599865674972534,-9.861058235168457,0.7192238569259644,0.05862106755375862,0.1384686529636383
1781548231026008,166738976,-0.005747321527451277,0.5699707865715027,0.8216330409049988,-0.0045192427933216095,0.03558666259050369,-0.1340433806180954,-9.86372184753418,0.6900765299797058,-0.013561923988163471,0.18626192212104797
1781548231053774,166755643,-0.005742802284657955,0.5699647665023804,0.8216372728347778,-0.004524309653788805,0.043200667947530746,-0.14693564176559448,-9.865039825439453,0.7427105903625488,-0.0053786663338541985,0.08415692299604416
1781548231055944,166772310,-0.005748491734266281,0.5699683427810669,0.8216347694396973,-0.004532943479716778,0.030311932787299156,-0.13656820356845856,-9.860050201416016,0.8028749227523804,0.03869438171386719,0.14791975915431976
1781548231083828,166788977,-0.005741961300373077,0.5699864029884338,0.8216223120689392,-0.004541931673884392,0.033595070242881775,-0.13446183502674103,-9.846121788024902,0.7571818232536316,-0.03231041878461838,0.17098397016525269
1781548231085945,166805644,-0.005754832644015551,0.5699793100357056,0.8216269016265869,-0.004548115190118551,0.031806789338588715,-0.16185913980007172,-9.871312141418457,0.8173972368240356,0.08802444487810135,0.049310848116874695
1781548231113823,166822311,-0.005756140220910311,0.5699883103370667,0.8216207027435303,-0.004551317542791367,0.028141174465417862,-0.14279796183109283,-9.856095314025879,0.7553505301475525,0.03418654948472977,0.09928122907876968
1781548231115962,166838978,-0.005761166103184223,0.5699818134307861,0.8216251730918884,-0.004548727534711361,0.02825203724205494,-0.13273093104362488,-9.860987663269043,0.7366403937339783,0.07941856980323792,0.14333505928516388
1781548231144038,166855645,-0.005779244005680084,0.5699771642684937,0.821628212928772,-0.004547984339296818,0.04111224040389061,-0.148995503783226,-9.852726936340332,0.7982390522956848,0.1458066999912262,0.14379610121250153
1781548231173831,166872312,-0.005782781634479761,0.5699948072433472,0.8216161131858826,-0.004543705377727747,0.038973379880189896,-0.13793431222438812,-9.872380256652832,0.7218748331069946,0.07601209729909897,0.12894074618816376
1781548231175612,166888979,-0.005779746454209089,0.570008397102356,0.8216066360473633,-0.004542231559753418,0.019497482106089592,-0.15191012620925903,-9.851335525512695,0.7116039991378784,0.028961559757590294,0.188836008310318
1781548231203810,166905646,-0.005781279876828194,0.5700230598449707,0.8215963840484619,-0.00453481450676918,0.01863902062177658,-0.14785471558570862,-9.848766326904297,0.6960699558258057,0.07784339040517807,0.1782451868057251
1781548231205696,166922313,-0.005794980563223362,0.5700269341468811,0.8215937614440918,-0.0045277150347828865,0.025855978950858116,-0.1475006639957428,-9.853745460510254,0.7453615069389343,0.1455889791250229,0.15297822654247284
1781548231234102,166938980,-0.00578897912055254,0.5700196623802185,0.8215988278388977,-0.004527580458670855,0.03700666502118111,-0.12627945840358734,-9.849841117858887,0.7076596021652222,0.0064992220140993595,0.07319469004869461
1781548231236063,166955647,-0.005792224779725075,0.5700186491012573,0.8215999007225037,-0.004480773117393255,0.04020730033516884,-0.14643853902816772,-9.847823143005371,0.6914724111557007,0.001158974482677877,0.20737960934638977
1781548231264492,166972314,-0.005792928393930197,0.5700170397758484,0.8216009736061096,-0.004483336582779884,0.028727807104587555,-0.15099462866783142,-9.862339973449707,0.7492546439170837,0.03400725498795509,0.1292864978313446
1781548231266967,166988981,-0.005787168629467487,0.5700256824493408,0.8215948939323425,-0.004480237606912851,0.026260090991854668,-0.1467103213071823,-9.852522850036621,0.6920614838600159,0.019395215436816216,0.15527059137821198
1781548231295687,167005648,-0.0057867467403411865,0.5700287222862244,0.8215927481651306,-0.0044812546111643314,0.03454258665442467,-0.13544528186321259,-9.875450134277344,0.7361538410186768,0.033226072788238525,0.11884932219982147
1781548231323989,167022315,-0.005795115139335394,0.570025622844696,0.8215949535369873,-0.00447766063734889,0.021739764139056206,-0.13030268251895905,-9.8564453125,0.7442601919174194,0.10212422162294388,0.17318665981292725
1781548231325794,167038982,-0.00579077610746026,0.5700233578681946,0.8215965032577515,-0.004474334884434938,0.021267704665660858,-0.15661999583244324,-9.862847328186035,0.6963644623756409,0.028026698157191277,0.09049607068300247
1781548231354235,167055649,-0.005790698807686567,0.570027232170105,0.8215938806533813,-0.004463277291506529,0.03786488249897957,-0.1362677961587906,-9.845756530761719,0.6694071292877197,0.08270980417728424,0.1342681646347046
1781548231356491,167072316,-0.0057906596921384335,0.5700220465660095,0.8215975165367126,-0.004468425177037716,0.025444624945521355,-0.1540379524230957,-9.852203369140625,0.7610876560211182,0.019254345446825027,0.08523266017436981
1781548231383817,167088983,-0.005770756863057613,0.5700313448905945,0.8215911388397217,-0.0044768997468054295,0.045722026377916336,-0.13876403868198395,-9.861488342285156,0.7016790509223938,-0.10489679872989655,0.2246425747871399
1781548231387129,167105650,-0.005761200562119484,0.5700332522392273,0.8215897679328918,-0.004486885853111744,0.044484443962574005,-0.14717523753643036,-9.856184959411621,0.750829815864563,-0.052582867443561554,0.18503253161907196
1781548231413821,167122317,-0.005755890626460314,0.5700317025184631,0.8215910196304321,-0.00448037451133132,0.03115234151482582,-0.14654582738876343,-9.86135196685791,0.6747601628303528,0.03473722189664841,0.0618610717356205
1781548231415791,167138984,-0.005748639814555645,0.5700362324714661,0.8215879797935486,-0.004476101137697697,0.033866509795188904,-0.13183686137199402,-9.848122596740723,0.6792680025100708,0.016334498301148415,0.1882341355085373
1781548231444159,167155651,-0.0057439496740698814,0.5700445771217346,0.8215823173522949,-0.0044684698805212975,0.027919450774788857,-0.1300809681415558,-9.86711311340332,0.6706749796867371,0.043240636587142944,0.15516813099384308
1781548231474362,167172318,-0.005757634993642569,0.5700423121452332,0.8215838670730591,-0.0044634342193603516,0.024103637784719467,-0.12907962501049042,-9.863451957702637,0.7570921182632446,0.1374441236257553,0.15073712170124054
1781548231475237,167188985,-0.005770489573478699,0.5700334310531616,0.8215897679328918,-0.004450474865734577,0.033508963882923126,-0.15940943360328674,-9.877833366394043,0.7092220783233643,0.1634538471698761,0.09721940010786057
1781548231504782,167205652,-0.0057610864751040936,0.5700430274009705,0.8215831518173218,-0.004450748674571514,0.03824753686785698,-0.13297054171562195,-9.881836891174316,0.6973505616188049,-0.015828648582100868,0.05240999162197113
1781548231505855,167222319,-0.005756909027695656,0.5700339674949646,0.821589469909668,-0.004450370091944933,0.027486613020300865,-0.14691773056983948,-9.849810600280762,0.7134096622467041,0.018293870612978935,0.11855478584766388
1781548231534308,167238986,-0.005757073871791363,0.5700443983078003,0.8215824365615845,-0.004439644981175661,0.024897446855902672,-0.14309120178222656,-9.867165565490723,0.672416627407074,0.08204387128353119,0.11376521736383438
1781548231535273,167255653,-0.005754627287387848,0.5700422525405884,0.8215838670730591,-0.004440522752702236,0.040203724056482315,-0.1403840184211731,-9.860264778137207,0.7273430228233337,0.02298099175095558,0.14298929274082184
1781548231564003,167272320,-0.005750373005867004,0.5700413584709167,0.8215845227241516,-0.004450422711670399,0.025058483704924583,-0.13109660148620605,-9.837138175964355,0.771332859992981,-0.023179491981863976,0.10463428497314453
1781548231565939,167288987,-0.005747109651565552,0.5700380206108093,0.8215868473052979,-0.004447823856025934,0.022884150967001915,-0.1421363651752472,-9.868629455566406,0.7048038244247437,0.03103618696331978,0.06953208148479462
1781548231594674,167305654,-0.005748328752815723,0.5700485706329346,0.8215795159339905,-0.004446124192327261,0.02636362984776497,-0.14765086770057678,-9.872462272644043,0.7273815274238586,0.05340887978672981,0.16838429868221283
1781548231653828,167322321,-0.005748809780925512,0.5700401663780212,0.8215853571891785,-0.004447347018867731,0.034961096942424774,-0.14665311574935913,-9.864381790161133,0.7408024072647095,0.03786196559667587,0.09058570861816406
1781548231655286,167338988,-0.005750150885432959,0.5700410008430481,0.8215847611427307,-0.004438441246747971,0.03642361983656883,-0.1401873081922531,-9.851384162902832,0.6875024437904358,0.08124988526105881,0.053421683609485626
1781548231657249,167355655,-0.005757227074354887,0.5700508952140808,0.8215780258178711,-0.00442493986338377,0.02786223031580448,-0.13085700571537018,-9.856359481811523,0.6837886571884155,0.13246247172355652,0.1306951940059662
1781548231683837,167372322,-0.005754697136580944,0.5700504779815674,0.821578323841095,-0.0044237482361495495,0.01734471507370472,-0.15497137606143951,-9.849847793579102,0.7154971361160278,0.030075710266828537,0.11090938746929169
1781548231688957,167388989,-0.0057616084814071655,0.5700425505638123,0.8215837478637695,-0.004416381474584341,0.02890654280781746,-0.14360974729061127,-9.86821174621582,0.717661440372467,0.10729800909757614,0.05903087183833122
1781548231689372,167405656,-0.005757092963904142,0.5700402855873108,0.8215853571891785,-0.004418451804667711,0.039180926978588104,-0.15496063232421875,-9.853888511657715,0.726100742816925,0.006204676348716021,0.11171618849039078
1781548231713712,167422323,-0.005769061855971813,0.5700425505638123,0.82158362865448,-0.0044267261400818825,0.03403118997812271,-0.13713324069976807,-9.851675033569336,0.8259775638580322,0.07433445751667023,0.08687186986207962
1781548231715377,167438990,-0.005767239257693291,0.5700371265411377,0.8215873837471008,-0.004422537516802549,0.02622075192630291,-0.1494532823562622,-9.86594009399414,0.7011027932167053,0.04641661047935486,0.12952981889247894
1781548231744035,167455657,-0.0057687112130224705,0.5700355768203735,0.8215885162353516,-0.00442454544827342,0.027372291311621666,-0.14229728281497955,-9.879118919372559,0.7492547035217285,0.04035920649766922,0.11361152678728104
1781548231773818,167472324,-0.005768974311649799,0.5700358152389526,0.8215883374214172,-0.004435401409864426,0.033676985651254654,-0.13616406917572021,-9.869962692260742,0.7943586111068726,-0.0009092508116737008,0.1456017941236496
1781548231775573,167488991,-0.005773795768618584,0.5700357556343079,0.8215882182121277,-0.004433472640812397,0.03557610884308815,-0.14712874591350555,-9.86240005493164,0.7401493787765503,0.07464180886745453,0.1265203356742859
1781548231803801,167505658,-0.005775709170848131,0.5700340270996094,0.8215894103050232,-0.004433575551956892,0.03855866566300392,-0.15334062278270721,-9.88638973236084,0.7401750087738037,0.05028412863612175,0.12321629375219345
1781548231805701,167522325,-0.005771214608103037,0.5700362920761108,0.8215879797935486,-0.0044336519204080105,0.03148135170340538,-0.14259053766727448,-9.873636245727539,0.7149080634117126,0.014247062616050243,0.13708558678627014
1781548231833796,167538992,-0.005763414315879345,0.5700205564498901,0.8215989470481873,-0.004440575838088989,0.036366451531648636,-0.14986811578273773,-9.864609718322754,0.7409433722496033,-0.032348837703466415,-0.010104209184646606
1781548231835272,167555659,-0.00577763095498085,0.5700092911720276,0.8216066360473633,-0.004447180777788162,0.03191407397389412,-0.12988069653511047,-9.842927932739258,0.8249658346176147,0.09478619694709778,0.11865722388029099
1781548231863831,167572326,-0.005774443969130516,0.5699992775917053,0.8216134905815125,-0.004457577597349882,0.04259629175066948,-0.13751232624053955,-9.848424911499023,0.7783122658729553,-0.01899181492626667,0.08077603578567505
1781548231866025,167588993,-0.005767113994807005,0.570002555847168,0.821611225605011,-0.004464390687644482,0.027311494573950768,-0.13408631086349487,-9.838160514831543,0.7417629361152649,-0.027981871739029884,0.15935581922531128
1781548231894035,167605660,-0.0057657016441226006,0.5700008869171143,0.8216124176979065,-0.0044730789959430695,0.0352327935397625,-0.141388937830925,-9.846854209899902,0.775763750076294,-0.002458818955346942,0.0981670692563057
1781548231923853,167622327,-0.00577442767098546,0.5699875950813293,0.8216215372085571,-0.004471427295356989,0.039019931107759476,-0.13874611258506775,-9.867091178894043,0.7569512724876404,0.09545212239027023,0.06478091329336166
1781548231926761,167638994,-0.005769849289208651,0.5699870586395264,0.8216219544410706,-0.004471814259886742,0.029249798506498337,-0.1387246549129486,-9.843073844909668,0.7163680195808411,0.012441368773579597,0.1250091940164566
1781548231953721,167655661,-0.0057730344124138355,0.5699738264083862,0.8216310739517212,-0.004467733670026064,0.02804461680352688,-0.14270855486392975,-9.86683464050293,0.7215033173561096,0.07357887923717499,0.058326516300439835
1781548231955821,167672328,-0.005772183183580637,0.5699625611305237,0.8216388821601868,-0.004471284803003073,0.04662309214472771,-0.1447577327489853,-9.843053817749023,0.7488449215888977,0.02102162130177021,0.07448813319206238
1781548231983839,167688995,-0.005774380639195442,0.5699653625488281,0.8216367959976196,-0.0044657522812485695,0.029049532487988472,-0.13978321850299835,-9.858180046081543,0.7094908952713013,0.07405271381139755,0.1473434418439865
1781548231985692,167705662,-0.0057743447832763195,0.5699540972709656,0.8216447830200195,-0.004468065686523914,0.030519353225827217,-0.14781895279884338,-9.859606742858887,0.7445546984672546,0.031778957694768906,0.1677439659833908
1781548232013730,167722329,-0.005763788241893053,0.5699592232704163,0.8216412663459778,-0.0044751400128006935,0.030505048111081123,-0.14604872465133667,-9.84557056427002,0.7306342720985413,-0.04752436652779579,0.15135183930397034
1781548232015556,167738996,-0.00575904780998826,0.5699558258056641,0.8216435313224792,-0.004494470078498125,0.03349391371011734,-0.15108245611190796,-9.866753578186035,0.822314977645874,-0.06185467541217804,0.17832203209400177
1781548232044324,167755663,-0.005752317141741514,0.5699569582939148,0.8216427564620972,-0.004495016764849424,0.046547915786504745,-0.14342021942138672,-9.839265823364258,0.7088251113891602,-0.00028173968894407153,0.13872478902339935
1781548232074064,167772330,-0.005741639528423548,0.5699702501296997,0.8216335773468018,-0.004500740207731724,0.03462841361761093,-0.1371225118637085,-9.841254234313965,0.722412645816803,-0.04250427708029747,0.21307843923568726
1781548232077395,167788997,-0.005736266728490591,0.5699874758720398,0.8216217160224915,-0.004497176967561245,0.02456875517964363,-0.13550250232219696,-9.85465145111084,0.6908961534500122,0.023698149248957634,0.22164589166641235
1781548232106213,167805664,-0.005731312558054924,0.5699888467788696,0.821620762348175,-0.004500381648540497,0.03134889900684357,-0.14161063730716705,-9.873706817626953,0.7307494878768921,-0.0007811873219907284,0.13475480675697327
1781548232108951,167822331,-0.005721546709537506,0.5699918270111084,0.8216188549995422,-0.004496769048273563,0.04019657149910927,-0.15369465947151184,-9.874320030212402,0.6735051870346069,-0.0012550223618745804,0.1400822550058365
1781548232134042,167838998,-0.005725592840462923,0.5699966549873352,0.8216153979301453,-0.004505583085119724,0.035386569797992706,-0.13426154851913452,-9.85439682006836,0.7977778911590576,0.02809072472155094,0.14452604949474335
1781548232136041,167855665,-0.005724701564759016,0.5700086355209351,0.8216070532798767,-0.0045034452341496944,0.029064038768410683,-0.13074612617492676,-9.844823837280273,0.7164319753646851,0.04347115382552147,0.20612458884716034
1781548232164046,167872332,-0.005723817739635706,0.5700094699859619,0.821606457233429,-0.004502997733652592,0.02632434107363224,-0.13502684235572815,-9.882682800292969,0.7261263728141785,0.03644046559929848,0.12068062275648117
1781548232166026,167888999,-0.00573163153603673,0.5700178742408752,0.8216004967689514,-0.004503731615841389,0.02541610598564148,-0.14595216512680054,-9.855669975280762,0.7670682668685913,0.08059675991535187,0.12952980399131775
1781548232194601,167905666,-0.0057344017550349236,0.5700106024742126,0.8216055631637573,-0.004506278783082962,0.018732303753495216,-0.15032228827476501,-9.859186172485352,0.7572329640388489,0.04584032669663429,0.12440726906061172
1781548232224141,167922333,-0.005734286271035671,0.5700201988220215,0.8215987682342529,-0.004515131935477257,0.03859085217118263,-0.1528792828321457,-9.854914665222168,0.781705915927887,0.0046423012390732765,0.18352137506008148
1781548232228220,167939000,-0.005740191787481308,0.5700217485427856,0.8215978145599365,-0.00450856564566493,0.03544389083981514,-0.14274072647094727,-9.865994453430176,0.7183144688606262,0.09842319041490555,0.10129182040691376
1781548232254300,167955667,-0.005734175909310579,0.5700097680091858,0.8216060996055603,-0.0045142811723053455,0.01833163946866989,-0.14166072010993958,-9.879437446594238,0.7400853633880615,-0.014522401615977287,0.22621779143810272
1781548232256908,167972334,-0.005739904940128326,0.570024847984314,0.8215956091880798,-0.0045130145736038685,0.030597804114222527,-0.13845287263393402,-9.86024284362793,0.7473978400230408,0.07748483121395111,0.21770155429840088
1781548232284336,167989001,-0.005735097918659449,0.5700160264968872,0.8216018676757812,-0.0045145172625780106,0.03791137412190437,-0.14345955848693848,-9.86246109008789,0.7219899296760559,0.006012581288814545,0.04498230293393135
1781548232286218,168005668,-0.005724178161472082,0.5700149536132812,0.8216026425361633,-0.00451852148398757,0.02950013428926468,-0.1463276743888855,-9.889321327209473,0.7120010852813721,-0.037817154079675674,0.11065325886011124
1781548232313826,168022335,-0.005721191875636578,0.5700061321258545,0.8216087818145752,-0.0045214323326945305,0.029063835740089417,-0.14864148199558258,-9.86945915222168,0.7365508079528809,0.012185242027044296,0.14105553925037384
1781548232316561,168039002,-0.005714084021747112,0.569999098777771,0.8216136693954468,-0.004531417042016983,0.042442429810762405,-0.15063342452049255,-9.866323471069336,0.7608827948570251,-0.040058258920907974,0.06204035505652428
1781548232344658,168055669,-0.005700345616787672,0.5699958801269531,0.821615993976593,-0.004530861508101225,0.036799173802137375,-0.14853061735630035,-9.871201515197754,0.6754900813102722,-0.03663896769285202,0.05351133272051811
1781548232374472,168072336,-0.005696637090295553,0.5699867606163025,0.821622371673584,-0.004534611012786627,0.022226128727197647,-0.130295529961586,-9.839194297790527,0.7389199733734131,0.003630599472671747,0.054753538221120834
1781548232376130,168089003,-0.005692505277693272,0.5699870586395264,0.8216223120689392,-0.0045285397209227085,0.03338747099041939,-0.14829100668430328,-9.879118919372559,0.6816627979278564,0.03997502475976944,0.11801692098379135
1781548232404426,168105670,-0.005684767384082079,0.5699866414070129,0.8216224908828735,-0.004532694350928068,0.0310808178037405,-0.15119488537311554,-9.861394882202148,0.7253708243370056,-0.020682254806160927,0.09610525518655777
1781548232406890,168122337,-0.0056826225481927395,0.5700086355209351,0.8216071724891663,-0.004528954159468412,0.031166646629571915,-0.13599959015846252,-9.838700294494629,0.7026779055595398,0.042433835566043854,0.23621951043605804
1781548232434007,168139004,-0.0056897494941949844,0.5700037479400635,0.8216105103492737,-0.0045223538763821125,0.020645445212721825,-0.1340290904045105,-9.85669994354248,0.7227199077606201,0.10577403753995895,0.10208580642938614
1781548232436818,168155671,-0.0056940228678286076,0.5700028538703918,0.8216111063957214,-0.0045141540467739105,0.026524608954787254,-0.13228391110897064,-9.846305847167969,0.7026267647743225,0.0960284098982811,0.12394625693559647
1781548232463721,168172338,-0.0056900447234511375,0.5700202584266663,0.8215991854667664,-0.004516106564551592,0.026152610778808594,-0.1489633172750473,-9.863317489624023,0.7277016043663025,0.009534327313303947,0.19429151713848114
1781548232465622,168189005,-0.005688713863492012,0.5700275301933289,0.8215941190719604,-0.004521530587226152,0.029314368963241577,-0.14314128458499908,-9.867536544799805,0.7574635148048401,0.011327216401696205,0.18930986523628235
1781548232493910,168205672,-0.005697515793144703,0.5700280666351318,0.8215936422348022,-0.004527831915766001,0.0357014462351799,-0.13654674589633942,-9.88422966003418,0.8021448850631714,0.06516510993242264,0.15077555179595947
1781548232523729,168222339,-0.005704647861421108,0.5700268149375916,0.8215944170951843,-0.004532597493380308,0.04077581316232681,-0.147303968667984,-9.863188743591309,0.7871614098548889,0.060939013957977295,0.09241701662540436
1781548232525681,168239006,-0.005705779884010553,0.5700198411941528,0.8215991854667664,-0.004539261572062969,0.03225738927721977,-0.12993791699409485,-9.848689079284668,0.7744448184967041,0.019331185147166252,0.0481966957449913
1781548232553830,168255673,-0.005703996401280165,0.5700215101242065,0.8215980529785156,-0.004542346578091383,0.03259009122848511,-0.1296089142560959,-9.83463191986084,0.7427490949630737,0.017102878540754318,0.1121516153216362
1781548232556049,168272340,-0.005694151856005192,0.5700225234031677,0.8215973973274231,-0.004542612005025148,0.031231017783284187,-0.1433093547821045,-9.862593650817871,0.6950838565826416,-0.016904383897781372,0.1318349838256836
1781548232584297,168289007,-0.005691216327250004,0.5700138211250305,0.8216034173965454,-0.004552200902253389,0.03393463045358658,-0.12757404148578644,-9.833972930908203,0.7750210165977478,-0.015149911865592003,0.041639845818281174
1781548232585874,168305674,-0.005689653102308512,0.570016086101532,0.8216018676757812,-0.004559571389108896,0.025526966899633408,-0.13949353992938995,-9.860379219055176,0.767529308795929,0.0025036409497261047,0.17555582523345947
1781548232614261,168322341,-0.005686906632035971,0.5700220465660095,0.8215977549552917,-0.004563269671052694,0.0350755900144577,-0.15847247838974,-9.852934837341309,0.7424416542053223,0.009559939615428448,0.14433395862579346
1781548232616338,168339008,-0.005687736440449953,0.5700430274009705,0.8215831518173218,-0.0045692287385463715,0.03876608610153198,-0.13321372866630554,-9.847522735595703,0.7695271968841553,0.020048340782523155,0.14364242553710938
1781548232644518,168355675,-0.005695355124771595,0.5700365304946899,0.8215875029563904,-0.004568018019199371,0.04377998784184456,-0.1309356838464737,-9.851962089538574,0.7555041909217834,0.08682063966989517,0.0567641407251358
1781548232673845,168372342,-0.005686999764293432,0.5700223445892334,0.8215974569320679,-0.004576668608933687,0.030311932787299156,-0.13311001658439636,-9.862994194030762,0.7485759258270264,-0.042427435517311096,-0.003240006510168314
1781548232675854,168389009,-0.005681398790329695,0.5700262188911438,0.8215949535369873,-0.004567444324493408,0.0432400181889534,-0.1389356553554535,-9.861477851867676,0.6583168506622314,0.04372727870941162,0.10737483948469162
1781548232703832,168405676,-0.005678257439285517,0.5699951648712158,0.8216162919998169,-0.004576713778078556,0.027783554047346115,-0.14258696138858795,-9.850223541259766,0.7720114588737488,-0.014138209633529186,0.02312186360359192
1781548232705794,168422343,-0.0056725782342255116,0.5699877738952637,0.8216215968132019,-0.004571640398353338,0.028638267889618874,-0.12967327237129211,-9.86821460723877,0.6813169121742249,0.027476022019982338,0.10035695880651474
1781548232733879,168439010,-0.005669523496180773,0.5699836611747742,0.8216245174407959,-0.0045610773377120495,0.02515139803290367,-0.13501611351966858,-9.849066734313965,0.6608396768569946,0.06321854889392853,0.07320749759674072
1781548232736132,168455677,-0.005671252962201834,0.569983184337616,0.8216248750686646,-0.004559959750622511,0.03489319235086441,-0.14294099807739258,-9.877066612243652,0.7326576709747314,0.0539083257317543,0.13618911802768707
1781548232763758,168472344,-0.0056742290034890175,0.5699920058250427,0.8216186165809631,-0.004561248701065779,0.02929629012942314,-0.14600223302841187,-9.853269577026367,0.7512653470039368,0.051321446895599365,0.15615421533584595
1781548232765652,168489011,-0.005671883001923561,0.5699916481971741,0.8216188549995422,-0.004557891748845577,0.026288822293281555,-0.12984852492809296,-9.878490447998047,0.7039585709571838,0.039578020572662354,0.12687888741493225
1781548232794043,168505678,-0.005670665763318539,0.5700012445449829,0.8216121792793274,-0.004562209360301495,0.020073408260941505,-0.1286969780921936,-9.845592498779297,0.7519184350967407,0.015732601284980774,0.15235073864459991
1781548232823904,168522345,-0.005661780014634132,0.5700036287307739,0.821610689163208,-0.0045616403222084045,0.0335199274122715,-0.1384028047323227,-9.869463920593262,0.6941617131233215,-0.00817045010626316,0.14415466785430908
1781548232826121,168539012,-0.005655575077980757,0.5700036883354187,0.821610689163208,-0.004559131804853678,0.02063114009797573,-0.1305387169122696,-9.866909980773926,0.6937776207923889,0.01415742002427578,0.10905247926712036
1781548232853881,168555679,-0.0056524802930653095,0.5699993371963501,0.8216137290000916,-0.00455806590616703,0.04236375167965889,-0.13312432169914246,-9.877412796020508,0.7141396999359131,0.026195386424660683,0.0998062863945961
1781548232855571,168572346,-0.0056458585895597935,0.5700032711029053,0.8216109871864319,-0.004558390472084284,0.03167818859219551,-0.13682927191257477,-9.855606079101562,0.7080822587013245,0.0011077491799369454,0.14962299168109894
1781548232883849,168589013,-0.0056518083438277245,0.5700251460075378,0.8215958476066589,-0.0045541757717728615,0.03313355892896652,-0.13644303381443024,-9.84654712677002,0.7320173382759094,0.08918981999158859,0.18381594121456146
1781548232885572,168605680,-0.005646608304232359,0.5700344443321228,0.8215894103050232,-0.004553096368908882,0.03977815434336662,-0.1436777114868164,-9.851875305175781,0.7058283686637878,0.014400740154087543,0.16128957271575928
1781548232913859,168622347,-0.005646117497235537,0.5700308680534363,0.8215919137001038,-0.004554287064820528,0.04045770317316055,-0.14417122304439545,-9.841290473937988,0.7371783256530762,0.03168931230902672,0.07112006843090057
1781548232915689,168639014,-0.0056565324775874615,0.5700372457504272,0.8215874433517456,-0.004544890020042658,0.031216712668538094,-0.13235901296138763,-9.865518569946289,0.7199410200119019,0.13565126061439514,0.18443064391613007
1781548232944527,168655681,-0.005651113111525774,0.5700413584709167,0.8215846419334412,-0.004546945448964834,0.02866687811911106,-0.1418788731098175,-9.86565113067627,0.7225406765937805,0.0012614253209903836,0.15943264961242676
1781548232973852,168672348,-0.005649510305374861,0.5700454711914062,0.8215817809104919,-0.004549919627606869,0.029467809945344925,-0.1374121755361557,-9.89074420928955,0.7428387403488159,0.018780510872602463,0.1354079246520996
1781548232975805,168689015,-0.005644288845360279,0.5700288414955139,0.8215933442115784,-0.004554129205644131,0.03848714381456375,-0.12604700028896332,-9.856488227844238,0.7353726029396057,-0.006070209201425314,0.08075043559074402
1781548233004763,168705682,-0.005648584105074406,0.5700276494026184,0.8215941786766052,-0.0045526172034442425,0.052992239594459534,-0.13616052269935608,-9.867982864379883,0.7407256960868835,0.06916069239377975,0.08109620958566666
1781548233005335,168722349,-0.0056473249569535255,0.570030689239502,0.8215920925140381,-0.0045610880479216576,0.03777889907360077,-0.12856464087963104,-9.863067626953125,0.7751747965812683,-0.0006915428675711155,0.146920844912529
1781548233033835,168739016,-0.0056480118073523045,0.5700456500053406,0.8215816617012024,-0.004563447553664446,0.022884150967001915,-0.13155436515808105,-9.846210479736328,0.7486143112182617,0.033418167382478714,0.13444745540618896
1781548233035887,168755683,-0.005654773209244013,0.5700482726097107,0.8215798735618591,-0.004561860579997301,0.040947575122117996,-0.13031698763370514,-9.849637031555176,0.7499589920043945,0.08382395654916763,0.12946578860282898
1781548233063839,168772350,-0.005648054648190737,0.570045530796051,0.8215817809104919,-0.004569849465042353,0.04613300785422325,-0.13033127784729004,-9.873735427856445,0.7514061331748962,-0.030453499406576157,0.0633978322148323
1781548233065351,168789017,-0.005640534684062004,0.570047914981842,0.8215799927711487,-0.004569652955979109,0.036892153322696686,-0.14117078483104706,-9.859134674072266,0.701615035533905,-0.0018185016233474016,0.16244211792945862
1781548233094094,168805684,-0.005633189808577299,0.5700626969337463,0.8215698003768921,-0.004573811776936054,0.01705135591328144,-0.13943274319171906,-9.863133430480957,0.7274070382118225,-0.018966203555464745,0.13755939900875092
1781548233123843,168822351,-0.005630633793771267,0.5700641870498657,0.8215687870979309,-0.004575471393764019,0.018768083304166794,-0.13755524158477783,-9.866856575012207,0.7315691113471985,0.018703674897551537,0.14606282114982605
1781548233126044,168839018,-0.005632088053971529,0.570045530796051,0.8215817809104919,-0.0045719328336417675,0.03850502520799637,-0.14121727645397186,-9.892476081848145,0.7176486253738403,0.06261665374040604,0.11517390608787537
1781548233154426,168855685,-0.005625858902931213,0.5700439214706421,0.8215829133987427,-0.004575709812343121,0.03439250960946083,-0.13645020127296448,-9.859521865844727,0.7292382717132568,-0.010385948233306408,0.12413834035396576
1781548233156324,168872352,-0.005619686562567949,0.5700515508651733,0.8215776681900024,-0.0045837173238396645,0.02101021818816662,-0.14985738694667816,-9.852461814880371,0.753352701663971,-0.026419498026371002,0.18230478465557098
1781548233184077,168889019,-0.005630499683320522,0.5700525045394897,0.8215769529342651,-0.004581076093018055,0.03930976614356041,-0.15118415653705597,-9.877481460571289,0.7599864602088928,0.11048677563667297,0.09404342621564865
1781548233185836,168905686,-0.005635142792016268,0.5700523257255554,0.8215770721435547,-0.0045834374614059925,0.028255512937903404,-0.14053063094615936,-9.8792142868042,0.7639307379722595,0.05595734715461731,0.09600280225276947
1781548233213951,168922353,-0.005637113004922867,0.5700550675392151,0.8215749859809875,-0.004584464710205793,0.019962389022111893,-0.1360246241092682,-9.88711166381836,0.745873749256134,0.04673676937818527,0.14849601686000824
1781548233216451,168939020,-0.005632417276501656,0.5700478553771973,0.8215799927711487,-0.004583896603435278,0.02946079522371292,-0.13740503787994385,-9.855365753173828,0.7107971906661987,0.01496422104537487,0.07982838153839111
1781548233244584,168955687,-0.005689817015081644,0.5700513124465942,0.821577250957489,-0.004570940975099802,0.017934679985046387,-0.13656462728977203,-9.85323429107666,0.7291615605354309,-0.06342984735965729,0.02057339996099472
1781548233274269,168972354,-0.005683458410203457,0.5700499415397644,0.821578323841095,-0.004576126113533974,0.03223605826497078,-0.13459771871566772,-9.843732833862305,0.7364867329597473,-0.017224540933966637,0.1246890127658844
1781548233275700,168989021,-0.0056859226897358894,0.570037841796875,0.8215866684913635,-0.004583120811730623,0.032697420567274094,-0.14075595140457153,-9.858023643493652,0.7810912132263184,0.026297837495803833,0.145486518740654
1781548233303824,169005688,-0.005678622983396053,0.570044994354248,0.8215817213058472,-0.004590299446135759,0.030018875375390053,-0.14563749730587006,-9.840546607971191,0.7439144253730774,-0.029979664832353592,0.1876194179058075
1781548233305872,169022355,-0.0056671747006475925,0.5700451135635376,0.8215816617012024,-0.004602956119924784,0.03727136552333832,-0.14916720986366272,-9.85250186920166,0.7586928606033325,-0.07525011152029037,0.12789061665534973
1781548233333845,169039022,-0.00565516809001565,0.5700407028198242,0.8215847611427307,-0.004606317263096571,0.030351271852850914,-0.14806929230690002,-9.848252296447754,0.704201877117157,-0.04228656366467476,0.09108515083789825
1781548233335681,169055689,-0.00565031822770834,0.5700427889823914,0.8215833306312561,-0.004605995956808329,0.032582659274339676,-0.12812118232250214,-9.850761413574219,0.7112326622009277,0.013260974548757076,0.1687428504228592
1781548233363892,169072356,-0.005661153234541416,0.5700400471687317,0.8215851783752441,-0.004606107249855995,0.041813015937805176,-0.14085249602794647,-9.84701156616211,0.7752131223678589,0.09951174259185791,0.09832075238227844
1781548233365922,169089023,-0.005664345342665911,0.5700435042381287,0.8215827345848083,-0.004604451823979616,0.035561803728342056,-0.13625706732273102,-9.867960929870605,0.7352445125579834,0.06378202885389328,0.16265986859798431
1781548233394070,169105690,-0.005659555550664663,0.570038378238678,0.8215863704681396,-0.0046080248430371284,0.03547597676515579,-0.13358564674854279,-9.864967346191406,0.7336693406105042,-0.002548463409766555,0.0781763568520546
1781548233423810,169122357,-0.005660545080900192,0.5700448155403137,0.8215819001197815,-0.004605461843311787,0.03070906549692154,-0.14376352727413177,-9.873000144958496,0.7215161323547363,0.05481757968664169,0.17460817098617554
1781548233426683,169139024,-0.005662893410772085,0.5700394511222839,0.8215855956077576,-0.004598461091518402,0.034238509833812714,-0.1252065896987915,-9.865771293640137,0.7017943263053894,0.07964909821748734,0.10574842244386673
1781548233453813,169155691,-0.005661644972860813,0.5700303912162781,0.821591854095459,-0.004603582434356213,0.03489305451512337,-0.12778861820697784,-9.857604026794434,0.7559268474578857,0.01237733755260706,0.14027436077594757
1781548233455437,169172358,-0.005649344529956579,0.5700230002403259,0.8215969800949097,-0.004608496557921171,0.030061665922403336,-0.1343974620103836,-9.866649627685547,0.7118985652923584,-0.05025211349129677,0.06854598224163055
1781548233484154,169189025,-0.005641280673444271,0.5700276494026184,0.8215939998626709,-0.004607356619089842,0.036881424486637115,-0.12619362771511078,-9.825700759887695,0.6943538188934326,-0.002497238339856267,0.1253165304660797
1781548233485883,169205692,-0.005642672535032034,0.5700365900993347,0.8215877413749695,-0.004609682597219944,0.04373344033956528,-0.14015156030654907,-9.842601776123047,0.750765860080719,0.03800284117460251,0.19103872776031494
1781548233514480,169222359,-0.005633336957544088,0.5700509548187256,0.8215777277946472,-0.004616609774529934,0.03744646534323692,-0.13697946071624756,-9.872260093688965,0.7348347306251526,-0.04113399609923363,0.18067839741706848
1781548233516187,169239026,-0.005628946702927351,0.5700506567955017,0.8215779662132263,-0.004612849559634924,0.03272218629717827,-0.14220428466796875,-9.858898162841797,0.693828821182251,0.02869262360036373,0.11753027141094208
1781548233544040,169255693,-0.005628330633044243,0.5700539946556091,0.8215755820274353,-0.004615949932485819,0.017037050798535347,-0.13947565853595734,-9.860054016113281,0.7472952604293823,0.023288344964385033,0.1391858160495758
1781548233573762,169272360,-0.005634138826280832,0.5700564980506897,0.821573793888092,-0.004630128853023052,0.028194449841976166,-0.15595857799053192,-9.875717163085938,0.8349676132202148,0.01651378720998764,0.16595107316970825
1781548233575619,169289027,-0.005630169995129108,0.5700693726539612,0.8215649127960205,-0.0046379282139241695,0.034074101597070694,-0.12826424837112427,-9.855648040771484,0.7608699798583984,-0.014740108512341976,0.13817408680915833
1781548233604416,169305694,-0.005634672939777374,0.5700738430023193,0.8215616345405579,-0.004635354969650507,0.02872767299413681,-0.13155078887939453,-9.852568626403809,0.7352572679519653,0.07469303160905838,0.16748781502246857
1781548233605999,169322361,-0.005629625637084246,0.5700777173042297,0.821558952331543,-0.004635455086827278,0.03296905383467674,-0.13708317279815674,-9.83308219909668,0.7128846049308777,0.010507608763873577,0.1797691285610199
1781548233633753,169339028,-0.005646529607474804,0.5700752139091492,0.8215607404708862,-0.0046294196508824825,0.04266415163874626,-0.14605945348739624,-9.885913848876953,0.7645326852798462,0.15785746276378632,0.10445499420166016
1781548233635862,169355695,-0.005647370591759682,0.5700682401657104,0.8215654492378235,-0.004638781771063805,0.025366155430674553,-0.11668449640274048,-9.85282039642334,0.7883909344673157,0.007037089206278324,0.10755413770675659
1781548233663874,169372362,-0.005644623655825853,0.5700706243515015,0.8215638399124146,-0.004635680466890335,0.022533681243658066,-0.14084891974925995,-9.850101470947266,0.7039458751678467,0.035582445561885834,0.14639578759670258
1781548233666370,169389029,-0.005640478804707527,0.570087730884552,0.8215520977973938,-0.004632813390344381,0.058299485594034195,-0.12312881648540497,-9.866931915283203,0.7002063393592834,0.025964871048927307,0.1573324054479599
1781548233694068,169405696,-0.0056440262123942375,0.5700821876525879,0.8215558528900146,-0.004640425555408001,0.03673827275633812,-0.12699110805988312,-9.874035835266113,0.7891080379486084,0.028974367305636406,0.09629735350608826
1781548233723903,169422363,-0.005645539611577988,0.570073664188385,0.8215618133544922,-0.004629478789865971,0.021042481064796448,-0.13037420809268951,-9.857004165649414,0.6764377951622009,0.09003504365682602,0.08276102691888809
1781548233726214,169439030,-0.005638999864459038,0.5700840950012207,0.8215546607971191,-0.004631891846656799,0.02276979386806488,-0.14939606189727783,-9.859082221984863,0.7206836938858032,-0.008951638825237751,0.0835934430360794
1781548233755051,169455697,-0.005638402886688709,0.5700798034667969,0.8215575814247131,-0.004642992280423641,0.022494344040751457,-0.12620793282985687,-9.860115051269531,0.7925785183906555,-0.007952743209898472,0.1131633073091507
1781548233755838,169472364,-0.005645701661705971,0.5700846910476685,0.8215540647506714,-0.00465423334389925,0.045289088040590286,-0.13662542402744293,-9.850666999816895,0.8246071934700012,0.03515983372926712,0.10254684090614319
1781548233785252,169489031,-0.005639750976115465,0.5700664520263672,0.8215667009353638,-0.004653694108128548,0.030651671811938286,-0.15149886906147003,-9.858198165893555,0.7058923244476318,0.007024282589554787,0.03172772750258446
1781548233787023,169505698,-0.0056402189657092094,0.5700699090957642,0.8215643167495728,-0.004660998936742544,0.03691728785634041,-0.14818015694618225,-9.857937812805176,0.7756229639053345,0.012172435410320759,0.09604121744632721
1781548233813815,169522365,-0.005642329808324575,0.5700570344924927,0.8215732574462891,-0.004663955885916948,0.03590512275695801,-0.15074071288108826,-9.874269485473633,0.7573098540306091,0.038937706500291824,0.0619635246694088
1781548233815332,169539032,-0.005650067236274481,0.5700488686561584,0.821578860282898,-0.004659544676542282,0.026353072375059128,-0.13724052906036377,-9.849339485168457,0.7377161383628845,0.09955015778541565,0.08529669046401978
1781548233844046,169555699,-0.005652355030179024,0.5700538754463196,0.8215753436088562,-0.004661272745579481,0.03319421783089638,-0.14379571378231049,-9.863031387329102,0.7510731816291809,0.04486704245209694,0.13276980817317963
1781548233873817,169572366,-0.005653420463204384,0.570051908493042,0.821576714515686,-0.004660432692617178,0.031041624024510384,-0.12769562005996704,-9.86975383758545,0.7316331267356873,0.04844001680612564,0.1436680257320404
1781548233875689,169589033,-0.005663657560944557,0.5700654983520508,0.821567177772522,-0.00466296449303627,0.02707546576857567,-0.12759192287921906,-9.86449909210205,0.7865467667579651,0.08742254227399826,0.23491325974464417
1781548233903884,169605700,-0.0056581683456897736,0.5700703859329224,0.8215638399124146,-0.004654960706830025,0.04727378115057945,-0.1392861008644104,-9.865961074829102,0.665667712688446,0.038796838372945786,0.11444395780563354
1781548233906065,169622367,-0.005657668691128492,0.5700798630714417,0.8215572834014893,-0.0046480498276650906,0.03743914142251015,-0.14258338510990143,-9.853190422058105,0.6912931203842163,0.06307767331600189,0.1801661252975464
1781548233933857,169639034,-0.0056590428575873375,0.5700781345367432,0.8215584754943848,-0.004654910881072283,0.03538668155670166,-0.13615694642066956,-9.865808486938477,0.7765193581581116,0.019382409751415253,0.10620945692062378
1781548233935853,169655701,-0.005665436387062073,0.570065975189209,0.8215668797492981,-0.004653128329664469,0.03165300935506821,-0.140369713306427,-9.86938762664795,0.7473977208137512,0.08162126690149307,0.08415692299604416
1781548233963870,169672368,-0.005663286428898573,0.5700805187225342,0.8215567469596863,-0.004658549092710018,0.028927940875291824,-0.13603892922401428,-9.853083610534668,0.7548382878303528,0.004539851099252701,0.13143795728683472
1781548233966042,169689035,-0.005659047979861498,0.5700693726539612,0.8215645551681519,-0.00466160150244832,0.026206446811556816,-0.1495605707168579,-9.86344051361084,0.7329906225204468,0.0024652222637087107,0.05138547345995903
1781548233994645,169705702,-0.00564646115526557,0.5700694918632507,0.8215644955635071,-0.004668259993195534,0.032962024211883545,-0.1413746476173401,-9.857126235961914,0.7206451892852783,-0.05852501094341278,0.12384380400180817
1781548234024824,169722369,-0.005640452262014151,0.570075511932373,0.8215603232383728,-0.004672681447118521,0.03115244023501873,-0.13660398125648499,-9.840181350708008,0.7341558933258057,-0.01333140954375267,0.0985768735408783
1781548234025860,169739036,-0.005657949950546026,0.5700829029083252,0.8215551376342773,-0.00466536171734333,0.03204639256000519,-0.13945777714252472,-9.849185943603516,0.7596150040626526,0.16627123951911926,0.13786675035953522
1781548234054065,169755703,-0.005658238660544157,0.5700670480728149,0.821566104888916,-0.004659867845475674,0.03506820648908615,-0.14357754588127136,-9.862170219421387,0.7022297978401184,0.06228368729352951,0.08554001897573471
1781548234056346,169772370,-0.005658426322042942,0.570075273513794,0.8215604424476624,-0.004652045201510191,0.035311341285705566,-0.13667906820774078,-9.84468936920166,0.6890136003494263,0.0701211616396904,0.1388656497001648
1781548234084725,169789037,-0.0056692007929086685,0.5700677633285522,0.821565568447113,-0.00466155493631959,0.027883779257535934,-0.15498925745487213,-9.853260040283203,0.8282698392868042,0.062091581523418427,0.07854775339365005
1781548234086586,169805704,-0.005671964958310127,0.5700845122337341,0.8215538859367371,-0.004680172074586153,0.03778206557035446,-0.13345907628536224,-9.85222053527832,0.8485807776451111,-0.019324785098433495,0.14434677362442017
1781548234114724,169822371,-0.005662707611918449,0.5700845718383789,0.8215539455413818,-0.004676472395658493,0.01821720041334629,-0.1303885132074356,-9.82831859588623,0.6751827001571655,0.000890041294042021,0.12406150251626968
1781548234116035,169839038,-0.0056548528373241425,0.5700775980949402,0.8215588927268982,-0.004671337548643351,0.03804011642932892,-0.14781180024147034,-9.866938591003418,0.672775149345398,0.013747615739703178,0.050911638885736465
1781548234144535,169855705,-0.005649921949952841,0.5700671076774597,0.8215661644935608,-0.004675896838307381,0.0316135548055172,-0.13106082379817963,-9.863407135009766,0.7386894822120667,-0.006582464557141066,0.11576300859451294
1781548234174643,169872372,-0.005649772007018328,0.5700808763504028,0.8215565085411072,-0.0046675619669258595,0.031055783852934837,-0.12592898309230804,-9.8558988571167,0.6851972937583923,0.06921190768480301,0.08890807628631592
1781548234176409,169889039,-0.005650247447192669,0.5700730681419373,0.821561872959137,-0.00466498825699091,0.03547944501042366,-0.1280103325843811,-9.847121238708496,0.7196208238601685,0.05175686255097389,0.11083254963159561
1781548234204473,169905706,-0.005648422986268997,0.5700594782829285,0.8215714693069458,-0.00466530304402113,0.030197493731975555,-0.14593428373336792,-9.864974975585938,0.7268947958946228,0.027476022019982338,0.09269876033067703
1781548234206659,169922373,-0.005652870517224073,0.5700597167015076,0.8215712308883667,-0.004662286024540663,0.024625763297080994,-0.1620093435049057,-9.871598243713379,0.733067512512207,0.0748210921883583,0.07067183405160904
1781548234233984,169939040,-0.005654439330101013,0.5700564384460449,0.8215735554695129,-0.004659814294427633,0.04403036832809448,-0.13975101709365845,-9.844985008239746,0.7245639562606812,0.057122714817523956,0.1035841554403305
1781548234237074,169955707,-0.005640024319291115,0.5700429677963257,0.8215829133987427,-0.004662383813410997,0.02976834960281849,-0.13761961460113525,-9.86396312713623,0.6904351115226746,-0.052992675453424454,0.05504808947443962
1781548234263989,169972374,-0.005639295559376478,0.5700415968894958,0.8215838670730591,-0.004665486514568329,0.028444966301321983,-0.12807826697826385,-9.849688529968262,0.7469111084938049,0.02322431467473507,0.180780827999115
1781548234266778,169989041,-0.00564489234238863,0.57005375623703,0.8215754628181458,-0.004654351621866226,0.03434589505195618,-0.1357349455356598,-9.86021900177002,0.6916260123252869,0.11329136043787003,0.13576650619506836
1781548234293982,170005708,-0.005646903067827225,0.5700502991676331,0.8215779066085815,-0.004652838222682476,0.021871939301490784,-0.1405806988477707,-9.883530616760254,0.7315563559532166,0.05648241192102432,0.14461570978164673
1781548234324341,170022375,-0.005641535855829716,0.5700600147247314,0.8215710520744324,-0.004663689527660608,0.025977570563554764,-0.146481454372406,-9.853910446166992,0.772523820400238,-0.03377034515142441,0.19877375662326813
1781548234325310,170039042,-0.005630006082355976,0.5700579285621643,0.8215727806091309,-0.0046570259146392345,0.029968494549393654,-0.13312073051929474,-9.859713554382324,0.6494932174682617,-7.683809235459194e-05,0.1369446963071823
1781548234353932,170055709,-0.005633232183754444,0.5700531005859375,0.8215760588645935,-0.004659189376980066,0.04045414924621582,-0.12661205232143402,-9.869112968444824,0.7572459578514099,0.04814547300338745,0.09040643274784088
1781548234356107,170072376,-0.0056213331408798695,0.570060670375824,0.8215706944465637,-0.004664237145334482,0.026682082563638687,-0.11742118746042252,-9.850910186767578,0.7141781449317932,-0.04789574444293976,0.18898969888687134
1781548234383955,170089043,-0.005622721742838621,0.5700421929359436,0.82158362865448,-0.004670067224651575,0.03049074299633503,-0.1410098522901535,-9.867170333862305,0.7708205580711365,0.023403603583574295,0.028859106823801994
1781548234386086,170105710,-0.00563038419932127,0.5700398683547974,0.8215850591659546,-0.004675828851759434,0.03719630837440491,-0.13671839237213135,-9.863527297973633,0.7948453426361084,0.05996573343873024,0.15944544970989227
1781548234413967,170122377,-0.005611979868263006,0.5700300335884094,0.8215920329093933,-0.004673102870583534,0.034353047609329224,-0.15360167622566223,-9.871169090270996,0.6449981331825256,-0.05478556081652641,0.07382220029830933
1781548234415294,170139044,-0.0056190937757492065,0.5700295567512512,0.8215923309326172,-0.0046745045110583305,0.03686711937189102,-0.139987051486969,-9.871655464172363,0.7681824564933777,0.07291295379400253,0.09885860979557037
1781548234444044,170155711,-0.00561548350378871,0.5700327157974243,0.8215901851654053,-0.004680342506617308,0.029993651434779167,-0.13001659512519836,-9.864670753479004,0.7512012124061584,-0.004354158416390419,0.1618146449327469
1781548234473904,170172378,-0.005613450426608324,0.570026159286499,0.8215946555137634,-0.0046903220936656,0.032765209674835205,-0.14360260963439941,-9.868300437927246,0.7805278301239014,-0.011231168173253536,0.1564231663942337
1781548234476323,170189045,-0.005608048290014267,0.5700517296791077,0.8215769529342651,-0.004691184964030981,0.032332491129636765,-0.134333074092865,-9.85414981842041,0.7163295149803162,0.004603882320225239,0.2326849400997162
1781548234504425,170205712,-0.0056127263233065605,0.5700512528419495,0.8215771913528442,-0.004701212514191866,0.025151584297418594,-0.13621416687965393,-9.867929458618164,0.8074340224266052,0.02547823265194893,0.10727239400148392
1781548234506196,170222379,-0.005615019239485264,0.5700486302375793,0.8215789794921875,-0.004704903811216354,0.03686705231666565,-0.13554538786411285,-9.852567672729492,0.7624323964118958,0.03647889196872711,0.06475530564785004
1781548234534323,170239046,-0.005623163655400276,0.5700677037239075,0.8215656876564026,-0.004716598428785801,0.0357874371111393,-0.13624268770217896,-9.833738327026367,0.8306390047073364,0.03825896978378296,0.1674237996339798
1781548234535541,170255713,-0.005609904415905476,0.5700729489326477,0.8215621709823608,-0.004716044757515192,0.030952073633670807,-0.13852080702781677,-9.868268966674805,0.6773726344108582,-0.034154534339904785,0.1473306566476822
1781548234563857,170272380,-0.005613586865365505,0.5700753927230835,0.8215603232383728,-0.004713625647127628,0.04013921320438385,-0.12930850684642792,-9.869325637817383,0.7332339882850647,0.0689045712351799,0.13841743767261505
1781548234566095,170289047,-0.005609169136732817,0.5700820088386536,0.8215558528900146,-0.004703114274889231,0.04081535339355469,-0.13764820992946625,-9.844223022460938,0.6559604406356812,0.05422848463058472,0.11028187721967697
1781548234593975,170305714,-0.005603577941656113,0.5700770616531372,0.8215593099594116,-0.004712946712970734,0.028445152565836906,-0.13420790433883667,-9.849815368652344,0.7660054564476013,-0.0315164290368557,0.11203635483980179
1781548234623783,170322381,-0.005605124868452549,0.5700792074203491,0.8215578198432922,-0.004716627765446901,0.02667117863893509,-0.13731920719146729,-9.891877174377441,0.7591156363487244,0.033379752188920975,0.16741099953651428
1781548234625775,170339048,-0.005598800256848335,0.5700815320014954,0.8215563297271729,-0.004708980675786734,0.03006875142455101,-0.14278365671634674,-9.863280296325684,0.6644766330718994,0.0326882041990757,0.12413834035396576
1781548234654139,170355715,-0.005604552570730448,0.5700761675834656,0.8215599060058594,-0.004709633998572826,0.005596920382231474,-0.13067102432250977,-9.835271835327148,0.7584752440452576,0.06918630003929138,0.14902108907699585
1781548234655261,170372382,-0.005613270681351423,0.5700809359550476,0.8215565085411072,-0.004700399003922939,0.031395524740219116,-0.1438886970281601,-9.87430191040039,0.714536726474762,0.12384380400180817,0.13568967580795288
1781548234684050,170389049,-0.0055989366956055164,0.570081353187561,0.8215562105178833,-0.00470686936751008,0.03236810490489006,-0.14260123670101166,-9.865174293518066,0.7127566337585449,-0.06754069030284882,0.15331122279167175
1781548234685973,170405716,-0.005609008949249983,0.57012540102005,0.8215258121490479,-0.004701693542301655,0.016497043892741203,-0.13476936519145966,-9.85446834564209,0.7432740926742554,0.11421342194080353,0.20132222771644592
1781548234713988,170422383,-0.005600172095000744,0.5700981020927429,0.8215448260307312,-0.004702005535364151,0.025548424571752548,-0.13931472599506378,-9.859818458557129,0.6988873481750488,-0.010501207783818245,0.1577550321817398
1781548234716226,170439050,-0.005610421299934387,0.5700852870941162,0.8215537071228027,-0.004697936587035656,0.023713955655694008,-0.13323874771595,-9.88435173034668,0.7494596242904663,0.11306086927652359,0.1193872019648552
1781548234744212,170455717,-0.0056044128723442554,0.5700971484184265,0.8215452432632446,-0.004710313398391008,0.019679740071296692,-0.1445288211107254,-9.848533630371094,0.7791318893432617,-0.04465574026107788,0.1197969987988472
1781548234774843,170472384,-0.005605704616755247,0.5701043009757996,0.8215404152870178,-0.004714807029813528,0.034363776445388794,-0.14458605647087097,-9.83864688873291,0.7631367444992065,0.027271121740341187,0.09547773003578186
1781548234776734,170489051,-0.005609206855297089,0.5700926780700684,0.8215485215187073,-0.004712582565844059,0.019973035901784897,-0.14854848384857178,-9.858197212219238,0.7335668802261353,0.06722692400217056,0.07859896868467331
1781548234804483,170505718,-0.005610200576484203,0.5701079964637756,0.8215376734733582,-0.0047266557812690735,0.03548256307840347,-0.14674611389636993,-9.871864318847656,0.8158988952636719,-0.011039073579013348,0.19838955998420715
1781548234805534,170522385,-0.005615017376840115,0.5701090693473816,0.8215368986129761,-0.004726583603769541,0.04246746003627777,-0.13996917009353638,-9.862567901611328,0.7510091662406921,0.06585665047168732,0.11649295687675476
1781548234834355,170539052,-0.00562119809910655,0.5701044201850891,0.8215400576591492,-0.00472898967564106,0.024085847660899162,-0.1547854095697403,-9.854972839355469,0.7704748511314392,0.06371799856424332,0.08475881814956665
1781548234835257,170555719,-0.0056181540712714195,0.5701141357421875,0.8215333223342896,-0.004729459527879953,0.030866244807839394,-0.14222218096256256,-9.870503425598145,0.7235012054443359,0.018460353836417198,0.09415868669748306
1781548234864422,170572386,-0.005625057499855757,0.5700943470001221,0.8215470314025879,-0.004729067906737328,0.018335213884711266,-0.1441497653722763,-9.86788558959961,0.7569257020950317,0.0801101103425026,0.11207476258277893
1781548234865665,170589053,-0.005615839269012213,0.5700975656509399,0.8215448260307312,-0.004734628368169069,0.03956000506877899,-0.13984043896198273,-9.83649730682373,0.727624773979187,-0.03497413918375969,0.16806411743164062
1781548234893981,170605720,-0.0056157647632062435,0.5700928568840027,0.8215481042861938,-0.004735306836664677,0.028391510248184204,-0.14889539778232574,-9.84284496307373,0.7357568144798279,0.03637643903493881,0.1668218970298767
1781548234926690,170622387,-0.005612295586615801,0.5700903534889221,0.8215498328208923,-0.004739206284284592,0.0403289720416069,-0.1443178504705429,-9.879076957702637,0.7409690022468567,0.0031055398285388947,0.07990521937608719
1781548234927129,170639054,-0.0056165121495723724,0.5700875520706177,0.8215517401695251,-0.004739615134894848,0.03376297280192375,-0.13620701432228088,-9.863329887390137,0.7512781023979187,0.06072130799293518,0.10965436697006226
1781548234953805,170655721,-0.0056306044571101665,0.5700842142105103,0.8215540647506714,-0.004735747817903757,0.027415204793214798,-0.1308462768793106,-9.862275123596191,0.766235888004303,0.13227039575576782,0.0364660806953907
1781548234955792,170672388,-0.005630770698189735,0.5700942277908325,0.8215470910072327,-0.004731249529868364,0.029403576627373695,-0.13182257115840912,-9.873876571655273,0.707710862159729,0.05730200558900833,0.17536374926567078
1781548234983972,170689055,-0.005633422639220953,0.5700844526290894,0.8215540051460266,-0.004719854798167944,0.038151051849126816,-0.14851273596286774,-9.870532989501953,0.6785380244255066,0.09812865406274796,0.07460339367389679
1781548234986285,170705722,-0.0056265271268785,0.570092499256134,0.8215484023094177,-0.004730232059955597,0.041677121073007584,-0.13947923481464386,-9.867284774780273,0.7639819383621216,-0.0408010296523571,0.18434099853038788
1781548235014409,170722389,-0.005621057003736496,0.5700994729995728,0.8215433955192566,-0.004740450065582991,0.028495220467448235,-0.1471072882413864,-9.86355209350586,0.7687458992004395,-0.032246388494968414,0.17104800045490265
1781548235015373,170739056,-0.005612610839307308,0.5701074600219727,0.821537971496582,-0.004738489631563425,0.03598396107554436,-0.12814266979694366,-9.862955093383789,0.6882964372634888,-0.00130624754820019,0.17261037230491638
1781548235044207,170755723,-0.0056098406203091145,0.5700951218605042,0.821546733379364,-0.00473104789853096,0.026152804493904114,-0.1399584412574768,-9.857629776000977,0.6794216632843018,0.05224350467324257,0.09809023886919022
1781548235073981,170772390,-0.00560340192168951,0.5700802206993103,0.8215569257736206,-0.004728921223431826,0.04487782344222069,-0.13772331178188324,-9.864635467529297,0.6951862573623657,0.01062286738306284,0.07364291697740555
1781548235076385,170789057,-0.00560598773881793,0.5700825452804565,0.8215553164482117,-0.004723463673144579,0.031660161912441254,-0.13040997087955475,-9.868990898132324,0.7117961049079895,0.074513740837574,0.1402103155851364
1781548235104405,170805724,-0.005604954436421394,0.5700798630714417,0.8215571641921997,-0.004726144019514322,0.031388286501169205,-0.15908756852149963,-9.859838485717773,0.7437864542007446,0.02157229743897915,0.08218475431203842
1781548235105322,170822391,-0.0056115733459591866,0.5700918436050415,0.8215488195419312,-0.004722860641777515,0.029045825824141502,-0.1361175924539566,-9.863507270812988,0.7401750683784485,0.08798602968454361,0.12580320239067078
1781548235133874,170839058,-0.005603127181529999,0.5700995326042175,0.8215435743331909,-0.004720308352261782,0.031745992600917816,-0.14409969747066498,-9.87082576751709,0.6851844787597656,0.0004674317024182528,0.14594754576683044
1781548235137937,170855725,-0.0055909790098667145,0.5700969696044922,0.821545422077179,-0.00472619105130434,0.04683053493499756,-0.13244126737117767,-9.844498634338379,0.7181480526924133,-0.05336405709385872,0.10156074911355972
1781548235164180,170872392,-0.005592274479568005,0.5701040625572205,0.8215404748916626,-0.004729255102574825,0.0331907793879509,-0.13997989892959595,-9.8599214553833,0.7547485828399658,0.034532319754362106,0.19470132887363434
1781548235165367,170889059,-0.0055971224792301655,0.5701145529747009,0.8215331435203552,-0.004735281690955162,0.03086289018392563,-0.1273844987154007,-9.873937606811523,0.7855350971221924,0.042741190642118454,0.20492079854011536
1781548235193964,170905726,-0.005582089070230722,0.570117712020874,0.8215309977531433,-0.004747583530843258,0.02298799529671669,-0.1453084796667099,-9.860312461853027,0.7430821061134338,-0.09474138170480728,0.13389679789543152
1781548235224391,170922393,-0.005589132197201252,0.5701126456260681,0.8215344548225403,-0.0047491430304944515,0.03850860148668289,-0.149986132979393,-9.850730895996094,0.7688484191894531,0.0724775418639183,0.1242920383810997
1781548235225484,170939060,-0.005593616049736738,0.5701115131378174,0.8215352892875671,-0.0047473907470703125,0.04225659370422363,-0.1519959568977356,-9.86297607421875,0.7402262687683105,0.07067183405160904,0.12463779747486115
1781548235254040,170955727,-0.005617714952677488,0.5701377987861633,0.821517288684845,-0.004679589997977018,0.027082618325948715,-0.14053064584732056,-9.863268852233887,0.758564829826355,-0.06684914231300354,0.13110500574111938
1781548235255653,170972394,-0.005606592167168856,0.570149838924408,0.8215090036392212,-0.004681842867285013,0.025959689170122147,-0.12965181469917297,-9.858427047729492,0.7021273374557495,-0.03414173051714897,0.15505288541316986
1781548235283989,170989061,-0.005609970074146986,0.5701554417610168,0.8215049505233765,-0.004682986997067928,0.025237295776605606,-0.1469356268644333,-9.86633014678955,0.7527379989624023,0.05233314260840416,0.13383275270462036
1781548235286239,171005728,-0.005610913038253784,0.5701468586921692,0.821510910987854,-0.004689488559961319,0.020223451778292656,-0.129884272813797,-9.860998153686523,0.7733178734779358,0.018050551414489746,0.10263649374246597
1781548235313975,171022395,-0.00562135549262166,0.5701329112052917,0.8215203881263733,-0.004695491399616003,0.02162174880504608,-0.14240099489688873,-9.850483894348145,0.8073442578315735,0.074308842420578,0.14085061848163605
1781548235317431,171039062,-0.005624986253678799,0.5701348781585693,0.8215190172195435,-0.004699928220361471,0.0477137565612793,-0.14435361325740814,-9.856356620788574,0.7720755934715271,0.04106355831027031,0.1414141207933426
1781548235344361,171055729,-0.005631245672702789,0.5701354742050171,0.8215187191963196,-0.004696268122643232,0.02997577004134655,-0.13338537514209747,-9.862982749938965,0.7363587021827698,0.08860072493553162,0.19582827389240265
1781548235374932,171072396,-0.005625056568533182,0.570135772228241,0.8215184211730957,-0.004698785487562418,0.039563581347465515,-0.15415240824222565,-9.863630294799805,0.7228991985321045,-0.0072740064933896065,0.10620945692062378
1781548235376901,171089063,-0.0056199366226792336,0.5701352953910828,0.8215187788009644,-0.004698857199400663,0.026975439861416817,-0.14708226919174194,-9.84119701385498,0.7132560014724731,0.00829211063683033,0.11090938746929169
1781548235403847,171105730,-0.005617616698145866,0.5701357126235962,0.8215185403823853,-0.0046952697448432446,0.02907814085483551,-0.12768490612506866,-9.864913940429688,0.7035488486289978,0.03871999680995941,0.12307541817426682
1781548235405613,171122397,-0.005615932866930962,0.5701425075531006,0.8215137720108032,-0.004701802972704172,0.029804246500134468,-0.14683908224105835,-9.849279403686523,0.7633416652679443,0.00233715889044106,0.1278650015592575
1781548235433832,171139064,-0.00561105739325285,0.5701367855072021,0.8215178847312927,-0.004702588077634573,0.03603386506438255,-0.14383505284786224,-9.87657642364502,0.7182504534721375,0.007139539811760187,0.10232913494110107
1781548235435530,171155731,-0.005614994093775749,0.5701425671577454,0.8215139508247375,-0.0047009726986289024,0.019833644852042198,-0.14051276445388794,-9.843832015991211,0.7390352487564087,0.06689397245645523,0.18623633682727814
1781548235464034,171172398,-0.005612513516098261,0.5701429843902588,0.8215134739875793,-0.004696645308285952,0.03539729863405228,-0.14311623573303223,-9.848674774169922,0.6985927224159241,0.04117881506681442,0.1670139878988266
1781548235467176,171189065,-0.005619733594357967,0.5701350569725037,0.8215190768241882,-0.004693341441452503,0.028094684705138206,-0.13672198355197906,-9.843378067016602,0.7426338195800781,0.09136690199375153,0.08149320632219315
1781548235493993,171205732,-0.005622463766485453,0.5701369047164917,0.8215177655220032,-0.004697064869105816,0.03325499966740608,-0.14453956484794617,-9.847332000732422,0.7645710110664368,0.03884805738925934,0.14625491201877594
1781548235523783,171222399,-0.0056273746304214,0.5701420307159424,0.8215142488479614,-0.004697146825492382,0.024686558172106743,-0.13603892922401428,-9.836333274841309,0.7523922324180603,0.06560052931308746,0.1776176542043686
1781548235525685,171239066,-0.005641046445816755,0.5701506733894348,0.8215080499649048,-0.004690110217779875,0.018260113894939423,-0.15224987268447876,-9.87783145904541,0.7465268969535828,0.14330944418907166,0.21284791827201843
1781548235553798,171255733,-0.005649466998875141,0.5701667666435242,0.821496844291687,-0.004694603383541107,0.03976051136851311,-0.14238311350345612,-9.837763786315918,0.7912722826004028,0.06804653257131577,0.21887971460819244
1781548235555774,171272400,-0.005653704516589642,0.5701602697372437,0.8215012550354004,-0.004709930624812841,0.027837801724672318,-0.14327391982078552,-9.866189002990723,0.83585125207901,0.002362771425396204,0.14793254435062408
1781548235584362,171289067,-0.005656152497977018,0.5701621770858765,0.8214999437332153,-0.004713043104857206,0.03683493658900261,-0.1594630777835846,-9.866297721862793,0.7601144909858704,0.03929628059267998,0.12389503419399261
1781548235585920,171305734,-0.005657731555402279,0.5701695680618286,0.8214946985244751,-0.0047142687253654,0.03640936687588692,-0.14906346797943115,-9.850176811218262,0.7458866238594055,0.04222893342375755,0.1813059002161026
1781548235613995,171322401,-0.005655384622514248,0.5701649188995361,0.821497917175293,-0.00471250107511878,0.02502629905939102,-0.13903936743736267,-9.861692428588867,0.713806688785553,0.031061800196766853,0.08055833727121353
1781548235616842,171339068,-0.005649215541779995,0.5701682567596436,0.8214956521987915,-0.004721313714981079,0.030973710119724274,-0.13930758833885193,-9.872668266296387,0.758296012878418,-0.031145041808485985,0.17158587276935577
1781548235644232,171355735,-0.0056458087638020515,0.5701591372489929,0.8215019702911377,-0.004720613360404968,0.03770037740468979,-0.13896426558494568,-9.85682487487793,0.7155740261077881,0.021354587748646736,0.08781954646110535
1781548235674474,171372402,-0.00564136728644371,0.5701640248298645,0.8214986324310303,-0.00470926845446229,0.030644521117210388,-0.13754451274871826,-9.853466987609863,0.6514269709587097,0.05704588070511818,0.13916020095348358
1781548235676191,171389069,-0.0056299977004528046,0.5701562166213989,0.8215041756629944,-0.004709813743829727,0.021897198632359505,-0.12520302832126617,-9.875121116638184,0.6914467215538025,-0.028673414140939713,0.08633400499820709
1781548235704692,171405736,-0.005629342515021563,0.5701542496681213,0.8215054273605347,-0.0047210752964019775,0.030594268813729286,-0.13862808048725128,-9.851341247558594,0.7937054634094238,-0.00937424786388874,0.16838426887989044
1781548235705749,171422403,-0.005631586536765099,0.5701567530632019,0.8215035796165466,-0.004715453367680311,0.018020668998360634,-0.14749708771705627,-9.848939895629883,0.7098367214202881,0.07286172360181808,0.16300562024116516
1781548235733802,171439070,-0.005628681275993586,0.5701400637626648,0.8215153813362122,-0.004712673369795084,0.0296860970556736,-0.13875684142112732,-9.851449966430664,0.7052648067474365,0.033776745200157166,0.15939421951770782
1781548235735749,171455737,-0.00563379330560565,0.5701431632041931,0.8215130567550659,-0.004718124866485596,0.03211096674203873,-0.13412564992904663,-9.849919319152832,0.7835116386413574,0.045942775905132294,0.18559600412845612
1781548235764383,171472404,-0.005634707398712635,0.5701467990875244,0.8215104937553406,-0.004727207589894533,0.03547240048646927,-0.14108137786388397,-9.862700462341309,0.7876096367835999,0.0077798571437597275,0.17341716587543488
1781548235765332,171489071,-0.005633967462927103,0.5701313614845276,0.8215212821960449,-0.0047348784282803535,0.023395616561174393,-0.12431612610816956,-9.87146282196045,0.7732024788856506,0.003643406555056572,0.06542123109102249
1781548235793999,171505738,-0.00563464779406786,0.570136547088623,0.8215176463127136,-0.004736252594739199,0.03104863129556179,-0.13856372237205505,-9.865729331970215,0.7435943484306335,0.035736117511987686,0.11992506682872772
1781548235824027,171522405,-0.005630316212773323,0.5701340436935425,0.8215194344520569,-0.00473829684779048,0.030909160152077675,-0.1494818925857544,-9.880874633789062,0.7274711728096008,0.005449102260172367,0.12863337993621826
1781548235826811,171539072,-0.005622688215225935,0.5701375007629395,0.8215171098709106,-0.004735349211841822,0.02018769085407257,-0.13740861415863037,-9.869023323059082,0.6864138841629028,0.0061662569642066956,0.139365091919899
1781548235854466,171555739,-0.005627403035759926,0.5701392889022827,0.8215158581733704,-0.004734262358397245,0.02755110152065754,-0.13673986494541168,-9.88974380493164,0.745387077331543,0.06840511411428452,0.1130608543753624
1781548235855551,171572406,-0.0056234970688819885,0.5701411366462708,0.8215144872665405,-0.004730849992483854,0.03302627429366112,-0.1418645679950714,-9.841371536254883,0.6985543370246887,0.02864140085875988,0.11110147833824158
1781548235883993,171589073,-0.0056228493340313435,0.5701397657394409,0.8215154409408569,-0.004727647639811039,0.027958787977695465,-0.1312110424041748,-9.857787132263184,0.7122059464454651,0.04704412445425987,0.14843198657035828
1781548235887496,171605740,-0.005620379466563463,0.5701221823692322,0.8215277791023254,-0.004725353792309761,0.03960640728473663,-0.13117526471614838,-9.860157012939453,0.7099903225898743,0.03329010680317879,0.09254508465528488
1781548235914386,171622407,-0.005622934550046921,0.5701237320899963,0.8215265870094299,-0.004733109846711159,0.029206885024905205,-0.13271304965019226,-9.832918167114258,0.78658527135849,0.022110162302851677,0.15901005268096924
1781548235915829,171639074,-0.00562661187723279,0.5701411366462708,0.8215145468711853,-0.004727669060230255,0.027132684364914894,-0.1471645087003708,-9.86428165435791,0.7165472507476807,0.08014853298664093,0.21745821833610535
1781548235944028,171655741,-0.005635229405015707,0.570146918296814,0.8215105533599854,-0.0047196801751852036,0.03917745128273964,-0.12558208405971527,-9.855881690979004,0.7218106389045715,0.11701801419258118,0.10097165405750275
1781548235973851,171672408,-0.005643309559673071,0.5701414346694946,0.821514368057251,-0.004710324574261904,0.019018152728676796,-0.15400578081607819,-9.853029251098633,0.7117065191268921,0.12014276534318924,0.11738939583301544
1781548235975835,171689075,-0.005644210614264011,0.5701298117637634,0.8215222954750061,-0.0047190007753670216,0.031803108751773834,-0.14133168756961823,-9.843509674072266,0.7854069471359253,0.00904768519103527,0.09710413962602615
1781548236003877,171705742,-0.005633852444589138,0.57011878490448,0.8215300440788269,-0.004715195391327143,0.03042994812130928,-0.1299164593219757,-9.863411903381348,0.67084139585495,-0.005801276303827763,0.0859370082616806
1781548236005964,171722409,-0.00563460448756814,0.5701265335083008,0.8215246796607971,-0.004716300405561924,0.02746151201426983,-0.13949711620807648,-9.842729568481445,0.7421086430549622,0.03791319578886032,0.18014049530029297
1781548236034324,171739076,-0.005635841283947229,0.5701253414154053,0.8215255737304688,-0.004700621590018272,0.04668392986059189,-0.13990837335586548,-9.855420112609863,0.6492499113082886,0.10641435533761978,0.1325393170118332
1781548236036228,171755743,-0.0056388708762824535,0.5701090097427368,0.8215370178222656,-0.0046859076246619225,0.03010808862745762,-0.1497107595205307,-9.867793083190918,0.6610445976257324,0.11450798809528351,0.1977364420890808
1781548236065087,171772410,-0.005646089091897011,0.5701075196266174,0.821537971496582,-0.004690630827099085,0.04655149206519127,-0.14193609356880188,-9.881908416748047,0.7878914475440979,0.06004256755113602,0.1314123570919037
1781548236066596,171789077,-0.0056434073485434055,0.5701027512550354,0.8215413689613342,-0.00468857865780592,0.017702225595712662,-0.14798703789710999,-9.845276832580566,0.7102465629577637,0.03235524147748947,0.2365908920764923
1781548236094081,171805744,-0.005633278749883175,0.5701034665107727,0.821540892124176,-0.004689221736043692,0.040736451745033264,-0.13131831586360931,-9.859037399291992,0.6969150304794312,-0.021975696086883545,0.13262896239757538
1781548236123889,171822411,-0.00563181284815073,0.5701091289520264,0.8215369582176208,-0.004688918124884367,0.03581947088241577,-0.14635628461837769,-9.854801177978516,0.7253580093383789,0.031023379415273666,0.1783476173877716
1781548236126042,171839078,-0.005630073603242636,0.5700974464416504,0.8215450644493103,-0.004691441077739,0.044141221791505814,-0.14988601207733154,-9.861849784851074,0.7403414249420166,0.018255451694130898,0.09431236982345581
1781548236153886,171855745,-0.005634790752083063,0.5700786113739014,0.8215581178665161,-0.0046938038431108,0.02761189639568329,-0.14031249284744263,-9.853469848632812,0.7647503614425659,0.055176157504320145,0.06698361039161682
1781548236156039,171872412,-0.00564924068748951,0.5700860023498535,0.8215528726577759,-0.004685945808887482,0.03495742753148079,-0.13563480973243713,-9.859060287475586,0.7450413703918457,0.1506987065076828,0.19655823707580566
1781548236184409,171889079,-0.005654249340295792,0.5700977444648743,0.8215447068214417,-0.004688728135079145,0.029553566128015518,-0.15683099627494812,-9.847654342651367,0.7683233618736267,0.05530421808362007,0.19949090480804443
1781548236185552,171905746,-0.00565689941868186,0.5700973868370056,0.8215449452400208,-0.004681115970015526,0.0318961925804615,-0.13199423253536224,-9.85134220123291,0.7005137205123901,0.08204387873411179,0.09624611586332321
1781548236214488,171922413,-0.00565137667581439,0.5700893402099609,0.8215506672859192,-0.004675940610468388,0.02937488630414009,-0.14306972920894623,-9.845569610595703,0.6821110248565674,0.026656419038772583,0.08592420816421509
1781548236215449,171939080,-0.005647237412631512,0.5700885653495789,0.8215512633323669,-0.004671577364206314,0.02770143561065197,-0.15240007638931274,-9.851821899414062,0.6920870542526245,0.03168930858373642,0.14065854251384735
1781548236244176,171955747,-0.00564842764288187,0.5700966119766235,0.8215456604957581,-0.004669797606766224,0.03059445321559906,-0.1442713588476181,-9.852529525756836,0.7275223135948181,0.051475122570991516,0.17022837698459625
1781548236274043,171972414,-0.005636555142700672,0.5700994729995728,0.8215437531471252,-0.00466968584805727,0.018878798931837082,-0.1399119645357132,-9.845938682556152,0.6857224106788635,-0.028724640607833862,0.15649999678134918
1781548236276376,171989081,-0.005627109669148922,0.5700988173484802,0.8215441703796387,-0.004684850107878447,0.018921712413430214,-0.14689986407756805,-9.854521751403809,0.7817572355270386,-0.075480617582798,0.10058746486902237
1781548236303961,172005748,-0.005629125516861677,0.5700957179069519,0.8215463161468506,-0.00468245567753911,0.024929741397500038,-0.14864148199558258,-9.872474670410156,0.7274198532104492,0.05805758386850357,0.0956186056137085
1781548236305602,172022415,-0.00563148595392704,0.5700849294662476,0.8215538859367371,-0.00467268330976367,0.035200607031583786,-0.11942744255065918,-9.849093437194824,0.6872719526290894,0.08835741132497787,0.011993147432804108
1781548236333973,172039082,-0.0056274388916790485,0.5700874924659729,0.8215520977973938,-0.004677383694797754,0.024064164608716965,-0.14456816017627716,-9.85790729522705,0.7437096238136292,-0.003713841550052166,0.1308104693889618
1781548236335776,172055749,-0.005634309258311987,0.5700846314430237,0.8215540647506714,-0.004680561367422342,0.03463556617498398,-0.14283014833927155,-9.879154205322266,0.7780177593231201,0.06342344731092453,0.07284891605377197
1781548236364006,172072416,-0.0056342086754739285,0.570081889629364,0.8215557932853699,-0.004694181494414806,0.02741878107190132,-0.1528184860944748,-9.867878913879395,0.8094189167022705,-0.016110386699438095,0.12046292424201965
1781548236366052,172089083,-0.005633630324155092,0.5700802206993103,0.8215569853782654,-0.004696464166045189,0.03339104726910591,-0.13325662910938263,-9.854385375976562,0.7435942888259888,0.025465423241257668,0.12094956636428833
1781548236394468,172105750,-0.005640888120979071,0.5700863003730774,0.8215527534484863,-0.004692854825407267,0.03011881746351719,-0.14053064584732056,-9.858222961425781,0.7409049868583679,0.09323663264513016,0.18409767746925354
1781548236423869,172122417,-0.005634846165776253,0.5700835585594177,0.8215547204017639,-0.004699185490608215,0.025183651596307755,-0.14604157209396362,-9.875567436218262,0.7450669407844543,-0.02159150503575802,0.09628453105688095
1781548236425908,172139084,-0.005629676394164562,0.5700872540473938,0.821552038192749,-0.004698565229773521,0.04095127433538437,-0.15276843309402466,-9.834198951721191,0.709286093711853,0.010597254149615765,0.12466339766979218
1781548236453890,172155751,-0.0056198216043412685,0.5700870156288147,0.8215521574020386,-0.004701101686805487,0.028302105143666267,-0.14461466670036316,-9.83713436126709,0.7085176706314087,-0.02761048823595047,0.15948386490345
1781548236457526,172172418,-0.005619557108730078,0.5700874328613281,0.821552038192749,-0.004705436527729034,0.046451251953840256,-0.14683189988136292,-9.870853424072266,0.756503164768219,0.0186652559787035,0.10111253708600998
1781548236483888,172189085,-0.005634630564600229,0.5700875520706177,0.8215518593788147,-0.004710695240646601,0.02916618064045906,-0.13445353507995605,-9.878026008605957,0.8217002153396606,0.10243158042430878,0.14014628529548645
1781548236486035,172205752,-0.005631872918456793,0.5700833201408386,0.8215547204017639,-0.004705027677118778,0.04550730809569359,-0.13484448194503784,-9.841544151306152,0.6902943253517151,0.04393218085169792,0.07658836990594864
1781548236513965,172222419,-0.0056255534291267395,0.5700744390487671,0.8215609192848206,-0.004702803213149309,0.024754507467150688,-0.13555970788002014,-9.887873649597168,0.69562166929245,0.010546027682721615,0.08448988944292068
1781548236516040,172239086,-0.005632052663713694,0.5700616240501404,0.8215698003768921,-0.004710083361715078,0.03237540274858475,-0.1421971470117569,-9.865843772888184,0.7998397946357727,0.044854242354631424,0.007613375782966614
1781548236544081,172255753,-0.005622332915663719,0.5700697302818298,0.8215643167495728,-0.0047036511823534966,0.037182003259658813,-0.12918691337108612,-9.843822479248047,0.6584064364433289,0.008202467113733292,0.193023681640625
1781548236573875,172272420,-0.005611114669591188,0.5700806975364685,0.8215567469596863,-0.004695386625826359,0.0240605678409338,-0.13365358114242554,-9.871131896972656,0.642385721206665,0.006678510922938585,0.175478994846344
1781548236576240,172289087,-0.005611003376543522,0.570078432559967,0.8215583562850952,-0.004690544679760933,0.032304029911756516,-0.13146494328975677,-9.870150566101074,0.7050343751907349,0.056443989276885986,0.1539643555879593
1781548236603963,172305754,-0.005619937088340521,0.5700781941413879,0.8215586543083191,-0.0046823639422655106,0.03510405123233795,-0.1487380415201187,-9.84224796295166,0.721823513507843,0.12004031240940094,0.11783763766288757
1781548236606205,172322421,-0.005618173163384199,0.5700725317001343,0.8215624690055847,-0.004676173906773329,0.037031713873147964,-0.1434917449951172,-9.876151084899902,0.69110107421875,0.05171844735741615,0.08829338848590851
1781548236635384,172339088,-0.00560551043599844,0.5700778365135193,0.8215588331222534,-0.004679249599575996,0.0381937138736248,-0.1356133222579956,-9.861075401306152,0.7006673812866211,-0.04551376774907112,0.18460993468761444
1781548236636037,172355755,-0.005604853387922049,0.570073127746582,0.8215621113777161,-0.00468020373955369,0.03464629501104355,-0.13657893240451813,-9.87037467956543,0.7355518937110901,0.030754446983337402,0.15565477311611176
1781548236663921,172372422,-0.005611782893538475,0.5700725317001343,0.8215624690055847,-0.004680884536355734,0.026052670553326607,-0.14558739960193634,-9.88144302368164,0.7638795375823975,0.0743984803557396,0.1485728621482849
1781548236665638,172389089,-0.005612325854599476,0.5700637698173523,0.8215686082839966,-0.004678606055676937,0.031724534928798676,-0.13733351230621338,-9.857540130615234,0.7223101854324341,0.049221206456422806,0.06831547617912292
1781548236694107,172405756,-0.005614143796265125,0.5700600147247314,0.8215712308883667,-0.00468337070196867,0.03925256431102753,-0.14409255981445312,-9.861456871032715,0.7670683860778809,0.029115239158272743,0.10590212047100067
1781548236724250,172422423,-0.005619009956717491,0.5700502991676331,0.8215780258178711,-0.004676702432334423,0.031331151723861694,-0.1356276571750641,-9.855633735656738,0.7144470810890198,0.09098271280527115,0.06636890769004822
1781548236725825,172439090,-0.005611058324575424,0.5700432658195496,0.8215829133987427,-0.004683231469243765,0.04019657149910927,-0.1501077264547348,-9.85867691040039,0.7388943433761597,-0.033347733318805695,0.06926314532756805
1781548236754288,172455757,-0.005602387711405754,0.5700335502624512,0.8215895891189575,-0.004685141146183014,0.03355555236339569,-0.13617482781410217,-9.868683815002441,0.7098238468170166,-0.019222330302000046,0.06069568172097206
1781548236756127,172472424,-0.005593770183622837,0.5700374245643616,0.8215869665145874,-0.0046872664242982864,0.03658460080623627,-0.14517970383167267,-9.855884552001953,0.7110533714294434,-0.01899181865155697,0.17675963044166565
1781548236783865,172489091,-0.005588596686720848,0.5700411796569824,0.8215843439102173,-0.0046871257945895195,0.03502166271209717,-0.13692937791347504,-9.852886199951172,0.7120139002799988,0.008740334771573544,0.1354207545518875
1781548236785781,172505758,-0.005593918263912201,0.5700342059135437,0.8215891718864441,-0.004690475761890411,0.01906118541955948,-0.1350983828306198,-9.85709285736084,0.7727800607681274,0.0545230358839035,0.09581071138381958
1781548236813965,172522425,-0.0056000337935984135,0.5700181126594543,0.8216003179550171,-0.004690602887421846,0.025845250114798546,-0.1345476508140564,-9.868040084838867,0.757655680179596,0.07187563925981522,0.07236228138208389
1781548236816151,172539092,-0.005592254921793938,0.5700162053108215,0.8216016888618469,-0.004681308753788471,0.024625763297080994,-0.13922174274921417,-9.846796989440918,0.6499541997909546,0.030498316511511803,0.15667928755283356
1781548236844140,172555759,-0.005587724968791008,0.5700129866600037,0.8216040730476379,-0.004671867471188307,0.05101817473769188,-0.13810597360134125,-9.865296363830566,0.662107527256012,0.048555273562669754,0.08408009260892868
1781548236873850,172572426,-0.0055929007939994335,0.5700034499168396,0.8216106295585632,-0.004670646507292986,0.04517107456922531,-0.15332989394664764,-9.857200622558594,0.7461938858032227,0.07195247709751129,0.11318892240524292
1781548236875922,172589093,-0.005597070325165987,0.5699895620346069,0.8216202855110168,-0.004666334483772516,0.03562617674469948,-0.13530580699443817,-9.864964485168457,0.7243975400924683,0.08000767230987549,0.21186186373233795
1781548236904011,172605760,-0.005585273262113333,0.5699778199195862,0.8216285109519958,-0.004662602208554745,0.021117452532052994,-0.13656461238861084,-9.869394302368164,0.6657573580741882,-0.014765721745789051,0.05723798647522926
1781548236906068,172622427,-0.005591351538896561,0.56998211145401,0.8216255307197571,-0.004652731120586395,0.027976669371128082,-0.13903936743736267,-9.848127365112305,0.700974702835083,0.11070448905229568,0.15450218319892883
1781548236934911,172639094,-0.005588625092059374,0.5699827671051025,0.8216251134872437,-0.004649415612220764,0.026302877813577652,-0.13437239825725555,-9.841960906982422,0.70363849401474,0.035134222358465195,0.1315404325723648
1781548236935569,172655761,-0.0055813780054450035,0.5699884295463562,0.8216211795806885,-0.0046527027152478695,0.02596701681613922,-0.13118959963321686,-9.861163139343262,0.7230657935142517,-0.015867067500948906,0.17643950879573822
1781548236964498,172672428,-0.005588596221059561,0.5699899196624756,0.8216201663017273,-0.004649186506867409,0.030286898836493492,-0.14151409268379211,-9.863912582397461,0.741391658782959,0.09231457859277725,0.1484576165676117
1781548236965487,172689095,-0.005582265555858612,0.5699951648712158,0.8216165900230408,-0.004652469884604216,0.041194330900907516,-0.14092044532299042,-9.879480361938477,0.7267410755157471,-0.010872590355575085,0.16806411743164062
1781548236994218,172705762,-0.005585440434515476,0.5699867010116577,0.8216224908828735,-0.004651106894016266,0.02107093669474125,-0.13798436522483826,-9.863521575927734,0.7377417087554932,0.06056762859225273,0.07537175714969635
1781548237023946,172722429,-0.005586861167103052,0.5699893832206726,0.8216205835342407,-0.004654812626540661,0.0350504070520401,-0.14334511756896973,-9.844890594482422,0.7597814798355103,0.030280614271759987,0.10715712606906891
1781548237025914,172739096,-0.005592457950115204,0.5699869990348816,0.8216222524642944,-0.004649723414331675,0.023602968081831932,-0.14517256617546082,-9.85441780090332,0.7267538905143738,0.0873585119843483,-0.007402069866657257
1781548237054304,172755763,-0.0055947438813745975,0.5699808597564697,0.8216265439987183,-0.004638662561774254,0.046955451369285583,-0.14631694555282593,-9.866121292114258,0.6792039275169373,0.0947093591094017,0.16084134578704834
1781548237059983,172772430,-0.005589787848293781,0.569984495639801,0.8216241002082825,-0.0046319011598825455,0.03249354287981987,-0.1458234339952469,-9.857669830322266,0.6755412817001343,0.03588979318737984,0.1326545625925064
1781548237083883,172789097,-0.0055996570736169815,0.5699873566627502,0.8216219544410706,-0.004623963497579098,0.023470647633075714,-0.1421971470117569,-9.852933883666992,0.7269075512886047,0.12421517074108124,0.12324189394712448
1781548237086205,172805764,-0.00559964869171381,0.5699962377548218,0.8216158151626587,-0.00463209580630064,0.030883951112627983,-0.1405806839466095,-9.864032745361328,0.7790294289588928,0.005602777935564518,0.1627494841814041
1781548237114453,172822431,-0.0055909184738993645,0.5699955224990845,0.8216162919998169,-0.004637520760297775,0.03933457285165787,-0.14620964229106903,-9.861093521118164,0.7294048070907593,-0.03298915550112724,0.13136112689971924
1781548237115982,172839098,-0.005603148136287928,0.5699861645698547,0.8216228485107422,-0.0046272580511868,0.031456317752599716,-0.14299821853637695,-9.861878395080566,0.7228608131408691,0.1468183845281601,0.08557842671871185
1781548237144203,172855765,-0.005604138597846031,0.570000946521759,0.821612536907196,-0.004636408761143684,0.03688857704401016,-0.1434166431427002,-9.85009479522705,0.7887238264083862,0.006883412599563599,0.16779518127441406
1781548237173906,172872432,-0.0056103290989995,0.5700035095214844,0.8216107487678528,-0.004628065973520279,0.028706379234790802,-0.1398046463727951,-9.864853858947754,0.7100543975830078,0.10558194667100906,0.16684751212596893
1781548237176423,172889099,-0.0056038773618638515,0.5699955224990845,0.8216162919998169,-0.004636330530047417,0.03590512275695801,-0.14435361325740814,-9.863687515258789,0.7543900012969971,-0.031234685331583023,0.10312312096357346
1781548237203905,172905766,-0.00560101680457592,0.5700054168701172,0.8216094970703125,-0.004636098630726337,0.0451819933950901,-0.12973050773143768,-9.867679595947266,0.7202739119529724,0.02267364226281643,0.1911923736333847
1781548237206016,172922433,-0.005602045450359583,0.5700212717056274,0.821598470211029,-0.0046351454220712185,0.04197036847472191,-0.14949262142181396,-9.867259979248047,0.7314538359642029,0.047658830881118774,0.24048402905464172
1781548237234324,172939100,-0.005598848219960928,0.570016086101532,0.8216020464897156,-0.004642397630959749,0.03267938271164894,-0.13871034979820251,-9.861663818359375,0.7615103125572205,-0.008977251127362251,0.1085786446928978
1781548237236814,172955767,-0.005590405315160751,0.5699621438980103,0.821639358997345,-0.004680333659052849,0.04695560038089752,-0.1340898871421814,-9.868941307067871,0.7225790619850159,-0.0022283047437667847,0.051065314561128616
1781548237263898,172972434,-0.005602442193776369,0.5699737668037415,0.8216311931610107,-0.004682166036218405,0.02467956952750683,-0.15144522488117218,-9.863874435424805,0.7906063795089722,0.09794936329126358,0.1496870070695877
1781548237266063,172989101,-0.005596770439296961,0.5699724555015564,0.821631908416748,-0.004679953213781118,0.04463448002934456,-0.15294364094734192,-9.885093688964844,0.6979268193244934,0.014900187961757183,0.17074064910411835
1781548237294121,173005768,-0.0055915662087500095,0.569977879524231,0.8216283321380615,-0.004685138817876577,0.01705135591328144,-0.14044839143753052,-9.847894668579102,0.7415452599525452,-0.011653779074549675,0.18482762575149536
1781548237323778,173022435,-0.005590134300291538,0.5699817538261414,0.8216256499290466,-0.0046927290968596935,0.02463291585445404,-0.14007288217544556,-9.862153053283691,0.7700905799865723,-0.00010245078738080338,0.1554754674434662
1781548237325749,173039102,-0.005590024404227734,0.5699803233146667,0.821626603603363,-0.004702734295278788,0.026245785877108574,-0.1316831111907959,-9.847716331481934,0.7887494564056396,-0.0016648253658786416,0.16066205501556396
1781548237353945,173055769,-0.005585115402936935,0.5699838399887085,0.8216241598129272,-0.004709286615252495,0.0165293850004673,-0.1283179074525833,-9.852394104003906,0.7505993247032166,-0.015700586140155792,0.15027610957622528
1781548237356150,173072436,-0.005578504875302315,0.5699931383132935,0.821617603302002,-0.004718677140772343,0.01807757094502449,-0.15076571702957153,-9.85227108001709,0.7599863409996033,-0.03674141690135002,0.1491619348526001
1781548237383751,173089103,-0.005579368676990271,0.5700015425682068,0.821611762046814,-0.004721872042864561,0.045990027487277985,-0.13822399079799652,-9.867177963256836,0.7540570497512817,0.030831284821033478,0.2252444624900818
1781548237385415,173105770,-0.0055840215645730495,0.5700132250785828,0.8216036558151245,-0.00471537746489048,0.043078843504190445,-0.1417715847492218,-9.851394653320312,0.7145622968673706,0.08898492157459259,0.15227389335632324
1781548237414297,173122437,-0.005581927951425314,0.5700083374977112,0.8216070532798767,-0.004713613074272871,0.02258017286658287,-0.1395936757326126,-9.828876495361328,0.7146134972572327,0.03285468742251396,0.12075746804475784
1781548237416102,173139104,-0.005584969650954008,0.5700104236602783,0.8216056227684021,-0.004710214678198099,0.021013794466853142,-0.1302490383386612,-9.852923393249512,0.7256270051002502,0.06796970218420029,0.12210213392972946
1781548237444493,173155771,-0.005592001136392355,0.5700097680091858,0.8216059803962708,-0.004710170440375805,0.04061140865087509,-0.1330563724040985,-9.830267906188965,0.7601273059844971,0.07772812992334366,0.144282728433609
1781548237474281,173172438,-0.005597298499196768,0.5700106024742126,0.821605384349823,-0.004703903570771217,0.04232083633542061,-0.14295530319213867,-9.864041328430176,0.7182888984680176,0.0918535366654396,0.11530197411775589
1781548237475658,173189105,-0.005608369130641222,0.5700097680091858,0.8216060400009155,-0.0046946764923632145,0.031971242278814316,-0.13892492651939392,-9.860668182373047,0.7244488000869751,0.13526706397533417,0.047005705535411835
1781548237504473,173205772,-0.005617677234113216,0.5700061917304993,0.8216084241867065,-0.004696957301348448,0.03075895830988884,-0.14566607773303986,-9.845924377441406,0.7821798920631409,0.08121147006750107,0.11318893730640411
1781548237506380,173222439,-0.0056162248365581036,0.5700013637542725,0.821611762046814,-0.004692817106842995,0.03079105168581009,-0.14162494242191315,-9.843884468078613,0.7037793397903442,0.0454433299601078,0.09698888659477234
1781548237534389,173239106,-0.005614397581666708,0.5700002908706665,0.8216124773025513,-0.004689822439104319,0.0460222102701664,-0.14385293424129486,-9.849296569824219,0.7089018821716309,0.03831019625067711,0.07546140998601913
1781548237535442,173255773,-0.005607776343822479,0.5699965357780457,0.8216152787208557,-0.0046937307342886925,0.041648510843515396,-0.1505011022090912,-9.860075950622559,0.729071855545044,-0.015470069833099842,0.09091867506504059
1781548237564019,173272440,-0.0056053041480481625,0.5700041055679321,0.8216100931167603,-0.004689041059464216,0.030934372916817665,-0.14674250781536102,-9.8566255569458,0.6965565085411072,0.04242103174328804,0.1887335628271103
1781548237565930,173289107,-0.005602953489869833,0.5700026154518127,0.8216111660003662,-0.004692011512815952,0.033394623547792435,-0.14571614563465118,-9.849568367004395,0.740456759929657,0.012671883217990398,0.12539337575435638
1781548237594092,173305774,-0.005595258437097073,0.569987952709198,0.8216213583946228,-0.004698347300291061,0.030147427693009377,-0.13861379027366638,-9.85878849029541,0.7382156252861023,-0.030082114040851593,0.10896282643079758
1781548237623803,173322441,-0.005593013949692249,0.5699851512908936,0.8216232657432556,-0.004694635979831219,0.033941783010959625,-0.13122177124023438,-9.849164962768555,0.7027804255485535,0.04017991945147514,0.15854902565479279
1781548237626163,173339108,-0.005598562303930521,0.5699781775474548,0.8216280937194824,-0.004695978481322527,0.03348403051495552,-0.1406915783882141,-9.876014709472656,0.7621762752532959,0.06352589279413223,0.08060957491397858
1781548237653761,173355775,-0.005593548994511366,0.5699740052223206,0.8216308355331421,-0.004697402939200401,0.03787918761372566,-0.1457340270280838,-9.84538459777832,0.7212471961975098,0.0036177937872707844,0.1131633073091507
1781548237655762,173372442,-0.00559089845046401,0.5699731111526489,0.821631669998169,-0.004685793071985245,0.029060261324048042,-0.1318332999944687,-9.852490425109863,0.656920850276947,0.0678800567984581,0.11389327049255371
1781548237684509,173389109,-0.00558836106210947,0.5699726939201355,0.8216319680213928,-0.004687534179538488,0.03540794178843498,-0.12164109945297241,-9.866118431091309,0.7328369617462158,0.015835052356123924,0.08468198776245117
1781548237686334,173405776,-0.005593013484030962,0.5699717998504639,0.8216325044631958,-0.004693628288805485,0.024586424231529236,-0.13323874771595,-9.849279403686523,0.785560667514801,0.039936598390340805,0.1156093180179596
1781548237714301,173422443,-0.005595564842224121,0.5699775218963623,0.8216284513473511,-0.004700623918324709,0.027772964909672737,-0.14465759694576263,-9.856596946716309,0.7825384140014648,0.0241719838231802,0.12954263389110565
1781548237716245,173439110,-0.005599926691502333,0.5699729919433594,0.8216314911842346,-0.004705332685261965,0.05008120834827423,-0.14333438873291016,-9.868529319763184,0.7764297723770142,0.04413708671927452,0.13630439341068268
1781548237744138,173455777,-0.0055942228063941,0.5699703097343445,0.8216334581375122,-0.00470749381929636,0.04944821819663048,-0.14658516645431519,-9.871705055236816,0.7226558327674866,-0.0031375554390251637,0.1192847341299057
1781548237773905,173472444,-0.005601627752184868,0.5699678063392639,0.8216351866722107,-0.004705831874161959,0.03307991847395897,-0.14597362279891968,-9.846120834350586,0.7524818181991577,0.08569368720054626,0.10571002215147018
1781548237775867,173489111,-0.0056035942398011684,0.569969892501831,0.8216336965560913,-0.004705613944679499,0.024328937754034996,-0.14313411712646484,-9.853538513183594,0.739227294921875,0.04938768595457077,0.14005662500858307
1781548237803878,173505778,-0.005596914328634739,0.5699694752693176,0.8216339945793152,-0.004712548106908798,0.03550828993320465,-0.13568131625652313,-9.842756271362305,0.7458353638648987,-0.027431201189756393,0.12454815208911896
1781548237806222,173522445,-0.005591027904301882,0.5699720978736877,0.8216321468353271,-0.00471829017624259,0.0406435951590538,-0.13625706732273102,-9.87998104095459,0.7420318722724915,-0.017954502254724503,0.15359294414520264
1781548237833983,173539112,-0.0055975764989852905,0.5699707865715027,0.8216330409049988,-0.004713861271739006,0.04473128169775009,-0.14566248655319214,-9.87324047088623,0.7337077260017395,0.09127725660800934,0.08264578133821487
1781548237836442,173555779,-0.005599637050181627,0.5699643492698669,0.8216375112533569,-0.004712996538728476,0.03364149108529091,-0.14548726379871368,-9.860429763793945,0.7359233498573303,0.05249962955713272,0.10638875514268875
1781548237863872,173572446,-0.005601059645414352,0.5699705481529236,0.8216332197189331,-0.004709182772785425,0.019386619329452515,-0.1472896784543991,-9.870546340942383,0.7168417572975159,0.06069568172097206,0.17033083736896515
1781548237865359,173589113,-0.005604802630841732,0.5699636340141296,0.8216379284858704,-0.00471462169662118,0.03208930790424347,-0.1515846997499466,-9.866938591003418,0.7783635258674622,0.036888688802719116,0.0721701830625534
1781548237894078,173605780,-0.005607249680906534,0.569968581199646,0.8216345310211182,-0.004713595379143953,0.036985136568546295,-0.13960440456867218,-9.859167098999023,0.7365763187408447,0.055112116038799286,0.1353054940700531
1781548237923850,173622447,-0.005600212141871452,0.5699483156204224,0.8216486573219299,-0.004709290806204081,0.029585963115096092,-0.14638131856918335,-9.866352081298828,0.6807535290718079,0.015220347791910172,0.0947093591094017
1781548237925352,173639114,-0.005595355294644833,0.5699498653411865,0.821647584438324,-0.004707059357315302,0.03422056511044502,-0.15408802032470703,-9.864130020141602,0.7009620070457458,0.019305571913719177,0.17172673344612122
1781548237953859,173655781,-0.005588405299931765,0.5699471235275269,0.8216494917869568,-0.004697697702795267,0.03138826787471771,-0.14133884012699127,-9.85384464263916,0.6526563763618469,0.03486528620123863,0.11605753749608994
1781548237955684,173672448,-0.005587790161371231,0.5699390172958374,0.8216550946235657,-0.004696718417108059,0.028162525966763496,-0.14125660061836243,-9.863686561584473,0.7248201370239258,0.03806687146425247,0.10713151097297668
1781548237983859,173689115,-0.0055909049697220325,0.5699346661567688,0.8216582536697388,-0.0046866461634635925,0.025326700881123543,-0.13519851863384247,-9.841626167297363,0.6881812810897827,0.0944020077586174,0.10022890567779541
1781548237985648,173705782,-0.005586492363363504,0.5699363350868225,0.821657121181488,-0.0046873679384589195,0.05111830681562424,-0.14011579751968384,-9.86467456817627,0.7194671034812927,0.010405157692730427,0.17663155496120453
1781548238013917,173722449,-0.005584999453276396,0.5699447393417358,0.8216513991355896,-0.004677227232605219,0.044466447085142136,-0.14525838196277618,-9.858908653259277,0.6698936223983765,0.06826424598693848,0.12576475739479065
1781548238015382,173739116,-0.005585644394159317,0.5699378252029419,0.8216562271118164,-0.004669819492846727,0.026417585089802742,-0.143874391913414,-9.858467102050781,0.6933422088623047,0.07086393237113953,0.14585793018341064
1781548238044119,173755783,-0.005587782710790634,0.5699356198310852,0.8216575980186462,-0.004668483976274729,0.025630677118897438,-0.14187529683113098,-9.850069046020508,0.7335540652275085,0.05495844781398773,0.13576650619506836
1781548238074457,173772450,-0.0055917096324265,0.5699294805526733,0.8216618299484253,-0.004672672599554062,0.03298327699303627,-0.1478225141763687,-9.856158256530762,0.7720370888710022,0.04285644739866257,0.07596085965633392
1781548238075802,173789117,-0.005592362489551306,0.5699253678321838,0.8216646909713745,-0.004670226480811834,0.02803397923707962,-0.14883817732334137,-9.862393379211426,0.7216697931289673,0.05037377402186394,0.09081621468067169
1781548238104498,173805784,-0.005582739599049091,0.5699261426925659,0.8216641545295715,-0.004681025631725788,0.030258290469646454,-0.14071302115917206,-9.864960670471191,0.7558372020721436,-0.05843537673354149,0.1741599440574646
1781548238105347,173822451,-0.005578028969466686,0.5699330568313599,0.8216593861579895,-0.0046894727274775505,0.03495027497410774,-0.13920387625694275,-9.845932006835938,0.76198410987854,-0.02189885824918747,0.1841616928577423
1781548238134387,173839118,-0.005564450286328793,0.5699431300163269,0.8216525316238403,-0.004685640800744295,0.02802673727273941,-0.12602196633815765,-9.86899471282959,0.6580991148948669,-0.02465222030878067,0.14594756066799164
1781548238135673,173855785,-0.00556483119726181,0.5699313282966614,0.8216607570648193,-0.004676483105868101,0.024028535932302475,-0.13395042717456818,-9.851997375488281,0.6826488971710205,0.07493636012077332,0.04112759605050087
1781548238163900,173872452,-0.005566783249378204,0.5699535012245178,0.8216454386711121,-0.004670512862503529,0.033566370606422424,-0.1384027898311615,-9.865426063537598,0.7073779702186584,0.07013397663831711,0.09171267598867416
1781548238166596,173889119,-0.0055518015287816525,0.5699524879455566,0.8216463327407837,-0.004667583387345076,0.02874913066625595,-0.136940136551857,-9.854082107543945,0.6576893329620361,-0.03587058186531067,0.1077718436717987
1781548238194147,173905786,-0.005548994988203049,0.5699482560157776,0.8216491937637329,-0.004671434406191111,0.0363306887447834,-0.1358565390110016,-9.873461723327637,0.7438119053840637,0.006230288650840521,0.09304452687501907
1781548238225745,173922453,-0.00554598867893219,0.5699424743652344,0.8216531872749329,-0.0046682292595505714,0.028556015342473984,-0.12934426963329315,-9.861913681030273,0.7030621767044067,0.03271381929516792,0.0835934430360794
1781548238227036,173939120,-0.005550061352550983,0.5699318647384644,0.8216605186462402,-0.004661175888031721,0.032775938510894775,-0.1352950781583786,-9.85041618347168,0.7091964483261108,0.08753780275583267,0.04687764495611191
1781548238253916,173955787,-0.005545620806515217,0.5699278712272644,0.8216632604598999,-0.0046646143309772015,0.04022534191608429,-0.1379450559616089,-9.865372657775879,0.7345913648605347,-0.0003969968529418111,0.16167375445365906
1781548238256873,173972454,-0.0055442554876208305,0.5699247717857361,0.8216655850410461,-0.004673957359045744,0.03664897382259369,-0.1510983407497406,-9.865471839904785,0.7802331447601318,-0.006838589906692505,0.11646734923124313
1781548238284433,173989121,-0.005547818262130022,0.5699198842048645,0.8216689229011536,-0.004673848394304514,0.03153150528669357,-0.1376410722732544,-9.842702865600586,0.7463604211807251,0.057481300085783005,0.08281224966049194
1781548238285388,174005788,-0.005544968415051699,0.5699156522750854,0.821671724319458,-0.0046831658110022545,0.025787902995944023,-0.12166255712509155,-9.872243881225586,0.7742782831192017,-0.015085876919329166,0.11977136880159378
1781548238313910,174022455,-0.005541092716157436,0.5699190497398376,0.821669340133667,-0.004685943014919758,0.03744646534323692,-0.1430339813232422,-9.876750946044922,0.7333106994628906,0.004731945693492889,0.15585966408252716
1781548238316907,174039122,-0.005547364242374897,0.5699223279953003,0.8216670155525208,-0.004680022597312927,0.020813418552279472,-0.14999686181545258,-9.841395378112793,0.7241926789283752,0.09543932229280472,0.10769499838352203
1781548238347178,174055789,-0.005539279896765947,0.5699222683906555,0.8216670751571655,-0.004680940415710211,0.030869821086525917,-0.1496964544057846,-9.881636619567871,0.706417441368103,-0.01217883825302124,0.10538985580205917
1781548238373984,174072456,-0.005530089605599642,0.569918692111969,0.8216697573661804,-0.004692905582487583,0.03577280044555664,-0.12874704599380493,-9.839584350585938,0.764596700668335,-0.06213640049099922,0.05675132945179939
1781548238375814,174089123,-0.005518751218914986,0.5699175596237183,0.8216705322265625,-0.004698143340647221,0.041780829429626465,-0.12689456343650818,-9.876901626586914,0.7181864380836487,-0.047690846025943756,0.09400501102209091
1781548238404390,174105790,-0.005503589753061533,0.5699139833450317,0.8216730356216431,-0.004711696412414312,0.03738924860954285,-0.14224006235599518,-9.86277961730957,0.7499973773956299,-0.10106770694255829,0.12424079328775406
1781548238406201,174122457,-0.005506023298949003,0.5699197053909302,0.8216691017150879,-0.004701801110059023,0.02627081796526909,-0.14424274861812592,-9.858040809631348,0.6864523887634277,0.09000943601131439,0.16551567614078522
1781548238433947,174139124,-0.005501030944287777,0.5699184536933899,0.8216700553894043,-0.004693865310400724,0.013314220122992992,-0.13587799668312073,-9.847634315490723,0.6682289838790894,0.041101984679698944,0.18142114579677582
1781548238436104,174155791,-0.005509530194103718,0.5699204802513123,0.8216686248779297,-0.004688413813710213,0.039860405027866364,-0.1353701800107956,-9.867549896240234,0.7353085875511169,0.10700346529483795,0.14844480156898499
1781548238463953,174172458,-0.00550934299826622,0.5699272751808167,0.8216639161109924,-0.004689245484769344,0.028784891590476036,-0.1373049020767212,-9.87264633178711,0.7365891933441162,0.0338151715695858,0.20689299702644348
1781548238466000,174189125,-0.00550691457465291,0.5699296593666077,0.8216622471809387,-0.004691580310463905,0.039842646569013596,-0.1363464891910553,-9.865816116333008,0.7365763783454895,0.01446477323770523,0.12047573179006577
1781548238494021,174205792,-0.005504335276782513,0.5699273943901062,0.8216637969017029,-0.004695741459727287,0.0387839674949646,-0.1541774421930313,-9.858774185180664,0.7464244365692139,0.00597416190430522,0.08028940856456757
1781548238524043,174222459,-0.005505998618900776,0.5699478983879089,0.8216496109962463,-0.004689575172960758,0.04272494837641716,-0.13570991158485413,-9.848427772521973,0.7048422694206238,0.07036448270082474,0.1788598895072937
1781548238528121,174239126,-0.005505164619535208,0.5699502229690552,0.8216480016708374,-0.004692481830716133,0.03255411610007286,-0.13052797317504883,-9.857020378112793,0.7462067604064941,0.020637432113289833,0.09757797420024872
1781548238554839,174255793,-0.005498174112290144,0.5699567794799805,0.8216435313224792,-0.004691964015364647,0.047205936163663864,-0.1385422646999359,-9.82844066619873,0.7025370597839355,3.201587242074311e-05,0.16546441614627838
1781548238556723,174272460,-0.005495197139680386,0.5699681639671326,0.8216357827186584,-0.00468410411849618,0.03280097246170044,-0.14909565448760986,-9.846435546875,0.6766939163208008,0.05193614587187767,0.2079174816608429
1781548238584572,174289127,-0.005501565057784319,0.5699633955955505,0.8216390013694763,-0.004686606582254171,0.01929006166756153,-0.13792000710964203,-9.852590560913086,0.7718450427055359,0.06424305588006973,0.14885461330413818
1781548238585777,174305794,-0.005492035765200853,0.5699580907821655,0.8216426372528076,-0.004692969378083944,0.034853629767894745,-0.128557488322258,-9.850321769714355,0.7316460013389587,-0.04155660420656204,0.08618033677339554
1781548238614038,174322461,-0.005486117675900459,0.5699681043624878,0.8216358423233032,-0.004687870386987925,0.035386569797992706,-0.14239026606082916,-9.85448932647705,0.6807279586791992,0.024325663223862648,0.19970862567424774
1781548238616450,174339128,-0.0054916441440582275,0.5699583292007446,0.8216425776481628,-0.004689232911914587,0.024450529366731644,-0.14556951820850372,-9.860787391662598,0.7621890902519226,0.06351308524608612,0.0925578847527504
1781548238644203,174355795,-0.00548599986359477,0.5699571371078491,0.8216434121131897,-0.004686384461820126,0.029003040865063667,-0.1480335295200348,-9.844544410705566,0.6947892904281616,0.016347303986549377,0.10774622112512589
1781548238674001,174372462,-0.0054931966587901115,0.5699702501296997,0.8216343522071838,-0.0046770889312028885,0.03976384922862053,-0.14333796501159668,-9.840328216552734,0.7090426683425903,0.11311206966638565,0.09149495512247086
1781548238676101,174389129,-0.005478106904774904,0.5699690580368042,0.8216353058815002,-0.004674320109188557,0.03529716655611992,-0.13575640320777893,-9.843789100646973,0.657996654510498,-0.03683106228709221,0.1380460411310196
1781548238704430,174405796,-0.005478442646563053,0.5699567198753357,0.8216438889503479,-0.004679592326283455,0.022462157532572746,-0.1295802891254425,-9.835843086242676,0.7641228437423706,0.018050551414489746,0.038438260555267334
1781548238705786,174422463,-0.005464709363877773,0.5699548721313477,0.8216453194618225,-0.004668269772082567,0.030301203951239586,-0.1470286101102829,-9.865790367126465,0.6151337623596191,0.003950758837163448,0.10832250863313675
1781548238734377,174439130,-0.0054646702483296394,0.5699514150619507,0.8216476440429688,-0.004663639236241579,0.022247690707445145,-0.14126017689704895,-9.871938705444336,0.7066736221313477,0.055265799164772034,0.10757975280284882
1781548238736357,174455797,-0.005463369190692902,0.5699648857116699,0.8216383457183838,-0.004660056438297033,0.03184623271226883,-0.12345782667398453,-9.853996276855469,0.7078517079353333,0.042843643575906754,0.10976961255073547
1781548238763916,174472464,-0.005464487709105015,0.5699615478515625,0.82164067029953,-0.004661223851144314,0.03285461664199829,-0.12411942332983017,-9.853062629699707,0.743735134601593,0.03912980109453201,0.12230703979730606
1781548238765835,174489131,-0.005469306372106075,0.569965660572052,0.8216376900672913,-0.0046580880880355835,0.044105175882577896,-0.148734450340271,-9.862530708312988,0.7339382767677307,0.07740797847509384,0.18859271705150604
1781548238794488,174505798,-0.005472710356116295,0.5699660181999207,0.8216374516487122,-0.004656089469790459,0.04457731544971466,-0.15437056124210358,-9.853490829467773,0.7350524067878723,0.0639100894331932,0.10641435533761978
1781548238824947,174522465,-0.005467236507683992,0.569970965385437,0.82163405418396,-0.004657238721847534,0.035436637699604034,-0.13263079524040222,-9.859503746032715,0.7179815173149109,0.0016712285578250885,0.12481708079576492
1781548238827033,174539132,-0.0054638017900288105,0.5699743628501892,0.821631669998169,-0.004657960031181574,0.03799014165997505,-0.13366790115833282,-9.855094909667969,0.7236547470092773,0.01452880259603262,0.09459409862756729
1781548238854819,174555799,-0.005454357247799635,0.5699768662452698,0.8216299414634705,-0.0046639335341751575,0.030844787135720253,-0.1329919993877411,-9.8629150390625,0.7295584678649902,-0.03917462006211281,0.1613151878118515
1781548238855766,174572466,-0.005456940736621618,0.5699832439422607,0.8216256499290466,-0.004666393157094717,0.04833601787686348,-0.1443786472082138,-9.873539924621582,0.7570024728775024,0.04185754805803299,0.1284797042608261
1781548238884008,174589133,-0.005460935644805431,0.5699798464775085,0.8216280341148376,-0.004667443223297596,0.020184114575386047,-0.14418552815914154,-9.852143287658691,0.7545052766799927,0.05556034296751022,0.09910192340612411
1781548238885889,174605800,-0.005450114607810974,0.5700017213821411,0.8216128349304199,-0.004672278184443712,0.034395962953567505,-0.14391015470027924,-9.856009483337402,0.7182504534721375,-0.04390016570687294,0.14068414270877838
1781548238914684,174622467,-0.00546043599024415,0.5700015425682068,0.8216129541397095,-0.0046717324294149876,0.026878774166107178,-0.14637774229049683,-9.866072654724121,0.7702314853668213,0.09782129526138306,0.13303877413272858
1781548238916691,174639134,-0.005456470884382725,0.570004940032959,0.8216105699539185,-0.004672997165471315,0.026195717975497246,-0.13448327779769897,-9.846210479736328,0.7243335247039795,0.010443577542901039,0.18610826134681702
1781548238944121,174655801,-0.005467603914439678,0.5700004696846008,0.8216136693954468,-0.0046713463962078094,0.035797834396362305,-0.13362856209278107,-9.849425315856934,0.7672091722488403,0.10651682317256927,0.10176564753055573
1781548238973902,174672468,-0.005464692134410143,0.5699996948242188,0.8216142058372498,-0.0046739475801587105,0.032157257199287415,-0.13234113156795502,-9.85369873046875,0.7361537218093872,0.010725317522883415,0.13919860124588013
1781548238976248,174689135,-0.00546682346612215,0.569996178150177,0.821616530418396,-0.004670531488955021,0.048722248524427414,-0.12416233867406845,-9.851836204528809,0.7219002842903137,0.06277032196521759,0.11841389536857605
1781548239004881,174705802,-0.005475255195051432,0.5699927806854248,0.8216187357902527,-0.004675122443586588,0.052112381905317307,-0.13897141814231873,-9.867949485778809,0.7918869853019714,0.0667530968785286,0.10304628312587738
1781548239005510,174722469,-0.005482039414346218,0.5699924230575562,0.8216190934181213,-0.004669123329222202,0.03565108776092529,-0.1393647938966751,-9.857667922973633,0.7255629301071167,0.09912755340337753,0.12493234872817993
1781548239034277,174739136,-0.005479256622493267,0.5699819326400757,0.8216263651847839,-0.004670584574341774,0.03449251875281334,-0.1528363674879074,-9.855304718017578,0.730057954788208,0.01600153185427189,0.10962875187397003
1781548239036763,174755803,-0.005455350503325462,0.569969654083252,0.8216350674629211,-0.004670616704970598,0.02576657384634018,-0.1383420079946518,-9.843839645385742,0.6388767957687378,-0.09667514264583588,0.16505464911460876
1781548239064455,174772470,-0.005439720116555691,0.5699882507324219,0.8216221928596497,-0.004677407443523407,0.017734261229634285,-0.13010597229003906,-9.860285758972168,0.7102978229522705,-0.07849013060331345,0.15573163330554962
1781548239066987,174789137,-0.0054453411139547825,0.5699856877326965,0.8216238021850586,-0.004684677813202143,0.03322654217481613,-0.14194324612617493,-9.84681510925293,0.7962283492088318,0.03977011889219284,0.06480652838945389
1781548239095680,174805804,-0.005442002788186073,0.5699748992919922,0.8216313123703003,-0.0046847183257341385,0.0288707222789526,-0.12676939368247986,-9.875438690185547,0.7199409604072571,0.018652448430657387,0.11900299787521362
1781548239124363,174822471,-0.005439960863441229,0.569985032081604,0.8216243386268616,-0.004683325067162514,0.03562617674469948,-0.13245199620723724,-9.860526084899902,0.7167778015136719,0.03204789012670517,0.23506693542003632
1781548239126077,174839138,-0.005438073072582483,0.5700033903121948,0.8216116428375244,-0.004684309475123882,0.0408867783844471,-0.12997010350227356,-9.856871604919434,0.7313385009765625,0.022263837978243828,0.17503078281879425
1781548239154041,174855805,-0.005451603792607784,0.5700045228004456,0.8216108679771423,-0.00467919884249568,0.020945847034454346,-0.13182972371578217,-9.867707252502441,0.7570281624794006,0.13371749222278595,0.1369190812110901
1781548239155554,174872472,-0.005451613571494818,0.5699965953826904,0.8216163516044617,-0.004682937636971474,0.03939192369580269,-0.12463082373142242,-9.877788543701172,0.7541595697402954,0.022251034155488014,0.06843072921037674
1781548239183972,174889139,-0.005455381236970425,0.5699966549873352,0.8216163516044617,-0.004673503339290619,0.04411979392170906,-0.13138628005981445,-9.877299308776855,0.694379448890686,0.09549054503440857,0.12914563715457916
1781548239187335,174905806,-0.005458177533000708,0.5699998140335083,0.8216140866279602,-0.004694616422057152,0.03716405853629112,-0.12498341500759125,-9.858129501342773,0.8629366159439087,-0.02926250919699669,0.1745569258928299
1781548239214173,174922473,-0.005458188708871603,0.5700013637542725,0.8216128349304199,-0.004696678835898638,0.042660392820835114,-0.14254045486450195,-9.877326011657715,0.7445034980773926,0.029806779697537422,0.17786099016666412
1781548239216777,174939140,-0.0054563190788030624,0.5700145959854126,0.8216036558151245,-0.004705559927970171,0.03334089741110802,-0.14482565224170685,-9.88027286529541,0.7762888669967651,-0.00966879352927208,0.07502599060535431
1781548239244555,174955807,-0.005531721282750368,0.5700199007987976,0.8215994238853455,-0.004717276897281408,0.03586935997009277,-0.14725391566753387,-9.867138862609863,0.817218005657196,0.09850004315376282,0.11380364000797272
1781548239274218,174972474,-0.005532624199986458,0.5700182914733887,0.8216005563735962,-0.004720568191260099,0.047456271946430206,-0.13063885271549225,-9.8549222946167,0.7549151182174683,0.028423693031072617,0.07679326832294464
1781548239275501,174989141,-0.005529137793928385,0.5700148940086365,0.8216028809547424,-0.004722342826426029,0.022995013743638992,-0.13985474407672882,-9.877735137939453,0.7291744351387024,0.009739229455590248,0.0816468894481659
1781548239303766,175005808,-0.005528512876480818,0.570016086101532,0.8216020464897156,-0.004726301413029432,0.02440403774380684,-0.13185475766658783,-9.861556053161621,0.7524306178092957,0.018153000622987747,0.15990647673606873
1781548239306073,175022475,-0.0055171409621834755,0.5700183510780334,0.8216005563735962,-0.004723745863884687,0.02362084947526455,-0.14068442583084106,-9.869613647460938,0.6737996935844421,-0.017659958451986313,0.12002751231193542
1781548239334465,175039142,-0.0055066258646547794,0.570012629032135,0.8216046690940857,-0.004722826182842255,0.026703540235757828,-0.14033395051956177,-9.873472213745117,0.6862858533859253,-0.018979007378220558,0.10004960000514984
1781548239336868,175055809,-0.005509235896170139,0.5700131058692932,0.8216041922569275,-0.00473174499347806,0.0258917398750782,-0.1472431868314743,-9.867077827453613,0.7933980822563171,0.01606556586921215,0.09444042295217514
1781548239364936,175072476,-0.00550372339785099,0.5700355768203735,0.8215886354446411,-0.0047202263958752155,0.03318362683057785,-0.13956864178180695,-9.855079650878906,0.646253228187561,0.050322555005550385,0.18390558660030365
1781548239365743,175089143,-0.0055031250230968,0.5700210928916931,0.8215986490249634,-0.004727913532406092,0.0369243398308754,-0.14927446842193604,-9.84701156616211,0.7737276554107666,0.002951863454654813,0.03706797957420349
1781548239394329,175105810,-0.0055045681074261665,0.5700221061706543,0.8215979337692261,-0.004734729882329702,0.038315486162900925,-0.14020520448684692,-9.862203598022461,0.7769036293029785,0.017935290932655334,0.11289437115192413
1781548239423994,175122477,-0.005511134397238493,0.5700095891952515,0.8216065168380737,-0.004751400090754032,0.027761463075876236,-0.13910138607025146,-9.853097915649414,0.8527043461799622,0.00789511390030384,0.028270017355680466
1781548239426049,175139144,-0.005513014737516642,0.5700166821479797,0.8216015696525574,-0.0047497376799583435,0.03223593160510063,-0.13909301161766052,-9.834105491638184,0.7307366728782654,0.05363939329981804,0.14201600849628448
1781548239455606,175155811,-0.005519263446331024,0.5699812173843384,0.8216261267662048,-0.004747845698148012,0.03413132205605507,-0.14109568297863007,-9.863058090209961,0.7457201480865479,0.08180055767297745,0.13704714179039001
1781548239456164,175172478,-0.005529662128537893,0.5699790120124817,0.8216276168823242,-0.00474502332508564,0.019182775169610977,-0.1430518627166748,-9.859578132629395,0.7572715282440186,0.10720834881067276,0.16298000514507294
1781548239484435,175189145,-0.005527622532099485,0.569980263710022,0.8216268420219421,-0.004752486944198608,0.02631373330950737,-0.12415160983800888,-9.851356506347656,0.7666073441505432,-0.0033808760344982147,0.16689874231815338
1781548239486111,175205812,-0.005526810884475708,0.5699803233146667,0.8216267228126526,-0.004761242773383856,0.03871602192521095,-0.13032414019107819,-9.854113578796387,0.7788629531860352,-0.0021514666732400656,0.1187724843621254
1781548239513892,175222479,-0.0055229272693395615,0.5699852108955383,0.8216233849525452,-0.004765711259096861,0.027300765737891197,-0.1261972039937973,-9.869888305664062,0.7426594495773315,-0.002958266995847225,0.15005840361118317
1781548239516054,175239146,-0.00551637914031744,0.5699915289878845,0.8216187953948975,-0.004769132938235998,0.03108797036111355,-0.1308891922235489,-9.866734504699707,0.7263314127922058,-0.01345947477966547,0.16637369990348816
1781548239544105,175255813,-0.005515513941645622,0.5699936747550964,0.8216173648834229,-0.004765077494084835,0.029156817123293877,-0.14145329594612122,-9.851750373840332,0.7063789963722229,0.047799695283174515,0.1366117298603058
1781548239573865,175272480,-0.005528421141207218,0.5700012445449829,0.8216121196746826,-0.004767555743455887,0.03120240941643715,-0.12925486266613007,-9.882716178894043,0.7971760630607605,0.10030572861433029,0.18087045848369598
1781548239575717,175289147,-0.0055242725647985935,0.5700043439865112,0.8216099739074707,-0.004771013744175434,0.03543325513601303,-0.14819803833961487,-9.854018211364746,0.7358080744743347,0.0005442698020488024,0.19174307584762573
1781548239603773,175305814,-0.005516404751688242,0.5699824094772339,0.821625292301178,-0.004761167336255312,0.03448178991675377,-0.1431269645690918,-9.865618705749512,0.6460995674133301,0.031113026663661003,0.05048903450369835
1781548239606946,175322481,-0.005518845748156309,0.569979190826416,0.8216274976730347,-0.004761979449540377,0.03763611242175102,-0.13705815374851227,-9.871613502502441,0.7468855977058411,0.0472746416926384,0.10655523836612701
1781548239634935,175339148,-0.005518672056496143,0.5699976682662964,0.821614682674408,-0.00475637661293149,0.031249023973941803,-0.1334211379289627,-9.860051155090332,0.7007442116737366,0.05670011043548584,0.12935052812099457
1781548239636360,175355815,-0.00552266975864768,0.5699984431266785,0.821614146232605,-0.0047548431903123856,0.02663559280335903,-0.1285145878791809,-9.843850135803223,0.7395986914634705,0.06561332941055298,0.14461569488048553
1781548239664177,175372482,-0.005523541010916233,0.5700030326843262,0.8216110467910767,-0.004750147461891174,0.018467534333467484,-0.1470894068479538,-9.861992835998535,0.7094781994819641,0.060477983206510544,0.1715986579656601
1781548239666520,175389149,-0.0055126771330833435,0.570031464099884,0.821591317653656,-0.004751180298626423,0.021410753950476646,-0.13720476627349854,-9.846839904785156,0.6966333389282227,-0.030299823731184006,0.13298752903938293
1781548239694268,175405816,-0.005505613517016172,0.5700230002403259,0.8215970993041992,-0.004770016297698021,0.0309663787484169,-0.13966162502765656,-9.867639541625977,0.8113527297973633,-0.07676126807928085,0.10391713678836823
1781548239724491,175422483,-0.005495838820934296,0.5700284242630005,0.8215934634208679,-0.004768189042806625,0.027082515880465508,-0.1319083869457245,-9.854992866516113,0.6841984391212463,-0.011833068914711475,0.10815603286027908
1781548239725559,175439150,-0.00548914261162281,0.5700348615646362,0.8215889930725098,-0.004766692407429218,0.03145274147391319,-0.12362948805093765,-9.870514869689941,0.6980164051055908,0.005000879056751728,0.1648625135421753
1781548239753894,175455817,-0.005484535358846188,0.5700346231460571,0.8215892314910889,-0.004770354833453894,0.03591577708721161,-0.1279924362897873,-9.858783721923828,0.7355775237083435,-0.004354158882051706,0.07456497102975845
1781548239755782,175472484,-0.005486221518367529,0.5700275301933289,0.8215941786766052,-0.004769882187247276,0.019590554758906364,-0.14224007725715637,-9.873154640197754,0.7368069291114807,0.0480942502617836,0.08934350311756134
1781548239783989,175489151,-0.005494142882525921,0.5700336694717407,0.8215897679328918,-0.004770284052938223,0.02019841969013214,-0.13751232624053955,-9.85583782196045,0.7658900618553162,0.08045588433742523,0.18614667654037476
1781548239785862,175505818,-0.005490023177117109,0.5700412392616272,0.8215845227241516,-0.004770665429532528,0.016003526747226715,-0.13370008766651154,-9.85467529296875,0.7185322046279907,0.012671884149312973,0.2064959853887558
1781548239813915,175522485,-0.005480717867612839,0.570037841796875,0.8215869069099426,-0.004774230998009443,0.02667493000626564,-0.14298748970031738,-9.860962867736816,0.7166369557380676,-0.030543142929673195,0.055227380245923996
1781548239815973,175539152,-0.0054772840812802315,0.5700415968894958,0.8215842247009277,-0.004785217810422182,0.02890290692448616,-0.13814173638820648,-9.867210388183594,0.7811809182167053,-0.025420604273676872,0.16072608530521393
1781548239844044,175555819,-0.005482110194861889,0.5700347423553467,0.821588933467865,-0.004789853002876043,0.03272582218050957,-0.13497677445411682,-9.863446235656738,0.7779665589332581,0.04514878988265991,0.04732586815953255
1781548239873808,175572486,-0.005485572386533022,0.5700321197509766,0.8215908408164978,-0.004791768733412027,0.03488590195775032,-0.1420147716999054,-9.85604190826416,0.7572202086448669,0.048606500029563904,0.10487759858369827
1781548239875699,175589153,-0.005487299989908934,0.5700364708900452,0.8215876817703247,-0.004799002315849066,0.022526530548930168,-0.1337859183549881,-9.847290992736816,0.7806941866874695,0.017192523926496506,0.0827738344669342
1781548239904323,175605820,-0.005500820465385914,0.5700316429138184,0.8215910196304321,-0.004798957146704197,0.03532220050692558,-0.13962586224079132,-9.86756420135498,0.7855991125106812,0.11281753331422806,0.07161951810121536
1781548239906357,175622487,-0.00550322188064456,0.5700326561927795,0.8215903043746948,-0.0047994330525398254,0.027400746941566467,-0.1491636037826538,-9.854126930236816,0.7447468638420105,0.048670537769794464,0.148355171084404
1781548239934413,175639154,-0.005507327150553465,0.5700324773788452,0.8215903043746948,-0.004811967723071575,0.038243960589170456,-0.13679350912570953,-9.868354797363281,0.8195102214813232,0.011147926561534405,0.1499943733215332
1781548239936198,175655821,-0.005508970003575087,0.5700241923332214,0.8215960264205933,-0.004806357901543379,0.038912709802389145,-0.13639654219150543,-9.86336898803711,0.7074547410011292,0.0680849552154541,0.09615646302700043
1781548239964147,175672488,-0.005511884111911058,0.5700201392173767,0.8215988278388977,-0.004804564639925957,0.03310145065188408,-0.13433308899402618,-9.874910354614258,0.7341176271438599,0.059683993458747864,0.07528212666511536
1781548239966011,175689155,-0.00551168667152524,0.5700085163116455,0.8216068744659424,-0.004805623088032007,0.02778713032603264,-0.135126993060112,-9.87385082244873,0.7378826141357422,0.03163808211684227,0.0913412868976593
1781548239994707,175705822,-0.005508261267095804,0.5700133442878723,0.8216036558151245,-0.00479981629177928,0.0239105224609375,-0.13470500707626343,-9.86142349243164,0.686593234539032,0.040000636130571365,0.13640683889389038
1781548240025017,175722489,-0.0055040018633008,0.5700040459632874,0.8216099739074707,-0.004810619633644819,0.03577625751495361,-0.13883192837238312,-9.874812126159668,0.7769803404808044,-0.02924969792366028,0.11073008924722672
1781548240026476,175739156,-0.00551400613039732,0.5700063109397888,0.821608304977417,-0.004815420601516962,0.020720545202493668,-0.1386459767818451,-9.854657173156738,0.7988280653953552,0.07530774921178818,0.19836395978927612
1781548240054477,175755823,-0.005517398472875357,0.5700011849403381,0.8216120004653931,-0.004816343542188406,0.030952073633670807,-0.1415713131427765,-9.868218421936035,0.7512653470039368,0.052217889577150345,0.09607964009046555
1781548240055854,175772490,-0.005517579615116119,0.5699974298477173,0.8216145038604736,-0.004817598033696413,0.041058436036109924,-0.1420934498310089,-9.862600326538086,0.7401877641677856,0.0341225191950798,0.2069057822227478
1781548240084038,175789157,-0.005516833160072565,0.5699902176856995,0.8216196298599243,-0.004808629862964153,0.02700394205749035,-0.1373835802078247,-9.870868682861328,0.6790246367454529,0.0677776038646698,0.10839934647083282
1781548240085876,175805824,-0.005518729332834482,0.5699885487556458,0.8216205835342407,-0.004807767458260059,0.023470647633075714,-0.13403981924057007,-9.858147621154785,0.7352445721626282,0.05097567290067673,0.13057994842529297
1781548240113905,175822491,-0.005517939571291208,0.5699905753135681,0.8216192126274109,-0.0048100766725838184,0.008411239832639694,-0.12886862456798553,-9.870325088500977,0.7427619099617004,0.022968189790844917,0.12055257707834244
1781548240116067,175839158,-0.005520964972674847,0.569991409778595,0.8216186165809631,-0.0048094624653458595,0.028041040524840355,-0.14394591748714447,-9.855944633483887,0.7411866188049316,0.05612381920218468,0.12532933056354523
1781548240144036,175855825,-0.005516518838703632,0.5699931383132935,0.8216174840927124,-0.004817807115614414,0.03451381251215935,-0.14968571066856384,-9.870216369628906,0.7623299360275269,-0.02079751342535019,0.15553951263427734
1781548240173805,175872492,-0.005524523090571165,0.5699899196624756,0.8216196298599243,-0.004818699322640896,0.024332642555236816,-0.15141661465168,-9.878805160522461,0.7690660953521729,0.07850932329893112,0.1192847490310669
1781548240175766,175889159,-0.005524524953216314,0.569988489151001,0.8216207027435303,-0.004809246864169836,0.0447063110768795,-0.1621452271938324,-9.863905906677246,0.6793192028999329,0.07418077439069748,0.15575721859931946
1781548240204143,175905826,-0.005534857511520386,0.5699832439422607,0.8216241598129272,-0.004814979154616594,0.0404147170484066,-0.13205145299434662,-9.852226257324219,0.8054360747337341,0.07319469004869461,0.1451919823884964
1781548240205912,175922493,-0.005532662849873304,0.5699859261512756,0.8216224312782288,-0.004807118326425552,0.033219389617443085,-0.12580381333827972,-9.857035636901855,0.679844319820404,0.05461267754435539,0.10699065774679184
1781548240233862,175939160,-0.005531042814254761,0.5699705481529236,0.8216331005096436,-0.004822558257728815,0.023824693635106087,-0.14659947156906128,-9.864935874938965,0.8133503794670105,-0.03236164152622223,0.10353292524814606
1781548240235951,175955827,-0.00553452642634511,0.5699776411056519,0.8216280937194824,-0.0048288581892848015,0.010696436278522015,-0.134640634059906,-9.857311248779297,0.7819749116897583,0.03190701827406883,0.16879409551620483
1781548240264703,175972494,-0.005526787601411343,0.5699810981750488,0.821625828742981,-0.0048257168382406235,0.02749030478298664,-0.13158297538757324,-9.882956504821777,0.6845825910568237,0.00556435901671648,0.1593814194202423
1781548240267149,175989161,-0.005533623043447733,0.5699716806411743,0.8216321468353271,-0.004823266062885523,0.03179614245891571,-0.14254404604434967,-9.859707832336426,0.7456944584846497,0.08477162569761276,0.07962346822023392
1781548240294685,176005828,-0.005539278965443373,0.5699589252471924,0.8216410279273987,-0.00482329772785306,0.03221089765429497,-0.1437671035528183,-9.868085861206055,0.7547101974487305,0.06939119845628738,0.13319243490695953
1781548240324471,176022495,-0.005535619333386421,0.569957971572876,0.8216416835784912,-0.004818324465304613,0.03211076557636261,-0.14182880520820618,-9.860587120056152,0.6902173757553101,0.03583856672048569,0.14544810354709625
1781548240326780,176039162,-0.00553533248603344,0.5699577927589417,0.8216418027877808,-0.0048127626068890095,0.03944556787610054,-0.12852174043655396,-9.863065719604492,0.7001679539680481,0.057071492075920105,0.1413244754076004
1781548240354525,176055829,-0.005527455825358629,0.5699648857116699,0.8216369152069092,-0.004815797321498394,0.03860873356461525,-0.13435810804367065,-9.864363670349121,0.7191342115402222,-0.020029129460453987,0.12972192466259003
1781548240355895,176072496,-0.0055254683829844,0.5699887871742249,0.8216204047203064,-0.004812365397810936,0.035189878195524216,-0.139014333486557,-9.86233901977539,0.70591801404953,0.03784916177392006,0.1479581594467163
1781548240384508,176089163,-0.005531656090170145,0.5699828267097473,0.8216244578361511,-0.0048120575957000256,0.02826641872525215,-0.1458091288805008,-9.866721153259277,0.7554144859313965,0.07224702090024948,0.07081270217895508
1781548240386275,176105830,-0.0055325822904706,0.5699869394302368,0.8216215372085571,-0.0048192283138632774,0.024640068411827087,-0.13107514381408691,-9.862804412841797,0.7768908739089966,0.013888486661016941,0.15359295904636383
1781548240413881,176122497,-0.005513973534107208,0.5700024366378784,0.8216111063957214,-0.004820885136723518,0.03709957376122475,-0.13448327779769897,-9.850624084472656,0.6693687438964844,-0.07553185522556305,0.14935405552387238
1781548240415734,176139164,-0.00551134068518877,0.570010781288147,0.8216050267219543,-0.004831088241189718,0.028484491631388664,-0.14276577532291412,-9.863723754882812,0.7800410985946655,-0.018005726858973503,0.17699015140533447
1781548240444128,176155831,-0.0055164918303489685,0.5699949860572815,0.8216161727905273,-0.004826728254556656,0.019029071554541588,-0.14155343174934387,-9.872278213500977,0.728265106678009,0.0826713889837265,0.07122252136468887
1781548240473838,176172498,-0.005518992897123098,0.5699900388717651,0.8216195106506348,-0.004831592086702585,0.033902332186698914,-0.14619891345500946,-9.85258960723877,0.7700393795967102,0.03168930858373642,0.10486479848623276
1781548240477326,176189165,-0.0055183060467243195,0.5699916481971741,0.821618378162384,-0.0048285964876413345,0.018749922513961792,-0.1323983371257782,-9.871636390686035,0.7132047414779663,0.044546883553266525,0.13443465530872345
1781548240504196,176205832,-0.005522491876035929,0.5699775218963623,0.821628212928772,-0.004820848815143108,0.015384843572974205,-0.12863260507583618,-9.852919578552246,0.7051495909690857,0.09126445651054382,0.10759254544973373
1781548240505733,176222499,-0.0055265603587031364,0.5699732899665833,0.8216310143470764,-0.0048289368860423565,0.027157718315720558,-0.13213013112545013,-9.846153259277344,0.794409990310669,0.027911437675356865,0.10545389354228973
1781548240533797,176239166,-0.005530462134629488,0.5699813961982727,0.8216254711151123,-0.004826514981687069,0.03649519383907318,-0.13722622394561768,-9.861273765563965,0.7345273494720459,0.0676751509308815,0.12535493075847626
1781548240536071,176255833,-0.005528660956770182,0.5699923634529114,0.8216177821159363,-0.004821591079235077,0.025959499180316925,-0.14380644261837006,-9.854198455810547,0.6978500485420227,0.04609645530581474,0.19724981486797333
1781548240564000,176272500,-0.005529617425054312,0.5699933767318726,0.8216171860694885,-0.004817416425794363,0.02065975032746792,-0.14310193061828613,-9.864424705505371,0.7129871249198914,0.05822407454252243,0.11738941073417664
1781548240566860,176289167,-0.005532808136194944,0.5699923634529114,0.8216177225112915,-0.004824661184102297,0.023885488510131836,-0.13328881561756134,-9.86168098449707,0.7862138748168945,0.026221003383398056,0.11713328957557678
1781548240594247,176305834,-0.005533746909350157,0.5699907541275024,0.8216188549995422,-0.00483060535043478,0.037407130002975464,-0.13692940771579742,-9.873096466064453,0.7699881196022034,0.01876770332455635,0.1253933608531952
1781548240624032,176322501,-0.005524141248315573,0.5699868202209473,0.8216216564178467,-0.004833584185689688,0.03666338324546814,-0.1414497345685959,-9.842906951904297,0.7120266556739807,-0.029300928115844727,0.10658083856105804
1781548240625964,176339168,-0.0055260080844163895,0.5699780583381653,0.821627676486969,-0.00482833432033658,0.034510400146245956,-0.13951857388019562,-9.847530364990234,0.7106564044952393,0.06703483313322067,0.04047447070479393
1781548240654423,176355835,-0.005511485505849123,0.5699777603149414,0.8216281533241272,-0.004829164128750563,0.03504325449466705,-0.14393876492977142,-9.85433578491211,0.6806638240814209,-0.04897148162126541,0.10013924539089203
1781548240655637,176372502,-0.005519164726138115,0.5699731111526489,0.8216313123703003,-0.004821181297302246,0.024572225287556648,-0.13191555440425873,-9.853967666625977,0.7177767157554626,0.11126797646284103,0.10463429242372513
1781548240684317,176389169,-0.0055151889100670815,0.5699669122695923,0.8216356635093689,-0.004820023197680712,0.020992336794734,-0.12930850684642792,-9.872653007507324,0.7109380960464478,0.017640747129917145,0.022507159039378166
1781548240686425,176405836,-0.005521182902157307,0.5699609518051147,0.8216397762298584,-0.0048194448463618755,0.03505411371588707,-0.13651098310947418,-9.853728294372559,0.7528660297393799,0.07309223711490631,0.1260080635547638
1781548240713781,176422503,-0.005518282297998667,0.5699509978294373,0.8216466903686523,-0.004825410433113575,0.024514824151992798,-0.1473182588815689,-9.864355087280273,0.7551199793815613,-0.003240006510168314,0.07405271381139755
1781548240715447,176439170,-0.0055123623460531235,0.5699594020843506,0.8216408491134644,-0.004826204385608435,0.022458581253886223,-0.14800849556922913,-9.870421409606934,0.7139731645584106,0.0007491714204661548,0.19526483118534088
1781548240744204,176455837,-0.005524029023945332,0.5699549913406372,0.8216439485549927,-0.004824389703571796,0.04287157207727432,-0.12989500164985657,-9.865937232971191,0.7684001922607422,0.10932141542434692,0.08041746914386749
1781548240774113,176472504,-0.005526344757527113,0.5699435472488403,0.8216516971588135,-0.004820575937628746,0.036913610994815826,-0.1409955471754074,-9.875517845153809,0.7201331257820129,0.06497301906347275,0.10048501938581467
1781548240775995,176489171,-0.005520372651517391,0.5699415802955627,0.8216531276702881,-0.004823432303965092,0.025559259578585625,-0.13385029137134552,-9.871902465820312,0.72555011510849,-0.008452191017568111,0.1065424233675003
1781548240804123,176505838,-0.005521999206393957,0.5699409246444702,0.8216535449028015,-0.004819198045879602,0.030476437881588936,-0.13169026374816895,-9.858566284179688,0.7151769399642944,0.06252700090408325,0.13321805000305176
1781548240806074,176522505,-0.005531712435185909,0.5699276328086853,0.8216626048088074,-0.004820186644792557,0.005532516166567802,-0.13932903110980988,-9.866406440734863,0.7762761116027832,0.08824216574430466,0.11441832780838013
1781548240834043,176539172,-0.005533657036721706,0.5699204802513123,0.8216675519943237,-0.004815592896193266,0.026299428194761276,-0.14367413520812988,-9.85937786102295,0.7145110368728638,0.0655236765742302,0.093172587454319
1781548240836801,176555839,-0.005527852568775415,0.5699214339256287,0.8216671943664551,-0.004809404723346233,0.028441695496439934,-0.13754808902740479,-9.853989601135254,0.6751699447631836,0.028116343542933464,0.1287742555141449
1781548240864090,176572506,-0.005527731031179428,0.5699173212051392,0.8216699361801147,-0.00481035653501749,0.02873840183019638,-0.13388963043689728,-9.860190391540527,0.7376777529716492,0.03211192041635513,0.10302066802978516
1781548240866695,176589173,-0.005528891924768686,0.5699150562286377,0.8216714859008789,-0.004804037045687437,0.040275245904922485,-0.14977870881557465,-9.855709075927734,0.7017430663108826,0.06773918122053146,0.08806286007165909
1781548240894356,176605840,-0.005527008790522814,0.5699241757392883,0.821665346622467,-0.004801210016012192,0.03931337967514992,-0.1331171691417694,-9.853266716003418,0.7095806002616882,0.036581337451934814,0.1360226273536682
1781548240924089,176622507,-0.005526670254766941,0.5699374079704285,0.8216561675071716,-0.004801352042704821,0.023935554549098015,-0.14726106822490692,-9.865032196044922,0.7324143648147583,0.03380236029624939,0.15592370927333832
1781548240926459,176639174,-0.005521760787814856,0.569930911064148,0.8216608166694641,-0.004794817417860031,0.024071479216217995,-0.13637152314186096,-9.869474411010742,0.676783561706543,0.03373832628130913,0.02903839573264122
1781548240953896,176655841,-0.005503781605511904,0.5699145197868347,0.8216720819473267,-0.004801968112587929,0.023974893614649773,-0.12361160665750504,-9.857329368591309,0.7024474740028381,-0.09184714406728745,0.1395956128835678
1781548240955982,176672508,-0.0055041261948645115,0.5699085593223572,0.8216761946678162,-0.004804082214832306,0.02196875959634781,-0.1300809681415558,-9.833755493164062,0.7460402846336365,0.030498318374156952,0.11450797319412231
1781548240984201,176689175,-0.005507803987711668,0.5699282884597778,0.821662425994873,-0.004817634355276823,0.020348619669675827,-0.1408417671918869,-9.855730056762695,0.8240821957588196,0.003604987170547247,0.15461744368076324
1781548240986115,176705842,-0.005504426546394825,0.5699231028556824,0.8216661214828491,-0.004812655504792929,0.047331202775239944,-0.14124946296215057,-9.835993766784668,0.6914723515510559,0.03710639849305153,0.10800234973430634
1781548241013894,176722509,-0.005500351078808308,0.5699142813682556,0.821672260761261,-0.0048195975832641125,0.028877977281808853,-0.14089542627334595,-9.84595012664795,0.7559908032417297,-0.013485084287822247,0.10070273280143738
1781548241016056,176739176,-0.005505245644599199,0.5699148178100586,0.8216719031333923,-0.004819685593247414,0.018971780315041542,-0.1515095978975296,-9.872846603393555,0.7524818181991577,0.06398691982030869,0.13025976717472076
1781548241044237,176755843,-0.005509029608219862,0.5698984265327454,0.8216832876205444,-0.004817711655050516,0.035679891705513,-0.12549269199371338,-9.845871925354004,0.7365251183509827,0.06592068076133728,0.06905823945999146
1781548241073986,176772510,-0.005522008519619703,0.5698986053466797,0.821682870388031,-0.0048217931762337685,0.026825129985809326,-0.13432234525680542,-9.864889144897461,0.8065758943557739,0.09445322304964066,0.16390205919742584
1781548241076623,176789177,-0.0055193230509757996,0.5699013471603394,0.8216808438301086,-0.004831450525671244,0.025484053418040276,-0.14733974635601044,-9.86167049407959,0.7769035696983337,-0.016571415588259697,0.13352540135383606
1781548241104639,176805844,-0.005513556767255068,0.569884181022644,0.821692705154419,-0.004847608972340822,0.03199632838368416,-0.14557667076587677,-9.848284721374512,0.8013765215873718,-0.05893482267856598,0.08121146261692047
1781548241106192,176822511,-0.005512591917067766,0.5698902010917664,0.8216886520385742,-0.004851619713008404,0.03959934413433075,-0.14168575406074524,-9.884393692016602,0.7518032789230347,0.01491299457848072,0.11595509201288223
1781548241134199,176839178,-0.005509532988071442,0.5698897242546082,0.8216889500617981,-0.004856199957430363,0.030948497354984283,-0.12149806320667267,-9.860665321350098,0.7467063069343567,0.0012486190535128117,0.11217723041772842
1781548241136225,176855845,-0.005514404736459255,0.5699112415313721,0.8216738700866699,-0.00486041558906436,0.02053815871477127,-0.13963301479816437,-9.850838661193848,0.7763529419898987,0.04582752287387848,0.08582174777984619
1781548241163921,176872512,-0.0055067092180252075,0.5699117183685303,0.8216736912727356,-0.004860742948949337,0.02815176546573639,-0.14063432812690735,-9.845529556274414,0.7044708132743835,-0.007863098755478859,0.14260511100292206
1781548241165976,176889179,-0.005513061303645372,0.5699062347412109,0.8216774463653564,-0.004858403466641903,0.03369859978556633,-0.14747563004493713,-9.849422454833984,0.7445163726806641,0.08149319887161255,0.08972768485546112
1781548241194043,176905846,-0.005509335082024336,0.5699021816253662,0.8216802477836609,-0.004865867551416159,0.024593576788902283,-0.148248091340065,-9.83785343170166,0.7606137990951538,-0.014381530694663525,0.06688115745782852
1781548241223807,176922513,-0.005518205929547548,0.5699039101600647,0.8216791152954102,-0.004860933870077133,0.012674078345298767,-0.1336786299943924,-9.861970901489258,0.7397011518478394,0.10577405244112015,0.13412730395793915
1781548241226225,176939180,-0.005523179657757282,0.5699044466018677,0.8216786980628967,-0.004862923175096512,0.03154214844107628,-0.13118243217468262,-9.870321273803711,0.7640204429626465,0.05544509366154671,0.021457038819789886
1781548241254017,176955847,-0.0055029429495334625,0.5700124502182007,0.8216045498847961,-0.004768536426126957,0.032983358949422836,-0.14923155307769775,-9.856499671936035,0.7530325651168823,0.051628801971673965,0.12740397453308105
1781548241256340,176972514,-0.005503532011061907,0.570010244846344,0.821605920791626,-0.00477597676217556,0.038980815559625626,-0.1371690183877945,-9.856983184814453,0.7778000831604004,0.01087899412959814,0.14494866132736206
1781548241284020,176989181,-0.005517850164324045,0.5700189471244812,0.8215998411178589,-0.004784862976521254,0.027531281113624573,-0.15365377068519592,-9.849152565002441,0.8397699594497681,0.08270980417728424,0.18124184012413025
1781548241286717,177005848,-0.005515898112207651,0.5700179934501648,0.8216004371643066,-0.0047889272682368755,0.021188884973526,-0.13807019591331482,-9.873388290405273,0.7487552165985107,0.00964958406984806,0.13860952854156494
1781548241314111,177022515,-0.005516375415027142,0.5700152516365051,0.8216024041175842,-0.004782465286552906,0.023052232339978218,-0.15331558883190155,-9.854969024658203,0.6989641785621643,0.06414060294628143,0.09581071138381958
1781548241316103,177039182,-0.0055153341963887215,0.5700048208236694,0.821609616279602,-0.0047889393754303455,0.03603028878569603,-0.14686410129070282,-9.87055778503418,0.7656211853027344,0.006409577094018459,0.1742495894432068
1781548241344397,177055849,-0.005506608169525862,0.5700085163116455,0.821607232093811,-0.0047858525067567825,0.031574226915836334,-0.14183951914310455,-9.86829948425293,0.6819701194763184,-0.0011909904424101114,0.11441831290721893
1781548241374437,177072516,-0.0055138771422207355,0.5700010657310486,0.8216122388839722,-0.004779371432960033,0.03432086110115051,-0.1356598436832428,-9.836654663085938,0.7252684235572815,0.10316154360771179,0.1268276572227478
1781548241376216,177089183,-0.005500852130353451,0.5700022578239441,0.8216115236282349,-0.004779963754117489,0.019200656563043594,-0.14215782284736633,-9.865943908691406,0.6857607960700989,-0.039469171315431595,0.13160444796085358
1781548241403904,177105850,-0.005497661419212818,0.5700116157531738,0.8216050267219543,-0.0047822450287640095,0.02906757779419422,-0.12950162589550018,-9.855849266052246,0.7339510917663574,0.00920136272907257,0.1645808070898056
1781548241406250,177122517,-0.005495179910212755,0.5700119733810425,0.8216050267219543,-0.004775420296937227,0.030876973643898964,-0.14479348063468933,-9.861952781677246,0.6852229833602905,0.048913851380348206,0.1165442019701004
1781548241434785,177139184,-0.00548597052693367,0.5700141191482544,0.8216033577919006,-0.004778935573995113,0.043944284319877625,-0.1503186970949173,-9.849771499633789,0.7172132134437561,-0.029224088415503502,0.1497766524553299
1781548241436537,177155851,-0.005486313719302416,0.5700014233589172,0.8216122388839722,-0.004767355974763632,0.027876626700162888,-0.15585826337337494,-9.849540710449219,0.6692919135093689,0.08393922448158264,0.09629735350608826
1781548241465365,177172518,-0.005480966530740261,0.5700020790100098,0.8216118216514587,-0.004758657421916723,0.04453093186020851,-0.13853153586387634,-9.866752624511719,0.6634522080421448,0.04011589288711548,0.12162831425666809
1781548241465946,177189185,-0.00548599474132061,0.5699976086616516,0.8216149210929871,-0.004752703011035919,0.030902007594704628,-0.14927446842193604,-9.861527442932129,0.7196464538574219,0.08761464059352875,0.07428322732448578
1781548241494528,177205852,-0.00549678597599268,0.5699946284294128,0.8216170072555542,-0.004749868530780077,0.024092908948659897,-0.1385100781917572,-9.864116668701172,0.7597814202308655,0.10813039541244507,0.09620769321918488
1781548241523920,177222519,-0.005503534805029631,0.5700116157531738,0.8216050863265991,-0.00474809855222702,0.033591315150260925,-0.13032056391239166,-9.861506462097168,0.7498565316200256,0.08140355348587036,0.19828709959983826
1781548241525967,177239186,-0.005502575542777777,0.5700162649154663,0.821601927280426,-0.004746737889945507,0.02836647629737854,-0.13416141271591187,-9.855283737182617,0.7220155596733093,0.03635082021355629,0.15454062819480896
1781548241553945,177255853,-0.005501285661011934,0.5700020790100098,0.821611762046814,-0.004754450637847185,0.03242189437150955,-0.14200761914253235,-9.865608215332031,0.772037148475647,-0.001229409477673471,0.05981205403804779
1781548241555890,177272520,-0.005508254282176495,0.5699954032897949,0.8216163516044617,-0.004761812277138233,0.03870166838169098,-0.13569916784763336,-9.848959922790527,0.8025802969932556,0.04618610069155693,0.04271557182073593
1781548241583937,177289187,-0.005509244278073311,0.5700029134750366,0.8216111063957214,-0.004760578274726868,0.0330619253218174,-0.14859497547149658,-9.846881866455078,0.7306086421012878,0.04616048187017441,0.11321453750133514
1781548241585907,177305854,-0.00551391439512372,0.5699945092201233,0.8216169476509094,-0.0047612860798835754,0.04060789570212364,-0.1338002234697342,-9.873641014099121,0.7560164332389832,0.05949189513921738,0.06096462905406952
1781548241613926,177322521,-0.00550282746553421,0.5699900984764099,0.821619987487793,-0.004768244456499815,0.03496804088354111,-0.13430443406105042,-9.874471664428711,0.7294048070907593,-0.053504928946495056,0.11676188558340073
1781548241616015,177339188,-0.005506742279976606,0.5700000524520874,0.821613073348999,-0.004763816017657518,0.017072759568691254,-0.1338931769132614,-9.84364128112793,0.7244231700897217,0.07418077439069748,0.0523715615272522
1781548241644131,177355855,-0.0054996502585709095,0.5699998140335083,0.8216133117675781,-0.00476682186126709,0.040150079876184464,-0.13516275584697723,-9.871747970581055,0.7227967381477356,-0.015803033486008644,0.10728519409894943
1781548241673911,177372522,-0.005498943384736776,0.5700142979621887,0.8216032385826111,-0.004777313210070133,0.025001127272844315,-0.13048863410949707,-9.866908073425293,0.7902477979660034,-0.009617568925023079,0.12645630538463593
1781548241676251,177389189,-0.005500326864421368,0.5700230002403259,0.821597158908844,-0.004782137926667929,0.03705308213829994,-0.1459628939628601,-9.836952209472656,0.766235888004303,0.02552945725619793,0.18290667235851288
1781548241704621,177405856,-0.005500559229403734,0.5700130462646484,0.8216041922569275,-0.0047678276896476746,0.029982922598719597,-0.1337394267320633,-9.857511520385742,0.6534503698348999,0.09427393972873688,0.12392062693834305
1781548241706451,177422523,-0.005498719401657581,0.5700070261955261,0.8216082453727722,-0.004780149087309837,0.036706093698740005,-0.13064241409301758,-9.864187240600586,0.7958825826644897,-0.022628819569945335,0.08707676827907562
1781548241733933,177439190,-0.005504009313881397,0.5700027942657471,0.8216110467910767,-0.00477733975276351,0.04288230091333389,-0.1480371057987213,-9.855608940124512,0.7382283806800842,0.07748481631278992,0.132219135761261
1781548241736021,177455857,-0.005503895692527294,0.5699910521507263,0.8216191530227661,-0.004773155320435762,0.03851933032274246,-0.12822848558425903,-9.865922927856445,0.7093885540962219,0.052064213901758194,0.08155723661184311
1781548241763917,177472524,-0.00549790496006608,0.5700026750564575,0.8216111660003662,-0.004776940215379,0.022279910743236542,-0.13635006546974182,-9.873332977294922,0.731697142124176,-0.012972830794751644,0.13844303786754608
1781548241766127,177489191,-0.0054898508824408054,0.5700023174285889,0.8216114044189453,-0.004780974239110947,0.03813309967517853,-0.1446361243724823,-9.849336624145508,0.7247048616409302,-0.024997994303703308,0.1263154298067093
1781548241794132,177505858,-0.005479722749441862,0.5700130462646484,0.8216041922569275,-0.004777715541422367,0.028545428067445755,-0.1390572488307953,-9.852977752685547,0.6755028963088989,-0.008413772098720074,0.1515311300754547
1781548241824082,177522525,-0.005488314665853977,0.5700253844261169,0.8215956091880798,-0.004772083833813667,0.027837198227643967,-0.13465136289596558,-9.846196174621582,0.7352318167686462,0.10754131525754929,0.22501400113105774
1781548241826155,177539192,-0.005491618067026138,0.5700253844261169,0.8215956091880798,-0.004776800516992807,0.02173261158168316,-0.1437671035528183,-9.852404594421387,0.7733306884765625,0.03581295534968376,0.08774270117282867
1781548241854554,177555859,-0.00548746669664979,0.5700458884239197,0.8215814232826233,-0.004784400574862957,0.020749155431985855,-0.13889631628990173,-9.850573539733887,0.7605242729187012,-0.01809537224471569,0.12352365255355835
1781548241856922,177572526,-0.005494318902492523,0.5700471997261047,0.8215802907943726,-0.004783030599355698,0.0414590984582901,-0.1286933869123459,-9.865340232849121,0.7526867985725403,0.08028940856456757,0.12124411761760712
1781548241883931,177589193,-0.005494710989296436,0.5700528025627136,0.8215764164924622,-0.004784595221281052,0.0049780807457864285,-0.1405664086341858,-9.888720512390137,0.7439016103744507,0.032278407365083694,0.14688241481781006
1781548241886094,177605860,-0.005484233610332012,0.570052981376648,0.8215762972831726,-0.004790186882019043,0.023728135973215103,-0.14306259155273438,-9.856574058532715,0.7240773439407349,-0.04480941593647003,0.12789060175418854
1781548241914410,177622527,-0.005489626433700323,0.5700654983520508,0.8215675950050354,-0.004789778497070074,0.031012870371341705,-0.13353915512561798,-9.849007606506348,0.7527123689651489,0.06717570871114731,0.09870494157075882
1781548241915689,177639194,-0.005498766899108887,0.5700505375862122,0.8215780258178711,-0.004788512829691172,0.01948675327003002,-0.14045554399490356,-9.84727668762207,0.7618945240974426,0.09364642947912216,0.11960490792989731
1781548241944587,177655861,-0.005487864371389151,0.5700572729110718,0.8215734958648682,-0.004786166362464428,0.036792151629924774,-0.13503402471542358,-9.845800399780273,0.6776031851768494,-0.016417739912867546,0.1396852731704712
1781548241974407,177672528,-0.0054910266771912575,0.570053219795227,0.8215761184692383,-0.0047851144336164,0.03504325449466705,-0.15342643857002258,-9.854192733764648,0.7399188280105591,0.05871070548892021,0.1360098272562027
1781548241975372,177689195,-0.005485667381435633,0.5700510144233704,0.8215776681900024,-0.004784288350492716,0.035608164966106415,-0.14148546755313873,-9.842679977416992,0.7077620625495911,0.00941906962543726,0.13317963480949402
1781548242004475,177705862,-0.005490933079272509,0.5700478553771973,0.8215799331665039,-0.004775041714310646,0.0302654430270195,-0.12406578660011292,-9.873321533203125,0.7019351720809937,0.1022523045539856,0.1158142238855362
1781548242005780,177722529,-0.005487538408488035,0.5700538754463196,0.8215757608413696,-0.004778469447046518,0.0166152473539114,-0.13615337014198303,-9.859143257141113,0.7394962310791016,0.004181273281574249,0.18454590439796448
1781548242033949,177739196,-0.005491060204803944,0.5700723528862,0.8215629458427429,-0.004771167412400246,0.03590869903564453,-0.1424725204706192,-9.838010787963867,0.7067375779151917,0.08313241600990295,0.08793479949235916
1781548242037051,177755863,-0.0054878233931958675,0.5700775384902954,0.8215594291687012,-0.004766456782817841,0.032661356031894684,-0.15431691706180573,-9.852957725524902,0.6942641735076904,0.03649169206619263,0.15342646837234497
1781548242064027,177772530,-0.005490899085998535,0.5700892210006714,0.8215513229370117,-0.004761575721204281,0.03284374251961708,-0.1412065476179123,-9.86031723022461,0.7181224822998047,0.07237508147954941,0.14697206020355225
1781548242066477,177789197,-0.0054993899539113045,0.5700855255126953,0.8215537667274475,-0.004767426289618015,0.03314419090747833,-0.14428921043872833,-9.8491849899292,0.7999933958053589,0.06096462905406952,0.08803724497556686
1781548242094125,177805864,-0.005503764376044273,0.570105791091919,0.8215396404266357,-0.0047645363956689835,0.04223126545548439,-0.12553203105926514,-9.852821350097656,0.7345913648605347,0.07170914858579636,0.16592547297477722
1781548242123916,177822531,-0.005508860573172569,0.570110559463501,0.8215363025665283,-0.004760506097227335,0.036809902638196945,-0.12308590114116669,-9.859106063842773,0.7308007478713989,0.08064799010753632,0.13480603694915771
1781548242125876,177839198,-0.0055104810744524,0.5701160430908203,0.821532666683197,-0.004765075631439686,0.029886212199926376,-0.13432590663433075,-9.849377632141113,0.76573646068573,0.02738637663424015,0.14606280624866486
1781548242153927,177855865,-0.005507390946149826,0.5701092481613159,0.8215372562408447,-0.004764660727232695,0.02043101191520691,-0.14777247607707977,-9.870046615600586,0.718903660774231,0.020996009930968285,0.14109395444393158
1781548242156330,177872532,-0.0055095124989748,0.5701034069061279,0.8215412497520447,-0.004757813643664122,0.0419381819665432,-0.1422293335199356,-9.859414100646973,0.7031518816947937,0.07524370402097702,0.11402132362127304
1781548242184515,177889199,-0.005508235190063715,0.57010418176651,0.8215408325195312,-0.004763184580951929,0.03214295208454132,-0.13089634478092194,-9.859420776367188,0.7588210105895996,0.008548237383365631,0.17246951162815094
1781548242185464,177905866,-0.0055124638602137566,0.5701010823249817,0.8215429186820984,-0.0047598667442798615,0.02524087019264698,-0.14593428373336792,-9.841851234436035,0.7314922213554382,0.07281050086021423,0.08927947282791138
1781548242214411,177922533,-0.005514871329069138,0.5701077580451965,0.8215383291244507,-0.004751736298203468,0.02123909443616867,-0.1489955186843872,-9.857436180114746,0.6973505616188049,0.08076324313879013,0.08264578133821487
1781548242216588,177939200,-0.005508458707481623,0.5701040029525757,0.8215410113334656,-0.004743101075291634,0.03225730359554291,-0.13189765810966492,-9.867377281188965,0.6596742272377014,0.0337127149105072,0.095016710460186
1781548242244127,177955867,-0.005500950384885073,0.5701009631156921,0.8215430974960327,-0.0047446913085877895,0.022605206817388535,-0.13690079748630524,-9.866244316101074,0.7131791710853577,-0.012652672827243805,0.09312136471271515
1781548242274217,177972534,-0.005504462402313948,0.5700898766517639,0.8215507864952087,-0.004751060623675585,0.046050820499658585,-0.13805590569972992,-9.870443344116211,0.7833707928657532,0.030767254531383514,0.055073704570531845
1781548242276177,177989201,-0.005512845236808062,0.570091187953949,0.8215497136116028,-0.004753006622195244,0.04296097904443741,-0.11976002901792526,-9.858280181884766,0.7774415016174316,0.07594805955886841,0.13077203929424286
1781548242304028,178005868,-0.005508468020707369,0.5700747966766357,0.8215612173080444,-0.004755253437906504,0.03937049210071564,-0.1254211813211441,-9.860018730163574,0.7292127013206482,0.002209095051512122,0.024556174874305725
1781548242306419,178022535,-0.005507534835487604,0.5700944662094116,0.8215475082397461,-0.0047724563628435135,0.03059445321559906,-0.14222575724124908,-9.852701187133789,0.8274886608123779,-0.037663474678993225,0.1253933608531952
1781548242333954,178039202,-0.0055127390660345554,0.5700857639312744,0.8215534090995789,-0.004784568678587675,0.04017159715294838,-0.14029105007648468,-9.861056327819824,0.8226093649864197,0.01751268096268177,0.05422848090529442
1781548242336058,178055869,-0.005519328638911247,0.5700846314430237,0.8215541839599609,-0.004785159602761269,0.03176029771566391,-0.13711535930633545,-9.878064155578613,0.7628422379493713,0.07097919285297394,0.11263823509216309
1781548242363983,178072536,-0.005529628600925207,0.5700961947441101,0.821546196937561,-0.004780270624905825,0.02690023183822632,-0.1356920301914215,-9.8567533493042,0.7464500665664673,0.11291997134685516,0.12787780165672302
1781548242365818,178089203,-0.005524439737200737,0.5700922608375549,0.8215489387512207,-0.0047746263444423676,0.015449215658009052,-0.13751590251922607,-9.843829154968262,0.6813682317733765,0.029115235432982445,0.10661926120519638
1781548242393976,178105870,-0.005527640227228403,0.5700981020927429,0.8215448260307312,-0.004780889488756657,0.017108576372265816,-0.13698303699493408,-9.861806869506836,0.7816803455352783,0.029064008966088295,0.11085815727710724
1781548242423763,178122537,-0.0055258627980947495,0.5700942873954773,0.8215475082397461,-0.004775049164891243,0.03705299273133278,-0.13924676179885864,-9.87228012084961,0.6937903761863708,0.048862628638744354,0.09365923702716827
1781548242425774,178139204,-0.005527585744857788,0.5700914859771729,0.8215494155883789,-0.0047767977230250835,0.030093783512711525,-0.12894372642040253,-9.866387367248535,0.7500998377799988,0.03989817947149277,0.16975454986095428
1781548242455506,178155871,-0.005535412114113569,0.5700849890708923,0.8215539455413818,-0.004767401143908501,0.028209341689944267,-0.14056995511054993,-9.834863662719727,0.7106435298919678,0.11893896758556366,0.22220934927463531
1781548242455959,178172538,-0.0055249533616006374,0.5700888633728027,0.8215512633323669,-0.004771240521222353,0.035207897424697876,-0.13439388573169708,-9.846830368041992,0.7143189311027527,-0.03793241083621979,0.14072255790233612
1781548242484058,178189205,-0.005523380823433399,0.5700933933258057,0.8215481042861938,-0.004777695517987013,0.013267729431390762,-0.14292670786380768,-9.859578132629395,0.7641740441322327,0.0014407142298296094,0.10530021041631699
1781548242486335,178205872,-0.005519867409020662,0.5700957179069519,0.8215465545654297,-0.004773604217916727,0.024361124262213707,-0.14606302976608276,-9.86212158203125,0.6967102289199829,0.0324833057820797,0.13972367346286774
1781548242514082,178222539,-0.005518547724932432,0.5700991749763489,0.8215441107749939,-0.004762415308505297,0.029678944498300552,-0.13842783868312836,-9.876851081848145,0.6653602719306946,0.07231105118989944,0.12009153515100479
1781548242516337,178239206,-0.00552012212574482,0.5701070427894592,0.8215386867523193,-0.004771682433784008,0.03210361301898956,-0.13283106684684753,-9.857403755187988,0.7926425337791443,0.006793768610805273,0.029230492189526558
1781548242544285,178255873,-0.0055174510926008224,0.5701178908348083,0.8215312361717224,-0.004766626749187708,0.026421019807457924,-0.13980109989643097,-9.849883079528809,0.6946996450424194,0.04047446697950363,0.14024871587753296
1781548242574549,178272540,-0.005511995870620012,0.5701241493225098,0.8215268850326538,-0.004765780176967382,0.03267938271164894,-0.12616144120693207,-9.863344192504883,0.7073522806167603,0.00899646058678627,0.1708046793937683
1781548242576495,178289207,-0.005509212613105774,0.5701209306716919,0.8215291500091553,-0.004765255842357874,0.009012042544782162,-0.12389412522315979,-9.870915412902832,0.7198641896247864,0.022161388769745827,0.0811474397778511
1781548242603922,178305874,-0.005511878523975611,0.5701380968093872,0.8215172290802002,-0.0047619459219276905,0.03237522765994072,-0.13092494010925293,-9.852410316467285,0.725486159324646,0.0639100968837738,0.17677244544029236
1781548242606080,178322541,-0.005517994053661823,0.5701398253440857,0.8215159773826599,-0.004765778314322233,0.0286954864859581,-0.13812027871608734,-9.881976127624512,0.7792855501174927,0.055816471576690674,0.13625314831733704
1781548242633914,178339208,-0.005515167489647865,0.570145845413208,0.8215117454528809,-0.004775312729179859,0.023821117356419563,-0.12949804961681366,-9.851568222045898,0.7764681577682495,-0.017403829842805862,0.13319243490695953
1781548242635828,178355875,-0.005509227514266968,0.5701385736465454,0.8215168118476868,-0.004772893153131008,0.030136698856949806,-0.1458234339952469,-9.864764213562012,0.6967870593070984,0.011762631125748158,0.06250138580799103
1781548242663934,178372542,-0.005512551870197058,0.5701541900634766,0.8215060234069824,-0.004762500524520874,0.03930233046412468,-0.1485699713230133,-9.846634864807129,0.6880658864974976,0.09579789638519287,0.19541847705841064
1781548242666038,178389209,-0.0054964530281722546,0.5701509118080139,0.8215083479881287,-0.004755748435854912,0.04167354479432106,-0.1317438930273056,-9.87866497039795,0.6324095129966736,-0.028430094942450523,0.0955289676785469
1781548242694034,178405876,-0.005495875608175993,0.5701546669006348,0.8215059041976929,-0.004760337062180042,0.030297627672553062,-0.13978679478168488,-9.881107330322266,0.7573098540306091,0.014912992715835571,0.14572983980178833
1781548242723810,178422543,-0.005503945518285036,0.5701460838317871,0.8215118646621704,-0.0047590723261237144,0.05392557010054588,-0.13953644037246704,-9.839550018310547,0.7581806778907776,0.08637242019176483,0.0564567893743515
1781548242725769,178439210,-0.005502028856426477,0.5701286196708679,0.8215238451957703,-0.004754805471748114,0.029500117525458336,-0.1409347653388977,-9.850170135498047,0.7022681832313538,0.04107636213302612,-0.01768556609749794
1781548242754330,178455877,-0.005511918570846319,0.5701315999031067,0.8215216398239136,-0.004757326561957598,0.03148506581783295,-0.1343938708305359,-9.867114067077637,0.7866492867469788,0.08204387873411179,0.12659716606140137
1781548242756098,178472544,-0.005509123206138611,0.5701554417610168,0.8215053677558899,-0.0047639766708016396,0.041473276913166046,-0.13707959651947021,-9.849976539611816,0.7607163786888123,-0.007043492514640093,0.12997804582118988
1781548242784032,178489211,-0.005508641712367535,0.570160448551178,0.8215017318725586,-0.0047654579393565655,0.04919072985649109,-0.12632595002651215,-9.869816780090332,0.7401493787765503,0.0276425052434206,0.13875038921833038
1781548242786439,178505878,-0.005512524396181107,0.5701644420623779,0.8214988112449646,-0.00476057780906558,0.027132684364914894,-0.1397760659456253,-9.834437370300293,0.7212343811988831,0.07745920866727829,0.1570122390985489
1781548242814116,178522545,-0.005516425706446171,0.5701554417610168,0.8215051889419556,-0.004746089689433575,0.04149831086397171,-0.12348643690347672,-9.856588363647461,0.6673836708068848,0.11422624439001083,0.04028237238526344
1781548242816666,178539212,-0.005519367754459381,0.570155680179596,0.8215050101280212,-0.004748690873384476,0.028237732127308846,-0.13685788214206696,-9.870306968688965,0.7597559690475464,0.04317660629749298,0.17423677444458008
1781548242845321,178555879,-0.005523011088371277,0.570160448551178,0.8215016722679138,-0.004743393510580063,0.03163887560367584,-0.13195489346981049,-9.878500938415527,0.7177766561508179,0.07793304324150085,0.1740574985742569
1781548242874105,178572546,-0.005521743558347225,0.5701623558998108,0.821500301361084,-0.004748497623950243,0.027701471000909805,-0.13866029679775238,-9.846364974975586,0.7574636340141296,0.009355039335787296,0.1627495139837265
1781548242876380,178589213,-0.005516293458640575,0.5701682567596436,0.8214962482452393,-0.004747248720377684,0.031320422887802124,-0.12619005143642426,-9.871773719787598,0.7052007913589478,0.010789349675178528,0.18696630001068115
1781548242904908,178605880,-0.005514530930668116,0.5701712965965271,0.8214941620826721,-0.004762652795761824,0.028556015342473984,-0.12963750958442688,-9.850977897644043,0.8138627409934998,-0.034346628934144974,0.12863337993621826
1781548242905763,178622547,-0.005518625490367413,0.570170521736145,0.8214946389198303,-0.004769103601574898,0.029400000348687172,-0.13404697179794312,-9.84598159790039,0.78629070520401,0.03364868834614754,0.09002223610877991
1781548242934346,178639214,-0.0055116391740739346,0.570168137550354,0.8214963674545288,-0.004778183996677399,0.047359712421894073,-0.1436777114868164,-9.867167472839355,0.7575787901878357,-0.038854457437992096,0.12033486366271973
1781548242936238,178655881,-0.005520673468708992,0.5701582431793213,0.821503221988678,-0.004773814231157303,0.028874298557639122,-0.14362764358520508,-9.851110458374023,0.7440041303634644,0.10538985580205917,0.16654019057750702
1781548242963957,178672548,-0.005527663044631481,0.5701617002487183,0.8215007185935974,-0.004777356516569853,0.024132246151566505,-0.1376410722732544,-9.850076675415039,0.7812193036079407,0.061387233436107635,0.10691380500793457
1781548242966014,178689215,-0.0055224294774234295,0.5701650381088257,0.8214983940124512,-0.004782361444085836,0.0239571463316679,-0.13483017683029175,-9.860108375549316,0.741596519947052,-0.013267377391457558,0.1315148025751114
1781548242994078,178705882,-0.00551889231428504,0.5701717734336853,0.8214937448501587,-0.004779540002346039,0.0328403115272522,-0.13829194009304047,-9.860676765441895,0.7036769390106201,0.027962662279605865,0.20358893275260925
1781548243023814,178722549,-0.0055184271186590195,0.5701716542243958,0.8214936852455139,-0.00479182880371809,0.021854203194379807,-0.1422901302576065,-9.860776901245117,0.8012740612030029,-0.014650464057922363,0.12525250017642975
1781548243025672,178739216,-0.0055299606174230576,0.5701716542243958,0.8214936256408691,-0.0047936467453837395,0.03496100381016731,-0.1331922709941864,-9.85211181640625,0.7891208529472351,0.09463252127170563,0.1582544595003128
1781548243054239,178755883,-0.005527164787054062,0.5701802372932434,0.821487545967102,-0.004804753698408604,0.023120179772377014,-0.13738000392913818,-9.865972518920898,0.7854069471359253,-0.023128265514969826,0.16205793619155884
1781548243056635,178772550,-0.005532082635909319,0.5701778531074524,0.8214892745018005,-0.004803995136171579,0.04964490979909897,-0.1437206119298935,-9.850981712341309,0.748691201210022,0.06676589697599411,0.1034817025065422
1781548243083842,178789217,-0.005528187844902277,0.5701829195022583,0.8214857578277588,-0.004804158117622137,0.03780050948262215,-0.13624991476535797,-9.855061531066895,0.7193902730941772,0.013286587782204151,0.13268017768859863
1781548243085898,178805884,-0.005541546735912561,0.5701789259910583,0.8214884400367737,-0.004812309518456459,0.033706746995449066,-0.1503094732761383,-9.876521110534668,0.8318300247192383,0.08016134053468704,0.14616526663303375
1781548243114962,178822551,-0.005543317645788193,0.5701589584350586,0.8215023279190063,-0.00480817724019289,0.015452888794243336,-0.14455744624137878,-9.86544418334961,0.7170082926750183,0.06311608850955963,0.09765482693910599
1781548243117917,178839218,-0.0055465358309447765,0.5701570510864258,0.8215036988258362,-0.0047940658405423164,0.03725692629814148,-0.1458556205034256,-9.867768287658691,0.6667817831039429,0.10930857807397842,0.08894649893045425
1781548243144740,178855885,-0.005540739744901657,0.570155680179596,0.8215046525001526,-0.00479343393817544,0.026088431477546692,-0.1318940967321396,-9.854127883911133,0.7073138356208801,0.0059613557532429695,0.12303700298070908
1781548243174251,178872552,-0.005544133018702269,0.5701512694358826,0.8215076327323914,-0.004787674639374018,0.02573438733816147,-0.1377340406179428,-9.857804298400879,0.7144982814788818,0.0774720087647438,0.07300259172916412
1781548243176297,178889219,-0.005545034073293209,0.5701563954353333,0.8215041160583496,-0.004786021541804075,0.017952701076865196,-0.1281641125679016,-9.854740142822266,0.7279577851295471,0.047581996768713,0.13985174894332886
1781548243205115,178905886,-0.005548232700675726,0.5701676607131958,0.8214961886405945,-0.0047933608293533325,0.031953226774930954,-0.1380201280117035,-9.853887557983398,0.7877634167671204,0.025439810007810593,0.17190603911876678
1781548243206401,178922553,-0.0055509465746581554,0.5701718926429749,0.8214932680130005,-0.004796110559254885,0.029693393036723137,-0.1355525553226471,-9.860676765441895,0.7599223852157593,0.04052568972110748,0.13749536871910095
1781548243235291,178939220,-0.005550573579967022,0.5701696276664734,0.8214946985244751,-0.0048080869019031525,0.02229415252804756,-0.1341506987810135,-9.852283477783203,0.8000830411911011,-0.01372840628027916,0.06935277581214905
1781548243235875,178955887,-0.005508156027644873,0.5701941847801208,0.8214783072471619,-0.00478610023856163,0.029167545959353447,-0.13664330542087555,-9.880041122436523,0.6632600426673889,0.13615070283412933,0.14931564033031464
1781548243263802,178972554,-0.0055031380616128445,0.570195734500885,0.8214770555496216,-0.004783254582434893,0.02805534563958645,-0.14344525337219238,-9.83503532409668,0.6980805397033691,0.01952327974140644,0.16104625165462494
1781548243265792,178989221,-0.005505877081304789,0.5701990723609924,0.8214747309684753,-0.004777302499860525,0.019694024696946144,-0.13304206728935242,-9.856666564941406,0.7110918164253235,0.07533334940671921,0.1496742218732834
1781548243294156,179005888,-0.005497749894857407,0.5701823830604553,0.8214864730834961,-0.004779517650604248,0.032418277114629745,-0.13997988402843475,-9.85142707824707,0.7146391272544861,-0.01844114251434803,0.042894866317510605
1781548243324035,179022555,-0.005499427206814289,0.5701889991760254,0.8214818835258484,-0.0047742389142513275,0.03491808846592903,-0.1515095978975296,-9.852594375610352,0.7107332348823547,0.06643294543027878,0.1436808556318283
1781548243326045,179039222,-0.005508868955075741,0.5701814889907837,0.8214870691299438,-0.0047701578587293625,0.030122393742203712,-0.1396544724702835,-9.850137710571289,0.7476410865783691,0.1065424233675003,0.1533624231815338
1781548243353914,179055889,-0.005504303611814976,0.5701799392700195,0.8214882016181946,-0.004778367467224598,0.024668678641319275,-0.15014706552028656,-9.876683235168457,0.7622403502464294,-0.020925575867295265,0.17328913509845734
1781548243356143,179072556,-0.005504477769136429,0.5701797008514404,0.8214884996414185,-0.004765243735164404,0.025501934811472893,-0.14705006778240204,-9.857564926147461,0.6604298949241638,0.0889977291226387,0.13373032212257385
1781548243383903,179089223,-0.005501143634319305,0.5701820850372314,0.82148677110672,-0.004763992503285408,0.033240847289562225,-0.1283321976661682,-9.860404968261719,0.7136786580085754,0.023006606847047806,0.1773359328508377
1781548243386160,179105890,-0.005498629529029131,0.5701811909675598,0.821487307548523,-0.004779336042702198,0.03209288418292999,-0.15424896776676178,-9.855798721313477,0.810789167881012,-0.038419049233198166,0.10496724396944046
1781548243414159,179122557,-0.005505605600774288,0.5702000856399536,0.8214740753173828,-0.004786852281540632,0.027386458590626717,-0.13298127055168152,-9.878105163574219,0.8041298389434814,0.04516158998012543,0.12283209711313248
1781548243415506,179139224,-0.005500683095306158,0.5702047944068909,0.8214707970619202,-0.004787572659552097,0.030032988637685776,-0.15042242407798767,-9.870596885681152,0.7185450792312622,0.006281514652073383,0.1850965917110443
1781548243444298,179155891,-0.005489931907504797,0.5702062249183655,0.8214699625968933,-0.004788953810930252,0.029857754707336426,-0.1287112832069397,-9.857683181762695,0.6995148062705994,-0.029633892700076103,0.14026153087615967
1781548243474035,179172558,-0.005502881482243538,0.5702024102210999,0.8214725852012634,-0.00478495704010129,0.022637391462922096,-0.1514344960451126,-9.855484008789062,0.7622020244598389,0.12495796382427216,0.08806286752223969
1781548243476319,179189225,-0.005506519693881273,0.5701913237571716,0.8214802742004395,-0.004784028977155685,0.026499563828110695,-0.14314484596252441,-9.841327667236328,0.7426978349685669,0.061387233436107635,0.12912002205848694
1781548243503820,179205892,-0.005500725470483303,0.5701943635940552,0.8214781880378723,-0.004787907470017672,0.03650592267513275,-0.1330706775188446,-9.857382774353027,0.7332724332809448,-0.012255676090717316,0.0934799537062645
1781548243506771,179222559,-0.005515856668353081,0.5701841711997986,0.8214850425720215,-0.004800182301551104,0.03383324667811394,-0.13839922845363617,-9.86172103881836,0.8622322678565979,0.07498758286237717,0.1724182814359665
1781548243533811,179239226,-0.005507131107151508,0.5701743364334106,0.8214920163154602,-0.004795779939740896,0.02523014321923256,-0.15087303519248962,-9.87293529510498,0.6749650239944458,0.004270917270332575,0.0760377049446106
1781548243535433,179255893,-0.005506463814526796,0.5701624155044556,0.8215002417564392,-0.004795058164745569,0.012563216499984264,-0.1564161479473114,-9.872366905212402,0.727279007434845,0.035326313227415085,0.08132672309875488
1781548243563841,179272560,-0.005513325333595276,0.570168137550354,0.8214962482452393,-0.004787216428667307,0.02997577004134655,-0.13962943851947784,-9.852486610412598,0.7164447903633118,0.10603017359972,0.1562054455280304
1781548243565782,179289227,-0.00550222210586071,0.5701720714569092,0.8214936256408691,-0.004779451061040163,0.0387912392616272,-0.13419361412525177,-9.877592086791992,0.6466245651245117,0.003912339918315411,0.13566406071186066
1781548243594105,179305894,-0.005503784865140915,0.57017582654953,0.821491003036499,-0.00477853836491704,0.01699771359562874,-0.13315293192863464,-9.856477737426758,0.7349372506141663,0.04854247346520424,0.12379258126020432
1781548243623938,179322561,-0.005508631933480501,0.5701801776885986,0.8214879035949707,-0.004771793261170387,0.028337989002466202,-0.13504473865032196,-9.846461296081543,0.7148823738098145,0.08985574543476105,0.12338276952505112
1781548243627036,179339228,-0.005507593508809805,0.5701747536659241,0.8214917778968811,-0.004775450564920902,0.03387383371591568,-0.14499017596244812,-9.852654457092285,0.7507914304733276,0.015284378081560135,0.04245945066213608
1781548243653890,179355895,-0.005516740493476391,0.5701695680618286,0.8214952945709229,-0.004776391666382551,0.039771001785993576,-0.1471680849790573,-9.859277725219727,0.7752771973609924,0.08351660519838333,0.047044120728969574
1781548243656616,179372562,-0.005518559832125902,0.5701609253883362,0.8215013146400452,-0.0047746202908456326,0.028395123779773712,-0.14416764676570892,-9.838286399841309,0.7312744855880737,0.05285820737481117,0.03635081648826599
1781548243683986,179389229,-0.005519249942153692,0.5701541900634766,0.8215060234069824,-0.004777147900313139,0.03517540916800499,-0.13632500171661377,-9.87406063079834,0.7507017850875854,0.03125389292836189,0.15867705643177032
1781548243686742,179405896,-0.005510927643626928,0.5701457262039185,0.8215118646621704,-0.004785362631082535,0.027905145660042763,-0.1292155236005783,-9.842484474182129,0.7474361658096313,-0.04192798212170601,0.15155673027038574
1781548243714489,179422563,-0.00551000377163291,0.5701363682746887,0.8215182423591614,-0.004787222016602755,0.0257306806743145,-0.12913325428962708,-9.86379337310791,0.7406616806983948,0.024415306746959686,0.12732712924480438
1781548243716516,179439230,-0.005516553297638893,0.5701348781585693,0.8215193748474121,-0.004772908985614777,0.029260527342557907,-0.13866743445396423,-9.872352600097656,0.6790502667427063,0.1287614405155182,0.06624084711074829
1781548243744683,179455897,-0.0055222236551344395,0.570136547088623,0.8215181827545166,-0.004772624932229519,0.035272132605314255,-0.1361176073551178,-9.851428031921387,0.7545180320739746,0.06966014206409454,0.1443723738193512
1781548243774379,179472564,-0.005520248785614967,0.5701383352279663,0.8215168714523315,-0.004786645527929068,0.03046213462948799,-0.13923247158527374,-9.856735229492188,0.8053465485572815,-0.02950582653284073,0.15127502381801605
1781548243776067,179489231,-0.005523273721337318,0.570142924785614,0.8215137124061584,-0.004787488374859095,0.02618126943707466,-0.1322946399450302,-9.86719799041748,0.7506505846977234,0.05024571344256401,0.1385839283466339
1781548243804546,179505898,-0.005530335940420628,0.5701247453689575,0.821526288986206,-0.0047790249809622765,0.0389091819524765,-0.1279173493385315,-9.851053237915039,0.7138195633888245,0.10942386090755463,0.050668325275182724
1781548243807402,179522565,-0.005528407637029886,0.5701265931129456,0.821524977684021,-0.004781042225658894,0.03621253743767738,-0.13322800397872925,-9.846502304077148,0.7377546429634094,0.017538296058773994,0.1358049362897873
1781548243834509,179539232,-0.0055319033563137054,0.5701199173927307,0.8215295076370239,-0.004788693971931934,0.03839058429002762,-0.14418195188045502,-9.841068267822266,0.7909009456634521,0.025964872911572456,0.08223596960306168
1781548243837307,179555899,-0.005526180379092693,0.5701116323471069,0.8215353488922119,-0.004783621057868004,0.014140323735773563,-0.1392110139131546,-9.878146171569824,0.6828793883323669,0.023608505725860596,0.07374536246061325
1781548243864026,179572566,-0.005531491246074438,0.5701178312301636,0.8215310573577881,-0.004783352371305227,0.030844997614622116,-0.14409612119197845,-9.862665176391602,0.7530197501182556,0.0679825097322464,0.20083558559417725
1781548243866248,179589233,-0.005522273946553469,0.5701145529747009,0.8215334415435791,-0.004790604114532471,0.031027263030409813,-0.12982706725597382,-9.850323677062988,0.7389327883720398,-0.044476449489593506,0.0889977291226387
1781548243894401,179605900,-0.005519893951714039,0.5701198577880859,0.821529746055603,-0.0047885943204164505,0.032983358949422836,-0.1423044353723526,-9.840921401977539,0.7132816314697266,0.031010573729872704,0.16368435323238373
1781548243924948,179622567,-0.005517544224858284,0.5701097249984741,0.8215368390083313,-0.004793018568307161,0.028917212039232254,-0.15014706552028656,-9.879719734191895,0.7498565316200256,0.005257006268948317,0.050757963210344315
1781548243926296,179639234,-0.005520998500287533,0.5701289176940918,0.8215235471725464,-0.004794085398316383,0.01411188393831253,-0.15116269886493683,-9.843031883239746,0.7536856532096863,0.05124460533261299,0.16341541707515717
1781548243954001,179655901,-0.005522189661860466,0.5701273679733276,0.8215243816375732,-0.004800555296242237,0.03446033224463463,-0.1516776829957962,-9.869413375854492,0.7753925323486328,0.017384620383381844,0.0886903777718544
1781548243956692,179672568,-0.005528643727302551,0.5701239705085754,0.8215267062187195,-0.004792826250195503,0.041709303855895996,-0.14935314655303955,-9.847644805908203,0.7154843211174011,0.10326400399208069,0.1288767009973526
1781548243984075,179689235,-0.005531285423785448,0.5701302289962769,0.8215223550796509,-0.004788943566381931,0.023746207356452942,-0.12967684864997864,-9.852473258972168,0.7222461104393005,0.06699641793966293,0.19352315366268158
1781548243985975,179705902,-0.00552750937640667,0.570135772228241,0.8215185403823853,-0.004799399524927139,0.0368492417037487,-0.1369723081588745,-9.888249397277832,0.7782226800918579,-0.025791987776756287,0.17020277678966522
1781548244013818,179722569,-0.005525712389498949,0.5701366662979126,0.821518063545227,-0.004789241589605808,0.0412372462451458,-0.135996013879776,-9.85865592956543,0.6696376204490662,0.06579262018203735,0.11120393127202988
1781548244015806,179739236,-0.005525644868612289,0.5701449513435364,0.8215121626853943,-0.00478579755872488,0.031878311187028885,-0.1262115091085434,-9.841364860534668,0.7143189311027527,0.049157168716192245,0.13863512873649597
1781548244044408,179755903,-0.005518931895494461,0.5701341032981873,0.8215199112892151,-0.00477933045476675,0.024217965081334114,-0.13643229007720947,-9.855293273925781,0.6709054708480835,0.024351274594664574,0.1194896548986435
1781548244073759,179772570,-0.005523268599063158,0.5701290965080261,0.8215234279632568,-0.004781446885317564,0.022390633821487427,-0.14309477806091309,-9.841371536254883,0.7627782225608826,0.05275575444102287,0.13568967580795288
1781548244075298,179789237,-0.005533223506063223,0.5701307058334351,0.8215222954750061,-0.0047799525782465935,0.03158160671591759,-0.13848504424095154,-9.869731903076172,0.7646607160568237,0.09807742387056351,0.11403414607048035
1781548244104001,179805904,-0.005536136217415333,0.5701277852058411,0.8215242028236389,-0.004783483687788248,0.03100571781396866,-0.13500182330608368,-9.84334945678711,0.7653778791427612,0.038886480033397675,0.10897564142942429
1781548244106147,179822571,-0.005533730611205101,0.5701217651367188,0.8215283751487732,-0.0047852578572928905,0.020151928067207336,-0.13588157296180725,-9.863683700561523,0.7344249486923218,0.016283273696899414,0.12646910548210144
1781548244134025,179839238,-0.005527273286134005,0.5701279640197754,0.8215240836143494,-0.004789708647876978,0.025305243209004402,-0.12935499846935272,-9.844060897827148,0.7336821556091309,-0.017070863395929337,0.17878302931785583
1781548244136044,179855905,-0.005531191825866699,0.5701256990432739,0.8215256333351135,-0.004791333340108395,0.03196414187550545,-0.12694820761680603,-9.866209030151367,0.7585264444351196,0.05189772695302963,0.10117655992507935
1781548244164512,179872572,-0.00553568871691823,0.570125937461853,0.8215253353118896,-0.0048015182837843895,0.03603028878569603,-0.12837868928909302,-9.84793758392334,0.8089451193809509,0.022596806287765503,0.17939774692058563
1781548244166668,179889239,-0.0055417087860405445,0.5701246857643127,0.8215261697769165,-0.004803125746548176,0.03833336755633354,-0.13255569338798523,-9.872209548950195,0.7666969895362854,0.06403815001249313,0.11202353239059448
1781548244194709,179905906,-0.005540258251130581,0.5701137781143188,0.821533739566803,-0.004801920149475336,0.021081741899251938,-0.12247437238693237,-9.86833667755127,0.7212855219841003,0.03368709981441498,0.13786675035953522
1781548244223923,179922573,-0.0055407630279660225,0.5701274871826172,0.8215242624282837,-0.004801754839718342,0.029146090149879456,-0.1314220428466797,-9.874455451965332,0.7353981733322144,0.0388096384704113,0.116224005818367
1781548244227035,179939240,-0.005538185592740774,0.5701200366020203,0.8215294480323792,-0.004808619152754545,0.024114366620779037,-0.14148548245429993,-9.871183395385742,0.7627525329589844,-0.0055579557083547115,0.05981205403804779
1781548244254057,179955907,-0.005545353516936302,0.5701074600219727,0.8215378522872925,-0.00481277983635664,0.013678993098437786,-0.1409633606672287,-9.848832130432129,0.7856374979019165,0.06034991890192032,0.06807214766740799
1781548244256513,179972574,-0.005547031294554472,0.5701002478599548,0.8215429186820984,-0.004811873659491539,0.029864907264709473,-0.13920029997825623,-9.843202590942383,0.7353086471557617,0.04965662583708763,0.11103746294975281
1781548244284119,179989241,-0.0055494788102805614,0.570104718208313,0.8215398192405701,-0.004812083672732115,0.03581571578979492,-0.1258932203054428,-9.871959686279297,0.7448877692222595,0.049169983714818954,0.12905599176883698
1781548244286372,180005908,-0.005547957494854927,0.5701167583465576,0.8215314745903015,-0.004816744010895491,0.03395966440439224,-0.13818465173244476,-9.876748085021973,0.7547358870506287,0.008202468045055866,0.09251947700977325
1781548244314389,180022575,-0.00555381178855896,0.570113480091095,0.8215336799621582,-0.004822061397135258,0.031670890748500824,-0.1419253647327423,-9.84793758392334,0.7868797779083252,0.04899069666862488,0.14167025685310364
1781548244315434,180039242,-0.005564363207668066,0.5701166987419128,0.821531355381012,-0.004832079168409109,0.03363589569926262,-0.15573228895664215,-9.872364044189453,0.8320733308792114,0.056418370455503464,0.11778640002012253
1781548244344175,180055909,-0.005566346924751997,0.5701379179954529,0.8215165138244629,-0.004842366557568312,0.02007325179874897,-0.14122800529003143,-9.872091293334961,0.8000190258026123,0.006857800297439098,0.18268899619579315
1781548244374439,180072576,-0.00555605161935091,0.5701366066932678,0.8215174078941345,-0.0048433942720294,0.022490767762064934,-0.13803444802761078,-9.86003303527832,0.6994636058807373,-0.025779182091355324,0.12486830353736877
1781548244375417,180089243,-0.005558051634579897,0.5701408982276917,0.8215144872665405,-0.0048459554091095924,0.029639605432748795,-0.13496248424053192,-9.867510795593262,0.7563109993934631,0.03786197304725647,0.14802218973636627
1781548244405679,180105910,-0.0055519165471196175,0.5701425075531006,0.8215133547782898,-0.00484834797680378,0.03039776161313057,-0.13684000074863434,-9.843610763549805,0.7237957119941711,-0.008605867624282837,0.06969855725765228
1781548244406893,180122577,-0.0055463616736233234,0.5701358318328857,0.821518063545227,-0.0048500532284379005,0.013525215908885002,-0.12961962819099426,-9.872260093688965,0.7221052646636963,-0.002369174500927329,0.05225631222128868
1781548244434549,180139244,-0.005538918077945709,0.5701413154602051,0.8215144276618958,-0.004847228992730379,0.02417873777449131,-0.13637150824069977,-9.842290878295898,0.6888599395751953,0.0056283907033503056,0.166719451546669
1781548244435542,180155911,-0.005524200852960348,0.5701358318328857,0.8215182423591614,-0.004858560394495726,0.026921793818473816,-0.1374586969614029,-9.868019104003906,0.7403413653373718,-0.09111717343330383,0.10579965263605118
1781548244464885,180172578,-0.005524415522813797,0.5701354146003723,0.8215184807777405,-0.004847097676247358,0.0355759896337986,-0.13131475448608398,-9.864991188049316,0.6700729131698608,0.08262015879154205,0.13017013669013977
1781548244467238,180189245,-0.005516333971172571,0.5701368451118469,0.8215175867080688,-0.004844601731747389,0.03680632635951042,-0.1485234647989273,-9.852991104125977,0.6879891157150269,0.0014022951945662498,0.19814623892307281
1781548244494250,180205912,-0.005520539358258247,0.5701375603675842,0.8215170502662659,-0.0048403930850327015,0.028813501819968224,-0.13643230497837067,-9.861169815063477,0.7266514301300049,0.07647311687469482,0.13495971262454987
1781548244523911,180222579,-0.005522116087377071,0.5701385140419006,0.8215163946151733,-0.004843654111027718,0.022401362657546997,-0.14903128147125244,-9.834577560424805,0.75864177942276,0.03244489058852196,0.12771132588386536
1781548244525772,180239246,-0.00553104979917407,0.5701342225074768,0.8215192556381226,-0.004848941694945097,0.03453552722930908,-0.1360567957162857,-9.873161315917969,0.7989689111709595,0.0657413899898529,0.0852198526263237
1781548244554074,180255913,-0.005529417656362057,0.5701367855072021,0.8215174674987793,-0.004837494809180498,0.021153265610337257,-0.1231180876493454,-9.857217788696289,0.6628758907318115,0.0725671797990799,0.1703052520751953
1781548244556141,180272580,-0.005527346394956112,0.5701242089271545,0.8215261697769165,-0.004842373076826334,0.029339205473661423,-0.13948281109333038,-9.86997127532959,0.753698468208313,0.00482159061357379,0.02186683937907219
1781548244583917,180289247,-0.005532310344278812,0.5701146721839905,0.8215329051017761,-0.004839558620005846,0.02319878339767456,-0.12167686969041824,-9.852700233459473,0.7377033233642578,0.07528212666511536,0.06933997571468353
1781548244585722,180305914,-0.005535293370485306,0.5701316595077515,0.8215211629867554,-0.004828760866075754,0.025544848293066025,-0.15622662007808685,-9.852876663208008,0.6850821375846863,0.09468374401330948,0.13147638738155365
1781548244613935,180322581,-0.005526793655008078,0.5701197385787964,0.8215295672416687,-0.004827097058296204,0.023256076499819756,-0.13940413296222687,-9.85082721710205,0.6912034749984741,-0.004981669597327709,0.08155722916126251
1781548244616128,180339248,-0.005541669670492411,0.570127010345459,0.8215243816375732,-0.00482519855722785,0.02995431236922741,-0.14095620810985565,-9.885380744934082,0.7817059755325317,0.12762166559696198,0.14001820981502533
1781548244644149,180355915,-0.005546370055526495,0.5701266527175903,0.821524441242218,-0.0048333886079490185,0.03346972540020943,-0.13740146160125732,-9.84648609161377,0.7988153100013733,0.03045990690588951,0.10340487211942673
1781548244673904,180372582,-0.005552820395678282,0.5701375603675842,0.8215168118476868,-0.0048401616513729095,0.033498141914606094,-0.13699376583099365,-9.867130279541016,0.7975859045982361,0.04623732715845108,0.17389102280139923
1781548244675750,180389249,-0.00555592542514205,0.5701271891593933,0.8215240240097046,-0.004841933958232403,0.02382122538983822,-0.1445467323064804,-9.873261451721191,0.7560803890228271,0.047300249338150024,0.1035841554403305
1781548244703945,180405916,-0.0055567482486367226,0.5701372623443604,0.8215171694755554,-0.004837211687117815,0.017995474860072136,-0.14537997543811798,-9.871848106384277,0.7105923295021057,0.05976082757115364,0.17869341373443604
1781548244706046,180422583,-0.005559531971812248,0.5701394081115723,0.8215155601501465,-0.004853608086705208,0.0333230160176754,-0.13682672381401062,-9.850712776184082,0.8376697301864624,-0.012166031636297703,0.13767465949058533
1781548244734052,180439250,-0.0055718254297971725,0.5701302289962769,0.8215217590332031,-0.004871049430221319,0.03457459807395935,-0.12907451391220093,-9.86464786529541,0.8806862831115723,0.03746497631072998,0.10101008415222168
1781548244736170,180455917,-0.005568592809140682,0.5701315402984619,0.8215206861495972,-0.004867281764745712,0.032239507883787155,-0.13437241315841675,-9.848742485046387,0.7001551389694214,0.03280346468091011,0.13017013669013977
1781548244764054,180472584,-0.005568857304751873,0.5701354742050171,0.8215179443359375,-0.004865377210080624,0.04020730033516884,-0.12946943938732147,-9.878475189208984,0.7243719100952148,0.0450335294008255,0.12343399226665497
1781548244766224,180489251,-0.00556388683617115,0.5701313614845276,0.821520984172821,-0.0048670037649571896,0.04516749829053879,-0.12213820964097977,-9.858541488647461,0.7239366173744202,0.0012230065185576677,0.059850480407476425
1781548244794302,180505918,-0.005565121304243803,0.5701251029968262,0.8215253353118896,-0.004867662210017443,0.013260576874017715,-0.12435903400182724,-9.87128734588623,0.7424674034118652,0.04137091338634491,0.14503833651542664
1781548244824624,180522585,-0.005568227730691433,0.5701249241828918,0.8215253949165344,-0.004873004276305437,0.03864807263016701,-0.13827405869960785,-9.873983383178711,0.7761223912239075,0.033930424600839615,0.192934051156044
1781548244826902,180539252,-0.005565580911934376,0.5701156258583069,0.8215319514274597,-0.004862826317548752,0.035980161279439926,-0.1376088559627533,-9.855446815490723,0.6661670207977295,0.06119513884186745,0.06405095010995865
1781548244853862,180555919,-0.0055627902038395405,0.5701192021369934,0.8215293884277344,-0.004873888101428747,0.0345783494412899,-0.1461595892906189,-9.901656150817871,0.785509467124939,-0.022513562813401222,0.15994492173194885
1781548244855659,180572586,-0.005555215757340193,0.5701392292976379,0.8215155005455017,-0.004884799011051655,0.03733227774500847,-0.1329347938299179,-9.876175880432129,0.7659670114517212,-0.04893306642770767,0.23502855002880096
1781548244884213,180589253,-0.005564222112298012,0.5701321959495544,0.821520209312439,-0.0048764715902507305,0.02850952371954918,-0.13254496455192566,-9.860429763793945,0.7224766612052917,0.11983542889356613,0.09671996533870697
1781548244886352,180605920,-0.005561422556638718,0.5701295137405396,0.8215221166610718,-0.004873578902333975,0.028487972915172577,-0.13898928463459015,-9.872533798217773,0.7069296836853027,0.03159966692328453,0.09673276543617249
1781548244913959,180622587,-0.005553681403398514,0.5701340436935425,0.8215192556381226,-0.004870329052209854,0.041069164872169495,-0.13781629502773285,-9.871097564697266,0.6854278445243835,0.005333845037966967,0.15493762493133545
1781548244917058,180639254,-0.005541596096009016,0.5701297521591187,0.8215224146842957,-0.004855124279856682,0.02800527960062027,-0.139500692486763,-9.85395622253418,0.6007778644561768,0.02773214876651764,0.0981798768043518
1781548244944134,180655921,-0.005545350722968578,0.57013338804245,0.8215197324752808,-0.004853348713368177,0.040053386241197586,-0.13642872869968414,-9.864748001098633,0.7388432025909424,0.06443515419960022,0.1331668347120285
1781548244974487,180672588,-0.005563515238463879,0.5701468586921692,0.821510374546051,-0.00484646949917078,0.02492258884012699,-0.13332457840442657,-9.878107070922852,0.7663000226020813,0.16618159413337708,0.2193407416343689
1781548244975750,180689255,-0.005558226257562637,0.5701497197151184,0.8215083479881287,-0.0048440732061862946,0.029310595244169235,-0.12236350774765015,-9.84878921508789,0.6998093724250793,0.015886276960372925,0.15523216128349304
1781548245003960,180705922,-0.0055490098893642426,0.5701574087142944,0.8215031027793884,-0.004835348576307297,0.029918549582362175,-0.14104919135570526,-9.855687141418457,0.6486992239952087,0.018498772755265236,0.16249336302280426
1781548245006009,180722589,-0.0055436198599636555,0.5701542496681213,0.8215053677558899,-0.004839546512812376,0.033809464424848557,-0.133696511387825,-9.88339614868164,0.7367557287216187,-0.010846978053450584,0.0939922109246254
1781548245033955,180739256,-0.005549270659685135,0.5701562762260437,0.8215039372444153,-0.004836615640670061,0.02062041126191616,-0.1357957422733307,-9.84060287475586,0.7395090460777283,0.08011011779308319,0.1707918643951416
1781548245035962,180755923,-0.005545367021113634,0.5701643824577332,0.8214983940124512,-0.004826822783797979,0.025222990661859512,-0.15084442496299744,-9.865593910217285,0.6635929942131042,0.05276855453848839,0.15208178758621216
1781548245064849,180772590,-0.005532593000680208,0.5701651573181152,0.821497917175293,-0.0048304833471775055,0.027429379522800446,-0.13024543225765228,-9.875455856323242,0.704714298248291,-0.050149671733379364,0.133973628282547
1781548245065433,180789257,-0.005533048417419195,0.5701673030853271,0.8214964270591736,-0.004831761121749878,0.016675854101777077,-0.13979752361774445,-9.842727661132812,0.7430692315101624,0.034173741936683655,0.15568038821220398
1781548245094171,180805924,-0.005520795471966267,0.5701653361320496,0.8214978575706482,-0.004836812615394592,0.031155837699770927,-0.1444215327501297,-9.829036712646484,0.7148056030273438,-0.053389668464660645,0.0826713889837265
1781548245124401,180822591,-0.0055208969861269,0.5701821446418762,0.8214861154556274,-0.004838281776756048,0.020906507968902588,-0.13767683506011963,-9.856663703918457,0.7430564165115356,0.03049832209944725,0.13638122379779816
1781548245126059,180839258,-0.005515264347195625,0.5701947808265686,0.8214773535728455,-0.004841713700443506,0.033262304961681366,-0.13147926330566406,-9.856291770935059,0.7316715121269226,-0.009784050285816193,0.11902859807014465
1781548245154035,180855925,-0.005520297214388847,0.5702047944068909,0.8214704394340515,-0.004836623556911945,0.029024498537182808,-0.1416929066181183,-9.852100372314453,0.7250890731811523,0.08505336940288544,0.19244742393493652
1781548245156400,180872592,-0.005532051902264357,0.5702133178710938,0.8214645385742188,-0.0048281121999025345,0.03432086110115051,-0.1336643248796463,-9.833064079284668,0.7321710586547852,0.13615070283412933,0.16566933691501617
1781548245184028,180889259,-0.005532364826649427,0.5702086091041565,0.8214676976203918,-0.004837698768824339,0.02242639660835266,-0.1464206576347351,-9.86344051361084,0.7896971702575684,-0.00024332062457688153,0.05620065703988075
1781548245185473,180905926,-0.005523432977497578,0.5702006816864014,0.8214734196662903,-0.00482297595590353,0.028205547481775284,-0.1291225403547287,-9.863648414611816,0.6160174608230591,0.04333028197288513,0.07952102273702621
1781548245214043,180922593,-0.005523329135030508,0.5702023506164551,0.8214722275733948,-0.00482522789388895,0.020091133192181587,-0.14125661551952362,-9.847626686096191,0.7466935515403748,0.02629784122109413,0.09070096909999847
1781548245216422,180939260,-0.005524550098925829,0.570220410823822,0.8214597105979919,-0.0048238062299788,0.03252936527132988,-0.1397724747657776,-9.873257637023926,0.7309672236442566,0.048619307577610016,0.18295790255069733
1781548245244622,180955927,-0.005506913643330336,0.5702223181724548,0.8214584589004517,-0.004827029071748257,0.03969958424568176,-0.12734515964984894,-9.875157356262207,0.7722036838531494,0.06367957592010498,0.1013302430510521
1781548245273948,180972594,-0.005516376346349716,0.5702131986618042,0.8214646577835083,-0.004830881487578154,0.02275540679693222,-0.14487215876579285,-9.887436866760254,0.7928858995437622,0.07565350085496902,0.14888019859790802
1781548245275944,180989261,-0.005511182826012373,0.5702042579650879,0.8214708566665649,-0.004830478224903345,0.032282423228025436,-0.15044745802879333,-9.862199783325195,0.7111301422119141,0.010289902798831463,0.19918355345726013
1781548245303936,181005928,-0.0055077895522117615,0.5701998472213745,0.8214738965034485,-0.004834738094359636,0.023474223911762238,-0.13121819496154785,-9.848570823669434,0.7451182007789612,0.0001344666670775041,0.0742063894867897
1781548245306020,181022595,-0.005511236842721701,0.5702056288719177,0.8214700222015381,-0.00483501935377717,0.028094684705138206,-0.1353272646665573,-9.860018730163574,0.7492930889129639,0.05499686673283577,0.1688581109046936
1781548245333950,181039262,-0.0055151572450995445,0.570209801197052,0.8214670419692993,-0.004841598682105541,0.017573654651641846,-0.12811048328876495,-9.863903045654297,0.7866876721382141,0.032918721437454224,0.15889477729797363
1781548245335922,181055929,-0.0055037373676896095,0.5702168941497803,0.821462094783783,-0.004844751209020615,0.0355689562857151,-0.13344259560108185,-9.836394309997559,0.7071986198425293,-0.04023755341768265,0.1758888214826584
1781548245364474,181072596,-0.005516734905540943,0.5702184438705444,0.8214609622955322,-0.004844479728490114,0.03818674013018608,-0.12911896407604218,-9.858719825744629,0.7835501432418823,0.11111428588628769,0.14369364082813263
1781548245368294,181089263,-0.005518995225429535,0.5702159404754639,0.8214626312255859,-0.00484437495470047,0.029124541208148003,-0.1252959817647934,-9.852163314819336,0.742685079574585,0.049310848116874695,0.09023994207382202
1781548245394737,181105930,-0.005507234018296003,0.5702227354049683,0.821458101272583,-0.0048401677049696445,0.03621971607208252,-0.1279638260602951,-9.865806579589844,0.664451003074646,-0.013843663968145847,0.12360047549009323
1781548245423852,181122597,-0.005501186940819025,0.5702193379402161,0.821460485458374,-0.004840570036321878,0.02737586759030819,-0.138145312666893,-9.873597145080566,0.7126284241676331,0.0010309111094102263,0.13513900339603424
1781548245427655,181139264,-0.005506085231900215,0.5702243447303772,0.8214568495750427,-0.0048474278301000595,0.028151903301477432,-0.12813907861709595,-9.856939315795898,0.7922072410583496,0.03709359094500542,0.13891687989234924
1781548245454419,181155931,-0.005508235190063715,0.5702201724052429,0.8214597105979919,-0.004850722383707762,0.030361924320459366,-0.13833840191364288,-9.848569869995117,0.7613438367843628,0.03528789430856705,0.07313065975904465
1781548245455662,181172598,-0.005507579073309898,0.5702103972434998,0.8214665651321411,-0.004859123378992081,0.030143851414322853,-0.1425655037164688,-9.86402416229248,0.7788245677947998,0.0006595269660465419,0.13895529508590698
1781548245483824,181189265,-0.005500090308487415,0.5702080130577087,0.8214682340621948,-0.004855539184063673,0.010653521865606308,-0.1339253932237625,-9.876090049743652,0.6846339106559753,0.008368950337171555,0.13083608448505402
1781548245486019,181205932,-0.0054992749355733395,0.5702098608016968,0.8214669823646545,-0.004852470476180315,0.03262931481003761,-0.1395900994539261,-9.842022895812988,0.7136402130126953,0.04407304897904396,0.14941807091236115
1781548245513878,181222599,-0.00549302576109767,0.570213794708252,0.8214642405509949,-0.004857143387198448,0.030100936070084572,-0.1375945806503296,-9.857765197753906,0.7362306118011475,-0.017711181193590164,0.10513371974229813
1781548245516164,181239266,-0.005486840847879648,0.5702064633369446,0.8214693665504456,-0.004860698711127043,0.020380806177854538,-0.13379664719104767,-9.890265464782715,0.7298530340194702,-0.011909905821084976,0.12237108498811722
1781548245544757,181255933,-0.005488566122949123,0.5702037215232849,0.8214712738990784,-0.004860133398324251,0.02408575639128685,-0.1407666653394699,-9.8544282913208,0.7375240325927734,0.04932365566492081,0.17757923901081085
1781548245574613,181272600,-0.005484045948833227,0.5701999068260193,0.8214738368988037,-0.00486298231408,0.020302128046751022,-0.14193251729011536,-9.845746040344238,0.7325167655944824,0.00037778730620630085,0.14966139197349548
1781548245576082,181289267,-0.005474895238876343,0.5702089667320251,0.8214676976203918,-0.004866636823862791,0.04212397336959839,-0.13812026381492615,-9.863568305969238,0.7189036011695862,-0.02941618487238884,0.17474903166294098
1781548245606014,181305934,-0.005469832103699446,0.5702080726623535,0.8214683532714844,-0.004867384675890207,0.020491667091846466,-0.13975460827350616,-9.868612289428711,0.7185578346252441,0.005513133481144905,0.1630440354347229
1781548245607092,181322601,-0.005464337766170502,0.5702038407325745,0.8214713931083679,-0.004870499949902296,0.032479193061590195,-0.14060574769973755,-9.857866287231445,0.7303910255432129,-0.007299618795514107,0.0792008712887764
1781548245633879,181339268,-0.005453912541270256,0.5702071189880371,0.8214689493179321,-0.004870645236223936,0.02923920378088951,-0.1334497630596161,-9.865959167480469,0.6942001581192017,-0.0231538787484169,0.1388784497976303
1781548245635814,181355935,-0.0054556941613554955,0.5702018737792969,0.8214727640151978,-0.004862608853727579,0.018657073378562927,-0.14417479932308197,-9.871426582336426,0.6957881450653076,0.07815074175596237,0.1035713478922844
1781548245663862,181372602,-0.005453279707580805,0.5702049136161804,0.8214706778526306,-0.004865320399403572,0.03886979818344116,-0.15433122217655182,-9.859700202941895,0.7400981187820435,0.012095595709979534,0.13919861614704132
1781548245666124,181389269,-0.005461764056235552,0.5701995491981506,0.8214742541313171,-0.004866877105087042,0.025226566940546036,-0.1397617608308792,-9.856616973876953,0.7765065431594849,0.07774093747138977,0.058019161224365234
1781548245694067,181405936,-0.0054559726268053055,0.5701994299888611,0.8214743733406067,-0.004865056835114956,0.019139861688017845,-0.12445559352636337,-9.855698585510254,0.7012309432029724,0.010994251817464828,0.1389680951833725
1781548245724084,181422603,-0.005459815263748169,0.5701987743377686,0.8214747905731201,-0.004858287516981363,0.03307991847395897,-0.12611494958400726,-9.867427825927734,0.7112454175949097,0.0840032547712326,0.0664457455277443
1781548245726404,181439270,-0.005466816481202841,0.5701892971992493,0.8214814066886902,-0.004865322262048721,0.04763508215546608,-0.13689006865024567,-9.866101264953613,0.8017350435256958,0.04722340777516365,0.0058845169842243195
1781548245754152,181455937,-0.005456713959574699,0.5701945424079895,0.8214778304100037,-0.004869291093200445,0.030075903981924057,-0.12501706182956696,-9.869688034057617,0.7170083522796631,-0.035704102367162704,0.181011363863945
1781548245756308,181472604,-0.005454339552670717,0.5702147483825684,0.8214637637138367,-0.004867271985858679,0.035383112728595734,-0.1341220885515213,-9.856928825378418,0.7139603495597839,0.029653100296854973,0.12233265489339828
1781548245784074,181489271,-0.005448381882160902,0.5702131390571594,0.8214648962020874,-0.004865613766014576,0.030158156529068947,-0.1408274620771408,-9.853870391845703,0.7015766501426697,0.008996461518108845,0.09915315359830856
1781548245786646,181505938,-0.005465701222419739,0.5702192187309265,0.8214607238769531,-0.0048746936954557896,0.029322782531380653,-0.14221471548080444,-9.859631538391113,0.8533703088760376,0.0987817719578743,0.15912529826164246
1781548245814939,181522605,-0.005463831592351198,0.570218026638031,0.8214613795280457,-0.00487350532785058,0.03929178789258003,-0.11806133389472961,-9.849529266357422,0.72040194272995,0.029781166464090347,0.06362834572792053
1781548245816921,181539272,-0.005467458162456751,0.5702093243598938,0.8214673399925232,-0.004876127932220697,0.020906507968902588,-0.13851365447044373,-9.8549222946167,0.7633801102638245,0.04612207040190697,0.05434374883770943
1781548245844064,181555939,-0.005463271867483854,0.5702037811279297,0.8214712738990784,-0.004876230843365192,0.029350044205784798,-0.12988786399364471,-9.854894638061523,0.7184938192367554,0.012364530004560947,0.1128559410572052
1781548245874351,181572606,-0.0054711815901100636,0.5702111721038818,0.8214660286903381,-0.004879688378423452,0.029517853632569313,-0.13755881786346436,-9.864501953125,0.7849587798118591,0.06750866770744324,0.1481630504131317
1781548245875257,181589273,-0.005466591101139784,0.5702114701271057,0.8214659690856934,-0.00487603060901165,0.028756283223628998,-0.1396222859621048,-9.855204582214355,0.6956600546836853,0.024786686524748802,0.12120569497346878
1781548245904434,181605940,-0.00547195877879858,0.5701961517333984,0.821476399898529,-0.004882031120359898,0.036055322736501694,-0.13543812930583954,-9.862550735473633,0.7891720533370972,0.04347115755081177,0.0799180269241333
1781548245905365,181622607,-0.005472590681165457,0.5701978206634521,0.8214753866195679,-0.004871708806604147,0.029374966397881508,-0.13376803696155548,-9.845867156982422,0.6784483790397644,0.08034063130617142,0.1270197629928589
1781548245934477,181639274,-0.005471624433994293,0.5701937079429626,0.8214782476425171,-0.004867190960794687,0.02780846320092678,-0.13202999532222748,-9.876696586608887,0.7048935890197754,0.048760175704956055,0.12923529744148254
1781548245935431,181655941,-0.005466965492814779,0.5701976418495178,0.8214754462242126,-0.00487925298511982,0.033591482788324356,-0.13789142668247223,-9.85498046875,0.7841519713401794,-0.03706157207489014,0.15602615475654602
1781548245963977,181672608,-0.0054622539319098,0.5702041387557983,0.8214709162712097,-0.004879069048911333,0.03192837908864021,-0.1277492791414261,-9.854260444641113,0.714587926864624,0.010994251817464828,0.18201026320457458
1781548245965827,181689275,-0.0054596466943621635,0.5702099204063416,0.8214670419692993,-0.00487794354557991,0.032361213117837906,-0.13416500389575958,-9.84013843536377,0.7178663015365601,0.025567876175045967,0.11473847925662994
1781548245995265,181705942,-0.0054460493847727776,0.5702111124992371,0.8214662671089172,-0.0048804921098053455,0.037078116089105606,-0.14458248019218445,-9.861184120178223,0.6952887177467346,-0.05020088702440262,0.14461569488048553
1781548246024592,181722609,-0.0054561118595302105,0.5702158212661743,0.8214629292488098,-0.004878238774836063,0.03565121069550514,-0.13700449466705322,-9.85395336151123,0.760934054851532,0.1023547425866127,0.16423502564430237
1781548246025669,181739276,-0.0054537029936909676,0.5702157616615295,0.8214630484580994,-0.004885200876742601,0.029289137572050095,-0.12414445728063583,-9.85984992980957,0.764353334903717,-0.004904831759631634,0.09583631157875061
1781548246054713,181755943,-0.0054574329406023026,0.5702110528945923,0.8214665055274963,-0.004871377721428871,0.03067324496805668,-0.13018466532230377,-9.878850936889648,0.670687735080719,0.11195950210094452,0.12289612740278244
1781548246056390,181772610,-0.005457973573356867,0.5702081322669983,0.8214682936668396,-0.004873153753578663,0.03002954088151455,-0.13097144663333893,-9.845438957214355,0.7464117407798767,0.032624173909425735,0.1262385994195938
1781548246084746,181789277,-0.005452440120279789,0.5702043771743774,0.8214710354804993,-0.004874981474131346,0.04026809334754944,-0.12099739909172058,-9.865968704223633,0.723027229309082,-0.0025228504091501236,0.07553824782371521
1781548246087374,181805944,-0.005461571738123894,0.5701979398727417,0.8214753270149231,-0.004876533057540655,0.031298890709877014,-0.1430983543395996,-9.860196113586426,0.7790038585662842,0.08142917603254318,0.06923753023147583
1781548246114061,181822611,-0.00545891048386693,0.5701956152915955,0.821476936340332,-0.004879211541265249,0.028756391257047653,-0.13764822483062744,-9.860451698303223,0.7390480041503906,0.01067409198731184,0.10596613585948944
1781548246115943,181839278,-0.005447680596262217,0.570201575756073,0.8214728832244873,-0.004880011081695557,0.03578006848692894,-0.12322896718978882,-9.85825252532959,0.6949302554130554,-0.03061998449265957,0.12053977698087692
1781548246144052,181855945,-0.0054299416951835155,0.5701968669891357,0.82147616147995,-0.004887471441179514,0.029811209067702293,-0.15107683837413788,-9.846481323242188,0.7071601748466492,-0.09365283697843552,0.05840336158871651
1781548246174013,181872612,-0.005435456987470388,0.5701795816421509,0.8214882016181946,-0.004887306597083807,0.023044947534799576,-0.13359279930591583,-9.846152305603027,0.754723072052002,0.0692119225859642,0.1254189908504486
1781548246175547,181889279,-0.005440337583422661,0.5701751708984375,0.8214911818504333,-0.0048946780152618885,0.022905606776475906,-0.13731205463409424,-9.8582124710083,0.7950246334075928,0.035082995891571045,0.11185707151889801
1781548246203826,181905946,-0.0054428488947451115,0.5701789855957031,0.8214885592460632,-0.0048927138559520245,0.03276878595352173,-0.1453084498643875,-9.844544410705566,0.7329394817352295,0.05841616913676262,0.15340086817741394
1781548246205714,181922613,-0.005441318731755018,0.5701811909675598,0.8214870095252991,-0.004890484735369682,0.025762997567653656,-0.12802821397781372,-9.861960411071777,0.7157276272773743,0.0364660806953907,0.13246247172355652
1781548246234052,181939280,-0.0054419818334281445,0.5701760649681091,0.8214905858039856,-0.004894038662314415,0.0352899469435215,-0.13502684235572815,-9.845643997192383,0.7570921778678894,0.02563190646469593,0.06467846035957336
1781548246236856,181955947,-0.0054337200708687305,0.5701790452003479,0.8214884996414185,-0.004913426004350185,0.02527289092540741,-0.13611756265163422,-9.84880542755127,0.8113654255867004,-0.08627637475728989,0.14973823726177216
1781548246264034,181972614,-0.005420989822596312,0.5701814293861389,0.8214868307113647,-0.004918739199638367,0.03541160374879837,-0.1443178504705429,-9.861638069152832,0.7143830060958862,-0.05616864189505577,0.145806685090065
1781548246267471,181989281,-0.005416104570031166,0.5701580047607422,0.8215030431747437,-0.004933422431349754,0.03906291350722313,-0.13262006640434265,-9.84465503692627,0.7978419661521912,-0.04775487631559372,0.1022522896528244
1781548246294295,182005948,-0.005409768782556057,0.5701537728309631,0.821506142616272,-0.004928953945636749,0.036241285502910614,-0.13416141271591187,-9.852314949035645,0.6841728091239929,0.0183579009026289,0.12639226019382477
1781548246324056,182022615,-0.005398211069405079,0.570155680179596,0.8215048909187317,-0.004925412125885487,0.030497895553708076,-0.14077024161815643,-9.844779968261719,0.6689844727516174,-0.014676075428724289,0.1573452204465866
1781548246327849,182039282,-0.005400689784437418,0.5701492428779602,0.8215093016624451,-0.004918659571558237,0.03388098627328873,-0.1480049192905426,-9.848531723022461,0.706058919429779,0.07619137316942215,0.04884982109069824
1781548246354527,182055949,-0.005401782225817442,0.570151150226593,0.8215080499649048,-0.004909687675535679,0.025820216163992882,-0.1412244290113449,-9.85688591003418,0.6879251003265381,0.07770252227783203,0.13334611058235168
1781548246355959,182072616,-0.005404817406088114,0.5701550841331482,0.8215053677558899,-0.00489470362663269,0.023070113733410835,-0.1483374983072281,-9.862618446350098,0.6615312099456787,0.11212598532438278,0.13424256443977356
1781548246385079,182089283,-0.005409836303442717,0.570156455039978,0.8215044140815735,-0.004896579310297966,0.029872236773371696,-0.1367398500442505,-9.84268856048584,0.7643917798995972,0.05799354240298271,0.16943438351154327
1781548246386430,182105950,-0.005406575743108988,0.5701648592948914,0.8214986324310303,-0.004887209739536047,0.01753414422273636,-0.13838134706020355,-9.880288124084473,0.6686514616012573,0.0550224743783474,0.190270334482193
1781548246414059,182122617,-0.005402527283877134,0.570158839225769,0.8215029835700989,-0.0048806993290781975,0.025190891698002815,-0.13864241540431976,-9.874448776245117,0.6817139983177185,0.03882244601845741,0.09318539500236511
1781548246416702,182139284,-0.005398270674049854,0.5701748132705688,0.8214919567108154,-0.004871489945799112,0.03257209435105324,-0.13357491791248322,-9.855627059936523,0.6655266880989075,0.04883701354265213,0.2238485962152481
1781548246444496,182155951,-0.005397430155426264,0.5701796412467957,0.8214884996414185,-0.004871778655797243,0.02019498683512211,-0.13950785994529724,-9.842513084411621,0.7326449155807495,0.030383067205548286,0.14206723868846893
1781548246473870,182172618,-0.0053941551595926285,0.570185124874115,0.8214847445487976,-0.004876736085861921,0.012870769947767258,-0.13356776535511017,-9.85971450805664,0.749485194683075,-0.0014983428409323096,0.15146708488464355
1781548246476107,182189285,-0.005393348168581724,0.5701872706413269,0.8214833736419678,-0.004868971183896065,0.021346380934119225,-0.14527983963489532,-9.865267753601074,0.6874769330024719,0.06159214675426483,0.09030397981405258
1781548246503840,182205952,-0.0053990744054317474,0.5701920390129089,0.8214800953865051,-0.004868597723543644,0.02654261142015457,-0.14145329594612122,-9.87513542175293,0.7544155716896057,0.07092796266078949,0.18472518026828766
1781548246505808,182222619,-0.005400481168180704,0.5701897144317627,0.821481466293335,-0.004868327174335718,0.03801865875720978,-0.1222347617149353,-9.864124298095703,0.7384461760520935,0.04498230293393135,0.07998205721378326
1781548246534282,182239286,-0.005398445762693882,0.5701897740364075,0.8214814066886902,-0.0048671322874724865,0.03742500767111778,-0.13915380835533142,-9.847448348999023,0.7195439338684082,0.02974274568259716,0.1475355476140976
1781548246536449,182255953,-0.005395072977989912,0.5701858401298523,0.8214842081069946,-0.004881003405898809,0.021163877099752426,-0.13561691343784332,-9.860306739807129,0.7994683980941772,-0.03718963637948036,0.10617103427648544
1781548246564095,182272620,-0.005405352916568518,0.5701744556427002,0.8214921355247498,-0.0048753730952739716,0.019848007708787918,-0.14624899625778198,-9.861124038696289,0.742953896522522,0.11580141633749008,0.05479196459054947
1781548246566878,182289287,-0.005405065603554249,0.5701711177825928,0.8214942812919617,-0.0048709954135119915,0.020498929545283318,-0.13408273458480835,-9.850170135498047,0.7085433006286621,0.05189772695302963,0.11284314095973969
1781548246594320,182305954,-0.0054047200828790665,0.5701711773872375,0.8214942216873169,-0.004868235904723406,0.03070889227092266,-0.14354181289672852,-9.850166320800781,0.7174308896064758,0.04531526565551758,0.12813392281532288
1781548246624045,182322621,-0.0053964219987392426,0.5701662302017212,0.821497917175293,-0.004872041754424572,0.028370052576065063,-0.1314077377319336,-9.844218254089355,0.7232833504676819,-0.025318153202533722,0.11227966845035553
1781548246653988,182339288,-0.005391617771238089,0.5701653361320496,0.821498453617096,-0.004884681664407253,0.04675890877842903,-0.13077117502689362,-9.851868629455566,0.7870206236839294,-0.04066016152501106,0.09866651892662048
1781548246656025,182355955,-0.005386194679886103,0.5701605081558228,0.8215017318725586,-0.00488303042948246,0.030168885365128517,-0.13780198991298676,-9.848180770874023,0.7036512494087219,0.012531012296676636,0.13169409334659576
1781548246657990,182372622,-0.005378200672566891,0.5701479315757751,0.8215104937553406,-0.004893635865300894,0.019064711406826973,-0.147257462143898,-9.844182014465332,0.763008713722229,-0.05075155943632126,0.048708949238061905
1781548246683944,182389289,-0.005364959128201008,0.5701522827148438,0.8215076923370361,-0.0048940544947981834,0.029596801847219467,-0.13548819720745087,-9.83601188659668,0.684864342212677,-0.04023754969239235,0.11604472994804382
1781548246686202,182405956,-0.005368697922676802,0.5701601505279541,0.8215022087097168,-0.004885589703917503,0.02585955522954464,-0.13500897586345673,-9.870349884033203,0.7011668682098389,0.0911363884806633,0.19011664390563965
1781548246714549,182422623,-0.005359177477657795,0.5701713562011719,0.8214945197105408,-0.004881858825683594,0.01897893287241459,-0.15354803204536438,-9.848570823669434,0.6763097643852234,-0.0037522607017308474,0.10474953800439835
1781548246715376,182439290,-0.00535220792517066,0.5701769590377808,0.8214906454086304,-0.004869701340794563,0.031170222908258438,-0.15007911622524261,-9.841690063476562,0.6385438442230225,0.04416269809007645,0.11026908457279205
1781548246744557,182455957,-0.00535097299143672,0.570186972618103,0.8214837908744812,-0.004851515404880047,0.03575491905212402,-0.14038759469985962,-9.8492431640625,0.6271973252296448,0.09934525936841965,0.07288733869791031
1781548246774602,182472624,-0.005340671632438898,0.5702030062675476,0.821472704410553,-0.0048521640710532665,0.029400000348687172,-0.13987977802753448,-9.846632957458496,0.6977859735488892,-0.024921156466007233,0.15556512773036957
1781548246775982,182489291,-0.005342252552509308,0.5702099204063416,0.8214681148529053,-0.00484057841822505,0.020355772227048874,-0.13787709176540375,-9.85534381866455,0.6750674247741699,0.09095709025859833,0.17346839606761932
1781548246803973,182505958,-0.005350571591407061,0.570199728012085,0.8214751482009888,-0.004839109722524881,0.04039326310157776,-0.1401730179786682,-9.851907730102539,0.7587313652038574,0.0886903777718544,0.04873456433415413
1781548246805938,182522625,-0.0053516351617872715,0.5702086687088013,0.8214689493179321,-0.004840028937906027,0.025638028979301453,-0.14807285368442535,-9.862607955932617,0.7436583638191223,0.03916822001338005,0.1952904313802719
1781548246834184,182539292,-0.005351829342544079,0.5701701045036316,0.8214955925941467,-0.004850801546126604,0.02763335406780243,-0.13918957114219666,-9.836451530456543,0.7952806949615479,-0.0022795305121690035,0.1292993128299713
1781548246837000,182555959,-0.0053394571878015995,0.5701684951782227,0.821496844291687,-0.00484290299937129,0.023771049454808235,-0.1373049020767212,-9.87326431274414,0.6410794258117676,-0.0020234030671417713,0.15180006623268127
1781548246864024,182572626,-0.0053446050733327866,0.5701677799224854,0.8214972615242004,-0.00484667532145977,0.025205109268426895,-0.13939698040485382,-9.864370346069336,0.7757894396781921,0.050962865352630615,0.14515356719493866
1781548246866301,182589293,-0.005338164512068033,0.5701670050621033,0.821497917175293,-0.004843464121222496,0.045729104429483414,-0.13214802742004395,-9.84347152709961,0.6908449530601501,0.012838366441428661,0.1490595042705536
1781548246894285,182605960,-0.0053479913622140884,0.5701667070388794,0.8214980363845825,-0.004852512385696173,0.04132291302084923,-0.14028388261795044,-9.855238914489746,0.8240053057670593,0.056482404470443726,0.14353995025157928
1781548246924036,182622627,-0.00534836808219552,0.5701488256454468,0.8215104341506958,-0.0048487321473658085,0.020545294508337975,-0.13450829684734344,-9.851502418518066,0.7146134972572327,0.052768561989068985,0.017141299322247505
1781548246926255,182639294,-0.005344254430383444,0.5701463222503662,0.8215121626853943,-0.004847010597586632,0.021217774599790573,-0.12977342307567596,-9.855058670043945,0.7085049152374268,0.020061146467924118,0.13932667672634125
1781548246954046,182655961,-0.005343812517821789,0.5701472163200378,0.8215115666389465,-0.004841379355639219,0.027790706604719162,-0.15108045935630798,-9.840177536010742,0.7006673812866211,0.056431178003549576,0.14858567714691162
1781548246956363,182672628,-0.00535370409488678,0.5701472163200378,0.8215115070343018,-0.004831315949559212,0.0405363105237484,-0.14543361961841583,-9.852465629577637,0.7162271738052368,0.13166849315166473,0.12598244845867157
1781548246985988,182689295,-0.0053525823168456554,0.5701541900634766,0.821506679058075,-0.0048354812897741795,0.02671084925532341,-0.13097144663333893,-9.835707664489746,0.7535063624382019,0.013619552366435528,0.15199215710163116
1781548246987217,182705962,-0.0053506093099713326,0.5701608657836914,0.8215020298957825,-0.004839407745748758,0.02770117297768593,-0.1453191637992859,-9.859127044677734,0.7489345669746399,0.009355038404464722,0.12555986642837524
1781548247014077,182722629,-0.005347256548702717,0.5701593160629272,0.821503221988678,-0.004832115955650806,0.02466510236263275,-0.12928347289562225,-9.854997634887695,0.6799851655960083,0.04612206667661667,0.1320270448923111
1781548247016305,182739296,-0.0053469534032046795,0.570163905620575,0.8215000629425049,-0.004822470247745514,0.02629215084016323,-0.1304922252893448,-9.850486755371094,0.6786404252052307,0.07231104373931885,0.1338583528995514
1781548247044748,182755963,-0.005347014404833317,0.5701720714569092,0.821494460105896,-0.004818740300834179,0.031045055016875267,-0.1429588794708252,-9.853373527526855,0.7135633826255798,0.05118057504296303,0.14704890549182892
1781548247073863,182772630,-0.005345375742763281,0.5701699256896973,0.8214958906173706,-0.004814612213522196,0.03011178970336914,-0.14532633125782013,-9.865315437316895,0.7045862078666687,0.043407127261161804,0.12809552252292633
1781548247075459,182789297,-0.005338660441339016,0.5701647400856018,0.8214995265007019,-0.004811433143913746,0.0365738719701767,-0.12857180833816528,-9.865690231323242,0.6899100542068481,0.011519310995936394,0.15076273679733276
1781548247103832,182805964,-0.0053321667946875095,0.5701658725738525,0.8214988112449646,-0.004812376108020544,0.04408390820026398,-0.12499559670686722,-9.848288536071777,0.7143062353134155,-0.004174870438873768,0.1280570924282074
1781548247105706,182822631,-0.0053330291993916035,0.5701709985733032,0.8214952945709229,-0.004818623419851065,0.03330879285931587,-0.13328881561756134,-9.834770202636719,0.7731257081031799,0.01651378720998764,0.1393778771162033
1781548247134200,182839298,-0.005332289729267359,0.5701674818992615,0.8214977383613586,-0.004815226886421442,0.04650142416357994,-0.12961247563362122,-9.860905647277832,0.7121803164482117,0.04577629640698433,0.13512620329856873
1781548247135452,182855965,-0.005330744665116072,0.5701643824577332,0.8214998245239258,-0.004814044572412968,0.0243145190179348,-0.1503973752260208,-9.863568305969238,0.7215033173561096,0.03225279226899147,0.11484094709157944
1781548247164227,182872632,-0.005330302286893129,0.5701555013656616,0.8215060234069824,-0.004812884144484997,0.030261805281043053,-0.12923696637153625,-9.869247436523438,0.7261008024215698,0.03800284117460251,0.061745818704366684
1781548247165707,182889299,-0.005328956991434097,0.5701581835746765,0.8215040564537048,-0.004823803436011076,0.02297355607151985,-0.1426406055688858,-9.848803520202637,0.7907088398933411,-0.013869276270270348,0.15861304104328156
1781548247194452,182905966,-0.005338262300938368,0.5701617002487183,0.821501612663269,-0.004828224424272776,0.02052047848701477,-0.13898570835590363,-9.85472297668457,0.795613706111908,0.07204211503267288,0.18197183310985565
1781548247224243,182922633,-0.005342897493392229,0.5701611042022705,0.8215020895004272,-0.00482650613412261,0.036262743175029755,-0.1331636607646942,-9.853667259216309,0.7430307269096375,0.06855878978967667,0.07327152043581009
1781548247226338,182939300,-0.005345652345567942,0.5701373815536499,0.82151859998703,-0.004810277838259935,0.03438165411353111,-0.12663708627223969,-9.855927467346191,0.6534503698348999,0.11505864560604095,-0.0053786663338541985
1781548247254497,182955967,-0.005442521069198847,0.5701521635055542,0.8215075135231018,-0.004844097886234522,0.03494669869542122,-0.13376446068286896,-9.85101318359375,0.7362177968025208,0.09988311678171158,0.0971553698182106
1781548247257330,182972634,-0.005448843352496624,0.5701392292976379,0.8215164542198181,-0.004848656244575977,0.02054525539278984,-0.13383597135543823,-9.854323387145996,0.7844337224960327,0.0533960722386837,0.052422791719436646
1781548247284612,182989301,-0.005451751872897148,0.5701402425765991,0.8215155601501465,-0.004854658152908087,0.03365568816661835,-0.14364194869995117,-9.867474555969238,0.7789398431777954,0.029563456773757935,0.18557041883468628
1781548247285965,183005968,-0.005440107546746731,0.5701385140419006,0.8215168118476868,-0.004862596280872822,0.03517557308077812,-0.1332065761089325,-9.874205589294434,0.7328881621360779,-0.06093261018395424,0.12057818472385406
1781548247314142,183022635,-0.005434172693639994,0.570146918296814,0.8215109705924988,-0.00487047852948308,0.01659717783331871,-0.13431161642074585,-9.859060287475586,0.7549663186073303,-0.028186773881316185,0.18321405351161957
1781548247315868,183039302,-0.005423842463642359,0.5701460838317871,0.8215115666389465,-0.004870313219726086,0.03197487071156502,-0.13478009402751923,-9.873089790344238,0.6925353407859802,-0.022539174184203148,0.07712623476982117
1781548247344340,183055969,-0.0054228962399065495,0.5701393485069275,0.8215163946151733,-0.004866605158895254,0.03899854049086571,-0.13179396092891693,-9.863652229309082,0.7090556025505066,0.04522562399506569,0.10583808273077011
1781548247374424,183072636,-0.005424330942332745,0.5701329112052917,0.8215208649635315,-0.004865305498242378,0.035111203789711,-0.12229198217391968,-9.858445167541504,0.7320173382759094,0.049169979989528656,0.10605578124523163
1781548247376453,183089303,-0.005413390696048737,0.5701395273208618,0.8215163946151733,-0.004861271940171719,0.023624587804079056,-0.1420755684375763,-9.863473892211914,0.6680111289024353,-0.009758437052369118,0.17574791610240936
1781548247404559,183105970,-0.005417410749942064,0.5701388716697693,0.8215168714523315,-0.004863645415753126,0.01750553399324417,-0.13100361824035645,-9.858412742614746,0.7629702091217041,0.04928522929549217,0.12202529609203339
1781548247406023,183122637,-0.005420192144811153,0.5701412558555603,0.8215149641036987,-0.004873054102063179,0.025258928537368774,-0.14848771691322327,-9.852344512939453,0.7977395057678223,0.015105088241398335,0.1619170755147934
1781548247434356,183139304,-0.005418218672275543,0.570136308670044,0.8215184211730957,-0.004877004772424698,0.031506385654211044,-0.1450652778148651,-9.884160995483398,0.7484222650527954,0.00904768519103527,0.08947155624628067
1781548247437269,183155971,-0.005426071584224701,0.5701471567153931,0.8215109705924988,-0.004874503705650568,0.02855243906378746,-0.14853419363498688,-9.868318557739258,0.7502023577690125,0.09090587496757507,0.22981636226177216
1781548247463945,183172638,-0.005421260837465525,0.5701293349266052,0.8215233683586121,-0.004880988504737616,0.027200717478990555,-0.128117635846138,-9.848703384399414,0.7513548731803894,-0.016225643455982208,0.08305557817220688
1781548247466019,183189305,-0.005414494778960943,0.5701431632041931,0.8215136528015137,-0.004881842993199825,0.03258639946579933,-0.14754000306129456,-9.829019546508789,0.7121418714523315,-0.005737244617193937,0.17869339883327484
1781548247494172,183205972,-0.0054106330499053,0.5701406002044678,0.8215155005455017,-0.004888071212917566,0.0358121395111084,-0.13554182648658752,-9.847826957702637,0.7539546489715576,-0.010885396972298622,0.07091516256332397
1781548247523996,183222639,-0.005414788611233234,0.5701317191123962,0.821521520614624,-0.004893488250672817,0.030948497354984283,-0.13424724340438843,-9.874866485595703,0.7804509997367859,0.03877122700214386,0.13380713760852814
1781548247525855,183239306,-0.005412599071860313,0.570128321647644,0.8215238451957703,-0.004889736883342266,0.023009441792964935,-0.11883379518985748,-9.849472999572754,0.7038946747779846,0.03846387565135956,0.12886390089988708
1781548247554008,183255973,-0.00541770551353693,0.5701249837875366,0.821526288986206,-0.004892553202807903,0.02631373330950737,-0.11608011275529861,-9.848427772521973,0.7696168422698975,0.054074808955192566,0.14003102481365204
1781548247556194,183272640,-0.0054216994903981686,0.5701204538345337,0.8215294480323792,-0.004896796308457851,0.02503345161676407,-0.1394542008638382,-9.86240005493164,0.7735099196434021,0.041550204157829285,0.08901053667068481
1781548247583989,183289307,-0.0054220836609601974,0.570127546787262,0.8215243220329285,-0.004901513457298279,0.011272365227341652,-0.14363837242126465,-9.870697975158691,0.7620097994804382,0.01957450620830059,0.1530551016330719
1781548247585438,183305974,-0.005414050072431564,0.5701289176940918,0.8215234875679016,-0.004895457997918129,0.03401688486337662,-0.12698397040367126,-9.861749649047852,0.6680112481117249,0.014413546770811081,0.1413116604089737
1781548247613946,183322641,-0.005416967906057835,0.5701265335083008,0.8215250968933105,-0.004885954316705465,0.04282508045434952,-0.13564911484718323,-9.854628562927246,0.6914852261543274,0.09003504365682602,0.14359119534492493
1781548247616015,183339308,-0.005414682440459728,0.5701143145561218,0.8215336799621582,-0.0048819780349731445,0.037192557007074356,-0.13164019584655762,-9.84859561920166,0.7023963332176208,0.038694385439157486,0.08382396399974823
1781548247644331,183355975,-0.005415864754468203,0.5701190829277039,0.821530282497406,-0.004875166341662407,0.04418032243847847,-0.14701072871685028,-9.861912727355957,0.6999374032020569,0.0693015605211258,0.14858567714691162
1781548247673953,183372642,-0.005414200015366077,0.570114254951477,0.8215338587760925,-0.004873110447078943,0.015602992847561836,-0.13615694642066956,-9.855308532714844,0.7157532572746277,0.034020066261291504,0.06702202558517456
1781548247675809,183389309,-0.005415618419647217,0.57011479139328,0.8215335011482239,-0.004877797327935696,0.019883712753653526,-0.15228921175003052,-9.861431121826172,0.7659285068511963,0.02552945725619793,0.12782657146453857
1781548247704438,183405976,-0.005413941107690334,0.5701149106025696,0.8215332627296448,-0.004879876505583525,0.013224815018475056,-0.1331779658794403,-9.853344917297363,0.7390480637550354,0.01806335709989071,0.11304806172847748
1781548247705460,183422643,-0.005404326133430004,0.5701178908348083,0.8215311765670776,-0.004889197181910276,0.03387383371591568,-0.1557617038488388,-9.855276107788086,0.7487679719924927,-0.05481117591261864,0.14955894649028778
1781548247733967,183439310,-0.005398564040660858,0.5701209306716919,0.8215292096138,-0.004891362972557545,0.02417500875890255,-0.15545055270195007,-9.856809616088867,0.7233602404594421,-0.004943251144140959,0.15352892875671387
1781548247736119,183455977,-0.005391789134591818,0.5701158046722412,0.821532666683197,-0.004903688095510006,0.030194081366062164,-0.13815605640411377,-9.846487045288086,0.776749849319458,-0.05004721134901047,0.153452068567276
1781548247763972,183472644,-0.00538410572335124,0.5701174736022949,0.8215314745903015,-0.004909318406134844,0.02551981434226036,-0.13723695278167725,-9.852686882019043,0.7353854179382324,-0.029083216562867165,0.16797448694705963
1781548247765970,183489311,-0.0053784167394042015,0.5701146125793457,0.8215335011482239,-0.004910752177238464,0.025155041366815567,-0.13908228278160095,-9.856488227844238,0.7194286584854126,-0.0015367618761956692,0.1387759894132614
1781548247794164,183505978,-0.005387609358876944,0.5701262950897217,0.8215254545211792,-0.0049092392437160015,0.02283765934407711,-0.1406915783882141,-9.853827476501465,0.761228621006012,0.09381291270256042,0.18220233917236328
1781548247823952,183522645,-0.0053746504709124565,0.5701394081115723,0.8215163350105286,-0.004910344257950783,0.014008180238306522,-0.13190485537052155,-9.855816841125488,0.6891416311264038,-0.041569408029317856,0.18635158240795135
1781548247825984,183539312,-0.00537806237116456,0.5701471567153931,0.8215110898017883,-0.004899337887763977,0.026095427572727203,-0.13587799668312073,-9.863078117370605,0.6850308179855347,0.09841039031744003,0.16442710161209106
1781548247853930,183555979,-0.005378545727580786,0.570149838924408,0.8215091824531555,-0.004910566844046116,0.03905205801129341,-0.12234203517436981,-9.85292911529541,0.7992634773254395,-0.0057500503025949,0.11461041867733002
1781548247855897,183572646,-0.005372134502977133,0.5701354742050171,0.8215192556381226,-0.004906912799924612,0.04085101559758186,-0.15482474863529205,-9.876543998718262,0.6881684064865112,0.013414651155471802,0.02437688782811165
1781548247884019,183589313,-0.005375755950808525,0.5701426267623901,0.8215141296386719,-0.004905628971755505,0.02577730268239975,-0.12472380697727203,-9.855218887329102,0.7406232357025146,0.06163055822253227,0.17494113743305206
1781548247886048,183605980,-0.005381082650274038,0.5701529383659363,0.8215068578720093,-0.004912150092422962,0.02815905585885048,-0.14368128776550293,-9.841225624084473,0.7916309237480164,0.04005185514688492,0.14237459003925323
1781548247913962,183622647,-0.005385680124163628,0.5701537132263184,0.8215064406394958,-0.004901002626866102,0.031209560111165047,-0.15209609270095825,-9.871376037597656,0.6889240145683289,0.10530021041631699,0.10978244245052338
1781548247916182,183639314,-0.005388948135077953,0.5701520442962646,0.8215076327323914,-0.004889989271759987,0.028534557670354843,-0.13866743445396423,-9.874992370605469,0.6844289302825928,0.09721939265727997,0.0975523591041565
1781548247944620,183655981,-0.005385307129472494,0.570163905620575,0.8214995265007019,-0.004883892368525267,0.03562617674469948,-0.13922174274921417,-9.876218795776367,0.6850821375846863,0.03934750705957413,0.18336771428585052
1781548247973985,183672648,-0.005380125250667334,0.5701714754104614,0.8214942216873169,-0.004882246255874634,0.020913809537887573,-0.13023117184638977,-9.860766410827637,0.7041378617286682,0.012992041185498238,0.1537466198205948
1781548247976745,183689315,-0.005373429041355848,0.5701722502708435,0.8214938044548035,-0.004872654099017382,0.022319110110402107,-0.1334497481584549,-9.864535331726074,0.653437614440918,0.03541595861315727,0.11274068802595139
1781548248003965,183705982,-0.00537595059722662,0.5701687335968018,0.821496307849884,-0.00486363610252738,0.03020474500954151,-0.12978771328926086,-9.865562438964844,0.6927146315574646,0.08533511310815811,0.10213703662157059
1781548248006390,183722649,-0.005373059771955013,0.5701761841773987,0.8214911818504333,-0.004862200003117323,0.029918549582362175,-0.18469323217868805,-9.867807388305664,0.714383065700531,0.02513246238231659,0.15329842269420624
1781548248034007,183739316,-0.005366715136915445,0.5701689720153809,0.8214962482452393,-0.004858321975916624,0.03318730741739273,-0.1537197083234787,-9.839731216430664,0.6869645118713379,0.01546366699039936,0.11097341775894165
1781548248035912,183755983,-0.005367363803088665,0.5701714754104614,0.8214945197105408,-0.004858179483562708,0.016743803396821022,-0.11283649504184723,-9.877527236938477,0.7353982329368591,0.040384821593761444,0.15719154477119446
1781548248063981,183772650,-0.0053658937104046345,0.5701668858528137,0.8214977383613586,-0.0048580775037407875,0.04143393784761429,-0.10390312969684601,-9.860447883605957,0.7274966835975647,0.02774495631456375,0.09058571606874466
1781548248066107,183789317,-0.005368730518966913,0.5701498985290527,0.8215094804763794,-0.004861882422119379,0.0262780599296093,-0.15620873868465424,-9.848063468933105,0.7662614583969116,0.03734971582889557,0.08424656093120575
1781548248094197,183805984,-0.005368699785321951,0.5701435804367065,0.8215139508247375,-0.004853582475334406,0.022405041381716728,-0.15368035435676575,-9.872127532958984,0.6867852807044983,0.06834107637405396,0.10605578124523163
1781548248123974,183822651,-0.005367177538573742,0.5701466798782349,0.8215118050575256,-0.004857467021793127,0.005493054166436195,-0.14462539553642273,-9.848478317260742,0.7497285008430481,0.012146823108196259,0.14552494883537292
1781548248125984,183839318,-0.0053592585027217865,0.5701420903205872,0.8215148448944092,-0.0048766289837658405,0.033158496022224426,-0.12949085235595703,-9.876402854919434,0.8110069632530212,-0.08429139107465744,0.0866413563489914
1781548248153973,183855985,-0.0053582219406962395,0.5701453685760498,0.8215125799179077,-0.004883584566414356,0.0240391306579113,-0.12347926944494247,-9.844178199768066,0.769104540348053,0.0025676731020212173,0.1263154298067093
1781548248155958,183872652,-0.0053559476509690285,0.5701345205307007,0.8215199708938599,-0.004881726112216711,0.030902007594704628,-0.1397903710603714,-9.854131698608398,0.7142549753189087,0.030370259657502174,0.08477163314819336
1781548248183957,183889319,-0.005353945307433605,0.5701387524604797,0.8215171694755554,-0.004886994604021311,0.025820216163992882,-0.1407630890607834,-9.857847213745117,0.7553632855415344,0.005167362280189991,0.23204463720321655
1781548248185997,183905986,-0.0053588575683534145,0.570128858089447,0.821523904800415,-0.004893159493803978,0.03104863129556179,-0.12748821079730988,-9.85891342163086,0.7879041433334351,0.03934750705957413,0.07578156888484955
1781548248213960,183922653,-0.00536005012691021,0.5701279640197754,0.8215245008468628,-0.004895603284239769,0.027107568457722664,-0.1259039342403412,-9.850031852722168,0.7524434328079224,0.032419271767139435,0.07862458378076553
1781548248217530,183939320,-0.0053622727282345295,0.5701141953468323,0.8215340971946716,-0.004899242892861366,0.03480364754796028,-0.131089448928833,-9.857275009155273,0.7629190683364868,0.03434022516012192,0.08401605486869812
1781548248244176,183955987,-0.005371114704757929,0.5701042413711548,0.8215408325195312,-0.0049024648033082485,0.02288057468831539,-0.14409254491329193,-9.841289520263672,0.7866364121437073,0.07323311269283295,0.0879732146859169
1781548248274079,183972654,-0.00537020293995738,0.5701027512550354,0.8215418457984924,-0.004905560985207558,0.020033789798617363,-0.1446361094713211,-9.853333473205566,0.74775630235672,0.01856280490756035,0.12055257707834244
1781548248276339,183989321,-0.005384332034736872,0.5701082348823547,0.8215380311012268,-0.004898117855191231,0.03811521828174591,-0.13483016192913055,-9.878567695617676,0.7469111084938049,0.14534565806388855,0.18427696824073792
1781548248304145,184005988,-0.005376292858272791,0.5700990557670593,0.8215444087982178,-0.004899438936263323,0.03395254909992218,-0.13272736966609955,-9.851239204406738,0.7098495364189148,-0.015444456599652767,0.03779793903231621
1781548248306233,184022655,-0.005368592217564583,0.5701019167900085,0.821542501449585,-0.004897729493677616,0.024507593363523483,-0.160836324095726,-9.856125831604004,0.6937903761863708,-0.0006018984131515026,0.1618146300315857
1781548248335294,184039322,-0.005378260277211666,0.570107638835907,0.821538507938385,-0.0048979525454342365,0.029049532487988472,-0.13913950324058533,-9.847823143005371,0.7727543711662292,0.09018872678279877,0.19107715785503387
1781548248336587,184055989,-0.005368596408516169,0.5701053738594055,0.821540117263794,-0.004897697828710079,0.02199384570121765,-0.1330706775188446,-9.866989135742188,0.6942770481109619,-0.016827544197440147,0.17984598875045776
1781548248364219,184072656,-0.005364584270864725,0.5701022744178772,0.8215423226356506,-0.004903915338218212,0.022676730528473854,-0.11808636784553528,-9.869295120239258,0.7533143162727356,-0.011653779074549675,0.08019977807998657
1781548248366102,184089323,-0.005366282071918249,0.5701081156730652,0.8215382099151611,-0.004906528163701296,0.03841561824083328,-0.1332995444536209,-9.88195514678955,0.754979133605957,0.03612031042575836,0.21581897139549255
1781548248394078,184105990,-0.005367197562009096,0.5701087713241577,0.8215377330780029,-0.004908028058707714,0.03865164890885353,-0.13922889530658722,-9.861388206481934,0.7457457184791565,0.03536473214626312,0.14461570978164673
1781548248423858,184122657,-0.005343127995729446,0.5701113939285278,0.821536123752594,-0.004904273897409439,0.030433764681220055,-0.13548465073108673,-9.854665756225586,0.6182841658592224,-0.08530309051275253,0.1426563262939453
1781548248426147,184139324,-0.005350666586309671,0.5701126456260681,0.821535050868988,-0.004906909074634314,0.039542123675346375,-0.12882213294506073,-9.872681617736816,0.7781714200973511,0.06826424598693848,0.14288684725761414
1781548248453849,184155991,-0.005357561632990837,0.5701175928115845,0.8215315937995911,-0.004902837797999382,0.04071512073278427,-0.14013367891311646,-9.861366271972656,0.7377160787582397,0.09117479622364044,0.17565828561782837
1781548248455613,184172658,-0.0053560188971459866,0.5701273083686829,0.8215250372886658,-0.004892931319773197,0.01677611656486988,-0.14377425611019135,-9.854408264160156,0.6718146800994873,0.06556210666894913,0.13844303786754608
1781548248483966,184189325,-0.0053596640937030315,0.5701232552528381,0.8215278387069702,-0.004894651938229799,0.03499309718608856,-0.12712343037128448,-9.845254898071289,0.7578092813491821,0.04938768222928047,0.08688467741012573
1781548248485509,184205992,-0.005360675510019064,0.5701240301132202,0.8215271830558777,-0.004901788663119078,0.027100499719381332,-0.14561600983142853,-9.83764934539795,0.7780945897102356,0.013939711265265942,0.1545790433883667
1781548248513979,184222659,-0.005362596828490496,0.5701228380203247,0.8215280175209045,-0.004893496632575989,0.026839546859264374,-0.13128256797790527,-9.85582447052002,0.6944307088851929,0.0790984258055687,0.11589107662439346
1781548248515444,184239326,-0.0053682890720665455,0.5701212286949158,0.8215291500091553,-0.004893070552498102,0.03579068183898926,-0.1395293027162552,-9.849322319030762,0.7537752985954285,0.06933998316526413,0.09609244018793106
1781548248544778,184255993,-0.0053596594370901585,0.5701242685317993,0.8215270638465881,-0.004887355025857687,0.03869111090898514,-0.13123251497745514,-9.852330207824707,0.6676910519599915,0.009406264871358871,0.13355101644992828
1781548248574058,184272660,-0.005360169801861048,0.5701214075088501,0.8215290307998657,-0.004895359743386507,0.03155645355582237,-0.1332995444536209,-9.840238571166992,0.7810015678405762,0.007395666092634201,0.11765831708908081
1781548248576420,184289327,-0.005349238868802786,0.5701202750205994,0.821529746055603,-0.004903262481093407,0.02357782982289791,-0.1339360773563385,-9.865352630615234,0.7356030941009521,-0.05719315633177757,0.10248281061649323
1781548248604036,184305994,-0.005363709758967161,0.5701178312301636,0.8215314149856567,-0.004898458253592253,0.010453363880515099,-0.12829285860061646,-9.835972785949707,0.7634440660476685,0.13624034821987152,0.10311031341552734
1781548248606091,184322661,-0.00536334328353405,0.5701245665550232,0.8215266466140747,-0.0049102893099188805,0.028409278020262718,-0.1463884562253952,-9.854126930236816,0.7993274927139282,-0.013344215229153633,0.10381466150283813
1781548248634492,184339328,-0.005371824838221073,0.5701187252998352,0.8215306997299194,-0.0049051567912101746,0.02763328142464161,-0.1420433670282364,-9.870931625366211,0.7381644248962402,0.10340487211942673,0.06881491839885712
1781548248635900,184355995,-0.005365488585084677,0.5701196789741516,0.8215300440788269,-0.004911021329462528,0.025505511090159416,-0.1468319147825241,-9.844240188598633,0.7421215176582336,-0.0230002012103796,0.12658435106277466
1781548248664564,184372662,-0.005379051435738802,0.5701134204864502,0.821534276008606,-0.004918287508189678,0.014798345975577831,-0.13708674907684326,-9.851378440856934,0.8280393481254578,0.08375993371009827,0.08545037358999252
1781548248665972,184389329,-0.005382631439715624,0.5701151490211487,0.8215330243110657,-0.004913393873721361,0.04155195131897926,-0.15039025247097015,-9.859968185424805,0.7201970815658569,0.07546141743659973,0.1507115215063095
1781548248694179,184405996,-0.005391552112996578,0.5701207518577576,0.8215292692184448,-0.004909103736281395,0.03292971849441528,-0.14099912345409393,-9.866358757019043,0.744682788848877,0.10248281061649323,0.11053799837827682
1781548248723949,184422663,-0.005392260849475861,0.5701205730438232,0.8215293884277344,-0.004910683259367943,0.036953072994947433,-0.13563482463359833,-9.848020553588867,0.7455536127090454,0.03354623168706894,0.11960490047931671
1781548248725456,184439330,-0.00538405729457736,0.5701259970664978,0.8215256333351135,-0.00490959919989109,0.03245050460100174,-0.1278422623872757,-9.883224487304688,0.6953911185264587,-0.00573724415153265,0.18733766674995422
1781548248754485,184455997,-0.005377199966460466,0.5701144337654114,0.821533739566803,-0.004912215285003185,0.02823767624795437,-0.13744793832302094,-9.862380981445312,0.7218234539031982,-0.013497891835868359,0.05678975582122803
1781548248756066,184472664,-0.0053793685510754585,0.570114254951477,0.8215338587760925,-0.004914957098662853,0.0223475880920887,-0.13951855897903442,-9.848376274108887,0.7577836513519287,0.03731130436062813,0.12461218982934952
1781548248784074,184489331,-0.005372228100895882,0.5701146721839905,0.8215335011482239,-0.004913441836833954,0.04008227214217186,-0.13308855891227722,-9.854686737060547,0.6971712112426758,0.001696841325610876,0.14841918647289276
1781548248786619,184505998,-0.005373378284275532,0.5701260566711426,0.8215255737304688,-0.0049158199690282345,0.02611369825899601,-0.12843947112560272,-9.873104095458984,0.7515854239463806,0.0337127149105072,0.2248474806547165
1781548248814059,184522665,-0.005367417819797993,0.5701252818107605,0.821526050567627,-0.004927672911435366,0.04140184447169304,-0.11945249140262604,-9.87213134765625,0.7774927020072937,-0.044835031032562256,0.0866541638970375
1781548248816100,184539332,-0.005363208241760731,0.5701190829277039,0.8215303421020508,-0.004923391621559858,0.02819124236702919,-0.13370366394519806,-9.873393058776855,0.6931501030921936,0.028564564883708954,0.0817493349313736
1781548248844335,184555999,-0.005367659498006105,0.5701076984405518,0.8215382099151611,-0.004928364884108305,0.029442913830280304,-0.14060932397842407,-9.862424850463867,0.7794392108917236,0.04102513939142227,0.046544674783945084
1781548248874064,184572666,-0.005362856667488813,0.570099949836731,0.8215434551239014,-0.004944674205034971,0.022319067269563675,-0.14633838832378387,-9.864952087402344,0.8072802424430847,-0.056040581315755844,0.03856632113456726
1781548248875523,184589333,-0.0053592645563185215,0.5700967907905579,0.8215458393096924,-0.004944995511323214,0.03608766198158264,-0.14197543263435364,-9.867103576660156,0.7214136719703674,0.014836154878139496,0.1529398262500763
1781548248903961,184606000,-0.00535200908780098,0.5700934529304504,0.8215482234954834,-0.0049423715099692345,0.027114802971482277,-0.12354365736246109,-9.836386680603027,0.6906015872955322,0.005090523511171341,0.10764376819133759
1781548248905638,184622667,-0.005348634906113148,0.5701056122779846,0.8215397596359253,-0.004947325214743614,0.03040849044919014,-0.13412564992904663,-9.843463897705078,0.7487040162086487,-0.002804590156301856,0.17173953354358673
1781548248934420,184639334,-0.005355414003133774,0.5701048970222473,0.8215402364730835,-0.004953492432832718,0.02722208946943283,-0.1386781632900238,-9.833039283752441,0.7951910495758057,0.0500280037522316,0.1291840523481369
1781548248935891,184656001,-0.0053494893945753574,0.5701133608818054,0.8215343952178955,-0.004959871992468834,0.02018750086426735,-0.1356455236673355,-9.848376274108887,0.7465013265609741,-0.022321466356515884,0.18519902229309082
1781548248963973,184672668,-0.00535253481939435,0.5701091289520264,0.8215373158454895,-0.004961222410202026,0.026835858821868896,-0.14378498494625092,-9.84545612335205,0.7533910870552063,0.04772285744547844,0.10892441868782043
1781548248966023,184689335,-0.005347986239939928,0.5701100826263428,0.821536660194397,-0.004959774669259787,0.029714707285165787,-0.13910016417503357,-9.8566312789917,0.7079029679298401,0.015386829152703285,0.10213703662157059
1781548248994506,184706002,-0.005338916555047035,0.5701122283935547,0.8215352892875671,-0.00495495181530714,0.02698606066405773,-0.14143185317516327,-9.85512924194336,0.6712384223937988,0.002682930091395974,0.08026379346847534
1781548249023853,184722669,-0.005345087498426437,0.5701186656951904,0.821530818939209,-0.004941525869071484,0.04077233746647835,-0.14757218956947327,-9.85060977935791,0.6822391152381897,0.12344681471586227,0.16420942544937134
1781548249025714,184739336,-0.005350187420845032,0.5701317191123962,0.8215218186378479,-0.004936919081956148,0.03392390161752701,-0.13541309535503387,-9.842942237854004,0.7277016043663025,0.08301716297864914,0.2056635618209839
1781548249053838,184756003,-0.005356670822948217,0.5701332688331604,0.8215205669403076,-0.004935652483254671,0.032282423228025436,-0.13161873817443848,-9.856334686279297,0.7520720958709717,0.0777793601155281,0.16271106898784637
1781548249055563,184772670,-0.00535235833376646,0.5701370239257812,0.8215179443359375,-0.004940626677125692,0.030329715460538864,-0.12765628099441528,-9.852614402770996,0.7452206611633301,-0.008721123449504375,0.09610524028539658
1781548249083914,184789337,-0.005347771570086479,0.570134699344635,0.8215196132659912,-0.0049419160932302475,0.03597651794552803,-0.14418193697929382,-9.84671401977539,0.7230784893035889,0.005039297975599766,0.12900476157665253
1781548249085596,184806004,-0.0053465962409973145,0.5701451897621155,0.8215122222900391,-0.00495759304612875,0.023491960018873215,-0.13858158886432648,-9.871554374694824,0.8179094791412354,-0.03291231766343117,0.12881267070770264
1781548249114257,184822671,-0.005345924757421017,0.5701454877853394,0.8215120434761047,-0.004959787242114544,0.03036915324628353,-0.14875592291355133,-9.870925903320312,0.743735134601593,0.02277609333395958,0.0830683782696724
1781548249116192,184839338,-0.005340429954230785,0.5701425671577454,0.8215141892433167,-0.004955941811203957,0.021818440407514572,-0.13083912432193756,-9.863497734069824,0.6903710961341858,0.020394109189510345,0.1531447321176529
1781548249144651,184856005,-0.005334003362804651,0.5701348185539246,0.8215196132659912,-0.0049612997099757195,0.03768249601125717,-0.1405664086341858,-9.874377250671387,0.7389456033706665,-0.02169395424425602,0.08516862988471985
1781548249174424,184872672,-0.005331098102033138,0.5701354742050171,0.821519136428833,-0.004958549048751593,0.026853865012526512,-0.13170456886291504,-9.842588424682617,0.7070705890655518,0.03010132722556591,0.12789063155651093
1781548249176210,184889339,-0.005327149294316769,0.5701271891593933,0.821524977684021,-0.004953728057444096,0.04569680988788605,-0.13220523297786713,-9.864510536193848,0.6912675499916077,0.031574055552482605,0.034032873809337616
1781548249205179,184906006,-0.005327910650521517,0.5701259970664978,0.8215257525444031,-0.004949979018419981,0.035200607031583786,-0.12768132984638214,-9.85571575164795,0.715676486492157,0.0546254888176918,0.11203635483980179
1781548249206379,184922673,-0.005343797150999308,0.5701208114624023,0.8215293288230896,-0.0049521829932928085,0.032178714871406555,-0.14415334165096283,-9.863719940185547,0.8086376786231995,0.11668504774570465,0.09136690199375153
1781548249233963,184939340,-0.005337662063539028,0.5701239705085754,0.8215270638465881,-0.004951702896505594,0.02601342648267746,-0.1357385367155075,-9.862683296203613,0.7073010206222534,0.002426803344860673,0.09742429107427597
1781548249236582,184956007,-0.005385738797485828,0.5701307058334351,0.82152259349823,-0.004872571676969528,0.0305835772305727,-0.12951232492923737,-9.855947494506836,0.6937647461891174,-0.024344870820641518,0.15455342829227448
1781548249264015,184972674,-0.005384285934269428,0.5701292753219604,0.8215236067771912,-0.00488070584833622,0.01944383978843689,-0.1301739513874054,-9.863029479980469,0.7742398381233215,-0.004917637910693884,0.1254958212375641
1781548249265914,184989341,-0.005382269620895386,0.5701407194137573,0.821515679359436,-0.004882934968918562,0.02584882639348507,-0.12431611865758896,-9.866254806518555,0.7389327883720398,0.014490384608507156,0.14242582023143768
1781548249294208,185006008,-0.0053947013802826405,0.5701420903205872,0.8215144872665405,-0.004887030925601721,0.027383020147681236,-0.14650291204452515,-9.85845947265625,0.8060764074325562,0.08875440061092377,0.09377449005842209
1781548249323966,185022675,-0.005389711819589138,0.5701415538787842,0.821514904499054,-0.004892211407423019,0.03023325651884079,-0.12286775559186935,-9.874831199645996,0.7437735795974731,-0.013523503206670284,0.11567333340644836
1781548249325627,185039342,-0.005391532555222511,0.5701494216918945,0.8215094208717346,-0.004897246137261391,0.03560471907258034,-0.13213013112545013,-9.846915245056152,0.7696935534477234,0.02532455511391163,0.1389552801847458
1781548249353874,185056009,-0.005396030843257904,0.5701580047607422,0.8215034008026123,-0.004901662934571505,0.014293947257101536,-0.13917167484760284,-9.849303245544434,0.7768139243125916,0.04292047768831253,0.1433478742837906
1781548249355923,185072676,-0.005390506237745285,0.5701741576194763,0.8214922547340393,-0.004899580497294664,0.02593107894062996,-0.14131025969982147,-9.851081848144531,0.7007826566696167,0.01185227558016777,0.18015329539775848
1781548249383954,185089343,-0.005401025526225567,0.5701733827590942,0.8214927315711975,-0.0048879655078053474,0.025183651596307755,-0.13506262004375458,-9.842462539672852,0.7098879218101501,0.1393778920173645,0.07699817419052124
1781548249385926,185106010,-0.005403311923146248,0.5701804757118225,0.8214877247810364,-0.004893243778496981,0.032325129956007004,-0.13167952001094818,-9.852849960327148,0.7727543115615845,0.027860214933753014,0.19605882465839386
1781548249413982,185122677,-0.005405436735600233,0.570185124874115,0.821484386920929,-0.004901058040559292,0.048711519688367844,-0.13734424114227295,-9.858713150024414,0.7867773175239563,0.015924694016575813,0.1074516698718071
1781548249417013,185139344,-0.0054076798260211945,0.5701789259910583,0.8214887976646423,-0.004903637804090977,0.031538572162389755,-0.13200853765010834,-9.851754188537598,0.7572585940361023,0.038322996348142624,0.1498918980360031
1781548249444228,185156011,-0.005407918244600296,0.5701620578765869,0.8215004801750183,-0.004910149145871401,0.03747149929404259,-0.1314864158630371,-9.856159210205078,0.7719347476959229,0.010161838494241238,0.005846098531037569
1781548249473942,185172678,-0.005402218550443649,0.57015061378479,0.821508526802063,-0.004896034020930529,0.02264096774160862,-0.13773761689662933,-9.854568481445312,0.6318717002868652,0.05846738815307617,0.0963357537984848
1781548249475983,185189345,-0.005396850407123566,0.5701510310173035,0.8215082287788391,-0.004895905964076519,0.036509498953819275,-0.1286361813545227,-9.878317832946777,0.7121674418449402,0.005589970853179693,0.15288858115673065
1781548249504118,185206012,-0.005396369379013777,0.5701498985290527,0.8215090036392212,-0.0049093058332800865,0.038994964212179184,-0.1357993185520172,-9.846099853515625,0.8079334497451782,-0.020310869440436363,0.11220283061265945
1781548249506194,185222679,-0.005400959402322769,0.570133626461029,0.8215202689170837,-0.004908599890768528,0.044337816536426544,-0.13710463047027588,-9.837052345275879,0.7482942342758179,0.06282154470682144,-0.0066336896270513535
1781548249533944,185239346,-0.005398017354309559,0.5701262354850769,0.8215253353118896,-0.00491549214348197,0.04129452630877495,-0.1340899020433426,-9.857279777526855,0.7616896033287048,-0.00914373341947794,0.05763497203588486
1781548249536710,185256013,-0.005397196859121323,0.5701302886009216,0.8215225338935852,-0.004918062128126621,0.039324089884757996,-0.130753293633461,-9.85197639465332,0.745464026927948,0.019907470792531967,0.11303524672985077
1781548249564660,185272680,-0.005393426399677992,0.5701267123222351,0.821524977684021,-0.004923621192574501,0.0369243398308754,-0.13481943309307098,-9.848499298095703,0.7507401704788208,-0.008272902108728886,0.09700169414281845
1781548249566469,185289347,-0.005400897469371557,0.5701276063919067,0.821524441242218,-0.004911493510007858,0.03147419914603233,-0.13086773455142975,-9.86592960357666,0.6948916912078857,0.1247914656996727,0.13017013669013977
1781548249594199,185306014,-0.005407513584941626,0.57012540102005,0.8215258717536926,-0.00491157453507185,0.030952073633670807,-0.1414497196674347,-9.873518943786621,0.7607036232948303,0.0715554878115654,0.08000767230987549
1781548249623946,185322681,-0.0054143392480909824,0.5701267123222351,0.821524977684021,-0.00490906648337841,0.0397137813270092,-0.143080472946167,-9.83957290649414,0.7466166019439697,0.08350380510091782,0.13757219910621643
1781548249627030,185339348,-0.005409856326878071,0.5701192617416382,0.8215301036834717,-0.004914494231343269,0.02943229302763939,-0.1300237476825714,-9.848682403564453,0.7471800446510315,-0.011487295851111412,0.1037890687584877
1781548249653945,185356015,-0.005407996475696564,0.57011878490448,0.8215304613113403,-0.004918498918414116,0.02940715290606022,-0.12268178910017014,-9.847358703613281,0.7493059635162354,0.00957274716347456,0.1800764799118042
1781548249655774,185372682,-0.005421618465334177,0.5701218247413635,0.8215281367301941,-0.004924737848341465,0.04495634511113167,-0.13034559786319733,-9.852295875549316,0.8227759003639221,0.08752500265836716,0.1379563957452774
1781548249684000,185389349,-0.005426726303994656,0.57011479139328,0.8215330839157104,-0.004921253304928541,0.024103637784719467,-0.13891777396202087,-9.877606391906738,0.7343480587005615,0.0777793601155281,0.11436710506677628
1781548249686035,185406016,-0.005423573311418295,0.5701056718826294,0.8215394020080566,-0.004922584164887667,0.020209146663546562,-0.14496156573295593,-9.877077102661133,0.7291998863220215,0.012121210806071758,0.09935805946588516
1781548249714366,185422683,-0.005433230195194483,0.5701056122779846,0.8215393424034119,-0.004930304363369942,0.03845495730638504,-0.14545150101184845,-9.849547386169434,0.8155531883239746,0.059005256742239,0.10901406407356262
1781548249716044,185439350,-0.005442071706056595,0.5701079964637756,0.8215377330780029,-0.004925407003611326,0.030208222568035126,-0.1431412696838379,-9.845531463623047,0.7409817576408386,0.10446779429912567,0.15807516872882843
1781548249744167,185456017,-0.005446995608508587,0.5701051354408264,0.8215396404266357,-0.004919209983199835,0.030741248279809952,-0.14708583056926727,-9.834012985229492,0.7181480526924133,0.08785796165466309,0.17026682198047638
1781548249773949,185472684,-0.005446471273899078,0.5701020359992981,0.8215418457984924,-0.004918528720736504,0.026599830016493797,-0.12312524020671844,-9.85416030883789,0.7283803224563599,0.034020066261291504,0.06444795429706573
1781548249775759,185489351,-0.00543966144323349,0.5701010227203369,0.821542501449585,-0.004923947621136904,0.02886356972157955,-0.12198442965745926,-9.85710334777832,0.7381515502929688,-0.02506202459335327,0.0986921414732933
1781548249804919,185506018,-0.005452735815197229,0.5701018571853638,0.8215420246124268,-0.004916883539408445,0.029467947781085968,-0.13632501661777496,-9.852472305297852,0.7452974915504456,0.13695749640464783,0.15894600749015808
1781548249805838,185522685,-0.005457343067973852,0.5700876712799072,0.8215518593788147,-0.004904468543827534,0.02913523279130459,-0.13145780563354492,-9.859705924987793,0.681842029094696,0.11064045131206512,0.1344858855009079
1781548249834216,185539352,-0.0054623521864414215,0.5700951218605042,0.8215466141700745,-0.004895801190286875,0.034714244306087494,-0.13402551412582397,-9.855944633483887,0.7047654390335083,0.09752675145864487,0.1744672954082489
1781548249836017,185556019,-0.005466852802783251,0.5700998902320862,0.8215432167053223,-0.004897305741906166,0.029178274795413017,-0.13239477574825287,-9.837430953979492,0.7602169513702393,0.05445899814367294,0.14456449449062347
1781548249864006,185572686,-0.005459566600620747,0.5700965523719788,0.8215457201004028,-0.004889289848506451,0.03148501366376877,-0.13372154533863068,-9.842044830322266,0.6603530049324036,0.025017203763127327,0.09547773748636246
1781548249866110,185589353,-0.005467320792376995,0.5700980424880981,0.8215447068214417,-0.004876359831541777,0.029142513871192932,-0.1304314285516739,-9.862665176391602,0.6915621161460876,0.12895354628562927,0.09506793320178986
1781548249894178,185606020,-0.005470538046211004,0.5700984001159668,0.8215444087982178,-0.00487124640494585,0.03485729172825813,-0.139164537191391,-9.852046966552734,0.717815101146698,0.0731818899512291,0.12442009896039963
1781548249923992,185622687,-0.005472610704600811,0.5701026320457458,0.8215415477752686,-0.0048668901436030865,0.027393747121095657,-0.13359279930591583,-9.859606742858887,0.7175974249839783,0.0639997273683548,0.16164813935756683
1781548249926455,185639354,-0.005479620303958654,0.5701081156730652,0.8215376138687134,-0.004870792850852013,0.031055783852934837,-0.14170363545417786,-9.856674194335938,0.7834603786468506,0.05981205403804779,0.18617229163646698
1781548249953941,185656021,-0.005482378415763378,0.5701020956039429,0.8215417861938477,-0.004874059464782476,0.03497888520359993,-0.14098481833934784,-9.847265243530273,0.7634440660476685,0.037529006600379944,0.08943314105272293
1781548249955489,185672688,-0.005481452215462923,0.5700997710227966,0.8215433359146118,-0.004872113466262817,0.04101194441318512,-0.14001208543777466,-9.851836204528809,0.719454288482666,0.03766987845301628,0.1369318813085556
1781548249984413,185689355,-0.005487311165779829,0.5700860023498535,0.8215528130531311,-0.004875951912254095,0.04304691031575203,-0.14690345525741577,-9.851764678955078,0.778632402420044,0.05343449115753174,0.09807742387056351
1781548249986175,185706022,-0.005493124481290579,0.5700875520706177,0.8215518593788147,-0.00487181544303894,0.04349025711417198,-0.14655297994613647,-9.867796897888184,0.7334901094436646,0.08436182886362076,0.15333682298660278
1781548250014876,185722689,-0.005498056299984455,0.5701010823249817,0.8215423822402954,-0.00487000634893775,0.029299678280949593,-0.13033844530582428,-9.848069190979004,0.7432101368904114,0.06994187831878662,0.1831500232219696
1781548250017295,185739356,-0.0055056181736290455,0.5700927376747131,0.8215482234954834,-0.004867305979132652,0.026546185836195946,-0.13668622076511383,-9.854536056518555,0.7487040162086487,0.08753780275583267,0.04157581180334091
1781548250044216,185756023,-0.005504540633410215,0.5700847506523132,0.821553647518158,-0.004862003028392792,0.02362084947526455,-0.14653867483139038,-9.84199047088623,0.7000398635864258,0.04933646321296692,0.0656389445066452
1781548250073966,185772690,-0.005500194150954485,0.5700703263282776,0.8215638399124146,-0.004859997890889645,0.03233959153294563,-0.12796024978160858,-9.865463256835938,0.7058156132698059,0.018050549551844597,0.05538105592131615
1781548250075908,185789357,-0.005490425042808056,0.5700629949569702,0.8215689659118652,-0.004866513889282942,0.02725069969892502,-0.13290974497795105,-9.880520820617676,0.7328113317489624,-0.0462053082883358,0.06566455960273743
1781548250104635,185806024,-0.005494037177413702,0.5700579881668091,0.8215724229812622,-0.004870773293077946,0.03317289799451828,-0.1195991039276123,-9.846650123596191,0.7724341750144958,0.03831019625067711,0.07953383028507233
1781548250106039,185822691,-0.005494527518749237,0.570065438747406,0.8215671181678772,-0.004871917422860861,0.028538133949041367,-0.14016228914260864,-9.847236633300781,0.7426338195800781,0.03305958956480026,0.14679278433322906
1781548250134064,185839358,-0.005494411569088697,0.5700657367706299,0.8215669393539429,-0.004874063655734062,0.03445688635110855,-0.1448042243719101,-9.8729829788208,0.7458097338676453,0.025900840759277344,0.12776252627372742
1781548250136242,185856025,-0.005488942842930555,0.5700607299804688,0.8215703964233398,-0.00488319993019104,0.040007155388593674,-0.13319584727287292,-9.862446784973145,0.764289379119873,-0.03152923285961151,0.11822182685136795
1781548250164652,185872692,-0.00548583036288619,0.5700570940971375,0.8215729594230652,-0.004885141737759113,0.02473662607371807,-0.11518605798482895,-9.849225044250488,0.7326576709747314,0.010456384159624577,0.1566280573606491
1781548250165901,185889359,-0.0054791159927845,0.570059061050415,0.8215716481208801,-0.004880644381046295,0.029024498537182808,-0.12897233664989471,-9.845137596130371,0.6823415756225586,0.014823350124061108,0.144987091422081
1781548250194720,185906026,-0.005477864295244217,0.5700567960739136,0.8215732574462891,-0.004879788029938936,0.028906483203172684,-0.14475056529045105,-9.85093879699707,0.7247689366340637,0.02994764782488346,0.026195384562015533
1781548250224019,185922693,-0.0054812952876091,0.5700579285621643,0.8215724229812622,-0.004883505869656801,0.04036476090550423,-0.13154363632202148,-9.85616397857666,0.7687075138092041,0.039334703236818314,0.1009332463145256
1781548250225860,185939360,-0.005488279275596142,0.5700483918190002,0.8215790390968323,-0.00487770140171051,0.025956112891435623,-0.13729774951934814,-9.881861686706543,0.728764533996582,0.09724502265453339,0.09364642947912216
1781548250254038,185956027,-0.0054982975125312805,0.5700485706329346,0.821578860282898,-0.0048716929741203785,0.031205985695123672,-0.1373370885848999,-9.856205940246582,0.7393938302993774,0.11537881195545197,0.14660069346427917
1781548250256803,185972694,-0.005506511777639389,0.5700406432151794,0.8215843439102173,-0.004870221484452486,0.028620386496186256,-0.1480943262577057,-9.848674774169922,0.7581166625022888,0.08667977154254913,0.06282154470682144
1781548250284715,185989361,-0.0055062538012862206,0.5700284838676453,0.8215926289558411,-0.004873198457062244,0.034517552703619,-0.1535980999469757,-9.85041618347168,0.7501382827758789,0.02102161943912506,0.023493247106671333
1781548250286268,186006028,-0.005493527743965387,0.5700214505195618,0.8215975761413574,-0.004877967294305563,0.03114529326558113,-0.13714757561683655,-9.8258695602417,0.7111557722091675,-0.05551552399992943,0.10668329149484634
1781548250313979,186022695,-0.005497259553521872,0.5700187087059021,0.8215993642807007,-0.004883917048573494,0.02264445275068283,-0.14510101079940796,-9.854723930358887,0.7824743390083313,0.032214369624853134,0.08468198776245117
1781548250315858,186039362,-0.005506690125912428,0.5700200796127319,0.8215985298156738,-0.004884123336523771,0.0290388036519289,-0.13597813248634338,-9.85356330871582,0.7721652984619141,0.08769147843122482,0.14881618320941925
1781548250344195,186056029,-0.005504651460796595,0.5700088143348694,0.8216062784194946,-0.004882386419922113,0.040518514811992645,-0.14245465397834778,-9.835321426391602,0.7163551449775696,0.0303446426987648,0.08692309260368347
1781548250373943,186072696,-0.005507210269570351,0.5700047016143799,0.8216090798377991,-0.00488240085542202,0.024536358192563057,-0.13770902156829834,-9.853426933288574,0.7441577911376953,0.04952855780720711,0.12252475321292877
1781548250375400,186089363,-0.005499513354152441,0.5700032711029053,0.821610152721405,-0.004886466544121504,0.01944393292069435,-0.13680066168308258,-9.851797103881836,0.7270740270614624,-0.024869928136467934,0.09274998307228088
1781548250403964,186106030,-0.005477612838149071,0.5700048208236694,0.8216091990470886,-0.004889077041298151,0.037282057106494904,-0.13169027864933014,-9.870336532592773,0.6632088422775269,-0.09941568225622177,0.10681135207414627
1781548250406763,186122697,-0.005472434684634209,0.5699998140335083,0.8216127753257751,-0.004894363693892956,0.046247512102127075,-0.1332065761089325,-9.850109100341797,0.7437863945960999,-0.015021847561001778,0.10701625794172287
1781548250434217,186139364,-0.005466137081384659,0.5699988007545471,0.8216133713722229,-0.004909607116132975,0.0401250459253788,-0.14214709401130676,-9.855801582336426,0.7954856157302856,-0.06004897132515907,0.1442699432373047
1781548250436117,186156031,-0.005467218812555075,0.5700048208236694,0.8216091990470886,-0.004910535644739866,0.027848105877637863,-0.1435990184545517,-9.8759183883667,0.7435942888259888,0.03772110491991043,0.17398066818714142
1781548250463987,186172698,-0.005470638629049063,0.5700036883354187,0.8216099739074707,-0.004906659014523029,0.01062476634979248,-0.13411849737167358,-9.852567672729492,0.7255629301071167,0.06977539509534836,0.14444921910762787
1781548250466494,186189365,-0.005474335979670286,0.5699962973594666,0.8216149806976318,-0.0049193543381989,0.029035227373242378,-0.13442248106002808,-9.840964317321777,0.8206628561019897,0.005308231804519892,0.04563542455434799
1781548250494599,186206032,-0.005469896364957094,0.5699923634529114,0.8216177225112915,-0.004921728745102882,0.03386668488383293,-0.12986639142036438,-9.862839698791504,0.7302628755569458,0.0004290126380510628,0.10360977053642273
1781548250523883,186222699,-0.0054800258949398994,0.5699920058250427,0.8216177821159363,-0.004926143679767847,0.029864907264709473,-0.1562051624059677,-9.859518051147461,0.799173891544342,0.07327153533697128,0.014400742016732693
1781548250525723,186239366,-0.005473335739225149,0.5699861645698547,0.821621835231781,-0.004928349982947111,0.025176499038934708,-0.134715735912323,-9.848821640014648,0.7204148173332214,-0.011589745990931988,0.09741149097681046
1781548250553956,186256033,-0.005467012524604797,0.5699917674064636,0.8216180205345154,-0.004921276587992907,0.029915137216448784,-0.14938177168369293,-9.859203338623047,0.6693558692932129,0.02732234261929989,0.17775852978229523
1781548250555636,186272700,-0.005472507793456316,0.5700066685676575,0.8216077089309692,-0.004924432840198278,0.023345481604337692,-0.12403717637062073,-9.877073287963867,0.7732793688774109,0.05449742078781128,0.2507290840148926
1781548250584631,186289367,-0.00547228567302227,0.5700110793113708,0.8216047286987305,-0.0049166991375386715,0.03289768099784851,-0.1296410858631134,-9.84517765045166,0.6894745826721191,0.06416621059179306,0.1558980941772461
1781548250586036,186306034,-0.0054732454009354115,0.5700032711029053,0.821610152721405,-0.004918747581541538,0.01898965984582901,-0.13361068069934845,-9.854432106018066,0.7494083642959595,0.032572947442531586,0.1111270934343338
1781548250614315,186322701,-0.005476425401866436,0.5700128078460693,0.821603536605835,-0.004921302665024996,0.016103822737932205,-0.13741575181484222,-9.881061553955078,0.7610621452331543,0.04272838681936264,0.15452782809734344
1781548250616690,186339368,-0.005480017513036728,0.5700011849403381,0.8216115236282349,-0.0049256314523518085,0.037707529962062836,-0.14848054945468903,-9.858695030212402,0.7727671265602112,0.03770829737186432,0.03384077921509743
1781548250644629,186356035,-0.00547253992408514,0.5699934959411621,0.8216169476509094,-0.0049330503679811954,0.035404451191425323,-0.1335427314043045,-9.88770580291748,0.7465013265609741,-0.03548639640212059,0.15463027358055115
1781548250673966,186372702,-0.00546374823898077,0.5699957609176636,0.8216152191162109,-0.0049451794475317,0.026578223332762718,-0.14238308370113373,-9.859838485717773,0.7681824564933777,-0.062162019312381744,0.142348974943161
1781548250675776,186389369,-0.005459217820316553,0.5699887275695801,0.8216203451156616,-0.004939453210681677,0.024060722440481186,-0.13552752137184143,-9.836726188659668,0.6840832233428955,0.03159966692328453,0.08300435543060303
1781548250704386,186406036,-0.005462232977151871,0.5699846148490906,0.8216230273246765,-0.004940610378980637,0.030565842986106873,-0.12960532307624817,-9.867578506469727,0.7525074481964111,0.04718499258160591,0.0949142575263977
1781548250706812,186422703,-0.00546313775703311,0.5699906349182129,0.8216187357902527,-0.004951454699039459,0.03015083074569702,-0.12404431402683258,-9.847779273986816,0.798943281173706,-0.002369174500927329,0.15817761421203613
1781548250734111,186439370,-0.005454699043184519,0.5699962377548218,0.8216148614883423,-0.004952330142259598,0.03083065338432789,-0.12783868610858917,-9.872020721435547,0.7060204148292542,-0.015764614567160606,0.17404469847679138
1781548250736302,186456037,-0.0054600718431174755,0.5699824690818787,0.8216244578361511,-0.004955946933478117,0.03490735962986946,-0.1471823900938034,-9.872438430786133,0.7756485939025879,0.051065314561128616,0.06328257918357849
1781548250764215,186472704,-0.005462533328682184,0.5699847340583801,0.8216227889060974,-0.004958569537848234,0.03582985699176788,-0.12648329138755798,-9.855117797851562,0.7585265040397644,0.03886086866259575,0.1558084487915039
1781548250766465,186489371,-0.005460699554532766,0.5699873566627502,0.8216210603713989,-0.0049552759155631065,0.024783115833997726,-0.12612567842006683,-9.849404335021973,0.708415150642395,0.037733905017375946,0.15327277779579163
1781548250794801,186506038,-0.005468808580189943,0.5699911117553711,0.8216183185577393,-0.004959980025887489,0.02115684188902378,-0.13781629502773285,-9.856488227844238,0.792655348777771,0.06191229820251465,0.11458481848239899
1781548250824755,186522705,-0.005469888914376497,0.5699962377548218,0.8216148614883423,-0.004955373238772154,0.030866244807839394,-0.14546222984790802,-9.859077453613281,0.7122827768325806,0.059530314058065414,0.17883427441120148
1781548250825749,186539372,-0.005480741150677204,0.5699912905693054,0.8216181993484497,-0.004945922177284956,0.02116757072508335,-0.13498394191265106,-9.868776321411133,0.7231553196907043,0.13380713760852814,0.14113236963748932
1781548250853954,186556039,-0.005476323887705803,0.5699875950813293,0.8216208219528198,-0.004943142645061016,0.023860454559326172,-0.1260291188955307,-9.85422134399414,0.7011541128158569,0.020803915336728096,0.10720834881067276
1781548250856106,186572706,-0.005469740368425846,0.5699902176856995,0.8216189742088318,-0.004942082799971104,0.027254275977611542,-0.12974122166633606,-9.85872745513916,0.7023194432258606,0.00234996504150331,0.1701003462076187
1781548250883986,186589373,-0.005462351720780134,0.5699984431266785,0.8216132521629333,-0.004942468833178282,0.02970770001411438,-0.13699735701084137,-9.853981971740723,0.7074547410011292,-0.008464996702969074,0.15000717341899872
1781548250885697,186606040,-0.005465890746563673,0.5699952840805054,0.8216156363487244,-0.004942325875163078,0.022011686116456985,-0.13496963679790497,-9.842241287231445,0.747244119644165,0.05568841099739075,0.12698136270046234
1781548250914813,186622707,-0.005469741765409708,0.5699920058250427,0.8216179013252258,-0.004945095162838697,0.02698606066405773,-0.12539613246917725,-9.850502014160156,0.7647760510444641,0.04642942175269127,0.1532599925994873
1781548250915604,186639374,-0.0054724132642149925,0.5699952840805054,0.82161545753479,-0.004951587412506342,0.03142055869102478,-0.13469070196151733,-9.838311195373535,0.7812705636024475,0.02487633377313614,0.1618146300315857
1781548250944201,186656041,-0.005475903395563364,0.5700064897537231,0.8216076493263245,-0.00495495880022645,0.026399562135338783,-0.13798080384731293,-9.86069107055664,0.766991376876831,0.04111478477716446,0.15414360165596008
1781548250974507,186672708,-0.005479960702359676,0.5699926614761353,0.8216173052787781,-0.004957624711096287,0.03586220741271973,-0.15140946209430695,-9.876075744628906,0.7649681568145752,0.04800460487604141,0.10708029568195343
1781548250976419,186689375,-0.005479197483509779,0.5699909329414368,0.8216184377670288,-0.004959217272698879,0.02896370366215706,-0.1464957594871521,-9.840578079223633,0.7403542399406433,0.02423601597547531,0.11110147833824158
1781548251006036,186706042,-0.005484855733811855,0.5699915289878845,0.8216180205345154,-0.004949040710926056,0.029911259189248085,-0.13987261056900024,-9.86026382446289,0.6987977027893066,0.10688818991184235,0.14238739013671875
1781548251007118,186722709,-0.005483728367835283,0.5699856877326965,0.8216220736503601,-0.004948929883539677,0.02690023183822632,-0.13357849419116974,-9.864495277404785,0.729059100151062,0.029128042981028557,0.11015382409095764
1781548251034548,186739376,-0.005480081774294376,0.569981038570404,0.8216253519058228,-0.004948296118527651,0.031263090670108795,-0.12020346522331238,-9.859691619873047,0.716239869594574,0.01691078394651413,0.1125614121556282
1781548251037842,186756043,-0.00547609431669116,0.5699807405471802,0.8216255903244019,-0.004947447683662176,0.034964580088853836,-0.14563389122486115,-9.8408784866333,0.7138323783874512,0.015514891594648361,0.1139829084277153
1781548251064551,186772710,-0.005477242171764374,0.569980263710022,0.8216258883476257,-0.0049528940580785275,0.031062936410307884,-0.1418931782245636,-9.830958366394043,0.7695015072822571,0.020099563524127007,0.12782657146453857
1781548251065801,186789377,-0.005478422623127699,0.5699789524078369,0.8216267228126526,-0.004950573202222586,0.035053983330726624,-0.13338537514209747,-9.857211112976074,0.7257294058799744,0.05066832900047302,0.11941280961036682
1781548251094768,186806044,-0.005476378370076418,0.5699812769889832,0.8216251730918884,-0.0049474118277430534,0.027229242026805878,-0.12762410938739777,-9.865829467773438,0.7083896398544312,0.0356464758515358,0.13685506582260132
1781548251124313,186822711,-0.005472422577440739,0.5699841380119324,0.8216231465339661,-0.0049444567412137985,0.047517064958810806,-0.1357671320438385,-9.834487915039062,0.7020376324653625,0.02413356304168701,0.13717521727085114
1781548251125644,186839378,-0.0054732696153223515,0.5699940323829651,0.8216164708137512,-0.00494435615837574,0.01947602443397045,-0.1375945806503296,-9.86344051361084,0.7371142506599426,0.039795730262994766,0.14537127315998077
1781548251154396,186856045,-0.005479644052684307,0.5699930191040039,0.821617066860199,-0.004950333386659622,0.020005304366350174,-0.15011845529079437,-9.855218887329102,0.7929883599281311,0.0477868877351284,0.14291244745254517
1781548251155605,186872712,-0.0054830810986459255,0.5699901580810547,0.821618914604187,-0.004955756478011608,0.02492258884012699,-0.13638938963413239,-9.898140907287598,0.7783891558647156,0.03284188359975815,0.09938368201255798
1781548251185619,186889379,-0.0054773855954408646,0.5699906945228577,0.8216186165809631,-0.004945233929902315,0.037221167236566544,-0.10989685356616974,-9.860139846801758,0.6525796055793762,0.04374008998274803,0.11580141633749008
1781548251186284,186906046,-0.005483648739755154,0.5699850916862488,0.8216224908828735,-0.004941906314343214,0.03914883732795715,-0.13411134481430054,-9.829120635986328,0.7399443984031677,0.08326047658920288,0.09696327149868011
1781548251213940,186922713,-0.005492455791682005,0.5699834823608398,0.8216235637664795,-0.004951778333634138,0.024718744680285454,-0.13763034343719482,-9.869258880615234,0.8246840238571167,0.04517439752817154,0.06163055822253227
1781548251216167,186939380,-0.005489956121891737,0.56998610496521,0.8216216564178467,-0.0049610682763159275,0.019847949966788292,-0.13824902474880219,-9.842144012451172,0.7768651247024536,-0.015406038612127304,0.1524275690317154
1781548251244484,186956047,-0.005378304980695248,0.5700400471687317,0.8215857744216919,-0.0048408773727715015,0.03167102113366127,-0.13461917638778687,-9.858381271362305,0.7626372575759888,0.0035537618678063154,0.12331873178482056
1781548251274129,186972714,-0.005390855483710766,0.5700346827507019,0.8215893507003784,-0.004844502545893192,0.037543151527643204,-0.13282033801078796,-9.84092903137207,0.8050776124000549,0.09187915921211243,0.1152123361825943
1781548251276083,186989381,-0.005391539074480534,0.5700339078903198,0.8215898871421814,-0.004846438765525818,0.02277686446905136,-0.13507334887981415,-9.90072250366211,0.7491651177406311,0.0311130303889513,0.10833532363176346
1781548251304155,187006048,-0.005387651268392801,0.5700312852859497,0.8215917348861694,-0.004841678775846958,0.012638316489756107,-0.14488288760185242,-9.860490798950195,0.6933549642562866,0.03168930858373642,0.11331697553396225
1781548251306191,187022715,-0.005402709357440472,0.5700216889381409,0.8215982913970947,-0.004840091802179813,0.02196148969233036,-0.150855153799057,-9.847444534301758,0.7852917313575745,0.1267380267381668,0.12021960318088531
1781548251333903,187039382,-0.005410885438323021,0.5700357556343079,0.8215884566307068,-0.004832719452679157,0.041569631546735764,-0.135173499584198,-9.867974281311035,0.7257677912712097,0.11037150770425797,0.20262844860553741
1781548251336004,187056049,-0.005404663737863302,0.5700265765190125,0.8215948939323425,-0.004841567948460579,0.032747332006692886,-0.12517082691192627,-9.864224433898926,0.7609084248542786,-0.03461556136608124,0.09947330504655838
1781548251365264,187072716,-0.005406415555626154,0.5700235366821289,0.8215969800949097,-0.004839938133955002,0.04170572757720947,-0.13233397901058197,-9.849336624145508,0.7331443428993225,0.05092444643378258,0.0831708312034607
1781548251365799,187089383,-0.005407455377280712,0.5700252652168274,0.8215958476066589,-0.004838656168431044,0.04357966035604477,-0.15629099309444427,-9.840903282165527,0.7321966290473938,0.045801904052495956,0.1247914656996727
1781548251394112,187106050,-0.005404151044785976,0.5700220465660095,0.8215981125831604,-0.004834397230297327,0.029546624049544334,-0.13795219361782074,-9.857958793640137,0.6984390616416931,0.032777849584817886,0.09467094391584396
1781548251424016,187122717,-0.0053975339978933334,0.5700297355651855,0.8215927481651306,-0.0048401313833892345,0.023077266290783882,-0.13204430043697357,-9.859410285949707,0.7420190572738647,-0.025484634563326836,0.11198511719703674
1781548251425899,187139384,-0.005396186839789152,0.5700294375419617,0.8215928673744202,-0.004851080477237701,0.014658873900771141,-0.1356312334537506,-9.852715492248535,0.7919638752937317,-0.015559714287519455,0.12078307569026947
1781548251453929,187156051,-0.005404406692832708,0.5700244307518005,0.8215963244438171,-0.004845759365707636,0.028423817828297615,-0.1469213217496872,-9.866950035095215,0.737434446811676,0.1025596484541893,0.11961771547794342
1781548251455954,187172718,-0.005410871934145689,0.5700145363807678,0.8216031193733215,-0.004851987585425377,0.024035688489675522,-0.1396973878145218,-9.854313850402832,0.7960490584373474,0.04658309370279312,0.04753076657652855
1781548251483992,187189385,-0.005410235375165939,0.5700089931488037,0.8216069936752319,-0.004851005971431732,0.027243463322520256,-0.1401694267988205,-9.839507102966309,0.7273430228233337,0.03504456952214241,0.08319644629955292
1781548251486350,187206052,-0.005423073656857014,0.5700017213821411,0.8216120004653931,-0.004848960787057877,0.02533385157585144,-0.12716636061668396,-9.870274543762207,0.7743039727210999,0.11486656218767166,0.05545790120959282
1781548251514015,187222719,-0.0054243626073002815,0.5700027942657471,0.8216112852096558,-0.0048455786891281605,0.03524709865450859,-0.1388748586177826,-9.855830192565918,0.7212600111961365,0.05579086020588875,0.14779166877269745
1781548251516859,187239386,-0.005423953291028738,0.5699998736381531,0.8216131925582886,-0.0048408545553684235,0.022251257672905922,-0.12563574314117432,-9.865994453430176,0.7072242498397827,0.051014095544815063,0.0984872356057167
1781548251544688,187256053,-0.005426561459898949,0.5699958205223083,0.8216161131858826,-0.0048377616330981255,0.02824130840599537,-0.13948996365070343,-9.859721183776855,0.7279834151268005,0.0624757818877697,0.15506570041179657
1781548251574001,187272720,-0.00542213162407279,0.5699971914291382,0.8216151595115662,-0.004834718070924282,0.039974845945835114,-0.14435718953609467,-9.871694564819336,0.7006801962852478,0.022494353353977203,0.16665543615818024
1781548251577026,187289387,-0.005421946756541729,0.570000946521759,0.821612536907196,-0.004841431509703398,0.03152069076895714,-0.1394398957490921,-9.866523742675781,0.7723828554153442,0.008356141857802868,0.1912948340177536
1781548251604004,187306054,-0.005411588586866856,0.5699962377548218,0.8216158151626587,-0.004844301380217075,0.028058921918272972,-0.13594594597816467,-9.868572235107422,0.7109636664390564,-0.034551531076431274,0.12037327885627747
1781548251606071,187322721,-0.005413040518760681,0.5699860453605652,0.8216228485107422,-0.004838321823626757,0.03565840423107147,-0.13821683824062347,-9.864410400390625,0.7075187563896179,0.06611277908086777,0.04391937330365181
1781548251634005,187339388,-0.005401710048317909,0.5699894428253174,0.8216205835342407,-0.00484443036839366,0.027915874496102333,-0.1357814371585846,-9.847201347351074,0.7255629301071167,-0.053095124661922455,0.1292864978313446
1781548251636036,187356055,-0.005395128857344389,0.5699822306632996,0.8216255903244019,-0.0048490893095731735,0.019379466772079468,-0.1472288817167282,-9.864445686340332,0.7359872460365295,-0.020759090781211853,0.07301539927721024
1781548251663995,187372722,-0.0053947195410728455,0.5699781775474548,0.8216285109519958,-0.004849953111261129,0.02642475627362728,-0.14132098853588104,-9.858309745788574,0.7384077310562134,0.029934842139482498,0.15793432295322418
1781548251665858,187389389,-0.0053969924338161945,0.5699601769447327,0.8216409683227539,-0.004844818264245987,0.030916312709450722,-0.13877829909324646,-9.857007026672363,0.7150489091873169,0.06873808056116104,0.09835916757583618
1781548251694318,187406056,-0.005397066008299589,0.5699568390846252,0.8216432929039001,-0.004850700963288546,0.022784017026424408,-0.1384206861257553,-9.856903076171875,0.7688996195793152,0.01255662553012371,0.1270453929901123
1781548251724008,187422723,-0.005397490691393614,0.5699678063392639,0.8216357231140137,-0.004847534000873566,0.0250763650983572,-0.14099912345409393,-9.863225936889648,0.7192110419273376,0.049771878868341446,0.16514429450035095
1781548251728084,187439390,-0.0053956955671310425,0.5699742436408997,0.821631133556366,-0.004864480346441269,0.02852013148367405,-0.1476379632949829,-9.857855796813965,0.8240950107574463,-0.04146696254611015,0.15609018504619598
1781548251754003,187456057,-0.005393347702920437,0.5699706077575684,0.8216335773468018,-0.004872801247984171,0.0189433041960001,-0.13432951271533966,-9.862289428710938,0.7731641530990601,-0.01064207497984171,0.12535494565963745
1781548251756046,187472724,-0.005388252902776003,0.5699679851531982,0.821635365486145,-0.004886456299573183,0.01757705956697464,-0.14894187450408936,-9.843056678771973,0.7924121022224426,-0.04669194668531418,0.15635912120342255
1781548251784015,187489391,-0.0053858328610658646,0.5699819922447205,0.8216257691383362,-0.004877355881035328,0.028312833979725838,-0.14509746432304382,-9.857683181762695,0.674350380897522,0.05755814537405968,0.22012193500995636
1781548251787518,187506058,-0.005376046523451805,0.5699865221977234,0.8216227889060974,-0.004867426119744778,0.04309329763054848,-0.14805856347084045,-9.861695289611816,0.6409001350402832,0.0187677051872015,0.15117256343364716
1781548251814013,187522725,-0.005375394597649574,0.5699934363365173,0.8216180205345154,-0.004873183555901051,0.04118703305721283,-0.1371832937002182,-9.861440658569336,0.76544189453125,0.00849701277911663,0.13780272006988525
1781548251817393,187539392,-0.0053702290169894695,0.5699992179870605,0.8216139078140259,-0.0048813605681061745,0.031713806092739105,-0.13058163225650787,-9.843463897705078,0.7611773610115051,-0.025548668578267097,0.20162957906723022
1781548251844105,187556059,-0.005361353047192097,0.5699900984764099,0.8216202259063721,-0.004883014131337404,0.02918185107409954,-0.1327488124370575,-9.857644081115723,0.7098622918128967,-0.021335378289222717,0.10765659064054489
1781548251874299,187572726,-0.005359807517379522,0.5699809789657593,0.821626603603363,-0.004878050647675991,0.0368385873734951,-0.15382342040538788,-9.837528228759766,0.7013589143753052,0.045597005635499954,0.07845810055732727
1781548251876417,187589393,-0.005343632772564888,0.5699794888496399,0.8216277360916138,-0.004879225976765156,0.025863131508231163,-0.13636793196201324,-9.856614112854004,0.6785764098167419,-0.06074051186442375,0.13648366928100586
1781548251903883,187606060,-0.005348226521164179,0.5699838399887085,0.821624755859375,-0.004876995459198952,0.01859644427895546,-0.12681230902671814,-9.859025001525879,0.740751326084137,0.06996749341487885,0.16230127215385437
1781548251905876,187622727,-0.005346519872546196,0.5699867606163025,0.8216228485107422,-0.004874366335570812,0.03121313638985157,-0.1229357048869133,-9.86783218383789,0.7139859795570374,0.035172637552022934,0.10157354921102524
1781548251934549,187639394,-0.005344206467270851,0.5699859857559204,0.8216232061386108,-0.004870988428592682,0.030687574297189713,-0.13306352496147156,-9.865236282348633,0.7072242498397827,0.03549279645085335,0.1429380625486374
1781548251937880,187656061,-0.0053374795243144035,0.5699905157089233,0.8216201066970825,-0.004878172185271978,0.012524029240012169,-0.16237054765224457,-9.852019309997559,0.7496388554573059,-0.03111942857503891,0.1473434418439865
1781548251965510,187672728,-0.0053378925658762455,0.5699921250343323,0.8216189742088318,-0.004880981054157019,0.04455238953232765,-0.14331650733947754,-9.863419532775879,0.7529300451278687,0.025849614292383194,0.09678398072719574
1781548251967015,187689395,-0.005334825720638037,0.5700001120567322,0.8216134905815125,-0.004879091866314411,0.036842089146375656,-0.14299821853637695,-9.85407829284668,0.7126028537750244,0.025516649708151817,0.18604424595832825
1781548251994390,187706062,-0.005323721561580896,0.5699964165687561,0.8216161727905273,-0.004876167979091406,0.03693864494562149,-0.13481943309307098,-9.860969543457031,0.6752723455429077,-0.016302485018968582,0.11212600022554398
1781548252025037,187722729,-0.0053253634832799435,0.5699971914291382,0.8216155767440796,-0.004878553561866283,0.038994964212179184,-0.14430712163448334,-9.859346389770508,0.7555168867111206,0.03431461378931999,0.08493810892105103
1781548252026902,187739396,-0.0053369756788015366,0.5699868202209473,0.8216227889060974,-0.004873467609286308,0.01921853795647621,-0.1385851800441742,-9.853853225708008,0.7521746158599854,0.12045012414455414,0.077881820499897
1781548252054022,187756063,-0.005327419377863407,0.5699836611747742,0.8216249346733093,-0.004877268336713314,0.025330370292067528,-0.1384171098470688,-9.860501289367676,0.7194672226905823,-0.034205760806798935,0.09441482275724411
1781548252055842,187772730,-0.005336187779903412,0.5699758529663086,0.8216302990913391,-0.004878775216639042,0.023760320618748665,-0.12838226556777954,-9.859614372253418,0.7782866954803467,0.07829161733388901,0.06912226974964142
1781548252084547,187789397,-0.005355946719646454,0.5699763298034668,0.8216299414634705,-0.004868723452091217,0.03153499588370323,-0.1311788558959961,-9.868579864501953,0.7558755874633789,0.18676139414310455,0.18002526462078094
1781548252085476,187806064,-0.005352017004042864,0.5699863433837891,0.8216230273246765,-0.004868170712143183,0.02574489451944828,-0.13663256168365479,-9.85961627960205,0.7167266011238098,0.0157582126557827,0.22468098998069763
1781548252114373,187822731,-0.005355401895940304,0.5699893832206726,0.8216208815574646,-0.004862898960709572,0.026810701936483383,-0.13408631086349487,-9.868882179260254,0.7189292907714844,0.07452654838562012,0.1237797737121582
1781548252116838,187839398,-0.0053558023646473885,0.5699895024299622,0.821620762348175,-0.00486407708376646,0.025119280442595482,-0.13407200574874878,-9.856996536254883,0.7435815334320068,0.03280346468091011,0.13547195494174957
1781548252144210,187856065,-0.005357115529477596,0.5699886083602905,0.821621298789978,-0.0048731546849012375,0.025330277159810066,-0.13169026374816895,-9.869248390197754,0.7917717695236206,0.007075508125126362,0.1393907070159912
1781548252174042,187872732,-0.005354613997042179,0.5699991583824158,0.8216140270233154,-0.004890608135610819,0.03177151083946228,-0.14360645413398743,-9.878924369812012,0.8241591453552246,-0.04756278544664383,0.17004913091659546
1781548252178752,187889399,-0.0053462437354028225,0.5700082182884216,0.8216078281402588,-0.004886651411652565,0.04072929546236992,-0.14159633219242096,-9.862688064575195,0.6803052425384521,0.002823800081387162,0.13761062920093536
1781548252204444,187906066,-0.005362612195312977,0.5700076222419739,0.8216080069541931,-0.00488494336605072,0.023195181041955948,-0.13153290748596191,-9.87927532196045,0.7900813221931458,0.13374312222003937,0.08865196257829666
1781548252206075,187922733,-0.005356335546821356,0.5700068473815918,0.8216085433959961,-0.004883463494479656,0.018975356593728065,-0.1357993185520172,-9.86135196685791,0.7023834586143494,0.005602777935564518,0.14206723868846893
1781548252233980,187939400,-0.005353280808776617,0.570010244846344,0.8216062784194946,-0.004876675084233284,0.04085101559758186,-0.136071115732193,-9.84975814819336,0.6852229833602905,0.04393218457698822,0.10948789119720459
1781548252236178,187956067,-0.005352913402020931,0.5700100064277649,0.821606457233429,-0.004870220553129911,0.016003526747226715,-0.14542289078235626,-9.861620903015137,0.6975426077842712,0.058172840625047684,0.12292174249887466
1781548252263976,187972734,-0.005355416797101498,0.5700033903121948,0.8216109871864319,-0.004880789201706648,0.014505096711218357,-0.13874968886375427,-9.842333793640137,0.8050135374069214,0.0072419908829033375,0.06702202558517456
1781548252266105,187989401,-0.0053505669347941875,0.5699979662895203,0.8216147422790527,-0.004887568298727274,0.023720983415842056,-0.13591375946998596,-9.852197647094727,0.7548255324363708,-0.019632132723927498,0.056072600185871124
1781548252294232,188006068,-0.005348992999643087,0.5700017809867859,0.8216122984886169,-0.004881334491074085,0.029364237561821938,-0.1418323814868927,-9.864324569702148,0.6939184665679932,0.050873223692178726,0.1655028611421585
1781548252324014,188022735,-0.005365817341953516,0.5700048804283142,0.8216100931167603,-0.0048721712082624435,0.016475500538945198,-0.14100269973278046,-9.88295841217041,0.7498565912246704,0.1651826947927475,0.08168530464172363
1781548252327315,188039402,-0.005372069776058197,0.5699989199638367,0.8216140866279602,-0.004873643629252911,0.022172484546899796,-0.14367413520812988,-9.830901145935059,0.7682465314865112,0.064409539103508,0.0901246890425682
1781548252354026,188056069,-0.005376505199819803,0.5700018405914307,0.8216120004653931,-0.004877880681306124,0.04329356551170349,-0.14970360696315765,-9.8739652633667,0.7766858339309692,0.04358641058206558,0.1495717465877533
1781548252356204,188072736,-0.005381052382290363,0.5700117349624634,0.8216050863265991,-0.004878410138189793,0.03312998265028,-0.13984043896198273,-9.85610580444336,0.7560803890228271,0.05919735133647919,0.205881267786026
1781548252383974,188089403,-0.005383290350437164,0.5700130462646484,0.8216042518615723,-0.004876656457781792,0.03070889227092266,-0.1431412696838379,-9.837903022766113,0.7342327833175659,0.054676707834005356,0.1434759497642517
1781548252386362,188106070,-0.005375022999942303,0.5700095891952515,0.8216066956520081,-0.0048742336221039295,0.03223218768835068,-0.12762409448623657,-9.87353515625,0.6889880299568176,-0.0012550222454592586,0.17786099016666412
1781548252414023,188122737,-0.00537683442234993,0.5699970722198486,0.8216155171394348,-0.004857353400439024,0.02734368108212948,-0.12708768248558044,-9.846278190612793,0.6473545432090759,0.1108197271823883,0.025849614292383194
1781548252416854,188139404,-0.005369286052882671,0.5699974298477173,0.8216151595115662,-0.004855432081967592,0.026660755276679993,-0.14347386360168457,-9.836569786071777,0.6949942111968994,-7.683809963054955e-05,0.13708558678627014
1781548252444161,188156071,-0.005358568392693996,0.5700021386146545,0.8216118812561035,-0.004866041708737612,0.032010629773139954,-0.13083912432193756,-9.878164291381836,0.7533014416694641,-0.06669547408819199,0.17801468074321747
1781548252474033,188172738,-0.005348693113774061,0.5699979066848755,0.8216149806976318,-0.004869700409471989,0.024650709703564644,-0.13083553314208984,-9.866776466369629,0.7174564599990845,-0.03538393974304199,0.08956119418144226
1781548252476043,188189405,-0.005354130640625954,0.570001482963562,0.821612536907196,-0.004870590753853321,0.03437104448676109,-0.12958386540412903,-9.849969863891602,0.7618817687034607,0.061809852719306946,0.11093501001596451
1781548252503976,188206072,-0.005348746664822102,0.5700061321258545,0.8216092586517334,-0.004879877902567387,0.01984437368810177,-0.1416929066181183,-9.861470222473145,0.7670170068740845,-0.03273302689194679,0.08044307678937912
1781548252506065,188222739,-0.005349793471395969,0.5700064301490784,0.8216090798377991,-0.004876588471233845,0.027701150625944138,-0.1342114806175232,-9.878130912780762,0.7208245396614075,0.05413884297013283,0.15196654200553894
1781548252534223,188239406,-0.005358732305467129,0.5700076222419739,0.8216081261634827,-0.0048803105019032955,0.03551531583070755,-0.13746941089630127,-9.862865447998047,0.7914773225784302,0.07123532891273499,0.15756294131278992
1781548252535962,188256073,-0.00535506010055542,0.5699979066848755,0.8216148614883423,-0.004886498209089041,0.029557352885603905,-0.13312432169914246,-9.854153633117676,0.7558755278587341,-0.009732824750244617,0.11089657992124557
1781548252563879,188272740,-0.005355048459023237,0.5699986815452576,0.8216143250465393,-0.004889791365712881,0.03128466010093689,-0.13027407228946686,-9.861727714538574,0.7539290189743042,0.021969294175505638,0.1253037303686142
1781548252565776,188289407,-0.005349679384380579,0.5699918866157532,0.8216190338134766,-0.004894762299954891,0.027043377980589867,-0.13988693058490753,-9.864649772644043,0.742441713809967,-0.015085880644619465,0.09638699144124985
1781548252594117,188306074,-0.00534980371594429,0.5699951648712158,0.8216166496276855,-0.004896158818155527,0.019332977011799812,-0.1431412696838379,-9.871855735778809,0.7436711192131042,0.030664801597595215,0.16819217801094055
1781548252623975,188322741,-0.005354343447834253,0.5699986219406128,0.8216142058372498,-0.00489440094679594,0.012884878553450108,-0.13690435886383057,-9.848584175109863,0.7430692315101624,0.06825143843889236,0.19176867604255676
1781548252626177,188339408,-0.005355419125407934,0.5699889659881592,0.8216209411621094,-0.004894551821053028,0.02570212632417679,-0.12579306960105896,-9.849474906921387,0.7405591607093811,0.04030798003077507,0.07592243701219559
1781548252654465,188356075,-0.005349678918719292,0.5699904561042786,0.821619987487793,-0.004891654942184687,0.023492105305194855,-0.14872373640537262,-9.864921569824219,0.6966333389282227,0.013542714528739452,0.11024345457553864
1781548252656203,188372742,-0.005347427912056446,0.5699950456619263,0.8216168284416199,-0.004896909464150667,0.04565386101603508,-0.13856372237205505,-9.856531143188477,0.7564134001731873,0.001146168215200305,0.10892440378665924
1781548252683976,188389409,-0.005351734813302755,0.5700041055679321,0.8216105699539185,-0.00488668167963624,0.022966403514146805,-0.13971169292926788,-9.862504005432129,0.6945202946662903,0.0996013805270195,0.1794617623090744
1781548252685808,188406076,-0.005351344123482704,0.5700048804283142,0.8216100335121155,-0.0048821792006492615,0.026667656376957893,-0.12932996451854706,-9.861929893493652,0.7084280252456665,0.050373777747154236,0.12494515627622604
1781548252714000,188422743,-0.005349357612431049,0.5699982643127441,0.8216146230697632,-0.004888540133833885,0.01864992082118988,-0.1267014443874359,-9.865050315856934,0.7636746764183044,-0.0015623746439814568,0.07646030932664871
1781548252715857,188439410,-0.005350776948034763,0.5700016021728516,0.8216122984886169,-0.004883219487965107,0.02352786809206009,-0.13583508133888245,-9.848235130310059,0.7111301422119141,0.0632953867316246,0.09981909394264221
1781548252744801,188456077,-0.005350962281227112,0.5699964761734009,0.8216158747673035,-0.004882820416241884,0.016561415046453476,-0.14016586542129517,-9.867570877075195,0.7339255213737488,0.03724726662039757,0.07820197939872742
1781548252774083,188472744,-0.0053506214171648026,0.5699976682662964,0.8216151595115662,-0.0048751141875982285,0.031599368900060654,-0.13434022665023804,-9.843192100524902,0.6905503869056702,0.06356431543827057,0.15328560769557953
1781548252776447,188489411,-0.0053470018319785595,0.5699992179870605,0.8216140866279602,-0.004879159852862358,0.03037630394101143,-0.13011673092842102,-9.84007740020752,0.7439273595809937,-0.0004994476912543178,0.1885543018579483
1781548252804114,188506078,-0.005338167771697044,0.5699964165687561,0.8216160535812378,-0.004882600158452988,0.03963496536016464,-0.139529287815094,-9.85560417175293,0.7202098965644836,-0.027981871739029884,0.1434631198644638
1781548252806349,188522745,-0.005337744485586882,0.5699847340583801,0.8216241598129272,-0.004886015318334103,0.02767626754939556,-0.13377876579761505,-9.875532150268555,0.7531478404998779,0.018690867349505424,0.04007747396826744
1781548252834176,188539412,-0.005334337707608938,0.5699910521507263,0.8216197490692139,-0.004888483323156834,0.020531006157398224,-0.14550872147083282,-9.854560852050781,0.7361409068107605,0.005602777469903231,0.12047573179006577
1781548252836915,188556079,-0.0053267283365130424,0.570000171661377,0.8216134905815125,-0.004886336624622345,0.02774798683822155,-0.14745061099529266,-9.862875938415527,0.6933678388595581,0.0009540730970911682,0.20271813869476318
1781548252864575,188572746,-0.005328276660293341,0.5699882507324219,0.8216217160224915,-0.0048904758878052235,0.04395158588886261,-0.12503492832183838,-9.841779708862305,0.7650960683822632,0.026810092851519585,0.02743760123848915
1781548252865574,188589413,-0.005314000882208347,0.569970965385437,0.8216336965560913,-0.0048966966569423676,0.024926165118813515,-0.14151766896247864,-9.864792823791504,0.7145238518714905,-0.06979460269212723,0.07072306424379349
1781548252894738,188606080,-0.0053112562745809555,0.5699717998504639,0.8216331601142883,-0.004895048215985298,0.024010656401515007,-0.1328704059123993,-9.858988761901855,0.715304970741272,0.02623380720615387,0.14923879504203796
1781548252923866,188622747,-0.005318621639162302,0.5699705481529236,0.8216339945793152,-0.004892581608146429,0.024264661595225334,-0.12970545887947083,-9.857819557189941,0.7504584193229675,0.08586016297340393,0.08976609259843826
1781548252925580,188639414,-0.00531625933945179,0.5699748992919922,0.8216309547424316,-0.004890553653240204,0.015495706349611282,-0.1324770301580429,-9.879666328430176,0.7146134972572327,0.030383063480257988,0.20419083535671234
1781548252955630,188656081,-0.005314779933542013,0.5699721574783325,0.8216328024864197,-0.004891004413366318,0.03326577693223953,-0.14019803702831268,-9.850189208984375,0.7321966290473938,0.02467142976820469,0.10299506783485413
1781548252956741,188672748,-0.005314950365573168,0.5699729919433594,0.8216323256492615,-0.0048917485401034355,0.03535451367497444,-0.12769563496112823,-9.85393238067627,0.7403413653373718,0.03299555554986,0.12395904958248138
1781548252984157,188689415,-0.0053129857406020164,0.5699656009674072,0.8216374516487122,-0.004890181589871645,0.015889089554548264,-0.13939698040485382,-9.881926536560059,0.7188524007797241,0.02988361567258835,0.0832860916852951
1781548252986597,188706082,-0.005309082102030516,0.5699647665023804,0.8216380476951599,-0.004892719443887472,0.03393463045358658,-0.13103222846984863,-9.870489120483398,0.7345145344734192,0.002913444535806775,0.11393167823553085
1781548253014127,188722749,-0.005307171028107405,0.5699576735496521,0.8216429948806763,-0.0048888386227190495,0.027533220127224922,-0.12573587894439697,-9.8417329788208,0.706161379814148,0.03896332159638405,0.05835212767124176
1781548253016542,188739416,-0.005315053276717663,0.5699446201324463,0.8216519951820374,-0.004884134046733379,0.027576133608818054,-0.11398088186979294,-9.863966941833496,0.7396371364593506,0.09852565079927444,0.11070450395345688
1781548253044379,188756083,-0.005316693801432848,0.5699358582496643,0.8216582536697388,-0.004875181708484888,0.031760361045598984,-0.1334497630596161,-9.860183715820312,0.6914083957672119,0.07903438061475754,0.06694519519805908
1781548253073893,188772750,-0.005306835286319256,0.5699392557144165,0.821655809879303,-0.004870881326496601,0.025988297536969185,-0.13838134706020355,-9.871705055236816,0.6724677681922913,-0.003841904690489173,0.14168304204940796
1781548253075729,188789417,-0.0053147077560424805,0.5699288845062256,0.8216629028320312,-0.004874879028648138,0.028981583192944527,-0.1484912782907486,-9.831015586853027,0.789082407951355,0.0631929337978363,0.04151178151369095
1781548253103882,188806084,-0.0053040566854178905,0.5699243545532227,0.8216661810874939,-0.004870598204433918,0.022769805043935776,-0.12034296244382858,-9.865018844604492,0.6695222854614258,-0.008529028855264187,0.10077955573797226
1781548253106014,188822751,-0.005317043978720903,0.5699328780174255,0.8216601610183716,-0.004857089836150408,0.03844780474901199,-0.1297912895679474,-9.871408462524414,0.7099775671958923,0.16169936954975128,0.19134606420993805
1781548253133915,188839418,-0.0053201219998300076,0.5699372887611389,0.821657121181488,-0.00486587081104517,0.03017246164381504,-0.1407487839460373,-9.851656913757324,0.7970863580703735,0.01821703277528286,0.1660151183605194
1781548253136719,188856085,-0.005315839312970638,0.5699285268783569,0.8216631412506104,-0.004862428642809391,0.02388906478881836,-0.13722622394561768,-9.873407363891602,0.6990921497344971,0.024901947006583214,0.1370215266942978
1781548253165272,188872752,-0.005308839958161116,0.5699299573898315,0.8216623663902283,-0.004860410001128912,0.022190365940332413,-0.14655297994613647,-9.856510162353516,0.6965821385383606,0.003361666575074196,0.12045012414455414
1781548253166279,188889419,-0.005316972266882658,0.5699443817138672,0.8216522336006165,-0.004864716902375221,0.026835858821868896,-0.13366074860095978,-9.850383758544922,0.791592538356781,0.0644095316529274,0.20982564985752106
1781548253194195,188906086,-0.005327994469553232,0.5699308514595032,0.8216614723205566,-0.00486672343686223,0.018184946849942207,-0.12740594148635864,-9.857245445251465,0.7900428175926208,0.089394710958004,0.059466276317834854
1781548253223992,188922753,-0.005332986358553171,0.5699283480644226,0.8216632008552551,-0.004869755823165178,0.022855540737509727,-0.12519943714141846,-9.852797508239746,0.7723957896232605,0.05028412863612175,0.043343089520931244
1781548253226027,188939420,-0.0053339628502726555,0.5699353814125061,0.8216584324836731,-0.004858033731579781,0.044974278658628464,-0.1331743746995926,-9.862470626831055,0.6732746362686157,0.08584737777709961,0.11253579705953598
1781548253254344,188956087,-0.005357184447348118,0.569955587387085,0.8216443061828613,-0.004845574032515287,0.032461147755384445,-0.13146495819091797,-9.870856285095215,0.7007313966751099,0.0824664905667305,0.08854950219392776
1781548253256001,188972754,-0.005357963498681784,0.5699571967124939,0.8216433525085449,-0.004843438044190407,0.017619973048567772,-0.13730847835540771,-9.861595153808594,0.7264721393585205,0.04728744551539421,0.10375063121318817
1781548253284436,188989421,-0.005355452187359333,0.5699628591537476,0.8216394186019897,-0.004838612396270037,0.04433083534240723,-0.13175104558467865,-9.871105194091797,0.6982086300849915,0.03997502475976944,0.17798908054828644
1781548253285841,189006088,-0.005359593778848648,0.569963812828064,0.8216387033462524,-0.00483750831335783,0.025001153349876404,-0.13758741319179535,-9.85679817199707,0.7454896569252014,0.06230929493904114,0.10930859297513962
1781548253314140,189022755,-0.005362543277442455,0.5699552893638611,0.82164466381073,-0.004836430773139,0.024539889767766,-0.14914213120937347,-9.839421272277832,0.7410458326339722,0.05506089702248573,0.04455969110131264
1781548253316183,189039422,-0.005365521647036076,0.5699557065963745,0.8216443657875061,-0.004835204221308231,0.04729534313082695,-0.1348695009946823,-9.86612319946289,0.7403030395507812,0.05589330941438675,0.08510459214448929
1781548253344241,189056089,-0.00536548625677824,0.5699558854103088,0.8216442465782166,-0.004828695207834244,0.04523889720439911,-0.12196296453475952,-9.866822242736816,0.6985543370246887,0.06019623950123787,0.13332049548625946
1781548253373969,189072756,-0.005384912248700857,0.5699634552001953,0.8216388821601868,-0.004822451155632734,0.02978282794356346,-0.14237593114376068,-9.87074089050293,0.776340126991272,0.16903740167617798,0.16117432713508606
1781548253376218,189089423,-0.00538864778354764,0.5699574947357178,0.8216429948806763,-0.004813690669834614,0.036159031093120575,-0.1445753276348114,-9.820240020751953,0.7008467316627502,0.08934350311756134,0.03820774331688881
1781548253403958,189106090,-0.005382256116718054,0.5699662566184998,0.8216370344161987,-0.004808058496564627,0.03197859972715378,-0.14098483324050903,-9.864861488342285,0.6786020994186401,0.020791109651327133,0.1645936220884323
1781548253406203,189122757,-0.005389136262238026,0.5699610710144043,0.82164067029953,-0.004808235447853804,0.045503661036491394,-0.12771351635456085,-9.838711738586426,0.763418436050415,0.07298978418111801,0.10555633157491684
1781548253433968,189139424,-0.005380482412874699,0.5699614882469177,0.8216405510902405,-0.004806577228009701,0.0406794510781765,-0.12682662904262543,-9.855377197265625,0.6922792196273804,-0.007927129976451397,0.09873054921627045
1781548253436175,189156091,-0.005380901508033276,0.5699573755264282,0.8216431140899658,-0.004814062733203173,0.025738079100847244,-0.13684715330600739,-9.867500305175781,0.7793751955032349,0.007792662363499403,0.10727238655090332
1781548253464000,189172758,-0.0053846524097025394,0.5699611902236938,0.8216404318809509,-0.004820188973098993,0.010281596332788467,-0.13975460827350616,-9.850988388061523,0.7848691344261169,0.03165089339017868,0.11585264652967453
1781548253466894,189189425,-0.005373313557356596,0.5699468851089478,0.8216505646705627,-0.004815481137484312,0.00861865933984518,-0.13617125153541565,-9.86323356628418,0.6644766330718994,-0.011359231546521187,0.02693815343081951
1781548253494207,189206092,-0.005379434674978256,0.5699461102485657,0.8216509222984314,-0.004804555792361498,0.03076266124844551,-0.1230250895023346,-9.85629653930664,0.6977347135543823,0.1122540682554245,0.1302981972694397
1781548253524026,189222759,-0.005378121044486761,0.5699464082717896,0.8216508030891418,-0.004813114181160927,0.03226811811327934,-0.13500897586345673,-9.846549987792969,0.7784788012504578,-0.006095822900533676,0.13640685379505157
1781548253526285,189239426,-0.005376740358769894,0.5699501633644104,0.8216482400894165,-0.004816077649593353,0.03255438059568405,-0.12838943302631378,-9.863860130310059,0.7466678023338318,0.015681374818086624,0.16066205501556396
1781548253554032,189256093,-0.005372374318540096,0.5699701905250549,0.8216343522071838,-0.0048119742423295975,0.0346500538289547,-0.13565270602703094,-9.856593132019043,0.6953015923500061,0.025926455855369568,0.19106435775756836
1781548253556884,189272760,-0.0053682816214859486,0.5699602365493774,0.8216413259506226,-0.0048064012080430984,0.030969994142651558,-0.12192006409168243,-9.857662200927734,0.6881043314933777,0.032893106341362,0.04055130481719971
1781548253584103,189289427,-0.005367970559746027,0.569946825504303,0.8216505646705627,-0.004812180995941162,0.024618610739707947,-0.1329955756664276,-9.84825611114502,0.7669786810874939,0.010366739705204964,0.059235770255327225
1781548253586105,189306094,-0.005366934929043055,0.5699540972709656,0.8216456174850464,-0.004799984395503998,0.02533385157585144,-0.13330312073230743,-9.86638355255127,0.6624532341957092,0.07687011361122131,0.15547548234462738
1781548253614119,189322761,-0.0053586941212415695,0.5699512958526611,0.821647584438324,-0.004798881709575653,0.03574776649475098,-0.14659947156906128,-9.840921401977539,0.6970304250717163,-0.007632584776729345,0.10433973371982574
1781548253615919,189339428,-0.00535877188667655,0.569948136806488,0.8216497898101807,-0.004797230940312147,0.03686711937189102,-0.14404962956905365,-9.852161407470703,0.7264849543571472,0.04172949120402336,0.11094781011343002
1781548253644336,189356095,-0.0053591253235936165,0.5699455142021179,0.8216515779495239,-0.004795691929757595,0.03328018635511398,-0.1342901587486267,-9.839773178100586,0.7282906770706177,0.042152099311351776,0.06576700508594513
1781548253674121,189372762,-0.005354261491447687,0.5699519515037537,0.8216472268104553,-0.004796635825186968,0.03466060012578964,-0.14965355396270752,-9.866523742675781,0.7218490839004517,0.0031695712823420763,0.12059097737073898
1781548253675912,189389429,-0.005351776722818613,0.5699476003646851,0.8216501474380493,-0.004801542963832617,0.02708609774708748,-0.13546670973300934,-9.856605529785156,0.7535576820373535,0.0013254572404548526,0.09355679154396057
1781548253704073,189406096,-0.005356294568628073,0.5699565410614014,0.8216440081596375,-0.004796900786459446,0.01952609233558178,-0.14066654443740845,-9.853702545166016,0.7267410755157471,0.0795082226395607,0.2310841679573059
1781548253706054,189422763,-0.0053610713221132755,0.5699664950370789,0.8216370940208435,-0.004794665612280369,0.015864185988903046,-0.12865404784679413,-9.863774299621582,0.7417244911193848,0.06999310106039047,0.1265203356742859
1781548253734171,189439430,-0.005359330680221319,0.5699594616889954,0.8216420412063599,-0.00479476060718298,0.02962181530892849,-0.1242016851902008,-9.863519668579102,0.7291742563247681,0.0244281105697155,0.08866475522518158
1781548253736224,189456097,-0.005364300683140755,0.5699604153633118,0.8216413259506226,-0.004797745496034622,0.024547087028622627,-0.1356455385684967,-9.871111869812012,0.7718194127082825,0.05110374093055725,0.1277497410774231
1781548253764062,189472764,-0.005360324401408434,0.5699586868286133,0.8216425776481628,-0.004790985956788063,0.029796959832310677,-0.13023117184638977,-9.858087539672852,0.6816627979278564,0.03877122700214386,0.11799129098653793
1781548253765936,189489431,-0.005370158702135086,0.56997150182724,0.8216337561607361,-0.00478937104344368,0.01664724573493004,-0.13859233260154724,-9.866530418395996,0.7647759914398193,0.0971553698182106,0.21421819925308228
1781548253794187,189506098,-0.005362015683203936,0.5699720978736877,0.8216331601142883,-0.004789584781974554,0.03127025067806244,-0.13754092156887054,-9.848298072814941,0.7048038244247437,-0.012255676090717316,0.10953910648822784
1781548253824043,189522765,-0.0053684525191783905,0.5699790120124817,0.8216285109519958,-0.00478684576228261,0.02196485549211502,-0.15228207409381866,-9.870144844055176,0.7450413703918457,0.08260736614465714,0.2031407207250595
1781548253825712,189539432,-0.005372235551476479,0.5699864029884338,0.8216233253479004,-0.004797383677214384,0.022912759333848953,-0.13189052045345306,-9.853409767150879,0.8098671436309814,0.01452880259603262,0.13380713760852814
1781548253854017,189556099,-0.005375866778194904,0.56998610496521,0.8216234445571899,-0.00478255283087492,0.02426830492913723,-0.12681229412555695,-9.87062931060791,0.6657188534736633,0.11412377655506134,0.17400626838207245
1781548253856101,189572766,-0.005371785722672939,0.5699647068977356,0.821638286113739,-0.004783857613801956,0.03527570888400078,-0.12512075901031494,-9.849139213562012,0.7268819808959961,0.006307126488536596,0.010943025350570679
1781548253883886,189589433,-0.00536946440115571,0.5699593424797058,0.8216421604156494,-0.004772891756147146,0.02545901946723461,-0.1366039663553238,-9.841497421264648,0.6643357872962952,0.06469126790761948,0.10688820481300354
1781548253885754,189606100,-0.00536789046600461,0.569953441619873,0.8216462135314941,-0.004772499669343233,0.018335087224841118,-0.14002995193004608,-9.857939720153809,0.7270100116729736,0.027796180918812752,0.12650752067565918
1781548253913910,189622767,-0.005368026904761791,0.569951593875885,0.8216475248336792,-0.004773481748998165,0.03404919058084488,-0.12184496223926544,-9.85944652557373,0.7416220903396606,0.03175334632396698,0.11671065539121628
1781548253915827,189639434,-0.00536522688344121,0.5699397921562195,0.8216557502746582,-0.004765848163515329,0.048289526253938675,-0.13376446068286896,-9.857744216918945,0.6810992956161499,0.04952855408191681,0.12042450904846191
1781548253945246,189656101,-0.005378305446356535,0.5699461102485657,0.8216512799263,-0.004765830002725124,0.019082801416516304,-0.1371690034866333,-9.852240562438965,0.7866236567497253,0.10862986743450165,0.14606280624866486
1781548253974117,189672768,-0.005368667189031839,0.569936215877533,0.821658194065094,-0.004769457969814539,0.019933778792619705,-0.1388462483882904,-9.853984832763672,0.7183273434638977,-0.034154534339904785,0.05363939329981804
1781548253976337,189689435,-0.005361652467399836,0.5699339509010315,0.8216598629951477,-0.004767557606101036,0.017934679985046387,-0.139014333486557,-9.851621627807617,0.6973761916160583,0.0023371586576104164,0.09579789638519287
1781548254004103,189706102,-0.005357949994504452,0.5699293613433838,0.821662962436676,-0.004770715720951557,0.027050282806158066,-0.14725030958652496,-9.864361763000488,0.7386766672134399,0.0020938380621373653,0.1459091454744339
1781548254006090,189722769,-0.005358974449336529,0.5699238181114197,0.8216668367385864,-0.004774537868797779,0.03375948965549469,-0.12312524765729904,-9.841329574584961,0.7612031102180481,0.025401396676898003,0.08765306323766708
1781548254034112,189739436,-0.005366635508835316,0.5699239373207092,0.8216667175292969,-0.0047729844227433205,0.03399185091257095,-0.1373370885848999,-9.847519874572754,0.7568360567092896,0.0837855413556099,0.09951173514127731
1781548254037605,189756103,-0.0053658983670175076,0.5699194669723511,0.8216698169708252,-0.00477492855861783,0.03361266478896141,-0.14303754270076752,-9.857081413269043,0.7435687184333801,0.02303222008049488,0.10495443642139435
1781548254064586,189772770,-0.005360339302569628,0.5699224472045898,0.8216677904129028,-0.004779198672622442,0.04883310943841934,-0.1350340098142624,-9.848835945129395,0.7377545833587646,-0.012921606190502644,0.16908863186836243
1781548254066105,189789437,-0.005358320660889149,0.5699394941329956,0.8216560482978821,-0.00477247592061758,0.029900670051574707,-0.12882213294506073,-9.859410285949707,0.6894618272781372,0.050207290798425674,0.22754962742328644
1781548254094224,189806104,-0.005369882564991713,0.5699428915977478,0.8216534852981567,-0.004774116445332766,0.025155041366815567,-0.14089898765087128,-9.852622985839844,0.7899916172027588,0.09374886751174927,0.15109571814537048
1781548254123977,189822771,-0.005380953662097454,0.5699438452720642,0.8216527700424194,-0.004783678334206343,0.02435576356947422,-0.13503313064575195,-9.853074073791504,0.832777738571167,0.06024748459458351,0.15660247206687927
1781548254126219,189839438,-0.005394636653363705,0.5699475407600403,0.8216501474380493,-0.0047770291566848755,0.00399462366476655,-0.14301609992980957,-9.859539031982422,0.7515213489532471,0.13818690180778503,0.14309173822402954
1781548254154016,189856105,-0.005395956803113222,0.5699575543403625,0.8216432929039001,-0.004778492264449596,0.04234587028622627,-0.1460058093070984,-9.846882820129395,0.7488320469856262,0.03696552664041519,0.19826148450374603
1781548254157141,189872772,-0.005403444636613131,0.5699629187583923,0.821639358997345,-0.00478328624740243,0.03487159684300423,-0.15022216737270355,-9.84957218170166,0.7920407056808472,0.05785268172621727,0.11920790374279022
1781548254186195,189889439,-0.005397724453359842,0.5699547529220581,0.8216450214385986,-0.0047880737110972404,0.027958787977695465,-0.12657269835472107,-9.868183135986328,0.7402902841567993,-0.016776317730545998,0.05470232293009758
1781548254186695,189906106,-0.005400793626904488,0.5699518918991089,0.8216469287872314,-0.004785533994436264,0.028405815362930298,-0.14062005281448364,-9.862604141235352,0.7332083582878113,0.061886683106422424,0.09798778593540192
1781548254214448,189922773,-0.005407431628555059,0.5699511766433716,0.821647584438324,-0.00478010531514883,0.030565842986106873,-0.1304958015680313,-9.846418380737305,0.7311464548110962,0.09230176359415054,0.030383063480257988
1781548254215992,189939440,-0.00541518721729517,0.5699601769447327,0.8216413259506226,-0.004778919275850058,0.020967302843928337,-0.13996201753616333,-9.857736587524414,0.7592820525169373,0.08268419653177261,0.12253756076097488
1781548254244658,189956107,-0.0054122391156852245,0.5699602961540222,0.8216410875320435,-0.004775472916662693,0.011801615357398987,-0.1388748735189438,-9.855816841125488,0.7044196128845215,0.03179176151752472,0.1358177363872528
1781548254274045,189972774,-0.005410720128566027,0.5699576139450073,0.8216429948806763,-0.004773205611854792,0.02907814085483551,-0.14364910125732422,-9.86985969543457,0.7167393565177917,0.034878090023994446,0.09575947374105453
1781548254276823,189989441,-0.005413740873336792,0.5699418783187866,0.8216537833213806,-0.004779191687703133,0.023535020649433136,-0.1445896327495575,-9.86277961730957,0.7812706232070923,0.02793705277144909,0.02713024988770485
1781548254304229,190006108,-0.00542033277451992,0.569949746131897,0.8216482400894165,-0.004782832693308592,0.041287314146757126,-0.1372584104537964,-9.86343765258789,0.7817444205284119,0.05826248228549957,0.19319018721580505
1781548254306290,190022775,-0.005422390066087246,0.5699478387832642,0.8216496706008911,-0.0047785998322069645,0.033895161002874374,-0.1457626223564148,-9.870424270629883,0.7195056080818176,0.06320573389530182,0.13164286315441132
1781548254335607,190039442,-0.005435706581920385,0.5699458122253418,0.8216509222984314,-0.004781201481819153,0.03515411913394928,-0.131089448928833,-9.863981246948242,0.8021705150604248,0.10053624212741852,0.1689733862876892
1781548254336984,190056109,-0.005434994585812092,0.5699435472488403,0.8216525316238403,-0.004780377261340618,0.01572100818157196,-0.13112521171569824,-9.853659629821777,0.7279449105262756,0.034071292728185654,0.11961770802736282
1781548254364673,190072776,-0.005436534062027931,0.569948673248291,0.8216490149497986,-0.004780714400112629,0.01362534984946251,-0.12356869131326675,-9.835031509399414,0.7435814738273621,0.04162703827023506,0.11125516146421432
1781548254366732,190089443,-0.005423522554337978,0.569962739944458,0.8216394186019897,-0.004775454290211201,0.02471516840159893,-0.14668886363506317,-9.871018409729004,0.6547054052352905,-0.017967307940125465,0.1934463083744049
1781548254394131,190106110,-0.005423836410045624,0.5699676871299744,0.8216360211372375,-0.004778991919010878,0.03152426704764366,-0.14544077217578888,-9.863738059997559,0.7568360567092896,0.022238224744796753,0.11069168150424957
1781548254423904,190122777,-0.005424688570201397,0.5699731707572937,0.8216322660446167,-0.004768828395754099,0.027790706604719162,-0.14176085591316223,-9.857697486877441,0.6813555359840393,0.07964909821748734,0.16301845014095306
1781548254425995,190139444,-0.005421123467385769,0.5699713826179504,0.821633517742157,-0.0047674342058598995,0.019232966005802155,-0.14398527145385742,-9.853660583496094,0.7136145234107971,0.020240435376763344,0.12474022805690765
1781548254453902,190156111,-0.005409189034253359,0.5699746608734131,0.8216313719749451,-0.0047677322290837765,0.03265434876084328,-0.1363607794046402,-9.85871696472168,0.6901277899742126,-0.03309160843491554,0.1881444752216339
1781548254455752,190172778,-0.005412931088358164,0.5699639916419983,0.821638822555542,-0.004760685842484236,0.026431811973452568,-0.1413603276014328,-9.862990379333496,0.7103745937347412,0.08332451432943344,0.06314170360565186
1781548254484131,190189445,-0.0054093110375106335,0.5699681639671326,0.8216357827186584,-0.004756789654493332,0.030805300921201706,-0.1403375118970871,-9.854166030883789,0.6992586851119995,0.029806779697537422,0.1547839343547821
1781548254485894,190206112,-0.005402091890573502,0.569974422454834,0.8216315507888794,-0.00475841760635376,0.03472139686346054,-0.13996917009353638,-9.859986305236816,0.7163424491882324,-0.01217883825302124,0.16966493427753448
1781548254514028,190222779,-0.0053941067308187485,0.5699746012687683,0.8216315507888794,-0.004753907211124897,0.04488512873649597,-0.13469785451889038,-9.854608535766602,0.6786148548126221,0.007933533750474453,0.16501621901988983
1781548254516199,190239446,-0.005401743575930595,0.5699868202209473,0.8216230273246765,-0.004755398724228144,0.02832356095314026,-0.12997367978096008,-9.860605239868164,0.7737916707992554,0.07218299061059952,0.17573513090610504
1781548254545976,190256113,-0.0053969016298651695,0.5699843764305115,0.8216246962547302,-0.004762195982038975,0.028423694893717766,-0.12752754986286163,-9.865010261535645,0.754915177822113,-0.019388815388083458,0.10034416615962982
1781548254574550,190272780,-0.005400635302066803,0.5699718594551086,0.8216333985328674,-0.00476099131628871,0.02178625389933586,-0.13818465173244476,-9.872910499572754,0.7433381676673889,0.060029760003089905,0.030383063480257988
1781548254576451,190289447,-0.005398547742515802,0.5699763894081116,0.8216302394866943,-0.004763600882142782,0.02070280723273754,-0.1339253932237625,-9.863155364990234,0.7421086430549622,0.012697494588792324,0.1411067545413971
1781548254604129,190306114,-0.005399497225880623,0.5699756145477295,0.8216307759284973,-0.0047656474635005,0.028895925730466843,-0.1402338147163391,-9.844544410705566,0.7505481243133545,0.032777849584817886,0.16607914865016937
1781548254606509,190322781,-0.005398222710937262,0.5699760317802429,0.8216304779052734,-0.004765215329825878,0.029085293412208557,-0.145537331700325,-9.848824501037598,0.7280730605125427,0.029332945123314857,0.13083608448505402
1781548254634130,190339448,-0.005390559323132038,0.5699861645698547,0.8216234445571899,-0.004772786516696215,0.02396789938211441,-0.14231877028942108,-9.876026153564453,0.7483069896697998,-0.038355015218257904,0.15306788682937622
1781548254636438,190356115,-0.005392649210989475,0.5699958801269531,0.8216167092323303,-0.004772256128489971,0.03361992537975311,-0.13866743445396423,-9.852919578552246,0.7405976057052612,0.049067527055740356,0.1925114393234253
1781548254664945,190372782,-0.005397902335971594,0.5699980854988098,0.8216151595115662,-0.004766299854964018,0.03442087769508362,-0.137837752699852,-9.850532531738281,0.7225278615951538,0.0876658707857132,0.1218460276722908
1781548254666713,190389449,-0.005394674837589264,0.5699986219406128,0.8216148018836975,-0.004769215360283852,0.008779427036643028,-0.14620964229106903,-9.853851318359375,0.7391760349273682,0.0055899713188409805,0.15952228009700775
1781548254694122,190406116,-0.005414304323494434,0.570005476474762,0.8216100335121155,-0.004758468829095364,0.027407854795455933,-0.13540595769882202,-9.857839584350586,0.7515854239463806,0.18829816579818726,0.18882322311401367
1781548254723935,190422783,-0.005411107093095779,0.5700130462646484,0.8216047286987305,-0.004760704468935728,0.022587325423955917,-0.13517706096172333,-9.863448143005371,0.735500693321228,0.008304917253553867,0.17700296640396118
1781548254726863,190439450,-0.005407542455941439,0.5700023174285889,0.8216121792793274,-0.004750692751258612,0.032082196325063705,-0.13270948827266693,-9.863470077514648,0.6649888753890991,0.053421683609485626,0.046160485595464706
1781548254753970,190456117,-0.005404054652899504,0.5700147151947021,0.8216036558151245,-0.0047560338862240314,0.03354482352733612,-0.14176085591316223,-9.852933883666992,0.7519184350967407,-0.005673212930560112,0.18849027156829834
1781548254757065,190472784,-0.005402699112892151,0.5700147151947021,0.8216036558151245,-0.004751851782202721,0.023370379582047462,-0.1313612461090088,-9.86037826538086,0.706417441368103,0.04374008625745773,0.139365091919899
1781548254784647,190489451,-0.005397122818976641,0.5700171589851379,0.8216019868850708,-0.004744056146591902,0.018635615706443787,-0.12818557024002075,-9.874402046203613,0.6696888208389282,0.033674292266368866,0.12173076719045639
1781548254785653,190506118,-0.005393584258854389,0.5700159072875977,0.8216028809547424,-0.004741129465401173,0.030193831771612167,-0.1290617287158966,-9.865370750427246,0.7052263617515564,0.025862421840429306,0.08785796165466309
1781548254814615,190522785,-0.005390232894569635,0.5700315237045288,0.8215922117233276,-0.004728532861918211,0.02214759774506092,-0.1334211379289627,-9.86257553100586,0.6514013409614563,0.0648193359375,0.16228845715522766
1781548254815497,190539452,-0.0053958292119205,0.5700280070304871,0.8215945959091187,-0.004731377586722374,0.016168033704161644,-0.12562501430511475,-9.848417282104492,0.7735995650291443,0.05503528192639351,0.09145653992891312
1781548254844376,190556119,-0.005392259452491999,0.5700232982635498,0.8215978741645813,-0.004731394350528717,0.02601333148777485,-0.16249927878379822,-9.863995552062988,0.721477746963501,0.014938605949282646,0.13045188784599304
1781548254874079,190572786,-0.005398981273174286,0.570034384727478,0.8215901851654053,-0.004720443394035101,0.021278278902173042,-0.1347300410270691,-9.846091270446777,0.699988603591919,0.11554527282714844,0.15925335884094238
1781548254875588,190589453,-0.005389872472733259,0.5700209140777588,0.821599543094635,-0.004721862263977528,0.02701466903090477,-0.12389412522315979,-9.866938591003418,0.7075827717781067,-0.021873245015740395,0.09321100264787674
1781548254904004,190606120,-0.005389989819377661,0.5700158476829529,0.8216030597686768,-0.004723694641143084,0.008193090558052063,-0.13040997087955475,-9.865236282348633,0.7462964653968811,0.028270017355680466,0.10391713678836823
1781548254906037,190622787,-0.005388944409787655,0.5700169801712036,0.8216022253036499,-0.004726436920464039,0.02829495258629322,-0.14363837242126465,-9.849518775939941,0.7468855381011963,0.017986517399549484,0.1160191148519516
1781548254935673,190639454,-0.005394137464463711,0.5700004696846008,0.8216137290000916,-0.004728370346128941,0.011497506871819496,-0.1323089450597763,-9.866011619567871,0.7667737007141113,0.056456781923770905,0.04531526565551758
1781548254936249,190656121,-0.005394222214818001,0.5700137615203857,0.8216045498847961,-0.0047261668369174,0.03218229115009308,-0.12388697266578674,-9.857114791870117,0.7234114408493042,0.04386814683675766,0.17524847388267517
1781548254964040,190672788,-0.005394188687205315,0.5700197815895081,0.8216003179550171,-0.004726832266896963,0.0358586311340332,-0.13883909583091736,-9.87784194946289,0.7393296957015991,0.03124108538031578,0.09057290107011795
1781548254965959,190689455,-0.005393568426370621,0.5700233578681946,0.8215978145599365,-0.004728108178824186,0.03367714583873749,-0.13393254578113556,-9.849414825439453,0.740162193775177,0.026758866384625435,0.169357568025589
1781548254994254,190706122,-0.005384461022913456,0.5700268149375916,0.8215954303741455,-0.0047360798344016075,0.03793640807271004,-0.14038759469985962,-9.851971626281738,0.7446187138557434,-0.04716578498482704,0.18799081444740295
1781548255024035,190722789,-0.005377536173909903,0.5700317025184631,0.8215921521186829,-0.0047327326610684395,0.01455516368150711,-0.13153648376464844,-9.85860538482666,0.689525842666626,0.008650689385831356,0.13164284825325012
1781548255026737,190739456,-0.005366696510463953,0.570037305355072,0.8215882778167725,-0.004741526208817959,0.03320134058594704,-0.13268083333969116,-9.85358715057373,0.742595374584198,-0.060612455010414124,0.16527234017848969
1781548255054049,190756123,-0.0053686113096773624,0.5700367093086243,0.8215886354446411,-0.004742823541164398,0.03321223706007004,-0.13238047063350677,-9.857893943786621,0.75033038854599,0.040730591863393784,0.1336790770292282
1781548255056366,190772790,-0.005361213348805904,0.5700555443763733,0.8215756416320801,-0.004734936635941267,0.02110319957137108,-0.1325342357158661,-9.865951538085938,0.6619024872779846,0.0240183062851429,0.20936457812786102
1781548255084652,190789457,-0.0053561897948384285,0.570055365562439,0.8215758204460144,-0.004732383880764246,0.037571560591459274,-0.1373978704214096,-9.876056671142578,0.7016150951385498,0.01582224667072296,0.07722869515419006
1781548255085633,190806124,-0.005355969537049532,0.5700626969337463,0.8215707540512085,-0.00473272567614913,0.030447639524936676,-0.13955433666706085,-9.860868453979492,0.7364226579666138,0.03266259282827377,0.18709436058998108
1781548255114677,190822791,-0.0053555588237941265,0.5700700283050537,0.8215656876564026,-0.004737420007586479,0.035261403769254684,-0.13023832440376282,-9.864606857299805,0.7605242729187012,0.013926905579864979,0.14269474148750305
1781548255116522,190839458,-0.005357743240892887,0.5700732469558716,0.8215634226799011,-0.004738436546176672,0.04060761630535126,-0.1443178355693817,-9.885640144348145,0.7495108842849731,0.044213924556970596,0.21041475236415863
1781548255144484,190856125,-0.00535769946873188,0.5700700283050537,0.8215656876564026,-0.004735670052468777,0.026135053485631943,-0.1252959966659546,-9.884411811828613,0.7195568084716797,0.045699458569288254,0.1321295201778412
1781548255174143,190872792,-0.005363908130675554,0.5700823068618774,0.8215571641921997,-0.004737843293696642,0.03442443907260895,-0.13741576671600342,-9.863532066345215,0.7721524834632874,0.06072130426764488,0.12792903184890747
1781548255175671,190889459,-0.005365582183003426,0.5700779557228088,0.8215601444244385,-0.004750448279082775,0.033569857478141785,-0.12274616211652756,-9.84957218170166,0.8131583333015442,-0.004763961769640446,0.13352540135383606
1781548255203996,190906126,-0.0053502717055380344,0.5700791478157043,0.8215592503547668,-0.004741389770060778,0.04556088149547577,-0.12818557024002075,-9.862407684326172,0.624264657497406,-0.015854259952902794,0.1505066156387329
1781548255205909,190922793,-0.005351291038095951,0.5700796246528625,0.8215590119361877,-0.004739574156701565,0.0317889079451561,-0.12669071555137634,-9.851388931274414,0.729417622089386,0.047044120728969574,0.0780739039182663
1781548255234464,190939460,-0.0053552319295704365,0.5700700283050537,0.821565568447113,-0.004747146740555763,0.028198394924402237,-0.13517706096172333,-9.88188648223877,0.7938463687896729,0.02663080208003521,0.03058796562254429
1781548255236498,190956127,-0.005331522785127163,0.5700564980506897,0.8215746879577637,-0.0048315259627997875,0.020259056240320206,-0.1333567500114441,-9.84683895111084,0.723475456237793,-0.013869276270270348,0.15918932855129242
1781548255264497,190972794,-0.005328308790922165,0.5700668096542358,0.8215675354003906,-0.004838092252612114,0.027136260643601418,-0.12853246927261353,-9.873597145080566,0.759499728679657,-0.008349739946424961,0.19105151295661926
1781548255265830,190989461,-0.005321241449564695,0.5700748562812805,0.8215619921684265,-0.004824658390134573,0.024851065129041672,-0.13320299983024597,-9.874119758605957,0.6317052245140076,0.047402702271938324,0.11664662510156631
1781548255294174,191006128,-0.005315208807587624,0.5700782537460327,0.8215597867965698,-0.004807715769857168,0.009405424818396568,-0.1494961977005005,-9.859528541564941,0.6155692338943481,0.06794408708810806,0.16650176048278809
1781548255323978,191022795,-0.005319378804415464,0.5700830221176147,0.8215564489364624,-0.004804869648069143,0.02998282201588154,-0.1261221021413803,-9.854037284851074,0.7355006337165833,0.06930156797170639,0.09979347884654999
1781548255325834,191039462,-0.0053251045756042,0.5700820684432983,0.8215571045875549,-0.004807896912097931,0.0408511646091938,-0.1331600695848465,-9.845320701599121,0.7745727896690369,0.05595734715461731,0.13873757421970367
1781548255353966,191056129,-0.005333607085049152,0.5700833797454834,0.8215562105178833,-0.0048003108240664005,0.03244335204362869,-0.1292620152235031,-9.85068416595459,0.72555011510849,0.11300963163375854,0.1314123421907425
1781548255356309,191072796,-0.0053346226923167706,0.5700775980949402,0.821560263633728,-0.00480229826644063,0.026116879656910896,-0.14261555671691895,-9.862910270690918,0.7500486373901367,0.03394322842359543,0.15687137842178345
1781548255384011,191089463,-0.005344652570784092,0.5700793862342834,0.821558952331543,-0.004794545937329531,0.03898440673947334,-0.15271475911140442,-9.860523223876953,0.730493426322937,0.12283209711313248,0.16812816262245178
1781548255386448,191106130,-0.005337814334779978,0.5700762867927551,0.8215611577033997,-0.004792795050889254,0.021421480923891068,-0.1269446313381195,-9.859260559082031,0.6986439824104309,0.0023115461226552725,0.0303446464240551
1781548255414614,191122797,-0.0053418343886733055,0.5700805187225342,0.8215580582618713,-0.004798095673322678,0.031102275475859642,-0.13540951907634735,-9.875550270080566,0.7806301712989807,0.03792600333690643,0.1961740404367447
1781548255416463,191139464,-0.0053296927362680435,0.5700750946998596,0.8215619325637817,-0.0047933850437402725,0.0334196574985981,-0.12957313656806946,-9.869291305541992,0.6608140468597412,-0.014842558652162552,0.1056075468659401
1781548255444855,191156131,-0.005323789548128843,0.5700773000717163,0.8215604424476624,-0.004797235131263733,0.02478298358619213,-0.12696965038776398,-9.85155963897705,0.7336949706077576,-0.013254571706056595,0.1315404325723648
1781548255474623,191172798,-0.005324384663254023,0.570078432559967,0.8215596675872803,-0.004800338298082352,0.03355197608470917,-0.14232231676578522,-9.870431900024414,0.7549151182174683,0.026707638055086136,0.14972543716430664
1781548255475771,191189465,-0.0053208256140351295,0.5700902938842773,0.8215515613555908,-0.0047938646748661995,0.034270793199539185,-0.13135766983032227,-9.874734878540039,0.6844674348831177,0.04102514311671257,0.21138803660869598
1781548255505648,191206132,-0.005314365494996309,0.5700930953025818,0.821549654006958,-0.004787344951182604,0.043236345052719116,-0.1325056254863739,-9.856270790100098,0.6729544401168823,0.02442811243236065,0.14731784164905548
1781548255506803,191222799,-0.005313807632774115,0.5700950622558594,0.821548342704773,-0.004787256009876728,0.028230732306838036,-0.13854585587978363,-9.862443923950195,0.7322990894317627,0.03266259282827377,0.15139025449752808
1781548255533970,191239466,-0.00531281903386116,0.5701034665107727,0.8215424418449402,-0.004789159167557955,0.03789706900715828,-0.13313862681388855,-9.86989974975586,0.7417501211166382,0.022852931171655655,0.20903164148330688
1781548255535905,191256133,-0.005315722431987524,0.5700922012329102,0.821550190448761,-0.00479324534535408,0.03022252768278122,-0.13165807723999023,-9.86762809753418,0.7695783376693726,0.035672083497047424,0.08400324732065201
1781548255564025,191272800,-0.005318297538906336,0.5700852274894714,0.8215550184249878,-0.004790151957422495,0.03217880800366402,-0.1418323814868927,-9.863884925842285,0.7277016639709473,0.061848271638154984,0.09332627058029175
1781548255565944,191289467,-0.005317442584782839,0.5700971484184265,0.821546733379364,-0.004795835819095373,0.053160060197114944,-0.135641947388649,-9.86613941192627,0.7635849714279175,0.009111717343330383,0.2493332028388977
1781548255594259,191306134,-0.00532586220651865,0.5700969696044922,0.8215468525886536,-0.004794853273779154,0.03635929897427559,-0.12069699913263321,-9.858416557312012,0.7624452114105225,0.08676941692829132,0.1354079246520996
1781548255624568,191322801,-0.0053261457942426205,0.5700885057449341,0.8215526938438416,-0.004791973624378443,0.01675802282989025,-0.12596473097801208,-9.865789413452148,0.7199793457984924,0.04803021252155304,0.08554001152515411
1781548255625651,191339468,-0.005320127122104168,0.5700896382331848,0.8215519189834595,-0.004791527986526489,0.025029875338077545,-0.1300380527973175,-9.862682342529297,0.7090684175491333,0.002849412616342306,0.12212774902582169
1781548255654110,191356135,-0.005315765272825956,0.5700864195823669,0.8215542435646057,-0.00479602487757802,0.03494660556316376,-0.12656553089618683,-9.856948852539062,0.7435174584388733,-0.007363650947809219,0.08997100591659546
1781548255655594,191372802,-0.0053182123228907585,0.5700961351394653,0.8215475082397461,-0.004787990357726812,0.029761329293251038,-0.13579216599464417,-9.866899490356445,0.6994763612747192,0.08009731024503708,0.1346907764673233
1781548255684194,191389469,-0.005322446580976248,0.5700945854187012,0.8215485215187073,-0.004788051825016737,0.021349841728806496,-0.13913948833942413,-9.855743408203125,0.7520337700843811,0.058787550777196884,0.1112423688173294
1781548255686136,191406136,-0.005337362643331289,0.5700962543487549,0.821547269821167,-0.004788041114807129,0.03209288418292999,-0.1353415697813034,-9.86501407623291,0.7932700514793396,0.12002750486135483,0.1700875163078308
1781548255714149,191422803,-0.005335552152246237,0.5701008439064026,0.8215441107749939,-0.004775211215019226,0.0328047014772892,-0.12259238213300705,-9.856779098510742,0.6554610133171082,0.075627900660038,0.17040769755840302
1781548255715746,191439470,-0.005339011549949646,0.5701175332069397,0.8215325474739075,-0.004768870305269957,0.027654942125082016,-0.1344868391752243,-9.8485107421875,0.7131151556968689,0.07873983681201935,0.13124588131904602
1781548255744516,191456137,-0.005342239048331976,0.5701228976249695,0.8215287327766418,-0.004774801433086395,0.025845250114798546,-0.13014891743659973,-9.849776268005371,0.7812193036079407,0.030421482399106026,0.1642606258392334
1781548255774175,191472804,-0.005342850927263498,0.5701141357421875,0.8215349912643433,-0.004770989529788494,0.03317664563655853,-0.13722622394561768,-9.858141899108887,0.7156380414962769,0.05476635321974754,0.17305859923362732
1781548255776082,191489471,-0.005347315222024918,0.5701217651367188,0.8215296268463135,-0.004767216742038727,0.031774602830410004,-0.13568130135536194,-9.858991622924805,0.7314538955688477,0.07496197521686554,0.14047926664352417
1781548255803905,191506138,-0.0053525520488619804,0.5701278448104858,0.8215253353118896,-0.004762276075780392,0.019128957763314247,-0.1332816630601883,-9.860846519470215,0.7275992035865784,0.08446428179740906,0.1731482595205307
1781548255805982,191522805,-0.0053446367383003235,0.5701210498809814,0.8215301632881165,-0.004757452290505171,0.0258380975574255,-0.1415570080280304,-9.86298656463623,0.676834762096405,0.009419070556759834,0.09707853198051453
1781548255833908,191539472,-0.005340385250747204,0.5701122879981995,0.8215363025665283,-0.004751597996801138,0.03102717362344265,-0.12975195050239563,-9.858419418334961,0.685453474521637,0.033623069524765015,0.051462315022945404
1781548255836053,191556139,-0.005345406010746956,0.5701169371604919,0.8215330839157104,-0.0047545162960886955,0.03673480078577995,-0.14375637471675873,-9.862035751342773,0.7712432146072388,0.05220508575439453,0.15082678198814392
1781548255864318,191572806,-0.005349935032427311,0.5701116323471069,0.8215366005897522,-0.004767494276165962,0.026152804493904114,-0.1310286521911621,-9.847705841064453,0.826195240020752,0.009700809605419636,0.08929227292537689
1781548255865842,191589473,-0.005352360662072897,0.5701130032539368,0.8215356469154358,-0.004767187871038914,0.024328937754034996,-0.13803087174892426,-9.849651336669922,0.7429282665252686,0.0502329021692276,0.13895529508590698
1781548255894487,191606140,-0.00535673787817359,0.5701130628585815,0.8215355277061462,-0.004772679880261421,0.023957012221217155,-0.12805324792861938,-9.86336612701416,0.7833707928657532,0.03810529410839081,0.10352012515068054
1781548255924230,191622807,-0.00536078168079257,0.5701133012771606,0.8215353488922119,-0.004768488463014364,0.024536358192563057,-0.1348373144865036,-9.858813285827637,0.7272149920463562,0.07484671473503113,0.15185128152370453
1781548255926305,191639474,-0.005361396353691816,0.5701234936714172,0.8215283155441284,-0.00477227009832859,0.019987422972917557,-0.13120746612548828,-9.845016479492188,0.7590771913528442,0.023211507126688957,0.12191005051136017
1781548255954214,191656141,-0.005361247807741165,0.5701277852058411,0.8215253949165344,-0.004762520082294941,0.033680882304906845,-0.13927896320819855,-9.869030952453613,0.6793960332870483,0.0729769840836525,0.17234143614768982
1781548255957050,191672808,-0.005357256159186363,0.5701372027397156,0.8215188384056091,-0.004765080288052559,0.029146090149879456,-0.13947923481464386,-9.867485046386719,0.7338742017745972,0.002746962010860443,0.17244389653205872
1781548255984640,191689475,-0.005350268911570311,0.5701387524604797,0.8215177655220032,-0.0047640111297369,0.02883138321340084,-0.1312861442565918,-9.864978790283203,0.7017175555229187,-0.0002561270375736058,0.11924632638692856
1781548255986514,191706142,-0.005346022546291351,0.5701383352279663,0.821518063545227,-0.004760549403727055,0.033115681260824203,-0.12884001433849335,-9.8654146194458,0.6989001035690308,0.02478668838739395,0.12289614230394363
1781548256014033,191722809,-0.005346049554646015,0.5701237916946411,0.8215282559394836,-0.004755741450935602,0.029128311201930046,-0.11538990586996078,-9.858996391296387,0.7079669833183289,0.05477915704250336,0.10515931993722916
1781548256016151,191739476,-0.005343329627066851,0.5701242685317993,0.8215279579162598,-0.004756310489028692,0.0406472347676754,-0.13783061504364014,-9.81899642944336,0.7279449105262756,0.016744302585721016,0.06388447433710098
1781548256044695,191756143,-0.005353675689548254,0.5701314806938171,0.8215229511260986,-0.004755029454827309,0.03596591576933861,-0.12667641043663025,-9.85132122039795,0.7681056261062622,0.09981908649206161,0.236283540725708
1781548256074576,191772810,-0.005349041428416967,0.5701344013214111,0.8215209245681763,-0.004756242502480745,0.02429317682981491,-0.14494368433952332,-9.85629940032959,0.723757266998291,0.004501431714743376,0.1551937460899353
1781548256075685,191789477,-0.0053487843833863735,0.5701389312744141,0.8215177059173584,-0.004758941009640694,0.022007979452610016,-0.13210509717464447,-9.845284461975098,0.7492674589157104,0.023685339838266373,0.1813059002161026
1781548256104931,191806144,-0.005347944796085358,0.570146918296814,0.8215123414993286,-0.004749393556267023,0.01646501012146473,-0.1166558712720871,-9.868934631347656,0.6778848767280579,0.06793127954006195,0.16189147531986237
1781548256105785,191822811,-0.005352679640054703,0.5701574087142944,0.8215049505233765,-0.004758008290082216,0.031581487506628036,-0.14516183733940125,-9.868643760681152,0.8025035262107849,0.02793705277144909,0.1496998369693756
1781548256134911,191839478,-0.005368800833821297,0.5701481699943542,0.8215112686157227,-0.004748694598674774,0.020595377311110497,-0.14901340007781982,-9.844297409057617,0.7457072734832764,0.16291595995426178,0.09675836563110352
1781548256136028,191856145,-0.0053687067702412605,0.5701436996459961,0.8215144872665405,-0.0047363704070448875,0.024915436282753944,-0.14647072553634644,-9.844365119934082,0.6651553511619568,0.08279944956302643,0.08938191086053848
1781548256164054,191872812,-0.005367605946958065,0.5701382160186768,0.8215183615684509,-0.0047263577580451965,0.026460425928235054,-0.12477029860019684,-9.85747241973877,0.6743503212928772,0.06784163415431976,0.07424481213092804
1781548256166390,191889479,-0.005357122514396906,0.570137619972229,0.8215188980102539,-0.004725086502730846,0.026338767260313034,-0.13131475448608398,-9.857930183410645,0.6868237257003784,-0.019107071682810783,0.11599349975585938
1781548256194250,191906146,-0.005354681052267551,0.5701386332511902,0.8215180039405823,-0.004728682804852724,0.029464371502399445,-0.13617125153541565,-9.873218536376953,0.745822548866272,0.0075749559327960014,0.14738185703754425
1781548256224588,191922813,-0.005339966155588627,0.5701403021812439,0.8215169310569763,-0.0047362144105136395,0.034714244306087494,-0.14071659743785858,-9.842877388000488,0.7199793457984924,-0.07738876342773438,0.1354847550392151
1781548256225457,191939480,-0.005335393361747265,0.5701409578323364,0.8215166330337524,-0.004742756951600313,0.0366811566054821,-0.1359495222568512,-9.840699195861816,0.754133939743042,-0.016379322856664658,0.12130813300609589
1781548256254604,191956147,-0.005322272889316082,0.570142924785614,0.8215152621269226,-0.004744682461023331,0.038243960589170456,-0.1287255883216858,-9.86363410949707,0.6947380304336548,-0.04703771695494652,0.08980453014373779
1781548256255547,191972814,-0.005331695545464754,0.5701476335525513,0.82151198387146,-0.004740647040307522,0.02555576153099537,-0.1388462334871292,-9.85452938079834,0.749190628528595,0.10473672300577164,0.1779250204563141
1781548256284406,191989481,-0.005335203837603331,0.5701459050178528,0.8215132355690002,-0.00474465312436223,0.025104975327849388,-0.14669959247112274,-9.857958793640137,0.7714224457740784,0.0391169935464859,0.10389149934053421
1781548256285934,192006148,-0.005338272545486689,0.5701420903205872,0.821515679359436,-0.004746155813336372,0.01692618988454342,-0.13533084094524384,-9.87324333190918,0.7554145455360413,0.0472746416926384,0.1544765830039978
1781548256314399,192022815,-0.005338880233466625,0.5701411962509155,0.8215163350105286,-0.0047462075017392635,0.015720896422863007,-0.13885338604450226,-9.865924835205078,0.7378314733505249,0.038297392427921295,0.11073010414838791
1781548256316196,192039482,-0.0053244042210280895,0.5701423287391663,0.821515679359436,-0.004744245205074549,0.03344479948282242,-0.14245465397834778,-9.861757278442383,0.6673452258110046,-0.03902094438672066,0.11718450486660004
1781548256344299,192056149,-0.0053239017724990845,0.5701429843902588,0.8215152025222778,-0.004748071543872356,0.0236816443502903,-0.1364680677652359,-9.844197273254395,0.7547998428344727,0.017371810972690582,0.12657155096530914
1781548256374018,192072816,-0.005319118965417147,0.5701348185539246,0.821520984172821,-0.004741809330880642,0.025784317404031754,-0.1332494616508484,-9.841341972351074,0.680702269077301,0.033571843057870865,0.14768922328948975
1781548256376000,192089483,-0.005315461196005344,0.5701237916946411,0.8215287327766418,-0.004733642563223839,0.020985255017876625,-0.13784492015838623,-9.851897239685059,0.6746705770492554,0.04657028988003731,0.07626821845769882
1781548256404046,192106150,-0.005320313852280378,0.5701172351837158,0.8215330839157104,-0.0047318763099610806,0.031964048743247986,-0.14277292788028717,-9.864655494689941,0.7441577911376953,0.06946804374456406,0.09120041877031326
1781548256406110,192122817,-0.0053251576609909534,0.5701110363006592,0.8215372562408447,-0.004739050753414631,0.020481009036302567,-0.13534514605998993,-9.85113525390625,0.7947684526443481,0.03399445116519928,0.06498581916093826
1781548256434019,192139484,-0.005327738355845213,0.5701123476028442,0.8215364813804626,-0.004739366937428713,0.03120240941643715,-0.13844214379787445,-9.837606430053711,0.7470007538795471,0.04872175678610802,0.14215686917304993
1781548256435971,192156151,-0.0053288573399186134,0.5701104402542114,0.8215378522872925,-0.004737157374620438,0.026750141754746437,-0.14009076356887817,-9.839058876037598,0.7269971966743469,0.050156064331531525,0.11198511719703674
1781548256465851,192172818,-0.0053255558013916016,0.5701242089271545,0.8215282559394836,-0.004729866050183773,0.04289284348487854,-0.13613547384738922,-9.866472244262695,0.6809328198432922,0.04541771858930588,0.19891463220119476
1781548256466334,192189485,-0.00531995203346014,0.5701366066932678,0.8215196132659912,-0.004733834881335497,0.019987422972917557,-0.1413603276014328,-9.872503280639648,0.7355262637138367,-0.011884291656315327,0.18367506563663483
1781548256494959,192206152,-0.005321584176272154,0.5701400637626648,0.8215172290802002,-0.0047394814901053905,0.025330277159810066,-0.14242245256900787,-9.881275177001953,0.7732024788856506,0.02277609147131443,0.1722261905670166
1781548256524634,192222819,-0.005319128278642893,0.5701366066932678,0.821519672870636,-0.004741735756397247,0.019050357863307,-0.13754449784755707,-9.868632316589355,0.7382667660713196,0.01232611108571291,0.09673275798559189
1781548256525924,192239486,-0.005318799521774054,0.5701450109481812,0.821513831615448,-0.004746305290609598,0.014204894192516804,-0.13181543350219727,-9.833890914916992,0.7594742178916931,0.015873471274971962,0.1900782436132431
1781548256554008,192256153,-0.0053231255151331425,0.5701475739479065,0.8215120434761047,-0.004745586309581995,0.028731249272823334,-0.12310020625591278,-9.857561111450195,0.7479227781295776,0.06296242028474808,0.17010033130645752
1781548256557099,192272820,-0.0053199357353150845,0.5701442956924438,0.8215143084526062,-0.00474440585821867,0.047145139425992966,-0.13451546430587769,-9.867753982543945,0.7160221934318542,0.021431423723697662,0.08145477622747421
1781548256583995,192289487,-0.005313837435096502,0.5701448321342468,0.8215139508247375,-0.004750823136419058,0.031052080914378166,-0.1224457398056984,-9.864755630493164,0.7474744915962219,-0.024434514343738556,0.12328032404184341
1781548256585766,192306154,-0.005308536347001791,0.5701403021812439,0.8215172290802002,-0.00475708395242691,0.01857832260429859,-0.1335570216178894,-9.846585273742676,0.7497925758361816,-0.019721781834959984,0.07181160897016525
1781548256613983,192322821,-0.005322897806763649,0.5701397657394409,0.8215173482894897,-0.004756726790219545,0.02300216443836689,-0.13218377530574799,-9.857146263122559,0.7892744541168213,0.11788883805274963,0.13361504673957825
1781548256615957,192339488,-0.005325063597410917,0.5701431035995483,0.821514904499054,-0.004767320584505796,0.02771560661494732,-0.1336357146501541,-9.853784561157227,0.8035279512405396,0.0057820663787424564,0.12681487202644348
1781548256644751,192356155,-0.005332925356924534,0.5701357126235962,0.8215199112892151,-0.004769058432430029,0.020352313295006752,-0.1367577314376831,-9.850791931152344,0.7756998538970947,0.07304100692272186,0.10836093872785568
1781548256674001,192372822,-0.005334985908120871,0.5701390504837036,0.8215175867080688,-0.004776960238814354,0.01845322921872139,-0.13435453176498413,-9.86147403717041,0.7878530621528625,0.01582224667072296,0.13383275270462036
1781548256675683,192389489,-0.005340348929166794,0.570144772529602,0.8215136528015137,-0.004775461740791798,0.027876535430550575,-0.13258787989616394,-9.864999771118164,0.7475770115852356,0.07158109545707703,0.1616097390651703
1781548256704118,192406156,-0.005328864324837923,0.5701370239257812,0.8215190172195435,-0.004785653669387102,0.030658939853310585,-0.14126020669937134,-9.869349479675293,0.7475129961967468,-0.06928236037492752,0.1143927201628685
1781548256706011,192422823,-0.005325410049408674,0.5701491832733154,0.8215106129646301,-0.004787703976035118,0.031774602830410004,-0.13871034979820251,-9.860225677490234,0.7329137325286865,0.008612269535660744,0.2424946427345276
1781548256734438,192439490,-0.005325353238731623,0.5701470375061035,0.8215121030807495,-0.0047890180721879005,0.027794282883405685,-0.1378234475851059,-9.85624885559082,0.7424801588058472,0.028974367305636406,0.059286996722221375
1781548256736177,192456157,-0.005323976743966341,0.5701323747634888,0.8215222954750061,-0.004792823456227779,0.04033604636788368,-0.14310194551944733,-9.858101844787598,0.7514445185661316,0.011660180054605007,0.002285933354869485
1781548256764045,192472824,-0.005316141061484814,0.5701317191123962,0.8215228915214539,-0.0047870236448943615,0.02646026946604252,-0.13973313570022583,-9.839675903320312,0.6716994047164917,0.01335061900317669,0.09508073329925537
1781548256766267,192489491,-0.00530289625748992,0.570132315158844,0.82152259349823,-0.004787825047969818,0.030776839703321457,-0.13446897268295288,-9.846063613891602,0.6876689791679382,-0.042517080903053284,0.1409146785736084
1781548256794255,192506158,-0.005288880318403244,0.5701351165771484,0.8215206265449524,-0.004788140766322613,0.039581604301929474,-0.15098749101161957,-9.875893592834473,0.6818933486938477,-0.04497590288519859,0.1509036272764206
1781548256824513,192522825,-0.005279956851154566,0.5701344609260559,0.8215211629867554,-0.004787031561136246,0.021700425073504448,-0.1395614892244339,-9.848631858825684,0.6938543915748596,-0.01084697712212801,0.1204117015004158
1781548256825828,192539492,-0.005285864230245352,0.5701449513435364,0.8215138912200928,-0.004788811318576336,0.026946721598505974,-0.1374300718307495,-9.864127159118652,0.7682593464851379,0.0619635246694088,0.19097468256950378
1781548256853997,192556159,-0.005279626231640577,0.5701410174369812,0.821516752243042,-0.004779763985425234,0.03144916519522667,-0.12998798489570618,-9.867911338806152,0.6595590114593506,0.035223864018917084,0.08894649893045425
1781548256856202,192572826,-0.005277041811496019,0.5701347589492798,0.8215210437774658,-0.00477811461314559,0.026792945340275764,-0.1433415412902832,-9.870264053344727,0.7157788872718811,0.02668202854692936,0.07056938856840134
1781548256884005,192589493,-0.005288857035338879,0.5701245665550232,0.8215280771255493,-0.004769289866089821,0.03792920708656311,-0.1249920129776001,-9.85555362701416,0.7316203117370605,0.13608665764331818,0.0474795401096344
1781548256885978,192606160,-0.005285940133035183,0.5701151490211487,0.8215346932411194,-0.004765938501805067,0.045349884778261185,-0.12494910508394241,-9.881160736083984,0.7047269940376282,0.031574055552482605,0.06458882987499237
1781548256914666,192622827,-0.005287592299282551,0.5701043009757996,0.8215421438217163,-0.004773466847836971,0.018546251580119133,-0.14606304466724396,-9.847634315490723,0.7841903567314148,0.014477577060461044,0.03772110119462013
1781548256916353,192639494,-0.00529197882860899,0.5701009631156921,0.8215444087982178,-0.004774575121700764,0.030236832797527313,-0.13676847517490387,-9.848556518554688,0.7584112286567688,0.05603417754173279,0.137431338429451
1781548256944324,192656161,-0.005294095724821091,0.5701053142547607,0.8215411901473999,-0.004782050848007202,0.04362954944372177,-0.13639295101165771,-9.84836196899414,0.7855094075202942,0.01816580630838871,0.16450397670269012
1781548256974489,192672828,-0.005308541934937239,0.5701169967651367,0.8215330839157104,-0.004784423857927322,0.02431105636060238,-0.13730132579803467,-9.855401039123535,0.8050904273986816,0.107963927090168,0.20542025566101074
1781548256976737,192689495,-0.005309091415256262,0.5701162815093994,0.8215335607528687,-0.004782961215823889,0.03305846080183983,-0.13574925065040588,-9.871193885803223,0.7292254567146301,0.043637633323669434,0.09363362193107605
1781548257004024,192706162,-0.0053060115315020084,0.5701106786727905,0.8215374946594238,-0.00477477116510272,0.028931517153978348,-0.12164469063282013,-9.846611022949219,0.6768603920936584,0.04959259182214737,0.07763849943876266
1781548257005766,192722829,-0.00530128413811326,0.5701090693473816,0.8215386271476746,-0.004776568617671728,0.03119168058037758,-0.14364194869995117,-9.838399887084961,0.726689875125885,0.001696841325610876,0.13136111199855804
1781548257034019,192739496,-0.005306042265146971,0.5701095461845398,0.8215382099151611,-0.004783921409398317,0.03434589505195618,-0.14197543263435364,-9.865579605102539,0.7951909899711609,0.033533427864313126,0.14598599076271057
1781548257036410,192756163,-0.005307142622768879,0.5701029300689697,0.8215427994728088,-0.004787957761436701,0.023173823952674866,-0.12594686448574066,-9.85722541809082,0.762214720249176,0.02513246051967144,0.06315451860427856
1781548257064118,192772830,-0.00530669279396534,0.5701009631156921,0.8215441703796387,-0.004787224344909191,0.031384795904159546,-0.13110733032226562,-9.841557502746582,0.7292895913124084,0.03528789430856705,0.09737307578325272
1781548257070383,192789497,-0.0053145987913012505,0.5700979828834534,0.8215463161468506,-0.004786940291523933,0.0365058034658432,-0.12222760915756226,-9.863288879394531,0.7645198106765747,0.08099375665187836,0.1122540533542633
1781548257094827,192806164,-0.005313261412084103,0.5701101422309875,0.8215378522872925,-0.004791736137121916,0.037882763892412186,-0.1361784040927887,-9.870946884155273,0.7569257020950317,0.009034879505634308,0.1880292296409607
1781548257124732,192822831,-0.005315867252647877,0.5701156258583069,0.8215341567993164,-0.004779823124408722,0.02308441884815693,-0.14318418502807617,-9.857064247131348,0.6780385375022888,0.09661751240491867,0.1484576016664505
1781548257126642,192839498,-0.005313325207680464,0.5701181292533875,0.8215323686599731,-0.004775643814355135,0.024686437100172043,-0.14161421358585358,-9.867684364318848,0.7015382647514343,0.03709359094500542,0.12545737624168396
1781548257154018,192856165,-0.005312152206897736,0.5701128244400024,0.8215360641479492,-0.004774210974574089,0.02990424446761608,-0.13660039007663727,-9.8622465133667,0.7224253416061401,0.034020066261291504,0.08875439316034317
1781548257155914,192872832,-0.005312144756317139,0.5701038837432861,0.8215423226356506,-0.004777259659022093,0.024164432659745216,-0.13278457522392273,-9.856534957885742,0.7523282170295715,0.02282731793820858,0.05976082757115364
1781548257184023,192889499,-0.005318061914294958,0.5700992345809937,0.8215453624725342,-0.004787039943039417,0.023545749485492706,-0.14143900573253632,-9.854836463928223,0.8135938048362732,0.02996045909821987,0.08262016624212265
1781548257185984,192906166,-0.005321653094142675,0.5701047778129578,0.821541428565979,-0.004794273059815168,0.029628876596689224,-0.14282657206058502,-9.855165481567383,0.78992760181427,0.02743760123848915,0.16848672926425934
1781548257214130,192922833,-0.005321457050740719,0.5700908899307251,0.8215512037277222,-0.004786510951817036,0.021185455843806267,-0.14103129506111145,-9.863468170166016,0.6906912922859192,0.06357712298631668,-0.0030094922985881567
1781548257216623,192939500,-0.005313714500516653,0.5700902938842773,0.8215516805648804,-0.004778419621288776,0.03855866566300392,-0.1222204640507698,-9.864120483398438,0.6590211391448975,0.023070640861988068,0.1137780100107193
1781548257244310,192956167,-0.005311513319611549,0.5700699687004089,0.8215654492378235,-0.004817391280084848,0.02858462557196617,-0.1470894068479538,-9.85212230682373,0.741801381111145,-0.001792888855561614,0.08781954646110535
1781548257274007,192972834,-0.005308121908456087,0.5700680613517761,0.8215669393539429,-0.004822602495551109,0.025684459134936333,-0.14449308812618256,-9.865047454833984,0.7509707808494568,-0.004008387215435505,0.13342294096946716
1781548257275957,192989501,-0.005302526522427797,0.5700621008872986,0.8215711116790771,-0.004825673531740904,0.02673572488129139,-0.12087222933769226,-9.88463020324707,0.7301988005638123,-0.008132031187415123,0.11375238746404648
1781548257304064,193006168,-0.005307728424668312,0.5700664520263672,0.8215678334236145,-0.004832696635276079,0.02820536121726036,-0.1275203973054886,-9.87314224243164,0.7948324084281921,0.03754181042313576,0.16962648928165436
1781548257306320,193022835,-0.00530901039019227,0.5700802803039551,0.8215582370758057,-0.004828538279980421,0.015667177736759186,-0.13528792560100555,-9.869139671325684,0.7164064049720764,0.058992452919483185,0.18914338946342468
1781548257334908,193039502,-0.005307929590344429,0.5700730681419373,0.8215632438659668,-0.0048306905664503574,0.023113176226615906,-0.13043859601020813,-9.86513614654541,0.7425697445869446,0.021521070972085,0.14587073028087616
1781548257336541,193056169,-0.005311794113367796,0.5700680017471313,0.8215668201446533,-0.004820153582841158,0.04760289564728737,-0.1468140333890915,-9.870071411132812,0.6902687549591064,0.09952455759048462,0.17879585921764374
1781548257364139,193072836,-0.005314957350492477,0.5700770616531372,0.8215605616569519,-0.004820223897695541,0.038326214998960495,-0.14037686586380005,-9.862614631652832,0.747602641582489,0.05334484949707985,0.1918967366218567
1781548257365939,193089503,-0.0053026992827653885,0.5700811147689819,0.8215577006340027,-0.00483172619715333,0.03157791122794151,-0.13333530724048615,-9.847891807556152,0.7516750693321228,-0.07881027460098267,0.15617983043193817
1781548257394241,193106170,-0.005311544518917799,0.5700658559799194,0.8215682506561279,-0.004820612724870443,0.01818501390516758,-0.14011222124099731,-9.845145225524902,0.7069041132926941,0.12844130396842957,0.03166370093822479
1781548257424678,193122837,-0.005306672304868698,0.5700645446777344,0.8215692043304443,-0.0048186294734478,0.04058995097875595,-0.14353466033935547,-9.874191284179688,0.7044708132743835,0.015771016478538513,0.13289788365364075
1781548257426464,193139504,-0.005305096041411161,0.5700833201408386,0.8215562105178833,-0.004812915343791246,0.03478219360113144,-0.14125661551952362,-9.859048843383789,0.6965821385383606,0.048311952501535416,0.16761590540409088
1781548257453988,193156171,-0.005318294279277325,0.5700852870941162,0.8215548992156982,-0.0048201014287769794,0.024113740772008896,-0.12735697627067566,-9.871362686157227,0.8271557092666626,0.08171090483665466,0.1338711827993393
1781548257456171,193172838,-0.005319435149431229,0.5700862407684326,0.8215541839599609,-0.0048217917792499065,0.02137141488492489,-0.1322910636663437,-9.858087539672852,0.7488832473754883,0.035441573709249496,0.15067309141159058
1781548257484469,193189505,-0.0053167445585131645,0.5700935125350952,0.8215490579605103,-0.00482228072360158,0.03186400607228279,-0.14035183191299438,-9.863883972167969,0.7271509170532227,0.018101774156093597,0.15012241899967194
1781548257486120,193206172,-0.005321688950061798,0.5700936317443848,0.8215489983558655,-0.004822859074920416,0.027801435440778732,-0.12710914015769958,-9.8714017868042,0.7573739290237427,0.06143845245242119,0.15748608112335205
1781548257514392,193222839,-0.005320318974554539,0.5700863003730774,0.8215541243553162,-0.0048271408304572105,0.04177367687225342,-0.1328561007976532,-9.845895767211914,0.753749668598175,0.010456383228302002,0.06959609687328339
1781548257516575,193239506,-0.005325584206730127,0.5700837969779968,0.8215557336807251,-0.0048426855355501175,0.033169087022542953,-0.143530935049057,-9.84581184387207,0.8434069156646729,0.004001983907073736,0.10476233810186386
1781548257544249,193256173,-0.005330936051905155,0.5700739026069641,0.8215625286102295,-0.004845747724175453,0.031831759959459305,-0.1414497047662735,-9.856963157653809,0.7732154130935669,0.05315275117754936,0.05466390773653984
1781548257574022,193272840,-0.005326306913048029,0.5700675249099731,0.8215669989585876,-0.004852409940212965,0.023635154590010643,-0.14018017053604126,-9.86945915222168,0.754402756690979,-0.017173314467072487,0.08279944956302643
1781548257576088,193289507,-0.005330073181539774,0.570069432258606,0.8215656876564026,-0.004850863013416529,0.021478701382875443,-0.134565532207489,-9.854310989379883,0.7408793568611145,0.06265506148338318,0.13241125643253326
1781548257604467,193306174,-0.0053312587551772594,0.5700749754905701,0.8215617537498474,-0.004848644137382507,0.047931745648384094,-0.13970454037189484,-9.85202407836914,0.7269204258918762,0.05088603124022484,0.15933020412921906
1781548257605942,193322841,-0.00533266831189394,0.570070743560791,0.8215647339820862,-0.004843216389417648,0.036666952073574066,-0.13944347202777863,-9.872893333435059,0.7097470760345459,0.06446076184511185,0.09910192340612411
1781548257634024,193339508,-0.0053240833804011345,0.570059061050415,0.8215729594230652,-0.00484035350382328,0.033054884523153305,-0.13942916691303253,-9.858104705810547,0.6852229237556458,-0.002535657025873661,0.03519824892282486
1781548257635886,193356175,-0.005325008183717728,0.5700564980506897,0.8215746879577637,-0.004835941828787327,0.028398366644978523,-0.13227319717407227,-9.852489471435547,0.7133328914642334,0.058339327573776245,0.150288924574852
1781548257664573,193372842,-0.005333296488970518,0.5700674057006836,0.8215671181678772,-0.004834996070712805,0.025298090651631355,-0.1101185753941536,-9.841622352600098,0.761728048324585,0.08682063966989517,0.24021509289741516
1781548257666486,193389509,-0.005331026390194893,0.5700559616088867,0.8215749859809875,-0.004830346908420324,0.027261482551693916,-0.14535853266716003,-9.874831199645996,0.6997709274291992,0.04041043668985367,0.05682818219065666
1781548257694609,193406176,-0.005324822384864092,0.5700512528419495,0.821578323841095,-0.004831958562135696,0.01559584029018879,-0.13339252769947052,-9.86408805847168,0.7196335196495056,-0.0061982725746929646,0.09481179714202881
1781548257724021,193422843,-0.005325998179614544,0.5700534582138062,0.8215767741203308,-0.0048260740004479885,0.023731712251901627,-0.14123515784740448,-9.861709594726562,0.7061613202095032,0.06539562344551086,0.16194269061088562
1781548257726788,193439510,-0.005327770486474037,0.5700466632843018,0.8215814828872681,-0.0048257713206112385,0.024110857397317886,-0.13121820986270905,-9.84764575958252,0.7401878237724304,0.04609645903110504,0.0660487487912178
1781548257754049,193456177,-0.005324011668562889,0.5700468420982361,0.8215814232826233,-0.0048200758174061775,0.027976669371128082,-0.12160535156726837,-9.857100486755371,0.6878483295440674,0.036837466061115265,0.15511693060398102
1781548257755971,193472844,-0.005319517105817795,0.5700471997261047,0.8215813040733337,-0.004812402185052633,0.039738815277814865,-0.1423044353723526,-9.861552238464355,0.6739917397499084,0.04005185514688492,0.1284540742635727
1781548257784044,193489511,-0.005320931319147348,0.5700419545173645,0.821584939956665,-0.0048086573369801044,0.029349932447075844,-0.14296603202819824,-9.85433578491211,0.7192878723144531,0.05781427025794983,0.09061133861541748
1781548257785954,193506178,-0.005321642849594355,0.5700364112854004,0.8215887546539307,-0.004811162129044533,0.018503371626138687,-0.11602647602558136,-9.86970329284668,0.7518928647041321,0.029115235432982445,0.07250314950942993
1781548257814009,193522845,-0.0053163012489676476,0.5700472593307495,0.8215813040733337,-0.004805314354598522,0.025644982233643532,-0.1338610202074051,-9.85153579711914,0.6809200048446655,0.0281035378575325,0.1735324263572693
1781548257816585,193539512,-0.005310594569891691,0.5700415968894958,0.8215852975845337,-0.004813231062144041,0.02239421010017395,-0.1356741487979889,-9.845094680786133,0.7573355436325073,-0.028391679748892784,0.0699162632226944
1781548257844245,193556179,-0.005315085407346487,0.5700455904006958,0.821582555770874,-0.004811553750187159,0.0280876737087965,-0.14527268707752228,-9.859993934631348,0.7431332468986511,0.06717570871114731,0.13700872659683228
1781548257874462,193572846,-0.0053216805681586266,0.5700432062149048,0.821584165096283,-0.004805674776434898,0.03388446941971779,-0.13033844530582428,-9.86510944366455,0.7276631593704224,0.0953112468123436,0.09444041550159454
1781548257875671,193589513,-0.005318769253790379,0.5700411796569824,0.8215855956077576,-0.004812815226614475,0.03885559365153313,-0.11893750727176666,-9.848671913146973,0.7638795375823975,-0.009399861097335815,0.0949142575263977
1781548257904074,193606180,-0.00532109709456563,0.5700439810752869,0.8215835094451904,-0.004811564926058054,0.024965381249785423,-0.13009527325630188,-9.851995468139648,0.7370118498802185,0.05310153216123581,0.12034767866134644
1781548257906160,193622847,-0.005322339478880167,0.5700387358665466,0.8215871453285217,-0.004804979544132948,0.03581209480762482,-0.1453835368156433,-9.89715576171875,0.7027804851531982,0.06735499948263168,0.047402702271938324
1781548257934048,193639514,-0.00531897135078907,0.5700409412384033,0.8215856552124023,-0.004802961368113756,0.033011823892593384,-0.14246177673339844,-9.847271919250488,0.7101953625679016,0.02437688782811165,0.14708732068538666
1781548257936065,193656181,-0.0053151571191847324,0.5700544714927673,0.8215763568878174,-0.004806740675121546,0.038064926862716675,-0.14510458707809448,-9.850000381469727,0.7411738038063049,-0.0005250603426247835,0.21896933019161224
1781548257964227,193672848,-0.005311149172484875,0.5700476765632629,0.8215810656547546,-0.004795987159013748,0.02737586759030819,-0.13105368614196777,-9.849390029907227,0.658444881439209,0.05465109646320343,0.08479724079370499
1781548257965659,193689515,-0.005327296443283558,0.5700429081916809,0.8215842843055725,-0.004798297770321369,0.02656899020075798,-0.13312360644340515,-9.871261596679688,0.8108276724815369,0.11872126907110214,0.19756998121738434
1781548257994252,193706182,-0.0053216321393847466,0.5700470805168152,0.8215814828872681,-0.004794392269104719,0.03160668909549713,-0.14920295774936676,-9.860672950744629,0.6905118823051453,0.0190750565379858,0.17615771293640137
1781548258024163,193722849,-0.005332892294973135,0.5700454711914062,0.821582555770874,-0.004791781771928072,0.034020572900772095,-0.1436920017004013,-9.867095947265625,0.7643150091171265,0.10897562652826309,0.10545387864112854
1781548258026206,193739516,-0.005332291591912508,0.5700494050979614,0.8215798735618591,-0.004779978189617395,0.03715337812900543,-0.13583865761756897,-9.861148834228516,0.6656932830810547,0.07866300642490387,0.17514604330062866
1781548258054026,193756183,-0.005324194673448801,0.5700526237487793,0.8215776681900024,-0.00478430837392807,0.027533220127224922,-0.12418737262487411,-9.856399536132812,0.7276120185852051,-0.027354363352060318,0.1433606743812561
1781548258056556,193772850,-0.005320936907082796,0.5700622200965881,0.8215709924697876,-0.0047852653078734875,0.023231154307723045,-0.14313413202762604,-9.85974407196045,0.7277400493621826,0.01237733755260706,0.11102466285228729
1781548258084441,193789517,-0.00532146031036973,0.570055365562439,0.8215757012367249,-0.004778746981173754,0.018192166462540627,-0.1295481026172638,-9.853667259216309,0.7001295685768127,0.0637051910161972,0.08783236145973206
1781548258086017,193806184,-0.005325588863343,0.5700427293777466,0.8215844631195068,-0.004775722976773977,0.029310595244169235,-0.14461109042167664,-9.8655366897583,0.7340792417526245,0.0698138177394867,0.026656419038772583
1781548258114011,193822851,-0.005321066360920668,0.570047914981842,0.8215810060501099,-0.004773535765707493,0.02008024789392948,-0.13254494965076447,-9.867988586425781,0.7047783136367798,0.018550001084804535,0.1612255573272705
1781548258115711,193839518,-0.0053182984702289104,0.5700525045394897,0.8215779066085815,-0.004776320420205593,0.025433871895074844,-0.1293192207813263,-9.862323760986328,0.7398548126220703,0.00829211063683033,0.11239492893218994
1781548258144326,193856185,-0.005318872164934874,0.5700538158416748,0.8215769529342651,-0.004773527383804321,0.022100960835814476,-0.13568130135536194,-9.87625789642334,0.7213112711906433,0.049566976726055145,0.1346779763698578
1781548258174077,193872852,-0.005322176031768322,0.5700632929801941,0.8215704560279846,-0.004764391575008631,0.028849128633737564,-0.14438578486442566,-9.864075660705566,0.6962491869926453,0.08945875614881516,0.13986456394195557
1781548258176555,193889519,-0.00531611405313015,0.5700560212135315,0.821575403213501,-0.004763268865644932,0.028784891590476036,-0.13722264766693115,-9.877884864807129,0.7049574851989746,0.0045782700181007385,0.031727731227874756
1781548258204052,193906186,-0.005322184879332781,0.5700544714927673,0.8215765953063965,-0.004751263651996851,0.02758672833442688,-0.14783325791358948,-9.868335723876953,0.6907296776771545,0.1169411763548851,0.138250932097435
1781548258205841,193922853,-0.005315954796969891,0.5700555443763733,0.8215758204460144,-0.004751432687044144,0.02868819609284401,-0.1324913054704666,-9.856401443481445,0.7113479375839233,-0.0003713841433636844,0.14314298331737518
1781548258234028,193939520,-0.005310568958520889,0.5700597167015076,0.82157301902771,-0.004753937944769859,0.027722597122192383,-0.13819178938865662,-9.847768783569336,0.7278168201446533,-0.004661511164158583,0.16305683553218842
1781548258235968,193956187,-0.005313501227647066,0.5700569152832031,0.821574866771698,-0.00476415129378438,0.028906483203172684,-0.13925035297870636,-9.868490219116211,0.804053008556366,0.01200595311820507,0.12420236319303513
1781548258264230,193972854,-0.005319782067090273,0.570060670375824,0.8215722441673279,-0.004761841148138046,0.020212722942233086,-0.13141131401062012,-9.877223014831543,0.7462196350097656,0.08025099337100983,0.17136816680431366
1781548258266448,193989521,-0.005331152584403753,0.5700418949127197,0.8215851783752441,-0.004762877710163593,0.034324437379837036,-0.13283106684684753,-9.870492935180664,0.7855094075202942,0.0944020003080368,-0.030351046472787857
1781548258294362,194006188,-0.005334433168172836,0.5700372457504272,0.8215882778167725,-0.004778339061886072,0.03890921548008919,-0.13789141178131104,-9.829925537109375,0.8351212739944458,-0.007235587574541569,0.07040290534496307
1781548258324241,194022855,-0.005323607474565506,0.5700395107269287,0.8215867280960083,-0.004784249700605869,0.030673274770379066,-0.13436171412467957,-9.840585708618164,0.7257550358772278,-0.0488562248647213,0.1461012363433838
1781548258326386,194039522,-0.00532285263761878,0.5700302124023438,0.8215931057929993,-0.004787401296198368,0.03668830916285515,-0.1231037825345993,-9.845059394836426,0.7498054504394531,0.018357902765274048,0.06311609596014023
1781548258354644,194056189,-0.00531563488766551,0.5700252652168274,0.8215968608856201,-0.004783859476447105,0.014583772979676723,-0.12126918882131577,-9.857887268066406,0.6865931749343872,0.008176853880286217,0.09006065130233765
1781548258356532,194072856,-0.0053131673485040665,0.5700258016586304,0.8215963840484619,-0.004788664635270834,0.02940715290606022,-0.1274596005678177,-9.854121208190918,0.752405047416687,0.002285933354869485,0.11171618849039078
1781548258384645,194089523,-0.005301691126078367,0.5700255036354065,0.8215966820716858,-0.004785468336194754,0.018878798931837082,-0.13785205781459808,-9.854657173156738,0.6718531250953674,-0.017058057710528374,0.12038607150316238
1781548258386889,194106190,-0.005301530472934246,0.5700240731239319,0.8215975761413574,-0.004780258983373642,0.026074128225445747,-0.13353915512561798,-9.870400428771973,0.7048423290252686,0.05466390773653984,0.10690101236104965
1781548258415076,194122857,-0.005295624490827322,0.5700175166130066,0.8216021656990051,-0.004784438293427229,0.020491737872362137,-0.1371261030435562,-9.86585521697998,0.7354110479354858,-0.014829752035439014,0.06923753023147583
1781548258416223,194139524,-0.005298200994729996,0.5700210332870483,0.8215997219085693,-0.004787943791598082,0.02076328545808792,-0.1315937042236328,-9.840168952941895,0.7647375464439392,0.03649168834090233,0.16520830988883972
1781548258445826,194156191,-0.005297018215060234,0.5700216889381409,0.8215992450714111,-0.0047888183034956455,0.029156817123293877,-0.12830716371536255,-9.852018356323242,0.7352316975593567,0.025350168347358704,0.13749536871910095
1781548258474465,194172858,-0.005296897608786821,0.5700258612632751,0.8215963840484619,-0.004788756370544434,0.011890889145433903,-0.13779841363430023,-9.871079444885254,0.7339766621589661,0.0352366678416729,0.16979297995567322
1781548258476526,194189525,-0.005306589882820845,0.5700265765190125,0.8215958476066589,-0.004778885282576084,0.02962159737944603,-0.1266549676656723,-9.837579727172852,0.7170723676681519,0.1287742555141449,0.12888950109481812
1781548258504303,194206192,-0.005308348685503006,0.5700334310531616,0.8215911388397217,-0.004768265411257744,0.04103340208530426,-0.13779126107692719,-9.840445518493652,0.6816371083259583,0.08729447424411774,0.18286824226379395
1781548258506092,194222859,-0.0053075384348630905,0.5700259804725647,0.8215963244438171,-0.004770741797983646,0.021564530208706856,-0.14246179163455963,-9.844808578491211,0.7457969784736633,0.020599011331796646,0.0627831295132637
1781548258534029,194239526,-0.0053148167207837105,0.5700303316116333,0.821593165397644,-0.004778994247317314,0.03912370651960373,-0.1361176073551178,-9.8640775680542,0.8100464344024658,0.04403463006019592,0.1400950700044632
1781548258535905,194256193,-0.005305575206875801,0.5700312852859497,0.8215926289558411,-0.0047781867906451225,0.027554677799344063,-0.12545335292816162,-9.858012199401855,0.6941105127334595,-0.013715600594878197,0.12881267070770264
1781548258564045,194272860,-0.005312653258442879,0.5700297355651855,0.8215937614440918,-0.004762612283229828,0.026370951905846596,-0.12311093509197235,-9.861041069030762,0.6746448874473572,0.13648366928100586,0.12794183194637299
1781548258565956,194289527,-0.005307347979396582,0.5700270533561707,0.8215956687927246,-0.0047712563537061214,0.031113004311919212,-0.1223706603050232,-9.861459732055664,0.7628806829452515,-0.028494128957390785,0.11736379563808441
1781548258594320,194306194,-0.005317185539752245,0.5700262188911438,0.8215960264205933,-0.004779941868036985,0.02096015028655529,-0.13545601069927216,-9.863652229309082,0.8225709795951843,0.05668730288743973,0.11157532036304474
1781548258624120,194322861,-0.005316602997481823,0.5700255036354065,0.8215965628623962,-0.004785992205142975,0.0320429690182209,-0.13348552584648132,-9.866355895996094,0.7666841745376587,0.008676302619278431,0.14626771211624146
1781548258626228,194339528,-0.005307782907038927,0.5700271725654602,0.8215954303741455,-0.004787216894328594,0.03011881746351719,-0.127173513174057,-9.838879585266113,0.7073138952255249,-0.019619328901171684,0.10944946110248566
1781548258654492,194356195,-0.005300635006278753,0.5700291395187378,0.8215940594673157,-0.0047860159538686275,0.03581227734684944,-0.1304493248462677,-9.84241008758545,0.7001039385795593,-0.0002177079295506701,0.14205442368984222
1781548258657158,194372862,-0.005298816133290529,0.570033609867096,0.8215910196304321,-0.0047844210639595985,0.02487967349588871,-0.13580289483070374,-9.852171897888184,0.7187114953994751,0.03152282536029816,0.1621091663837433
1781548258684393,194389529,-0.005298994015902281,0.5700297951698303,0.8215935826301575,-0.004788174759596586,0.02037712186574936,-0.1390143185853958,-9.849145889282227,0.7568361163139343,0.021546684205532074,0.10432692617177963
1781548258686441,194406196,-0.0052869259379804134,0.5700334310531616,0.8215911388397217,-0.004792510531842709,0.03558700531721115,-0.1355239748954773,-9.850785255432129,0.7120266556739807,-0.04939408600330353,0.17156025767326355
1781548258714140,194422863,-0.005285038612782955,0.5700350999832153,0.8215899467468262,-0.004800789058208466,0.023463619872927666,-0.1393469274044037,-9.847248077392578,0.7743552327156067,-0.008042387664318085,0.11535319685935974
1781548258716966,194439530,-0.005284848622977734,0.5700258016586304,0.8215964436531067,-0.004804458934813738,0.029360637068748474,-0.14235806465148926,-9.865331649780273,0.7550943493843079,0.01895979978144169,0.023134669288992882
1781548258744179,194456197,-0.005279650446027517,0.5700229406356812,0.821598470211029,-0.00480044586583972,0.026506848633289337,-0.1292763203382492,-9.86690616607666,0.6918822526931763,0.02167474664747715,0.11345785111188889
1781548258773950,194472864,-0.005280125420540571,0.5700175166130066,0.8216021656990051,-0.0048047397285699844,0.028466610237956047,-0.14180734753608704,-9.865643501281738,0.7610237002372742,0.02088075317442417,0.08140355348587036
1781548258776166,194489531,-0.005289949476718903,0.5700128674507141,0.821605384349823,-0.004798994865268469,0.04507817327976227,-0.14229370653629303,-9.858967781066895,0.7410457730293274,0.11294559389352798,0.07963627576828003
1781548258803960,194506198,-0.0052844081073999405,0.5700194239616394,0.8216009140014648,-0.00480172922834754,0.029940007254481316,-0.13021686673164368,-9.854207038879395,0.7287005186080933,-0.006825784221291542,0.14129886031150818
1781548258805655,194522865,-0.005283972714096308,0.5700265169143677,0.8215959668159485,-0.004801078699529171,0.02871677093207836,-0.13468711078166962,-9.832551956176758,0.7294047474861145,0.035672083497047424,0.17369890213012695
1781548258833995,194539532,-0.005285100545734167,0.5700233578681946,0.8215981125831604,-0.004797246772795916,0.03375949338078499,-0.14342378079891205,-9.852806091308594,0.7176998257637024,0.056533630937337875,0.09917876869440079
1781548258835944,194556199,-0.005278850439935923,0.5700191855430603,0.821601152420044,-0.004789601545780897,0.038372702896595,-0.1281319260597229,-9.847050666809082,0.6673580408096313,0.02964029647409916,0.08507897704839706
1781548258864186,194572866,-0.005278651136904955,0.5700288414955139,0.8215944170951843,-0.004785359371453524,0.030658651143312454,-0.1340147852897644,-9.850053787231445,0.7100929021835327,0.050962869077920914,0.17683647572994232
1781548258866608,194589533,-0.005282269325107336,0.5700361728668213,0.8215893507003784,-0.004787479992955923,0.015159542672336102,-0.13923604786396027,-9.85545539855957,0.761023759841919,0.047761283814907074,0.1783604472875595
1781548258894487,194606200,-0.005289159715175629,0.5700323581695557,0.8215920925140381,-0.004784631542861462,0.03012954629957676,-0.12576448917388916,-9.864874839782715,0.7458481192588806,0.08502775430679321,0.07912402600049973
1781548258924222,194622867,-0.005292970221489668,0.5700448751449585,0.8215833306312561,-0.004787363577634096,0.02793375588953495,-0.13083197176456451,-9.873204231262207,0.7651089429855347,0.04662151262164116,0.21497377753257751
1781548258927598,194639534,-0.005294797010719776,0.5700403451919556,0.8215864300727844,-0.004789839964359999,0.02988278865814209,-0.1330563724040985,-9.849897384643555,0.7560932636260986,0.03549279645085335,0.07584560662508011
1781548258953962,194656201,-0.005291451700031757,0.5700426697731018,0.8215847015380859,-0.004794340580701828,0.01700844243168831,-0.12185925990343094,-9.860243797302246,0.7471672296524048,-0.0010629270691424608,0.1463189572095871
1781548258955362,194672868,-0.005297265015542507,0.5700432658195496,0.8215842247009277,-0.004797638393938541,0.017666464671492577,-0.13835273683071136,-9.84598159790039,0.7763657569885254,0.05524018779397011,0.12819795310497284
1781548258983959,194689535,-0.0052870349027216434,0.5700457096099854,0.821582555770874,-0.004803965333849192,0.01940092444419861,-0.13628925383090973,-9.859503746032715,0.7307494878768921,-0.047934167087078094,0.08967646211385727
1781548258985751,194706202,-0.005292810965329409,0.5700384378433228,0.8215875625610352,-0.0048053511418402195,0.03392738476395607,-0.13098573684692383,-9.861315727233887,0.7653266787528992,0.06246296688914299,0.08913858234882355
1781548259013974,194722869,-0.005290794651955366,0.570037841796875,0.8215880393981934,-0.004800417926162481,0.02585955522954464,-0.11483916640281677,-9.848993301391602,0.6988873481750488,0.04382973536849022,0.1641581952571869
1781548259016135,194739536,-0.0052909753285348415,0.5700279474258423,0.8215948939323425,-0.004797201603651047,0.017366062849760056,-0.11433492600917816,-9.866487503051758,0.7173796892166138,0.04902910441160202,0.09004785120487213
1781548259045484,194756203,-0.005295615643262863,0.5700246691703796,0.821597158908844,-0.004793168045580387,0.027465272694826126,-0.1370474100112915,-9.85435676574707,0.7303525805473328,0.07707501202821732,0.09091867506504059
1781548259074129,194772870,-0.005298418924212456,0.5700265169143677,0.8215958476066589,-0.004786824807524681,0.02750103361904621,-0.14106707274913788,-9.844883918762207,0.7101184725761414,0.07599928230047226,0.13077202439308167
1781548259076186,194789537,-0.005293869413435459,0.5700438618659973,0.8215839862823486,-0.004784988705068827,0.022598054260015488,-0.14464685320854187,-9.855880737304688,0.7066735029220581,0.016872363165020943,0.20235952734947205
1781548259104059,194806204,-0.005301553290337324,0.5700549483299255,0.8215762376785278,-0.004782899282872677,0.026413867250084877,-0.12610064446926117,-9.868175506591797,0.7529429197311401,0.08767867088317871,0.22295212745666504
1781548259106141,194822871,-0.005307331681251526,0.5700578093528748,0.8215742707252502,-0.0047851200215518475,0.022097541019320488,-0.1325986087322235,-9.866595268249512,0.7700650691986084,0.059427861124277115,0.14768923819065094
1781548259134056,194839538,-0.005311939399689436,0.5700616836547852,0.821571409702301,-0.0047843665815889835,0.019601192325353622,-0.14388154447078705,-9.841114044189453,0.7486400008201599,0.06437111645936966,0.14410345256328583
1781548259136244,194856205,-0.005301781464368105,0.5700637698173523,0.821570098400116,-0.004783175885677338,0.02996504120528698,-0.13926465809345245,-9.866809844970703,0.6882324814796448,-0.01704525202512741,0.15625667572021484
1781548259164061,194872872,-0.005293501075357199,0.5700539946556091,0.8215768337249756,-0.004784886725246906,0.02333110012114048,-0.12166613340377808,-9.85926628112793,0.7120778560638428,-0.01828746683895588,0.07708781957626343
1781548259166294,194889539,-0.005304898135364056,0.5700603127479553,0.8215726017951965,-0.004782239440828562,0.0408867783844471,-0.1310572624206543,-9.86003303527832,0.7646864056587219,0.10991048812866211,0.13995419442653656
1781548259194283,194906206,-0.005308653227984905,0.5700541734695435,0.8215766549110413,-0.004782932810485363,0.025780800729990005,-0.1203286424279213,-9.875744819641113,0.7536600828170776,0.053472910076379776,0.07592245191335678
1781548259224150,194922873,-0.005313744302839041,0.5700480937957764,0.8215807676315308,-0.004795381799340248,0.014619535766541958,-0.14877738058567047,-9.854625701904297,0.8251707553863525,0.015297185629606247,0.09958858042955399
1781548259226261,194939540,-0.0053086793050169945,0.5700443387031555,0.8215834498405457,-0.004795506596565247,0.01993745192885399,-0.12428393959999084,-9.909817695617676,0.7157148122787476,0.006051000207662582,0.09706572443246841
1781548259254100,194956207,-0.005307342391461134,0.570070743560791,0.8215651512145996,-0.00480886222794652,0.026227690279483795,-0.12394062429666519,-9.8353910446167,0.7532246112823486,0.07170914113521576,0.20606054365634918
1781548259257356,194972874,-0.005303819198161364,0.5700662732124329,0.8215681910514832,-0.004810321144759655,0.040872473269701004,-0.15068349242210388,-9.899005889892578,0.7293536067008972,0.009675196371972561,0.0983719751238823
1781548259284046,194989541,-0.005299062933772802,0.5700649619102478,0.8215691447257996,-0.0048174127005040646,0.035068172961473465,-0.13374656438827515,-9.829136848449707,0.7562726140022278,-0.01940161921083927,0.11037152260541916
1781548259286117,195006208,-0.005290414206683636,0.5700581669807434,0.8215739727020264,-0.004814835265278816,0.04107631742954254,-0.12239211797714233,-9.865900993347168,0.6864395141601562,-0.003406489035114646,0.09309574961662292
1781548259314025,195022875,-0.005293499678373337,0.5700602531433105,0.8215723633766174,-0.004814117215573788,0.028405815362930298,-0.13614264130592346,-9.815794944763184,0.7430051565170288,0.05561156943440437,0.13013172149658203
1781548259316527,195039542,-0.005287643987685442,0.5700575709342957,0.8215742111206055,-0.004825117066502571,0.020380806177854538,-0.1525288224220276,-9.859088897705078,0.7740093469619751,-0.0409034825861454,0.10555633157491684
1781548259344487,195056209,-0.005282701924443245,0.5700606107711792,0.8215720653533936,-0.004823766648769379,0.014401386491954327,-0.14765086770057678,-9.836930274963379,0.707800567150116,0.012902398593723774,0.14752274751663208
1781548259375731,195072876,-0.005278872326016426,0.5700631737709045,0.8215705156326294,-0.004829637240618467,0.029403576627373695,-0.1362677961587906,-9.874258995056152,0.7528532147407532,-0.008554640226066113,0.1842385232448578
1781548259376467,195089543,-0.005271945148706436,0.5700594186782837,0.8215731382369995,-0.004832719452679157,0.02904595620930195,-0.12239927053451538,-9.87448787689209,0.7250635027885437,-0.015803035348653793,0.10893719643354416
1781548259404617,195106210,-0.005269479006528854,0.5700497031211853,0.8215796947479248,-0.004830974154174328,0.026374470442533493,-0.1348372995853424,-9.849599838256836,0.7154203653335571,0.0279498603194952,0.05785268917679787
1781548259405589,195122877,-0.00527097936719656,0.5700502395629883,0.8215793967247009,-0.004835112020373344,0.0261885654181242,-0.14106707274913788,-9.869133949279785,0.764161229133606,0.02754005417227745,0.11635208874940872
1781548259434658,195139544,-0.005269874352961779,0.5700559616088867,0.8215753436088562,-0.004842898342758417,0.028437800705432892,-0.1344868391752243,-9.849320411682129,0.7743934988975525,-0.000806800031568855,0.18728645145893097
1781548259435902,195156211,-0.005268561653792858,0.5700467824935913,0.8215817213058472,-0.004840271547436714,0.016282539814710617,-0.11329067498445511,-9.857915878295898,0.7148696184158325,0.038041260093450546,0.07046693563461304
1781548259464569,195172878,-0.005262127611786127,0.5700435042381287,0.8215840458869934,-0.004835330881178379,0.026553234085440636,-0.12145870923995972,-9.843945503234863,0.681701123714447,0.018447546288371086,0.11171618849039078
1781548259467898,195189545,-0.005253729876130819,0.5700504779815674,0.8215793967247009,-0.004829069599509239,0.038748204708099365,-0.12722715735435486,-9.873493194580078,0.6665896773338318,0.012812751345336437,0.1752741038799286
1781548259494696,195206212,-0.005249778740108013,0.5700556635856628,0.8215757608413696,-0.004838145337998867,0.03081260249018669,-0.12051460891962051,-9.866362571716309,0.7708333730697632,-0.023038621991872787,0.10792550444602966
1781548259524077,195222879,-0.0052589611150324345,0.570055365562439,0.8215758204460144,-0.004839831963181496,0.027586862444877625,-0.1361927092075348,-9.856616973876953,0.7801563739776611,0.08153162151575089,0.18412327766418457
1781548259526777,195239546,-0.005258582998067141,0.5700549483299255,0.8215761780738831,-0.004838920198380947,0.01433343905955553,-0.13562408089637756,-9.839776992797852,0.7282138466835022,0.03695271909236908,0.130695179104805
1781548259554795,195256213,-0.005251258611679077,0.5700589418411255,0.8215734362602234,-0.004840302746742964,0.01862504333257675,-0.15449216961860657,-9.877906799316406,0.7139603495597839,-0.011179942637681961,0.15843375027179718
1781548259555685,195272880,-0.005245632026344538,0.5700585246086121,0.821573793888092,-0.0048336125910282135,0.035536881536245346,-0.12910109758377075,-9.841737747192383,0.6750802993774414,0.029755553230643272,0.11580143123865128
1781548259584150,195289547,-0.0052497475408017635,0.5700716972351074,0.8215646743774414,-0.004834890365600586,0.031534790992736816,-0.14020520448684692,-9.853072166442871,0.7581678628921509,0.05388271436095238,0.19713452458381653
1781548259586346,195306214,-0.005251464433968067,0.570074737071991,0.8215625882148743,-0.004832109902054071,0.029979346320033073,-0.14648503065109253,-9.844876289367676,0.7257934212684631,0.056418370455503464,0.1662071943283081
1781548259614162,195322881,-0.005249478854238987,0.5700868964195251,0.8215541839599609,-0.004827430006116629,0.027486933395266533,-0.12411941587924957,-9.8560209274292,0.7005392909049988,0.04308696091175079,0.21338579058647156
1781548259616439,195339548,-0.005252762231975794,0.570091187953949,0.8215512037277222,-0.004826607648283243,0.017430292442440987,-0.14866651594638824,-9.863496780395508,0.7430819869041443,0.05710991472005844,0.13822533190250397
1781548259644386,195356215,-0.005256651900708675,0.570081889629364,0.8215575814247131,-0.004826794844120741,0.017673617228865623,-0.1322302669286728,-9.848638534545898,0.7512652277946472,0.05612381920218468,0.04582751914858818
1781548259674071,195372882,-0.005247571971267462,0.5700838565826416,0.8215562701225281,-0.0048297373577952385,0.02057749591767788,-0.1299164593219757,-9.861248970031738,0.7159709334373474,-0.027648910880088806,0.11437992006540298
1781548259676892,195389549,-0.005238113924860954,0.5700839757919312,0.8215562701225281,-0.004825368989259005,0.02264096774160862,-0.13629283010959625,-9.857990264892578,0.6730568408966064,-0.0006018984131515026,0.14690802991390228
1781548259704559,195406216,-0.005243661813437939,0.5700836181640625,0.821556568145752,-0.0048249210231006145,0.012838584370911121,-0.13223741948604584,-9.854113578796387,0.7541594505310059,0.06822582334280014,0.1014326810836792
1781548259706687,195422883,-0.005232521332800388,0.5700846314430237,0.8215558528900146,-0.004819805733859539,0.025845324620604515,-0.13564912974834442,-9.859386444091797,0.6624148488044739,-0.008080806583166122,0.08204387873411179
1781548259734537,195439550,-0.005227282643318176,0.5700854063034058,0.8215553760528564,-0.004807697143405676,0.027547525241971016,-0.13664330542087555,-9.84682559967041,0.646048367023468,0.05275575444102287,0.08922823518514633
1781548259736565,195456217,-0.0052287522703409195,0.5700901746749878,0.821552038192749,-0.004810100421309471,0.029457218945026398,-0.12084361910820007,-9.858981132507324,0.7540826797485352,0.034519512206315994,0.1598936766386032
1781548259765033,195472884,-0.005215813871473074,0.570084273815155,0.8215563297271729,-0.004802056588232517,0.018514025956392288,-0.11548646539449692,-9.844630241394043,0.6386846303939819,-0.006159853655844927,0.09595157206058502
1781548259766797,195489551,-0.005219306796789169,0.5700821280479431,0.8215578198432922,-0.004806412849575281,0.02590246871113777,-0.13802014291286469,-9.86535358428955,0.7731385827064514,0.03806687518954277,0.11315049976110458
1781548259794692,195506218,-0.005223220679908991,0.5700737237930298,0.8215636014938354,-0.004803089890629053,0.03009372018277645,-0.13068890571594238,-9.845866203308105,0.7314410209655762,0.07018519937992096,0.06157933175563812
1781548259824661,195522885,-0.0052275024354457855,0.5700705647468567,0.8215658068656921,-0.004803523421287537,0.029850443825125694,-0.13559189438819885,-9.849960327148438,0.7539290189743042,0.058480191975831985,0.1524531990289688
1781548259828307,195539552,-0.005227536894381046,0.5700631141662598,0.8215709328651428,-0.004810038022696972,0.027715550735592842,-0.13064956665039062,-9.872469902038574,0.7720243334770203,0.00954713299870491,0.05205140635371208
1781548259854143,195556219,-0.005231700837612152,0.5700621008872986,0.8215715885162354,-0.004803126212209463,0.022533811628818512,-0.1297304928302765,-9.850852966308594,0.7120266556739807,0.08619312942028046,0.13114342093467712
1781548259855688,195572886,-0.0052269091829657555,0.5700514316558838,0.8215790390968323,-0.0048057264648377895,0.03508974611759186,-0.13377876579761505,-9.86507511138916,0.7306086421012878,-0.001216603210195899,0.1241767629981041
1781548259884182,195589553,-0.005230470560491085,0.5700558423995972,0.8215758204460144,-0.004810900893062353,0.02615995705127716,-0.1381739228963852,-9.858999252319336,0.778069019317627,0.03519824892282486,0.13859672844409943
1781548259885702,195606220,-0.005220773164182901,0.5700469613075256,0.821582019329071,-0.004812526050955057,0.031982023268938065,-0.1287577599287033,-9.864538192749023,0.7060204148292542,-0.025587085634469986,0.0997934639453888
1781548259914179,195622887,-0.00522017665207386,0.5700458288192749,0.8215828537940979,-0.004809746518731117,0.02790156938135624,-0.14897406101226807,-9.872323989868164,0.7169442772865295,0.042600322514772415,0.09488864243030548
1781548259917657,195639554,-0.00522610591724515,0.5700480341911316,0.8215813040733337,-0.004827101249247789,0.024229874834418297,-0.13751055300235748,-9.870950698852539,0.8561365604400635,0.0010821366449818015,0.14475658535957336
1781548259944895,195656221,-0.0052202437072992325,0.57005774974823,0.8215745687484741,-0.004832335282117128,0.024264724925160408,-0.13578860461711884,-9.866799354553223,0.7414812445640564,-0.018325885757803917,0.1556035429239273
1781548259973938,195672888,-0.005220404826104641,0.570060670375824,0.821572482585907,-0.004828674253076315,0.036649130284786224,-0.13859590888023376,-9.85275936126709,0.7147287726402283,0.05098848417401314,0.15806235373020172
1781548259975631,195689555,-0.005218277219682932,0.5700531005859375,0.8215777277946472,-0.004828304518014193,0.04410894215106964,-0.13378234207630157,-9.872746467590332,0.7243591547012329,0.025158071890473366,0.11266385018825531
1781548260005349,195706222,-0.00522740138694644,0.570053219795227,0.8215775489807129,-0.004830982070416212,0.025995450094342232,-0.13263437151908875,-9.847820281982422,0.7854710221290588,0.07789462804794312,0.2289583534002304
1781548260006962,195722889,-0.0052395290695130825,0.5700590014457703,0.8215735554695129,-0.004827435594052076,0.030937587842345238,-0.13098932802677155,-9.85010051727295,0.7622915506362915,0.11813216656446457,0.17129133641719818
1781548260033958,195739556,-0.005231151822954416,0.5700559616088867,0.8215757608413696,-0.004817739129066467,0.019812189042568207,-0.1259075254201889,-9.85690689086914,0.6472648978233337,0.026297837495803833,0.12507320940494537
1781548260035899,195756223,-0.005227812100201845,0.5700605511665344,0.8215727210044861,-0.004809528589248657,0.03070889227092266,-0.1382347196340561,-9.850223541259766,0.6754644513130188,0.04854246973991394,0.12799304723739624
1781548260064146,195772890,-0.005222789943218231,0.5700411200523376,0.8215861916542053,-0.0048120832070708275,0.02605624683201313,-0.12183065712451935,-9.860834121704102,0.7294561266899109,-0.0021514666732400656,0.09759078919887543
1781548260066239,195789557,-0.005220417398959398,0.5700337290763855,0.821591317653656,-0.004809912294149399,0.03830482065677643,-0.1362713873386383,-9.839269638061523,0.7134224772453308,0.03008851781487465,0.0657413899898529
1781548260094276,195806224,-0.005224235821515322,0.570038914680481,0.8215877413749695,-0.004811161197721958,0.025501934811472893,-0.11932015419006348,-9.870615005493164,0.7569769024848938,0.052025794982910156,0.14133726060390472
1781548260124023,195822891,-0.005232566501945257,0.5700352191925049,0.8215901851654053,-0.004802227485924959,0.027454543858766556,-0.12704119086265564,-9.854875564575195,0.7170723676681519,0.11741501092910767,0.1030719056725502
1781548260126246,195839558,-0.005232827737927437,0.5700448751449585,0.8215835094451904,-0.004800877533853054,0.048743534833192825,-0.1363285928964615,-9.878724098205566,0.7282138466835022,0.042280163615942,0.1720340996980667
1781548260154026,195856225,-0.0052338396199047565,0.5700379610061646,0.8215884566307068,-0.004804597236216068,0.03849780187010765,-0.14619891345500946,-9.855067253112793,0.7599608898162842,0.026169780641794205,0.06729096919298172
1781548260156088,195872892,-0.0052261813543736935,0.5700476765632629,0.8215815424919128,-0.0048056491650640965,0.027683628723025322,-0.11991739273071289,-9.871191024780273,0.7106435298919678,-0.011320812627673149,0.21234847605228424
1781548260183964,195889559,-0.005220239050686359,0.5700509548187256,0.8215793371200562,-0.004805347416549921,0.018456805497407913,-0.12805324792861938,-9.856524467468262,0.7099007964134216,0.0030415079090744257,0.13568969070911407
1781548260185907,195906226,-0.005225623957812786,0.5700483918190002,0.8215810656547546,-0.004795392509549856,0.020008787512779236,-0.13111448287963867,-9.867112159729004,0.6998733878135681,0.10457024723291397,0.09454287588596344
1781548260214008,195922893,-0.005217976402491331,0.5700470805168152,0.821582019329071,-0.004799090791493654,0.03128096088767052,-0.12920120358467102,-9.8643159866333,0.7257677912712097,-0.02224462851881981,0.12138497829437256
1781548260216926,195939560,-0.0052156648598611355,0.5700504779815674,0.82157963514328,-0.0048120031133294106,0.022633815184235573,-0.1218378096818924,-9.84577751159668,0.7986999750137329,-0.028033098205924034,0.1561029851436615
1781548260244185,195956227,-0.0052017755806446075,0.5700374841690063,0.8215888142585754,-0.004816844593733549,0.03314071148633957,-0.1403232216835022,-9.848295211791992,0.7075315713882446,-0.06094541773200035,0.14848321676254272
1781548260274063,195972894,-0.005199835170060396,0.57004314661026,0.821584939956665,-0.004807963501662016,0.03824411332607269,-0.13120746612548828,-9.842778205871582,0.6770140528678894,0.059491902589797974,0.16481131315231323
1781548260277048,195989561,-0.0052013699896633625,0.5700496435165405,0.8215804100036621,-0.004814355634152889,0.024289783090353012,-0.12919048964977264,-9.849183082580566,0.7769804000854492,0.019305571913719177,0.17173956334590912
1781548260304057,196006228,-0.005198594182729721,0.5700477957725525,0.8215815424919128,-0.004815858788788319,0.031982023268938065,-0.13377518951892853,-9.860286712646484,0.7325295209884644,0.013555520214140415,0.09814145416021347
1781548260306393,196022895,-0.005193632561713457,0.5700448751449585,0.8215838074684143,-0.004804573953151703,0.013761342503130436,-0.12453068792819977,-9.855395317077637,0.651708722114563,0.05153914913535118,0.1066448763012886
1781548260334083,196039562,-0.005200801882892847,0.5700469613075256,0.8215823173522949,-0.004806187003850937,0.03179963678121567,-0.13055302202701569,-9.85820484161377,0.772024393081665,0.06995469331741333,0.15726837515830994
1781548260336126,196056229,-0.005191939417272806,0.5700446963310242,0.8215839862823486,-0.004796749446541071,0.028806349262595177,-0.11354458332061768,-9.846549987792969,0.6468679308891296,0.022135773673653603,0.09923000633716583
1781548260364107,196072896,-0.0052060093730688095,0.5700461864471436,0.8215827941894531,-0.0048002987168729305,0.027683420106768608,-0.13185833394527435,-9.853219985961914,0.8100720643997192,0.1013302430510521,0.15561635792255402
1781548260366187,196089563,-0.005214621778577566,0.5700542330741882,0.8215771913528442,-0.00479662511497736,0.03202152997255325,-0.12433040887117386,-9.864596366882324,0.7479740381240845,0.09860248863697052,0.1673341691493988
1781548260394703,196106230,-0.0052229720167815685,0.5700558423995972,0.8215759992599487,-0.004799308720976114,0.038240499794483185,-0.12145515531301498,-9.846901893615723,0.7828585505485535,0.07172195613384247,0.10658085346221924
1781548260424557,196122897,-0.005226681474596262,0.5700610876083374,0.8215723633766174,-0.004803826566785574,0.03264380618929863,-0.14149978756904602,-9.856317520141602,0.774957001209259,0.03902734816074371,0.17398066818714142
1781548260426448,196139564,-0.005217546597123146,0.570065975189209,0.8215689659118652,-0.004810345824807882,0.030726630240678787,-0.13427940011024475,-9.881914138793945,0.7358976602554321,-0.04179992526769638,0.14181111752986908
1781548260454505,196156231,-0.00522828521206975,0.5700638294219971,0.8215705156326294,-0.004804316908121109,0.03391317278146744,-0.13000229001045227,-9.846879005432129,0.7427746653556824,0.12048853933811188,0.17185480892658234
1781548260455793,196172898,-0.005220170132815838,0.570062518119812,0.821571409702301,-0.004813083913177252,0.031756866723299026,-0.13091066479682922,-9.837274551391602,0.7524946928024292,-0.04450206831097603,0.14017190039157867
1781548260483921,196189565,-0.005217211786657572,0.5700758695602417,0.8215619921684265,-0.0048166122287511826,0.03265434876084328,-0.1239263117313385,-9.858036994934082,0.7432869076728821,0.0049112350679934025,0.1840464472770691
1781548260485674,196206232,-0.005213441792875528,0.5700734853744507,0.821563720703125,-0.004809665959328413,0.02588825859129429,-0.13496607542037964,-9.840124130249023,0.6809583902359009,0.04111478477716446,0.09893544763326645
1781548260513944,196222899,-0.005206061992794275,0.5700753927230835,0.8215623497962952,-0.004813380539417267,0.03266507759690285,-0.14499375224113464,-9.86141300201416,0.7268434762954712,-0.020413318648934364,0.16636088490486145
1781548260515571,196239566,-0.005202099680900574,0.5700762271881104,0.8215618133544922,-0.004817281849682331,0.031009294092655182,-0.13552752137184143,-9.863268852233887,0.7414941191673279,-0.0024460130371153355,0.1144951730966568
1781548260544194,196256233,-0.005190890282392502,0.5700775980949402,0.8215609788894653,-0.004807106219232082,0.02681058831512928,-0.11903047561645508,-9.848862648010254,0.6334596872329712,0.012057178653776646,0.1366117298603058
1781548260574208,196272900,-0.005190491210669279,0.5700647830963135,0.8215698599815369,-0.0048167831264436245,0.02231920324265957,-0.12656556069850922,-9.850691795349121,0.7878657579421997,-0.00455906055867672,0.08661574125289917
1781548260576385,196289567,-0.005185811780393124,0.5700606107711792,0.8215728402137756,-0.0048115188255906105,0.026660539209842682,-0.12332548946142197,-9.86410140991211,0.6868366003036499,0.02934574894607067,0.09162302315235138
1781548260604163,196306234,-0.0051842802204191685,0.5700567364692688,0.8215755820274353,-0.004811304621398449,0.025061918422579765,-0.12783151865005493,-9.865202903747559,0.7275735139846802,0.02803949825465679,0.1413244754076004
1781548260606943,196322901,-0.0051822117529809475,0.5700541734695435,0.8215774297714233,-0.004796035587787628,0.025945384055376053,-0.11982797831296921,-9.852980613708496,0.6405928134918213,0.08370870351791382,0.12413834035396576
1781548260634610,196339568,-0.005180203355848789,0.5700498819351196,0.8215804100036621,-0.004796985536813736,0.03341619297862053,-0.13394327461719513,-9.852680206298828,0.7324142456054688,0.020381305366754532,0.11005136370658875
1781548260636131,196356235,-0.0051851882599294186,0.5700404644012451,0.8215869665145874,-0.004789420869201422,0.01657572016119957,-0.1436598300933838,-9.84564208984375,0.7118986248970032,0.0924554392695427,0.03232962638139725
1781548260664823,196372902,-0.005190318915992975,0.5700370073318481,0.8215893507003784,-0.004787338897585869,0.041451722383499146,-0.12360444664955139,-9.868021011352539,0.7433382272720337,0.07231105864048004,0.09376168996095657
1781548260667013,196389569,-0.005188864190131426,0.5700303316116333,0.8215939998626709,-0.004787656478583813,0.02510855160653591,-0.12998440861701965,-9.889246940612793,0.731146514415741,0.02552945725619793,0.0674702525138855
1781548260694183,196406236,-0.005187291651964188,0.5700306296348572,0.8215938806533813,-0.004771947395056486,0.02254798635840416,-0.1222490668296814,-9.863401412963867,0.6399908661842346,0.08805005252361298,0.12169232219457626
1781548260723947,196422903,-0.005191816948354244,0.5700295567512512,0.8215945363044739,-0.00477813184261322,0.012885075062513351,-0.13061024248600006,-9.861130714416504,0.7874431610107422,0.037170425057411194,0.1544893980026245
1781548260725961,196439570,-0.00518131023272872,0.570026159286499,0.8215969204902649,-0.0047861430794000626,0.026235157623887062,-0.12764202058315277,-9.849708557128906,0.7390864491462708,-0.05552833154797554,0.09974224865436554
1781548260753980,196456237,-0.005185605026781559,0.570027768611908,0.8215957283973694,-0.004781793802976608,0.01002053264528513,-0.1420755684375763,-9.851757049560547,0.7271637320518494,0.0766524001955986,0.1289663314819336
1781548260756188,196472904,-0.005179391708225012,0.570030152797699,0.8215940594673157,-0.004790512379258871,0.03267235681414604,-0.1403840333223343,-9.854629516601562,0.7598071098327637,-0.03402647003531456,0.12157707661390305
1781548260784465,196489571,-0.005174010992050171,0.570017397403717,0.8216029405593872,-0.004796708934009075,0.03489305451512337,-0.13800226151943207,-9.86586856842041,0.7488705515861511,-0.019465653225779533,0.054471805691719055
1781548260786851,196506238,-0.005176682025194168,0.5700293183326721,0.8215946555137634,-0.004793764092028141,0.020087556913495064,-0.13128256797790527,-9.8638916015625,0.728572428226471,0.06261665374040604,0.2178168147802353
1781548260814241,196522905,-0.005180670414119959,0.570019543170929,0.8216015100479126,-0.004791343584656715,0.013775571249425411,-0.1292298287153244,-9.87165641784668,0.7370758652687073,0.06654819846153259,0.01916470192372799
1781548260817066,196539572,-0.005179322324693203,0.5700218677520752,0.8215998411178589,-0.004790796432644129,0.027772825211286545,-0.13034917414188385,-9.851914405822754,0.7266386151313782,0.029614679515361786,0.11107585579156876
1781548260844476,196556239,-0.005187027622014284,0.5700239539146423,0.8215983510017395,-0.0047807395458221436,0.017902493476867676,-0.13140416145324707,-9.855140686035156,0.7083000540733337,0.11855479329824448,0.14711296558380127
1781548260874173,196572906,-0.005188938230276108,0.5700134038925171,0.8216058015823364,-0.004775537643581629,0.012856394983828068,-0.13857801258563995,-9.853691101074219,0.7129742503166199,0.06642013043165207,0.07051816582679749
1781548260876461,196589573,-0.00516932038590312,0.570012092590332,0.8216068148612976,-0.004772452171891928,0.03585874289274216,-0.1307068169116974,-9.885842323303223,0.6405672430992126,-0.06321214884519577,0.1252140998840332
1781548260904733,196606240,-0.005167748313397169,0.5700134634971619,0.8216058611869812,-0.004772626794874668,0.025637967512011528,-0.13156509399414062,-9.87087631225586,0.7297506332397461,0.02592645399272442,0.13697032630443573
1781548260906736,196622907,-0.005171527154743671,0.5700123310089111,0.8216066360473633,-0.004776510410010815,0.03372349962592125,-0.13900001347064972,-9.85802173614502,0.7716274261474609,0.04167826473712921,0.12689171731472015
1781548260934563,196639574,-0.005173136480152607,0.5700100660324097,0.8216081857681274,-0.00478016585111618,0.017830969765782356,-0.12322895228862762,-9.862936973571777,0.7619073987007141,0.02988361567258835,0.09359520673751831
1781548260935691,196656241,-0.00517271040007472,0.5700007677078247,0.821614682674408,-0.004785367287695408,0.01951889507472515,-0.1272485852241516,-9.85906982421875,0.7626757621765137,0.012082790024578571,0.043240632861852646
1781548260964066,196672908,-0.005170236341655254,0.5700010061264038,0.8216145038604736,-0.004788450431078672,0.02297355607151985,-0.12127991765737534,-9.85754680633545,0.7427362203598022,0.009175748564302921,0.10934701561927795
1781548260967022,196689575,-0.005169596057385206,0.5700058341026306,0.8216111063957214,-0.004796321503818035,0.004692161921411753,-0.12974123656749725,-9.851271629333496,0.7768139839172363,0.0012358127860352397,0.16648897528648376
1781548260994187,196706242,-0.005160404369235039,0.5700082778930664,0.821609377861023,-0.004804446827620268,0.02689323015511036,-0.13939343392848969,-9.847284317016602,0.7448108792304993,-0.04820310324430466,0.14783011376857758
1781548261023964,196722909,-0.005157495848834515,0.5700063705444336,0.8216107487678528,-0.004808597266674042,0.018224352970719337,-0.13137197494506836,-9.859399795532227,0.7470391988754272,0.0024780286476016045,0.09716816991567612
1781548261025927,196739576,-0.005160651169717312,0.5700060129165649,0.8216109871864319,-0.004810588899999857,0.0251371618360281,-0.13471215963363647,-9.880416870117188,0.7585393786430359,0.04552017152309418,0.12883830070495605
1781548261053995,196756243,-0.005146392155438662,0.5700172185897827,0.8216031789779663,-0.004814631771296263,0.03728215768933296,-0.13447971642017365,-9.864563941955566,0.7017303109169006,-0.06053562089800835,0.20285899937152863
1781548261055921,196772910,-0.00513872504234314,0.5700053572654724,0.8216114044189453,-0.004820077680051327,0.02411428838968277,-0.12649400532245636,-9.859258651733398,0.7356030941009521,-0.02916005626320839,0.07722868770360947
1781548261084077,196789577,-0.005134591832756996,0.5700100660324097,0.8216081261634827,-0.004818209912627935,0.03360919654369354,-0.144668310880661,-9.872148513793945,0.7082359194755554,0.019382409751415253,0.14402660727500916
1781548261086138,196806244,-0.005132309161126614,0.5699988007545471,0.8216158747673035,-0.004829787649214268,0.019375890493392944,-0.12992718815803528,-9.86839771270752,0.7913364171981812,-0.022923365235328674,0.0697113573551178
1781548261114099,196822911,-0.0051306867972016335,0.5699992775917053,0.8216156959533691,-0.004826562944799662,0.030215375125408173,-0.13579216599464417,-9.859256744384766,0.7103618383407593,0.038886480033397675,0.12545740604400635
1781548261116198,196839578,-0.0051256632432341576,0.5699985027313232,0.8216162323951721,-0.004820778034627438,0.02446841076016426,-0.12853604555130005,-9.856767654418945,0.6826616525650024,0.029422586783766747,0.10033134371042252
1781548261144846,196856245,-0.005131977144628763,0.5700076222419739,0.8216099739074707,-0.004820811562240124,0.027132684364914894,-0.14443227648735046,-9.868071556091309,0.7598198652267456,0.07147863507270813,0.20146308839321136
1781548261174089,196872912,-0.0051268781535327435,0.5700085759162903,0.8216094374656677,-0.004816433414816856,0.011283076368272305,-0.1307389885187149,-9.836222648620605,0.6900893449783325,0.024056727066636086,0.1500968039035797
1781548261176037,196889579,-0.005124794784933329,0.5700063705444336,0.8216109871864319,-0.0048055220395326614,0.024110892787575722,-0.12636885046958923,-9.853971481323242,0.6651425361633301,0.0663561001420021,0.11226686090230942
1781548261204526,196906246,-0.005126468371599913,0.5700110197067261,0.8216076493263245,-0.004804124590009451,0.026410112157464027,-0.13501612842082977,-9.837933540344238,0.7335284948348999,0.050757963210344315,0.17695172131061554
1781548261205806,196922913,-0.00512598967179656,0.5700175762176514,0.8216031193733215,-0.004799743182957172,0.030565693974494934,-0.12093659490346909,-9.85469913482666,0.7083383798599243,0.04989994317293167,0.15247879922389984
1781548261233956,196939580,-0.005125849507749081,0.5700275897979736,0.8215962648391724,-0.004781321622431278,0.026299428194761276,-0.1348516196012497,-9.857564926147461,0.6302325129508972,0.10737484693527222,0.2031407356262207
1781548261235766,196956247,-0.00525385607033968,0.570010781288147,0.8216071128845215,-0.004804004915058613,0.025573458522558212,-0.11898041516542435,-9.834794998168945,0.7691941261291504,0.026195388287305832,0.11770956218242645
1781548261264539,196972914,-0.0052530174143612385,0.5700153112411499,0.8216038346290588,-0.004803198389708996,0.022183213382959366,-0.12634025514125824,-9.88489055633545,0.7262288331985474,0.03394322842359543,0.1970064789056778
1781548261266346,196989581,-0.005249763838946819,0.5700112581253052,0.8216067552566528,-0.004796615801751614,0.05137937143445015,-0.1472574919462204,-9.866101264953613,0.6843008399009705,0.04235699772834778,0.11888774484395981
1781548261295010,197006248,-0.00526686804369092,0.5700103640556335,0.8216072916984558,-0.004793774802237749,0.027969516813755035,-0.14808717370033264,-9.856428146362305,0.7853557467460632,0.1423233598470688,0.10460866242647171
1781548261324070,197022915,-0.005266380496323109,0.5700098872184753,0.8216075897216797,-0.004801630508154631,0.029024383053183556,-0.13646090030670166,-9.875247955322266,0.776749849319458,0.0010565239936113358,0.10839934647083282
1781548261327457,197039582,-0.0052737086080014706,0.5700044631958008,0.8216112852096558,-0.004791358020156622,0.03545094281435013,-0.11756423860788345,-9.84414005279541,0.7050983905792236,0.1159294843673706,0.06679151952266693
1781548261354055,197056249,-0.005276154261082411,0.5700037479400635,0.8216118216514587,-0.0047908746637403965,0.043812114745378494,-0.12429823726415634,-9.854378700256348,0.7411482930183411,0.05056587606668472,0.1278521865606308
1781548261356095,197072916,-0.005280123557895422,0.5699993968009949,0.8216148614883423,-0.00479588657617569,0.020945727825164795,-0.12763482332229614,-9.855639457702637,0.7781329154968262,0.03759303316473961,0.11172899603843689
1781548261384097,197089583,-0.005269861314445734,0.5700066685676575,0.8216099739074707,-0.0047904415987432,0.02842351421713829,-0.13205501437187195,-9.860095977783203,0.66315758228302,-0.001216603210195899,0.1983383297920227
1781548261386405,197106250,-0.005256349220871925,0.5700107216835022,0.8216071128845215,-0.0047883521765470505,0.02607770264148712,-0.1355668604373932,-9.86068344116211,0.6694455146789551,-0.03306599706411362,0.165490061044693
1781548261414061,197122917,-0.005253481678664684,0.57001131772995,0.8216066956520081,-0.004795500542968512,0.023288261145353317,-0.13412922620773315,-9.856385231018066,0.7633928656578064,-0.009643180295825005,0.11430306732654572
1781548261416069,197139584,-0.005260931793600321,0.5700121521949768,0.8216060400009155,-0.004801549483090639,0.04049697145819664,-0.13786278665065765,-9.86009693145752,0.7976627349853516,0.05346010625362396,0.15442538261413574
1781548261444336,197156251,-0.005262576509267092,0.5700112581253052,0.8216066360473633,-0.004803176503628492,0.027615472674369812,-0.14298391342163086,-9.860840797424316,0.7500102519989014,0.03756742551922798,0.11190828680992126
1781548261474690,197172918,-0.0052564553916454315,0.5700068473815918,0.8216097950935364,-0.004806963726878166,0.02500115893781185,-0.12766700983047485,-9.869147300720215,0.7316715121269226,-0.014676077291369438,0.10588929802179337
1781548261475838,197189585,-0.005256573669612408,0.5700093507766724,0.8216080069541931,-0.004810739774256945,0.033902302384376526,-0.11881948262453079,-9.840648651123047,0.7560420036315918,0.02062462456524372,0.1362147331237793
1781548261504611,197206252,-0.005269015207886696,0.5700122117996216,0.8216060400009155,-0.00480578001588583,0.025462595745921135,-0.12694820761680603,-9.88386058807373,0.754787027835846,0.12515005469322205,0.18614667654037476
1781548261506501,197222919,-0.005276384763419628,0.5700194835662842,0.8216007947921753,-0.004806741140782833,0.0310808178037405,-0.14153197407722473,-9.834731101989746,0.7685282230377197,0.07295136898756027,0.17760485410690308
1781548261534080,197239586,-0.005276655778288841,0.5700264573097229,0.8215958476066589,-0.0048166848719120026,0.027032550424337387,-0.14242960512638092,-9.849310874938965,0.7912979125976562,-0.002253917744383216,0.18594180047512054
1781548261535976,197256253,-0.005272960755974054,0.5700138211250305,0.8216047286987305,-0.00481395423412323,0.031806789338588715,-0.13406485319137573,-9.859342575073242,0.7044581174850464,0.024095145985484123,0.0333029106259346
1781548261564073,197272920,-0.005267615895718336,0.570015549659729,0.821603536605835,-0.004819849506020546,0.03497888520359993,-0.13571348786354065,-9.861706733703613,0.7465909123420715,-0.01828746683895588,0.14908510446548462
1781548261566396,197289587,-0.005265222396701574,0.5700246095657349,0.8215973973274231,-0.00481116259470582,0.03903430327773094,-0.12797100841999054,-9.850666999816895,0.675835907459259,0.055240191519260406,0.160918191075325
1781548261594286,197306254,-0.0052628587000072,0.5700231790542603,0.8215983510017395,-0.004805900622159243,0.02813412994146347,-0.13993342220783234,-9.853775024414062,0.6953142881393433,0.04192158207297325,0.11311206966638565
1781548261624168,197322921,-0.005259007681161165,0.5700294375419617,0.8215939998626709,-0.004808252211660147,0.02035219594836235,-0.12562501430511475,-9.86690616607666,0.7323887348175049,0.004168467130511999,0.17870619893074036
1781548261626982,197339588,-0.005272436887025833,0.570026159286499,0.8215962052345276,-0.004812325816601515,0.031148765236139297,-0.1261650174856186,-9.854904174804688,0.8098927140235901,0.09458129107952118,0.10736203193664551
1781548261655117,197356255,-0.005263059865683317,0.5700215697288513,0.8215994238853455,-0.004813188686966896,0.01856766827404499,-0.13558831810951233,-9.835793495178223,0.7025371789932251,-0.02205253392457962,0.07414235919713974
1781548261656472,197372922,-0.005265904124826193,0.5700214505195618,0.8215994834899902,-0.004813132341951132,0.0406365729868412,-0.13196919858455658,-9.851300239562988,0.7450670599937439,0.05110373720526695,0.12912002205848694
1781548261684250,197389589,-0.0052705323323607445,0.5700263977050781,0.8215961456298828,-0.004814485553652048,0.02993285469710827,-0.13191913068294525,-9.866409301757812,0.7599480152130127,0.05595734715461731,0.17198286950588226
1781548261685929,197406256,-0.005265088751912117,0.5700246095657349,0.8215973973274231,-0.004801853559911251,0.020133862271904945,-0.12627945840358734,-9.853276252746582,0.6415660977363586,0.053319234400987625,0.10395554453134537
1781548261714400,197422923,-0.005266610532999039,0.5700277090072632,0.8215951919555664,-0.004803559742867947,0.02084556594491005,-0.1181042417883873,-9.847861289978027,0.7498181462287903,0.03669659420847893,0.14228495955467224
1781548261715535,197439590,-0.005261077545583248,0.570024311542511,0.8215975761413574,-0.004801408387720585,0.015710407868027687,-0.1246737465262413,-9.863842010498047,0.7004112601280212,0.012223660945892334,0.13312840461730957
1781548261744317,197456257,-0.00526170851662755,0.5700232982635498,0.8215982913970947,-0.004805325530469418,0.018345942720770836,-0.1307246834039688,-9.868232727050781,0.7588465809822083,0.02307063899934292,0.1289791315793991
1781548261774099,197472924,-0.005256618373095989,0.5700264573097229,0.8215962052345276,-0.004808484110981226,0.0348215289413929,-0.12516367435455322,-9.882308959960938,0.7321581840515137,-0.006339142564684153,0.13991577923297882
1781548261776961,197489591,-0.005252252332866192,0.5700289607048035,0.8215943574905396,-0.0048033129423856735,0.02656049095094204,-0.12783153355121613,-9.858122825622559,0.6879251003265381,0.030626384541392326,0.153772234916687
1781548261804178,197506258,-0.0052542793564498425,0.570025622844696,0.8215968608856201,-0.004789608996361494,0.030930615961551666,-0.14030534029006958,-9.857675552368164,0.6648863554000854,0.09971664100885391,0.09116199612617493
1781548261806356,197522925,-0.005249855574220419,0.5700187683105469,0.8216015696525574,-0.004800059832632542,0.024740202352404594,-0.13890346884727478,-9.851067543029785,0.7761223912239075,-0.03191342204809189,0.04467495158314705
1781548261834209,197539592,-0.005251431837677956,0.5700150728225708,0.8216042518615723,-0.004788936115801334,0.03201420605182648,-0.14838041365146637,-9.8591890335083,0.6776927709579468,0.08702554553747177,0.09182792156934738
1781548261836320,197556259,-0.005244861356914043,0.5700194239616394,0.8216012716293335,-0.004794733133167028,0.02735440991818905,-0.1400478482246399,-9.867131233215332,0.7412251830101013,-0.024831512942910194,0.16271106898784637
1781548261864204,197572926,-0.0052370731718838215,0.5700187087059021,0.8216016292572021,-0.00479579484090209,0.012849392369389534,-0.13556687533855438,-9.862618446350098,0.7099263668060303,-0.01398453488945961,0.08090411871671677
1781548261868702,197589593,-0.005238363053649664,0.5700281262397766,0.8215951323509216,-0.0047892252914607525,0.026413867250084877,-0.12902598083019257,-9.840853691101074,0.7024603486061096,0.06704764813184738,0.11028189212083817
1781548261894424,197606260,-0.005230884999036789,0.5700263977050781,0.8215963244438171,-0.0047875517047941685,0.03174956887960434,-0.14667098224163055,-9.8411283493042,0.6955192685127258,-0.0010373143013566732,0.11064045131206512
1781548261923980,197622927,-0.005229452159255743,0.5700366497039795,0.8215893507003784,-0.004793020896613598,0.029224766418337822,-0.1385994851589203,-9.865608215332031,0.7594740986824036,0.005743647459894419,0.2048695683479309
1781548261925774,197639594,-0.005234901327639818,0.5700408816337585,0.8215863704681396,-0.004793400876224041,0.040150079876184464,-0.11654859781265259,-9.859103202819824,0.757706880569458,0.06435830891132355,0.16659139096736908
1781548261953946,197656261,-0.005241383332759142,0.5700387954711914,0.8215877413749695,-0.004798904061317444,0.013182020746171474,-0.13242337107658386,-9.841983795166016,0.790721595287323,0.04973345622420311,0.11111428588628769
1781548261956077,197672928,-0.0052415174432098866,0.5700410008430481,0.8215861916542053,-0.004796548746526241,0.017480501905083656,-0.13273093104362488,-9.854879379272461,0.7214520573616028,0.0449310764670372,0.149174764752388
1781548261983974,197689595,-0.005240730009973049,0.5700442790985107,0.8215839266777039,-0.004794101696461439,0.02429317682981491,-0.12884359061717987,-9.843259811401367,0.7173541188240051,0.039949409663677216,0.14105553925037384
1781548261987073,197706262,-0.005230520386248827,0.5700462460517883,0.8215826749801636,-0.0047919657081365585,0.043340057134628296,-0.12795670330524445,-9.868980407714844,0.6822262406349182,-0.014599237591028214,0.12863336503505707
1781548262014097,197722929,-0.005230069626122713,0.5700430870056152,0.8215848207473755,-0.004796504974365234,0.040468260645866394,-0.11889456957578659,-9.868867874145508,0.758206307888031,0.014195838011801243,0.09563141316175461
1781548262016004,197739596,-0.005222311243414879,0.5700485110282898,0.8215811252593994,-0.004791459534317255,0.035615332424640656,-0.13074254989624023,-9.853343963623047,0.6754261255264282,0.010392353869974613,0.12595684826374054
1781548262044990,197756263,-0.00522845983505249,0.5700395703315735,0.8215872645378113,-0.004799609072506428,0.030716044828295708,-0.1364966779947281,-9.851760864257812,0.8045140504837036,0.03723445534706116,0.06807214766740799
1781548262074738,197772930,-0.0052281878888607025,0.5700328350067139,0.8215920329093933,-0.004799540154635906,0.027579709887504578,-0.14119581878185272,-9.850767135620117,0.7329394221305847,0.03316204622387886,0.0705309733748436
1781548262075832,197789597,-0.005215831100940704,0.57003253698349,0.8215922117233276,-0.004798778332769871,0.01948675327003002,-0.12722358107566833,-9.870564460754395,0.6815602779388428,-0.032131128013134,0.11834987998008728
1781548262104228,197806264,-0.005213355645537376,0.5700410008430481,0.8215862512588501,-0.0048034717328846455,0.02580222673714161,-0.12588605284690857,-9.85036849975586,0.7511884570121765,0.0015943906037136912,0.10435254871845245
1781548262106344,197822931,-0.005213010124862194,0.5700439810752869,0.8215842247009277,-0.004807432182133198,0.03879479318857193,-0.13732995092868805,-9.88729476928711,0.7553889155387878,0.01670588180422783,0.09454287588596344
1781548262134464,197839598,-0.005210644565522671,0.5700474381446838,0.8215818405151367,-0.00480027636513114,0.02842022478580475,-0.1261650174856186,-9.85059928894043,0.6847234964370728,0.04908033087849617,0.11302243918180466
1781548262137320,197856265,-0.005208170972764492,0.5700480341911316,0.8215815424919128,-0.004793981555849314,0.017809512093663216,-0.13186191022396088,-9.848581314086914,0.6889751553535461,0.04558420181274414,0.13864794373512268
1781548262165075,197872932,-0.005210356321185827,0.5700581073760986,0.8215745091438293,-0.00479560112580657,0.031205985695123672,-0.14015156030654907,-9.879022598266602,0.7518159747123718,0.0413581021130085,0.2133217602968216
1781548262165934,197889599,-0.005218368023633957,0.5700556635856628,0.8215761780738831,-0.004794564098119736,0.02213672362267971,-0.12340418249368668,-9.852375984191895,0.7598327398300171,0.08438743650913239,0.13875038921833038
1781548262194448,197906266,-0.005214813631027937,0.5700562596321106,0.8215757608413696,-0.004793196450918913,0.01692606508731842,-0.13627135753631592,-9.864798545837402,0.7126412987709045,0.020009920001029968,0.12780097126960754
1781548262223958,197922933,-0.005227064248174429,0.5700575113296509,0.821574866771698,-0.004793835803866386,0.03237540274858475,-0.11961697787046432,-9.854456901550293,0.7859448790550232,0.10144549608230591,0.13444745540618896
1781548262225984,197939600,-0.005231254734098911,0.570054829120636,0.8215765953063965,-0.004798478446900845,0.026038365438580513,-0.1137913390994072,-9.859134674072266,0.7768394947052002,0.040692172944545746,0.1503017097711563
1781548262253935,197956267,-0.005222320090979338,0.5700549483299255,0.8215766549110413,-0.004796439781785011,0.027254275977611542,-0.13031698763370514,-9.860980033874512,0.6876689791679382,-0.00750452047213912,0.14118359982967377
1781548262256492,197972934,-0.005226479843258858,0.5700623393058777,0.8215715289115906,-0.0047989473678171635,0.04189884290099144,-0.14936745166778564,-9.867756843566895,0.7646862864494324,0.048606496304273605,0.17207249999046326
1781548262284392,197989601,-0.005221746861934662,0.5700686573982239,0.8215671181678772,-0.004803713411092758,0.02892097271978855,-0.13202285766601562,-9.857476234436035,0.7426209449768066,-0.010257885791361332,0.1814083307981491
1781548262286522,198006268,-0.005215925630182028,0.5700643062591553,0.8215702176094055,-0.004805956035852432,0.015485089272260666,-0.13246272504329681,-9.863874435424805,0.7241414189338684,-0.006877009756863117,0.11233089119195938
1781548262314521,198022935,-0.005215571261942387,0.5700708031654358,0.8215656876564026,-0.004795698449015617,0.015663890168070793,-0.12699468433856964,-9.854833602905273,0.6750802993774414,0.07238789647817612,0.11043554544448853
1781548262316378,198039602,-0.005221208091825247,0.5700712203979492,0.8215652704238892,-0.004800687078386545,0.028330713510513306,-0.12154455482959747,-9.849472045898438,0.7845746278762817,0.04715938866138458,0.14190076291561127
1781548262344730,198056269,-0.005225305911153555,0.5700758695602417,0.8215620517730713,-0.004801176022738218,0.023531444370746613,-0.13456910848617554,-9.8362398147583,0.7531733512878418,0.0558420866727829,0.13329488039016724
1781548262374375,198072936,-0.005234922282397747,0.5700753331184387,0.8215622901916504,-0.0047961943782866,0.030454982072114944,-0.14723245799541473,-9.877823829650879,0.7437992095947266,0.10848898440599442,0.11617279797792435
1781548262376400,198089603,-0.005224171560257673,0.5700662732124329,0.8215687870979309,-0.004802083130925894,0.027908721938729286,-0.13144707679748535,-9.851446151733398,0.7254989147186279,-0.049432504922151566,0.06274470686912537
1781548262404630,198106270,-0.005225621163845062,0.5700613260269165,0.8215722441673279,-0.004795118700712919,0.038884103298187256,-0.12494552880525589,-9.876826286315918,0.7006673812866211,0.06983942538499832,0.07616575807332993
1781548262406692,198122937,-0.005225682631134987,0.5700443387031555,0.8215841054916382,-0.00479934923350811,0.026878846809267998,-0.12705907225608826,-9.85425090789795,0.7583342790603638,0.018780509009957314,0.07054376602172852
1781548262434663,198139604,-0.005216740537434816,0.5700446367263794,0.8215837478637695,-0.0048044961877167225,0.01727321743965149,-0.1178002804517746,-9.866080284118652,0.7283163070678711,-0.03576813265681267,0.1362019181251526
1781548262437670,198156271,-0.005219455808401108,0.5700443983078003,0.8215839266777039,-0.004807556048035622,0.028731118887662888,-0.11496790498495102,-9.860396385192871,0.7621378898620605,0.038092490285634995,0.12480428814888
1781548262464758,198172938,-0.00521472143009305,0.5700452327728271,0.8215833902359009,-0.004805829841643572,0.02652115374803543,-0.13252708315849304,-9.860254287719727,0.7059436440467834,0.014887381345033646,0.1365349143743515
1781548262467180,198189605,-0.005214082542806864,0.5700434446334839,0.8215845823287964,-0.004800035152584314,0.02963602915406227,-0.11456737667322159,-9.84996223449707,0.698989748954773,0.05383148789405823,0.11507145315408707
1781548262494865,198206272,-0.005211503244936466,0.5700405240058899,0.8215866088867188,-0.0048060230910778046,0.028237732127308846,-0.1318940967321396,-9.866004943847656,0.7580397725105286,-0.0033168443478643894,0.11067885905504227
1781548262524404,198222939,-0.005221645813435316,0.5700481534004211,0.8215811848640442,-0.004808779340237379,0.03791137412190437,-0.14826597273349762,-9.846367835998535,0.7895305752754211,0.08160845190286636,0.18572406470775604
1781548262526231,198239606,-0.0052197836339473724,0.5700493454933167,0.8215803503990173,-0.004803856369107962,0.038544490933418274,-0.1447720229625702,-9.851561546325684,0.6992074847221375,0.043547987937927246,0.13451148569583893
1781548262554379,198256273,-0.005227427463978529,0.5700541734695435,0.8215770125389099,-0.004801748786121607,0.026628440245985985,-0.14773312211036682,-9.85970687866211,0.7524818181991577,0.08564246445894241,0.10360977053642273
1781548262556311,198272940,-0.005224979016929865,0.5700504779815674,0.8215798735618591,-0.004795288201421499,0.027050431817770004,-0.13046003878116608,-9.862618446350098,0.6883476376533508,0.045904356986284256,0.08452830463647842
1781548262583968,198289607,-0.005223711486905813,0.5700413584709167,0.821586012840271,-0.004800888244062662,0.02271249331533909,-0.12834292650222778,-9.856048583984375,0.7609724998474121,0.005359457340091467,0.06015782430768013
1781548262585765,198306274,-0.005235493648797274,0.5700470805168152,0.8215819001197815,-0.004805190023034811,0.024593576788902283,-0.13347835838794708,-9.871819496154785,0.8048471212387085,0.08409290015697479,0.13136114180088043
1781548262614624,198322941,-0.005237899720668793,0.5700430870056152,0.8215846419334412,-0.0048010996542871,0.00815375242382288,-0.13781629502773285,-9.841843605041504,0.7205812335014343,0.06434550136327744,0.10661924630403519
1781548262616540,198339608,-0.00524424621835351,0.5700460076332092,0.8215827941894531,-0.0047936150804162025,0.02278759330511093,-0.13154363632202148,-9.8447904586792,0.7168161869049072,0.10004960000514984,0.145076721906662
1781548262645125,198356275,-0.0052450294606387615,0.570055365562439,0.8215762376785278,-0.0047790370881557465,0.03038007579743862,-0.12606486678123474,-9.887190818786621,0.6547822952270508,0.09702731668949127,0.21525554358959198
1781548262674068,198372942,-0.005242626648396254,0.5700596570968628,0.8215732574462891,-0.004789027851074934,0.031195256859064102,-0.14066654443740845,-9.839122772216797,0.7812193632125854,-0.017365410923957825,0.1895531862974167
1781548262675751,198389609,-0.005235106218606234,0.5700675845146179,0.8215677738189697,-0.004784470424056053,0.02194705232977867,-0.14085248112678528,-9.862244606018066,0.6791144013404846,0.009892905130982399,0.14118361473083496
1781548262704044,198406276,-0.005231312941759825,0.5700769424438477,0.821561336517334,-0.004785122815519571,0.03439953923225403,-0.12084004282951355,-9.870829582214355,0.7229248881340027,0.011340023018419743,0.20617583394050598
1781548262706361,198422943,-0.005240546073764563,0.5700697898864746,0.8215662240982056,-0.004792923107743263,0.017419705167412758,-0.13200853765010834,-9.850005149841309,0.8146055340766907,0.05590612441301346,0.06408938020467758
1781548262734078,198439610,-0.005238434765487909,0.5700723528862,0.8215643167495728,-0.004802691284567118,0.014512249268591404,-0.13588157296180725,-9.853888511657715,0.7813090682029724,-0.015572520904242992,0.128671795129776
1781548262735955,198456277,-0.005246244370937347,0.5700756907463074,0.8215620517730713,-0.004800609778612852,0.016775988042354584,-0.1181650385260582,-9.856853485107422,0.7531222105026245,0.08724325150251389,0.15297824144363403
1781548262764075,198472944,-0.005240466445684433,0.5700789093971252,0.8215599656105042,-0.004796822555363178,0.012191290967166424,-0.13575997948646545,-9.845967292785645,0.6902558207511902,0.01701323501765728,0.14085063338279724
1781548262765935,198489611,-0.00522867776453495,0.5700755715370178,0.8215624094009399,-0.004788997583091259,0.03188885375857353,-0.1413281112909317,-9.870083808898926,0.6438456177711487,-0.0012422158615663648,0.10578684508800507
1781548262794303,198506278,-0.005222541280090809,0.5700711607933044,0.8215655088424683,-0.004792975727468729,0.02937505953013897,-0.11641985923051834,-9.869170188903809,0.7327601313591003,-0.015623747371137142,0.09260912984609604
1781548262824563,198522945,-0.005225764121860266,0.5700740218162537,0.8215633034706116,-0.004796361550688744,0.024804573506116867,-0.13333888351917267,-9.851092338562012,0.7660182118415833,0.03991099074482918,0.15313193202018738
1781548262827027,198539612,-0.0052174655720591545,0.5700754523277283,0.8215624094009399,-0.004791666753590107,0.03610539063811302,-0.1230429857969284,-9.855555534362793,0.6752212047576904,0.006358352955430746,0.13629156351089478
1781548262854145,198556279,-0.005216449499130249,0.5700855851173401,0.821555495262146,-0.004778359550982714,0.026499873027205467,-0.12645110487937927,-9.85439682006836,0.6549999117851257,0.08159565180540085,0.19534166157245636
1781548262856530,198572946,-0.005215784069150686,0.57008296251297,0.8215572834014893,-0.004783984273672104,0.028012432157993317,-0.1282070279121399,-9.85101318359375,0.7636105418205261,0.008189660497009754,0.06223245710134506
1781548262884167,198589613,-0.005215792451053858,0.5700756907463074,0.8215621709823608,-0.004792566876858473,0.021471548825502396,-0.13715827465057373,-9.851943016052246,0.782845675945282,0.0010949427960440516,0.08854949474334717
1781548262886477,198606280,-0.005212390795350075,0.5700690746307373,0.8215668201446533,-0.004812872502952814,0.011060239747166634,-0.14402852952480316,-9.852347373962402,0.8357359170913696,-0.0644671618938446,0.06814898550510406
1781548262914054,198622947,-0.005220659077167511,0.5700717568397522,0.8215648531913757,-0.00481788907200098,0.02047736383974552,-0.1359674036502838,-9.841550827026367,0.7950758337974548,0.06180984526872635,0.13615070283412933
1781548262916249,198639614,-0.005217628553509712,0.5700764060020447,0.8215617537498474,-0.004805482923984528,0.029761023819446564,-0.13434022665023804,-9.842633247375488,0.652144193649292,0.06697080284357071,0.1945732682943344
1781548262944309,198656281,-0.0052260649390518665,0.5700679421424866,0.8215675354003906,-0.004800673574209213,0.03273309767246246,-0.14699284732341766,-9.853799819946289,0.7402005791664124,0.10095886141061783,0.07045412808656693
1781548262974140,198672948,-0.005218967795372009,0.5700671672821045,0.8215681910514832,-0.004795613698661327,0.013907989487051964,-0.13164019584655762,-9.876018524169922,0.6778976917266846,0.014567222446203232,0.12762166559696198
1781548262977323,198689615,-0.005218637641519308,0.5700697898864746,0.8215664029121399,-0.004788906779140234,0.027754945680499077,-0.12741310894489288,-9.845699310302734,0.6949940919876099,0.05955592915415764,0.1617249697446823
1781548263004073,198706282,-0.005227863322943449,0.5700722932815552,0.8215646147727966,-0.004788368474692106,0.021478701382875443,-0.12970545887947083,-9.858094215393066,0.7671452164649963,0.08993259817361832,0.20319195091724396
1781548263006958,198722949,-0.005231586284935474,0.5700694918632507,0.821566641330719,-0.004787697922438383,0.02776198275387287,-0.1307211071252823,-9.830613136291504,0.745079755783081,0.058416154235601425,0.1117289811372757
1781548263034186,198739616,-0.0052377874962985516,0.5700710415840149,0.8215655088424683,-0.0047838143073022366,0.03786502033472061,-0.1417393982410431,-9.868995666503906,0.736563503742218,0.08505336195230484,0.13615068793296814
1781548263036318,198756283,-0.005244975443929434,0.5700786709785461,0.8215602040290833,-0.004779014270752668,0.024085890501737595,-0.1299450546503067,-9.86028003692627,0.7354238033294678,0.09380010515451431,0.13150198757648468
1781548263064053,198772950,-0.005251928232610226,0.570076584815979,0.8215616345405579,-0.004776720888912678,0.04050770029425621,-0.12598977982997894,-9.862364768981934,0.7486143708229065,0.08269699662923813,0.09232737869024277
1781548263066519,198789617,-0.005243347026407719,0.5700788497924805,0.8215600848197937,-0.004783745855093002,0.018424497917294502,-0.13571347296237946,-9.848312377929688,0.7404310703277588,-0.04142853990197182,0.1215258464217186
1781548263094271,198806284,-0.005239074118435383,0.5700993537902832,0.8215456008911133,-0.004797918722033501,0.017934679985046387,-0.1320943683385849,-9.855447769165039,0.7977139353752136,-0.045116767287254333,0.19424031674861908
1781548263123996,198822951,-0.005240532103925943,0.5700979232788086,0.8215466141700745,-0.00479839276522398,0.02579875849187374,-0.13082481920719147,-9.856853485107422,0.7426466345787048,0.04106355831027031,0.11345785111188889
1781548263125496,198839618,-0.005234682001173496,0.5700991153717041,0.8215459585189819,-0.0048039499670267105,0.03313726559281349,-0.13278816640377045,-9.853363990783691,0.7427234053611755,-0.0200931616127491,0.12882547080516815
1781548263154383,198856285,-0.005231151357293129,0.5701031684875488,0.8215431571006775,-0.00480852834880352,0.02633519098162651,-0.12848955392837524,-9.850201606750488,0.7463348507881165,-0.0029710729140788317,0.15557792782783508
1781548263155854,198872952,-0.005234204698354006,0.5701099038124084,0.8215383291244507,-0.004811984021216631,0.022365599870681763,-0.13862094283103943,-9.857078552246094,0.7659797072410583,0.03774671256542206,0.10380186140537262
1781548263184456,198889619,-0.005245217587798834,0.5701189041137695,0.8215320110321045,-0.004819037392735481,0.030050130560994148,-0.1383328139781952,-9.838570594787598,0.8172051906585693,0.06990345567464828,0.2065984308719635
1781548263185620,198906286,-0.005243760533630848,0.5701361298561096,0.8215200304985046,-0.004817158915102482,0.015524315647780895,-0.12352219969034195,-9.857135772705078,0.7179943323135376,0.03366149216890335,0.17934653162956238
1781548263214063,198922953,-0.005240716505795717,0.5701354742050171,0.8215205073356628,-0.004824086092412472,0.020999489352107048,-0.126790851354599,-9.859925270080566,0.7615103721618652,-0.009655987843871117,0.1170564517378807
1781548263215774,198939620,-0.005249212961643934,0.5701324343681335,0.82152259349823,-0.004821496549993753,0.03772541135549545,-0.1400657296180725,-9.861434936523438,0.7530325055122375,0.09240420907735825,0.07208053767681122
1781548263244324,198956287,-0.005233840085566044,0.5701022744178772,0.8215437531471252,-0.0048010325990617275,0.012673902325332165,-0.1523786038160324,-9.868538856506348,0.761868953704834,0.0156557634472847,0.16787202656269073
1781548263274042,198972954,-0.005235667340457439,0.5701071619987488,0.8215402364730835,-0.004807408433407545,0.042235009372234344,-0.1329347789287567,-9.837788581848145,0.7776080369949341,0.020150791853666306,0.15322157740592957
1781548263275729,198989621,-0.005231610033661127,0.5701169371604919,0.8215334415435791,-0.00480580423027277,0.04021424800157547,-0.12272469699382782,-9.848465919494629,0.7093244791030884,0.018639639019966125,0.20699542760849
1781548263304505,199006288,-0.005238289944827557,0.5701172947883606,0.8215331435203552,-0.004812707658857107,0.036026712507009506,-0.12632595002651215,-9.848037719726562,0.7996477484703064,0.04549456387758255,0.13649648427963257
1781548263306432,199022955,-0.005244112107902765,0.5701139569282532,0.8215354681015015,-0.004811505321413279,0.02429317682981491,-0.14195755124092102,-9.866726875305176,0.7505225539207458,0.07223422080278397,0.10304629802703857
1781548263334331,199039622,-0.005247924476861954,0.5701192617416382,0.8215316534042358,-0.004815735854208469,0.025501934811472893,-0.13224099576473236,-9.84453010559082,0.7732409834861755,0.04006466642022133,0.17542776465415955
1781548263336097,199056289,-0.005250468384474516,0.5701131820678711,0.8215357661247253,-0.004822160582989454,0.020656174048781395,-0.1418931782245636,-9.852426528930664,0.7808863520622253,0.02342921681702137,0.06734218448400497
1781548263364116,199072956,-0.005253314506262541,0.5701126456260681,0.8215361833572388,-0.004829960409551859,0.010889551602303982,-0.1203143447637558,-9.853409767150879,0.7896843552589417,0.02036849781870842,0.13502374291419983
1781548263366001,199089623,-0.005245240405201912,0.5701123476028442,0.8215364217758179,-0.004834717605262995,0.03478576987981796,-0.13030625879764557,-9.866162300109863,0.7298530340194702,-0.029979664832353592,0.08860073238611221
1781548263394706,199106290,-0.0052384259179234505,0.5701248049736023,0.8215277791023254,-0.0048399074003100395,0.046669334173202515,-0.13533082604408264,-9.861189842224121,0.7371398210525513,-0.024114355444908142,0.16912704706192017
1781548263424089,199122957,-0.005249791778624058,0.5701295733451843,0.8215242624282837,-0.0048460811376571655,0.03464987128973007,-0.13991554081439972,-9.85597038269043,0.8138883709907532,0.07497477531433105,0.16135360300540924
1781548263425739,199139624,-0.005244491156190634,0.5701211094856262,0.8215304017066956,-0.004839718341827393,0.019962389022111893,-0.13328881561756134,-9.860121726989746,0.677833616733551,0.02929452434182167,0.05709710717201233
1781548263455175,199156291,-0.005246924236416817,0.5701133608818054,0.8215357065200806,-0.004833263345062733,0.02532663382589817,-0.1289222538471222,-9.8579683303833,0.707621157169342,0.0733867809176445,0.06648415327072144
1781548263456468,199172958,-0.005257787648588419,0.5701078176498413,0.821539580821991,-0.00482969731092453,0.028613325208425522,-0.1339825987815857,-9.856511116027832,0.7569897174835205,0.10980803519487381,0.08630838990211487
1781548263484697,199189625,-0.005254493094980717,0.5700885653495789,0.8215529322624207,-0.004833384416997433,0.021893540397286415,-0.13350339233875275,-9.861180305480957,0.742249608039856,0.0020682255271822214,0.07341239601373672
1781548263486245,199206292,-0.005251854192465544,0.570091187953949,0.8215510845184326,-0.004834223072975874,0.02543756179511547,-0.13073183596134186,-9.862557411193848,0.7288797497749329,0.016590625047683716,0.14398819208145142
1781548263514100,199222959,-0.005242775660008192,0.5700929760932922,0.8215498328208923,-0.004835851956158876,0.02484748885035515,-0.14608091115951538,-9.860930442810059,0.7081334590911865,-0.02306423708796501,0.12413834035396576
1781548263516150,199239626,-0.0052312035113573074,0.5700865387916565,0.8215543627738953,-0.004840110894292593,0.037850577384233475,-0.12730582058429718,-9.87790298461914,0.7132560610771179,-0.04758839309215546,0.08027660846710205
1781548263544348,199256293,-0.005235074553638697,0.5700816512107849,0.8215577006340027,-0.0048310356214642525,0.024557815864682198,-0.1402910351753235,-9.871769905090332,0.6984518766403198,0.09187915921211243,0.08119865506887436
1781548263574094,199272960,-0.005250800866633654,0.5700870156288147,0.8215539455413818,-0.004827279597520828,0.03283297270536423,-0.12059330195188522,-9.848294258117676,0.7748034000396729,0.13873757421970367,0.17585039138793945
1781548263576132,199289627,-0.00524851493537426,0.5700778961181641,0.8215604424476624,-0.004830483812838793,0.016000034287571907,-0.12861472368240356,-9.850906372070312,0.7436198592185974,0.009188555181026459,0.08004608005285263
1781548263604562,199306294,-0.005255332216620445,0.5700742602348328,0.8215628266334534,-0.00483703101053834,0.026328038424253464,-0.14793696999549866,-9.874602317810059,0.7982518076896667,0.04722341522574425,0.08397764712572098
1781548263606808,199322961,-0.005262532737106085,0.5700723528862,0.8215640783309937,-0.00484382314607501,0.025923926383256912,-0.1430983543395996,-9.85864543914795,0.8010563254356384,0.04902910813689232,0.13330769538879395
1781548263633981,199339628,-0.005250184331089258,0.5700727105140686,0.8215639591217041,-0.0048433272168040276,0.032382555305957794,-0.14689628779888153,-9.862146377563477,0.6835452914237976,-0.03368069604039192,0.08104497939348221
1781548263635987,199356295,-0.005252068396657705,0.5700652003288269,0.82156902551651,-0.004836595617234707,0.03280101343989372,-0.12520302832126617,-9.854032516479492,0.7040354609489441,0.07115846872329712,0.04097391292452812
1781548263663985,199372962,-0.005246352404356003,0.5700647830963135,0.8215695023536682,-0.004838898312300444,0.027887383475899696,-0.12109396606683731,-9.866273880004883,0.7251018285751343,-0.006672107148915529,0.11870844662189484
1781548263666557,199389629,-0.0052541992627084255,0.5700582265853882,0.8215739727020264,-0.004838444758206606,0.022565867751836777,-0.13163304328918457,-9.859009742736816,0.7627012729644775,0.08090411126613617,0.10746447741985321
1781548263694201,199406296,-0.005245753098279238,0.5700505375862122,0.8215793371200562,-0.004856095649302006,0.014837684109807014,-0.12154097855091095,-9.860200881958008,0.8012741208076477,-0.08263938128948212,0.059632766991853714
1781548263724179,199422963,-0.005254148039966822,0.5700471997261047,0.8215813636779785,-0.004864049144089222,0.013164019212126732,-0.12806397676467896,-9.856471061706543,0.8122746348381042,0.05100128427147865,0.1155068501830101
1781548263726675,199439630,-0.005247938446700573,0.5700568556785583,0.8215748071670532,-0.004863541107624769,0.023234618827700615,-0.12094733119010925,-9.85297679901123,0.7072370052337646,0.001863323850557208,0.17870619893074036
1781548263754170,199456297,-0.005242998246103525,0.5700520873069763,0.8215780854225159,-0.004865590017288923,0.024471987038850784,-0.12519943714141846,-9.844039916992188,0.7266643047332764,-0.0012166033266112208,0.10828408598899841
1781548263756380,199472964,-0.005244786385446787,0.5700448155403137,0.821583092212677,-0.004865441471338272,0.023399045690894127,-0.12702329456806183,-9.848633766174316,0.7407384514808655,0.04518720507621765,0.07774093747138977
1781548263784198,199489631,-0.005234007257968187,0.5700522065162659,0.8215779066085815,-0.004866885486990213,0.03255075961351395,-0.14225080609321594,-9.857958793640137,0.7005393505096436,-0.032246388494968414,0.12525250017642975
1781548263787212,199506298,-0.005231563467532396,0.5700497627258301,0.8215797543525696,-0.004856736399233341,0.0263030044734478,-0.1372154951095581,-9.864899635314941,0.667665421962738,0.06015782430768013,0.07403990626335144
1781548263814673,199522965,-0.005238418001681566,0.5700405240058899,0.8215861916542053,-0.004852717276662588,0.020638229325413704,-0.1133335754275322,-9.844188690185547,0.7388046383857727,0.08894649147987366,0.061092689633369446
1781548263816292,199539632,-0.005234834738075733,0.5700233578681946,0.8215981125831604,-0.004858809988945723,0.018424682319164276,-0.13102151453495026,-9.86500072479248,0.7548638582229614,-0.009297408163547516,0.058428965508937836
1781548263844926,199556299,-0.005232330411672592,0.5699974894523621,0.8216160535812378,-0.0048601385205984116,0.013203372247517109,-0.14121727645397186,-9.840800285339355,0.7321837544441223,0.015348409302532673,0.014554415829479694
1781548263874993,199572966,-0.005236051511019468,0.5699959397315979,0.8216171264648438,-0.00486193411052227,0.029811151325702667,-0.1353415548801422,-9.868117332458496,0.7592692375183105,0.04858088865876198,0.1075541228055954
1781548263876132,199589633,-0.005240841303020716,0.5700039863586426,0.8216115236282349,-0.004852450918406248,0.025870423763990402,-0.13068532943725586,-9.848915100097656,0.6997452974319458,0.09874335676431656,0.1438857465982437
1781548263904085,199606300,-0.0052480921149253845,0.5700005292892456,0.8216139078140259,-0.004858517087996006,0.02003045752644539,-0.1383706033229828,-9.839566230773926,0.7972272634506226,0.05188492313027382,0.1107173040509224
1781548263906314,199622967,-0.005250662565231323,0.5700148344039917,0.8216040134429932,-0.004850638099014759,0.01950463466346264,-0.12711986899375916,-9.848016738891602,0.6999501585960388,0.08087848871946335,0.23857587575912476
1781548263934174,199639634,-0.005248349625617266,0.5700097680091858,0.8216075301170349,-0.004845190327614546,0.019983846694231033,-0.11799696087837219,-9.842476844787598,0.6947508454322815,0.04286925122141838,0.0929676964879036
1781548263936245,199656301,-0.005266537889838219,0.5700063109397888,0.8216099739074707,-0.004837432876229286,0.03305130824446678,-0.12920837104320526,-9.856087684631348,0.7620097398757935,0.16788484156131744,0.09942208975553513
1781548263964121,199672968,-0.00526881730183959,0.5699992179870605,0.8216148018836975,-0.004831881728023291,0.036577556282281876,-0.12834292650222778,-9.88031005859375,0.7120651006698608,0.06964733451604843,0.11085817217826843
1781548263966051,199689635,-0.0052655404433608055,0.569991409778595,0.8216201663017273,-0.004829785320907831,0.028341442346572876,-0.13536302745342255,-9.835442543029785,0.7096830606460571,0.025055622681975365,0.13670137524604797
1781548263994337,199706302,-0.0052671292796730995,0.5699849128723145,0.8216246962547302,-0.004826434887945652,0.015899818390607834,-0.13631786406040192,-9.860472679138184,0.7217850685119629,0.057225171476602554,0.1258031725883484
1781548264024108,199722969,-0.005263837985694408,0.5699848532676697,0.821624755859375,-0.004828349687159061,0.02874913066625595,-0.13542024791240692,-9.872989654541016,0.7324911952018738,0.00824088603258133,0.10492882132530212
1781548264026124,199739636,-0.0052678524516522884,0.5699896216392517,0.8216214776039124,-0.004830806516110897,0.029836297035217285,-0.13858160376548767,-9.855923652648926,0.7643021941184998,0.04708254709839821,0.0916486382484436
1781548264054173,199756303,-0.005264746956527233,0.5699965953826904,0.8216166496276855,-0.004828804638236761,0.0346139557659626,-0.13003088533878326,-9.85887622833252,0.7110021114349365,0.02517087757587433,0.16077730059623718
1781548264058032,199772970,-0.005260523874312639,0.5699939727783203,0.8216184377670288,-0.004825574345886707,0.02771560661494732,-0.13471931219100952,-9.863554954528809,0.6996556520462036,0.02377498894929886,0.1326545625925064
1781548264084095,199789637,-0.005271419882774353,0.570004940032959,0.8216108083724976,-0.004814759362488985,0.02407161518931389,-0.14031963050365448,-9.846475601196289,0.7161630392074585,0.13860952854156494,0.16536198556423187
1781548264086077,199806304,-0.0052765896543860435,0.570002019405365,0.8216129541397095,-0.004811724182218313,0.01836729422211647,-0.13225887715816498,-9.85874080657959,0.7376264929771423,0.07564070075750351,0.10316155105829239
1781548264114113,199822971,-0.005263630300760269,0.5700045824050903,0.8216112852096558,-0.004802294075489044,0.030261866748332977,-0.1547567993402481,-9.84531307220459,0.630501389503479,-0.0015879872953519225,0.12794183194637299
1781548264116034,199839638,-0.005254828371107578,0.5700100660324097,0.8216074705123901,-0.004803623538464308,0.042563825845718384,-0.15016135573387146,-9.863045692443848,0.7073138952255249,-0.019504070281982422,0.198940247297287
1781548264144335,199856305,-0.005249539390206337,0.5700071454048157,0.821609616279602,-0.004803328309208155,0.03588366508483887,-0.13738715648651123,-9.863530158996582,0.7122442722320557,0.0055899713188409805,0.0846051424741745
1781548264174097,199872972,-0.005245811305940151,0.5699965953826904,0.8216168284416199,-0.004815489519387484,0.026714269071817398,-0.13989050686359406,-9.871676445007324,0.7885189056396484,-0.03393682464957237,0.0845026969909668
1781548264175849,199889639,-0.0052442606538534164,0.5700055360794067,0.8216108083724976,-0.004807742778211832,0.030422795563936234,-0.13455837965011597,-9.860014915466309,0.684569776058197,0.05664888396859169,0.18471238017082214
1781548264204551,199906306,-0.005235150456428528,0.5700042247772217,0.8216117024421692,-0.004800289403647184,0.03829410299658775,-0.1432664543390274,-9.856940269470215,0.6568312048912048,0.011916307732462883,0.08227439224720001
1781548264206145,199922973,-0.005243890918791294,0.5700030326843262,0.8216125965118408,-0.004788714926689863,0.0365595668554306,-0.1379307359457016,-9.864856719970703,0.7033311724662781,0.12982438504695892,0.14485903084278107
1781548264234063,199939640,-0.005241318140178919,0.570006251335144,0.8216103911399841,-0.004786811303347349,0.0330083929002285,-0.13048864901065826,-9.876840591430664,0.7138450741767883,0.02678447961807251,0.07652433961629868
1781548264236963,199956307,-0.005253998562693596,0.5700077414512634,0.8216092586517334,-0.004785678815096617,0.036537978798151016,-0.1489025354385376,-9.847575187683105,0.7778000235557556,0.11064045131206512,0.12343399226665497
1781548264264039,199972974,-0.005263227503746748,0.5700029134750366,0.8216125965118408,-0.004774241708219051,0.025866707786917686,-0.13935406506061554,-9.874913215637207,0.7061997056007385,0.1310025453567505,0.0635002851486206
1781548264266724,199989641,-0.0052609993144869804,0.5700035691261292,0.8216121196746826,-0.004773589316755533,0.028498796746134758,-0.12809258699417114,-9.867249488830566,0.7220668196678162,0.0245817881077528,0.11910545080900192
1781548264294612,200006308,-0.005254731979221106,0.5700034499168396,0.8216121792793274,-0.004781762603670359,0.023052232339978218,-0.13155794143676758,-9.866440773010254,0.7562085390090942,-0.03313002735376358,0.0933775007724762
1781548264324288,200022975,-0.00525338901206851,0.5700073838233948,0.8216094970703125,-0.004784286022186279,0.037264078855514526,-0.14350605010986328,-9.859728813171387,0.7432612776756287,0.01825544983148575,0.21216918528079987
1781548264326022,200039642,-0.005249286536127329,0.5700217485427856,0.8215996026992798,-0.004778870847076178,0.03492184355854988,-0.12239211797714233,-9.860029220581055,0.6878226399421692,0.032880302518606186,0.19085942208766937
1781548264354302,200056309,-0.005243886262178421,0.5700348019599915,0.8215906023979187,-0.004775428678840399,0.04691626504063606,-0.13284537196159363,-9.854889869689941,0.6938158869743347,0.01782003603875637,0.18918178975582123
1781548264357353,200072976,-0.0052431137301027775,0.570038914680481,0.8215877413749695,-0.004773486405611038,0.029446490108966827,-0.13907870650291443,-9.828747749328613,0.7204403877258301,0.03823335841298103,0.16184024512767792
1781548264384228,200089643,-0.005251812282949686,0.5700536370277405,0.8215775489807129,-0.004767226986587048,0.017781097441911697,-0.13663256168365479,-9.881905555725098,0.7331699132919312,0.10843776166439056,0.19233213365077972
1781548264386995,200106310,-0.005255295429378748,0.5700552463531494,0.8215762972831726,-0.0047753723338246346,0.009294562973082066,-0.14096693694591522,-9.873164176940918,0.7941409349441528,0.022609608247876167,0.14248985052108765
1781548264415963,200122977,-0.005246482789516449,0.5700479745864868,0.8215813636779785,-0.0047790431417524815,0.037221167236566544,-0.12268894165754318,-9.852808952331543,0.7206069231033325,-0.029262511059641838,0.11160094290971756
1781548264419038,200139644,-0.005241447128355503,0.5700463652610779,0.8215824961662292,-0.004778165835887194,0.017387520521879196,-0.12473811209201813,-9.867531776428223,0.7096702456474304,0.009892905130982399,0.1326417624950409
1781548264444338,200156311,-0.005250504240393639,0.5700404047966003,0.8215866088867188,-0.004776128102093935,0.03914874047040939,-0.13238047063350677,-9.854321479797363,0.7584880590438843,0.09369765967130661,0.08984294533729553
1781548264474113,200172978,-0.005256986245512962,0.5700324773788452,0.8215921521186829,-0.004772004671394825,0.04960557073354721,-0.13558831810951233,-9.848989486694336,0.7365891933441162,0.08743535727262497,0.08729448914527893
1781548264476101,200189645,-0.005258395802229643,0.5700173377990723,0.8216026425361633,-0.004764913581311703,0.04096187651157379,-0.13778768479824066,-9.875164031982422,0.6999887228012085,0.07041571289300919,0.05953032150864601
1781548264504539,200206312,-0.005246495828032494,0.5700197219848633,0.821601152420044,-0.0047646635212004185,0.03985671326518059,-0.13137196004390717,-9.874732971191406,0.6864907145500183,-0.031695712357759476,0.12409992516040802
1781548264506879,200222979,-0.005250339396297932,0.570029079914093,0.8215945959091187,-0.00476435711607337,0.02691096067428589,-0.12914399802684784,-9.863143920898438,0.7477050423622131,0.058172836899757385,0.20682893693447113
1781548264534122,200239646,-0.005247114691883326,0.5700267553329468,0.8215962648391724,-0.004766080994158983,0.025172922760248184,-0.13036347925662994,-9.867110252380371,0.7316074967384338,0.009611165151000023,0.10686258226633072
1781548264536830,200256313,-0.005243110470473766,0.5700318217277527,0.8215927481651306,-0.004766456782817841,0.022598054260015488,-0.1348373144865036,-9.8612060546875,0.7208373546600342,0.01095583289861679,0.1715986728668213
1781548264564126,200272980,-0.005234947428107262,0.5700284242630005,0.8215951323509216,-0.004769673105329275,0.022698258981108665,-0.13597455620765686,-9.848167419433594,0.7208502292633057,-0.024524159729480743,0.07181160151958466
1781548264567222,200289647,-0.005229644011706114,0.5700175762176514,0.8216026425361633,-0.004770287312567234,0.027218513190746307,-0.13890346884727478,-9.863998413085938,0.7171747088432312,0.0022475142031908035,0.07411673665046692
1781548264594822,200306314,-0.005247826687991619,0.5700083374977112,0.8216089606285095,-0.0047647240571677685,0.02362084947526455,-0.12877921760082245,-9.834692001342773,0.7743037939071655,0.15929177403450012,0.09249384701251984
1781548264625073,200322981,-0.005251363385468721,0.5700154304504395,0.8216040730476379,-0.004763264674693346,0.03399185091257095,-0.12840014696121216,-9.84563159942627,0.7401749491691589,0.060426756739616394,0.1570378541946411
1781548264626796,200339648,-0.0052519370801746845,0.5700073838233948,0.8216096758842468,-0.004765606950968504,0.023617317900061607,-0.13183331489562988,-9.861760139465332,0.7501127123832703,0.02814195305109024,0.04247225821018219
1781548264654132,200356315,-0.0052490499801933765,0.5699897408485413,0.821621835231781,-0.004783969838172197,0.03011530451476574,-0.1319584846496582,-9.851983070373535,0.8268483281135559,-0.053504928946495056,0.05559876561164856
1781548264656843,200372982,-0.00524843530729413,0.5699889659881592,0.8216224312782288,-0.004777178633958101,0.01949390582740307,-0.1368507295846939,-9.863068580627441,0.6939184069633484,0.056969042867422104,0.05886439234018326
1781548264684696,200389649,-0.005248625762760639,0.5699883103370667,0.821622908115387,-0.004774266388267279,0.024797538295388222,-0.13196204602718353,-9.860426902770996,0.7188012003898621,0.047146573662757874,0.11840111762285233
1781548264685614,200406316,-0.005243342835456133,0.5699852108955383,0.8216250538825989,-0.004763777367770672,0.03829045221209526,-0.13911089301109314,-9.870675086975098,0.6545516848564148,0.046006813645362854,0.11741501092910767
1781548264714123,200422983,-0.005242499057203531,0.5699853301048279,0.8216249346733093,-0.004770737607032061,0.017881182953715324,-0.13274525105953217,-9.867593765258789,0.7704876065254211,0.0028366062324494123,0.1382637470960617
1781548264716820,200439650,-0.005244640167802572,0.5699776411056519,0.8216302990913391,-0.004775386303663254,0.023924773558974266,-0.13760170340538025,-9.837822914123535,0.7692070007324219,0.02798827551305294,0.05180808901786804
1781548264744248,200456317,-0.005242879968136549,0.5699728727340698,0.8216335773468018,-0.0047753420658409595,0.032128747552633286,-0.13052085041999817,-9.854146957397461,0.7273173332214355,0.024812303483486176,0.09976785629987717
1781548264774544,200472984,-0.005253439303487539,0.5699706077575684,0.8216351270675659,-0.004772020038217306,0.026617711409926414,-0.12332908809185028,-9.84354305267334,0.7571690678596497,0.10727239400148392,0.10903966426849365
1781548264775449,200489651,-0.005251148249953985,0.569972574710846,0.8216336965560913,-0.004769402556121349,0.03505049645900726,-0.13681139051914215,-9.854708671569824,0.7108868360519409,0.031433187425136566,0.09332627058029175
1781548264804022,200506318,-0.0052511985413730145,0.5699705481529236,0.8216351866722107,-0.004763881675899029,0.025319548323750496,-0.12451638281345367,-9.871172904968262,0.7035360336303711,0.05630311742424965,0.09526003897190094
1781548264808927,200522985,-0.005270860623568296,0.5699796080589294,0.821628749370575,-0.004758730530738831,0.03315164893865585,-0.1365109533071518,-9.866645812988281,0.7823846936225891,0.16633525490760803,0.19155095517635345
1781548264834700,200539652,-0.005254624877125025,0.5699758529663086,0.8216314911842346,-0.00476100342348218,0.018117066472768784,-0.1441175788640976,-9.866223335266113,0.6837373971939087,-0.06582463532686234,0.11868283897638321
1781548264835629,200556319,-0.005253706127405167,0.5699741244316101,0.8216326832771301,-0.0047548008151352406,0.02192930318415165,-0.1423509269952774,-9.87409782409668,0.6958778500556946,0.053729042410850525,0.11154972016811371
1781548264864792,200572986,-0.005256765987724066,0.5699682831764221,0.8216367363929749,-0.004755962640047073,0.026903808116912842,-0.12765629589557648,-9.850931167602539,0.7531093955039978,0.04728744551539421,0.09091868251562119
1781548264866651,200589653,-0.005256214644759893,0.5699714422225952,0.8216345310211182,-0.004756583832204342,0.016961798071861267,-0.1159549355506897,-9.874554634094238,0.7357824444770813,0.029320137575268745,0.1515183299779892
1781548264894868,200606320,-0.005244207102805376,0.5699700713157654,0.8216356039047241,-0.004746308084577322,0.0349433571100235,-0.1299307644367218,-9.866498947143555,0.6293104290962219,0.007344440091401339,0.13451148569583893
1781548264924798,200622987,-0.005242681596428156,0.569963812828064,0.8216399550437927,-0.004743525292724371,0.04271779581904411,-0.1258324235677719,-9.866952896118164,0.7128334045410156,0.036670979112386703,0.07824038714170456
1781548264926797,200639654,-0.005241273436695337,0.5699620246887207,0.8216413259506226,-0.004745915997773409,0.03382032737135887,-0.13324949145317078,-9.876651763916016,0.7424032092094421,0.017551101744174957,0.1311177909374237
1781548264954085,200656321,-0.005238626152276993,0.5699655413627625,0.8216389417648315,-0.004736313596367836,0.023778202012181282,-0.13500182330608368,-9.859689712524414,0.6696503758430481,0.058377742767333984,0.21471765637397766
1781548264956326,200672988,-0.005235335323959589,0.5699630975723267,0.8216406106948853,-0.004737093113362789,0.026617644354701042,-0.1296696811914444,-9.863582611083984,0.7261135578155518,0.012364530004560947,0.06773918122053146
1781548264985095,200689655,-0.005225658882409334,0.5699742436408997,0.8216330409049988,-0.004726712591946125,0.01907561719417572,-0.12490976601839066,-9.872159957885742,0.6379675269126892,0.02027885615825653,0.1439625769853592
1781548264986165,200706322,-0.005222299136221409,0.5699701309204102,0.821635901927948,-0.004724713042378426,0.024371769279241562,-0.135080486536026,-9.860954284667969,0.7100671529769897,0.023185892030596733,0.0856296494603157
1781548265014097,200722989,-0.00522126629948616,0.5699601769447327,0.8216427564620972,-0.0047219605185091496,0.02265169657766819,-0.13352127373218536,-9.865081787109375,0.7149848937988281,0.03900173678994179,0.0386047437787056
1781548265015900,200739656,-0.0052186474204063416,0.569953441619873,0.8216474652290344,-0.004721124656498432,0.0271183792501688,-0.11816861480474472,-9.852662086486816,0.7194799184799194,0.023198701441287994,0.09984470903873444
1781548265044207,200756323,-0.005212949588894844,0.5699495673179626,0.8216501474380493,-0.004721316508948803,0.029732586815953255,-0.1256500482559204,-9.850076675415039,0.7132560014724731,0.001620003255084157,0.10299506783485413
1781548265073981,200772990,-0.0052081262692809105,0.5699614882469177,0.8216419219970703,-0.00471973791718483,0.02364925853908062,-0.13376086950302124,-9.860486030578613,0.706571102142334,0.014080580323934555,0.20759731531143188
1781548265076080,200789657,-0.00521133653819561,0.5699626803398132,0.8216411471366882,-0.004726349376142025,0.029331929981708527,-0.13480153679847717,-9.844696998596191,0.7844849228858948,0.026669222861528397,0.11473847925662994
1781548265104065,200806324,-0.005208973772823811,0.5699721574783325,0.8216345310211182,-0.004722204990684986,0.023216916248202324,-0.1393469125032425,-9.872599601745605,0.7018327116966248,0.03784916549921036,0.1847763955593109
1781548265106049,200822991,-0.005210772156715393,0.5699710845947266,0.8216353058815002,-0.004716769326478243,0.021163994446396828,-0.11933088302612305,-9.880377769470215,0.7108996510505676,0.06589507311582565,0.10158637166023254
1781548265134743,200839658,-0.0052174455486238,0.5699711441993713,0.8216351866722107,-0.004724476020783186,0.019908621907234192,-0.1347443163394928,-9.840344429016113,0.8042195439338684,0.04202403500676155,0.11363714188337326
1781548265135820,200856325,-0.005211357492953539,0.5699710845947266,0.821635365486145,-0.004730764776468277,0.0406041294336319,-0.13366788625717163,-9.855052947998047,0.7461428046226501,-0.024344870820641518,0.12381818890571594
1781548265164383,200872992,-0.00520694674924016,0.5699675679206848,0.821637749671936,-0.004722085315734148,0.023431310430169106,-0.13158655166625977,-9.843914985656738,0.6681265234947205,0.04423953592777252,0.1447950005531311
1781548265166908,200889659,-0.0052009946666657925,0.5699689388275146,0.8216369152069092,-0.004717921372503042,0.026660770177841187,-0.13847075402736664,-9.879884719848633,0.6876049041748047,0.01761513389647007,0.15253004431724548
1781548265194438,200906326,-0.005200498271733522,0.5699636340141296,0.8216406106948853,-0.004715063609182835,0.03367714583873749,-0.144435852766037,-9.844783782958984,0.716662585735321,0.04208806902170181,0.03631240874528885
1781548265224306,200922993,-0.005195711739361286,0.569947361946106,0.8216517567634583,-0.0047273277305066586,0.02380692958831787,-0.12149807810783386,-9.848539352416992,0.78477942943573,-0.03964845463633537,0.10883475840091705
1781548265226409,200939660,-0.005197165068238974,0.5699450969696045,0.8216534852981567,-0.004715721122920513,0.02503345161676407,-0.14028030633926392,-9.85047721862793,0.6746577024459839,0.08826775848865509,0.10582525283098221
1781548265254583,200956327,-0.005193402525037527,0.5700057744979858,0.8216111660003662,-0.004774630069732666,0.03903420269489288,-0.14215421676635742,-9.846048355102539,0.7316203117370605,0.004091628361493349,0.10079237818717957
1781548265255998,200972994,-0.0051818001084029675,0.5700216293334961,0.8216001987457275,-0.004768066108226776,0.0241574514657259,-0.12853962182998657,-9.844408988952637,0.6516446471214294,-0.0049048312939703465,0.19103871285915375
1781548265284109,200989661,-0.005179765168577433,0.5700197815895081,0.8216016292572021,-0.004761551506817341,0.02077418752014637,-0.13970811665058136,-9.849611282348633,0.6894233822822571,0.048555273562669754,0.09002223610877991
1781548265286506,201006328,-0.005182580556720495,0.5700112581253052,0.821607232093811,-0.004767518024891615,0.019211385399103165,-0.13732635974884033,-9.853755950927734,0.7788245677947998,0.027168666943907738,0.07100480049848557
1781548265314210,201022995,-0.0051808166317641735,0.5700124502182007,0.8216065764427185,-0.004764046054333448,0.01627158746123314,-0.1343974471092224,-9.864790916442871,0.7074804306030273,0.03892490640282631,0.1599961221218109
1781548265316597,201039662,-0.00517357187345624,0.5700107216835022,0.8216077089309692,-0.004769742488861084,0.025433985516428947,-0.13760888576507568,-9.856399536132812,0.7379339337348938,-0.028250809758901596,0.12732712924480438
1781548265344690,201056329,-0.005181446205824614,0.5700079798698425,0.8216095566749573,-0.004772803280502558,0.019883712753653526,-0.13092495501041412,-9.857260704040527,0.7823333740234375,0.06738059967756271,0.11220283061265945
1781548265374616,201072996,-0.005169246345758438,0.5699982643127441,0.8216162919998169,-0.0047762636095285416,0.024057146161794662,-0.1285575032234192,-9.846375465393066,0.7060076594352722,-0.04790855199098587,0.06214281544089317
1781548265377453,201089663,-0.005183049943298101,0.5699915289878845,0.8216210007667542,-0.004777236375957727,0.025884531438350677,-0.14769378304481506,-9.84932804107666,0.793872058391571,0.10846336930990219,0.05107812583446503
1781548265404635,201106330,-0.005182252731174231,0.5699902772903442,0.8216218948364258,-0.004780646413564682,0.03275090456008911,-0.14376352727413177,-9.879537582397461,0.7502022385597229,0.017371810972690582,0.1437576562166214
1781548265405790,201122997,-0.00518578477203846,0.5699852108955383,0.8216254115104675,-0.004783639218658209,0.016565091907978058,-0.14301253855228424,-9.853907585144043,0.7648400068283081,0.043048541992902756,0.09577228128910065
1781548265434127,201139664,-0.005190862808376551,0.5699798464775085,0.8216289281845093,-0.004788172896951437,0.02200431376695633,-0.1308140754699707,-9.85025405883789,0.7796057462692261,0.04558420181274414,0.08360626548528671
1781548265436799,201156331,-0.005192423239350319,0.5699835419654846,0.8216263055801392,-0.004793557338416576,0.022573020309209824,-0.14400671422481537,-9.844075202941895,0.7708205580711365,0.022251032292842865,0.117338165640831
1781548265464497,201172998,-0.005183663219213486,0.5699896216392517,0.8216221928596497,-0.004792468156665564,0.02647090144455433,-0.13184401392936707,-9.842883110046387,0.6935086846351624,-0.009732826612889767,0.19287005066871643
1781548265465797,201189665,-0.005189858376979828,0.5699834823608398,0.8216264247894287,-0.004793775267899036,0.01937231421470642,-0.14095263183116913,-9.866029739379883,0.7659157514572144,0.06434550881385803,0.06633049249649048
1781548265494342,201206332,-0.005200764164328575,0.5699778199195862,0.8216302990913391,-0.004779699258506298,0.018270842730998993,-0.13871392607688904,-9.848466873168945,0.6974658966064453,0.15105731785297394,0.05677695572376251
1781548265524690,201222999,-0.00520122516900301,0.5699818134307861,0.8216275572776794,-0.004778370726853609,0.04144839569926262,-0.11714939773082733,-9.869296073913574,0.7283546924591064,0.042894866317510605,0.15361855924129486
1781548265526090,201239666,-0.005198637954890728,0.5699808597564697,0.8216283321380615,-0.004763209261000156,0.033330369740724564,-0.12798887491226196,-9.83508586883545,0.6383516788482666,0.07986679673194885,0.13457553088665009
1781548265553997,201256333,-0.005202018190175295,0.5699889063835144,0.8216228485107422,-0.004766227677464485,0.027121955528855324,-0.13953645527362823,-9.867053031921387,0.7642638087272644,0.04272839054465294,0.20023369789123535
1781548265555732,201273000,-0.005206004716455936,0.5699936151504517,0.8216195106506348,-0.004760191310197115,0.028348594903945923,-0.12998083233833313,-9.84923267364502,0.7155099511146545,0.08153162151575089,0.1755942553281784
1781548265583999,201289667,-0.0052015092223882675,0.56999272108078,0.8216202855110168,-0.00475413678213954,0.01024571806192398,-0.13609255850315094,-9.858657836914062,0.6822391152381897,0.03326449543237686,0.12321629375219345
1781548265585618,201306334,-0.0052068643271923065,0.5699911713600159,0.821621298789978,-0.004756152164191008,0.0189503226429224,-0.1309499889612198,-9.864367485046387,0.7663639187812805,0.05776303634047508,0.1530422866344452
1781548265614037,201323001,-0.005206432659178972,0.5699890851974487,0.8216226696968079,-0.004754834808409214,0.026331504806876183,-0.12833575904369354,-9.829376220703125,0.7250250577926636,0.03754181042313576,0.1101025864481926
1781548265615485,201339668,-0.005204305052757263,0.5699971318244934,0.8216170072555542,-0.004753666464239359,0.007155990693718195,-0.14014798402786255,-9.893255233764648,0.7191342115402222,0.027501635253429413,0.159868061542511
1781548265644484,201356335,-0.005199322942644358,0.5700022578239441,0.8216136693954468,-0.004748701583594084,0.03541875630617142,-0.12611494958400726,-9.883124351501465,0.6864779591560364,0.02637467533349991,0.1577422022819519
1781548265674633,201373002,-0.005204769317060709,0.5700051188468933,0.8216115236282349,-0.004748867359012365,0.012906531803309917,-0.13013461232185364,-9.854818344116211,0.7564518451690674,0.06496021151542664,0.13134831190109253
1781548265676230,201389669,-0.005202493164688349,0.5700019598007202,0.8216137290000916,-0.004754296038299799,0.026052765548229218,-0.12186285108327866,-9.858488082885742,0.7558884024620056,0.0005186571506783366,0.09114919602870941
1781548265704184,201406336,-0.005212282761931419,0.570000410079956,0.821614682674408,-0.0047578513622283936,0.03132409229874611,-0.13023115694522858,-9.87841510772705,0.7926682233810425,0.0758328065276146,0.08666697889566422
1781548265706714,201423003,-0.005214818753302097,0.5699893832206726,0.8216224312782288,-0.004751545377075672,0.021625325083732605,-0.13519851863384247,-9.875679016113281,0.7084537148475647,0.07364291697740555,0.05530422553420067
1781548265734233,201439670,-0.005205480847507715,0.5699861645698547,0.821624755859375,-0.004743093624711037,0.05106097087264061,-0.14428921043872833,-9.84128475189209,0.6497237682342529,0.015502086840569973,0.1286589801311493
1781548265736708,201456337,-0.005215323530137539,0.5699833035469055,0.821626603603363,-0.004745878279209137,0.028405815362930298,-0.13461560010910034,-9.864298820495605,0.788288414478302,0.07993082702159882,0.136726975440979
1781548265764515,201473004,-0.0052086785435676575,0.5699913501739502,0.8216210007667542,-0.004745448008179665,0.040471937507390976,-0.1238655149936676,-9.858648300170898,0.7056490778923035,-0.0011141524882987142,0.14658789336681366
1781548265767107,201489671,-0.005209536757320166,0.5699894428253174,0.8216224908828735,-0.0047485604882240295,0.019579734653234482,-0.1284967064857483,-9.853191375732422,0.7550175786018372,0.027693727985024452,0.12586718797683716
1781548265794326,201506338,-0.005209211725741625,0.5699908137321472,0.8216214776039124,-0.0047445762902498245,0.023148933425545692,-0.1206648126244545,-9.874685287475586,0.7102977633476257,0.048901043832302094,0.1458963304758072
1781548265824140,201523005,-0.0051980759017169476,0.5699871182441711,0.8216241598129272,-0.004741162993013859,0.0268823504447937,-0.1353844851255417,-9.861108779907227,0.6713024377822876,-0.014945009723305702,0.08574490249156952
1781548265826847,201539672,-0.005205514840781689,0.5699789524078369,0.8216296434402466,-0.004756624344736338,0.01738596335053444,-0.1365291029214859,-9.865340232849121,0.850527286529541,0.016526592895388603,0.10733641684055328
1781548265854119,201556339,-0.005204453133046627,0.5699830651283264,0.8216267824172974,-0.004764128942042589,0.02770487777888775,-0.1334068328142166,-9.842147827148438,0.7723829746246338,-0.0007811873801983893,0.12392064183950424
1781548265856118,201573006,-0.005217568948864937,0.569999635219574,0.8216152191162109,-0.004762702621519566,0.035629753023386,-0.13447970151901245,-9.853381156921387,0.7773005366325378,0.1152123287320137,0.23967723548412323
1781548265884160,201589673,-0.005222871899604797,0.5700039863586426,0.8216120600700378,-0.004768989514559507,0.02569505013525486,-0.13064242899417877,-9.855451583862305,0.7904142141342163,0.04021833837032318,0.14220808446407318
1781548265887248,201606340,-0.005220512393862009,0.5700023770332336,0.8216132521629333,-0.004776494111865759,0.02729361318051815,-0.1351877897977829,-9.873461723327637,0.7672476172447205,-0.008093612268567085,0.09882019460201263
1781548265914640,201623007,-0.005217969883233309,0.570005476474762,0.8216111660003662,-0.004782527685165405,0.02178608626127243,-0.14134956896305084,-9.84815502166748,0.7581550478935242,-0.0027917842380702496,0.16081573069095612
1781548265915747,201639674,-0.005210653878748417,0.570004403591156,0.8216118216514587,-0.00479022366926074,0.021267704665660858,-0.138631671667099,-9.844493865966797,0.7488961815834045,-0.03658774122595787,0.11767113953828812
1781548265944828,201656341,-0.0052161188796162605,0.5700076818466187,0.821609616279602,-0.004790095146745443,0.02168254554271698,-0.12296789139509201,-9.877598762512207,0.7545692920684814,0.0670604482293129,0.19717293977737427
1781548265974953,201673008,-0.005224291700869799,0.5700063705444336,0.8216105103492737,-0.0047814310528337955,0.03247911483049393,-0.15107688307762146,-9.857275009155273,0.7170979976654053,0.11523793637752533,0.13361506164073944
1781548265976118,201689675,-0.005225766450166702,0.5700165629386902,0.8216033577919006,-0.004787570796906948,0.03802938759326935,-0.13027407228946686,-9.845903396606445,0.7744831442832947,0.019484860822558403,0.18980930745601654
1781548266004691,201706342,-0.005224876571446657,0.5700199007987976,0.8216010928153992,-0.004787755664438009,0.020695362240076065,-0.13621771335601807,-9.884957313537598,0.7316074967384338,0.029217684641480446,0.14701049029827118
1781548266005983,201723009,-0.0052367160096764565,0.5700210332870483,0.8216001391410828,-0.0047935862094163895,0.018410315737128258,-0.13466566801071167,-9.85794448852539,0.8134016990661621,0.0789959654211998,0.13373030722141266
1781548266034158,201739676,-0.005242102313786745,0.5700272917747498,0.8215957283973694,-0.004812577273696661,0.018602851778268814,-0.14060023427009583,-9.86643123626709,0.8623860478401184,-0.008554643020033836,0.18970687687397003
1781548266037257,201756343,-0.005236331839114428,0.5700237154960632,0.8215979933738708,-0.0048124962486326694,0.02516934648156166,-0.13735854625701904,-9.86925220489502,0.711078941822052,0.0024011905770748854,0.09114919602870941
1781548266064074,201773010,-0.005236111581325531,0.5700227618217468,0.8215987682342529,-0.004814217332750559,0.02841654233634472,-0.1303563266992569,-9.861881256103516,0.742685079574585,0.027975469827651978,0.19708332419395447
1781548266067506,201789677,-0.005243676248937845,0.5700158476829529,0.8216035962104797,-0.004809791687875986,0.020745640620589256,-0.13551679253578186,-9.865826606750488,0.7388432025909424,0.09447884559631348,0.05836493521928787
1781548266094311,201806344,-0.00524862902238965,0.5700151920318604,0.8216040134429932,-0.004802945535629988,0.04317197576165199,-0.13715827465057373,-9.847769737243652,0.7146391868591309,0.09006065130233765,0.14579389989376068
1781548266124086,201823011,-0.005241230595856905,0.5700071454048157,0.8216096758842468,-0.004805439151823521,0.034353047609329224,-0.13566341996192932,-9.870124816894531,0.7193005681037903,-0.017109282314777374,0.05821126326918602
1781548266125968,201839678,-0.005239283200353384,0.5699959397315979,0.8216174244880676,-0.004806159064173698,0.020956574007868767,-0.1507943570613861,-9.840373992919922,0.7306086421012878,0.02057339996099472,0.03936031460762024
1781548266154737,201856345,-0.005237790290266275,0.5699915289878845,0.8216204643249512,-0.004806083627045155,0.032404012978076935,-0.1372619867324829,-9.861459732055664,0.7278552651405334,0.026515547186136246,0.0879732146859169
1781548266155548,201873012,-0.005247304681688547,0.5699912905693054,0.8216205835342407,-0.004806359298527241,0.02028053067624569,-0.12828212976455688,-9.86182689666748,0.7728696465492249,0.08767867088317871,0.13105377554893494
1781548266184555,201889679,-0.005237850360572338,0.5699897408485413,0.821621835231781,-0.004805014468729496,0.020452329888939857,-0.12562143802642822,-9.863219261169434,0.6895259022712708,-0.01358753815293312,0.09228895604610443
1781548266185825,201906346,-0.005234921351075172,0.5699967741966248,0.821617066860199,-0.004798399284482002,0.01931151933968067,-0.13254854083061218,-9.851807594299316,0.685210108757019,0.0445212721824646,0.17108643054962158
1781548266214118,201923013,-0.0052396333776414394,0.5699929594993591,0.8216195702552795,-0.0047922516241669655,0.014437063597142696,-0.1311180591583252,-9.843048095703125,0.7179175615310669,0.0853223204612732,0.0863468125462532
1781548266216154,201939680,-0.005235858261585236,0.5699881315231323,0.8216230869293213,-0.004785933997482061,0.026009848341345787,-0.13900718092918396,-9.868022918701172,0.6836093068122864,0.038297388702631,0.09983189404010773
1781548266244760,201956347,-0.005239846650511026,0.569989800453186,0.8216217756271362,-0.004785603377968073,0.032261114567518234,-0.12343636155128479,-9.869302749633789,0.7477946877479553,0.058941226452589035,0.14511515200138092
1781548266274406,201973014,-0.005237189121544361,0.5699921250343323,0.8216201066970825,-0.004789328668266535,0.02435397170484066,-0.14185741543769836,-9.86816120147705,0.7447211742401123,0.005192974582314491,0.12433045357465744
1781548266275436,201989681,-0.005236029624938965,0.5699970722198486,0.8216168284416199,-0.00479644350707531,0.02001245692372322,-0.13803444802761078,-9.854804039001465,0.7697576284408569,0.0007363650947809219,0.1628263294696808
1781548266304001,202006348,-0.005226294510066509,0.5700027346611023,0.8216126561164856,-0.00481026154011488,0.03214295208454132,-0.13560977578163147,-9.855541229248047,0.773829996585846,-0.07375175505876541,0.18412327766418457
1781548266305710,202023015,-0.005216660909354687,0.5700074434280396,0.8216094374656677,-0.004810207523405552,0.014258338138461113,-0.13329239189624786,-9.848470687866211,0.6960058808326721,-0.01894059218466282,0.1713169366121292
1781548266334091,202039682,-0.005227916873991489,0.5700106620788574,0.8216071724891663,-0.004810661543160677,0.03299766406416893,-0.13097144663333893,-9.868093490600586,0.7806813716888428,0.09700168669223785,0.15842095017433167
1781548266335770,202056349,-0.005232264753431082,0.5700088143348694,0.8216083645820618,-0.00481638265773654,0.022876998409628868,-0.1329490840435028,-9.848764419555664,0.7834604382514954,0.03695272281765938,0.11158812046051025
1781548266364515,202073016,-0.005230090115219355,0.5700210928916931,0.8215999007225037,-0.0048293923027813435,0.026706865057349205,-0.1319691687822342,-9.87109661102295,0.7988535761833191,-0.02764890529215336,0.2292272299528122
1781548266366881,202089683,-0.005229071713984013,0.5700284838676453,0.8215948939323425,-0.0048223561607301235,0.023234503343701363,-0.12489545345306396,-9.865242004394531,0.6904479265213013,0.05627750605344772,0.1221405491232872
1781548266394431,202106350,-0.0052302079275250435,0.5700296759605408,0.8215939998626709,-0.004817191511392593,0.040779490023851395,-0.1414676010608673,-9.887369155883789,0.7093629837036133,0.061643365770578384,0.13373032212257385
1781548266424405,202123017,-0.0052327909506857395,0.5700135231018066,0.8216053247451782,-0.004807405639439821,0.04005349054932594,-0.13660398125648499,-9.839702606201172,0.6891801357269287,0.08667978644371033,-0.030107727274298668
1781548266427179,202139684,-0.005238890647888184,0.5700159072875977,0.821603536605835,-0.0048035490326583385,0.019658410921692848,-0.14428208768367767,-9.846864700317383,0.7361154556274414,0.08459234237670898,0.14343750476837158
1781548266454920,202156351,-0.005236817058175802,0.5700215101242065,0.8215996623039246,-0.0048010386526584625,0.03379515931010246,-0.13496606051921844,-9.86623764038086,0.7117961049079895,0.03311081603169441,0.1516079604625702
1781548266455691,202173018,-0.005235892254859209,0.5700247287750244,0.8215975165367126,-0.004803982097655535,0.02893521822988987,-0.13686861097812653,-9.854994773864746,0.7470903396606445,0.017935290932655334,0.12068062275648117
1781548266484714,202189685,-0.005225341767072678,0.5700300335884094,0.8215938210487366,-0.004805936943739653,0.020320169627666473,-0.13285969197750092,-9.862761497497559,0.7037025094032288,-0.03209271281957626,0.1653875857591629
1781548266485991,202206352,-0.00522889057174325,0.5700233578681946,0.8215983510017395,-0.004814575891941786,0.025630677118897438,-0.12496341019868851,-9.876490592956543,0.7967406511306763,0.02122652344405651,0.10257245600223541
1781548266515170,202223019,-0.005233375821262598,0.570025622844696,0.8215969204902649,-0.004815840627998114,0.030762534588575363,-0.1418180763721466,-9.827507019042969,0.7589235305786133,0.05459987744688988,0.08255612850189209
1781548266515723,202239686,-0.0052222926169633865,0.5700355768203735,0.8215899467468262,-0.004822613671422005,0.027672691270709038,-0.15215688943862915,-9.852200508117676,0.72871333360672,-0.05306950956583023,0.25060105323791504
1781548266544244,202256353,-0.005230042152106762,0.5700337886810303,0.8215911984443665,-0.004819253459572792,0.024361124262213707,-0.1490849256515503,-9.864152908325195,0.7454895973205566,0.09155899286270142,0.09714256227016449
1781548266575010,202273020,-0.005236821714788675,0.5700364708900452,0.8215892910957336,-0.0048137083649635315,0.04869721457362175,-0.13070322573184967,-9.865093231201172,0.7292383909225464,0.09479900449514389,0.1246890276670456
1781548266577021,202289687,-0.005243986379355192,0.5700400471687317,0.8215868473052979,-0.004804906900972128,0.047867532819509506,-0.1246737390756607,-9.85840892791748,0.7125260233879089,0.10957752913236618,0.11563493311405182
1781548266604138,202306354,-0.005243058316409588,0.5700336694717407,0.821591317653656,-0.004793343134224415,0.024779468774795532,-0.1451403647661209,-9.857492446899414,0.6651681065559387,0.07465460896492004,0.07621698826551437
1781548266606821,202323021,-0.005243241786956787,0.5700284838676453,0.8215948343276978,-0.004795496817678213,0.02998649887740612,-0.14352750778198242,-9.877527236938477,0.7469751834869385,0.02739918790757656,0.09474778175354004
1781548266634556,202339688,-0.0052523063495755196,0.5700268745422363,0.8215959668159485,-0.004792605526745319,0.024897554889321327,-0.11357676982879639,-9.865218162536621,0.7532886862754822,0.09718097746372223,0.0986793264746666
1781548266635822,202356355,-0.005247125867754221,0.5700244903564453,0.8215974569320679,-0.004808010067790747,0.023853302001953125,-0.13341398537158966,-9.852326393127441,0.8008001446723938,-0.054798368364572525,0.11130638420581818
1781548266665039,202373022,-0.005254013929516077,0.5700089931488037,0.8216081261634827,-0.004818495362997055,0.02396058849990368,-0.14374206960201263,-9.869416236877441,0.8203299641609192,0.03256014734506607,0.046762388199567795
1781548266665715,202389689,-0.005258478224277496,0.5700053572654724,0.8216105699539185,-0.00482436316087842,0.0366884283721447,-0.14723961055278778,-9.85693645477295,0.7846642732620239,0.037183232605457306,0.11185705661773682
1781548266694450,202406356,-0.005262203514575958,0.5699989199638367,0.8216151595115662,-0.004823723342269659,0.02639598585665226,-0.13246272504329681,-9.859320640563965,0.7451439499855042,0.05801916867494583,0.0659463033080101
1781548266724754,202423023,-0.005270817782729864,0.5699977874755859,0.8216158151626587,-0.004825333133339882,0.014809074811637402,-0.12755973637104034,-9.858104705810547,0.776839554309845,0.07731834053993225,0.12329313158988953
1781548266727468,202439690,-0.005268734414130449,0.5699917674064636,0.821619987487793,-0.004820438101887703,0.02408575639128685,-0.12873989343643188,-9.829728126525879,0.6984134912490845,0.04178071394562721,0.060183439403772354
1781548266754680,202456357,-0.005260175559669733,0.5699986219406128,0.8216153979301453,-0.004818424116820097,0.03117041103541851,-0.14039118587970734,-9.851042747497559,0.6890392303466797,-0.004892025608569384,0.1986328810453415
1781548266757205,202473024,-0.00526457279920578,0.5699989795684814,0.8216149806976318,-0.0048156664706766605,0.02009470947086811,-0.1413746327161789,-9.847841262817383,0.7358080148696899,0.07049254328012466,0.12156426906585693
1781548266784121,202489691,-0.00527222640812397,0.5699971914291382,0.8216162919998169,-0.004808604717254639,0.023717407137155533,-0.12759192287921906,-9.849825859069824,0.7242054343223572,0.1057228222489357,0.10640155524015427
1781548266786934,202506358,-0.005268338602036238,0.5699989199638367,0.8216150999069214,-0.004806012846529484,0.037807662039995193,-0.1402481198310852,-9.857332229614258,0.704125165939331,0.023160282522439957,0.13421693444252014
1781548266814279,202523025,-0.005272845271974802,0.5699945092201233,0.8216181397438049,-0.0048004877753555775,0.022408444434404373,-0.13455837965011597,-9.855890274047852,0.7206581234931946,0.08151881396770477,0.06968574970960617
1781548266816390,202539692,-0.005271849688142538,0.5699976682662964,0.8216159343719482,-0.004794579930603504,0.018975356593728065,-0.13370724022388458,-9.856853485107422,0.696812629699707,0.05229472741484642,0.1293889582157135
1781548266844386,202556359,-0.00527361361309886,0.5699959397315979,0.8216173052787781,-0.0047934469766914845,0.031327471137046814,-0.15035803616046906,-9.855904579162598,0.7346041202545166,0.049157168716192245,0.10321277379989624
1781548266874129,202573026,-0.005271637346595526,0.5699982643127441,0.8216156959533691,-0.004799140151590109,0.024557944387197495,-0.13552753627300262,-9.862601280212402,0.7584880590438843,0.0012742317048832774,0.1228577122092247
1781548266876411,202589693,-0.005268380977213383,0.5699910521507263,0.8216208219528198,-0.0047924150712788105,0.029113860800862312,-0.12277833372354507,-9.838663101196289,0.6833916306495667,0.042177714407444,0.0455457828938961
1781548266904229,202606360,-0.005270104389637709,0.5699873566627502,0.8216234445571899,-0.004792453721165657,0.03292981907725334,-0.13987620174884796,-9.855795860290527,0.7409689426422119,0.04436759278178215,0.0985768735408783
1781548266906215,202623027,-0.00527421897277236,0.5699778199195862,0.8216298818588257,-0.004796063993126154,0.0046025789342820644,-0.13857445120811462,-9.868583679199219,0.7706029415130615,0.04388095811009407,0.0766524150967598
1781548266934128,202639694,-0.005270596593618393,0.5699955821037292,0.821617603302002,-0.004791521932929754,0.01686539314687252,-0.13420075178146362,-9.85944938659668,0.6943153738975525,0.032022275030612946,0.18510936200618744
1781548266937631,202656361,-0.005274273920804262,0.5699994564056396,0.8216149210929871,-0.004807623103260994,0.022854439914226532,-0.14519834518432617,-9.845765113830566,0.8392704725265503,-0.0069026220589876175,0.17892390489578247
1781548266964102,202673028,-0.005269283428788185,0.5699979066848755,0.8216158747673035,-0.004800706636160612,0.03066597692668438,-0.14044839143753052,-9.869027137756348,0.6754260659217834,0.033776745200157166,0.11226686090230942
1781548266967922,202689695,-0.0052675665356218815,0.5699988007545471,0.8216152191162109,-0.0048044477589428425,0.02102094702422619,-0.1413746327161789,-9.873919486999512,0.7482686042785645,0.011340022087097168,0.18326526880264282
1781548266994741,202706362,-0.005270404275506735,0.5699939727783203,0.8216184973716736,-0.004812570754438639,0.012427320703864098,-0.12452711164951324,-9.86507511138916,0.7911186814308167,0.018895769491791725,0.08716642111539841
1781548267024232,202723029,-0.005264362320303917,0.5699907541275024,0.8216208219528198,-0.0048084985464811325,0.020860016345977783,-0.14509031176567078,-9.869487762451172,0.6872591376304626,0.016923589631915092,0.12315226346254349
1781548267028025,202739696,-0.0052703325636684895,0.5699832439422607,0.8216259479522705,-0.004815465305000544,0.029807688668370247,-0.13589587807655334,-9.88090705871582,0.7969071269035339,0.04076901450753212,0.050629906356334686
1781548267054211,202756363,-0.0052717216312885284,0.5699622631072998,0.8216404914855957,-0.0048288931138813496,0.03985682874917984,-0.12718066573143005,-9.847162246704102,0.8152201771736145,-0.009438279084861279,0.06602313369512558
1781548267056603,202773030,-0.005279325880110264,0.569964587688446,0.8216387033462524,-0.004833583254367113,0.0283450186252594,-0.12509214878082275,-9.851961135864258,0.7903118133544922,0.05956873670220375,0.1364324390888214
1781548267084212,202789697,-0.005276988726109266,0.5699632167816162,0.8216396570205688,-0.0048348018899559975,0.030136579647660255,-0.13219448924064636,-9.847929954528809,0.7317739725112915,0.01696201041340828,0.11955368518829346
1781548267086129,202806364,-0.005275340750813484,0.5699724555015564,0.8216333389282227,-0.00482749380171299,0.03261500969529152,-0.12082216143608093,-9.864410400390625,0.6863114237785339,0.05416445434093475,0.15812639892101288
1781548267114144,202823031,-0.005274356808513403,0.569976270198822,0.8216307163238525,-0.0048307389952242374,0.019365161657333374,-0.14130668342113495,-9.863015174865723,0.7484222650527954,0.017294974997639656,0.1871071606874466
1781548267117878,202839698,-0.005268659442663193,0.5699785947799683,0.8216291666030884,-0.004830158315598965,0.033952511847019196,-0.1341971755027771,-9.866734504699707,0.7084920406341553,0.00496246013790369,0.13115623593330383
1781548267144378,202856365,-0.005262050777673721,0.569974958896637,0.8216317296028137,-0.004839255474507809,0.03340523689985275,-0.1304171085357666,-9.874093055725098,0.759486973285675,-0.0380476638674736,0.1108197420835495
1781548267174684,202873032,-0.00526642007753253,0.5699676871299744,0.8216367363929749,-0.004828514531254768,0.026059823110699654,-0.1372154951095581,-9.848027229309082,0.6904479265213013,0.10199616849422455,0.11358591169118881
1781548267175657,202889699,-0.005253049079328775,0.5699663758277893,0.8216376304626465,-0.004832501523196697,0.019161319360136986,-0.11832239478826523,-9.860922813415527,0.7041635513305664,-0.05623267963528633,0.12023241072893143
1781548267204310,202906366,-0.0052537452429533005,0.5699678659439087,0.8216366171836853,-0.0048360941000282764,0.027669254690408707,-0.14067012071609497,-9.842727661132812,0.7571049928665161,0.024837912991642952,0.13485725224018097
1781548267206551,202923033,-0.005259847734123468,0.569964587688446,0.821638822555542,-0.004835070110857487,0.019983846694231033,-0.13254496455192566,-9.872413635253906,0.7521746158599854,0.0733867809176445,0.10930860787630081
1781548267235052,202939700,-0.0052501908503472805,0.5699666142463684,0.8216375708580017,-0.004831917583942413,0.024668678641319275,-0.14336657524108887,-9.862293243408203,0.6784996390342712,-0.007632584776729345,0.1079767495393753
1781548267236852,202956367,-0.005224056541919708,0.5699790120124817,0.8216293454170227,-0.004792405292391777,0.01637902855873108,-0.12432684749364853,-9.851728439331055,0.7059692144393921,0.13034942746162415,0.12465059012174606
1781548267264377,202973034,-0.005218024831265211,0.5699778199195862,0.8216302394866943,-0.0047873626463115215,0.03045131266117096,-0.12143010646104813,-9.850135803222656,0.682290256023407,0.020432529971003532,0.0990891307592392
1781548267266080,202989701,-0.0052285087294876575,0.5699730515480042,0.821633517742157,-0.004785478115081787,0.01098610833287239,-0.1406736969947815,-9.86559009552002,0.7648271918296814,0.10145829617977142,0.09025274962186813
1781548267294814,203006368,-0.005233439151197672,0.5699750185012817,0.8216319680213928,-0.00479092076420784,0.02260163053870201,-0.12401571869850159,-9.845949172973633,0.7843953371047974,0.041691072285175323,0.1432710438966751
1781548267324002,203023035,-0.005228267516940832,0.5699806809425354,0.8216281533241272,-0.004794389475136995,0.027461696416139603,-0.1304636150598526,-9.851685523986816,0.7337334156036377,-0.008298514410853386,0.11393167823553085
1781548267325864,203039702,-0.005226711742579937,0.5699847340583801,0.821625292301178,-0.004793488420546055,0.02633143775165081,-0.13219091296195984,-9.842204093933105,0.7231297492980957,0.030267810449004173,0.17779695987701416
1781548267354495,203056369,-0.005222438368946314,0.5699748992919922,0.8216320276260376,-0.0048055145889520645,0.025298090651631355,-0.13002732396125793,-9.871766090393066,0.7856119275093079,-0.036562129855155945,0.0619635246694088
1781548267356137,203073036,-0.005220254883170128,0.5699751377105713,0.8216318488121033,-0.004802763927727938,0.017587896436452866,-0.14198973774909973,-9.860698699951172,0.7102721333503723,0.033277299255132675,0.11297120898962021
1781548267384098,203089703,-0.005213993601500988,0.5699633955955505,0.821640133857727,-0.004811374470591545,0.04010358825325966,-0.12967327237129211,-9.867728233337402,0.7583215832710266,-0.03366789221763611,0.10577403753995895
1781548267386374,203106370,-0.0052104066126048565,0.5699717998504639,0.8216342926025391,-0.004817697685211897,0.020838411524891853,-0.12920835614204407,-9.88314437866211,0.756131649017334,-0.010257885791361332,0.14211846888065338
1781548267414087,203123037,-0.005208010785281658,0.569965124130249,0.821638822555542,-0.00483003119006753,0.02642817236483097,-0.13577786087989807,-9.85747241973877,0.794666051864624,-0.026752466335892677,0.10341767966747284
1781548267416438,203139704,-0.005219356156885624,0.5699591636657715,0.8216429352760315,-0.004827816970646381,0.03286534547805786,-0.13651098310947418,-9.845863342285156,0.7662230730056763,0.10819444060325623,0.12741675972938538
1781548267444366,203156371,-0.005218666046857834,0.569965124130249,0.8216387629508972,-0.0048266565427184105,0.018210047855973244,-0.13577070832252502,-9.864971160888672,0.7252427935600281,0.03546718880534172,0.13411448895931244
1781548267474118,203173038,-0.00521695613861084,0.5699734091758728,0.8216331005096436,-0.004819406662136316,0.013296540826559067,-0.14773669838905334,-9.860952377319336,0.6866059899330139,0.05454864352941513,0.2126046121120453
1781548267476334,203189705,-0.005206937436014414,0.5699730515480042,0.8216333985328674,-0.004819176625460386,0.023298989981412888,-0.13311359286308289,-9.858494758605957,0.6938672661781311,-0.02074628695845604,0.11769675463438034
1781548267504781,203206372,-0.0052062831819057465,0.5699754953384399,0.8216316103935242,-0.004831261467188597,0.017723683267831802,-0.12940864264965057,-9.875249862670898,0.7999935746192932,-0.015803037211298943,0.1508011668920517
1781548267507773,203223039,-0.005205291323363781,0.5699760317802429,0.8216313123703003,-0.0048232306726276875,0.02378535456955433,-0.13154006004333496,-9.868040084838867,0.6851077079772949,0.06077253073453903,0.11658260971307755
1781548267534264,203239706,-0.005211635027080774,0.5699729323387146,0.8216333985328674,-0.004818976391106844,0.030508732423186302,-0.12890438735485077,-9.852534294128418,0.7352445721626282,0.08744815737009048,0.10458305478096008
1781548267536151,203256373,-0.005209674127399921,0.5699770450592041,0.821630597114563,-0.004824821371585131,0.02288057468831539,-0.12270324677228928,-9.851149559020996,0.7597302794456482,0.0011973936343565583,0.1544637829065323
1781548267564774,203273040,-0.005206914618611336,0.5699805617332458,0.8216281533241272,-0.004830146208405495,0.01563144288957119,-0.11712077260017395,-9.875022888183594,0.7536472678184509,-0.0012294095940887928,0.15187689661979675
1781548267566554,203289707,-0.00520924711599946,0.5699893236160278,0.8216220140457153,-0.004835446830838919,0.03149186447262764,-0.1205110251903534,-9.853376388549805,0.773266613483429,0.028001081198453903,0.20314070582389832
1781548267594632,203306374,-0.005211234092712402,0.5699926614761353,0.8216196894645691,-0.004839208442717791,0.011393643915653229,-0.14778675138950348,-9.849303245544434,0.763418436050415,0.03161247447133064,0.14465412497520447
1781548267624524,203323041,-0.005208396818488836,0.5699926018714905,0.8216197490692139,-0.004840902518481016,0.0335412472486496,-0.12940864264965057,-9.849461555480957,0.7327985763549805,0.012134015560150146,0.10838654637336731
1781548267626641,203339708,-0.0052125295624136925,0.5699964165687561,0.821617066860199,-0.004838436376303434,0.02030928060412407,-0.1249312236905098,-9.848564147949219,0.7367172241210938,0.06784163415431976,0.12603367865085602
1781548267654408,203356375,-0.005217493046075106,0.5699993371963501,0.8216150403022766,-0.004834037274122238,0.01359659805893898,-0.13143634796142578,-9.864015579223633,0.7289823293685913,0.08036624640226364,0.1414269208908081
1781548267656525,203373042,-0.005229033995419741,0.5700058341026306,0.8216105103492737,-0.004824258387088776,0.027847927063703537,-0.13335318863391876,-9.867517471313477,0.7243591547012329,0.13872477412223816,0.16419659554958344
1781548267685474,203389709,-0.005223514046519995,0.5699970722198486,0.8216164708137512,-0.004837133456021547,0.04135525971651077,-0.12116905301809311,-9.846643447875977,0.7854838371276855,-0.046627916395664215,0.08652609586715698
1781548267687040,203406376,-0.005232722498476505,0.5700054168701172,0.8216107487678528,-0.004846668336540461,0.027925051748752594,-0.1365785300731659,-9.850425720214844,0.824312686920166,0.04989993944764137,0.17614492774009705
1781548267714276,203423043,-0.005223543848842382,0.5699983239173889,0.8216156363487244,-0.004846967291086912,0.030287005007267,-0.1363321840763092,-9.852888107299805,0.7000783085823059,-0.01778801903128624,0.10984645783901215
1781548267716413,203439710,-0.0052282540127635,0.5699948668479919,0.8216179609298706,-0.004854661878198385,0.018106337636709213,-0.15138442814350128,-9.856714248657227,0.7963437438011169,0.031471606343984604,0.10902687162160873
1781548267744513,203456377,-0.005232362076640129,0.5699960589408875,0.8216171264648438,-0.004848776385188103,0.034782059490680695,-0.1326737105846405,-9.848602294921875,0.7172132134437561,0.08139074593782425,0.13474200665950775
1781548267774231,203473044,-0.0052305348217487335,0.5700052976608276,0.8216105699539185,-0.004860062152147293,0.027154142037034035,-0.13234470784664154,-9.845305442810059,0.7909777760505676,-0.01928636245429516,0.1820230633020401
1781548267777990,203489711,-0.005239053629338741,0.5700064301490784,0.8216097354888916,-0.004865027964115143,0.028184089809656143,-0.1380380243062973,-9.852729797363281,0.7957929372787476,0.06384605169296265,0.1400822401046753
1781548267804588,203506378,-0.005248631350696087,0.5700024962425232,0.8216122388839722,-0.004868464544415474,0.022175949066877365,-0.1343187689781189,-9.871025085449219,0.7913491129875183,0.07555105537176132,0.10099727660417557
1781548267806349,203523045,-0.005230610258877277,0.5700094103813171,0.8216076493263245,-0.004875577054917812,0.019447416067123413,-0.1316545009613037,-9.865300178527832,0.7039074301719666,-0.09430595487356186,0.17882145941257477
1781548267834239,203539712,-0.00522571848705411,0.5700151324272156,0.8216037154197693,-0.004874988459050655,0.031184528023004532,-0.14352750778198242,-9.857629776000977,0.7118089199066162,0.010264288634061813,0.18713276088237762
1781548267836024,203556379,-0.005230148788541555,0.5700280070304871,0.8215946555137634,-0.004881709814071655,0.031166646629571915,-0.13124322891235352,-9.83962345123291,0.7898252606391907,0.033328525722026825,0.1527477353811264
1781548267864465,203573046,-0.005220192018896341,0.5700291991233826,0.8215939998626709,-0.004893942270427942,0.02342759259045124,-0.12683016061782837,-9.843505859375,0.7644558548927307,-0.0690518394112587,0.1374441534280777
1781548267866653,203589713,-0.005223107524216175,0.570030927658081,0.8215926885604858,-0.004889131989330053,0.03548670560121536,-0.1291690319776535,-9.863637924194336,0.7187115550041199,0.07022362947463989,0.12111606448888779
1781548267894450,203606380,-0.0052226390689611435,0.5700255632400513,0.8215965628623962,-0.004892236553132534,0.025934655219316483,-0.13839565217494965,-9.868772506713867,0.7502407431602478,0.019881857559084892,0.07749762386083603
1781548267924488,203623047,-0.005223029758781195,0.5700322985649109,0.8215919137001038,-0.004888317082077265,0.034002579748630524,-0.1343795657157898,-9.864527702331543,0.7137554883956909,0.05306311324238777,0.18615950644016266
1781548267925833,203639714,-0.005212851334363222,0.5700321793556213,0.8215920925140381,-0.004881314001977444,0.03109869919717312,-0.1126183420419693,-9.858208656311035,0.6549743413925171,0.0050136856734752655,0.12506040930747986
1781548267954160,203656381,-0.005218489561229944,0.5700402855873108,0.8215862512588501,-0.0048780119977891445,0.03997842222452164,-0.1392110139131546,-9.864052772521973,0.7377673983573914,0.08039185404777527,0.19828711450099945
1781548267957196,203673048,-0.005213465541601181,0.5700485110282898,0.8215806484222412,-0.004863576497882605,0.02230122871696949,-0.12473811209201813,-9.853477478027344,0.6330627202987671,0.06358993798494339,0.1841488927602768
1781548267984605,203689715,-0.005209050606936216,0.5700609683990479,0.8215722441673279,-0.0048689148388803005,0.03868003934621811,-0.12437690049409866,-9.86548137664795,0.7470903396606445,-0.010347530245780945,0.21339860558509827
1781548267986320,203706382,-0.005213567521423101,0.5700503587722778,0.8215793371200562,-0.004876652732491493,0.02528378553688526,-0.1277528554201126,-9.868261337280273,0.7958954572677612,0.030075713992118835,0.06969855725765228
1781548268015361,203723049,-0.0052131651900708675,0.5700522661209106,0.8215780854225159,-0.00487477658316493,0.019973009824752808,-0.14170362055301666,-9.856376647949219,0.7222973704338074,0.039731696248054504,0.10813041031360626
1781548268017416,203739716,-0.0052149733528494835,0.5700464844703674,0.8215820789337158,-0.0048700058832764626,0.01944383978843689,-0.12805324792861938,-9.86219310760498,0.714587926864624,0.06369238346815109,0.0836958959698677
1781548268044497,203756383,-0.005201018415391445,0.5700476765632629,0.821581244468689,-0.00487819779664278,0.026538928970694542,-0.1344868242740631,-9.867108345031738,0.7260112166404724,-0.07622339576482773,0.10738764703273773
1781548268074931,203773050,-0.005194070283323526,0.570041298866272,0.8215857148170471,-0.004878051113337278,0.027383020147681236,-0.1423044353723526,-9.863752365112305,0.7064430713653564,-0.003982774447649717,0.07337397336959839
1781548268076984,203789717,-0.0051910956390202045,0.5700471997261047,0.8215816020965576,-0.004874540492892265,0.035776492208242416,-0.1284359097480774,-9.880667686462402,0.7031133770942688,0.03156124800443649,0.1179528757929802
1781548268104244,203806384,-0.005192209966480732,0.5700389742851257,0.8215875029563904,-0.004867234732955694,0.02409648522734642,-0.12165899574756622,-9.866873741149902,0.6975170373916626,0.06983942538499832,0.08224877715110779
1781548268106225,203823051,-0.005198495928198099,0.5700473785400391,0.8215816020965576,-0.004871636163443327,0.024937119334936142,-0.1361926943063736,-9.86166763305664,0.7837677597999573,0.053972359746694565,0.20983843505382538
1781548268134583,203839718,-0.00519334664568305,0.5700568556785583,0.8215751051902771,-0.004874441307038069,0.021989915519952774,-0.13515201210975647,-9.831700325012207,0.7300707697868347,-0.004815187305212021,0.18185655772686005
1781548268136481,203856385,-0.005201989319175482,0.5700640678405762,0.821570098400116,-0.004871996119618416,0.03201420605182648,-0.12311451137065887,-9.848814010620117,0.7546589374542236,0.09264753758907318,0.09976786375045776
1781548268164058,203873052,-0.005211439449340105,0.5700695514678955,0.8215662837028503,-0.004870936274528503,0.026564067229628563,-0.14381717145442963,-9.860608100891113,0.7654419541358948,0.09289086610078812,0.17052295804023743
1781548268166261,203889719,-0.005210728384554386,0.5700603723526001,0.8215726017951965,-0.004868317395448685,0.030930615961551666,-0.13687218725681305,-9.853412628173828,0.7168034315109253,0.04126846417784691,0.08587297797203064
1781548268194470,203906386,-0.005216308869421482,0.5700641870498657,0.8215696811676025,-0.004871943965554237,0.024042658507823944,-0.1328417956829071,-9.860116958618164,0.7766859531402588,0.05275576189160347,0.17044611275196075
1781548268224296,203923053,-0.005206844303756952,0.5700657367706299,0.8215687870979309,-0.004875910934060812,0.005042452365159988,-0.1253424882888794,-9.851739883422852,0.7196847796440125,-0.03392402082681656,0.135997012257576
1781548268226632,203939720,-0.005202244035899639,0.5700525641441345,0.8215779662132263,-0.0048762415535748005,0.026524730026721954,-0.1252959966659546,-9.851707458496094,0.7183786034584045,0.007562150247395039,0.05736604705452919
1781548268254246,203956387,-0.005211771931499243,0.5700457096099854,0.8215826749801636,-0.004864382557570934,0.02735440991818905,-0.1328882873058319,-9.851031303405762,0.7047910690307617,0.13512620329856873,0.08167249709367752
1781548268256966,203973054,-0.005208570510149002,0.5700514316558838,0.821578860282898,-0.004855417646467686,0.027064736932516098,-0.13914665579795837,-9.85108470916748,0.6711615324020386,0.05223069339990616,0.15892039239406586
1781548268284865,203989721,-0.005215365439653397,0.5700510144233704,0.8215791583061218,-0.0048467558808624744,0.02106395922601223,-0.12948015332221985,-9.85457992553711,0.7121418714523315,0.10701625794172287,0.09979347139596939
1781548268287065,204006388,-0.005208139773458242,0.5700559616088867,0.8215757012367249,-0.004853987600654364,0.02991497330367565,-0.14347028732299805,-9.866869926452637,0.7469367384910583,-0.034052081406116486,0.15109571814537048
1781548268314244,204023055,-0.00521556381136179,0.5700494647026062,0.821580171585083,-0.004849448334425688,0.025444714352488518,-0.12978771328926086,-9.841511726379395,0.7378954887390137,0.09492707997560501,0.10896283388137817
1781548268317093,204039722,-0.005213371943682432,0.5700451135635376,0.8215832114219666,-0.004851460922509432,0.0313384011387825,-0.1393183171749115,-9.868162155151367,0.7372295260429382,0.014554417692124844,0.09391537308692932
1781548268344965,204056389,-0.005219357553869486,0.5700312852859497,0.8215928077697754,-0.004851068835705519,0.026771487668156624,-0.13160443305969238,-9.860047340393066,0.7556450963020325,0.07051816582679749,0.07793304324150085
1781548268374278,204073056,-0.005225622095167637,0.5700159072875977,0.8216034770011902,-0.004847179166972637,0.027790706604719162,-0.14195039868354797,-9.8511962890625,0.73720383644104,0.08463075757026672,-0.012806348502635956
1781548268376428,204089723,-0.0052179996855556965,0.570019006729126,0.821601390838623,-0.004838897846639156,0.030630216002464294,-0.13582435250282288,-9.856123924255371,0.6577532887458801,0.024440918117761612,0.14015910029411316
1781548268404581,204106390,-0.005212748423218727,0.570010781288147,0.8216069936752319,-0.004855915438383818,0.03722474351525307,-0.12356511503458023,-9.845695495605469,0.8100079894065857,-0.06173940747976303,0.061707399785518646
1781548268405687,204123057,-0.005217418540269136,0.5700132250785828,0.8216052055358887,-0.004862497095018625,0.020109012722969055,-0.12662991881370544,-9.874841690063477,0.789876401424408,0.03594101965427399,0.15975278615951538
1781548268434268,204139724,-0.005212021060287952,0.5700047612190247,0.8216111660003662,-0.004857458174228668,0.026517517864704132,-0.13422219455242157,-9.844285011291504,0.6849156022071838,0.023903051391243935,0.06371799111366272
1781548268436193,204156391,-0.005212143994867802,0.5700087547302246,0.8216084241867065,-0.004856305196881294,0.03489305451512337,-0.13205502927303314,-9.847354888916016,0.7283675074577332,0.04029517620801926,0.14592194557189941
1781548268467164,204173058,-0.00522470660507679,0.5700153112411499,0.8216037750244141,-0.004856216721236706,0.026567643508315086,-0.13696515560150146,-9.852762222290039,0.7829225659370422,0.1072595939040184,0.21917426586151123
1781548268467597,204189725,-0.005217170342803001,0.5699992179870605,0.8216150403022766,-0.0048605455085635185,0.02918548323214054,-0.13527719676494598,-9.880621910095215,0.7293151617050171,-0.02456257864832878,0.05534264072775841
1781548268494229,204206392,-0.00521856639534235,0.569999635219574,0.8216146230697632,-0.004868356045335531,0.03081260249018669,-0.12482036650180817,-9.863519668579102,0.7838830351829529,0.012735913507640362,0.15879231691360474
1781548268524702,204223059,-0.005223012063652277,0.5700061321258545,0.8216100931167603,-0.004873528610914946,0.028155675157904625,-0.12629374861717224,-9.852730751037598,0.7810143828392029,0.04026956111192703,0.181600421667099
1781548268525941,204239726,-0.00523523660376668,0.5700054168701172,0.8216106295585632,-0.004868876188993454,0.025029750540852547,-0.13437598943710327,-9.855786323547363,0.7561444640159607,0.12225580960512161,0.11840110272169113
1781548268554323,204256393,-0.0052352771162986755,0.5700002312660217,0.821614146232605,-0.004873896948993206,0.02975395880639553,-0.12651903927326202,-9.858597755432129,0.763008713722229,0.01525876484811306,0.08101937174797058
1781548268556680,204273060,-0.005234755575656891,0.5700043439865112,0.821611225605011,-0.004872056655585766,0.036159031093120575,-0.13796649873256683,-9.849225044250488,0.7220155596733093,0.039232250303030014,0.1390833556652069
1781548268584334,204289727,-0.005249094683676958,0.57001131772995,0.8216062188148499,-0.004882406909018755,0.019216766580939293,-0.1461128443479538,-9.857934951782227,0.8490289449691772,0.07576876133680344,0.17714382708072662
1781548268587425,204306394,-0.005250702612102032,0.5700154304504395,0.8216033577919006,-0.004885369911789894,0.02769414894282818,-0.1438422054052353,-9.868590354919434,0.7574380040168762,0.03263698145747185,0.15272210538387299
1781548268614023,204323061,-0.005255556665360928,0.5700193047523499,0.8216007947921753,-0.004873751662671566,0.0341670848429203,-0.13629283010959625,-9.863924026489258,0.6878482699394226,0.1079767495393753,0.1409018486738205
1781548268616188,204339728,-0.005260523874312639,0.5700305700302124,0.8215928673744202,-0.004873672500252724,0.02879919670522213,-0.12725576758384705,-9.874122619628906,0.7534039616584778,0.06397411972284317,0.21716366708278656
1781548268644305,204356395,-0.005267258733510971,0.5700397491455078,0.8215864896774292,-0.004873647354543209,0.03192459046840668,-0.12022852152585983,-9.870813369750977,0.7605627179145813,0.07371975481510162,0.20417802035808563
1781548268674021,204373062,-0.005270383320748806,0.5700403451919556,0.821586012840271,-0.004867622163146734,0.027311494573950768,-0.13429373502731323,-9.852987289428711,0.7127309441566467,0.07608892023563385,0.11503304541110992
1781548268678263,204389729,-0.005281346384435892,0.5700376033782959,0.8215879201889038,-0.004864839371293783,0.03093419224023819,-0.12955167889595032,-9.86140251159668,0.7617151737213135,0.10766938328742981,0.10074114054441452
1781548268704172,204406396,-0.00527210021391511,0.5700309872627258,0.8215925693511963,-0.004858097527176142,0.020380737259984016,-0.11826158314943314,-9.870295524597168,0.6602120995521545,0.008881202898919582,0.07547421753406525
1781548268706295,204423063,-0.00526796467602253,0.5700367093086243,0.8215885758399963,-0.004855927079916,0.029464557766914368,-0.13298484683036804,-9.869978904724121,0.7057514786720276,0.020752688869833946,0.19174306094646454
1781548268734230,204439730,-0.005268888548016548,0.5700507164001465,0.8215789198875427,-0.00485917367041111,0.03417423740029335,-0.12501348555088043,-9.857057571411133,0.7562085390090942,0.02823159657418728,0.2345418930053711
1781548268736339,204456397,-0.0052618891932070255,0.5700635313987732,0.8215700387954712,-0.004863987676799297,0.0222549419850111,-0.1344868540763855,-9.864031791687012,0.7341687679290771,-0.02305142767727375,0.2034480720758438
1781548268764117,204473064,-0.005266834516078234,0.5700552463531494,0.8215757608413696,-0.00486505962908268,0.013557469472289085,-0.12736305594444275,-9.853002548217773,0.7598711848258972,0.05836493521928787,0.06431989371776581
1781548268766002,204489731,-0.005265593063086271,0.5700594186782837,0.82157301902771,-0.00485612079501152,0.027576133608818054,-0.14170005917549133,-9.83530330657959,0.679063081741333,0.06283435225486755,0.12903037667274475
1781548268794354,204506398,-0.0052611385472118855,0.5700544714927673,0.8215762972831726,-0.004855939652770758,0.024125173687934875,-0.14210060238838196,-9.8538179397583,0.7160606980323792,0.010187451727688313,0.08080166578292847
1781548268824146,204523065,-0.005254789255559444,0.570051908493042,0.8215781450271606,-0.004863153677433729,0.027268709614872932,-0.1292906254529953,-9.8504056930542,0.7502535581588745,-0.02900638058781624,0.12534214556217194
1781548268827476,204539732,-0.005251688417047262,0.5700522661209106,0.8215778470039368,-0.004863773938268423,0.016615059226751328,-0.12891511619091034,-9.839601516723633,0.72584468126297,0.014887383207678795,0.1145976185798645
1781548268854180,204556399,-0.005248849745839834,0.5700541138648987,0.821576714515686,-0.004863689187914133,0.03379158303141594,-0.13278815150260925,-9.87443733215332,0.7228224277496338,0.019331185147166252,0.13435782492160797
1781548268855857,204573066,-0.0052458299323916435,0.5700512528419495,0.8215786218643188,-0.004874647129327059,0.030458679422736168,-0.13912877440452576,-9.839280128479004,0.7845233678817749,-0.025023609399795532,0.11219002306461334
1781548268884165,204589733,-0.005245117470622063,0.5700565576553345,0.8215749263763428,-0.004881170112639666,0.031352609395980835,-0.13512341678142548,-9.867642402648926,0.7684385776519775,0.00556435901671648,0.15792150795459747
1781548268887303,204606400,-0.005242145154625177,0.5700622797012329,0.821570873260498,-0.004885087255388498,0.02941788174211979,-0.12545335292816162,-9.841475486755371,0.7448235750198364,0.003259215969592333,0.17697732150554657
1781548268914131,204623067,-0.005253588315099478,0.5700652599334717,0.8215686678886414,-0.004890297539532185,0.0297397393733263,-0.1322767585515976,-9.858709335327148,0.8088040947914124,0.07903438061475754,0.12310101836919785
1781548268916742,204639734,-0.0052563841454684734,0.570072591304779,0.8215634226799011,-0.004900455940514803,0.028534557670354843,-0.13075686991214752,-9.869344711303711,0.8026699423789978,0.011442474089562893,0.18943792581558228
1781548268944382,204656401,-0.005260285455733538,0.5700716376304626,0.821564257144928,-0.004903963766992092,0.02413582243025303,-0.126304492354393,-9.874015808105469,0.7694631218910217,0.04376570135354996,0.15527060627937317
1781548268974228,204673068,-0.005253433249890804,0.5700719952583313,0.8215641379356384,-0.004899140447378159,0.02103167586028576,-0.13499824702739716,-9.866029739379883,0.6803948879241943,0.015181927010416985,0.1262257844209671
1781548268976364,204689735,-0.005256414879113436,0.5700737237930298,0.821562647819519,-0.004908083938062191,0.04050412401556969,-0.13954003155231476,-9.879609107971191,0.7965101003646851,0.01730778068304062,0.16995947062969208
1781548269004244,204706402,-0.005260448437184095,0.5700628161430359,0.8215703368186951,-0.004906141199171543,0.029131699353456497,-0.13300272822380066,-9.860471725463867,0.7392401099205017,0.06548526883125305,0.0850149542093277
1781548269006098,204723069,-0.00527464784681797,0.5700680017471313,0.8215665817260742,-0.004903608933091164,0.0174948051571846,-0.1257859319448471,-9.864245414733887,0.7757638692855835,0.12522688508033752,0.15446379780769348
1781548269034157,204739736,-0.005277102813124657,0.5700709223747253,0.8215644955635071,-0.004911819938570261,0.029800385236740112,-0.12784582376480103,-9.847143173217773,0.7904398441314697,0.01671868935227394,0.13971087336540222
1781548269035620,204756403,-0.005275484640151262,0.5700666904449463,0.8215672969818115,-0.004923669155687094,0.03891628608107567,-0.14029461145401,-9.84648609161377,0.7951014637947083,-0.020771900191903114,0.09464533627033234
1781548269064112,204773070,-0.005276077426970005,0.5700652599334717,0.8215684294700623,-0.004921058192849159,0.02777997776865959,-0.13104653358459473,-9.847859382629395,0.7220413088798523,0.04849124699831009,0.11185707151889801
1781548269065657,204789737,-0.005280571989715099,0.5700629353523254,0.821570098400116,-0.004924184177070856,0.025069212540984154,-0.139425590634346,-9.863998413085938,0.7696295976638794,0.04854246601462364,0.143463134765625
1781548269094371,204806404,-0.005279769189655781,0.5700638890266418,0.8215692639350891,-0.004925776273012161,0.02243725024163723,-0.13719047605991364,-9.85073471069336,0.7403414845466614,0.024146370589733124,0.1228577196598053
1781548269124080,204823071,-0.0052904607728123665,0.5700676441192627,0.821566641330719,-0.0049178642220795155,0.031084394082427025,-0.1422293335199356,-9.859363555908203,0.7316715121269226,0.12630262970924377,0.1324624866247177
1781548269126134,204839738,-0.005304454825818539,0.5700661540031433,0.8215675354003906,-0.004908117465674877,0.03223593160510063,-0.13597813248634338,-9.869148254394531,0.7343096733093262,0.15206898748874664,0.10569720715284348
1781548269155850,204856405,-0.005305363330990076,0.5700689554214478,0.8215657472610474,-0.004911324940621853,0.023881912231445312,-0.14526553452014923,-9.845617294311523,0.756221354007721,0.027604086324572563,0.1385711133480072
1781548269156839,204873072,-0.00532015273347497,0.5700602531433105,0.8215718269348145,-0.004905757028609514,0.031073665246367455,-0.12302152812480927,-9.86950969696045,0.7610877156257629,0.13974928855895996,0.045097559690475464
1781548269184636,204889739,-0.005323389545083046,0.570063054561615,0.8215697407722473,-0.004904582165181637,0.01681532710790634,-0.11965631693601608,-9.879251480102539,0.74036705493927,0.05827529355883598,0.16645053029060364
1781548269186815,204906406,-0.005319211632013321,0.5700621604919434,0.8215703368186951,-0.004907439928501844,0.025977445766329765,-0.12213461846113205,-9.862624168395996,0.7342583537101746,0.00021130475215613842,0.12398466467857361
1781548269214114,204923073,-0.005324330646544695,0.5700710415840149,0.8215641975402832,-0.004907092545181513,0.033065613359212875,-0.1498323529958725,-9.860272407531738,0.7526099681854248,0.06521633267402649,0.15931740403175354
1781548269216320,204939740,-0.005330950487405062,0.5700691938400269,0.8215654492378235,-0.0049024829640984535,0.02149658277630806,-0.14274074137210846,-9.872352600097656,0.7342327237129211,0.09108515083789825,0.16145604848861694
1781548269244430,204956407,-0.005233773961663246,0.569998025894165,0.8216160535812378,-0.00480671739205718,0.04389436915516853,-0.13231967389583588,-9.853849411010742,0.636148989200592,0.07744639366865158,0.18244566023349762
1781548269274111,204973074,-0.005231458693742752,0.5699998736381531,0.8216148018836975,-0.0048083532601594925,0.03787561133503914,-0.14572687447071075,-9.86762809753418,0.7353982329368591,0.0162192415446043,0.1702796220779419
1781548269276015,204989741,-0.005230756476521492,0.5700036883354187,0.8216120004653931,-0.0048185368068516254,0.018399586901068687,-0.1392396241426468,-9.849604606628418,0.7904142141342163,-0.009707212448120117,0.06657379865646362
1781548269304111,205006408,-0.005220410879701376,0.5699943900108337,0.8216186165809631,-0.004806253593415022,0.025927415117621422,-0.1284966915845871,-9.846935272216797,0.6255197525024414,0.024415306746959686,0.051475122570991516
1781548269306054,205023075,-0.005223587621003389,0.5699953436851501,0.8216179609298706,-0.0048072258941829205,0.01998027041554451,-0.14034467935562134,-9.846997261047363,0.7533655166625977,0.04928523674607277,0.12705819308757782
1781548269334553,205039742,-0.005223041400313377,0.5699989199638367,0.82161545753479,-0.004810933023691177,0.02259090170264244,-0.14240099489688873,-9.85114574432373,0.7542107105255127,0.01761513389647007,0.14248986542224884
1781548269335990,205056409,-0.005228162743151188,0.5699982643127441,0.8216159343719482,-0.004803214222192764,0.034646354615688324,-0.14359544217586517,-9.868512153625488,0.7120651006698608,0.09355679899454117,0.06177143007516861
1781548269364109,205073076,-0.005234660115092993,0.5699971914291382,0.8216167092323303,-0.0047999233938753605,0.021328389644622803,-0.1301274597644806,-9.852299690246582,0.7423264980316162,0.08461795747280121,0.10571001470088959
1781548269366054,205089743,-0.005237147677689791,0.570009171962738,0.8216081261634827,-0.0047927917912602425,0.04091166704893112,-0.12583599984645844,-9.850515365600586,0.7049446105957031,0.07684449851512909,0.14923879504203796
1781548269394334,205106410,-0.005247989669442177,0.570006787776947,0.8216099143028259,-0.004784684628248215,0.03489663079380989,-0.14097408950328827,-9.86945915222168,0.7320813536643982,0.1280442774295807,0.10147110372781754
1781548269424115,205123077,-0.005252053029835224,0.5700039863586426,0.8216118216514587,-0.004783326294273138,0.02820204757153988,-0.13196921348571777,-9.852408409118652,0.7437223196029663,0.06294962018728256,0.07517968118190765
1781548269426343,205139744,-0.0052477456629276276,0.5700125098228455,0.8216059803962708,-0.0047801174223423,0.03260785713791847,-0.1304171234369278,-9.86561107635498,0.7002831697463989,0.02362131141126156,0.17290492355823517
1781548269454146,205156411,-0.005250678397715092,0.5700075626373291,0.8216093182563782,-0.004789141472429037,0.03424568474292755,-0.13403265178203583,-9.866032600402832,0.7979956865310669,0.015899084508419037,0.06723974645137787
1781548269456313,205173078,-0.005250702146440744,0.5700035095214844,0.8216122984886169,-0.004787989892065525,0.025409027934074402,-0.13833485543727875,-9.85439682006836,0.7290719151496887,0.03937312215566635,0.0740014910697937
1781548269484164,205189745,-0.005259144119918346,0.5700103640556335,0.8216073513031006,-0.004784648772329092,0.03155645355582237,-0.1432342529296875,-9.849937438964844,0.7494595646858215,0.0963357612490654,0.1792440563440323
1781548269486482,205206412,-0.005260980688035488,0.5700191259384155,0.8216012120246887,-0.004792990628629923,0.03506828844547272,-0.13970454037189484,-9.848392486572266,0.7895819544792175,0.013401844538748264,0.2013990730047226
1781548269514111,205223079,-0.005265753250569105,0.5700219869613647,0.8215991258621216,-0.004798258189111948,0.02797309309244156,-0.12685522437095642,-9.88097858428955,0.783652663230896,0.04208806902170181,0.18006367981433868
1781548269517252,205239746,-0.0052694589830935,0.57001793384552,0.821601927280426,-0.004796843510121107,0.0243754293769598,-0.12567508220672607,-9.851893424987793,0.741942286491394,0.06147687882184982,0.0931726023554802
1781548269544405,205256413,-0.005266943015158176,0.570022463798523,0.8215987682342529,-0.004796154331415892,0.020831260830163956,-0.12852530181407928,-9.868199348449707,0.7215673923492432,0.023723764345049858,0.14750993251800537
1781548269574159,205273080,-0.005265042185783386,0.5700210928916931,0.8215997219085693,-0.004790832754224539,0.011561878025531769,-0.1206183210015297,-9.826813697814941,0.6979652643203735,0.04486703872680664,0.08619312942028046
1781548269576398,205289747,-0.00525564095005393,0.5700405240058899,0.8215864300727844,-0.004798795562237501,0.02632422186434269,-0.12087935209274292,-9.867823600769043,0.7434278726577759,-0.04870254918932915,0.23550239205360413
1781548269604116,205306414,-0.005254622083157301,0.5700350403785706,0.8215903043746948,-0.004799142014235258,0.04148392751812935,-0.14447875320911407,-9.86307144165039,0.7334132194519043,0.027757761999964714,0.07893193513154984
1781548269606141,205323081,-0.005268636159598827,0.5700438022613525,0.8215842843055725,-0.004792098421603441,0.039227258414030075,-0.13676849007606506,-9.877025604248047,0.7505353093147278,0.14186233282089233,0.15087798237800598
1781548269634119,205339748,-0.005267234519124031,0.5700451135635376,0.8215833902359009,-0.004779286216944456,0.025387410074472427,-0.13956506550312042,-9.853264808654785,0.657650887966156,0.0769597589969635,0.09240420907735825
1781548269636366,205356415,-0.005259441677480936,0.5700440406799316,0.8215841054916382,-0.004765600897371769,0.030569197610020638,-0.1382812112569809,-9.850561141967773,0.627479076385498,0.04491826519370079,0.12750642001628876
1781548269664584,205373082,-0.005257903598248959,0.5700410604476929,0.8215861320495605,-0.004760873969644308,0.02086716890335083,-0.13548102974891663,-9.844536781311035,0.702690839767456,0.04489266127347946,0.10107411444187164
1781548269666772,205389749,-0.005264053586870432,0.5700377821922302,0.8215885758399963,-0.004756048787385225,0.02515493892133236,-0.13554182648658752,-9.847489356994629,0.7322221994400024,0.0886903777718544,0.10024169087409973
1781548269694784,205406416,-0.005254975985735655,0.5700430274009705,0.8215849995613098,-0.004750940948724747,0.021843474358320236,-0.13871750235557556,-9.848946571350098,0.6708285212516785,0.004450206179171801,0.18355979025363922
1781548269724109,205423083,-0.005256070289760828,0.5700478553771973,0.8215817213058472,-0.004743283614516258,0.028083955869078636,-0.12586818635463715,-9.857407569885254,0.6963260173797607,0.07159389555454254,0.15979121625423431
1781548269727339,205439750,-0.005259127821773291,0.5700453519821167,0.8215833902359009,-0.0047290390357375145,0.029285455122590065,-0.13801299035549164,-9.853450775146484,0.666884183883667,0.10829689353704453,0.11385485529899597
1781548269754521,205456417,-0.00526215648278594,0.5700475573539734,0.8215819001197815,-0.004715191200375557,0.03694937378168106,-0.12238854169845581,-9.852972984313965,0.6689717173576355,0.10681136697530746,0.1494821161031723
1781548269756296,205473084,-0.005260048434138298,0.5700496435165405,0.8215804100036621,-0.0047149863094091415,0.013500039465725422,-0.13743720948696136,-9.857531547546387,0.7259599566459656,0.024248823523521423,0.14389856159687042
1781548269784564,205489751,-0.005263394210487604,0.5700511336326599,0.8215795755386353,-0.00471192691475153,0.03559399023652077,-0.12920837104320526,-9.85787582397461,0.7311081290245056,0.06642013043165207,0.15573160350322723
1781548269786031,205506418,-0.005260849371552467,0.5700426697731018,0.8215854167938232,-0.004713781177997589,0.03151003643870354,-0.14637060463428497,-9.849103927612305,0.7359488606452942,0.013337811455130577,0.07403989881277084
1781548269814116,205523085,-0.005261691752821207,0.5700411200523376,0.821586549282074,-0.004714269656687975,0.034810710698366165,-0.13584937155246735,-9.85566520690918,0.7415196299552917,0.03761865198612213,0.08811408281326294
1781548269816174,205539752,-0.005251050926744938,0.5700371265411377,0.8215891718864441,-0.004717014264315367,0.018202895298600197,-0.13622130453586578,-9.860822677612305,0.7092092037200928,-0.03576812893152237,0.10141988098621368
1781548269844551,205556419,-0.005252608098089695,0.5700268745422363,0.8215962052345276,-0.00472503574565053,0.019447416067123413,-0.13077475130558014,-9.845051765441895,0.7866876721382141,0.012774334289133549,0.09842320531606674
1781548269874211,205573086,-0.005251958500593901,0.5700213313102722,0.8216001391410828,-0.004735764116048813,0.025119280442595482,-0.13757669925689697,-9.85585880279541,0.7935134768486023,-0.010834172368049622,0.08023818582296371
1781548269876074,205589753,-0.005247218534350395,0.5700321197509766,0.8215925097465515,-0.004749552812427282,0.023953435942530632,-0.1364966779947281,-9.851299285888672,0.7945764064788818,-0.04510396718978882,0.20736682415008545
1781548269904158,205606420,-0.005245957523584366,0.5700367093086243,0.8215894103050232,-0.004747471772134304,0.028734825551509857,-0.13647879660129547,-9.840338706970215,0.7188267707824707,0.03562086448073387,0.0989994928240776
1781548269906123,205623087,-0.005250477697700262,0.5700323581695557,0.8215925097465515,-0.0047469851560890675,0.025970418006181717,-0.136332169175148,-9.855566024780273,0.7504072785377502,0.06221965700387955,0.07530774921178818
1781548269934194,205639754,-0.005267035681754351,0.5700319409370422,0.8215927481651306,-0.004741492215543985,0.02681797929108143,-0.1268194615840912,-9.881940841674805,0.7692582011222839,0.15027610957622528,0.12372852861881256
1781548269937838,205656421,-0.005267877131700516,0.570042610168457,0.8215854167938232,-0.0047287424094974995,0.032879650592803955,-0.1293800324201584,-9.888949394226074,0.6665128469467163,0.09049606323242188,0.20947986841201782
1781548269964199,205673088,-0.005270075518637896,0.5700403451919556,0.8215867877006531,-0.004734869115054607,0.03596579283475876,-0.12789231538772583,-9.875212669372559,0.7785684466362,0.02358289621770382,0.11359873414039612
1781548269966230,205689755,-0.005273687187582254,0.5700458884239197,0.8215829133987427,-0.004739169031381607,0.03133472800254822,-0.12802106142044067,-9.867034912109375,0.7737276554107666,0.039193835109472275,0.17982037365436554
1781548269994450,205706422,-0.00527622876688838,0.5700520277023315,0.8215786218643188,-0.00473402114585042,0.03203924000263214,-0.1394077092409134,-9.860490798950195,0.7165216207504272,0.06886614859104156,0.08612910658121109
1781548270024149,205723089,-0.00527056772261858,0.5700505971908569,0.8215797543525696,-0.004728470463305712,0.02118535339832306,-0.13296695053577423,-9.852328300476074,0.6818549036979675,0.024799495935440063,0.10524899512529373
1781548270026034,205739756,-0.0052697970531880856,0.5700509548187256,0.8215795159339905,-0.004721431527286768,0.02039167657494545,-0.13195131719112396,-9.839126586914062,0.6924970149993896,0.058787547051906586,0.15086521208286285
1781548270054293,205756423,-0.005268248729407787,0.5700483918190002,0.821581244468689,-0.004728876985609531,0.02309514582157135,-0.13335318863391876,-9.841986656188965,0.7714608907699585,-0.002983879530802369,0.09438920021057129
1781548270057022,205773090,-0.0052534486167132854,0.5700494647026062,0.8215805292129517,-0.004736036527901888,0.03185327723622322,-0.13208721578121185,-9.876029014587402,0.7178535461425781,-0.07638987898826599,0.13381996750831604
1781548270084671,205789757,-0.005270102992653847,0.5700438022613525,0.8215843439102173,-0.004741066135466099,0.015620713122189045,-0.1264483779668808,-9.859550476074219,0.82905113697052,0.1097056046128273,0.11089659482240677
1781548270086627,205806424,-0.005272329319268465,0.5700440406799316,0.821584165096283,-0.004735455382615328,0.02741895616054535,-0.12945154309272766,-9.873068809509277,0.7122059464454651,0.07051816582679749,0.17907758057117462
1781548270115188,205823091,-0.005265951622277498,0.5700600147247314,0.8215733170509338,-0.004730634856969118,0.029857754707336426,-0.13420075178146362,-9.853198051452637,0.6830074191093445,0.018652450293302536,0.23232637345790863
1781548270117360,205839758,-0.005253320559859276,0.5700549483299255,0.821576714515686,-0.004733191337436438,0.04486697167158127,-0.14206121861934662,-9.857095718383789,0.70018070936203,-0.0457955040037632,0.13125868141651154
1781548270144727,205856425,-0.005246093031018972,0.5700531005859375,0.8215780258178711,-0.004732637666165829,0.040243059396743774,-0.13866743445396423,-9.864960670471191,0.7038562297821045,-0.0035089401062577963,0.1114344447851181
1781548270174000,205873092,-0.0052349381148815155,0.57005774974823,0.8215750455856323,-0.0047315144911408424,0.03369130194187164,-0.14127090573310852,-9.87516975402832,0.6852997541427612,-0.023269133642315865,0.15451499819755554
1781548270175907,205889759,-0.005239325109869242,0.5700522661209106,0.8215788006782532,-0.004742007702589035,0.037078116089105606,-0.13211940228939056,-9.8429594039917,0.8117240071296692,0.01936960406601429,0.13894248008728027
1781548270204049,205906426,-0.0052448962815105915,0.57005375623703,0.8215777277946472,-0.004738318733870983,0.034439027309417725,-0.1373227834701538,-9.839584350585938,0.7363075017929077,0.08137793838977814,0.14949490129947662
1781548270206215,205923093,-0.005253293085843325,0.5700538754463196,0.8215776085853577,-0.004737530834972858,0.026753606274724007,-0.1527290791273117,-9.857429504394531,0.7638410925865173,0.08571929484605789,0.12362609058618546
1781548270234043,205939760,-0.005251516588032246,0.5700663328170776,0.8215689063072205,-0.004737417679280043,0.039810340851545334,-0.12787802517414093,-9.872910499572754,0.7280986309051514,0.02423601597547531,0.07789462059736252
1781548270236873,205956427,-0.005252963863313198,0.570063054561615,0.8215712308883667,-0.004737213719636202,0.028820564970374107,-0.1360567957162857,-9.87328815460205,0.7399445176124573,0.04382973536849022,0.0879732146859169
1781548270264729,205973094,-0.005258454475551844,0.5700621008872986,0.8215717077255249,-0.004737146198749542,0.0356227271258831,-0.12685880064964294,-9.878872871398926,0.7565158009529114,0.06649696826934814,0.12226860225200653
1781548270267104,205989761,-0.005260447971522808,0.5700629353523254,0.8215713500976562,-0.004724901169538498,0.0350504070520401,-0.12449134886264801,-9.844801902770996,0.6740173697471619,0.0945044457912445,0.13157883286476135
1781548270294526,206006428,-0.00525607680901885,0.5700618624687195,0.8215720653533936,-0.0047225384041666985,0.014522978104650974,-0.12804967164993286,-9.858780860900879,0.7051239609718323,0.0189726073294878,0.06334660202264786
1781548270324312,206023095,-0.005257202312350273,0.5700711011886597,0.821565568447113,-0.0047315689735114574,0.03351601958274841,-0.13641440868377686,-9.863053321838379,0.7907344102859497,0.006319933105260134,0.17787379026412964
1781548270327269,206039762,-0.005252213682979345,0.5700738430023193,0.8215636610984802,-0.004735616501420736,0.028012432157993317,-0.14342021942138672,-9.834165573120117,0.7386254668235779,-0.008785156533122063,0.14049206674098969
1781548270354465,206056429,-0.0052527436055243015,0.5700739622116089,0.8215636014938354,-0.0047385068610310555,0.0351933054625988,-0.1253102868795395,-9.862985610961914,0.7537368535995483,0.02713024988770485,0.1438601315021515
1781548270356112,206073096,-0.005259704310446978,0.570070207118988,0.8215661644935608,-0.0047434172593057156,0.022215399891138077,-0.1372441053390503,-9.859689712524414,0.7907088398933411,0.05440777167677879,0.046890441328287125
1781548270384121,206089763,-0.005251485388725996,0.5700671672821045,0.8215682506561279,-0.004744105506688356,0.03834766894578934,-0.1349267214536667,-9.870858192443848,0.7072241902351379,-0.014548012986779213,0.0668555498123169
1781548270386333,206106430,-0.005246314685791731,0.570069432258606,0.8215667605400085,-0.004744892008602619,0.02523029036819935,-0.11503586918115616,-9.854951858520508,0.7195568084716797,0.0031055398285388947,0.1479581594467163
1781548270414173,206123097,-0.005247996188700199,0.5700715780258179,0.8215652108192444,-0.004740397445857525,0.013525215908885002,-0.1401551365852356,-9.877477645874023,0.7165088653564453,0.062334902584552765,0.13511338829994202
1781548270415985,206139764,-0.005241315811872482,0.5700726509094238,0.8215644955635071,-0.004742098040878773,0.019039727747440338,-0.13128972053527832,-9.866201400756836,0.7186859250068665,-0.008951638825237751,0.14822709560394287
1781548270444503,206156431,-0.005231461953371763,0.5700679421424866,0.821567714214325,-0.004747365601360798,0.017813164740800858,-0.12610065937042236,-9.860980987548828,0.7266514301300049,-0.041518185287714005,0.07626821845769882
1781548270474140,206173098,-0.005239847116172314,0.5700678825378418,0.8215677738189697,-0.004747429862618446,0.03693864494562149,-0.15916626155376434,-9.87972354888916,0.7685667276382446,0.08259456604719162,0.14383453130722046
1781548270477369,206189765,-0.0052427807822823524,0.5700652599334717,0.8215695023536682,-0.0047551412135362625,0.022154469043016434,-0.1390572339296341,-9.867941856384277,0.7904270887374878,0.021700356155633926,0.1250860095024109
1781548270504608,206206432,-0.00524473050609231,0.5700585246086121,0.8215741515159607,-0.00475720502436161,0.02599187381565571,-0.13106441497802734,-9.883492469787598,0.7547485828399658,0.03795161470770836,0.08336292952299118
1781548270505891,206223099,-0.005240370519459248,0.5700533986091614,0.8215778470039368,-0.004748969338834286,0.020781340077519417,-0.13594236969947815,-9.848628044128418,0.6717378497123718,0.04263874143362045,0.08998380601406097
1781548270534130,206239766,-0.005246055778115988,0.5700581073760986,0.8215746283531189,-0.004731421824544668,0.02559133991599083,-0.13298127055168152,-9.854825973510742,0.6585089564323425,0.13606107234954834,0.14094029366970062
1781548270535954,206256433,-0.005246675107628107,0.5700667500495911,0.8215686082839966,-0.00472560478374362,0.02430390566587448,-0.13841353356838226,-9.834541320800781,0.7048038840293884,0.061937909573316574,0.19327983260154724
1781548270564157,206273100,-0.00524917570874095,0.5700624585151672,0.8215717673301697,-0.004727340303361416,0.022183213382959366,-0.1365145593881607,-9.864063262939453,0.7550687789916992,0.04225454851984978,0.08854950219392776
1781548270566404,206289767,-0.005243028048425913,0.5700606107711792,0.8215730786323547,-0.004736775998026133,0.02431105636060238,-0.132108673453331,-9.855544090270996,0.764583945274353,-0.036549318581819534,0.11427745968103409
1781548270594408,206306434,-0.005251011811196804,0.5700569152832031,0.821575403213501,-0.004747242201119661,0.02740805223584175,-0.13216231763362885,-9.868576049804688,0.8258238434791565,0.038886480033397675,0.08011012524366379
1781548270624142,206323101,-0.005244978703558445,0.5700585246086121,0.8215742707252502,-0.0047445157542824745,0.030751653015613556,-0.14342735707759857,-9.856841087341309,0.6962875723838806,0.012223659083247185,0.15918932855129242
1781548270626607,206339768,-0.005244142841547728,0.5700681209564209,0.8215675354003906,-0.00474855862557888,0.023059384897351265,-0.12700900435447693,-9.851349830627441,0.7549919486045837,0.014515995979309082,0.1555907428264618
1781548270654428,206356435,-0.0052544050849974155,0.5700679421424866,0.8215676546096802,-0.004747269209474325,0.030926896259188652,-0.12547123432159424,-9.865467071533203,0.7682977318763733,0.09839758276939392,0.13612507283687592
1781548270655845,206373102,-0.0052578565664589405,0.5700531005859375,0.8215780258178711,-0.004742786288261414,0.021582411602139473,-0.13102149963378906,-9.850391387939453,0.7233859300613403,0.07304101437330246,0.11650577932596207
1781548270684048,206389769,-0.005266379099339247,0.5700469613075256,0.8215822577476501,-0.004738349933177233,0.01452665776014328,-0.1480800062417984,-9.862458229064941,0.7437607645988464,0.10074114799499512,0.09962700307369232
1781548270686128,206406436,-0.005286596715450287,0.5700468420982361,0.8215821981430054,-0.004744444042444229,0.03140425682067871,-0.14128538966178894,-9.85352611541748,0.8491058349609375,0.1253037303686142,0.1068497896194458
1781548270714986,206423103,-0.005282396450638771,0.5700307488441467,0.8215933442115784,-0.0047510177828371525,0.02393197827041149,-0.1257394552230835,-9.856874465942383,0.7559908628463745,-0.014368724077939987,0.051820892840623856
1781548270715842,206439770,-0.005276721902191639,0.5700398087501526,0.821587085723877,-0.004750012420117855,0.025019146502017975,-0.15165264904499054,-9.861059188842773,0.707365095615387,0.0072419908829033375,0.1751844435930252
1781548270744418,206456437,-0.005268552340567112,0.5700424313545227,0.8215853571891785,-0.004744283854961395,0.023602839559316635,-0.13842065632343292,-9.86863899230957,0.6709950566291809,0.011544924229383469,0.13964682817459106
1781548270774231,206473104,-0.005266321357339621,0.5700418949127197,0.8215858936309814,-0.004733618348836899,0.023349158465862274,-0.1408417671918869,-9.8574800491333,0.6663720011711121,0.0642046332359314,0.10911649465560913
1781548270776126,206489771,-0.005271431524306536,0.5700312852859497,0.8215932250022888,-0.0047255996614694595,0.02594892494380474,-0.13123606145381927,-9.864330291748047,0.7101824879646301,0.09487584233283997,0.03455793112516403
1781548270804168,206506438,-0.00527485366910696,0.5700302720069885,0.8215938806533813,-0.004728805273771286,0.030719755217432976,-0.12943367660045624,-9.859658241271973,0.7668377757072449,0.04204964637756348,0.12708380818367004
1781548270806160,206523105,-0.005268709734082222,0.5700249671936035,0.8215976357460022,-0.004732049070298672,0.03162797912955284,-0.12992003560066223,-9.849189758300781,0.7297505736351013,-0.012895993888378143,0.05303749814629555
1781548270834127,206539772,-0.0052721258252859116,0.5700206160545349,0.8216004967689514,-0.004733172710984945,0.02832345850765705,-0.12468088418245316,-9.874082565307617,0.7551583647727966,0.049963973462581635,0.09783409535884857
1781548270835921,206556439,-0.005274380557239056,0.570023238658905,0.8215987086296082,-0.004735289607197046,0.0345427431166172,-0.15061911940574646,-9.850048065185547,0.756118893623352,0.03982134535908699,0.14952053129673004
1781548270864128,206573106,-0.005273438524454832,0.5700225830078125,0.8215991854667664,-0.004730635322630405,0.03664523735642433,-0.12807828187942505,-9.84043025970459,0.7052009105682373,0.04874737188220024,0.16737258434295654
1781548270865895,206589773,-0.005291624926030636,0.5700369477272034,0.821588933467865,-0.004728010855615139,0.043614260852336884,-0.13941578567028046,-9.855734825134277,0.7915668487548828,0.1490851193666458,0.2478092908859253
1781548270894348,206606440,-0.005294875707477331,0.5700353980064392,0.8215900659561157,-0.00473247142508626,0.028423694893717766,-0.13344617187976837,-9.876447677612305,0.7732154130935669,0.03622275963425636,0.1284540891647339
1781548270925747,206623107,-0.005285724066197872,0.570021390914917,0.8215999007225037,-0.00473639415577054,0.03366641700267792,-0.14418910443782806,-9.844365119934082,0.721836268901825,-0.032745834439992905,0.007357247639447451
1781548270926299,206639774,-0.005285120569169521,0.5700216293334961,0.8215998411178589,-0.0047283172607421875,0.015488674864172935,-0.12547121942043304,-9.871058464050293,0.6873872876167297,0.06347467750310898,0.12736555933952332
1781548270954141,206656441,-0.005287725944072008,0.5700122117996216,0.8216063976287842,-0.004730067681521177,0.03384522721171379,-0.13763034343719482,-9.854454040527344,0.7554401755332947,0.043048541992902756,0.08300436288118362
1781548270955555,206673108,-0.005286235362291336,0.5700247287750244,0.821597695350647,-0.0047159744426608086,0.017219437286257744,-0.13430088758468628,-9.851303100585938,0.6498390436172485,0.08254332840442657,0.2157677710056305
1781548270984145,206689775,-0.005272804293781519,0.570023775100708,0.8215984106063843,-0.004707174841314554,0.023077266290783882,-0.12845379114151,-9.856616973876953,0.633075475692749,-0.006070209201425314,0.13005487620830536
1781548270986214,206706442,-0.005270545836538076,0.5700344443321228,0.8215910196304321,-0.0047086067497730255,0.04023948311805725,-0.12398353219032288,-9.877942085266113,0.7344760894775391,0.01732058823108673,0.20584285259246826
1781548271014139,206723109,-0.005277317948639393,0.5700355172157288,0.8215901851654053,-0.004704016260802746,0.03144187852740288,-0.13751590251922607,-9.850068092346191,0.7360001802444458,0.09157181531190872,0.13791799545288086
1781548271016505,206739776,-0.005269958171993494,0.5700361728668213,0.8215897679328918,-0.004711309913545847,0.03260774537920952,-0.13254137337207794,-9.861490249633789,0.7477306723594666,-0.035255879163742065,0.10845056176185608
1781548271044398,206756443,-0.005271271802484989,0.5700505971908569,0.8215798139572144,-0.0047144037671387196,0.032858386635780334,-0.13062097132205963,-9.843636512756348,0.7580142021179199,0.030485516414046288,0.1858905702829361
1781548271074256,206773110,-0.005282382946461439,0.5700584650039673,0.8215740919113159,-0.00471992464736104,0.022190365940332413,-0.1313183307647705,-9.85545539855957,0.809982419013977,0.07662679255008698,0.1808832734823227
1781548271076205,206789777,-0.005282447673380375,0.5700573325157166,0.8215751051902771,-0.004709344822913408,0.028849264606833458,-0.14777246117591858,-9.864895820617676,0.6759126782417297,0.07680606842041016,0.10166320204734802
1781548271104316,206806444,-0.005278555676341057,0.5700549483299255,0.821576714515686,-0.004715855699032545,0.030909260734915733,-0.1277206689119339,-9.846797943115234,0.7568873167037964,-0.012575835920870304,0.09673276543617249
1781548271106071,206823111,-0.00527407368645072,0.5700452327728271,0.8215835094451904,-0.0047179521061480045,0.03161367401480675,-0.11868716776371002,-9.869366645812988,0.7296097278594971,0.0019657746888697147,0.1065424233675003
1781548271134266,206839778,-0.00528364721685648,0.5700531601905823,0.8215779662132263,-0.004713468719273806,0.033744897693395615,-0.14378857612609863,-9.860757827758789,0.7474489808082581,0.10729799419641495,0.18852867186069489
1781548271138308,206856445,-0.0052903494797647,0.570062518119812,0.821571409702301,-0.004709003958851099,0.02068120613694191,-0.1503509134054184,-9.861549377441406,0.7363075017929077,0.09079061448574066,0.18217670917510986
1781548271164156,206873112,-0.005287298932671547,0.5700599551200867,0.8215731978416443,-0.004713944159448147,0.033112216740846634,-0.13713325560092926,-9.834299087524414,0.7513421177864075,-0.0014855364570394158,0.10818163305521011
1781548271166222,206889779,-0.005296405404806137,0.5700591206550598,0.8215736150741577,-0.004716953262686729,0.03066597692668438,-0.12327544391155243,-9.844225883483887,0.7879810333251953,0.0748082846403122,0.12042449414730072
1781548271194360,206906446,-0.005299323704093695,0.5700618624687195,0.8215718865394592,-0.00470723444595933,0.034685492515563965,-0.12367597222328186,-9.87261962890625,0.6918566823005676,0.08993259072303772,0.14881618320941925
1781548271224176,206923113,-0.005295016337186098,0.5700680613517761,0.8215675950050354,-0.004702875390648842,0.02947850152850151,-0.13177606463432312,-9.846759796142578,0.6937647461891174,0.02843649871647358,0.1831371784210205
1781548271226297,206939780,-0.005294365342706442,0.5700713992118835,0.8215653896331787,-0.004703143145889044,0.027079042047262192,-0.14339160919189453,-9.875410079956055,0.7341431379318237,0.03079286776483059,0.162531778216362
1781548271254143,206956447,-0.005233115516602993,0.5700495839118958,0.8215802311897278,-0.004783194046467543,0.038405053317546844,-0.1430661678314209,-9.870064735412598,0.7458994388580322,0.10101008415222168,0.15944546461105347
1781548271255918,206973114,-0.00523625360801816,0.5700464248657227,0.8215826153755188,-0.004778120666742325,0.02330256626009941,-0.12707695364952087,-9.845402717590332,0.7188011407852173,0.0732843428850174,0.09312136471271515
1781548271284582,206989781,-0.00523784477263689,0.5700382590293884,0.821588397026062,-0.004767401609569788,0.029607469215989113,-0.1342150717973709,-9.845935821533203,0.6809712052345276,0.08637242764234543,0.05019448697566986
1781548271287070,207006448,-0.005227866116911173,0.5700348615646362,0.8215907216072083,-0.004769951570779085,0.028849264606833458,-0.13482658565044403,-9.860054016113281,0.7103617787361145,-0.030376659706234932,0.11481532454490662
1781548271314810,207023115,-0.00523439422249794,0.5700271129608154,0.8215961456298828,-0.004771283827722073,0.029925702139735222,-0.13514845073223114,-9.845319747924805,0.7683873772621155,0.06694520264863968,0.04787653684616089
1781548271316810,207039782,-0.005238283425569534,0.5700298547744751,0.8215940594673157,-0.004764289129525423,0.014730553142726421,-0.12120480835437775,-9.845803260803223,0.7108228206634521,0.08564246445894241,0.1581519991159439
1781548271344831,207056449,-0.005233443342149258,0.5700370073318481,0.8215891718864441,-0.004758188035339117,0.03135618567466736,-0.13015249371528625,-9.862736701965332,0.6815475225448608,0.03295714035630226,0.18659493327140808
1781548271374154,207073116,-0.005243989638984203,0.5700327754020691,0.8215921521186829,-0.004755252040922642,0.01823139749467373,-0.14306974411010742,-9.848637580871582,0.7598839402198792,0.10696502029895782,0.10262367874383926
1781548271376177,207089783,-0.005243245512247086,0.5700306296348572,0.8215935230255127,-0.004753869492560625,0.039409805089235306,-0.13612118363380432,-9.838314056396484,0.7243719696998596,0.03714481741189957,0.11918230354785919
1781548271404198,207106450,-0.005251645110547543,0.5700380206108093,0.8215884566307068,-0.004745939746499062,0.021986335515975952,-0.12636172771453857,-9.848584175109863,0.7231296896934509,0.1148921474814415,0.18591617047786713
1781548271406126,207123117,-0.005243668798357248,0.5700429677963257,0.8215850591659546,-0.0047553605400025845,0.019633378833532333,-0.1261972039937973,-9.849672317504883,0.7571433782577515,-0.046435821801424026,0.11791446805000305
1781548271434211,207139784,-0.005237235222011805,0.570044755935669,0.8215839266777039,-0.004750380292534828,0.03215368092060089,-0.11991380900144577,-9.864474296569824,0.6817523837089539,0.01895979978144169,0.12116727977991104
1781548271436220,207156451,-0.005223436281085014,0.570053219795227,0.8215780258178711,-0.004756433889269829,0.027004128322005272,-0.12300366908311844,-9.852669715881348,0.715177059173584,-0.06536360830068588,0.18963003158569336
1781548271464060,207173118,-0.00521234143525362,0.5700556635856628,0.8215763568878174,-0.004756786394864321,0.03242205083370209,-0.13838134706020355,-9.840950965881348,0.6935983300209045,-0.02771294303238392,0.16493937373161316
1781548271465988,207189785,-0.005207294598221779,0.5700637698173523,0.8215709328651428,-0.0047521586529910564,0.03458178788423538,-0.12605056166648865,-9.855264663696289,0.6892313957214355,0.025401394814252853,0.14716418087482452
1781548271494297,207206452,-0.00521067064255476,0.5700680613517761,0.8215678930282593,-0.00474928505718708,0.03871232271194458,-0.14752569794654846,-9.857653617858887,0.7321966886520386,0.06601033359766006,0.12262720614671707
1781548271524147,207223119,-0.0052149598486721516,0.5700615048408508,0.8215724229812622,-0.004751244559884071,0.041026078164577484,-0.13289186358451843,-9.85051155090332,0.7627397775650024,0.05338326469063759,0.1630440354347229
1781548271525901,207239786,-0.005208682268857956,0.570063591003418,0.8215710520744324,-0.004748333711177111,0.03537226468324661,-0.12544620037078857,-9.849733352661133,0.6942257881164551,0.01125037856400013,0.0897020772099495
1781548271554558,207256453,-0.00520860543474555,0.5700632333755493,0.8215712904930115,-0.004748579580336809,0.022379904985427856,-0.142107754945755,-9.863805770874023,0.7362178564071655,0.03440425544977188,0.11543002724647522
1781548271556373,207273120,-0.005214489996433258,0.570061206817627,0.8215726017951965,-0.004744754638522863,0.024139398708939552,-0.13647522032260895,-9.873157501220703,0.7367172837257385,0.08387519419193268,0.09842319041490555
1781548271584537,207289787,-0.005222308915108442,0.5700663328170776,0.8215689063072205,-0.004749406594783068,0.024017808958888054,-0.13794146478176117,-9.834136962890625,0.792002260684967,0.06192510202527046,0.15287579596042633
1781548271586998,207306454,-0.005221857689321041,0.5700644254684448,0.8215703964233398,-0.004730145912617445,0.03253275901079178,-0.1474863588809967,-9.852801322937012,0.6246361136436462,0.10854021459817886,0.09108516573905945
1781548271614653,207323121,-0.0052292849868535995,0.5700640082359314,0.821570634841919,-0.0047265333123505116,0.021492887288331985,-0.13998347520828247,-9.856162071228027,0.7438632249832153,0.09193038195371628,0.11425184458494186
1781548271615506,207339788,-0.005225333385169506,0.5700619220733643,0.8215721845626831,-0.004725628066807985,0.02734021656215191,-0.12840373814105988,-9.853421211242676,0.7145494818687439,0.017102878540754318,0.11381643265485764
1781548271644406,207356455,-0.005221952684223652,0.5700575709342957,0.8215751647949219,-0.004723656922578812,0.02723989449441433,-0.13348907232284546,-9.861104011535645,0.7108739614486694,0.02418478950858116,0.07857335358858109
1781548271674171,207373122,-0.0052225105464458466,0.570060670375824,0.8215731382369995,-0.004710669629275799,0.014229864813387394,-0.14202548563480377,-9.8569974899292,0.6639388203620911,0.09009906649589539,0.14770202338695526
1781548271676178,207389789,-0.005228808149695396,0.5700610876083374,0.8215728402137756,-0.004700991790741682,0.03505755960941315,-0.145948588848114,-9.858040809631348,0.7051112651824951,0.10946228355169296,0.12748081982135773
1781548271704828,207406456,-0.005236790981143713,0.5700536370277405,0.8215779662132263,-0.004701229743659496,0.013797007501125336,-0.12581811845302582,-9.837345123291016,0.7678366303443909,0.07993082702159882,0.07872702181339264
1781548271706524,207423123,-0.005228273570537567,0.5700510144233704,0.8215798735618591,-0.00470408471301198,0.033033426851034164,-0.13573136925697327,-9.859735488891602,0.7178534865379333,-0.02334597334265709,0.11680030822753906
1781548271734237,207439790,-0.005230405367910862,0.5700453519821167,0.8215838074684143,-0.004699727054685354,0.025133585557341576,-0.12374749779701233,-9.878314018249512,0.7189676761627197,0.06465285271406174,0.07079990953207016
1781548271736434,207456457,-0.005236278288066387,0.5700497031211853,0.8215806484222412,-0.004697611089795828,0.03439953923225403,-0.12931565940380096,-9.857844352722168,0.7464629411697388,0.07639627903699875,0.06813617795705795
1781548271764132,207473124,-0.005245815962553024,0.570058286190033,0.8215747475624084,-0.004696368705481291,0.028273658826947212,-0.10598088800907135,-9.81285572052002,0.7654802799224854,0.09458128362894058,0.1547839194536209
1781548271765799,207489791,-0.005239237565547228,0.5700578689575195,0.8215751051902771,-0.004692569375038147,0.027644082903862,-0.12130137532949448,-9.927558898925781,0.6878353953361511,0.013875678181648254,0.1369446963071823
1781548271795126,207506458,-0.005245959851890802,0.5700562596321106,0.8215760588645935,-0.0046982415951788425,0.027071889489889145,-0.13097502291202545,-9.814632415771484,0.7936158776283264,0.051206186413764954,0.08363186568021774
1781548271824080,207523125,-0.005234771408140659,0.5700535178184509,0.8215780258178711,-0.0047025238163769245,0.031027283519506454,-0.13971169292926788,-9.868501663208008,0.7155227661132812,-0.04409226402640343,0.11074290424585342
1781548271825745,207539792,-0.005226730369031429,0.5700547099113464,0.821577250957489,-0.004701162688434124,0.02946784347295761,-0.13916093111038208,-9.84102725982666,0.696057140827179,-0.004469416104257107,0.10856582224369049
1781548271854156,207556459,-0.00522646913304925,0.5700650811195374,0.8215700387954712,-0.004704026039689779,0.03548670560121536,-0.12292855232954025,-9.872878074645996,0.7503175735473633,0.023493247106671333,0.18706876039505005
1781548271856009,207573126,-0.005222257226705551,0.5700763463973999,0.8215622305870056,-0.0047035543248057365,0.04269276186823845,-0.1461595892906189,-9.86147403717041,0.7159069180488586,0.014323902316391468,0.19621247053146362
1781548271884111,207589793,-0.005216230172663927,0.5700743198394775,0.8215637803077698,-0.004701837431639433,0.02519795671105385,-0.13239477574825287,-9.835681915283203,0.7018072009086609,0.008548238314688206,0.11096062511205673
1781548271885682,207606460,-0.005224450025707483,0.5700675249099731,0.8215683698654175,-0.004707573913037777,0.01842462085187435,-0.14426420629024506,-9.840535163879395,0.799737274646759,0.05986327305436134,0.09345432370901108
1781548271914521,207623127,-0.005213928874582052,0.5700691938400269,0.8215672373771667,-0.004710218869149685,0.026142075657844543,-0.12952664494514465,-9.848817825317383,0.7087865471839905,-0.03378314897418022,0.13613788783550262
1781548271916947,207639794,-0.005214603617787361,0.57005375623703,0.8215779662132263,-0.004713877569884062,0.024761660024523735,-0.11079090088605881,-9.868204116821289,0.7583343982696533,0.025657521560788155,0.07551264017820358
1781548271945109,207656461,-0.005213827360421419,0.5700587630271912,0.8215744495391846,-0.0047176675871014595,0.04272137209773064,-0.1346692442893982,-9.84615707397461,0.7535832524299622,0.016347305849194527,0.12038610130548477
1781548271974562,207673128,-0.0052098981104791164,0.5700554847717285,0.8215768337249756,-0.004710468463599682,0.02664274349808693,-0.12638317048549652,-9.880570411682129,0.6790759563446045,0.04192158579826355,0.11190828680992126
1781548271977535,207689795,-0.00521395867690444,0.5700635313987732,0.8215711712837219,-0.004716802388429642,0.024447143077850342,-0.137762650847435,-9.83216381072998,0.7867900729179382,0.034289002418518066,0.17585040628910065
1781548272005201,207706462,-0.005213557742536068,0.5700637698173523,0.8215709924697876,-0.004709505941718817,0.014108025468885899,-0.13852080702781677,-9.869343757629395,0.6923688650131226,0.06215561553835869,0.11685153096914291
1781548272006056,207723129,-0.0052144089713692665,0.570060670375824,0.8215731382369995,-0.004710259847342968,0.03043360821902752,-0.12297862023115158,-9.844083786010742,0.7427618503570557,0.03741374984383583,0.08295312523841858
1781548272034232,207739796,-0.005202141590416431,0.5700576305389404,0.821575403213501,-0.004713819827884436,0.026671353727579117,-0.14080600440502167,-9.869885444641113,0.707160234451294,-0.047345079481601715,0.11035871505737305
1781548272036047,207756463,-0.005211550742387772,0.5700489282608032,0.8215813636779785,-0.004709819331765175,0.03284388780593872,-0.12811046838760376,-9.858713150024414,0.7493444085121155,0.10454463213682175,0.06960891932249069
1781548272064760,207773130,-0.005216191057115793,0.5700521469116211,0.8215791583061218,-0.004701846744865179,0.02248719148337841,-0.1306924968957901,-9.857507705688477,0.7082615494728088,0.09359521418809891,0.15190251171588898
1781548272066169,207789797,-0.0052267760038375854,0.5700433254241943,0.8215851187705994,-0.00470295175909996,0.0354616716504097,-0.13902506232261658,-9.860115051269531,0.7830505967140198,0.09099551290273666,0.061873871833086014
1781548272094388,207806464,-0.005226839333772659,0.5700371861457825,0.8215893507003784,-0.004704441409558058,0.02338830754160881,-0.1383705884218216,-9.848416328430176,0.7438760995864868,0.030293423682451248,0.08518143743276596
1781548272124171,207823131,-0.005222473293542862,0.5700465440750122,0.8215829730033875,-0.004707290790975094,0.028073227033019066,-0.13783417642116547,-9.848092079162598,0.7341560125350952,-0.0001152571348939091,0.14594756066799164
1781548272127249,207839798,-0.005211130250245333,0.5700493454933167,0.8215811252593994,-0.0047005158849060535,0.01419396698474884,-0.1312718391418457,-9.855772972106934,0.6523362994194031,-0.0013062477810308337,0.15566758811473846
1781548272154205,207856465,-0.005201419349759817,0.5700507760047913,0.821580171585083,-0.004704700317233801,0.020892202854156494,-0.12261741608381271,-9.86402702331543,0.720683753490448,-0.0353967510163784,0.12518848478794098
1781548272157526,207873132,-0.005188079085201025,0.5700539946556091,0.8215779662132263,-0.004716164898127317,0.03386310860514641,-0.1236831322312355,-9.866930961608887,0.7474874258041382,-0.08400965481996536,0.15802395343780518
1781548272184717,207889799,-0.005184246227145195,0.5700566172599792,0.8215761780738831,-0.004719528369605541,0.018049119040369987,-0.12879352271556854,-9.86396312713623,0.739022433757782,0.0012614253209903836,0.14617806673049927
1781548272185612,207906466,-0.005176275968551636,0.5700507164001465,0.8215802311897278,-0.004720361903309822,0.022387057542800903,-0.14160707592964172,-9.849647521972656,0.7085689306259155,-0.012511803768575191,0.0897148847579956
1781548272214639,207923133,-0.005161881912499666,0.570056140422821,0.8215765953063965,-0.004721910692751408,0.027318647131323814,-0.1284359097480774,-9.852086067199707,0.6874127984046936,-0.05104610696434975,0.17278966307640076
1781548272215551,207939800,-0.005158934276551008,0.5700550675392151,0.8215773701667786,-0.004728805273771286,0.035579558461904526,-0.13398973643779755,-9.868456840515137,0.762509286403656,-0.007735035847872496,0.11932316422462463
1781548272244381,207956467,-0.005162734072655439,0.5700578689575195,0.8215754628181458,-0.004728570580482483,0.025609221309423447,-0.13597455620765686,-9.862078666687012,0.7486783862113953,0.05835212767124176,0.1384686529636383
1781548272274123,207973134,-0.005159649532288313,0.5700562596321106,0.8215765357017517,-0.0047317203134298325,0.019218645989894867,-0.1465100646018982,-9.856575012207031,0.740802526473999,0.006038193590939045,0.10583806782960892
1781548272275853,207989801,-0.005163141526281834,0.5700526833534241,0.8215790390968323,-0.004733256064355373,0.022143876180052757,-0.1443178504705429,-9.845499038696289,0.7573098540306091,0.0504378043115139,0.15903565287590027
1781548272304585,208006468,-0.0051824916154146194,0.5700408816337585,0.821587085723877,-0.00473187118768692,0.03187473490834236,-0.12203449755907059,-9.85348129272461,0.8029900789260864,0.1512237787246704,0.11537878215312958
1781548272306567,208023135,-0.00517613161355257,0.5700390934944153,0.8215883374214172,-0.004734006244689226,0.03967791423201561,-0.12023565173149109,-9.8527250289917,0.7222589254379272,-0.008503414690494537,0.10498005151748657
1781548272334207,208039802,-0.005180514417588711,0.5700477957725525,0.8215822577476501,-0.004724577069282532,0.02024509571492672,-0.14884530007839203,-9.870179176330566,0.6989513635635376,0.09810303896665573,0.19238337874412537
1781548272336135,208056469,-0.005171639379113913,0.5700376033782959,0.8215893507003784,-0.004727315157651901,0.026574676856398582,-0.1443321257829666,-9.858776092529297,0.7157148122787476,-0.024396095424890518,0.12057818472385406
1781548272364211,208073136,-0.005177963059395552,0.5700353384017944,0.821590781211853,-0.004732272122055292,0.019990883767604828,-0.14041978120803833,-9.863382339477539,0.7879683375358582,0.05216667056083679,0.10732362419366837
1781548272366224,208089803,-0.005184832960367203,0.5700390934944153,0.8215882182121277,-0.0047371587716042995,0.024929741397500038,-0.1338789016008377,-9.858519554138184,0.7896075248718262,0.055829279124736786,0.15500164031982422
1781548272394515,208106470,-0.005184981971979141,0.5700393319129944,0.8215880990028381,-0.00474166264757514,0.03814740478992462,-0.13181184232234955,-9.856992721557617,0.7612029910087585,0.019356796517968178,0.13931387662887573
1781548272424577,208123137,-0.0051837703213095665,0.5700418949127197,0.8215863108634949,-0.004740362986922264,0.028813501819968224,-0.12657985091209412,-9.86095905303955,0.7229504585266113,0.03471161052584648,0.17022839188575745
1781548272426211,208139804,-0.005183225031942129,0.5700368881225586,0.8215897679328918,-0.004736371338367462,0.02437533438205719,-0.1398797482252121,-9.864641189575195,0.7104513645172119,0.04847843572497368,0.09788532555103302
1781548272454177,208156471,-0.005173430312424898,0.5700309872627258,0.8215938806533813,-0.0047380393370985985,0.03403463214635849,-0.15006837248802185,-9.860979080200195,0.7060331702232361,-0.02540779486298561,0.13635560870170593
1781548272456366,208173138,-0.0051741343922913074,0.5700229406356812,0.8215993642807007,-0.0047355154529213905,0.04038618877530098,-0.13356420397758484,-9.847641944885254,0.723680317401886,0.04968222975730896,0.07856055349111557
1781548272484161,208189805,-0.005169931333512068,0.5700181126594543,0.8216028213500977,-0.004745704587548971,0.034993186593055725,-0.13436883687973022,-9.854268074035645,0.7763016223907471,-0.027981871739029884,0.08326048403978348
1781548272486419,208206472,-0.0051585775800049305,0.5700153708457947,0.82160484790802,-0.004737469367682934,0.019100522622466087,-0.1359352171421051,-9.88082504272461,0.6440377831459045,0.004155660513788462,0.11589107662439346
1781548272514680,208223139,-0.005166192073374987,0.570020318031311,0.821601390838623,-0.004726102109998465,0.03194626048207283,-0.13897857069969177,-9.849565505981445,0.7005393505096436,0.12429202347993851,0.19959336519241333
1781548272516951,208239806,-0.005160364788025618,0.570022702217102,0.8215997219085693,-0.004729651380330324,0.039234571158885956,-0.12988784909248352,-9.876104354858398,0.7323118448257446,-0.01105187926441431,0.1186700314283371
1781548272544940,208256473,-0.005163753870874643,0.5700122117996216,0.8216069936752319,-0.004734685644507408,0.038726747035980225,-0.1277206689119339,-9.866287231445312,0.7769803404808044,0.03473722189664841,0.03384077548980713
1781548272574059,208273140,-0.005175056867301464,0.5700128078460693,0.8216065764427185,-0.004722891375422478,0.03850860148668289,-0.12605057656764984,-9.856806755065918,0.7125644683837891,0.14697206020355225,0.1940610110759735
1781548272576574,208289807,-0.0051747956313192844,0.5700126886367798,0.8216066956520081,-0.004712199326604605,0.03238613158464432,-0.13540594279766083,-9.868643760681152,0.6736332178115845,0.07684450596570969,0.15456625819206238
1781548272604020,208306474,-0.005181635729968548,0.5700226426124573,0.8215997219085693,-0.004711696412414312,0.027168676257133484,-0.12242071330547333,-9.841666221618652,0.7588594555854797,0.07730553299188614,0.21806013584136963
1781548272606645,208323141,-0.005179881118237972,0.5700251460075378,0.8215980529785156,-0.004717526491731405,0.022823354229331017,-0.1262115091085434,-9.85998249053955,0.7611517310142517,0.0033360538072884083,0.1417342722415924
1781548272634074,208339808,-0.00517786992713809,0.5700219869613647,0.8216001987457275,-0.004720760975033045,0.026202870532870293,-0.12592898309230804,-9.902596473693848,0.745617687702179,0.011775437742471695,0.0996013805270195
1781548272635978,208356475,-0.0051900120452046394,0.5700188279151917,0.8216023445129395,-0.00472190510481596,0.029632452875375748,-0.14947831630706787,-9.825922966003418,0.7892488837242126,0.09971664100885391,0.0805327296257019
1781548272664352,208373142,-0.005196811631321907,0.5700017213821411,0.821614146232605,-0.004712697584182024,0.023245355114340782,-0.1364823877811432,-9.870054244995117,0.709939181804657,0.10985928028821945,0.0058204857632517815
1781548272666060,208389809,-0.0051945107989013195,0.5699924826622009,0.821620523929596,-0.004718386568129063,0.025973957031965256,-0.1351126730442047,-9.865438461303711,0.7584239840507507,0.0,0.03481406345963478
1781548272694521,208406476,-0.005206460598856211,0.570000410079956,0.8216149806976318,-0.004723567049950361,0.03011494129896164,-0.13634437322616577,-9.854839324951172,0.8110965490341187,0.08377274125814438,0.19942687451839447
1781548272724330,208423143,-0.005197754595428705,0.5699983239173889,0.8216164112091064,-0.004730996675789356,0.013492916710674763,-0.1411135494709015,-9.845623016357422,0.7429540157318115,-0.04236340522766113,0.11208757013082504
1781548272726798,208439810,-0.005197095684707165,0.5699983239173889,0.8216164112091064,-0.00473101856186986,0.02009470947086811,-0.13849934935569763,-9.881325721740723,0.7326961159706116,0.03206069394946098,0.11668504774570465
1781548272754327,208456477,-0.005197153426706791,0.5700014233589172,0.8216143250465393,-0.004730348475277424,0.025197790935635567,-0.1310286521911621,-9.869962692260742,0.7314537763595581,0.039296284317970276,0.16413256525993347
1781548272757996,208473144,-0.0052030934020876884,0.5699944496154785,0.8216191530227661,-0.004733600188046694,0.035704854875802994,-0.12951233983039856,-9.851507186889648,0.7769164443016052,0.05632873252034187,0.0619635246694088
1781548272784543,208489811,-0.0052030086517333984,0.5699968338012695,0.8216174840927124,-0.004735104274004698,0.027808453887701035,-0.13985471427440643,-9.856748580932617,0.7432869076728821,0.029550651088356972,0.13137392699718475
1781548272787145,208506478,-0.005202408414334059,0.5699929594993591,0.8216200470924377,-0.00474738422781229,0.029786230996251106,-0.14019447565078735,-9.85167121887207,0.8021961450576782,-0.015444456599652767,0.11621121317148209
1781548272814066,208523145,-0.005200810264796019,0.5699863433837891,0.8216246962547302,-0.004755118861794472,0.011497506871819496,-0.13056375086307526,-9.860908508300781,0.772677481174469,-0.0037778730038553476,0.06607435643672943
1781548272815854,208539812,-0.005198752041906118,0.5699891448020935,0.8216227293014526,-0.0047593205235898495,0.029754044488072395,-0.1268516480922699,-9.868958473205566,0.7507401704788208,0.007882307283580303,0.1368166208267212
1781548272844345,208556479,-0.00520529318600893,0.5699740052223206,0.8216331005096436,-0.0047688730992376804,0.014955698512494564,-0.13010957837104797,-9.851811408996582,0.814848780632019,0.03510861098766327,0.03344378247857094
1781548272874160,208573146,-0.00521049415692687,0.569979190826416,0.8216293454170227,-0.004773864056915045,0.024589819833636284,-0.13834556937217712,-9.84383487701416,0.7836909890174866,0.04612206667661667,0.16738539934158325
1781548272876526,208589813,-0.005215134471654892,0.5699793100357056,0.8216291666030884,-0.00478085782378912,0.03046940267086029,-0.13046005368232727,-9.866016387939453,0.7928475141525269,0.03455793485045433,0.10701625794172287
1781548272904151,208606480,-0.005206494126468897,0.5699742436408997,0.8216328620910645,-0.004766140598803759,0.01937231421470642,-0.12434830516576767,-9.853283882141113,0.6180921196937561,0.04491826891899109,0.10457024723291397
1781548272905908,208623147,-0.00520537793636322,0.5699723958969116,0.8216342329978943,-0.00475678825750947,0.02458284981548786,-0.11972784250974655,-9.847111701965332,0.6778464913368225,0.066343292593956,0.11313770711421967
1781548272934154,208639814,-0.00519848195835948,0.5699610710144043,0.8216421604156494,-0.004760936833918095,0.037017323076725006,-0.13341756165027618,-9.867339134216309,0.731633186340332,-0.019632134586572647,0.049118757247924805
1781548272936072,208656481,-0.005199761129915714,0.5699661374092102,0.8216385841369629,-0.004758192226290703,0.01821720041334629,-0.12585745751857758,-9.86317253112793,0.7249866724014282,0.0527813695371151,0.05960714817047119
1781548272964153,208673148,-0.005197755992412567,0.569962203502655,0.8216413259506226,-0.0047617885284125805,0.041523341089487076,-0.12459506094455719,-9.823305130004883,0.7476666569709778,0.0101234195753932,0.07520529627799988
1781548272966270,208689815,-0.005192320328205824,0.5699669718742371,0.8216379880905151,-0.004767230246216059,0.034374505281448364,-0.13255926966667175,-9.860587120056152,0.744529128074646,-0.01573900505900383,0.16520832479000092
1781548272994386,208706482,-0.005196311045438051,0.5699663162231445,0.8216383457183838,-0.0047769732773303986,0.04162347689270973,-0.12092229723930359,-9.836987495422363,0.8057434558868408,0.02056059241294861,0.13980050384998322
1781548273024134,208723149,-0.0051938616670668125,0.5699673295021057,0.8216376304626465,-0.004787049256265163,0.03542948514223099,-0.13143634796142578,-9.865300178527832,0.7825127840042114,-0.017570313066244125,0.10900125652551651
1781548273026302,208739816,-0.0051999762654304504,0.5699697136878967,0.821635901927948,-0.004799123853445053,0.015080731362104416,-0.1491326540708542,-9.860132217407227,0.827271044254303,0.02328834868967533,0.14077380299568176
1781548273054246,208756483,-0.005207573529332876,0.5699650049209595,0.8216391205787659,-0.0047952234745025635,0.031248796731233597,-0.1400049328804016,-9.848444938659668,0.7429282665252686,0.0940818339586258,0.09871774166822433
1781548273056334,208773150,-0.005215245299041271,0.5699659585952759,0.8216384053230286,-0.004793759435415268,0.018156403675675392,-0.13596025109291077,-9.851027488708496,0.7569641470909119,0.08475882560014725,0.10699065774679184
1781548273084856,208789817,-0.005219049286097288,0.5699713826179504,0.8216345310211182,-0.004800808150321245,0.029242759570479393,-0.13176894187927246,-9.847434043884277,0.7900429368019104,0.02925610914826393,0.10335365682840347
1781548273086285,208806484,-0.005219507496803999,0.5699697136878967,0.8216358423233032,-0.004797684960067272,0.022218884900212288,-0.13080692291259766,-9.847646713256836,0.7194287180900574,0.05045061558485031,0.09318540245294571
1781548273114651,208823151,-0.005225572735071182,0.5699732899665833,0.8216332793235779,-0.004795112647116184,0.031459737569093704,-0.130828395485878,-9.861912727355957,0.7443498373031616,0.08051992207765579,0.15199215710163116
1781548273116799,208839818,-0.005217400379478931,0.5699793100357056,0.8216291666030884,-0.004798159468919039,0.031735096126794815,-0.1476508527994156,-9.873710632324219,0.7202610969543457,-0.021860437467694283,0.16829463839530945
1781548273144868,208856485,-0.005211333278566599,0.5699834823608398,0.8216262459754944,-0.004815896041691303,0.02605286054313183,-0.13864600658416748,-9.847613334655762,0.8114678859710693,-0.06737420707941055,0.17270003259181976
1781548273174786,208873152,-0.005216455552726984,0.5699795484542847,0.8216288685798645,-0.0048255110159516335,0.02330256626009941,-0.12935499846935272,-9.873189926147461,0.8095725774765015,0.027104636654257774,0.09850003570318222
1781548273176641,208889819,-0.005218714941293001,0.5699796676635742,0.821628749370575,-0.004825220908969641,0.03657744824886322,-0.13797365128993988,-9.884469032287598,0.7423392534255981,0.04983590915799141,0.12116727977991104
1781548273204348,208906486,-0.005215841345489025,0.5699846148490906,0.821625292301178,-0.004826669581234455,0.028234155848622322,-0.1442105621099472,-9.853927612304688,0.7320429682731628,0.014144613407552242,0.15308070182800293
1781548273206808,208923153,-0.005215338431298733,0.5699892044067383,0.8216220736503601,-0.0048379963263869286,0.03352336585521698,-0.12946943938732147,-9.831604957580566,0.7970863580703735,-0.011039072647690773,0.15879230201244354
1781548273235039,208939820,-0.005212209653109312,0.5699843168258667,0.8216255307197571,-0.004843542817980051,0.01802772842347622,-0.13185834884643555,-9.847831726074219,0.7542363405227661,-0.003995581064373255,0.06478091329336166
1781548273235766,208956487,-0.00521219614893198,0.5700706243515015,0.8215656876564026,-0.004816123284399509,0.020945847034454346,-0.13487665355205536,-9.85377025604248,0.7785556316375732,0.058633871376514435,0.30059704184532166
1781548273264850,208973154,-0.005243499297648668,0.5700761675834656,0.8215615749359131,-0.004818618763238192,0.01169794425368309,-0.1318405717611313,-9.858634948730469,0.8719522953033447,0.203627347946167,0.19724979996681213
1781548273267235,208989821,-0.005242193583399057,0.5700889229774475,0.8215526938438416,-0.004826548043638468,0.010864517651498318,-0.14022308588027954,-9.857192993164062,0.7748416662216187,-0.0019337587291374803,0.22406625747680664
1781548273294823,209006488,-0.005246490705758333,0.5700875520706177,0.821553647518158,-0.0048261708579957485,0.034270793199539185,-0.13106083869934082,-9.870157241821289,0.7500615119934082,0.06163055822253227,0.11573738604784012
1781548273324565,209023155,-0.005237039178609848,0.5700964331626892,0.8215475082397461,-0.004831449128687382,0.01793825626373291,-0.11840107291936874,-9.875514030456543,0.7280601859092712,-0.03809889033436775,0.16728293895721436
1781548273327002,209039822,-0.005233370698988438,0.5700910091400146,0.821551501750946,-0.004820988513529301,0.030458558350801468,-0.12988784909248352,-9.859757423400879,0.6619793772697449,0.05580366775393486,0.0741039365530014
1781548273354534,209056489,-0.005231935530900955,0.5700935125350952,0.821549654006958,-0.004830656107515097,0.02716844715178013,-0.12210959941148758,-9.853555679321289,0.7842544913291931,-0.00992492027580738,0.1478429138660431
1781548273356245,209073156,-0.005234494339674711,0.5700961947441101,0.8215478658676147,-0.004834570921957493,0.03356628119945526,-0.13930757343769073,-9.827786445617676,0.7674140930175781,0.03550560027360916,0.16898618638515472
1781548273384130,209089823,-0.00524044269695878,0.570097804069519,0.8215465545654297,-0.004824481904506683,0.03704605624079704,-0.1268194615840912,-9.864317893981934,0.7016918659210205,0.10903966426849365,0.13157881796360016
1781548273385892,209106490,-0.005236699711531401,0.5700935125350952,0.8215495944023132,-0.004816277418285608,0.03240758925676346,-0.13357491791248322,-9.867803573608398,0.674401581287384,0.046647123992443085,0.08319644629955292
1781548273414589,209123157,-0.00524147879332304,0.5700951218605042,0.8215485215187073,-0.004814413841813803,0.0064550540409982204,-0.1389213502407074,-9.854697227478027,0.7435686588287354,0.07035167515277863,0.1396724432706833
1781548273416542,209139824,-0.005240334197878838,0.57009357213974,0.821549654006958,-0.004815726540982723,0.03252203017473221,-0.14486142992973328,-9.855018615722656,0.7380747199058533,0.024991588667035103,0.16419659554958344
1781548273444428,209156491,-0.005230342037975788,0.5700889229774475,0.8215529918670654,-0.004817337729036808,0.032439619302749634,-0.13844211399555206,-9.856612205505371,0.7050983905792236,-0.02611214481294155,0.15993209183216095
1781548273474146,209173158,-0.005228559952229261,0.5700970888137817,0.8215472102165222,-0.004828843288123608,0.017512686550617218,-0.13351769745349884,-9.864703178405762,0.7932572960853577,-0.018825333565473557,0.19062891602516174
1781548273476385,209189825,-0.005225180648267269,0.5700976252555847,0.8215469121932983,-0.004819741006940603,0.024361010640859604,-0.12783868610858917,-9.885980606079102,0.6707389950752258,0.05248682200908661,0.1234724223613739
1781548273504332,209206492,-0.005214518867433071,0.5700960755348206,0.8215479850769043,-0.00482134660705924,0.02018769085407257,-0.12646542489528656,-9.857375144958496,0.7024474740028381,-0.030248597264289856,0.14612683653831482
1781548273506419,209223159,-0.005201374646276236,0.5700969696044922,0.8215473294258118,-0.004828359000384808,0.024128790944814682,-0.13623206317424774,-9.860891342163086,0.7234626412391663,-0.0658886656165123,0.12176916003227234
1781548273534335,209239826,-0.005214211065322161,0.5701032876968384,0.8215429186820984,-0.004835250787436962,0.03153645992279053,-0.1602533608675003,-9.867608070373535,0.8244664072990417,0.08173651993274689,0.17026680707931519
1781548273538499,209256493,-0.005216035060584545,0.5700941681861877,0.8215491771697998,-0.004827911499887705,0.022583749145269394,-0.12882928550243378,-9.870346069335938,0.7011412382125854,0.0744112879037857,0.04235699772834778
1781548273564411,209273160,-0.005217715632170439,0.5700883865356445,0.8215532302856445,-0.004820454865694046,0.03572988882660866,-0.12692317366600037,-9.847290992736816,0.7000014185905457,0.07405271381139755,0.05965837463736534
1781548273566322,209289827,-0.005218298174440861,0.5700929760932922,0.8215501308441162,-0.004820066969841719,0.016976255923509598,-0.13735496997833252,-9.863809585571289,0.7354366183280945,0.040948301553726196,0.15689697861671448
1781548273594271,209306494,-0.005216886755079031,0.570102870464325,0.821543276309967,-0.00481394212692976,0.030558690428733826,-0.14106707274913788,-9.84133243560791,0.6950454115867615,0.05243559181690216,0.19837674498558044
1781548273624048,209323161,-0.005208207760006189,0.5701147317886353,0.8215351700782776,-0.004811336752027273,0.026889503002166748,-0.14505454897880554,-9.86816120147705,0.6865164041519165,-0.0025356572587043047,0.19582830369472504
1781548273625723,209339828,-0.00520726665854454,0.5701190829277039,0.8215321898460388,-0.004801183007657528,0.02459000051021576,-0.13900360465049744,-9.865253448486328,0.6743118762969971,0.07049254328012466,0.14588353037834167
1781548273654097,209356495,-0.005203052423894405,0.570118248462677,0.8215329051017761,-0.004795875865966082,0.03225013613700867,-0.13080692291259766,-9.84722900390625,0.6888983249664307,0.03271382302045822,0.10568441450595856
1781548273656160,209373162,-0.005197287071496248,0.5701232552528381,0.8215295672416687,-0.004789942409843206,0.03022252768278122,-0.14287306368350983,-9.865614891052246,0.6792039275169373,0.02659238502383232,0.14102992415428162
1781548273684312,209389829,-0.005197432357817888,0.5701215267181396,0.8215307593345642,-0.004780096001923084,0.02940715290606022,-0.14252258837223053,-9.847887992858887,0.6803308725357056,0.07526931911706924,0.11057642102241516
1781548273686871,209406496,-0.005197079852223396,0.5701163411140442,0.8215343356132507,-0.004778154660016298,0.03339112550020218,-0.1320943832397461,-9.85086727142334,0.7230784893035889,0.0412556529045105,0.08016133308410645
1781548273714298,209423163,-0.005201392807066441,0.5701175332069397,0.8215335011482239,-0.0047811949625611305,0.03014012984931469,-0.1272342950105667,-9.871986389160156,0.7694247961044312,0.048516858369112015,0.13721364736557007
1781548273716728,209439830,-0.005218711216002703,0.5701084136962891,0.8215397596359253,-0.0047796037979424,0.021417904645204544,-0.12823206186294556,-9.867968559265137,0.794320285320282,0.13951876759529114,0.052179474383592606
1781548273744524,209456497,-0.005231413524597883,0.5700995326042175,0.8215458989143372,-0.004769276361912489,0.03834778815507889,-0.11885881423950195,-9.862998008728027,0.7267282605171204,0.14859846234321594,0.12015555799007416
1781548273774300,209473164,-0.00522497296333313,0.5701016783714294,0.821544349193573,-0.004770009312778711,0.027197055518627167,-0.1286361813545227,-9.8580904006958,0.7144085764884949,-0.0037266474682837725,0.10352011770009995
1781548273776675,209489831,-0.005226411856710911,0.5701056718826294,0.8215415477752686,-0.004773538559675217,0.04459172859787941,-0.1378091424703598,-9.8466215133667,0.7608827948570251,0.0303446464240551,0.14464130997657776
1781548273804301,209506498,-0.005232646130025387,0.5701106190681458,0.8215380907058716,-0.004773805849254131,0.030265633016824722,-0.13697588443756104,-9.859207153320312,0.7611389756202698,0.07059500366449356,0.17953860759735107
1781548273806453,209523165,-0.0052232504822313786,0.5701104402542114,0.8215382099151611,-0.004780797753483057,0.019390195608139038,-0.12793882191181183,-9.860347747802734,0.737946629524231,-0.04455328360199928,0.12408711761236191
1781548273834119,209539832,-0.00523276487365365,0.5700932741165161,0.8215501308441162,-0.004769165068864822,0.027207784354686737,-0.13278815150260925,-9.854060173034668,0.7072241902351379,0.1342809796333313,-0.018774107098579407
1781548273836062,209556499,-0.005236747674643993,0.5700937509536743,0.8215498328208923,-0.004760167095810175,0.031048765406012535,-0.13017036020755768,-9.8504056930542,0.7000654339790344,0.09390255063772202,0.13789236545562744
1781548273864609,209573166,-0.005227099172770977,0.5700970888137817,0.8215475678443909,-0.004761155229061842,0.03640221431851387,-0.12342564016580582,-9.861967086791992,0.7030494213104248,-0.022078149020671844,0.16410697996616364
1781548273866575,209589833,-0.00522646214812994,0.5700921416282654,0.8215510249137878,-0.004747677128762007,0.03817589953541756,-0.1447291076183319,-9.874053955078125,0.6566391587257385,0.085527203977108,0.12415114790201187
1781548273894404,209606500,-0.005228324327617884,0.5700895190238953,0.8215529322624207,-0.004750192165374756,0.03331226482987404,-0.12346497178077698,-9.847407341003418,0.7569257020950317,0.03641485422849655,0.09961418807506561
1781548273924159,209623167,-0.005240501835942268,0.5700943470001221,0.8215493559837341,-0.004752385895699263,0.02874913066625595,-0.11667018383741379,-9.859381675720215,0.7955752015113831,0.09615647047758102,0.14462850987911224
1781548273927835,209639834,-0.00524559011682868,0.5700937509536743,0.8215497732162476,-0.0047537097707390785,0.0070308237336575985,-0.12928347289562225,-9.861449241638184,0.7626630067825317,0.06010660529136658,0.1641581952571869
1781548273954596,209656501,-0.005261408630758524,0.5700897574424744,0.8215524554252625,-0.0047601195983588696,0.0265482347458601,-0.14069965481758118,-9.875794410705566,0.8337510824203491,0.09965261816978455,0.07290015369653702
1781548273955969,209673168,-0.005266156047582626,0.5700905323028564,0.8215519189834595,-0.004755777306854725,0.030240526422858238,-0.13145063817501068,-9.846701622009277,0.7294305562973022,0.0796106830239296,0.11566055566072464
1781548273984147,209689835,-0.005261131562292576,0.5700871348381042,0.8215542435646057,-0.0047539835795760155,0.031670890748500824,-0.12752754986286163,-9.875628471374512,0.7057003974914551,0.014067776501178741,0.07041571289300919
1781548273986288,209706502,-0.0052572330459952354,0.5700871348381042,0.8215543031692505,-0.004745319951325655,0.03471793234348297,-0.1192629337310791,-9.864914894104004,0.6711359620094299,0.04786372929811478,0.12110324203968048
1781548274014150,209723169,-0.0052534411661326885,0.5700936317443848,0.8215497732162476,-0.004749335814267397,0.033712904900312424,-0.11172429472208023,-9.850769996643066,0.7430819869041443,-0.0008836381020955741,0.17535093426704407
1781548274016350,209739836,-0.005256297066807747,0.5700937509536743,0.8215497732162476,-0.004738534800708294,0.027239970862865448,-0.1231788843870163,-9.85840892791748,0.6855431199073792,0.0945044681429863,0.1310153752565384
1781548274044467,209756503,-0.0052566491067409515,0.5700976252555847,0.8215470910072327,-0.004743511322885752,0.018556829541921616,-0.10672116279602051,-9.865281105041504,0.7649809122085571,0.017935292795300484,0.10405799001455307
1781548274074275,209773170,-0.005256861448287964,0.5700961947441101,0.8215481042861938,-0.004740279633551836,0.020860016345977783,-0.1330563724040985,-9.866072654724121,0.7178791165351868,0.04986152425408363,0.12161550670862198
1781548274077032,209789837,-0.005255506839603186,0.5700944066047668,0.8215492963790894,-0.00474229222163558,0.03314082697033882,-0.14600582420825958,-9.864046096801758,0.741442859172821,0.020355692133307457,0.11373959481716156
1781548274104191,209806504,-0.005250779911875725,0.5700993537902832,0.8215458989143372,-0.00473920488730073,0.02956450544297695,-0.13747656345367432,-9.870088577270508,0.6995531916618347,0.021008817479014397,0.1159166768193245
1781548274106658,209823171,-0.005254450254142284,0.5701017379760742,0.8215442895889282,-0.004739625379443169,0.03515411913394928,-0.1285610795021057,-9.861492156982422,0.7520849108695984,0.05515054240822792,0.14558899402618408
1781548274134289,209839838,-0.005265046842396259,0.5701074004173279,0.8215401768684387,-0.00474469643086195,0.02645678073167801,-0.11832954734563828,-9.861120223999023,0.8054105639457703,0.07612735033035278,0.16399171948432922
1781548274135820,209856505,-0.005264593288302422,0.5701154470443726,0.8215346336364746,-0.004745887592434883,0.02615976519882679,-0.1282070279121399,-9.871027946472168,0.7402774691581726,0.029115235432982445,0.18850307166576385
1781548274164699,209873172,-0.005271004978567362,0.5701161623001099,0.8215340375900269,-0.004750531166791916,0.02019841969013214,-0.14135317504405975,-9.847787857055664,0.7866109013557434,0.0543181374669075,0.1503145396709442
1781548274166051,209889839,-0.005265804473310709,0.570116400718689,0.8215339183807373,-0.004754575900733471,0.010900408960878849,-0.13006308674812317,-9.860115051269531,0.7378698587417603,-0.009271797724068165,0.12794183194637299
1781548274194385,209906506,-0.005281027406454086,0.5701146721839905,0.8215349912643433,-0.004752661567181349,0.04745269566774368,-0.12710914015769958,-9.841117858886719,0.7841648459434509,0.12983718514442444,0.14656226336956024
1781548274224346,209923173,-0.00528728635981679,0.5701231360435486,0.8215290904045105,-0.0047547477297484875,0.03257209435105324,-0.12709841132164001,-9.812312126159668,0.7718451023101807,0.06262945383787155,0.12512445449829102
1781548274226530,209939840,-0.005282097961753607,0.5701265931129456,0.8215266466140747,-0.004761357791721821,0.031084204092621803,-0.14062359929084778,-9.845884323120117,0.7522001266479492,-0.018722884356975555,0.18358542025089264
1781548274254814,209956507,-0.005282585974782705,0.5701264142990112,0.8215266466140747,-0.004770733416080475,0.02218678966164589,-0.143463134765625,-9.849390029907227,0.7901069521903992,0.0021450635977089405,0.1417214721441269
1781548274257130,209973174,-0.00529316533356905,0.5701339244842529,0.8215216994285583,-0.004769684746861458,0.027533220127224922,-0.11701349914073944,-9.892411231994629,0.7707821726799011,0.1003185287117958,0.19046242535114288
1781548274284334,209989841,-0.005314728245139122,0.5701316595077515,0.8215228915214539,-0.004767010919749737,0.03031550906598568,-0.12027142941951752,-9.850573539733887,0.8049238920211792,0.16775675117969513,0.0813395231962204
1781548274286495,210006508,-0.00531697878614068,0.5701257586479187,0.8215269446372986,-0.0047682966105639935,0.01742328144609928,-0.11908770352602005,-9.857207298278809,0.7515213489532471,0.04352237656712532,0.09431235492229462
1781548274314971,210023175,-0.0053132823668420315,0.5701298117637634,0.8215240836143494,-0.004782285541296005,0.016736507415771484,-0.13763388991355896,-9.822091102600098,0.7999550104141235,-0.03995581343770027,0.13138674199581146
1781548274316896,210039842,-0.0053196679800748825,0.5701289176940918,0.8215247392654419,-0.004790374077856541,0.02858462557196617,-0.14712516963481903,-9.883753776550293,0.8063197135925293,0.039539601653814316,0.06668905913829803
1781548274344464,210056509,-0.005318120587617159,0.5701262950897217,0.8215265274047852,-0.00479012681171298,0.02903871238231659,-0.1346549093723297,-9.83271312713623,0.7280345559120178,0.027873018756508827,0.09168705344200134
1781548274374127,210073176,-0.005319053307175636,0.5701236128807068,0.8215283751487732,-0.004791198298335075,0.028641844168305397,-0.11054056882858276,-9.855887413024902,0.7451053261756897,0.03704236075282097,0.1155068501830101
1781548274375906,210089843,-0.0053212339989840984,0.5701166987419128,0.8215330839157104,-0.004805464297533035,0.02680734544992447,-0.13581721484661102,-9.840324401855469,0.8245560526847839,-0.007837486453354359,0.0836830884218216
1781548274404151,210106510,-0.005318429786711931,0.5701234936714172,0.8215282559394836,-0.004818410146981478,0.012284272350370884,-0.14609521627426147,-9.878704071044922,0.7976242899894714,-0.030952947214245796,0.13252650201320648
1781548274406138,210123177,-0.005318257492035627,0.5701297521591187,0.8215238451957703,-0.004833118990063667,0.012545335106551647,-0.12661918997764587,-9.859739303588867,0.8177815079689026,-0.022487951442599297,0.15913811326026917
1781548274434260,210139844,-0.005308985710144043,0.570129930973053,0.8215238451957703,-0.004829735495150089,0.026903808116912842,-0.13442248106002808,-9.884919166564941,0.6799467206001282,-0.003073523985221982,0.1299908459186554
1781548274436211,210156511,-0.005316169001162052,0.5701205730438232,0.8215302228927612,-0.004836869426071644,0.022708917036652565,-0.11764649301767349,-9.828601837158203,0.8037073016166687,0.04918278753757477,0.13746976852416992
1781548274464170,210173178,-0.005320772062987089,0.5701189637184143,0.8215312361717224,-0.004850028082728386,0.02360224723815918,-0.134468674659729,-9.85346794128418,0.8275527358055115,0.011608956381678581,0.20805837213993073
1781548274466365,210189845,-0.005324413068592548,0.5701146721839905,0.8215342164039612,-0.004859705455601215,0.0248403362929821,-0.15071210265159607,-9.841056823730469,0.804488480091095,0.018306676298379898,0.08682063966989517
1781548274494426,210206512,-0.005314848385751247,0.5701070427894592,0.821539580821991,-0.004856595303863287,0.0012445201864466071,-0.14178231358528137,-9.859435081481934,0.6803949475288391,-0.006108628585934639,0.0770622119307518
1781548274524172,210223179,-0.005308950785547495,0.5701093077659607,0.8215380311012268,-0.004856041166931391,0.01495212223380804,-0.10029115527868271,-9.882909774780273,0.7091836333274841,0.004872816149145365,0.13563844561576843
1781548274525918,210239846,-0.005300736054778099,0.5701099634170532,0.8215375542640686,-0.004860023036599159,0.01713360846042633,-0.10099209100008011,-9.864206314086914,0.7255885601043701,-0.025676731020212173,0.14975105226039886
1781548274554147,210256513,-0.005294914357364178,0.57010817527771,0.8215388059616089,-0.004881102591753006,0.01839051954448223,-0.14700649678707123,-9.845120429992676,0.831701934337616,-0.07960426807403564,0.10984645783901215
1781548274555680,210273180,-0.005296737886965275,0.5701138377189636,0.8215347528457642,-0.004896743688732386,0.011087192222476006,-0.16247093677520752,-9.8602294921875,0.8308567404747009,-0.014624850824475288,0.1780402809381485
1781548274584170,210289847,-0.00529463030397892,0.5701007843017578,0.8215438723564148,-0.004904326517134905,0.028888652101159096,-0.15335850417613983,-9.85878849029541,0.7700778245925903,-0.005967759061604738,0.04695448279380798
1781548274585900,210306514,-0.005297773517668247,0.5701011419296265,0.8215434551239014,-0.004898973274976015,0.03174956887960434,-0.11638408899307251,-9.842784881591797,0.7173668742179871,0.0751284509897232,0.15634630620479584
1781548274614185,210323181,-0.005291982088238001,0.5700998902320862,0.821544349193573,-0.004908598959445953,0.0469985157251358,-0.110501229763031,-9.856059074401855,0.7671451568603516,-0.034346628934144974,0.12831321358680725
1781548274616181,210339848,-0.005295414011925459,0.570099413394928,0.8215446472167969,-0.004905248526483774,0.02421092428267002,-0.13556328415870667,-9.838879585266113,0.7300195097923279,0.06834107637405396,0.11157532036304474
1781548274644443,210356515,-0.005294059403240681,0.570086658000946,0.8215534687042236,-0.00491368118673563,0.003837214084342122,-0.14122441411018372,-9.852782249450684,0.7777743935585022,-0.005007282365113497,0.05265330523252487
1781548274674194,210373182,-0.005290496628731489,0.5700790882110596,0.8215587139129639,-0.004913594573736191,0.023860374465584755,-0.129912868142128,-9.84521484375,0.7210806608200073,0.016065564006567,0.08142916858196259
1781548274676537,210389849,-0.005292864516377449,0.5700734257698059,0.8215628266334534,-0.004902195651084185,0.021514568477869034,-0.11820437014102936,-9.850062370300293,0.6803180575370789,0.09423551708459854,0.11185705661773682
1781548274704317,210406516,-0.005289467517286539,0.5700753927230835,0.8215614557266235,-0.0049003660678863525,0.017469773069024086,-0.12420883029699326,-9.85500431060791,0.7117321491241455,0.024274436756968498,0.15643596649169922
1781548274706601,210423183,-0.005289684981107712,0.5700774192810059,0.8215600848197937,-0.004904789850115776,0.030158156529068947,-0.1355239450931549,-9.862446784973145,0.7614335417747498,0.019203120842576027,0.07424481213092804
1781548274735207,210439850,-0.005277671851217747,0.570068359375,0.8215664625167847,-0.00490224314853549,0.03223957493901253,-0.14054495096206665,-9.842463493347168,0.6740045547485352,-0.02210376039147377,0.07062061131000519
1781548274736520,210456517,-0.005270916037261486,0.5700585842132568,0.8215732574462891,-0.004888862371444702,0.030640944838523865,-0.11311186105012894,-9.851903915405273,0.6334981322288513,0.04997678101062775,0.061937909573316574
1781548274764385,210473184,-0.0052697001956403255,0.5700594186782837,0.8215727210044861,-0.00487663084641099,0.023896217346191406,-0.12442698329687119,-9.86316204071045,0.6615440249443054,0.0772671177983284,0.14038962125778198
1781548274766974,210489851,-0.005251876078546047,0.5700545310974121,0.8215762376785278,-0.0048761144280433655,0.017280234023928642,-0.14074520766735077,-9.848392486572266,0.6629782915115356,-0.06358352303504944,0.0418703593313694
1781548274794504,210506518,-0.005253545008599758,0.570056676864624,0.8215748071670532,-0.004874149337410927,0.01609310880303383,-0.13893206417560577,-9.868998527526855,0.7307751774787903,0.053716231137514114,0.17483867704868317
1781548274824169,210523185,-0.005256711971014738,0.5700464844703674,0.8215817809104919,-0.004888095892965794,0.04056849703192711,-0.14144258201122284,-9.837298393249512,0.8267330527305603,-0.00113976513966918,0.05402357876300812
1781548274825979,210539852,-0.005250804126262665,0.5700563192367554,0.8215750455856323,-0.004884622525423765,0.023628002032637596,-0.1251744031906128,-9.873650550842285,0.6925610303878784,0.016731496900320053,0.19899146258831024
1781548274854217,210556519,-0.005249776411801577,0.5700523257255554,0.8215777277946472,-0.004883081652224064,0.03681691363453865,-0.13661468029022217,-9.847271919250488,0.7226047515869141,0.036696597933769226,0.141119584441185
1781548274856021,210573186,-0.005253438372164965,0.5700518488883972,0.8215780854225159,-0.004879381041973829,0.03186749294400215,-0.1275990754365921,-9.873656272888184,0.7290719747543335,0.07069745659828186,0.09011188894510269
1781548274884323,210589853,-0.005251646041870117,0.5700477957725525,0.8215807676315308,-0.00487469881772995,0.012895803898572922,-0.12253159284591675,-9.858437538146973,0.7020376324653625,0.0441114716231823,0.09691205620765686
1781548274886327,210606520,-0.005237841047346592,0.570052444934845,0.821577787399292,-0.004880733322352171,0.01454443484544754,-0.12424459308385849,-9.849042892456055,0.7155354619026184,-0.06606794893741608,0.11014099419116974
1781548274915263,210623187,-0.005240306723862886,0.5700602531433105,0.8215723633766174,-0.004874019883573055,0.012287848629057407,-0.12500275671482086,-9.847884178161621,0.7072113752365112,0.07656276971101761,0.17911601066589355
1781548274916021,210639854,-0.005230652634054422,0.5700555443763733,0.8215757608413696,-0.004870961885899305,0.02285911701619625,-0.141574889421463,-9.852386474609375,0.6804844737052917,-0.006915428675711155,0.07680607587099075
1781548274944451,210656521,-0.005225861445069313,0.5700557231903076,0.8215756416320801,-0.0048718382604420185,0.02631719596683979,-0.1331135779619217,-9.881070137023926,0.7216570377349854,0.005359457340091467,0.11431588977575302
1781548274974163,210673188,-0.005223945714533329,0.570050835609436,0.8215791583061218,-0.004874168895184994,0.033612772822380066,-0.148248091340065,-9.864856719970703,0.7412635087966919,0.0155789228156209,0.07122251391410828
1781548274976384,210689855,-0.005225042812526226,0.5700501203536987,0.82157963514328,-0.004873401019722223,0.021729035302996635,-0.12136217206716537,-9.86035442352295,0.7354878783226013,0.04509756341576576,0.11327855288982391
1781548275004138,210706522,-0.005229832138866186,0.5700473785400391,0.8215815424919128,-0.004874678328633308,0.021142536774277687,-0.1196741983294487,-9.84766960144043,0.7614591717720032,0.05814722925424576,0.12025801837444305
1781548275006140,210723189,-0.005232170224189758,0.5700628161430359,0.821570634841919,-0.004876144230365753,0.028556015342473984,-0.13588157296180725,-9.85336685180664,0.7530966401100159,0.04257470741868019,0.12404869496822357
1781548275034063,210739856,-0.0052249133586883545,0.570060670375824,0.8215722441673279,-0.004872963298112154,0.011665686964988708,-0.12707337737083435,-9.843671798706055,0.6891033053398132,0.007357248570770025,0.10446780174970627
1781548275035703,210756523,-0.0052275341004133224,0.5700588822364807,0.8215736150741577,-0.0048633418045938015,0.02556988224387169,-0.11667018383741379,-9.865436553955078,0.6915876865386963,0.08749938011169434,0.0508476123213768
1781548275064044,210773190,-0.005227755755186081,0.5700578093528748,0.821574330329895,-0.004857098683714867,0.019193371757864952,-0.13043858110904694,-9.879647254943848,0.7011027932167053,0.062014736235141754,0.13622751832008362
1781548275066949,210789857,-0.0052146692760288715,0.5700612664222717,0.8215720653533936,-0.004856857471168041,0.014050918631255627,-0.12940506637096405,-9.860654830932617,0.6828153729438782,-0.036805447190999985,0.14844480156898499
1781548275094279,210806524,-0.005205844528973103,0.5700633525848389,0.8215704560279846,-0.004858463536947966,0.024028535932302475,-0.1380523294210434,-9.857983589172363,0.7097727060317993,-0.01928636245429516,0.19340789318084717
1781548275124369,210823191,-0.005211077630519867,0.570071816444397,0.8215645551681519,-0.00484982505440712,0.009008466266095638,-0.13228748738765717,-9.857192993164062,0.707121729850769,0.09993433952331543,0.19440677762031555
1781548275126693,210839858,-0.005213329568505287,0.5700840950012207,0.8215562701225281,-0.004833540413528681,0.03213954716920853,-0.1309177726507187,-9.843497276306152,0.6523234248161316,0.11284314095973969,0.19085942208766937
1781548275154307,210856525,-0.005214162170886993,0.570091962814331,0.8215509057044983,-0.004822360817342997,0.022862693294882774,-0.13197635114192963,-9.855727195739746,0.6755285263061523,0.08502776175737381,0.1934463083744049
1781548275155796,210873192,-0.005218705162405968,0.5700958967208862,0.8215481638908386,-0.004826318006962538,0.021753914654254913,-0.1411028355360031,-9.866275787353516,0.7757510542869568,0.04621170833706856,0.14461570978164673
1781548275184818,210889859,-0.0052219899371266365,0.5701128244400024,0.8215363025665283,-0.004819274414330721,0.024614810943603516,-0.12115475535392761,-9.887296676635742,0.7085689306259155,0.08265858888626099,0.22611531615257263
1781548275186644,210906526,-0.00522634806111455,0.5701176524162292,0.8215329647064209,-0.00481407018378377,0.03514339029788971,-0.14196112751960754,-9.852347373962402,0.7230913043022156,0.08148039877414703,0.17618335783481598
1781548275214276,210923193,-0.005233345553278923,0.5701202750205994,0.8215311169624329,-0.004812891595065594,0.01967986859381199,-0.13449758291244507,-9.848016738891602,0.7562341094017029,0.0804174616932869,0.15185128152370453
1781548275216403,210939860,-0.0052291154861450195,0.5701250433921814,0.8215278387069702,-0.0048136599361896515,0.023853464052081108,-0.1434345245361328,-9.852462768554688,0.7231553196907043,0.009342232719063759,0.16303123533725739
1781548275244414,210956527,-0.005214089062064886,0.5700987577438354,0.8215462565422058,-0.004804285243153572,0.02024504728615284,-0.13511984050273895,-9.879541397094727,0.6718659996986389,0.07804829627275467,0.14597317576408386
1781548275274180,210973194,-0.00521409185603261,0.5701069831848145,0.8215405344963074,-0.004807909019291401,0.026120785623788834,-0.13634291291236877,-9.844308853149414,0.7560805082321167,0.021969294175505638,0.16186586022377014
1781548275275992,210989861,-0.00522073358297348,0.5701094269752502,0.8215388059616089,-0.0047982968389987946,0.02274467796087265,-0.13967235386371613,-9.860991477966309,0.7072113752365112,0.1115369126200676,0.1493668407201767
1781548275304172,211006528,-0.005213323514908552,0.5701059699058533,0.8215412497520447,-0.004783093463629484,0.028012432157993317,-0.1457197219133377,-9.857458114624023,0.6206533908843994,0.05374184995889664,0.09810303896665573
1781548275306063,211023195,-0.005201401188969612,0.5701178908348083,0.8215331435203552,-0.004784776829183102,0.013028123416006565,-0.1470894068479538,-9.871459007263184,0.6982726454734802,-0.03749699145555496,0.19728823006153107
1781548275334081,211039862,-0.00519849406555295,0.5701156854629517,0.8215346932411194,-0.004785679746419191,0.03817243501543999,-0.13337822258472443,-9.842916488647461,0.7292895317077637,0.015924694016575813,0.09481179714202881
1781548275337325,211056529,-0.005190244410187006,0.5701259970664978,0.8215275406837463,-0.0047891512513160706,0.020913509652018547,-0.1160622090101242,-9.869257926940918,0.7228736281394958,-0.024293644353747368,0.15107010304927826
1781548275364691,211073196,-0.005193682387471199,0.5701229572296143,0.8215296268463135,-0.004783501848578453,0.008668726310133934,-0.12794239819049835,-9.834026336669922,0.7171618938446045,0.07752323150634766,0.09696326404809952
1781548275366192,211089863,-0.005191940814256668,0.5701245665550232,0.8215284943580627,-0.004787261597812176,0.02282693050801754,-0.13169384002685547,-9.853853225708008,0.7499205470085144,0.011993146501481533,0.16050837934017181
1781548275394996,211106530,-0.005194156896322966,0.5701221227645874,0.8215302228927612,-0.00479099340736866,0.03601944074034691,-0.14521902799606323,-9.867083549499512,0.7653266787528992,0.03405848518013954,0.11450797319412231
1781548275424964,211123197,-0.005187266506254673,0.5701202154159546,0.8215315937995911,-0.004791879560798407,0.03406684473156929,-0.1422257423400879,-9.870713233947754,0.7134993672370911,-0.006377562414854765,0.10772061347961426
1781548275426663,211139864,-0.0051779309287667274,0.5701411962509155,0.8215171694755554,-0.004787102807313204,0.021328499540686607,-0.11272205412387848,-9.864367485046387,0.672173261642456,0.0013510696589946747,0.15205618739128113
1781548275454259,211156531,-0.0051658181473612785,0.5701414346694946,0.8215171694755554,-0.0047744642943143845,0.02157883532345295,-0.140444815158844,-9.864456176757812,0.6166321039199829,0.017397426068782806,0.13373030722141266
1781548275456134,211173198,-0.005166413262486458,0.5701525807380676,0.8215094208717346,-0.004769088234752417,0.023470647633075714,-0.1381131261587143,-9.857046127319336,0.7073266506195068,0.061092689633369446,0.20672647655010223
1781548275484312,211189865,-0.005173747893422842,0.5701509118080139,0.8215103149414062,-0.004788199905306101,0.012719212099909782,-0.1507192701101303,-9.846658706665039,0.8723365068435669,0.0023243522737175226,0.09651505202054977
1781548275486407,211206532,-0.005176234524697065,0.5701445937156677,0.8215148448944092,-0.004784681368619204,0.020066099241375923,-0.13604965806007385,-9.872806549072266,0.7255885601043701,0.06333379447460175,0.0512574128806591
1781548275514323,211223199,-0.0051962449215352535,0.570142924785614,0.8215159177780151,-0.004779987968504429,0.0244898684322834,-0.1291547268629074,-9.861992835998535,0.787507176399231,0.16738539934158325,0.1000111773610115
1781548275516694,211239866,-0.005196144804358482,0.5701466202735901,0.8215133547782898,-0.004776693414896727,0.03148850426077843,-0.13264510035514832,-9.861652374267578,0.7163295149803162,0.049105945974588394,0.17839884757995605
1781548275544461,211256533,-0.005197128746658564,0.5701468586921692,0.8215131759643555,-0.004778678994625807,0.0301510039716959,-0.1315150260925293,-9.86114501953125,0.7505993843078613,0.03394323214888573,0.130106121301651
1781548275574302,211273200,-0.005200063809752464,0.570144534111023,0.8215147852897644,-0.004775230772793293,0.023366939276456833,-0.112725630402565,-9.859947204589844,0.7276120185852051,0.0661512017250061,0.10381468385457993
1781548275576173,211289867,-0.005200501531362534,0.5701543092727661,0.8215080499649048,-0.004776870831847191,0.021045979112386703,-0.12719139456748962,-9.854954719543457,0.7465397119522095,0.03254733607172966,0.19288282096385956
1781548275604163,211306534,-0.005200227722525597,0.5701566934585571,0.8215062022209167,-0.004772834945470095,0.026063542813062668,-0.13107514381408691,-9.853317260742188,0.7115784287452698,0.050617098808288574,0.1464342176914215
1781548275607021,211323201,-0.005198474042117596,0.5701600909233093,0.8215039372444153,-0.004773612134158611,0.045890070497989655,-0.1348373293876648,-9.841983795166016,0.7330034375190735,0.023749375715851784,0.17851410806179047
1781548275634195,211339868,-0.005196528509259224,0.5701573491096497,0.8215058445930481,-0.0047655352391302586,0.028051672503352165,-0.13642515242099762,-9.867179870605469,0.682290256023407,0.056674495339393616,0.10369940847158432
1781548275636653,211356535,-0.005189338233321905,0.5701521039009094,0.821509599685669,-0.004754333291202784,0.026703540235757828,-0.12082573771476746,-9.863777160644531,0.6440377235412598,0.03960363566875458,0.11502023041248322
1781548275664725,211373202,-0.0051788329146802425,0.5701571106910706,0.8215062022209167,-0.004742549266666174,0.02564140595495701,-0.1303420215845108,-9.84119701385498,0.6277993321418762,0.023301156237721443,0.16472168266773224
1781548275666634,211389869,-0.005166078917682171,0.5701521635055542,0.8215097784996033,-0.004750923719257116,0.03602682799100876,-0.1395615190267563,-9.870386123657227,0.7327728867530823,-0.06859081238508224,0.11427745968103409
1781548275694417,211406536,-0.00516830338165164,0.570152223110199,0.8215097188949585,-0.004753011744469404,0.01908264122903347,-0.1250849962234497,-9.859864234924316,0.7560420632362366,0.04046166315674782,0.12077028304338455
1781548275724656,211423203,-0.005162548273801804,0.5701509118080139,0.8215106725692749,-0.0047571295872330666,0.024421919137239456,-0.1349910944700241,-9.853058815002441,0.7362434267997742,-0.012242869473993778,0.13827654719352722
1781548275726559,211439870,-0.005149169825017452,0.5701501965522766,0.8215112090110779,-0.004754351917654276,0.03183897212147713,-0.12027500569820404,-9.870028495788574,0.6673580408096313,-0.0284557081758976,0.12924808263778687
1781548275754270,211456537,-0.005139496643096209,0.5701497197151184,0.8215115666389465,-0.004759365692734718,0.03242177516222,-0.1412351429462433,-9.864788055419922,0.7260110974311829,-0.038162920624017715,0.12107764184474945
1781548275756572,211473204,-0.005136666353791952,0.5701631903648376,0.8215023279190063,-0.004751596599817276,0.029024498537182808,-0.12670859694480896,-9.842913627624512,0.6803309321403503,0.051564767956733704,0.244454026222229
1781548275784839,211489871,-0.005131321959197521,0.5701596736907959,0.8215048313140869,-0.004752372857183218,0.045546576380729675,-0.13477294147014618,-9.850577354431152,0.718954861164093,0.0029774759896099567,0.11760710924863815
1781548275786730,211506538,-0.005132591351866722,0.57016521692276,0.8215009570121765,-0.0047514960169792175,0.013231799006462097,-0.12835007905960083,-9.862359046936035,0.7355135083198547,0.04701851308345795,0.1649778038263321
1781548275814777,211523205,-0.00512654148042202,0.5701648592948914,0.8215011954307556,-0.004753811750560999,0.023266805335879326,-0.14104203879833221,-9.853473663330078,0.7248714566230774,-0.007043491583317518,0.12922248244285583
1781548275816335,211539872,-0.005122905131429434,0.5701622366905212,0.8215030431747437,-0.004751640371978283,0.02276613563299179,-0.13560977578163147,-9.855598449707031,0.7090427875518799,0.024056727066636086,0.1137780100107193
1781548275844371,211556539,-0.0051215635612607,0.5701605081558228,0.8215042352676392,-0.004748177714645863,0.02756183035671711,-0.12649403512477875,-9.859907150268555,0.7105282545089722,0.04295890033245087,0.1781427264213562
1781548275874730,211573206,-0.005111013073474169,0.5701612234115601,0.8215038776397705,-0.004752178210765123,0.03657744824886322,-0.1257859319448471,-9.859317779541016,0.716880202293396,-0.03968686982989311,0.09560579061508179
1781548275876003,211589873,-0.005109683610498905,0.5701571106910706,0.8215067982673645,-0.004744846373796463,0.01922202669084072,-0.13923245668411255,-9.845122337341309,0.6889111399650574,0.057173945009708405,0.09253226965665817
1781548275905259,211606540,-0.005107229575514793,0.5701603293418884,0.821504533290863,-0.004745864775031805,0.023402700200676918,-0.13663972914218903,-9.872591972351074,0.731709897518158,0.018396319821476936,0.14811182022094727
1781548275905796,211623207,-0.005114496685564518,0.5701518654823303,0.8215103149414062,-0.004742322955280542,0.02509782277047634,-0.13046003878116608,-9.854364395141602,0.7440681457519531,0.09061132371425629,0.05652082338929176
1781548275934230,211639874,-0.005111082922667265,0.570152223110199,0.8215100169181824,-0.004747326951473951,0.025505511090159416,-0.11631256341934204,-9.877531051635742,0.7505353093147278,-0.0030351043678820133,0.1123436987400055
1781548275936398,211656541,-0.005101307760924101,0.5701581835746765,0.8215060830116272,-0.004746750928461552,0.022801730781793594,-0.1334354281425476,-9.859505653381348,0.6938544511795044,-0.01649457775056362,0.17622175812721252
1781548275964351,211673208,-0.005095161963254213,0.5701683759689331,0.8214991092681885,-0.0047482680529356,0.026896655559539795,-0.13908585906028748,-9.868557929992676,0.7201074361801147,-0.004904831759631634,0.14044083654880524
1781548275966554,211689875,-0.005099642556160688,0.5701731443405151,0.821495771408081,-0.004752563778311014,0.022336991503834724,-0.12502777576446533,-9.8592529296875,0.7774029970169067,0.04489265754818916,0.1685379594564438
1781548275994433,211706542,-0.005086051765829325,0.5701774954795837,0.8214927315711975,-0.00475424574688077,0.03226795047521591,-0.1279924213886261,-9.84775447845459,0.691754162311554,-0.04680720716714859,0.17553021013736725
1781548276024213,211723209,-0.005078745074570179,0.5701633095741272,0.8215025663375854,-0.0047657545655965805,0.035336535423994064,-0.1429588943719864,-9.85457992553711,0.772037148475647,-0.050930846482515335,0.02853894792497158
1781548276026524,211739876,-0.0050833760760724545,0.5701624751091003,0.8215030431747437,-0.0047808680683374405,0.02474069781601429,-0.1260111778974533,-9.842999458312988,0.8390143513679504,0.003092733444646001,0.12422800064086914
1781548276054310,211756543,-0.005073422100394964,0.5701646208763123,0.8215013742446899,-0.004796139895915985,0.031002141535282135,-0.13711893558502197,-9.872262954711914,0.7828201055526733,-0.07989881187677383,0.13995419442653656
1781548276056957,211773210,-0.005078887101262808,0.570162832736969,0.8215025663375854,-0.0047935983166098595,0.02643907070159912,-0.14002639055252075,-9.856742858886719,0.7425185441970825,0.07757445424795151,0.1648753434419632
1781548276084387,211789877,-0.0050762672908604145,0.5701630115509033,0.8215024471282959,-0.00478958897292614,0.02762608975172043,-0.1404591053724289,-9.864784240722656,0.7026395797729492,0.03686307370662689,0.11525074392557144
1781548276086542,211806544,-0.005068548955023289,0.5701608657836914,0.8215041756629944,-0.004785976372659206,0.02574503794312477,-0.1444501429796219,-9.850933074951172,0.6849924325942993,0.006243095733225346,0.08262016624212265
1781548276114311,211823211,-0.00507053267210722,0.5701509714126587,0.8215110301971436,-0.004789043217897415,0.030133018270134926,-0.14094188809394836,-9.856809616088867,0.7605498433113098,0.0355440229177475,0.10045940428972244
1781548276116509,211839878,-0.005065100733190775,0.5701431035995483,0.8215165138244629,-0.004792755004018545,0.03649161756038666,-0.13874253630638123,-9.85460376739502,0.7351933121681213,-0.009246183559298515,0.08235122263431549
1781548276144322,211856545,-0.005060330033302307,0.5701522827148438,0.8215101957321167,-0.004789533093571663,0.043061111122369766,-0.12197012454271317,-9.84918212890625,0.6986184120178223,0.021533876657485962,0.14872653782367706
1781548276174816,211873212,-0.005055658053606749,0.5701508522033691,0.8215110898017883,-0.004787120036780834,0.02583799511194229,-0.12341132014989853,-9.861618995666504,0.7035872340202332,0.01895979978144169,0.10669609904289246
1781548276175543,211889879,-0.005050804000347853,0.5701509118080139,0.8215111494064331,-0.004780489485710859,0.02028067223727703,-0.1294444054365158,-9.862003326416016,0.6791271567344666,0.03450670465826988,0.11340662091970444
1781548276204121,211906546,-0.00504766870290041,0.5701481103897095,0.8215131759643555,-0.004785299301147461,0.011225837282836437,-0.12998440861701965,-9.854680061340332,0.7503944635391235,-0.00032015875331126153,0.11913108080625534
1781548276207381,211923213,-0.005044756457209587,0.5701512098312378,0.8215110301971436,-0.004781605675816536,0.025280054658651352,-0.13640369474887848,-9.848061561584473,0.7032158374786377,0.03445548191666603,0.1592661589384079
1781548276234330,211939880,-0.005044159013777971,0.5701482892036438,0.8215131163597107,-0.004774612840265036,0.0244970191270113,-0.1388748586177826,-9.857818603515625,0.6937775611877441,0.06006817892193794,0.10769499838352203
1781548276236370,211956547,-0.005057517439126968,0.5701611042022705,0.8215041160583496,-0.004774576518684626,0.01597115956246853,-0.12881141901016235,-9.868907928466797,0.7878274321556091,0.11154970526695251,0.1670140027999878
1781548276264802,211973214,-0.005062721204012632,0.5701632499694824,0.8215026259422302,-0.004773085471242666,0.038419194519519806,-0.1334068328142166,-9.847297668457031,0.7475898265838623,0.07099200040102005,0.1026621088385582
1781548276265968,211989881,-0.005068797618150711,0.570162832736969,0.8215029239654541,-0.004775162320584059,0.03045140579342842,-0.1344117522239685,-9.865264892578125,0.7711151838302612,0.06224526837468147,0.11504585295915604
1781548276294515,212006548,-0.005064995028078556,0.570164680480957,0.8215016722679138,-0.004766576457768679,0.03270799294114113,-0.13816677033901215,-9.873747825622559,0.6720836162567139,0.04837598279118538,0.13700871169567108
1781548276324344,212023215,-0.005056085996329784,0.5701609253883362,0.8215041756629944,-0.004769487772136927,0.020949508994817734,-0.1292620152235031,-9.86125659942627,0.7170467972755432,-0.025868825614452362,0.08874159306287766
1781548276329146,212039882,-0.005050071980804205,0.5701537132263184,0.8215094208717346,-0.0047723352909088135,0.036001745611429214,-0.13577787578105927,-9.880879402160645,0.7280985713005066,-0.009438279084861279,0.06525474786758423
1781548276354384,212056549,-0.005053036846220493,0.570166826248169,0.8215002417564392,-0.004777532070875168,0.029392847791314125,-0.13589230179786682,-9.857507705688477,0.7765578627586365,0.03218876197934151,0.1590612530708313
1781548276356494,212073216,-0.005051313899457455,0.5701652765274048,0.8215013146400452,-0.004775294102728367,0.025505511090159416,-0.1315901279449463,-9.853187561035156,0.7161502242088318,0.03471161052584648,0.0867438018321991
1781548276384335,212089883,-0.005061458330601454,0.5701698064804077,0.8214981555938721,-0.004770300816744566,0.015148813836276531,-0.12327544391155243,-9.878593444824219,0.7470135688781738,0.113265760242939,0.1634538471698761
1781548276386038,212106550,-0.005063381511718035,0.5701648592948914,0.8215015530586243,-0.0047726817429065704,0.027930179610848427,-0.13147926330566406,-9.853784561157227,0.7565799355506897,0.037388138473033905,0.08537352830171585
1781548276414262,212123217,-0.005060194525867701,0.5701677203178406,0.8214995861053467,-0.004779817536473274,0.016872381791472435,-0.11471041291952133,-9.853994369506836,0.7633032202720642,-0.00964318122714758,0.15593650937080383
1781548276416141,212139884,-0.00505823316052556,0.5701702833175659,0.8214976191520691,-0.004785784985870123,0.0229807086288929,-0.13406842947006226,-9.832871437072754,0.7614975571632385,0.0019017431186512113,0.15506570041179657
1781548276444346,212156551,-0.00505590345710516,0.5701732635498047,0.8214955925941467,-0.004786869511008263,0.036892153322696686,-0.14835895597934723,-9.8690767288208,0.7326192259788513,0.01842193305492401,0.11499461531639099
1781548276474122,212173218,-0.005052163731306791,0.5701675415039062,0.8214995265007019,-0.00479021854698658,0.029360661283135414,-0.13003447651863098,-9.844544410705566,0.7398548126220703,0.001530358800664544,0.08023818582296371
1781548276476012,212189885,-0.0050507402047514915,0.5701704025268555,0.8214975595474243,-0.004790164530277252,0.02477596327662468,-0.13031341135501862,-9.848313331604004,0.7296609878540039,0.028308436274528503,0.1406073272228241
1781548276504340,212206552,-0.005056119058281183,0.5701629519462585,0.821502685546875,-0.004785853438079357,0.02516934648156166,-0.13380737602710724,-9.861656188964844,0.732337474822998,0.08300435543060303,0.06503703445196152
1781548276506045,212223219,-0.005053556524217129,0.570163905620575,0.8215022087097168,-0.004783488344401121,0.016221676021814346,-0.13271662592887878,-9.865579605102539,0.7120650410652161,0.031074605882167816,0.13731609284877777
1781548276534071,212239886,-0.0050577325746417046,0.5701693296432495,0.8214983940124512,-0.004790608771145344,0.02827349491417408,-0.14681760966777802,-9.85498332977295,0.7921816110610962,0.031522829085588455,0.12412553280591965
1781548276536087,212256553,-0.005067531485110521,0.5701670050621033,0.8214999437332153,-0.004790937528014183,0.01806711032986641,-0.14029461145401,-9.853374481201172,0.7758791446685791,0.08998382091522217,0.10312312841415405
1781548276564396,212273220,-0.00507031986489892,0.5701667666435242,0.8215001225471497,-0.004788733087480068,0.030104512348771095,-0.12351862341165543,-9.87998104095459,0.7339895367622375,0.06082376092672348,0.14721541106700897
1781548276566818,212289887,-0.005084679927676916,0.5701724290847778,0.8214961886405945,-0.0047821407206356525,0.027644082903862,-0.1198422834277153,-9.858155250549316,0.7545052766799927,0.14333505928516388,0.1593686193227768
1781548276594517,212306554,-0.005084410775452852,0.5701796412467957,0.821491003036499,-0.004777152091264725,0.03844065219163895,-0.12975552678108215,-9.875020980834961,0.7061869502067566,0.05454863980412483,0.1861979067325592
1781548276624358,212323221,-0.005088188219815493,0.5702020525932312,0.8214753270149231,-0.004772575106471777,0.02380681224167347,-0.12784583866596222,-9.853219985961914,0.7242183089256287,0.0767548605799675,0.3196529150009155
1781548276626717,212339888,-0.005086611490696669,0.5701979398727417,0.8214784264564514,-0.004776869900524616,0.02614908665418625,-0.13436166942119598,-9.843688011169434,0.7535320520401001,0.01072531845420599,0.13603544235229492
1781548276654126,212356555,-0.005086474120616913,0.5701977014541626,0.821478545665741,-0.004784067627042532,0.0267355777323246,-0.130781888961792,-9.852346420288086,0.7756230235099792,0.007434086408466101,0.13860954344272614
1781548276656041,212373222,-0.005095851607620716,0.5702090859413147,0.8214704394340515,-0.004787050187587738,0.02870643138885498,-0.12850742042064667,-9.859450340270996,0.7889799475669861,0.07768971472978592,0.19695524871349335
1781548276684306,212389889,-0.00508459098637104,0.5702202320098877,0.821462869644165,-0.004782488569617271,0.029535895213484764,-0.12389054894447327,-9.864584922790527,0.6656931638717651,-0.00974563229829073,0.16278788447380066
1781548276685737,212406556,-0.005084400065243244,0.5702241659164429,0.8214601874351501,-0.004776299931108952,0.023080842569470406,-0.14178946614265442,-9.83543872833252,0.6998862624168396,0.0595175102353096,0.15807518362998962
1781548276714151,212423223,-0.005081149749457836,0.570232629776001,0.8214544057846069,-0.004769877530634403,0.039638880640268326,-0.13028837740421295,-9.839363098144531,0.6864138841629028,0.04358641058206558,0.2090444266796112
1781548276717063,212439890,-0.0050761522725224495,0.5702422857284546,0.8214477300643921,-0.004768148995935917,0.029886364936828613,-0.12110468000173569,-9.84119987487793,0.7061100602149963,0.014695285819470882,0.16889652609825134
1781548276744480,212456557,-0.005076875444501638,0.570242702960968,0.8214474320411682,-0.00476910499855876,0.024464834481477737,-0.1346084475517273,-9.845932006835938,0.7437863945960999,0.036286789923906326,0.11814497411251068
1781548276774221,212473224,-0.005077554378658533,0.5702406167984009,0.821448802947998,-0.004768999293446541,0.022118842229247093,-0.1314220428466797,-9.87686538696289,0.7376521825790405,0.040295179933309555,0.11172899603843689
1781548276777062,212489891,-0.005073218606412411,0.5702424049377441,0.8214476704597473,-0.004765102174133062,0.035386569797992706,-0.12813550233840942,-9.867582321166992,0.6965565085411072,0.026656415313482285,0.12024522572755814
1781548276804408,212506558,-0.005069419741630554,0.5702431797981262,0.8214472532272339,-0.004759864881634712,0.0259525366127491,-0.13587084412574768,-9.87960147857666,0.6910753846168518,0.03518544137477875,0.12863336503505707
1781548276806805,212523225,-0.0050697121769189835,0.570246696472168,0.8214447498321533,-0.004756211303174496,0.01705135591328144,-0.12354723364114761,-9.843363761901855,0.7159709334373474,0.052269112318754196,0.153362438082695
1781548276834617,212539892,-0.00506849680095911,0.5702506303787231,0.8214419484138489,-0.004770180676132441,0.02522283047437668,-0.12867550551891327,-9.86043930053711,0.8096494674682617,-0.02540779672563076,0.14473095536231995
1781548276836132,212556559,-0.005075714085251093,0.5702478885650635,0.8214437365531921,-0.004767797887325287,0.027408156543970108,-0.12340417504310608,-9.876158714294434,0.7504328489303589,0.08597543090581894,0.09934525936841965
1781548276864699,212573226,-0.005067620892077684,0.5702471733093262,0.8214442133903503,-0.004766486119478941,0.020663326606154442,-0.1334354430437088,-9.849114418029785,0.6961979866027832,-0.0036113904789090157,0.188336580991745
1781548276866479,212589893,-0.005048829596489668,0.5702533721923828,0.8214401006698608,-0.004773606080561876,0.027511898428201675,-0.13832056522369385,-9.850180625915527,0.7020889520645142,-0.09807103127241135,0.14343751966953278
1781548276894840,212606560,-0.005037433933466673,0.5702458024024963,0.8214454650878906,-0.004772842861711979,0.02722208946943283,-0.12954452633857727,-9.862171173095703,0.6866573095321655,-0.025779182091355324,0.05856984108686447
1781548276924667,212623227,-0.0050307163037359715,0.5702400803565979,0.8214495182037354,-0.0047691818326711655,0.022683938965201378,-0.150518998503685,-9.863913536071777,0.6886422634124756,0.011967534199357033,0.05929980427026749
1781548276926344,212639894,-0.005031749606132507,0.5702447891235352,0.8214462995529175,-0.004768173675984144,0.032271843403577805,-0.1290331333875656,-9.832063674926758,0.7339382767677307,0.04601961746811867,0.14747151732444763
1781548276954649,212656561,-0.005038016941398382,0.5702422261238098,0.821448028087616,-0.004771518521010876,0.01905045658349991,-0.12514221668243408,-9.834151268005371,0.7790294289588928,0.05826249346137047,0.1095006987452507
1781548276956455,212673228,-0.0050338213331997395,0.5702400207519531,0.8214495182037354,-0.0047796121798455715,0.03821535035967827,-0.14220429956912994,-9.85127067565918,0.7649424076080322,-0.01969616487622261,0.09569544345140457
1781548276984172,212689895,-0.005043314304202795,0.5702442526817322,0.8214464783668518,-0.004777706228196621,0.03399529308080673,-0.13680066168308258,-9.840726852416992,0.7620483040809631,0.09692487120628357,0.12872302532196045
1781548276986512,212706562,-0.005024253390729427,0.5702498555183411,0.8214426040649414,-0.004789403174072504,0.018735749647021294,-0.13600316643714905,-9.84216594696045,0.7268691658973694,-0.11754947900772095,0.14074817299842834
1781548277014945,212723229,-0.00502166710793972,0.5702437162399292,0.8214470148086548,-0.004782108124345541,0.03145996108651161,-0.12381544709205627,-9.870450973510742,0.6842625141143799,0.04966943338513374,0.06932717561721802
1781548277016005,212739896,-0.005018302239477634,0.5702369809150696,0.821451723575592,-0.004785388242453337,0.024464834481477737,-0.12190217524766922,-9.851356506347656,0.740815281867981,0.003989177756011486,0.0821591317653656
1781548277044937,212756563,-0.005027793347835541,0.5702278017997742,0.8214579224586487,-0.00478549487888813,0.02153591997921467,-0.12121196836233139,-9.868175506591797,0.7735354900360107,0.08865195512771606,0.03755461424589157
1781548277074673,212773230,-0.0050255111418664455,0.5702164173126221,0.8214659094810486,-0.004786974750459194,0.027890775352716446,-0.12940147519111633,-9.857460021972656,0.7349755764007568,0.01725655421614647,0.06521633267402649
1781548277076118,212789897,-0.00501466216519475,0.5702299475669861,0.8214565515518188,-0.0047913515008986,0.024875905364751816,-0.13084624707698822,-9.870878219604492,0.7177382111549377,-0.04218411073088646,0.19432996213436127
1781548277104494,212806564,-0.005009505432099104,0.5702239274978638,0.8214607834815979,-0.004798782989382744,0.03765746206045151,-0.1313648223876953,-9.85801887512207,0.7572842836380005,-0.022321466356515884,0.09290365874767303
1781548277106164,212823231,-0.005009734537452459,0.5702376365661621,0.8214511275291443,-0.004807674791663885,0.02998649887740612,-0.11869074404239655,-9.870868682861328,0.7865980267524719,0.0030287017580121756,0.2220044732093811
1781548277134449,212839898,-0.005012796260416508,0.5702469944953918,0.8214445114135742,-0.004813514184206724,0.03756476193666458,-0.12403359264135361,-9.85732650756836,0.7801820039749146,0.03174053132534027,0.2595142722129822
1781548277136216,212856565,-0.005015132948756218,0.5702522993087769,0.8214408755302429,-0.004809105768799782,0.01809203252196312,-0.13091064989566803,-9.864041328430176,0.7197872400283813,0.06679151207208633,0.16593825817108154
1781548277164195,212873232,-0.005011655390262604,0.570250391960144,0.821442186832428,-0.004807528108358383,0.02540193498134613,-0.13025978207588196,-9.847895622253418,0.7128847241401672,0.022916963323950768,0.13777713477611542
1781548277166648,212889899,-0.005011732690036297,0.5702475309371948,0.821444034576416,-0.0048188986256718636,0.024944046512246132,-0.13103222846984863,-9.8632230758667,0.8001599907875061,-0.008183257654309273,0.10779745876789093
1781548277194840,212906566,-0.005001840181648731,0.5702438950538635,0.8214467763900757,-0.004826035350561142,0.023130808025598526,-0.12853603065013885,-9.856534004211426,0.7370629906654358,-0.04794697463512421,0.09972944855690002
1781548277225093,212923233,-0.004998491611331701,0.5702399611473083,0.8214495182037354,-0.004830556455999613,0.02032725140452385,-0.12956242263317108,-9.8631591796875,0.7480124235153198,-0.0008452191250398755,0.0863468125462532
1781548277226504,212939900,-0.0050071715377271175,0.5702342391014099,0.821453332901001,-0.004828202072530985,0.02426449954509735,-0.13091778755187988,-9.837444305419922,0.7564134001731873,0.09390255808830261,0.06275751441717148
1781548277254207,212956567,-0.0051174345426261425,0.5701797604560852,0.821490466594696,-0.004830050747841597,0.02069193497300148,-0.12640462815761566,-9.86552906036377,0.7024602293968201,-0.02561269700527191,0.09560579806566238
1781548277256176,212973234,-0.005123132839798927,0.5701754093170166,0.8214934468269348,-0.00482682092115283,0.001130170770920813,-0.11969565600156784,-9.856789588928223,0.7391889095306396,0.0799180269241333,0.08692310005426407
1781548277286259,212989901,-0.005121361464262009,0.5701690316200256,0.8214979767799377,-0.004819979425519705,0.018056191504001617,-0.14087393879890442,-9.845229148864746,0.689525842666626,0.051961760967969894,0.08288910239934921
1781548277286706,213006568,-0.005120120942592621,0.5701628923416138,0.8215022087097168,-0.004826667718589306,0.03011881746351719,-0.13236616551876068,-9.855472564697266,0.7680800557136536,0.0016328096389770508,0.06384605169296265
1781548277315940,213023235,-0.005107493605464697,0.5701581239700317,0.8215054869651794,-0.004834016785025597,0.03464629501104355,-0.13243411481380463,-9.850462913513184,0.727074146270752,-0.06500502675771713,0.0852198526263237
1781548277317212,213039902,-0.005117526277899742,0.5701638460159302,0.8215015530586243,-0.00482877716422081,0.02697533182799816,-0.13931114971637726,-9.86932373046875,0.7447083592414856,0.11286875605583191,0.17746396362781525
1781548277344467,213056569,-0.005120133049786091,0.570166826248169,0.8214994668960571,-0.004831031430512667,0.039384592324495316,-0.13490526378154755,-9.872981071472168,0.7578989267349243,0.0416654571890831,0.170177161693573
1781548277374363,213073236,-0.0051268404349684715,0.5701642036437988,0.8215011954307556,-0.004836055915802717,0.018911097198724747,-0.12885789573192596,-9.876837730407715,0.7896971702575684,0.0533960722386837,0.10414762794971466
1781548277377963,213089903,-0.005129110533744097,0.5701719522476196,0.8214958310127258,-0.004827616270631552,0.028127063065767288,-0.13382524251937866,-9.864810943603516,0.6961467862129211,0.08181335777044296,0.19831272959709167
1781548277404422,213106570,-0.005128314718604088,0.5701680183410645,0.8214985728263855,-0.004822078626602888,0.03233606740832329,-0.12841445207595825,-9.85342025756836,0.7005265951156616,0.05264050513505936,0.11372680217027664
1781548277405893,213123237,-0.005122952163219452,0.570175290107727,0.8214934468269348,-0.004823395051062107,0.036688145250082016,-0.1265154629945755,-9.860703468322754,0.7214393019676208,-5.1225397328380495e-05,0.16595108807086945
1781548277434226,213139904,-0.005132162012159824,0.5701720714569092,0.8214958906173706,-0.004822906106710434,0.03194279968738556,-0.1370760202407837,-9.851572036743164,0.7683873772621155,0.08931788802146912,0.11067888885736465
1781548277436548,213156571,-0.005132860504090786,0.5701725482940674,0.821495532989502,-0.00482925632968545,0.022637391462922096,-0.15235000848770142,-9.86218547821045,0.773766040802002,0.014490383677184582,0.1362019181251526
1781548277466819,213173238,-0.005132278427481651,0.5701735615730286,0.8214947581291199,-0.0048170676454901695,0.029224766418337822,-0.12793882191181183,-9.8427734375,0.6638748049736023,0.08017415553331375,0.15443818271160126
1781548277467289,213189905,-0.005118177738040686,0.5701650977134705,0.8215007781982422,-0.0048079583793878555,0.03395966440439224,-0.12953022122383118,-9.868025779724121,0.6284396052360535,-0.009182152338325977,0.045007914304733276
1781548277494405,213206572,-0.0051095327362418175,0.5701704025268555,0.8214970231056213,-0.004809918813407421,0.02743666246533394,-0.13184402883052826,-9.873676300048828,0.712103545665741,-0.02064383588731289,0.18368786573410034
1781548277524225,213223239,-0.005111550446599722,0.5701661705970764,0.8215000033378601,-0.004816682077944279,0.02392125129699707,-0.14004069566726685,-9.838750839233398,0.7811169028282166,0.020304467529058456,0.11057642102241516
1781548277526591,213239906,-0.005116096697747707,0.5701611638069153,0.8215034008026123,-0.004813212901353836,0.02253725752234459,-0.13290974497795105,-9.85042667388916,0.7332211136817932,0.07456497102975845,0.09707852452993393
1781548277554719,213256573,-0.005115436390042305,0.5701610445976257,0.8215036392211914,-0.0048155211843550205,0.02211538515985012,-0.13343188166618347,-9.861806869506836,0.7454895377159119,0.02243031933903694,0.11674907803535461
1781548277556875,213273240,-0.00511661684140563,0.5701726078987122,0.8214956521987915,-0.004821477457880974,0.012080654501914978,-0.1320478916168213,-9.85185432434082,0.7731897234916687,0.019292762503027916,0.2130015790462494
1781548277584432,213289907,-0.0051198191940784454,0.5701723694801331,0.821495771408081,-0.004818233661353588,0.021389296278357506,-0.125996932387352,-9.857282638549805,0.7292768359184265,0.0661511942744255,0.12280648201704025
1781548277585845,213306574,-0.005125053692609072,0.5701687932014465,0.8214979767799377,-0.0048155151307582855,0.029310595244169235,-0.13897499442100525,-9.852590560913086,0.7402262687683105,0.07530774176120758,0.08929228037595749
1781548277614673,213323241,-0.005123303271830082,0.5701806545257568,0.8214899301528931,-0.004820569884032011,0.028312833979725838,-0.12769563496112823,-9.856796264648438,0.7566311359405518,0.006319933105260134,0.22313141822814941
1781548277617093,213339908,-0.005112114362418652,0.5701872706413269,0.8214853405952454,-0.004824921488761902,0.02664274349808693,-0.13553467392921448,-9.87048625946045,0.7157276272773743,-0.044873446226119995,0.15392592549324036
1781548277646047,213356575,-0.005109445191919804,0.5701853036880493,0.8214867115020752,-0.004823329392820597,0.029721984639763832,-0.12772782146930695,-9.850842475891113,0.7155226469039917,0.026617996394634247,0.12822356820106506
1781548277674761,213373242,-0.005104720126837492,0.5701885223388672,0.8214845657348633,-0.004817834123969078,0.042274344712495804,-0.13347835838794708,-9.85984992980957,0.6854406595230103,0.030370255932211876,0.15359295904636383
1781548277676037,213389909,-0.005100402515381575,0.5701829791069031,0.8214883804321289,-0.004824996925890446,0.026853671297430992,-0.1301596313714981,-9.847572326660156,0.7586545348167419,-0.017608730122447014,0.06677870452404022
1781548277704385,213406576,-0.0050968993455171585,0.5701882243156433,0.8214847445487976,-0.0048224423080682755,0.030301203951239586,-0.12240999937057495,-9.857965469360352,0.7068144679069519,0.02587522752583027,0.1689477562904358
1781548277706617,213423243,-0.005096742417663336,0.5701866149902344,0.8214858770370483,-0.0048264311626553535,0.03756077587604523,-0.13243766129016876,-9.869848251342773,0.7569769024848938,0.018934186547994614,0.12648192048072815
1781548277734766,213439910,-0.005101573653519154,0.5701940655708313,0.8214805722236633,-0.004830844234675169,0.02928556129336357,-0.14836253225803375,-9.865228652954102,0.7788117527961731,0.045801907777786255,0.19402259588241577
1781548277737455,213456577,-0.005113178864121437,0.570196270942688,0.8214789628982544,-0.004835166502743959,0.025140738114714622,-0.13321730494499207,-9.854325294494629,0.8050007224082947,0.08386237919330597,0.1280442774295807
1781548277764664,213473244,-0.005101760383695364,0.5701886415481567,0.8214843273162842,-0.004832510836422443,0.020534498617053032,-0.15575453639030457,-9.855299949645996,0.6752339601516724,-0.01878691464662552,0.09032958745956421
1781548277765525,213489911,-0.005099390167742968,0.5701867341995239,0.821485698223114,-0.004834518767893314,0.020566599443554878,-0.14247965812683105,-9.865777969360352,0.7368836998939514,0.01475931704044342,0.1670268028974533
1781548277794354,213506578,-0.0050912718288600445,0.570192277431488,0.8214819431304932,-0.004831309430301189,0.02839866280555725,-0.1370152235031128,-9.849257469177246,0.6849412322044373,0.002285933354869485,0.16031628847122192
1781548277824813,213523245,-0.005098676774650812,0.5701970458030701,0.8214786648750305,-0.004832933656871319,0.029242459684610367,-0.13398617506027222,-9.866987228393555,0.773112952709198,0.07127374410629272,0.17595285177230835
1781548277825805,213539912,-0.005093407817184925,0.5701940655708313,0.8214807510375977,-0.004836168140172958,0.03130264952778816,-0.12407294660806656,-9.866087913513184,0.732632040977478,-0.007197168655693531,0.10809198766946793
1781548277854228,213556579,-0.005094785243272781,0.5701892971992493,0.8214840888977051,-0.004837965127080679,0.02177552692592144,-0.12484539300203323,-9.844776153564453,0.750676155090332,0.035774536430835724,0.08036623895168304
1781548277857425,213573246,-0.005086472257971764,0.570187509059906,0.8214852213859558,-0.004846877884119749,0.017437702044844627,-0.11655576527118683,-9.868258476257324,0.7528404593467712,-0.046640727669000626,0.11236931383609772
1781548277884184,213589913,-0.005097607150673866,0.5701878070831299,0.8214849829673767,-0.004838650580495596,0.034006282687187195,-0.12095804512500763,-9.8670072555542,0.7322221398353577,0.1304006576538086,0.12516285479068756
1781548277885898,213606580,-0.005087088793516159,0.570183515548706,0.8214879631996155,-0.004842191934585571,0.03188188746571541,-0.14315199851989746,-9.843710899353027,0.713653028011322,-0.0375354066491127,0.13606105744838715
1781548277914225,213623247,-0.005080020986497402,0.5701826214790344,0.821488618850708,-0.004850002471357584,0.01251662615686655,-0.12294282764196396,-9.845383644104004,0.7515342831611633,-0.03552481532096863,0.09618210047483444
1781548277917853,213639914,-0.005073864478617907,0.570174515247345,0.8214942216873169,-0.004850815515965223,0.02643890120089054,-0.13034559786319733,-9.849308013916016,0.7156123518943787,-0.003022298449650407,0.06269348412752151
1781548277944493,213656581,-0.005067919846624136,0.5701649785041809,0.821500837802887,-0.004855196923017502,0.02045958675444126,-0.12992003560066223,-9.860648155212402,0.7363842725753784,-0.015226749703288078,0.10264930129051208
1781548277974231,213673248,-0.005060173571109772,0.5701712965965271,0.8214964866638184,-0.0048642512410879135,0.02494063414633274,-0.1411922574043274,-9.855591773986816,0.7557603120803833,-0.043836139142513275,0.15757574141025543
1781548277976290,213689915,-0.005045420024544001,0.570174515247345,0.8214944005012512,-0.004866829141974449,0.02964675799012184,-0.1362713724374771,-9.875264167785645,0.6918054223060608,-0.05797434598207474,0.14569143950939178
1781548278004202,213706582,-0.005042162723839283,0.5701746940612793,0.8214942216873169,-0.004872235469520092,0.017366062849760056,-0.13361425697803497,-9.846961975097656,0.7528021335601807,-0.003995581530034542,0.14037682116031647
1781548278007394,213723249,-0.005027256440371275,0.5701696276664734,0.8214977383613586,-0.004886952228844166,0.020945847034454346,-0.13306352496147156,-9.863197326660156,0.7598071098327637,-0.1067921444773674,0.08315803110599518
1781548278034203,213739916,-0.005030069965869188,0.5701823234558105,0.8214888572692871,-0.0048925308510661125,0.031413160264492035,-0.11512883752584457,-9.858443260192871,0.7774926424026489,0.030011678114533424,0.22877903282642365
1781548278036202,213756583,-0.005019652657210827,0.570183277130127,0.8214881420135498,-0.004898527171462774,0.03138837218284607,-0.13660754263401031,-9.856735229492188,0.7281370759010315,-0.04726824164390564,0.10984647274017334
1781548278064136,213773250,-0.005018146242946386,0.5701905488967896,0.821483314037323,-0.004885845817625523,0.021921975538134575,-0.12835723161697388,-9.86059284210205,0.6573947072029114,0.07703659683465958,0.1930365115404129
1781548278067142,213789917,-0.0050146132707595825,0.5701935291290283,0.8214812874794006,-0.004881417844444513,0.031299103051424026,-0.1212906464934349,-9.847674369812012,0.6962236166000366,0.03284187614917755,0.14583230018615723
1781548278094296,213806584,-0.00501621700823307,0.5701947212219238,0.821480393409729,-0.00487446878105402,0.02611333504319191,-0.12751682102680206,-9.843827247619629,0.702114462852478,0.07170914858579636,0.13474199175834656
1781548278124096,213823251,-0.005019450560212135,0.5701947212219238,0.821480393409729,-0.004870391450822353,0.020992450416088104,-0.13767682015895844,-9.851042747497559,0.7246921062469482,0.06939119100570679,0.1130608394742012
1781548278126060,213839918,-0.0050276052206754684,0.5702041387557983,0.8214738965034485,-0.004860247951000929,0.03687427192926407,-0.13054944574832916,-9.875138282775879,0.7096318602561951,0.1214233934879303,0.18207427859306335
1781548278154211,213856585,-0.005027364939451218,0.5702012181282043,0.8214759230613708,-0.004857228137552738,0.03116307035088539,-0.13823829591274261,-9.859947204589844,0.7168930172920227,0.046006809920072556,0.1266227811574936
1781548278156744,213873252,-0.005034398753196001,0.5701839923858643,0.8214877843856812,-0.004856741055846214,0.0170906949788332,-0.13616767525672913,-9.857732772827148,0.7598838806152344,0.07652433216571808,0.02177719585597515
1781548278185295,213889919,-0.005027552600950003,0.5701848268508911,0.8214872479438782,-0.00486304797232151,0.02850952371954918,-0.13352127373218536,-9.876243591308594,0.7438120245933533,-0.027930648997426033,0.13985174894332886
1781548278186807,213906586,-0.005026364233344793,0.5701876282691956,0.8214853405952454,-0.004864157643169165,0.018417468294501305,-0.12449134886264801,-9.84819221496582,0.7366147637367249,0.024300049990415573,0.14451326429843903
1781548278214939,213923253,-0.005032440181821585,0.5701882243156433,0.8214849233627319,-0.004862369038164616,0.029124632477760315,-0.13366790115833282,-9.855855941772461,0.748755156993866,0.07658836245536804,0.11904140561819077
1781548278216791,213939920,-0.005034667905420065,0.5701847076416016,0.8214873671531677,-0.004866683389991522,0.025820216163992882,-0.13360710442066193,-9.85200023651123,0.768310546875,0.0302421934902668,0.0533960796892643
1781548278245009,213956587,-0.005042753182351589,0.5701830387115479,0.8214884400367737,-0.004864346701651812,0.029410729184746742,-0.13013461232185364,-9.874612808227539,0.7536344528198242,0.08984294533729553,0.09710414707660675
1781548278274147,213973254,-0.005052999593317509,0.5701830983161926,0.8214883804321289,-0.0048599098809063435,0.021088894456624985,-0.14072732627391815,-9.848352432250977,0.750125527381897,0.11044835299253464,0.11420061439275742
1781548278275944,213989921,-0.0050465720705688,0.5701815485954285,0.8214895725250244,-0.004854017868638039,0.037535764276981354,-0.1336929202079773,-9.852070808410645,0.6766298413276672,0.02202051691710949,0.11651857197284698
1781548278304743,214006588,-0.005047699902206659,0.5701727867126465,0.8214956521987915,-0.004848985001444817,0.02504418045282364,-0.12710914015769958,-9.869158744812012,0.7109764814376831,0.06166897341609001,0.10335364192724228
1781548278305747,214023255,-0.005040178075432777,0.5701720714569092,0.8214961886405945,-0.004857644438743591,0.013736212626099586,-0.13744080066680908,-9.864642143249512,0.7545437216758728,-0.041364505887031555,0.10542826354503632
1781548278334365,214039922,-0.0050406139343976974,0.5701757073402405,0.8214936256408691,-0.004857553634792566,0.01861773431301117,-0.1144171729683876,-9.852433204650879,0.7363202571868896,0.03764426335692406,0.10804076492786407
1781548278336036,214056589,-0.005037523806095123,0.5701941847801208,0.8214808106422424,-0.004859962500631809,0.013743364252150059,-0.1272915154695511,-9.856077194213867,0.7365251183509827,0.008548237383365631,0.22226057946681976
1781548278364382,214073256,-0.00503169372677803,0.5701971650123596,0.8214788436889648,-0.004856684245169163,0.026699963957071304,-0.133771613240242,-9.849611282348633,0.6936366558074951,0.015374022535979748,0.14972545206546783
1781548278366601,214089923,-0.005026087164878845,0.5701974034309387,0.8214787244796753,-0.004861976020038128,0.03235740214586258,-0.13400761783123016,-9.856276512145996,0.7429668307304382,-0.017198927700519562,0.12023241817951202
1781548278394421,214106590,-0.005018331576138735,0.5702146291732788,0.8214668035507202,-0.004859772976487875,0.024010449647903442,-0.12468087673187256,-9.859355926513672,0.6921511888504028,0.0003521745966281742,0.21748383343219757
1781548278424229,214123257,-0.005018857307732105,0.5702048540115356,0.8214734792709351,-0.00485939159989357,0.03116307035088539,-0.12961247563362122,-9.840946197509766,0.7349628210067749,0.039590831845998764,0.07209335267543793
1781548278427117,214139924,-0.0050254100933671,0.5702040791511536,0.821474015712738,-0.004859324544668198,0.019315095618367195,-0.1291833370923996,-9.851224899291992,0.7603321671485901,0.07249034941196442,0.11467446386814117
1781548278454196,214156591,-0.0050229462794959545,0.5702006220817566,0.821476399898529,-0.004857604391872883,0.023152366280555725,-0.11975645273923874,-9.857722282409668,0.7157788872718811,0.0276937298476696,0.07816354930400848
1781548278456100,214173258,-0.005030569154769182,0.5702019333839417,0.8214753866195679,-0.004864194430410862,0.019565586000680923,-0.11950254440307617,-9.880064010620117,0.802106499671936,0.05265330523252487,0.1417214572429657
1781548278484190,214189925,-0.005028212442994118,0.5702061057090759,0.8214725255966187,-0.00486337672919035,0.020008880645036697,-0.13343186676502228,-9.876965522766113,0.7210039496421814,0.02574716880917549,0.1874401569366455
1781548278485862,214206592,-0.005031658802181482,0.5702078938484192,0.8214712142944336,-0.004861865658313036,0.02878846786916256,-0.1386781632900238,-9.856771469116211,0.7399443984031677,0.06084936857223511,0.14405220746994019
1781548278514634,214223259,-0.005029816180467606,0.5702005624771118,0.8214763402938843,-0.004869407974183559,0.028956551104784012,-0.13815246522426605,-9.858012199401855,0.770474910736084,-0.004968863911926746,0.07479548454284668
1781548278517706,214239926,-0.005022147204726934,0.570200502872467,0.8214764595031738,-0.0048651727847754955,0.015191728249192238,-0.14369915425777435,-9.851127624511719,0.680996835231781,0.008829978294670582,0.13956999778747559
1781548278544475,214256593,-0.005026206374168396,0.5702017545700073,0.8214755654335022,-0.004857235122472048,0.024071451276540756,-0.12597547471523285,-9.851696968078613,0.7060332298278809,0.09004784375429153,0.17934651672840118
1781548278574186,214273260,-0.005011926405131817,0.5702072381973267,0.8214718699455261,-0.004856669344007969,0.030587300658226013,-0.1263187974691391,-9.866480827331543,0.6757462024688721,-0.042619530111551285,0.18427695333957672
1781548278576137,214289927,-0.005003387574106455,0.5702102184295654,0.8214698433876038,-0.00486334040760994,0.03048371896147728,-0.13342472910881042,-9.870429039001465,0.7392273545265198,-0.03925146162509918,0.1266355812549591
1781548278605155,214306594,-0.005001533310860395,0.5702072381973267,0.8214719295501709,-0.004869424272328615,0.025523390620946884,-0.13449400663375854,-9.845466613769531,0.7620866894721985,0.001107749412767589,0.12068063765764236
1781548278634198,214323261,-0.004996536765247583,0.5702048540115356,0.8214735984802246,-0.004869119264185429,0.029103174805641174,-0.12815696001052856,-9.854865074157715,0.7136275172233582,0.008753140456974506,0.1482527107000351
1781548278664439,214339928,-0.004992494825273752,0.570209264755249,0.8214706182479858,-0.004859367851167917,0.021675392985343933,-0.13583865761756897,-9.871641159057617,0.6640668511390686,0.05098848417401314,0.16346663236618042
1781548278666388,214356595,-0.004993503447622061,0.5702038407325745,0.8214744329452515,-0.00484880106523633,0.023760320618748665,-0.14311623573303223,-9.866806030273438,0.6793960928916931,0.08171091228723526,0.05266612023115158
1781548278668087,214373262,-0.004991074558347464,0.5702059864997864,0.8214730024337769,-0.0048512802459299564,0.030762381851673126,-0.11976001411676407,-9.860868453979492,0.7395218014717102,0.012057176791131496,0.15026329457759857
1781548278694372,214389929,-0.0049897655844688416,0.570215106010437,0.8214666843414307,-0.004847862292081118,0.026263849809765816,-0.14351676404476166,-9.865225791931152,0.7104514241218567,0.04161423072218895,0.18683822453022003
1781548278696631,214406596,-0.0049899546429514885,0.5702096223831177,0.8214704990386963,-0.004847949370741844,0.02349940873682499,-0.12919047474861145,-9.867178916931152,0.7361282110214233,0.03670939803123474,0.14945650100708008
1781548278724978,214423263,-0.004991934634745121,0.5702164173126221,0.8214658498764038,-0.004844480659812689,0.029754044488072395,-0.1337573081254959,-9.855114936828613,0.7230784893035889,0.06037553772330284,0.17745117843151093
1781548278726614,214439930,-0.004986209329217672,0.5702232718467712,0.8214611411094666,-0.004838921129703522,0.030043717473745346,-0.12984851002693176,-9.874208450317383,0.6811120510101318,0.02508123405277729,0.18275301158428192
1781548278755242,214456597,-0.0049858782440423965,0.5702242851257324,0.8214603662490845,-0.004844391718506813,0.013035119511187077,-0.1323053538799286,-9.843548774719238,0.7646350860595703,0.012249274179339409,0.1486753225326538
1781548278757074,214473264,-0.004986283369362354,0.5702319145202637,0.8214550018310547,-0.004840700421482325,0.021689698100090027,-0.14878453314304352,-9.860740661621094,0.7157148718833923,0.05253805220127106,0.18478921055793762
1781548278785370,214489931,-0.004982674494385719,0.5702342391014099,0.8214535117149353,-0.004834401421248913,0.038955625146627426,-0.13140416145324707,-9.873357772827148,0.6852869391441345,0.039334703236818314,0.11537878215312958
1781548278785977,214506598,-0.00498195318505168,0.5702426433563232,0.8214476704597473,-0.0048353360034525394,0.025008417665958405,-0.14229370653629303,-9.852208137512207,0.7373191714286804,0.027873018756508827,0.1881316751241684
1781548278814673,214523265,-0.004983969498425722,0.5702394247055054,0.821449875831604,-0.004835468716919422,0.021718306466937065,-0.1408739537000656,-9.870786666870117,0.7436326742172241,0.04601961746811867,0.10109972953796387
1781548278816896,214539932,-0.004975197836756706,0.5702367424964905,0.8214518427848816,-0.004838201683014631,0.020084088668227196,-0.13502687215805054,-9.836884498596191,0.7161630988121033,-0.02511325106024742,0.10953912138938904
1781548278844461,214556599,-0.00497246440500021,0.5702345371246338,0.8214534521102905,-0.0048323809169232845,0.021632477641105652,-0.1404305100440979,-9.885334014892578,0.6913187503814697,0.04295890033245087,0.13749536871910095
1781548278874206,214573266,-0.004970685578882694,0.5702393054962158,0.8214501142501831,-0.004819919820874929,0.03386681526899338,-0.12870411574840546,-9.863445281982422,0.6576637029647827,0.07418077439069748,0.14433397352695465
1781548278876501,214589933,-0.004982830956578255,0.570228099822998,0.8214578032493591,-0.004820941481739283,0.015445639379322529,-0.12541043758392334,-9.872281074523926,0.7884292602539062,0.09969102591276169,0.06129758805036545
1781548278904198,214606600,-0.004968258552253246,0.5702234506607056,0.8214611411094666,-0.0048179239965975285,0.022876998409628868,-0.13191913068294525,-9.847573280334473,0.6607884168624878,-0.035191845148801804,0.1021498441696167
1781548278906672,214623267,-0.004969172179698944,0.5702263712882996,0.8214591145515442,-0.00481216236948967,0.023906946182250977,-0.14141039550304413,-9.844740867614746,0.706122875213623,0.06311608850955963,0.1464085876941681
1781548278934188,214639934,-0.00497747678309679,0.5702236890792847,0.8214609622955322,-0.004811527207493782,0.02771560661494732,-0.13642872869968414,-9.858598709106445,0.7640203833580017,0.08447708189487457,0.09866651147603989
1781548278936642,214656601,-0.004983988124877214,0.5702173113822937,0.8214654326438904,-0.004795467015355825,0.029618149623274803,-0.136557474732399,-9.864377975463867,0.6698552966117859,0.1348828673362732,0.08867757767438889
1781548278965083,214673268,-0.004988520406186581,0.5702221393585205,0.8214619159698486,-0.00480273924767971,0.022701764479279518,-0.11730675399303436,-9.865181922912598,0.7938848733901978,0.03220156580209732,0.13498534262180328
1781548278966017,214689935,-0.0049849324859678745,0.5702114105224609,0.8214694261550903,-0.0048111919313669205,0.03388098627328873,-0.1311788558959961,-9.860662460327148,0.7688612341880798,-0.01874849572777748,0.03455793485045433
1781548278994835,214706602,-0.004980316385626793,0.5702090859413147,0.8214709758758545,-0.004812705330550671,0.037357062101364136,-0.13434022665023804,-9.854642868041992,0.7255245447158813,0.0031055398285388947,0.10573562234640121
1781548279024700,214723269,-0.004976026248186827,0.5702058672904968,0.821473240852356,-0.0048114280216395855,0.017931103706359863,-0.12798531353473663,-9.864995956420898,0.7109893560409546,0.015835050493478775,0.10039537400007248
1781548279027126,214739936,-0.004972689785063267,0.5702069401741028,0.8214726448059082,-0.004806663375347853,0.019719207659363747,-0.13529865443706512,-9.847530364990234,0.6951351165771484,0.03472441807389259,0.10275174677371979
1781548279054232,214756603,-0.0049585518427193165,0.5702072381973267,0.8214724659919739,-0.004816949367523193,0.014050785452127457,-0.13284891843795776,-9.860300064086914,0.7376521825790405,-0.08489329367876053,0.1321423202753067
1781548279056236,214773270,-0.00494304159656167,0.5702105164527893,0.8214702606201172,-0.004818820394575596,0.024235956370830536,-0.11963485926389694,-9.862457275390625,0.6847363710403442,-0.0592677928507328,0.16820500791072845
1781548279084182,214789937,-0.004936625249683857,0.5702083706855774,0.8214717507362366,-0.004818437155336142,0.017548449337482452,-0.1361962854862213,-9.870182037353516,0.7077493071556091,0.00042901269625872374,0.10601736605167389
1781548279085832,214806604,-0.0049358876422047615,0.5702205896377563,0.8214632868766785,-0.004811502061784267,0.02255888842046261,-0.1436312049627304,-9.841991424560547,0.6929451823234558,0.058288101106882095,0.1815876066684723
1781548279114293,214823271,-0.004935052711516619,0.570231020450592,0.821456253528595,-0.004805991426110268,0.012809974141418934,-0.13219808042049408,-9.853095054626465,0.7005521059036255,0.052717335522174835,0.20901884138584137
1781548279116098,214839938,-0.004923681728541851,0.5702301859855652,0.821456789970398,-0.004802670329809189,0.026653384789824486,-0.13024544715881348,-9.85189151763916,0.6717378497123718,-0.016302483156323433,0.09573386609554291
1781548279144570,214856605,-0.004923853557556868,0.5702353119850159,0.8214532136917114,-0.0048073166981339455,0.01425118651241064,-0.12797458469867706,-9.834816932678223,0.7619073987007141,0.018127387389540672,0.15109573304653168
1781548279175157,214873272,-0.004922478925436735,0.5702385902404785,0.82145094871521,-0.0048071593046188354,0.009627150371670723,-0.13372154533863068,-9.862418174743652,0.7286491990089417,0.028526142239570618,0.17062540352344513
1781548279176353,214889939,-0.0049181436188519,0.5702401995658875,0.8214498162269592,-0.004806716460734606,0.03128466010093689,-0.12428393214941025,-9.859532356262207,0.7154715061187744,0.012582237832248211,0.13768745958805084
1781548279204242,214906606,-0.004912239033728838,0.5702409744262695,0.8214492201805115,-0.004805168602615595,0.008364636451005936,-0.13682568073272705,-9.858833312988281,0.7031133770942688,0.00786950159817934,0.11695398390293121
1781548279205856,214923273,-0.004914021585136652,0.5702375173568726,0.8214517831802368,-0.004798654932528734,0.03258639946579933,-0.12837153673171997,-9.842004776000977,0.7052777409553528,0.07076148688793182,0.1008307933807373
1781548279234228,214939940,-0.004912398289889097,0.5702375173568726,0.8214519023895264,-0.004790462087839842,0.02256598137319088,-0.12928703427314758,-9.861896514892578,0.6824055910110474,0.05819845572113991,0.12033487111330032
1781548279236945,214956607,-0.00507081113755703,0.5702013969421387,0.8214753866195679,-0.004878077190369368,0.03660605847835541,-0.13490526378154755,-9.849811553955078,0.7776591181755066,0.036338016390800476,0.11263823509216309
1781548279264245,214973274,-0.005071555729955435,0.5702072978019714,0.8214713335037231,-0.004876348190009594,0.024575697258114815,-0.12265675514936447,-9.87875747680664,0.7269588708877563,0.045814722776412964,0.1576397716999054
1781548279267010,214989941,-0.0050529055297374725,0.5702172517776489,0.8214645385742188,-0.004880124237388372,0.021575095131993294,-0.1336642950773239,-9.864047050476074,0.6821237802505493,-0.08532870560884476,0.17709259688854218
1781548279294449,215006608,-0.005056366324424744,0.5702202320098877,0.8214625120162964,-0.004883076995611191,0.011944382451474667,-0.13110017776489258,-9.850375175476074,0.7640843987464905,0.042741190642118454,0.14210565388202667
1781548279324801,215023275,-0.005055592395365238,0.5702181458473206,0.8214637637138367,-0.004895475227385759,0.019390195608139038,-0.1583508849143982,-9.859939575195312,0.8008899092674255,-0.01838991977274418,0.10768220573663712
1781548279325920,215039942,-0.005067022051662207,0.5702171325683594,0.821464478969574,-0.004888027906417847,0.02768699638545513,-0.1321551650762558,-9.853348731994629,0.7366147637367249,0.1284540891647339,0.11758147925138474
1781548279354362,215056609,-0.0050636958330869675,0.5702154040336609,0.8214656710624695,-0.004891340155154467,0.030755458399653435,-0.12755617499351501,-9.821356773376465,0.7395602464675903,0.0022987397387623787,0.07606330513954163
1781548279356409,215073276,-0.005065656267106533,0.570204496383667,0.8214731812477112,-0.004898295272141695,0.029568081721663475,-0.1467997282743454,-9.893248558044434,0.7809119820594788,0.018140193074941635,0.05093725398182869
1781548279384245,215089943,-0.005068563856184483,0.5702068209648132,0.821471631526947,-0.004903124645352364,0.003880184842273593,-0.14548368752002716,-9.823587417602539,0.7725749611854553,0.03215033933520317,0.13247528672218323
1781548279386557,215106610,-0.00507328798994422,0.5702072381973267,0.821471095085144,-0.004907786380499601,0.016768835484981537,-0.12293212860822678,-9.87840747833252,0.7785683870315552,0.04367605224251747,0.16734695434570312
1781548279415072,215123277,-0.005064257420599461,0.5702000260353088,0.82147616147995,-0.0049248384311795235,0.019390195608139038,-0.12056825309991837,-9.839398384094238,0.7948324680328369,-0.0835358202457428,0.0674702525138855
1781548279415990,215139944,-0.005064019933342934,0.5701950192451477,0.8214796781539917,-0.004931862931698561,0.0188502948731184,-0.13228748738765717,-9.877832412719727,0.7725750207901001,0.005730841308832169,0.1006130799651146
1781548279444434,215156611,-0.005054181441664696,0.5701855421066284,0.8214862942695618,-0.004940614569932222,0.019250724464654922,-0.132108673453331,-9.831061363220215,0.7445035576820374,-0.054567851126194,0.12716065347194672
1781548279474313,215173278,-0.005053389351814985,0.5701848864555359,0.8214866518974304,-0.004954526666551828,0.01850687339901924,-0.1363750845193863,-9.861917495727539,0.8093805313110352,-0.024229614064097404,0.11973296105861664
1781548279476667,215189945,-0.0050535197369754314,0.5701926350593567,0.8214812874794006,-0.004957135766744614,0.01808510348200798,-0.13636793196201324,-9.858896255493164,0.7489088773727417,0.026054518297314644,0.21647211909294128
1781548279504315,215206612,-0.005060992203652859,0.570189356803894,0.8214834928512573,-0.004951106384396553,0.01599995233118534,-0.12521016597747803,-9.863268852233887,0.7289950847625732,0.10085640102624893,0.1302085518836975
1781548279506863,215223279,-0.005051878280937672,0.5701832175254822,0.8214877247810364,-0.004955114796757698,0.039645835757255554,-0.12367240339517593,-9.86854076385498,0.7208758592605591,-0.03288670629262924,0.0691094696521759
1781548279534305,215239946,-0.0050438870675861835,0.5701926350593567,0.8214812874794006,-0.004961729981005192,0.020037489011883736,-0.1331600844860077,-9.850054740905762,0.7399060130119324,-0.036472488194704056,0.14981508255004883
1781548279535939,215256613,-0.005053852219134569,0.5702002048492432,0.8214759826660156,-0.004957902245223522,0.029750468209385872,-0.13428658246994019,-9.858394622802734,0.751265287399292,0.106235072016716,0.1680513173341751
1781548279564348,215273280,-0.005062170326709747,0.5702002644538879,0.8214758634567261,-0.004962930455803871,0.02319156564772129,-0.1349302977323532,-9.841981887817383,0.7948324680328369,0.061912305653095245,0.1265331506729126
1781548279565979,215289947,-0.005055947694927454,0.57020503282547,0.8214726448059082,-0.0049563259817659855,0.021850626915693283,-0.14121727645397186,-9.876004219055176,0.672122061252594,0.025555070489645004,0.14576826989650726
1781548279594987,215306614,-0.005062819924205542,0.5702121257781982,0.8214675784111023,-0.0049607232213020325,0.024307480081915855,-0.12496341019868851,-9.850330352783203,0.7857271432876587,0.05600856617093086,0.13490848243236542
1781548279624203,215323281,-0.005070803686976433,0.5702052712440491,0.8214722871780396,-0.004965588450431824,0.01828872412443161,-0.1345476508140564,-9.854514122009277,0.7926554083824158,0.06056763604283333,0.08361906558275223
1781548279626759,215339948,-0.005063718184828758,0.5701938271522522,0.8214802145957947,-0.004967232700437307,0.01672234572470188,-0.13264867663383484,-9.834187507629395,0.7155611515045166,-0.012422159314155579,0.0326882041990757
1781548279654201,215356615,-0.00505564920604229,0.5701906681060791,0.8214825391769409,-0.004963797517120838,0.03247196227312088,-0.1339825987815857,-9.867098808288574,0.6828537583351135,0.0023627716582268476,0.0877683088183403
1781548279655974,215373282,-0.0050606136210262775,0.5701887011528015,0.8214839100837708,-0.004961766768246889,0.024926165118813515,-0.13660754263401031,-9.855300903320312,0.7415068745613098,0.07190125435590744,0.20084837079048157
1781548279684187,215389949,-0.005060221999883652,0.5701867341995239,0.8214852809906006,-0.004966213833540678,0.030308356508612633,-0.13359995186328888,-9.856242179870605,0.7573226690292358,0.015566116198897362,0.15310630202293396
1781548279685720,215406616,-0.005063196644186974,0.570184588432312,0.8214865326881409,-0.004973730072379112,0.023953435942530632,-0.1307389885187149,-9.855226516723633,0.78794264793396,0.021956486627459526,0.11288156360387802
1781548279714191,215423283,-0.005077129229903221,0.5701804757118225,0.8214892745018005,-0.004979717545211315,0.011558301746845245,-0.13562408089637756,-9.863787651062012,0.8222252130508423,0.08998381346464157,0.1093854308128357
1781548279716185,215439950,-0.005086108110845089,0.5701701641082764,0.8214965462684631,-0.0049728695303201675,0.023173823952674866,-0.1331779658794403,-9.886432647705078,0.7304550409317017,0.11181864887475967,0.048555273562669754
1781548279744885,215456617,-0.00508288387209177,0.5701653361320496,0.8215000033378601,-0.0049639297649264336,0.02576286718249321,-0.13452619314193726,-9.84847640991211,0.6706364750862122,0.05207701772451401,0.14102992415428162
1781548279774676,215473284,-0.005074310582131147,0.5701696872711182,0.8214970231056213,-0.004958450328558683,0.026682082563638687,-0.12320749461650848,-9.853612899780273,0.6693430542945862,0.0073060221038758755,0.12394625693559647
1781548279776584,215489951,-0.005060796160250902,0.5701728463172913,0.8214948773384094,-0.004963338375091553,0.02702539786696434,-0.13567772507667542,-9.852500915527344,0.7084664702415466,-0.0606892853975296,0.1399029642343521
1781548279804816,215506618,-0.005063770338892937,0.5701733827590942,0.8214945197105408,-0.004963476676493883,0.029936563223600388,-0.12949445843696594,-9.848564147949219,0.7462580800056458,0.051014095544815063,0.1299140304327011
1781548279806975,215523285,-0.0050480421632528305,0.570181131362915,0.821489155292511,-0.004967739339917898,0.02018769085407257,-0.13453692197799683,-9.849772453308105,0.6961979866027832,-0.07053737342357635,0.1789495199918747
1781548279834733,215539952,-0.005048650316894054,0.5701796412467957,0.8214902877807617,-0.004969742149114609,0.029568081721663475,-0.13033486902713776,-9.838918685913086,0.7475129961967468,0.03029341995716095,0.11797848343849182
1781548279838610,215556619,-0.005055711138993502,0.5701718926429749,0.821495532989502,-0.00496855191886425,0.033766619861125946,-0.14732901751995087,-9.856950759887695,0.7549023032188416,0.0788935050368309,0.06682993471622467
1781548279864465,215573286,-0.005047786049544811,0.5701681971549988,0.8214982151985168,-0.004960308317095041,0.026778569445014,-0.13563121855258942,-9.85110855102539,0.6562805771827698,0.022007711231708527,0.07794584333896637
1781548279866234,215589953,-0.005049373023211956,0.5701682567596436,0.8214981555938721,-0.0049555860459804535,0.02080637402832508,-0.13415783643722534,-9.87875747680664,0.7132689356803894,0.06224526837468147,0.12821078300476074
1781548279894439,215606620,-0.005056469701230526,0.5701655745506287,0.8215000629425049,-0.004957348108291626,0.022086655721068382,-0.13535945117473602,-9.859414100646973,0.7716529965400696,0.06784163415431976,0.09998557716608047
1781548279924207,215623287,-0.005058460868895054,0.57016521692276,0.8215001821517944,-0.004962159786373377,0.030047154054045677,-0.13481584191322327,-9.834346771240234,0.768809974193573,0.027232700958848,0.13228318095207214
1781548279927351,215639954,-0.005045675206929445,0.5701619386672974,0.8215025067329407,-0.0049665155820548534,0.01596776582300663,-0.13805590569972992,-9.85230827331543,0.7083384394645691,-0.05474714934825897,0.09966542571783066
1781548279954579,215656621,-0.005043368320912123,0.5701612830162048,0.8215029835700989,-0.0049748606979846954,0.022304804995656013,-0.1274166852235794,-9.855547904968262,0.7718963027000427,-0.010885396040976048,0.1319246143102646
1781548279955670,215673288,-0.0050370763055980206,0.5701563954353333,0.8215064406394958,-0.004976533818989992,0.025097902864217758,-0.13130046427249908,-9.85937213897705,0.718660295009613,-0.00765819801017642,0.08182617276906967
1781548279984427,215689955,-0.005044781137257814,0.5701571106910706,0.8215057253837585,-0.0049755084328353405,0.016997838392853737,-0.13755165040493011,-9.869850158691406,0.7582575082778931,0.08222316950559616,0.11790166050195694
1781548279987014,215706622,-0.005043198354542255,0.5701563954353333,0.8215062022209167,-0.00498563377186656,0.036766987293958664,-0.13730132579803467,-9.86865520477295,0.7848691344261169,-0.01417662762105465,0.11507145315408707
1781548280015863,215723289,-0.005035484209656715,0.5701512098312378,0.8215098977088928,-0.004983026534318924,0.02668554149568081,-0.13766250014305115,-9.853293418884277,0.6888343095779419,0.0017096477095037699,0.12431762367486954
1781548280017551,215739956,-0.005036947317421436,0.5701408982276917,0.8215169906616211,-0.0049920096062123775,0.030937768518924713,-0.12071488052606583,-9.836583137512207,0.7903887629508972,0.00730602303519845,0.050373781472444534
1781548280044625,215756623,-0.0050391266122460365,0.5701407790184021,0.8215171098709106,-0.004994865506887436,0.012345067225396633,-0.12265317887067795,-9.849275588989258,0.7585264444351196,0.0357489250600338,0.1265331357717514
1781548280074885,215773290,-0.0050369626842439175,0.5701422095298767,0.8215159773826599,-0.0050124661065638065,0.024207348003983498,-0.13574925065040588,-9.862829208374023,0.8247865438461304,-0.04646143689751625,0.13585616648197174
1781548280075852,215789957,-0.005049609579145908,0.570142388343811,0.8215157389640808,-0.005011528730392456,0.02508709393441677,-0.1354166716337204,-9.867539405822754,0.7782098650932312,0.10970558971166611,0.12107764184474945
1781548280104753,215806624,-0.005052111577242613,0.5701444745063782,0.8215143084526062,-0.005010791122913361,0.020595377311110497,-0.1321873515844345,-9.864656448364258,0.7395474910736084,0.051321446895599365,0.09469655901193619
1781548280105594,215823291,-0.005044717341661453,0.5701439380645752,0.8215147256851196,-0.005013845395296812,0.020820679143071175,-0.12566792964935303,-9.848220825195312,0.7221692204475403,-0.01924794353544712,0.10864266753196716
1781548280134348,215839958,-0.0050556957721710205,0.5701360702514648,0.8215200901031494,-0.005010800436139107,0.04333283007144928,-0.14178946614265442,-9.860085487365723,0.7597815990447998,0.10839935392141342,0.07187564671039581
1781548280135868,215856625,-0.005059771239757538,0.5701342225074768,0.8215212821960449,-0.005021805875003338,0.024328937754034996,-0.12806397676467896,-9.874391555786133,0.8120313286781311,0.014515995979309082,0.10992329567670822
1781548280164312,215873292,-0.0050633433274924755,0.5701334476470947,0.8215217590332031,-0.005015318747609854,0.020548764616250992,-0.132033571600914,-9.864416122436523,0.7112197875976562,0.0804302841424942,0.12395904958248138
1781548280166279,215889959,-0.005069627892225981,0.5701296329498291,0.8215245008468628,-0.005017590709030628,0.01734818145632744,-0.13624633848667145,-9.849625587463379,0.771307110786438,0.060939010232686996,0.09581069648265839
1781548280194368,215906626,-0.005061471834778786,0.5701245069503784,0.8215280175209045,-0.005027111154049635,0.022648200392723083,-0.12358658760786057,-9.8578519821167,0.7556322813034058,-0.0490611232817173,0.07630664110183716
1781548280224101,215923293,-0.005066320300102234,0.5701251029968262,0.8215275406837463,-0.005017171148210764,0.03480364754796028,-0.14165714383125305,-9.83263874053955,0.6967229843139648,0.1011381447315216,0.14175990223884583
1781548280225905,215939960,-0.005062527488917112,0.5701232552528381,0.8215288519859314,-0.005020636599510908,0.04342946037650108,-0.14075593650341034,-9.84753704071045,0.7384973764419556,-0.00015367618470918387,0.12933771312236786
1781548280254139,215956627,-0.0050558592192828655,0.5701231956481934,0.8215290307998657,-0.005016373470425606,0.03382019326090813,-0.11162415891885757,-9.861141204833984,0.6836349368095398,0.013824453577399254,0.13004206120967865
1781548280256059,215973294,-0.005065347068011761,0.5701289772987366,0.8215249180793762,-0.005021295044571161,0.024711405858397484,-0.12119051069021225,-9.870269775390625,0.7988280653953552,0.06925034523010254,0.16697560250759125
1781548280284135,215989961,-0.005068369209766388,0.5701228380203247,0.8215291500091553,-0.0050171250477433205,0.024661526083946228,-0.12072203308343887,-9.85538387298584,0.72220778465271,0.06761112809181213,0.06352590024471283
1781548280286546,216006628,-0.005059315823018551,0.5701219439506531,0.8215298056602478,-0.005026286002248526,0.02154652774333954,-0.1355668306350708,-9.84653091430664,0.7500871419906616,-0.05246761441230774,0.11791446805000305
1781548280314372,216023295,-0.005053719971328974,0.5701256394386292,0.8215271830558777,-0.005025050137192011,0.02075648494064808,-0.1443929523229599,-9.872857093811035,0.7048678398132324,0.008535431697964668,0.18311157822608948
1781548280317217,216039962,-0.00505951140075922,0.5701214671134949,0.8215299844741821,-0.005029189400374889,0.03920596092939377,-0.1299164593219757,-9.837252616882324,0.7800539135932922,0.0506427101790905,0.07479548454284668
1781548280344717,216056629,-0.005062688607722521,0.5701349377632141,0.8215206861495972,-0.005036573391407728,0.033580586314201355,-0.11794331669807434,-9.872963905334473,0.7879170179367065,0.02406953275203705,0.20963351428508759
1781548280374388,216073296,-0.0050634597428143024,0.5701335668563843,0.8215216398239136,-0.00503191165626049,0.03642382100224495,-0.1275382786989212,-9.882559776306152,0.7104771137237549,0.0577886588871479,0.1525556594133377
1781548280375943,216089963,-0.005067251157015562,0.5701237320899963,0.821528434753418,-0.005033453460782766,0.022719580680131912,-0.13029909133911133,-9.87517261505127,0.7574507594108582,0.04969504103064537,0.06022185832262039
1781548280404223,216106630,-0.005064202006906271,0.570107638835907,0.8215397000312805,-0.005040069576352835,0.011991039849817753,-0.1321694701910019,-9.860590934753418,0.7593973278999329,-0.009028476662933826,0.015835050493478775
1781548280406147,216123297,-0.005068120080977678,0.570106565952301,0.821540355682373,-0.005039788316935301,0.017859579995274544,-0.13327808678150177,-9.856817245483398,0.7476794123649597,0.057827070355415344,0.11476409435272217
1781548280434240,216139964,-0.005073643289506435,0.5701068639755249,0.8215401768684387,-0.0050378162413835526,0.03465702384710312,-0.123772531747818,-9.849328994750977,0.7444138526916504,0.0734892338514328,0.1190798431634903
1781548280436377,216156631,-0.005070515908300877,0.5700996518135071,0.8215450048446655,-0.005040574818849564,0.04574684426188469,-0.13370008766651154,-9.877470016479492,0.7372550368309021,0.006127838045358658,0.08925385028123856
1781548280464199,216173298,-0.005078112240880728,0.570095956325531,0.8215475082397461,-0.005043223965913057,0.03523269668221474,-0.12706980109214783,-9.856719970703125,0.7787092924118042,0.06694519519805908,0.09190476685762405
1781548280465732,216189965,-0.00506820110604167,0.5701082944869995,0.821539044380188,-0.005058886017650366,0.027579709887504578,-0.12426962703466415,-9.854199409484863,0.7834604382514954,-0.08224237710237503,0.21092696487903595
1781548280494456,216206632,-0.005072545725852251,0.5701128244400024,0.8215359449386597,-0.00505555747076869,0.024972813203930855,-0.13109660148620605,-9.850860595703125,0.7321070432662964,0.07241349667310715,0.15492480993270874
1781548280524941,216223299,-0.005075674969702959,0.5701045393943787,0.8215417265892029,-0.005056110676378012,0.024189524352550507,-0.1222204640507698,-9.852148056030273,0.749331533908844,0.04968222975730896,0.055265799164772034
1781548280525842,216239966,-0.005089954007416964,0.5701062083244324,0.8215402960777283,-0.005066880490630865,0.020331596955657005,-0.1358599066734314,-9.853084564208984,0.8507963418960571,0.07295137643814087,0.1160319373011589
1781548280554743,216256633,-0.005092850420624018,0.5701150894165039,0.8215340971946716,-0.005076396744698286,0.0346999391913414,-0.13474075496196747,-9.860840797424316,0.799045741558075,0.013850065879523754,0.17327630519866943
1781548280556568,216273300,-0.005091759376227856,0.5701203346252441,0.8215304613113403,-0.005081533920019865,0.03791852667927742,-0.12811046838760376,-9.867167472839355,0.7585391998291016,0.009124523028731346,0.20255160331726074
1781548280584300,216289967,-0.005079998169094324,0.5701248645782471,0.8215274214744568,-0.005080787930637598,0.02851325459778309,-0.13372869789600372,-9.841429710388184,0.6834044456481934,-0.02857096493244171,0.16582301259040833
1781548280587539,216306634,-0.005082524847239256,0.5701185464859009,0.8215316534042358,-0.005077431444078684,0.0375501774251461,-0.1391967236995697,-9.85768985748291,0.7246921062469482,0.06253980845212936,0.12995243072509766
1781548280614350,216323301,-0.0050926427356898785,0.5701236724853516,0.8215280175209045,-0.005083924159407616,0.005478749517351389,-0.12779934704303741,-9.860422134399414,0.8102129101753235,0.06649697571992874,0.1556035429239273
1781548280616036,216339968,-0.005093785002827644,0.5701202154159546,0.8215304017066956,-0.005084319040179253,0.012917260639369488,-0.13423651456832886,-9.856602668762207,0.7405719757080078,0.040039051324129105,0.14465412497520447
1781548280645012,216356635,-0.005094686057418585,0.5701163411140442,0.821533203125,-0.005085340701043606,0.013854322023689747,-0.13731564581394196,-9.851447105407715,0.7431460618972778,0.035441573709249496,0.0924554392695427
1781548280675221,216373302,-0.005086497403681278,0.5701212286949158,0.8215298652648926,-0.005095089785754681,0.01647200994193554,-0.13917526602745056,-9.84538459777832,0.7567976117134094,-0.04944531247019768,0.17177796363830566
1781548280675833,216389969,-0.005085953511297703,0.5701096653938293,0.8215376138687134,-0.0051139541901648045,0.023011555895209312,-0.1200433149933815,-9.85808277130127,0.8382460474967957,-0.04228656738996506,0.07995644211769104
1781548280705075,216406636,-0.005078569520264864,0.570116400718689,0.8215330243110657,-0.005110624711960554,0.03680258244276047,-0.13114307820796967,-9.864044189453125,0.6861065626144409,0.006447996944189072,0.1786549836397171
1781548280706014,216423303,-0.00508738961070776,0.5701022744178772,0.8215426802635193,-0.005116830579936504,0.03942768648266792,-0.13920743763446808,-9.837970733642578,0.8034254908561707,0.06061885505914688,0.09387694299221039
1781548280734196,216439970,-0.005092127714306116,0.5700962543487549,0.8215467929840088,-0.005123156122863293,0.04248534142971039,-0.1351591795682907,-9.850663185119629,0.7882500290870667,0.03641485422849655,0.08527107536792755
1781548280736149,216456637,-0.0050872075371444225,0.570085883140564,0.8215539455413818,-0.005125017836689949,0.04046836122870445,-0.12534964084625244,-9.823673248291016,0.7252171635627747,-0.0012037967098876834,0.030626382678747177
1781548280764584,216473304,-0.005081909708678722,0.5700926184654236,0.8215493559837341,-0.005128371529281139,0.023048656061291695,-0.12637601792812347,-9.856281280517578,0.7320300936698914,-0.008183256722986698,0.1706894338130951
1781548280766032,216489971,-0.0050854915753006935,0.5700880885124207,0.8215525150299072,-0.005129734519869089,0.02547699585556984,-0.11416326463222504,-9.840910911560059,0.7556578516960144,0.04931085184216499,0.09193038195371628
1781548280794561,216506638,-0.005082628224045038,0.5700795650482178,0.8215585350990295,-0.0051362416706979275,0.02016623318195343,-0.12086150050163269,-9.853330612182617,0.7596021890640259,-0.008132031187415123,0.018780510872602463
1781548280824396,216523305,-0.005078684072941542,0.5700837969779968,0.8215554356575012,-0.005143630784004927,0.029653772711753845,-0.122127465903759,-9.878305435180664,0.7601656317710876,-0.016776317730545998,0.13246247172355652
1781548280826463,216539972,-0.005075302440673113,0.5700740814208984,0.8215621113777161,-0.005146319046616554,0.036931492388248444,-0.13786636292934418,-9.84354305267334,0.7358335852622986,0.004655107855796814,0.06100304052233696
1781548280855088,216556639,-0.005078596994280815,0.5700672268867493,0.8215668201446533,-0.005155670922249556,0.04563597962260246,-0.13523070514202118,-9.853638648986816,0.7997117042541504,0.016244854778051376,0.06914787739515305
1781548280856864,216573306,-0.005079633556306362,0.5700671076774597,0.8215669393539429,-0.005159566644579172,0.02734368108212948,-0.1421685516834259,-9.878722190856934,0.7600504159927368,0.025094041600823402,0.11568615585565567
1781548280884878,216589973,-0.0050756195560097694,0.5700647830963135,0.8215685486793518,-0.005161462817341089,0.03433158993721008,-0.13717973232269287,-9.859671592712402,0.728854238986969,0.004667914472520351,0.12073186784982681
1781548280885789,216606640,-0.005083795636892319,0.5700625777244568,0.8215699195861816,-0.005168509669601917,0.010295765474438667,-0.13326378166675568,-9.861115455627441,0.805781900882721,0.05330643057823181,0.12088552862405777
1781548280914238,216623307,-0.005087729077786207,0.5700609683990479,0.8215711116790771,-0.005168456118553877,0.02299872413277626,-0.11874796450138092,-9.855498313903809,0.7490113377571106,0.057237979024648666,0.13218073546886444
1781548280916788,216639974,-0.005094277206808329,0.5700563192367554,0.8215742111206055,-0.0051732733845710754,0.02308441884815693,-0.14124588668346405,-9.838160514831543,0.7868285775184631,0.05252524092793465,0.09686081856489182
1781548280944898,216656641,-0.005088061559945345,0.5700677633285522,0.8215662837028503,-0.00517263961955905,0.025040604174137115,-0.13874968886375427,-9.859732627868652,0.7061741948127747,0.0017480666283518076,0.15679453313350677
1781548280974230,216673308,-0.0050821308977901936,0.5700770616531372,0.8215599656105042,-0.005167681723833084,0.03262573853135109,-0.13238047063350677,-9.84028148651123,0.6827385425567627,0.019984310492873192,0.1257263422012329
1781548280976194,216689975,-0.005078010726720095,0.5700806379318237,0.8215574026107788,-0.0051651266403496265,0.025791607797145844,-0.12441267818212509,-9.87482738494873,0.7032286524772644,0.021546682342886925,0.15943263471126556
1781548281004550,216706642,-0.005074246786534786,0.5700957179069519,0.8215469717979431,-0.005166203249245882,0.02839866280555725,-0.14072732627391815,-9.866373062133789,0.7250763773918152,0.009559940546751022,0.211183100938797
1781548281006188,216723309,-0.005075274035334587,0.5700958967208862,0.8215469717979431,-0.005162795539945364,0.030751805752515793,-0.1359495222568512,-9.861123085021973,0.7187755703926086,0.053319234400987625,0.08685906231403351
1781548281034323,216739976,-0.005084170028567314,0.5701025724411011,0.8215422630310059,-0.00517260329797864,0.02263023890554905,-0.12675151228904724,-9.857254028320312,0.8242615461349487,0.04613487794995308,0.12216616421937943
1781548281035713,216756643,-0.005073336884379387,0.5701058506965637,0.8215400576591492,-0.0051635573618113995,0.03485371544957161,-0.12272828072309494,-9.86468505859375,0.6401574611663818,0.009675197303295135,0.18545517325401306
1781548281064224,216773310,-0.005074892658740282,0.570102334022522,0.821542501449585,-0.005166137125343084,0.022480038926005363,-0.1395149976015091,-9.84526252746582,0.7544540762901306,0.0336102657020092,0.1319374144077301
1781548281066196,216789977,-0.0050805252976715565,0.5700973272323608,0.8215458989143372,-0.005172010976821184,0.028441576287150383,-0.1380666345357895,-9.862035751342773,0.7891849875450134,0.04318941757082939,0.08953560143709183
1781548281094851,216806644,-0.005076313391327858,0.5701020956039429,0.8215425610542297,-0.0051694163121283054,0.03670976683497429,-0.12434115260839462,-9.853663444519043,0.7026907801628113,0.02127774804830551,0.16082853078842163
1781548281124368,216823311,-0.005071922671049833,0.570103108882904,0.821541965007782,-0.0051775104366242886,0.0367167703807354,-0.13702593743801117,-9.870684623718262,0.7623299956321716,-0.02165553905069828,0.14215688407421112
1781548281126488,216839978,-0.005083119031041861,0.5700873136520386,0.8215527534484863,-0.005177680868655443,0.04036465287208557,-0.1288185566663742,-9.877248764038086,0.7788373827934265,0.09655347466468811,0.011762631125748158
1781548281154882,216856645,-0.005078038200736046,0.5700905323028564,0.8215504884719849,-0.00517668854445219,0.031341880559921265,-0.13891419768333435,-9.86147403717041,0.7084536552429199,0.009521521627902985,0.11543002724647522
1781548281156177,216873312,-0.005077223293483257,0.5700904130935669,0.8215505480766296,-0.005174686666578054,0.018213624134659767,-0.12053606659173965,-9.864173889160156,0.7194031476974487,0.03770829737186432,0.11585265398025513
1781548281184877,216889979,-0.005074008833616972,0.570092499256134,0.8215491771697998,-0.005171758588403463,0.02426113188266754,-0.13862811028957367,-9.87697696685791,0.7047141194343567,0.028077920898795128,0.14592193067073822
1781548281188035,216906646,-0.005065849516540766,0.5700957179069519,0.8215470314025879,-0.005180045962333679,0.03693864494562149,-0.1301274597644806,-9.853466987609863,0.7487295866012573,-0.04378490522503853,0.1540667712688446
1781548281215043,216923313,-0.005069540347903967,0.570085883140564,0.8215538263320923,-0.005182279739528894,0.02527305670082569,-0.11443863064050674,-9.85736083984375,0.7611133456230164,0.04625013470649719,0.0560469850897789
1781548281218700,216939980,-0.005068270955234766,0.5700854063034058,0.8215541243553162,-0.005186430178582668,0.020234180614352226,-0.1561872810125351,-9.866738319396973,0.7522258162498474,0.01200595311820507,0.1886311173439026
1781548281244406,216956647,-0.005072539672255516,0.570148229598999,0.8215121626853943,-0.004927121102809906,0.04384445399045944,-0.134107768535614,-9.86263656616211,0.6816115379333496,0.051116541028022766,0.16400451958179474
1781548281274179,216973314,-0.0050687058828771114,0.5701496005058289,0.8215112090110779,-0.004933199845254421,0.03313010185956955,-0.12924055755138397,-9.84602165222168,0.7547742128372192,-0.012178837321698666,0.11672346293926239
1781548281276116,216989981,-0.005063542164862156,0.5701469779014587,0.8215129375457764,-0.004940835293382406,0.017830969765782356,-0.12507426738739014,-9.87376880645752,0.758296012878418,-0.025574281811714172,0.10938543826341629
1781548281304820,217006648,-0.00506793474778533,0.5701501369476318,0.8215106129646301,-0.004947083070874214,0.01665813848376274,-0.1243375763297081,-9.853771209716797,0.7878786325454712,0.03404567763209343,0.15322156250476837
1781548281305821,217023315,-0.0050664618611335754,0.5701557993888855,0.8215066194534302,-0.004962539300322533,0.024997688829898834,-0.14437507092952728,-9.873435974121094,0.8168721795082092,-0.035345520824193954,0.15199215710163116
1781548281334247,217039982,-0.005064339376986027,0.5701555013656616,0.8215067982673645,-0.004968577995896339,0.02309514582157135,-0.1437527984380722,-9.855051040649414,0.7611517906188965,-0.0022795305121690035,0.11559652537107468
1781548281336977,217056649,-0.005065190140157938,0.5701491236686707,0.8215113282203674,-0.004954771604388952,0.018177861347794533,-0.13285252451896667,-9.847122192382812,0.6608012914657593,0.09205843508243561,0.07167073339223862
1781548281364437,217073316,-0.005075362045317888,0.5701534748077393,0.8215084075927734,-0.004951972980052233,0.02975423075258732,-0.13597452640533447,-9.84864330291748,0.7593973278999329,0.10243158787488937,0.1775280237197876
1781548281365784,217089983,-0.005058297887444496,0.5701656341552734,0.8215000629425049,-0.0049553425051271915,0.017069237306714058,-0.12959817051887512,-9.852919578552246,0.6874385476112366,-0.07544220983982086,0.22245271503925323
1781548281396093,217106650,-0.0050534470938146114,0.5701620578765869,0.8215023875236511,-0.004960936028510332,0.011540421284735203,-0.12856823205947876,-9.862381935119629,0.747948408126831,-0.015649359673261642,0.1175558790564537
1781548281424216,217123317,-0.005050397478044033,0.5701665282249451,0.821499228477478,-0.004971018061041832,0.013925750739872456,-0.12819629907608032,-9.847577095031738,0.780348539352417,-0.022961784154176712,0.1594582498073578
1781548281425908,217139984,-0.005049389321357012,0.5701655149459839,0.8215000033378601,-0.00497814454138279,0.03486097976565361,-0.12590038776397705,-9.878633499145508,0.7718194723129272,-0.00039699679473415017,0.10382746905088425
1781548281454653,217156651,-0.005049051716923714,0.5701704025268555,0.8214964866638184,-0.004981451667845249,0.03737494349479675,-0.13012388348579407,-9.870511054992676,0.7526867389678955,0.019139088690280914,0.1781299114227295
1781548281455728,217173318,-0.005045305471867323,0.5701632499694824,0.821501612663269,-0.004975419957190752,0.016178762540221214,-0.12153740227222443,-9.845534324645996,0.6867085099220276,0.03565927967429161,0.07105603069067001
1781548281484677,217189985,-0.005042633041739464,0.5701700448989868,0.8214970231056213,-0.0049689095467329025,0.045339155942201614,-0.1461452841758728,-9.846357345581055,0.6881555914878845,0.04416269809007645,0.16545161604881287
1781548281486133,217206652,-0.0050377510488033295,0.5701807737350464,0.8214893937110901,-0.004982193931937218,0.03170665353536606,-0.11350882053375244,-9.845041275024414,0.7912850379943848,-0.046128466725349426,0.17249511182308197
1781548281514211,217223319,-0.005025723483413458,0.5701822638511658,0.8214883208274841,-0.004985548090189695,0.004541783127933741,-0.12467016279697418,-9.877423286437988,0.7071345448493958,-0.04743471369147301,0.14594756066799164
1781548281516073,217239986,-0.0050253188237547874,0.5701854228973389,0.8214861750602722,-0.004983560182154179,0.02889217808842659,-0.14211490750312805,-9.868046760559082,0.7225278615951538,0.03957802429795265,0.16688594222068787
1781548281544909,217256653,-0.005025514867156744,0.5701806545257568,0.8214895129203796,-0.0049822330474853516,0.02556999772787094,-0.12641535699367523,-9.864718437194824,0.7285979986190796,0.039936598390340805,0.11434148997068405
1781548281574692,217273320,-0.005027029663324356,0.5701806545257568,0.8214895129203796,-0.004980503115803003,0.03387397900223732,-0.11308682709932327,-9.832496643066406,0.731492280960083,0.049105945974588394,0.14567863941192627
1781548281576608,217289987,-0.005034877918660641,0.5701831579208374,0.8214876055717468,-0.004986575338989496,0.027028974145650864,-0.1343187689781189,-9.84277057647705,0.8004416823387146,0.05424129217863083,0.1458195000886917
1781548281604398,217306654,-0.005046542268246412,0.5701850056648254,0.821486234664917,-0.004987797699868679,0.03742500767111778,-0.1453370600938797,-9.86056900024414,0.7881730794906616,0.09410744905471802,0.09753955155611038
1781548281605959,217323321,-0.005046763923019171,0.570192813873291,0.821480929851532,-0.004978783428668976,0.029639428481459618,-0.1460058093070984,-9.872212409973145,0.6852741837501526,0.07051816582679749,0.18623632192611694
1781548281634351,217339988,-0.005049857310950756,0.5701863169670105,0.8214854598045349,-0.004982810467481613,0.03670626878738403,-0.12908679246902466,-9.869073867797852,0.7703980803489685,0.03483967483043671,0.07452656328678131
1781548281636494,217356655,-0.005052759777754545,0.5701974630355835,0.8214777112007141,-0.004978259094059467,0.01217698585242033,-0.11144176870584488,-9.856191635131836,0.7209782600402832,0.0683923065662384,0.21009457111358643
1781548281664427,217373322,-0.005056959576904774,0.5701942443847656,0.821479856967926,-0.0049799964763224125,0.01672949828207493,-0.12263172119855881,-9.847426414489746,0.7616896033287048,0.050412192940711975,0.11527634412050247
1781548281666553,217389989,-0.005058966111391783,0.5701941847801208,0.8214799761772156,-0.0049811843782663345,0.015316896140575409,-0.12390127778053284,-9.828729629516602,0.749882161617279,0.04075620323419571,0.169063001871109
1781548281694868,217406656,-0.005053615663200617,0.5701913833618164,0.8214820623397827,-0.004975176881998777,0.020749248564243317,-0.1342114955186844,-9.903523445129395,0.680561363697052,0.02663080208003521,0.0993964821100235
1781548281724789,217423323,-0.005037221591919661,0.5701916217803955,0.8214820027351379,-0.004974604584276676,0.03948501870036125,-0.13111808896064758,-9.821761131286621,0.667870283126831,-0.05683457851409912,0.12768571078777313
1781548281726489,217439990,-0.005040351301431656,0.5701891183853149,0.8214837312698364,-0.004969258792698383,0.03138121962547302,-0.12606845796108246,-9.8904447555542,0.7175333499908447,0.071965292096138,0.10131744295358658
1781548281754216,217456657,-0.005036782007664442,0.5701895356178284,0.8214834332466125,-0.004971289541572332,0.035797711461782455,-0.11980650573968887,-9.826107025146484,0.7329010963439941,0.005244200583547354,0.12157709151506424
1781548281756457,217473324,-0.005034678149968386,0.570196270942688,0.8214787840843201,-0.0049665444530546665,0.02698265202343464,-0.1268373429775238,-9.9002046585083,0.700334370136261,0.040346402674913406,0.17308419942855835
