host_t_us,sensor_t_us,qw,qx,qy,qz,ax,ay,az,gx,gy,gz
1781548220088192,151690170,-0.6323268413543701,-0.508192241191864,0.2840942442417145,-0.5110713243484497,8.977947235107422,3.5619709491729736,3.284917116165161,3.995344877243042,-3.1914708614349365,5.725624084472656
1781548220108151,151706837,-0.6317327618598938,-0.5084619522094727,0.28486907482147217,-0.511106550693512,8.913811683654785,3.5280792713165283,3.3416309356689453,0.9879651069641113,-5.191579341888428,4.915212154388428
1781548220109335,151723504,-0.6312230229377747,-0.5087294578552246,0.28603366017341614,-0.5108195543289185,8.888108253479004,3.4244649410247803,3.3651123046875,-1.3161600828170776,-7.837436199188232,4.586959362030029
1781548220138683,151740171,-0.6305044889450073,-0.5092365741729736,0.28716740012168884,-0.5105656981468201,8.836705207824707,3.3213629722595215,3.286468505859375,0.6269798874855042,-8.839431762695312,4.884708404541016
1781548220140005,151756838,-0.629231333732605,-0.5103595852851868,0.28779590129852295,-0.5106613636016846,8.701349258422852,3.2828264236450195,3.2657577991485596,7.7039899826049805,-8.682530403137207,5.3616180419921875
1781548220167758,151773505,-0.6272966861724854,-0.5121135115623474,0.28807953000068665,-0.5111254453659058,8.593382835388184,3.407841444015503,3.3978662490844727,14.693787574768066,-9.421412467956543,6.8197550773620605
1781548220169761,151790172,-0.6255744099617004,-0.5134470462799072,0.2883140444755554,-0.5117655992507935,8.711529731750488,3.5902531147003174,3.488111734390259,12.652384757995605,-6.693526744842529,7.490998268127441
1781548220228365,151806839,-0.6242589950561523,-0.514419436454773,0.2884872257709503,-0.5122973322868347,8.773165702819824,3.709848403930664,3.4751830101013184,9.664566993713379,-4.7355475425720215,6.093859672546387
1781548220229628,151823506,-0.6235047578811646,-0.5147876143455505,0.28939831256866455,-0.5123324394226074,8.78592300415039,3.680752992630005,3.4459640979766846,1.5031135082244873,-6.418210029602051,5.794163227081299
1781548220231470,151840173,-0.6231840252876282,-0.514618456363678,0.2908984124660492,-0.5120432376861572,8.821980476379395,3.5881378650665283,3.426771640777588,-5.054463863372803,-7.335543632507324,6.031556606292725
1781548220258911,151856840,-0.6230483651161194,-0.5141136050224304,0.292741984128952,-0.5116645693778992,8.71513843536377,3.465399742126465,3.4461073875427246,-8.537690162658691,-7.573154926300049,6.882386207580566
1781548220260015,151873507,-0.6230623126029968,-0.5131818652153015,0.2949802577495575,-0.5112969279289246,8.64871883392334,3.2747116088867188,3.3795676231384277,-12.261913299560547,-7.423081398010254,8.658171653747559
1781548220288408,151890174,-0.622511088848114,-0.5126685500144958,0.2970910370349884,-0.5112611055374146,8.718889236450195,3.1085944175720215,3.2318859100341797,-7.353322982788086,-8.323531150817871,10.767388343811035
1781548220290581,151906841,-0.6209557056427002,-0.513042688369751,0.2984817326068878,-0.5119669437408447,8.806899070739746,3.166114330291748,3.2178802490234375,4.030834197998047,-7.798368453979492,13.120941162109375
1781548220318331,151923508,-0.6187497973442078,-0.5140122771263123,0.2993614971637726,-0.5131499767303467,8.876097679138184,3.4100210666656494,3.307150363922119,11.64436149597168,-7.3648786544799805,14.423407554626465
1781548220320313,151940175,-0.6166775822639465,-0.5146973133087158,0.3007761240005493,-0.5141299962997437,8.947723388671875,3.6063668727874756,3.374816656112671,7.657701015472412,-9.079214096069336,15.564249038696289
1781548220347965,151956842,-0.615131139755249,-0.5145013332366943,0.3031611442565918,-0.5147774815559387,8.982683181762695,3.599651575088501,3.3487014770507812,-2.057445526123047,-10.168844223022461,17.552082061767578
1781548220378082,151973509,-0.6138260364532471,-0.5136599540710449,0.30629727244377136,-0.5153186917304993,9.083514213562012,3.485132932662964,3.2454946041107178,-8.5194673538208,-10.93508243560791,20.251266479492188
1781548220379453,151990176,-0.6126880645751953,-0.5122642517089844,0.3095621168613434,-0.5161106586456299,9.279706954956055,3.3780109882354736,3.19069504737854,-11.378073692321777,-8.277379035949707,22.33934211730957
1781548220409153,152006843,-0.6119168400764465,-0.5104937553405762,0.31257328391075134,-0.5169641971588135,9.467018127441406,3.3467183113098145,3.164252519607544,-13.217743873596191,-4.881471157073975,21.20184898376465
1781548220410961,152023510,-0.6122304201126099,-0.5077953934669495,0.31574776768684387,-0.5173214077949524,9.52454948425293,3.3315088748931885,3.1711175441741943,-22.5762882232666,-1.6809533834457397,17.82534408569336
1781548220438319,152040177,-0.6139566898345947,-0.5039520859718323,0.3195106089115143,-0.5167230367660522,9.422690391540527,3.109955310821533,2.954669713973999,-36.49397277832031,-0.35490426421165466,13.318719863891602
1781548220439347,152056844,-0.6160659193992615,-0.4999327063560486,0.3237411081790924,-0.5154825448989868,9.434868812561035,2.725781202316284,2.750004768371582,-41.636470794677734,-3.0869016647338867,11.254390716552734
1781548220467589,152073511,-0.617599368095398,-0.49657773971557617,0.32734060287475586,-0.5146163702011108,9.438738822937012,2.387242078781128,2.6172518730163574,-33.774925231933594,-2.763699531555176,11.231724739074707
1781548220469494,152090178,-0.6180719137191772,-0.49419644474983215,0.33001887798309326,-0.5146307945251465,9.319371223449707,2.2390058040618896,2.6347715854644775,-20.77739906311035,-1.6772639751434326,13.387177467346191
1781548220497678,152106845,-0.6177706122398376,-0.4924665689468384,0.33187490701675415,-0.5154567360877991,9.118080139160156,2.2297685146331787,2.651451587677002,-10.628746032714844,0.5140666961669922,15.301628112792969
1781548220527596,152123512,-0.6169339418411255,-0.4914696216583252,0.33283719420433044,-0.5167879462242126,8.990962028503418,2.2947404384613037,2.6736643314361572,-1.3843673467636108,2.2022006511688232,14.645269393920898
1781548220529509,152140179,-0.616054117679596,-0.4910535514354706,0.33307594060897827,-0.518077552318573,8.843667984008789,2.449183464050293,2.7115445137023926,3.69948148727417,2.9673290252685547,10.847208023071289
1781548220557839,152156846,-0.6159323453903198,-0.49035266041755676,0.33351415395736694,-0.5186039209365845,8.739468574523926,2.5439860820770264,2.655877113342285,-2.5204694271087646,2.297504186630249,6.240707874298096
1781548220559811,152173513,-0.6167949438095093,-0.48890966176986694,0.3346307575702667,-0.5182217359542847,8.800525665283203,2.409086227416992,2.483555793762207,-13.483379364013672,1.265479564666748,2.872972011566162
1781548220588250,152190180,-0.61748868227005,-0.4877367913722992,0.3357013165950775,-0.5178084373474121,8.956588745117188,2.205573081970215,2.328413724899292,-11.681469917297363,0.004232500214129686,2.5653371810913086
1781548220589953,152206847,-0.6172769069671631,-0.4874393045902252,0.33617115020751953,-0.5180360674858093,9.02851390838623,2.1559460163116455,2.301542282104492,-1.2971681356430054,-0.49710410833358765,4.479513645172119
1781548220617564,152223514,-0.6163281202316284,-0.4878511428833008,0.33608582615852356,-0.5188328623771667,9.13634967803955,2.213716506958008,2.4241018295288086,7.48443603515625,-0.4604140520095825,6.022053241729736
1781548220622524,152240181,-0.6146600246429443,-0.4891121983528137,0.33567014336586,-0.5198924541473389,9.079496383666992,2.334069013595581,2.498305082321167,15.237428665161133,-2.882199764251709,6.617335796356201
1781548220648173,152256848,-0.6127867698669434,-0.49062612652778625,0.33550482988357544,-0.5207829475402832,9.086751937866211,2.450796127319336,2.6452627182006836,15.720942497253418,-5.882551193237305,6.897666931152344
1781548220678284,152273515,-0.6113161444664001,-0.4917210638523102,0.33554571866989136,-0.5214518308639526,9.198568344116211,2.532069444656372,2.763838291168213,11.414044380187988,-5.051609039306641,6.205314636230469
1781548220679934,152290182,-0.6104167103767395,-0.49243074655532837,0.335470050573349,-0.5218845009803772,9.268426895141602,2.5574707984924316,2.8200223445892334,7.689389705657959,-2.6741201877593994,3.64414381980896
1781548220708469,152306849,-0.6100864410400391,-0.4928072690963745,0.3355143368244171,-0.5218867659568787,9.257877349853516,2.5377020835876465,2.844228506088257,2.933441638946533,-2.1279032230377197,0.9681920409202576
1781548220709461,152323516,-0.6103116869926453,-0.4926760494709015,0.3359939455986023,-0.5214385986328125,9.282171249389648,2.385162353515625,2.7430901527404785,-3.672041177749634,-2.3749375343322754,-0.2657189667224884
1781548220737877,152340183,-0.6103701591491699,-0.4927310347557068,0.33636948466300964,-0.521075963973999,9.365278244018555,2.19279146194458,2.67145037651062,-1.7571463584899902,-2.701653003692627,-0.09267955273389816
1781548220739775,152356850,-0.609691858291626,-0.4935528039932251,0.33585137128829956,-0.5214265584945679,9.424386024475098,2.139543294906616,2.7432034015655518,8.800480842590332,-0.9868830442428589,0.737165629863739
1781548220768057,152373517,-0.6082839965820312,-0.49520090222358704,0.3343692123889923,-0.5224593877792358,9.440673828125,2.3102967739105225,2.8433241844177246,19.77658462524414,0.723514974117279,1.033902883529663
1781548220770487,152390184,-0.6067546606063843,-0.49691498279571533,0.3326473534107208,-0.5237082839012146,9.345114707946777,2.572061538696289,2.9719326496124268,21.82917022705078,1.9462929964065552,1.4072599411010742
1781548220797778,152406851,-0.6055358648300171,-0.4981805384159088,0.3314201831817627,-0.5246935486793518,9.297575950622559,2.713578939437866,2.958592176437378,16.50852394104004,1.306524395942688,1.9046070575714111
1781548220828365,152423518,-0.6044745445251465,-0.49919283390045166,0.3304702639579773,-0.525553822517395,9.250732421875,2.713106870651245,2.9357080459594727,13.63231086730957,0.996789276599884,2.344158887863159
1781548220829422,152440185,-0.6033761501312256,-0.5002434253692627,0.3294577896595001,-0.5264519453048706,9.233362197875977,2.7474424839019775,2.9453787803649902,14.2258939743042,1.1629199981689453,2.333024263381958
1781548220858081,152456852,-0.6024205088615417,-0.5010405778884888,0.3288009464740753,-0.527198076248169,9.299042701721191,2.7810776233673096,2.9749948978424072,11.05426025390625,0.4058525860309601,2.983093023300171
1781548220858885,152473519,-0.6019530296325684,-0.5010906457901001,0.32864364981651306,-0.5277822613716125,9.385771751403809,2.7811920642852783,3.0033955574035645,4.098601818084717,1.589837908744812,3.952366352081299
1781548220888182,152490186,-0.601822018623352,-0.5006571412086487,0.3287942707538605,-0.5282490849494934,9.355090141296387,2.7014858722686768,2.991884708404541,-0.44640377163887024,2.4256956577301025,4.398731231689453
1781548220890628,152506853,-0.6019337177276611,-0.5000239014625549,0.32922375202178955,-0.5284542441368103,9.268430709838867,2.597386598587036,2.9896750450134277,-3.7116899490356445,1.644546627998352,3.8467140197753906
1781548220918638,152523520,-0.6021373867988586,-0.4993599057197571,0.32988905906677246,-0.528435230255127,9.232928276062012,2.481255054473877,3.0010414123535156,-5.521061420440674,0.217829629778862,3.4648802280426025
1781548220919669,152540187,-0.6023879051208496,-0.4986589848995209,0.33044129610061646,-0.5284664630889893,9.160445213317871,2.3678393363952637,3.0237534046173096,-5.308258533477783,1.0986377000808716,3.1982645988464355
1781548220947765,152556854,-0.6025448441505432,-0.49811220169067383,0.33061620593070984,-0.5286937952041626,9.088212013244629,2.3163869380950928,3.0345382690429688,-2.5313029289245605,2.561762809753418,2.707038164138794
1781548220978105,152573521,-0.6024652719497681,-0.4980015456676483,0.33049291372299194,-0.5289656519889832,9.065129280090332,2.3166940212249756,3.03694486618042,1.269563913345337,1.8266273736953735,1.7384814023971558
1781548220980146,152590188,-0.6023911237716675,-0.4979020357131958,0.33033379912376404,-0.5292431116104126,9.130826950073242,2.322763442993164,3.013226270675659,1.4437812566757202,1.9662162065505981,1.5944095849990845
1781548221008481,152606855,-0.6024254560470581,-0.4976958930492401,0.3301861584186554,-0.5294898152351379,9.157115936279297,2.3089053630828857,2.960116147994995,0.5133617520332336,2.44663405418396,1.352369785308838
1781548221010212,152623522,-0.6023326516151428,-0.49766167998313904,0.32992202043533325,-0.5297920107841492,9.201432228088379,2.274397134780884,2.963109016418457,2.218501567840576,2.2060797214508057,1.2582303285598755
1781548221037834,152640189,-0.6018892526626587,-0.49807825684547424,0.3291644752025604,-0.5303758382797241,9.257746696472168,2.308281421661377,2.9678730964660645,7.71498966217041,2.773747205734253,0.9887466430664062
1781548221039269,152656856,-0.6013427972793579,-0.4986903667449951,0.3279867172241211,-0.5311494469642639,9.178053855895996,2.45806884765625,3.049644947052002,10.835925102233887,4.215435981750488,0.26717260479927063
1781548221068340,152673523,-0.6009888052940369,-0.49915826320648193,0.3272184729576111,-0.5315843224525452,9.126667976379395,2.57723331451416,3.0803849697113037,7.322563171386719,2.322144031524658,-0.10620307922363281
1781548221070036,152690190,-0.600953996181488,-0.4992433190345764,0.3270568251609802,-0.531643271446228,9.22879409790039,2.5835161209106445,3.0321593284606934,1.5798618793487549,0.6413099765777588,0.11615999788045883
1781548221098136,152706857,-0.6010245084762573,-0.49920377135276794,0.326869934797287,-0.5317153930664062,9.300355911254883,2.5541491508483887,3.0438497066497803,0.8293456435203552,1.48496675491333,-0.019081462174654007
1781548221128187,152723524,-0.6011426448822021,-0.49908730387687683,0.3266937732696533,-0.5317995548248291,9.306413650512695,2.564894914627075,3.0276827812194824,0.3351869583129883,1.8690418004989624,0.06621523201465607
1781548221129071,152740191,-0.6014635562896729,-0.4986841380596161,0.32678908109664917,-0.5317565202713013,9.281506538391113,2.5301976203918457,3.0030758380889893,-2.8223400115966797,1.815152645111084,0.3747842311859131
1781548221158123,152756858,-0.6019452214241028,-0.49805864691734314,0.327099472284317,-0.5316064357757568,9.241497039794922,2.4344937801361084,3.0010621547698975,-5.319463729858398,1.7330642938613892,0.5816068649291992
1781548221159817,152773525,-0.6022961735725403,-0.4976401627063751,0.32727035880088806,-0.5314958691596985,9.21284294128418,2.3345446586608887,2.970750093460083,-3.4166953563690186,1.3948609828948975,0.2795305848121643
1781548221188092,152790192,-0.6022472381591797,-0.49776923656463623,0.32705527544021606,-0.5315627455711365,9.187000274658203,2.2933547496795654,2.9775004386901855,2.030094623565674,0.6998094320297241,-0.07677407562732697
1781548221190063,152806859,-0.6018813252449036,-0.49836891889572144,0.3264593482017517,-0.5317815542221069,9.151444435119629,2.3573083877563477,3.023115396499634,6.795990943908691,0.3636043071746826,-0.6510108113288879
1781548221217847,152823526,-0.601487934589386,-0.49905699491500854,0.3257425129413605,-0.5320209860801697,9.204322814941406,2.46103835105896,3.050273895263672,7.7444167137146,0.5493733286857605,-1.0781794786453247
1781548221221123,152840193,-0.601263701915741,-0.4995887279510498,0.3250543773174286,-0.5321964025497437,9.211277961730957,2.5563955307006836,3.0301856994628906,6.2696380615234375,1.1629257202148438,-1.5131858587265015
1781548221247766,152856860,-0.6012592911720276,-0.4998762905597687,0.32462581992149353,-0.5321928262710571,9.229812622070312,2.6203718185424805,3.016202449798584,3.151931047439575,0.8581215739250183,-1.6210918426513672
1781548221278166,152873527,-0.6016215682029724,-0.4997612535953522,0.32449111342430115,-0.5319734811782837,9.232650756835938,2.6137351989746094,3.017474889755249,-1.3296191692352295,1.1939423084259033,-1.946168065071106
1781548221280235,152890194,-0.6023584008216858,-0.4992523789405823,0.3245841860771179,-0.5315605998039246,9.200312614440918,2.509909152984619,3.0206637382507324,-5.506218910217285,1.8631641864776611,-2.4539787769317627
1781548221337937,152906861,-0.6030588746070862,-0.4988582134246826,0.32455405592918396,-0.5311548113822937,9.184268951416016,2.4053285121917725,3.02815318107605,-4.444572448730469,1.896550178527832,-2.9716243743896484
1781548221339802,152923528,-0.6034054756164551,-0.49891018867492676,0.324157178401947,-0.5309546589851379,9.145503997802734,2.3849575519561768,3.0004117488861084,0.4221036732196808,1.7048388719558716,-3.079261064529419
1781548221341778,152940195,-0.6032683849334717,-0.4995158016681671,0.3235511779785156,-0.5309107303619385,9.204581260681152,2.462291717529297,2.999224901199341,5.4755024909973145,0.0055259400978684425,-2.620729923248291
1781548221367626,152956862,-0.6029694080352783,-0.5002117156982422,0.32280275225639343,-0.5310506224632263,9.246706008911133,2.5825419425964355,3.0946521759033203,7.352081298828125,0.5420352220535278,-1.951751947402954
1781548221369289,152973529,-0.6029399633407593,-0.5005220770835876,0.32217222452163696,-0.53117436170578,9.241560935974121,2.68544602394104,3.102911949157715,4.355689525604248,2.002394437789917,-1.7432259321212769
1781548221372246,152990196,-0.6032400131225586,-0.5004802346229553,0.3218784034252167,-0.5310512781143188,9.231841087341309,2.7033884525299072,3.0927345752716064,-0.015265167690813541,1.77277672290802,-2.0315864086151123
1781548221397859,153006863,-0.6036747097969055,-0.5003435015678406,0.3217231035232544,-0.5307801961898804,9.20165729522705,2.6519389152526855,3.0296218395233154,-1.703808069229126,1.3344151973724365,-2.4494705200195312
1781548221427890,153023530,-0.6042261719703674,-0.5001183748245239,0.32166606187820435,-0.5303992033004761,9.159331321716309,2.6295719146728516,3.0196354389190674,-3.071641683578491,1.129744291305542,-2.7974960803985596
1781548221429096,153040197,-0.6048048734664917,-0.49984103441238403,0.32166415452957153,-0.5300021171569824,9.121755599975586,2.5870602130889893,3.0085837841033936,-3.598623514175415,1.1016343832015991,-2.651414155960083
1781548221457845,153056864,-0.6052129864692688,-0.49968311190605164,0.3216210901737213,-0.5297114253044128,9.117111206054688,2.55928373336792,2.983415126800537,-2.1473817825317383,0.8212905526161194,-1.998763918876648
1781548221459469,153073531,-0.6053475141525269,-0.4997430145740509,0.32137441635131836,-0.529650866985321,9.074142456054688,2.5638389587402344,2.9877004623413086,0.9426944255828857,1.0589888095855713,-1.2282310724258423
1781548221488162,153090198,-0.6052500605583191,-0.4999692142009735,0.32098501920700073,-0.5297850966453552,9.013988494873047,2.614839553833008,2.99625563621521,3.37933349609375,1.203239917755127,-0.43183013796806335
1781548221489177,153106865,-0.6050717234611511,-0.5002591013908386,0.3205949068069458,-0.5299510359764099,8.927589416503906,2.6622965335845947,3.0308117866516113,3.993358850479126,0.9039553999900818,-0.14788773655891418
1781548221517723,153123532,-0.6049425005912781,-0.5005180835723877,0.3203606605529785,-0.5299956202507019,8.947566986083984,2.6862618923187256,2.9966633319854736,2.864863872528076,0.06096462905406952,-0.22563506662845612
1781548221519314,153140199,-0.6048973798751831,-0.5006651282310486,0.32023024559020996,-0.529987096786499,8.990252494812012,2.7057082653045654,3.0165889263153076,1.6020551919937134,0.034929316490888596,-0.15397074818611145
1781548221548006,153156866,-0.6048838496208191,-0.5007115602493286,0.32017844915390015,-0.5299898386001587,9.06985092163086,2.7157678604125977,3.0336556434631348,0.8250938653945923,0.1869150698184967,0.2745489180088043
1781548221578738,153173533,-0.6049752831459045,-0.5005656480789185,0.3203667998313904,-0.5299098491668701,9.116681098937988,2.711225986480713,3.0401296615600586,-1.3978898525238037,-0.16611114144325256,0.7969326376914978
1781548221579898,153190200,-0.6051722764968872,-0.5002089738845825,0.3208244740962982,-0.5297446250915527,9.151834487915039,2.6565499305725098,2.9894371032714844,-3.813782215118408,-0.5818436741828918,1.4470854997634888
1781548221607718,153206867,-0.6052702069282532,-0.49996501207351685,0.32120561599731445,-0.5296321511268616,9.175374984741211,2.6330199241638184,2.9811408519744873,-2.582643747329712,-0.7031583189964294,1.523411512374878
1781548221610000,153223534,-0.6052727699279785,-0.4997885227203369,0.3215131163597107,-0.5296090245246887,9.189127922058105,2.59899640083313,3.0231773853302,-1.532638430595398,-0.5524019002914429,1.8327745199203491
1781548221638067,153240201,-0.6054059267044067,-0.4994489550590515,0.321829617023468,-0.5295849442481995,9.151459693908691,2.6006858348846436,3.0159239768981934,-2.6320765018463135,0.30703863501548767,1.7644269466400146
1781548221639608,153256868,-0.605607807636261,-0.4991045892238617,0.32219699025154114,-0.5294554829597473,9.15385913848877,2.5462543964385986,3.00091552734375,-3.332775831222534,-0.10402598977088928,1.2531206607818604
1781548221668733,153273535,-0.6055589914321899,-0.499151349067688,0.32227858901023865,-0.5294174551963806,9.221046447753906,2.5129988193511963,2.934717893600464,0.3693671226501465,-0.5880419611930847,0.6893464922904968
1781548221670633,153290202,-0.6052297949790955,-0.4995521008968353,0.32210615277290344,-0.5295209884643555,9.31800365447998,2.5452425479888916,2.950500726699829,4.043124198913574,-0.9548797607421875,0.6427186727523804
1781548221697792,153306869,-0.6048938035964966,-0.49992939829826355,0.32194235920906067,-0.52964848279953,9.344353675842285,2.6153321266174316,2.998060703277588,3.984689235687256,-0.8391104340553284,0.8473513126373291
1781548221728305,153323536,-0.6047244668006897,-0.5000292658805847,0.32201507687568665,-0.5297034382820129,9.305502891540527,2.645205020904541,3.0341193675994873,1.1935323476791382,-0.7057449817657471,1.3516011238098145
1781548221730437,153340203,-0.6046187281608582,-0.5000168681144714,0.3221452236175537,-0.5297564268112183,9.245464324951172,2.5982186794281006,3.0411550998687744,0.34661027789115906,-0.3862651586532593,1.5747777223587036
1781548221758945,153356870,-0.6044485569000244,-0.5001091361045837,0.3220751881599426,-0.5299062132835388,9.16545581817627,2.6107027530670166,3.051668167114258,1.940924048423767,0.25295743346214294,1.2900925874710083
1781548221760443,153373537,-0.604431688785553,-0.5000950694084167,0.3220583498477936,-0.5299488306045532,9.107076644897461,2.637678861618042,3.072826862335205,0.556659996509552,0.39486458897590637,0.7095165848731995
1781548221787886,153390204,-0.6046851873397827,-0.4998336732387543,0.322282075881958,-0.5297701358795166,9.107748985290527,2.6278483867645264,3.062800645828247,-2.7848687171936035,0.1288895159959793,0.17410872876644135
1781548221789802,153406871,-0.6050487160682678,-0.4993981420993805,0.32259416580200195,-0.5295758843421936,9.123636245727539,2.5465502738952637,2.9975926876068115,-4.250837326049805,0.5841808319091797,0.3956969976425171
1781548221819244,153423538,-0.6051489114761353,-0.49922505021095276,0.32257670164108276,-0.5296353101730347,9.107648849487305,2.503910541534424,2.9682798385620117,-0.48442578315734863,1.2888630628585815,0.6981317400932312
1781548221821157,153440205,-0.6049486994743347,-0.49939706921577454,0.3223089575767517,-0.5298648476600647,9.088702201843262,2.5574448108673096,2.9979960918426514,3.287677764892578,0.9952902793884277,0.8814930319786072
1781548221847724,153456872,-0.6048264503479004,-0.4994891285896301,0.3222008943557739,-0.5299833416938782,9.123880386352539,2.6263022422790527,3.0086328983306885,1.888507604598999,0.4220268726348877,0.8694295883178711
1781548221877995,153473539,-0.604951798915863,-0.4992891252040863,0.322382390499115,-0.5299182534217834,9.121813774108887,2.611478805541992,3.0165176391601562,-1.694612979888916,0.1842513382434845,0.8278472423553467
1781548221879987,153490206,-0.6051374077796936,-0.4990358054637909,0.3226519525051117,-0.5297809839248657,9.163650512695312,2.5514984130859375,2.975493907928467,-2.5885987281799316,-0.09718739241361618,0.7338742017745972
1781548221908047,153506873,-0.6050868630409241,-0.4990993142127991,0.3227461278438568,-0.5297214388847351,9.191704750061035,2.51314640045166,2.95758318901062,0.3345851004123688,-0.7833131551742554,0.6066431403160095
1781548221910333,153523540,-0.6048386693000793,-0.4993695914745331,0.32265639305114746,-0.5298051238059998,9.228779792785645,2.5440540313720703,2.9936821460723877,2.879488468170166,-0.7138643264770508,0.8388863801956177
1781548221938569,153540207,-0.6046090126037598,-0.49963563680648804,0.32251590490341187,-0.5299018621444702,9.183276176452637,2.6013216972351074,3.014258861541748,3.0264029502868652,-0.3968815803527832,0.6655651926994324
1781548221940226,153556874,-0.6045165061950684,-0.4997159242630005,0.32255280017852783,-0.5299091339111328,9.170600891113281,2.616203784942627,3.0350899696350098,0.9173892736434937,-0.4664328694343567,0.8080615401268005
1781548221968617,153573541,-0.6045284271240234,-0.49966028332710266,0.3226362466812134,-0.529897153377533,9.167142868041992,2.616478443145752,3.0276598930358887,-0.20906364917755127,0.00348973018117249,0.8123003244400024
1781548221971443,153590208,-0.6044991612434387,-0.499703973531723,0.3225966989994049,-0.5299134254455566,9.144110679626465,2.58727765083313,2.9912545680999756,0.842497706413269,0.15411798655986786,0.432502418756485
1781548221997641,153606875,-0.6044531464576721,-0.4997449219226837,0.3226136863231659,-0.5299169421195984,9.169906616210938,2.6123979091644287,2.996978521347046,0.6633240580558777,-0.1487969607114792,0.6441401243209839
1781548222027475,153623542,-0.6044159531593323,-0.4997155964374542,0.3227142095565796,-0.5299257040023804,9.14590072631836,2.601895809173584,3.007690668106079,0.14199040830135345,-0.1757415235042572,1.1057322025299072
1781548222029456,153640209,-0.6042930483818054,-0.4997171461582184,0.3228215277194977,-0.5299990773200989,9.125584602355957,2.5993804931640625,3.024123191833496,0.5519088506698608,-0.32246389985084534,1.6000062227249146
1781548222057505,153656876,-0.6041953563690186,-0.49967893958091736,0.32292190194129944,-0.5300854444503784,9.12856388092041,2.5891709327697754,3.057039499282837,0.41237083077430725,-0.03108101338148117,1.6450843811035156
1781548222059338,153673543,-0.6042121052742004,-0.49952858686447144,0.32304441928863525,-0.5301333665847778,9.116826057434082,2.5970020294189453,3.012939214706421,-0.51826012134552,0.4335781931877136,1.423278570175171
1781548222087953,153690210,-0.6043595671653748,-0.4992499053478241,0.32325977087020874,-0.5300963521003723,9.120265007019043,2.587383270263672,2.988673686981201,-2.095643997192383,0.4953944683074951,1.1762568950653076
1781548222089806,153706877,-0.60458904504776,-0.49888601899147034,0.3235546052455902,-0.5299974679946899,9.138928413391113,2.556938648223877,2.9517486095428467,-3.200716495513916,0.434000700712204,1.0689523220062256
1781548222118033,153723544,-0.6047500371932983,-0.498630166053772,0.3237874209880829,-0.5299124121665955,9.127317428588867,2.5163211822509766,2.936933755874634,-2.293360948562622,0.18309879302978516,0.9124203324317932
1781548222120915,153740211,-0.6046695709228516,-0.4986732304096222,0.3238997757434845,-0.529895007610321,9.163841247558594,2.500429630279541,2.930238723754883,0.34586748480796814,-0.716233491897583,0.9880290031433105
1781548222147867,153756878,-0.6044377684593201,-0.4988560974597931,0.32387661933898926,-0.5300017595291138,9.214098930358887,2.5125629901885986,2.9419443607330322,2.2883219718933105,-0.5533239841461182,1.3027194738388062
1781548222178227,153773545,-0.6042236685752869,-0.49895671010017395,0.3238150477409363,-0.5301886200904846,9.227270126342773,2.5563602447509766,3.006481885910034,2.193580389022827,0.217624694108963,1.6198557615280151
1781548222179373,153790212,-0.6040290594100952,-0.49905186891555786,0.323718786239624,-0.5303797125816345,9.1687650680542,2.583712339401245,2.9990649223327637,2.200303792953491,0.4280714988708496,1.446752667427063
1781548222208576,153806879,-0.6038272976875305,-0.4992007911205292,0.32370641827583313,-0.5304766893386841,9.159074783325195,2.5975265502929688,2.974632501602173,1.9058219194412231,-0.4625782072544098,1.2414923906326294
1781548222209646,153823546,-0.6037225723266602,-0.4993518590927124,0.3237481117248535,-0.5304282903671265,9.207773208618164,2.6034111976623535,2.988582134246826,1.072448492050171,-0.9745504856109619,0.468821257352829
1781548222238179,153840213,-0.6038010120391846,-0.49923235177993774,0.3238445222377777,-0.5303927063941956,9.217905044555664,2.572572946548462,3.0260121822357178,-0.7892809510231018,0.25417405366897583,0.6634649634361267
1781548222239456,153856880,-0.6039239764213562,-0.498996376991272,0.32403507828712463,-0.5303581357002258,9.231449127197266,2.5309500694274902,2.9836554527282715,-1.8178359270095825,0.3764490783214569,1.0719491243362427
1781548222268204,153873547,-0.6038787364959717,-0.4989004135131836,0.3241635262966156,-0.5304214358329773,9.212873458862305,2.519160747528076,2.947179079055786,-0.1393458992242813,0.10590212047100067,1.58982515335083
1781548222269859,153890214,-0.6037026047706604,-0.4989766478538513,0.32416144013404846,-0.530551552772522,9.213944435119629,2.5479211807250977,2.9654927253723145,1.6296144723892212,-0.04883061349391937,1.506455898284912
1781548222297750,153906881,-0.6035295128822327,-0.49912184476852417,0.32416558265686035,-0.5306094288825989,9.235652923583984,2.6014561653137207,3.031374931335449,1.7370214462280273,-0.562544584274292,1.068555474281311
1781548222328098,153923548,-0.6034941673278809,-0.49911656975746155,0.32429319620132446,-0.5305765271186829,9.219371795654297,2.6075310707092285,3.0681982040405273,-0.05533623695373535,-0.5422207713127136,0.9350618720054626
1781548222330043,153940215,-0.6037099957466125,-0.49877503514289856,0.3246110677719116,-0.5304579138755798,9.196556091308594,2.5585732460021973,3.027552366256714,-3.1418075561523438,0.17561988532543182,1.083487629890442
1781548222358069,153956882,-0.6039761304855347,-0.498329758644104,0.3249579668045044,-0.530360996723175,9.168306350708008,2.4614241123199463,2.9593605995178223,-3.862215518951416,0.6043636202812195,1.3025914430618286
1781548222359222,153973549,-0.6039820909500122,-0.4982239007949829,0.3249930143356323,-0.5304321050643921,9.160062789916992,2.4284675121307373,2.8999643325805664,-0.07768330723047256,0.6479436755180359,1.1121737957000732
1781548222389183,153990216,-0.6037262678146362,-0.4985368847846985,0.3245636522769928,-0.5306922197341919,9.152674674987793,2.490799903869629,2.923271656036377,4.741787910461426,1.130000352859497,0.34659746289253235
1781548222390662,154006883,-0.6034722924232483,-0.49890467524528503,0.32416388392448425,-0.5308796167373657,9.14863395690918,2.5783848762512207,3.020416259765625,4.665040016174316,0.5546751022338867,0.008829979225993156
1781548222447663,154023550,-0.6034806966781616,-0.4988884925842285,0.3241440951824188,-0.530897319316864,9.160630226135254,2.593665838241577,3.0154616832733154,0.42562544345855713,0.38727039098739624,0.5120298266410828
1781548222449321,154040217,-0.6035512685775757,-0.49871623516082764,0.32419121265411377,-0.5309501886367798,9.208393096923828,2.5563011169433594,2.9640862941741943,-0.6520097255706787,0.9245480895042419,0.9923320412635803
1781548222450889,154056884,-0.6035469770431519,-0.49863094091415405,0.3241375982761383,-0.5310680270195007,9.179709434509277,2.546788215637207,2.948784828186035,0.5563526749610901,1.102645993232727,1.0206724405288696
1781548222477815,154073551,-0.6035139560699463,-0.4986424446105957,0.32409992814064026,-0.5311176776885986,9.18061637878418,2.5849006175994873,2.96146559715271,0.7923736572265625,0.37054532766342163,0.66374671459198
1781548222479365,154090218,-0.6034565567970276,-0.4986855089664459,0.3241264224052429,-0.5311263203620911,9.209784507751465,2.5468175411224365,3.0164377689361572,0.6852614283561707,-0.20468388497829437,0.7341303825378418
1781548222507936,154106885,-0.6033825874328613,-0.49871399998664856,0.32410821318626404,-0.531194806098938,9.140202522277832,2.5560250282287598,3.039530038833618,1.0331459045410156,0.2172020822763443,0.9401717185974121
1781548222510330,154123552,-0.6033666729927063,-0.4986434578895569,0.32418426871299744,-0.5312325358390808,9.133431434631348,2.5366005897521973,3.0330655574798584,0.013389039784669876,0.21250218152999878,1.1452527046203613
1781548222537657,154140219,-0.6032203435897827,-0.4987138509750366,0.3241919279098511,-0.5313279628753662,9.18819808959961,2.5345799922943115,2.9743459224700928,1.3345303535461426,-0.13593940436840057,1.2834843397140503
1781548222539805,154156886,-0.6029512882232666,-0.49886566400527954,0.3240510821342468,-0.5315766930580139,9.222146034240723,2.547701358795166,2.9974217414855957,2.9518704414367676,0.42762327194213867,1.6693270206451416
1781548222568652,154173553,-0.6028541326522827,-0.4988202154636383,0.3239646852016449,-0.5317820906639099,9.223456382751465,2.626569986343384,3.0472912788391113,1.3432132005691528,1.1834667921066284,1.517494797706604
1781548222571441,154190220,-0.6031102538108826,-0.4984534978866577,0.32417669892311096,-0.5317064523696899,9.204937934875488,2.608591318130493,3.0469086170196533,-2.9721872806549072,0.9283387064933777,0.7827433943748474
1781548222597772,154206887,-0.6035544872283936,-0.49794837832450867,0.3245881497859955,-0.5314247608184814,9.162774085998535,2.513535499572754,2.9875571727752686,-5.276524066925049,0.3491203188896179,0.26561012864112854
1781548222627910,154223554,-0.6038211584091187,-0.4976256489753723,0.32484170794487,-0.5312691330909729,9.14659595489502,2.399320602416992,2.924236536026001,-3.33303165435791,0.2956537902355194,0.4002816379070282
1781548222629438,154240221,-0.6036761999130249,-0.4977512061595917,0.3247716426849365,-0.5313590168952942,9.134923934936523,2.4052388668060303,2.960437059402466,1.8571574687957764,-0.024588191881775856,0.8758198022842407
1781548222658500,154256888,-0.6033430099487305,-0.498075008392334,0.32450810074806213,-0.5315951108932495,9.170001029968262,2.456186056137085,2.9938485622406006,4.2689385414123535,0.11001294106245041,1.0369365215301514
1781548222660094,154273555,-0.6030893325805664,-0.49831002950668335,0.3242252767086029,-0.5318350791931152,9.16026496887207,2.5378270149230957,2.9776182174682617,3.762845516204834,0.7199154496192932,0.9116393327713013
1781548222689788,154290222,-0.6029530763626099,-0.4984762370586395,0.32404187321662903,-0.5319454073905945,9.169591903686523,2.5673365592956543,2.943173885345459,2.505645513534546,0.40096035599708557,0.4658373296260834
1781548222691277,154306889,-0.6028368473052979,-0.49866387248039246,0.32388705015182495,-0.5319958329200745,9.200908660888672,2.5757527351379395,2.946256160736084,2.2476234436035156,0.03184298798441887,0.18189500272274017
1781548222717814,154323556,-0.6027623414993286,-0.4988117814064026,0.32375577092170715,-0.5320212841033936,9.234183311462402,2.5619027614593506,3.0146570205688477,1.793151617050171,0.0855272188782692,0.09287805110216141
1781548222719507,154340223,-0.6028042435646057,-0.49880853295326233,0.323729008436203,-0.5319932103157043,9.230695724487305,2.5648951530456543,3.0111987590789795,0.2923881411552429,0.28826451301574707,0.14902108907699585
1781548222748134,154356890,-0.6027847528457642,-0.4988558292388916,0.32370758056640625,-0.5319839119911194,9.20730209350586,2.5619089603424072,3.0015933513641357,0.7781842350959778,0.020637432113289833,0.37077584862709045
1781548222777868,154373557,-0.6026689410209656,-0.49894648790359497,0.32367274165153503,-0.5320513844490051,9.182459831237793,2.5938198566436768,3.048173427581787,1.57210111618042,-0.015905488282442093,0.9189388751983643
1781548222779831,154390224,-0.6026468873023987,-0.4988381564617157,0.32376500964164734,-0.5321218371391296,9.184117317199707,2.5800108909606934,3.0804035663604736,-0.1357472985982895,0.37585994601249695,1.4349452257156372
1781548222807534,154406891,-0.6028493642807007,-0.4984681308269501,0.32401901483535767,-0.5320846438407898,9.153739929199219,2.5524742603302,3.076569080352783,-2.849297285079956,0.7856119275093079,1.2958554029464722
1781548222809602,154423558,-0.6031147837638855,-0.4980721175670624,0.32423415780067444,-0.532023549079895,9.17586898803711,2.5162134170532227,3.0297815799713135,-3.0989699363708496,1.0959737300872803,0.8859240412712097
1781548222837712,154440225,-0.603243350982666,-0.49785125255584717,0.32428157329559326,-0.5320557951927185,9.208866119384766,2.4996323585510254,2.967083215713501,-1.3193100690841675,1.1008145809173584,0.7332083582878113
1781548222839587,154456892,-0.603229284286499,-0.4978114068508148,0.3242271840572357,-0.5321419835090637,9.20358943939209,2.5287225246429443,2.9757096767425537,0.8872687816619873,0.8579422831535339,0.8783042430877686
1781548222867459,154473559,-0.6031616926193237,-0.4977395534515381,0.32417938113212585,-0.5323148369789124,9.17066764831543,2.560044288635254,3.029374837875366,0.8938639760017395,1.0661606788635254,1.4597123861312866
1781548222869161,154490226,-0.6031872630119324,-0.49754372239112854,0.3242957592010498,-0.5323981642723083,9.175782203674316,2.5532097816467285,3.0284743309020996,-0.7394258379936218,0.74066162109375,1.585394024848938
1781548222897901,154506893,-0.6033523678779602,-0.4971924126148224,0.32451486587524414,-0.5324059724807739,9.15858268737793,2.515085458755493,3.026758909225464,-2.369187355041504,0.9464340209960938,1.4710077047348022
1781548222928199,154523560,-0.6035271286964417,-0.49689722061157227,0.3246854543685913,-0.5323790907859802,9.156116485595703,2.4938807487487793,2.9899826049804688,-2.1445770263671875,0.8246840834617615,0.9769900441169739
1781548222929704,154540227,-0.6036363244056702,-0.49671560525894165,0.32477235794067383,-0.532371997833252,9.155862808227539,2.4729738235473633,2.9825925827026367,-1.0861961841583252,0.6806766390800476,0.7638794779777527
1781548222959204,154556894,-0.6036350727081299,-0.49665358662605286,0.3248060345649719,-0.5324106812477112,9.163309097290039,2.4738388061523438,2.9643616676330566,0.0906369537115097,0.37537336349487305,0.911063015460968
1781548222959828,154573561,-0.6036049723625183,-0.49656420946121216,0.32479697465896606,-0.5325336456298828,9.178715705871582,2.4875059127807617,2.9903008937835693,0.387270450592041,0.8680336475372314,1.2715617418289185
1781548222988238,154590228,-0.603560745716095,-0.49647256731987,0.3247435390949249,-0.532701849937439,9.124932289123535,2.4858951568603516,2.9872725009918213,0.7599735856056213,1.2019463777542114,1.3863961696624756
1781548222990019,154606895,-0.6034442782402039,-0.49648597836494446,0.324626088142395,-0.5328929424285889,9.121171951293945,2.5007777214050293,3.0081474781036377,1.505444049835205,0.9392497539520264,1.2219884395599365
1781548223018019,154623562,-0.6033457517623901,-0.4965600073337555,0.3245711624622345,-0.5329688191413879,9.159477233886719,2.515810251235962,3.023130416870117,1.579490303993225,0.2053946554660797,0.8751667737960815
1781548223020396,154640229,-0.6032288074493408,-0.49667176604270935,0.3245067596435547,-0.5330362915992737,9.220641136169434,2.5563783645629883,3.0159811973571777,1.7431554794311523,0.017051655799150467,0.7685537934303284
1781548223047952,154656896,-0.6031962037086487,-0.49663740396499634,0.3245469331741333,-0.5330806374549866,9.217941284179688,2.567688465118408,3.040139675140381,0.29191431403160095,0.19482938945293427,1.0068286657333374
1781548223077683,154673563,-0.6033620238304138,-0.4963042140007019,0.32480737566947937,-0.5330447554588318,9.15353012084961,2.5093514919281006,3.026306629180908,-2.53865385055542,0.5649072527885437,1.3896105289459229
1781548223080536,154690230,-0.6034862995147705,-0.4960342347621918,0.3250367343425751,-0.5330154895782471,9.128652572631836,2.457352876663208,3.049738645553589,-2.0198557376861572,0.3879747986793518,1.3175748586654663
1781548223107900,154706897,-0.6033763885498047,-0.4960204064846039,0.3250214457511902,-0.5331621766090393,9.185449600219727,2.4465601444244385,3.019808292388916,1.1251466274261475,0.5392305850982666,1.496748447418213
1781548223108985,154723564,-0.6030353307723999,-0.4962967336177826,0.32471469044685364,-0.5334776043891907,9.202921867370605,2.511836290359497,3.0422773361206055,4.618705749511719,0.7596663236618042,1.4194365739822388
1781548223137916,154740231,-0.6029514670372009,-0.4962717592716217,0.3245800733566284,-0.5336775779724121,9.213461875915527,2.5924320220947266,3.102712869644165,1.4188348054885864,1.2809231281280518,1.198488712310791
1781548223141771,154756898,-0.603248655796051,-0.49581387639045715,0.32494065165519714,-0.5335479378700256,9.257609367370605,2.5463132858276367,3.056612014770508,-3.920945644378662,0.625647783279419,1.189332127571106
1781548223167511,154773565,-0.6034720540046692,-0.49538639187812805,0.32527485489845276,-0.5334888696670532,9.297403335571289,2.4568920135498047,2.9928863048553467,-3.4612879753112793,0.6529766917228699,1.5393811464309692
1781548223170953,154790232,-0.6034687757492065,-0.4952595829963684,0.3252531588077545,-0.5336233973503113,9.235189437866211,2.470555305480957,3.023745059967041,0.1050056740641594,1.1270036697387695,1.2272131443023682
1781548223197778,154806899,-0.6034794449806213,-0.49514323472976685,0.3253481388092041,-0.533661425113678,9.16991138458252,2.501993179321289,3.1039185523986816,-0.40018558502197266,0.34607234597206116,1.1958887577056885
1781548223228641,154823566,-0.6036151647567749,-0.49487045407295227,0.32560741901397705,-0.5336029529571533,9.173711776733398,2.4637677669525146,3.1083245277404785,-2.4249463081359863,0.15429730713367462,1.2042515277862549
1781548223230330,154840233,-0.6037678718566895,-0.49450626969337463,0.32581934332847595,-0.5336385369300842,9.145282745361328,2.421855926513672,3.093411445617676,-2.4324252605438232,1.0558130741119385,1.5889159440994263
1781548223258586,154856900,-0.6038424372673035,-0.49421513080596924,0.3258306384086609,-0.5338167548179626,9.128085136413574,2.395202398300171,3.029447555541992,-0.7003921270370483,1.9592372179031372,1.6575194597244263
1781548223260653,154873567,-0.6037375926971436,-0.49420928955078125,0.32568851113319397,-0.5340274572372437,9.116619110107422,2.4402523040771484,3.015519380569458,1.7251625061035156,1.2566550970077515,1.2885557413101196
1781548223288741,154890234,-0.603688657283783,-0.494245320558548,0.3255918323993683,-0.5341083407402039,9.136630058288574,2.473238468170166,3.0234177112579346,1.9599543809890747,0.7887110710144043,0.8348780274391174
1781548223290479,154906901,-0.6037234663963318,-0.4941699802875519,0.32556208968162537,-0.5341569781303406,9.146678924560547,2.5014774799346924,3.06972599029541,0.11902861297130585,0.7896202802658081,0.6188476085662842
1781548223317875,154923568,-0.6039449572563171,-0.49382859468460083,0.3257524073123932,-0.5341060161590576,9.148660659790039,2.4709997177124023,3.0548741817474365,-2.4682445526123047,0.9812672734260559,0.9224861264228821
1781548223319788,154940235,-0.6041421294212341,-0.49350184202194214,0.32596614956855774,-0.5340546369552612,9.153305053710938,2.4084408283233643,3.017408609390259,-2.638709783554077,0.7143189311027527,0.9831113815307617
1781548223347823,154956902,-0.6041839122772217,-0.4933980405330658,0.32602930068969727,-0.5340647101402283,9.150604248046875,2.376631498336792,2.9975483417510986,-0.4217515289783478,0.40085795521736145,0.8216618299484253
1781548223378805,154973569,-0.6039555668830872,-0.49363937973976135,0.32586830854415894,-0.5341983437538147,9.187153816223145,2.4221973419189453,3.009798049926758,2.964202642440796,-0.1388336420059204,0.7723445892333984
1781548223380534,154990236,-0.6036164164543152,-0.4939596652984619,0.3256666958332062,-0.5344085097312927,9.218062400817871,2.4855899810791016,3.076885223388672,3.8953914642333984,-0.2739662826061249,1.151233434677124
1781548223408221,155006903,-0.603444516658783,-0.49406152963638306,0.325602650642395,-0.5345476269721985,9.190011978149414,2.516756772994995,3.099578857421875,1.9011859893798828,0.13028539717197418,1.2462307214736938
1781548223409409,155023570,-0.6035110950469971,-0.49390506744384766,0.32577741146087646,-0.5345103144645691,9.23741340637207,2.5039520263671875,3.0943033695220947,-1.195254921913147,0.038579124957323074,1.0461313724517822
1781548223438170,155040237,-0.6036027073860168,-0.49375119805336,0.3258973956108093,-0.5344759225845337,9.290226936340332,2.4457130432128906,3.027554512023926,-1.0660645961761475,0.3211256265640259,0.772767186164856
1781548223439322,155056904,-0.603590726852417,-0.49368783831596375,0.32589641213417053,-0.5345486998558044,9.25996208190918,2.445437431335449,3.033334970474243,0.45810234546661377,0.6517727971076965,1.0211975574493408
1781548223468035,155073571,-0.603558361530304,-0.49363458156585693,0.32586416602134705,-0.5346540808677673,9.216787338256836,2.4664740562438965,3.094172477722168,0.3795097768306732,0.7095293998718262,0.9802302122116089
1781548223469846,155090238,-0.6035621166229248,-0.49355897307395935,0.32586246728897095,-0.5347206592559814,9.229155540466309,2.471616744995117,3.1019015312194824,0.1114344447851181,0.6536168456077576,0.8876016736030579
1781548223497779,155106905,-0.6035692691802979,-0.49344179034233093,0.32580557465553284,-0.5348552465438843,9.214716911315918,2.440122604370117,3.08683443069458,0.4198113977909088,1.309506893157959,1.108101487159729
1781548223528140,155123572,-0.6035128831863403,-0.4933345913887024,0.32567328214645386,-0.5350983142852783,9.160475730895996,2.4582722187042236,3.0779876708984375,1.0476938486099243,1.7716752290725708,1.4646941423416138
1781548223529446,155140239,-0.6034179925918579,-0.4932190179824829,0.32556334137916565,-0.5353787541389465,9.106493949890137,2.47469425201416,3.098257541656494,1.225855827331543,1.772046446800232,1.8832439184188843
1781548223558001,155156906,-0.603400707244873,-0.4930093586444855,0.325543612241745,-0.5356031656265259,9.12312126159668,2.4706642627716064,3.0853824615478516,0.05690501630306244,1.711997628211975,1.8617295026779175
1781548223559516,155173573,-0.6034095287322998,-0.492787629365921,0.32545873522758484,-0.53584885597229,9.103920936584473,2.467618703842163,3.0379116535186768,0.03070322424173355,2.1114532947540283,1.6023752689361572
1781548223588022,155190240,-0.603438675403595,-0.4925628900527954,0.325422078371048,-0.5360450148582458,9.103921890258789,2.473893880844116,3.0662031173706055,-0.12784580886363983,1.8562226295471191,1.5618561506271362
1781548223589351,155206907,-0.6034884452819824,-0.4922935962677002,0.3255387246608734,-0.5361654758453369,9.191311836242676,2.485281229019165,3.0286641120910645,-1.0635546445846558,1.1884101629257202,1.808762550354004
1781548223617795,155223574,-0.6036083698272705,-0.4918711185455322,0.3257772624492645,-0.5362733006477356,9.252806663513184,2.441054582595825,3.079315185546875,-2.4639673233032227,1.3484638929367065,2.2361233234405518
1781548223619632,155240241,-0.6038228273391724,-0.49129369854927063,0.32616129517555237,-0.5363279581069946,9.230223655700684,2.374220609664917,3.0603158473968506,-4.050379753112793,1.3556994199752808,2.5173635482788086
1781548223648242,155256908,-0.6038421988487244,-0.4909765422344208,0.3263559639453888,-0.5364780426025391,9.206183433532715,2.324430227279663,3.009671926498413,-1.357857346534729,1.0781986713409424,2.421917676925659
1781548223679030,155273575,-0.603539228439331,-0.4910978078842163,0.32616323232650757,-0.5368249416351318,9.264727592468262,2.38675594329834,3.0263352394104004,3.5364155769348145,1.0405606031417847,2.175600290298462
1781548223679554,155290242,-0.6032683849334717,-0.49119409918785095,0.32595694065093994,-0.5371665358543396,9.264005661010742,2.4334747791290283,3.1115734577178955,3.284233570098877,1.2232691049575806,2.0187997817993164
1781548223707599,155306909,-0.6032871007919312,-0.4909219443798065,0.326144278049469,-0.5372804999351501,9.274059295654297,2.419271469116211,3.136164665222168,-1.134091854095459,0.8449053168296814,2.17764949798584
1781548223709664,155323576,-0.6034533381462097,-0.4904884099960327,0.3263615369796753,-0.5373579263687134,9.23484992980957,2.341904401779175,3.1326606273651123,-2.4373555183410645,1.538791537284851,1.9627841711044312
1781548223738168,155340243,-0.6035624742507935,-0.49026793241500854,0.3263322412967682,-0.5374544858932495,9.15743637084961,2.326180934906006,3.1232833862304688,-0.27586159110069275,1.7446154356002808,0.987119734287262
1781548223740439,155356910,-0.6036050915718079,-0.490233838558197,0.32623007893562317,-0.5374996066093445,9.09858226776123,2.3239834308624268,3.132767677307129,0.5727319121360779,0.9579981565475464,0.2554290294647217
1781548223767941,155373577,-0.6035811901092529,-0.4902721643447876,0.32606539130210876,-0.5375913381576538,9.10561466217041,2.302412986755371,3.115849018096924,1.3346712589263916,0.9315018653869629,0.2883797585964203
1781548223770220,155390244,-0.6032341718673706,-0.4906470477581024,0.3255903720855713,-0.5379266738891602,9.136188507080078,2.3219187259674072,3.1783714294433594,5.370720863342285,1.0346698760986328,0.645062267780304
1781548223797779,155406911,-0.602785050868988,-0.4910292625427246,0.3250158727169037,-0.5384287238121033,9.145618438720703,2.420593738555908,3.19590163230896,6.757059574127197,1.8252058029174805,1.4521825313568115
1781548223827881,155423578,-0.6024404168128967,-0.49126505851745605,0.3246353268623352,-0.5388286709785461,9.135007858276367,2.5004770755767822,3.1990067958831787,4.978514194488525,1.4845314025878906,1.667342185974121
1781548223829585,155440245,-0.6023582816123962,-0.49118608236312866,0.3246377110481262,-0.53899085521698,9.127277374267578,2.5587406158447266,3.2141716480255127,0.6151593923568726,0.7894154191017151,1.6306772232055664
1781548223857840,155456912,-0.602616012096405,-0.4907165467739105,0.32499951124191284,-0.5389123558998108,9.149693489074707,2.4870941638946533,3.1978554725646973,-3.6654722690582275,0.7865981459617615,1.5791192054748535
1781548223859333,155473579,-0.6029298901557922,-0.49016156792640686,0.32537075877189636,-0.5388427972793579,9.14518928527832,2.3872318267822266,3.1690926551818848,-4.187894821166992,1.2273542881011963,1.6431125402450562
1781548223887659,155490246,-0.6030705571174622,-0.4898371398448944,0.3254872262477875,-0.5389094352722168,9.1215238571167,2.3447937965393066,3.1765854358673096,-1.6564757823944092,1.4345611333847046,1.3889576196670532
1781548223889543,155506913,-0.6031588912010193,-0.4895864725112915,0.3256506025791168,-0.5389399528503418,9.136488914489746,2.3555405139923096,3.1869430541992188,-1.5242886543273926,0.7037408947944641,1.394336223602295
1781548223917660,155523580,-0.6033943295478821,-0.4891262352466583,0.3260006308555603,-0.5388830304145813,9.192875862121582,2.326368808746338,3.164801597595215,-3.521388053894043,0.8068705797195435,1.669788122177124
1781548223919171,155540247,-0.6035438179969788,-0.48874714970588684,0.32617783546447754,-0.538952112197876,9.148749351501465,2.2710764408111572,3.1522583961486816,-2.405250072479248,1.3427009582519531,1.6025545597076416
1781548223947747,155556914,-0.6033580303192139,-0.4887780547142029,0.3260403573513031,-0.5392151474952698,9.099522590637207,2.2690696716308594,3.1403467655181885,2.2455103397369385,1.0867406129837036,1.747266411781311
1781548223977644,155573581,-0.6028372645378113,-0.4891975224018097,0.3256201446056366,-0.5396709442138672,9.129133224487305,2.3390119075775146,3.133190393447876,6.461656093597412,0.7150105834007263,1.966460108757019
1781548223980190,155590248,-0.602239191532135,-0.4896831810474396,0.3251935839653015,-0.5401552319526672,9.189221382141113,2.4698338508605957,3.1991071701049805,6.936514854431152,0.38116180896759033,2.152984619140625
1781548224007595,155606915,-0.6021015048027039,-0.4896089732646942,0.3252064883708954,-0.5403681993484497,9.252283096313477,2.5313448905944824,3.2623610496520996,0.8821078538894653,0.7700522541999817,2.068859338760376
1781548224009843,155623582,-0.6023904085159302,-0.48902904987335205,0.32566240429878235,-0.5402967929840088,9.289770126342773,2.4585506916046143,3.246736526489258,-4.873175144195557,0.8254653811454773,1.9474554061889648
1781548224038137,155640249,-0.6028019189834595,-0.48828768730163574,0.32616594433784485,-0.5402044057846069,9.26180648803711,2.3972887992858887,3.1398673057556152,-6.128210544586182,1.444754958152771,1.9444842338562012
1781548224039175,155656916,-0.6032700538635254,-0.4875629246234894,0.32662755250930786,-0.5400576591491699,9.18932819366455,2.309377670288086,3.147116184234619,-6.037387847900391,1.5465655326843262,1.3902000188827515
1781548224067615,155673583,-0.6037203073501587,-0.48685571551322937,0.3271633982658386,-0.5398682355880737,9.155234336853027,2.2267401218414307,3.154909610748291,-6.2365007400512695,0.9998366236686707,1.5031646490097046
1781548224069580,155690250,-0.6039026975631714,-0.48643097281455994,0.3274044394493103,-0.5399008989334106,9.14801025390625,2.1745543479919434,3.1579294204711914,-2.9210901260375977,1.228826880455017,1.6794697046279907
1781548224097689,155706917,-0.6038278937339783,-0.4863376319408417,0.3273036479949951,-0.5401297807693481,9.126508712768555,2.213732957839966,3.165684461593628,1.2915010452270508,1.562073826789856,1.6489391326904297
1781548224128305,155723584,-0.6036543250083923,-0.48639246821403503,0.3270983099937439,-0.5403985977172852,9.115639686584473,2.260240077972412,3.154533863067627,2.65818190574646,1.342431902885437,1.4794342517852783
1781548224132379,155740251,-0.6035217046737671,-0.4864580035209656,0.326986700296402,-0.5405553579330444,9.092337608337402,2.2984752655029297,3.1565418243408203,2.0946130752563477,0.6636954545974731,1.1950052976608276
1781548224159040,155756918,-0.6034061908721924,-0.48652932047843933,0.32690921425819397,-0.5406669974327087,9.137245178222656,2.2687277793884277,3.1659388542175293,1.3548285961151123,0.2679152488708496,0.8829402923583984
1781548224160178,155773585,-0.6031391620635986,-0.486799031496048,0.3266615569591522,-0.540871798992157,9.152594566345215,2.2794933319091797,3.137756586074829,3.5424864292144775,0.21237412095069885,0.8231986165046692
1781548224187973,155790252,-0.6027654409408569,-0.48714977502822876,0.32632166147232056,-0.5411776304244995,9.162941932678223,2.353950023651123,3.1995761394500732,4.771050453186035,0.38278821110725403,1.1368005275726318
1781548224190234,155806919,-0.6025938391685486,-0.4872489869594574,0.32617712020874023,-0.5413665175437927,9.224205017089844,2.422757387161255,3.2031655311584473,2.284069776535034,0.6264033317565918,1.1939038038253784
1781548224218286,155823586,-0.6027284264564514,-0.48701047897338867,0.3263731002807617,-0.5413129925727844,9.251989364624023,2.4092981815338135,3.227985143661499,-1.9621120691299438,0.3447149693965912,0.9448333382606506
1781548224220844,155840253,-0.6030489206314087,-0.486590176820755,0.32677653431892395,-0.5410909056663513,9.254166603088379,2.332087755203247,3.2086305618286133,-4.438360691070557,0.026797285303473473,0.6741070747375488
1781548224247835,155856920,-0.6033033728599548,-0.48622825741767883,0.32711780071258545,-0.5409263968467712,9.225931167602539,2.2763960361480713,3.191718578338623,-3.643099546432495,0.1050184816122055,0.809777557849884
1781548224278073,155873587,-0.6034654974937439,-0.48598089814186096,0.3272307813167572,-0.5408995151519775,9.155755996704102,2.2270419597625732,3.1893651485443115,-1.5739260911941528,0.9096031188964844,0.7460018396377563
1781548224279475,155890254,-0.6033247709274292,-0.4861268997192383,0.32709160447120667,-0.5410095453262329,9.154301643371582,2.2183377742767334,3.1717865467071533,2.3100030422210693,0.26783841848373413,0.7114760279655457
1781548224307957,155906921,-0.6029409766197205,-0.4864782989025116,0.32671549916267395,-0.5413484573364258,9.1841402053833,2.297734022140503,3.1908092498779297,5.189306735992432,0.6589316129684448,1.248805046081543
1781548224310041,155923588,-0.602680504322052,-0.4866373538970947,0.3264247477054596,-0.5416709780693054,9.155794143676758,2.3764655590057373,3.233776092529297,4.105543613433838,1.3641005754470825,1.603489637374878
1781548224338639,155940255,-0.6026239395141602,-0.4865473806858063,0.32640308141708374,-0.5418277382850647,9.147018432617188,2.4032506942749023,3.266329288482666,0.4221164882183075,0.9308999180793762,1.4148390293121338
1781548224339850,155956922,-0.6027348637580872,-0.4863237738609314,0.32651060819625854,-0.5418404936790466,9.144179344177246,2.3649351596832275,3.2392311096191406,-1.4230797290802002,0.8055513501167297,0.9503269195556641
1781548224368392,155973589,-0.6028863787651062,-0.48611804842948914,0.326616108417511,-0.5417927503585815,9.136800765991211,2.3391003608703613,3.1957006454467773,-1.1104000806808472,0.7619585394859314,0.6727623343467712
1781548224369060,155990256,-0.6030266284942627,-0.4858669638633728,0.3268088400363922,-0.5417456030845642,9.130669593811035,2.2978906631469727,3.1807234287261963,-1.9407895803451538,0.4567064642906189,0.9888231754302979
1781548224397791,156006923,-0.6031665205955505,-0.48552197217941284,0.3271116316318512,-0.5417166948318481,9.139846801757812,2.25657057762146,3.206878423690796,-2.7034971714019775,0.40915647149086,1.6432530879974365
1781548224427542,156023590,-0.6032073497772217,-0.48530492186546326,0.3271845877170563,-0.5418214201927185,9.152572631835938,2.2403392791748047,3.2239716053009033,-0.7113926410675049,1.1025434732437134,1.5021781921386719
1781548224430182,156040257,-0.603158712387085,-0.4853086769580841,0.32712316513061523,-0.5419092178344727,9.157707214355469,2.2609314918518066,3.1670925617218018,0.9834443926811218,0.584014356136322,0.8261951804161072
1781548224457829,156056924,-0.6032364964485168,-0.48520171642303467,0.3272063434123993,-0.5418682098388672,9.176407814025879,2.2792556285858154,3.2161827087402344,-0.6317372918128967,0.2744080722332001,0.5848084092140198
1781548224459798,156073591,-0.6033958792686462,-0.4850305914878845,0.32733485102653503,-0.5417664647102356,9.166820526123047,2.2600502967834473,3.21907639503479,-1.6317211389541626,0.2680817246437073,0.27061739563941956
1781548224487587,156090258,-0.6034100651741028,-0.48500704765319824,0.3273220956325531,-0.5417792201042175,9.164027214050293,2.2071778774261475,3.1903703212738037,0.06721413135528564,0.3142998516559601,0.42137372493743896
1781548224490305,156106925,-0.6030946373939514,-0.48538389801979065,0.32703372836112976,-0.5419672727584839,9.208157539367676,2.234745979309082,3.148198127746582,4.4898362159729,-0.1315852552652359,0.6387103199958801
1781548224518207,156123592,-0.6025916934013367,-0.485927939414978,0.32656770944595337,-0.5423199534416199,9.211071968078613,2.3458495140075684,3.235534429550171,6.639151573181152,0.06046518310904503,0.9829193949699402
1781548224519867,156140259,-0.6023311614990234,-0.48614951968193054,0.3263954818248749,-0.5425145626068115,9.225083351135254,2.4304094314575195,3.2672107219696045,3.421632766723633,0.15568040311336517,1.2588707208633423
1781548224548509,156156926,-0.602507472038269,-0.4858585596084595,0.326658695936203,-0.5424209237098694,9.21011734008789,2.4320924282073975,3.29429292678833,-2.4912960529327393,0.26671144366264343,1.0210567712783813
1781548224578131,156173593,-0.6029337048530579,-0.4853074550628662,0.3271424472332001,-0.5421493649482727,9.153478622436523,2.312217950820923,3.229414224624634,-5.658946514129639,0.2814771831035614,0.661953866481781
1781548224579177,156190260,-0.6033573150634766,-0.48479461669921875,0.327521950006485,-0.5419076085090637,9.11709213256836,2.2224292755126953,3.213289499282837,-5.072941303253174,0.6553073525428772,0.34864646196365356
1781548224608160,156206927,-0.6035704016685486,-0.4845759868621826,0.32765889167785645,-0.5417828559875488,9.12511920928955,2.1538288593292236,3.163051128387451,-1.8556783199310303,0.5138996243476868,0.19219127297401428
1781548224609336,156223594,-0.6034683585166931,-0.48468759655952454,0.32750752568244934,-0.5418882966041565,9.160544395446777,2.1975507736206055,3.1614222526550293,1.9189739227294922,0.477375864982605,0.5344921946525574
1781548224667670,156240261,-0.6030887365341187,-0.4850630462169647,0.327118843793869,-0.5422095656394958,9.155730247497559,2.2684051990509033,3.1745660305023193,5.391774654388428,0.5938752889633179,1.1081784963607788
1781548224670467,156256928,-0.6027348637580872,-0.48538127541542053,0.32683324813842773,-0.5424903631210327,9.14919376373291,2.3539552688598633,3.2577037811279297,4.576445579528809,0.2989450693130493,1.3107621669769287
1781548224671801,156273595,-0.6026625633239746,-0.4854111075401306,0.3268459141254425,-0.5425363183021545,9.16576862335205,2.3724894523620605,3.2690539360046387,0.745028555393219,-0.02670123800635338,0.9115622639656067
1781548224697720,156290262,-0.6028149724006653,-0.48520568013191223,0.32702046632766724,-0.542445719242096,9.18731689453125,2.3156511783599854,3.246523380279541,-1.8310518264770508,0.24405701458454132,0.5966157913208008
1781548224699928,156306929,-0.6029981374740601,-0.4849800765514374,0.3271878659725189,-0.5423429012298584,9.168039321899414,2.265625,3.222611427307129,-2.001991033554077,0.38158437609672546,0.4587298035621643
1781548224728092,156323596,-0.6030710339546204,-0.4848846197128296,0.3272804915904999,-0.5422914624214172,9.157933235168457,2.255964756011963,3.1956093311309814,-0.8326047658920288,0.09648943692445755,0.4951639175415039
1781548224730167,156340263,-0.6030797958374023,-0.4848807752132416,0.3273122310638428,-0.5422659516334534,9.194202423095703,2.2417666912078857,3.1839511394500732,0.154886394739151,-0.022974589839577675,0.46978169679641724
1781548224758130,156356930,-0.603081226348877,-0.4848625361919403,0.32735583186149597,-0.5422542691230774,9.239181518554688,2.2557642459869385,3.1900949478149414,0.17729750275611877,0.02823159284889698,0.6501975655555725
1781548224759124,156373597,-0.6030802130699158,-0.4848119020462036,0.3273479640483856,-0.5423054099082947,9.202926635742188,2.2652227878570557,3.212111473083496,0.23807646334171295,0.5303046107292175,0.771384060382843
1781548224787604,156390264,-0.602964460849762,-0.4849364459514618,0.32721975445747375,-0.5424002408981323,9.135374069213867,2.2921199798583984,3.2411186695098877,1.9031963348388672,0.26540517807006836,0.5879586935043335
1781548224789698,156406931,-0.6027858853340149,-0.4851246178150177,0.32708263397216797,-0.5425128936767578,9.143135070800781,2.3145699501037598,3.262361526489258,2.4690451622009277,-0.011410458013415337,0.7304294109344482
1781548224817688,156423598,-0.602660059928894,-0.4852561950683594,0.32700231671333313,-0.5425836443901062,9.171767234802246,2.3299319744110107,3.266052007675171,1.9120324850082397,-0.017826437950134277,0.7310952544212341
1781548224819786,156440265,-0.602775514125824,-0.4850671887397766,0.3270518183708191,-0.5425944924354553,9.185615539550781,2.320828676223755,3.3047096729278564,-0.8882100582122803,0.9706892967224121,0.7198641896247864
1781548224847676,156456932,-0.6030519008636475,-0.4847396910190582,0.3272843658924103,-0.542439877986908,9.242137908935547,2.281747341156006,3.254446506500244,-3.0631251335144043,0.53609299659729,0.3524499535560608
1781548224877527,156473599,-0.6031807661056519,-0.4845372140407562,0.3273983895778656,-0.5424087643623352,9.239396095275879,2.2443840503692627,3.1744823455810547,-1.4176372289657593,0.6205765008926392,0.710579514503479
1781548224879463,156490266,-0.603203296661377,-0.4844948351383209,0.32728683948516846,-0.5424887537956238,9.18869686126709,2.2665135860443115,3.180980920791626,0.7110533714294434,1.094052791595459,0.46162405610084534
1781548224908911,156506933,-0.6032816767692566,-0.48442429304122925,0.3273063600063324,-0.5424528121948242,9.162381172180176,2.3178255558013916,3.244896173477173,-0.27971628308296204,0.4103090465068817,0.2941938638687134
1781548224910458,156523600,-0.6033896207809448,-0.484266459941864,0.3273894786834717,-0.5424235463142395,9.159245491027832,2.3028645515441895,3.2574563026428223,-1.2749873399734497,0.48427850008010864,0.5121066570281982
1781548224938247,156540267,-0.603513777256012,-0.48405689001083374,0.3274995684623718,-0.542405903339386,9.122699737548828,2.2676146030426025,3.22755765914917,-1.3258411884307861,0.7125388383865356,0.8068192005157471
1781548224941410,156556934,-0.6036596298217773,-0.48381921648979187,0.327701598405838,-0.5423336029052734,9.15234661102295,2.2259232997894287,3.2325589656829834,-2.0269763469696045,0.2916838526725769,0.8522690534591675
1781548224968130,156573601,-0.6037447452545166,-0.48371464014053345,0.32775554060935974,-0.5422996282577515,9.15181827545166,2.2071518898010254,3.1892824172973633,-0.6429683566093445,0.39841192960739136,0.4424017369747162
1781548224969977,156590268,-0.6037402153015137,-0.48381519317626953,0.32764413952827454,-0.5422824025154114,9.129682540893555,2.235661029815674,3.195493698120117,1.3847311735153198,0.22808746993541718,-0.08838941901922226
1781548224997942,156606935,-0.6037197113037109,-0.4839765131473541,0.3274883031845093,-0.5422554612159729,9.171346664428711,2.262673854827881,3.228339433670044,1.9851441383361816,0.1551937460899353,-0.3022042214870453
1781548225028834,156623602,-0.6036633253097534,-0.4841021001338959,0.3273770809173584,-0.5422731041908264,9.21243667602539,2.275481939315796,3.220679521560669,1.6390652656555176,0.10880914330482483,0.15888196229934692
1781548225030904,156640269,-0.6035563945770264,-0.48419389128685,0.3272528648376465,-0.5423853397369385,9.20058822631836,2.303459882736206,3.246140956878662,1.8261148929595947,0.4647616147994995,0.7377161383628845
1781548225057648,156656936,-0.603496789932251,-0.48426705598831177,0.3271445631980896,-0.5424516201019287,9.19869327545166,2.3494842052459717,3.2472457885742188,1.4469445943832397,0.4262145161628723,0.4714337885379791
1781548225060085,156673603,-0.6035970449447632,-0.48418235778808594,0.32725945115089417,-0.5423464775085449,9.234569549560547,2.351750135421753,3.249506950378418,-1.0747215747833252,-0.1508459746837616,0.2224911004304886
1781548225087842,156690270,-0.6037502884864807,-0.4840431213378906,0.3274206817150116,-0.5422027707099915,9.26046371459961,2.322331428527832,3.244314432144165,-1.616263747215271,-0.11909905076026917,0.1835341900587082
1781548225089798,156706937,-0.6039647459983826,-0.4837806820869446,0.3275458514690399,-0.542122483253479,9.190988540649414,2.294914960861206,3.264732837677002,-2.2500500679016113,0.7903247475624084,0.3087034821510315
1781548225118366,156723604,-0.6043233871459961,-0.4834074079990387,0.32782241702079773,-0.5418887734413147,9.133373260498047,2.2306535243988037,3.2672955989837646,-3.9579951763153076,0.42406314611434937,-0.06455682218074799
1781548225120721,156740271,-0.604513943195343,-0.48325881361961365,0.32797008752822876,-0.5417188405990601,9.147732734680176,2.1700189113616943,3.2066869735717773,-1.7879968881607056,-0.03127310425043106,-0.08972127735614777
1781548225147749,156756938,-0.604330837726593,-0.48348313570022583,0.327654093503952,-0.5419144630432129,9.13386058807373,2.1986708641052246,3.2040867805480957,3.5180389881134033,0.8703387975692749,0.42780256271362305
1781548225178805,156773605,-0.6040060520172119,-0.48383626341819763,0.32719823718070984,-0.5422368049621582,9.115863800048828,2.310093641281128,3.241102933883667,5.335772514343262,1.0745362043380737,0.728790283203125
1781548225179375,156790272,-0.6038088202476501,-0.48408645391464233,0.3270075023174286,-0.5423480272293091,9.152435302734375,2.3855552673339844,3.291241407394409,3.0931501388549805,-0.04007107391953468,0.5153467655181885
1781548225207804,156806939,-0.6038137078285217,-0.48407214879989624,0.3270476758480072,-0.5423310995101929,9.195380210876465,2.3973355293273926,3.2738139629364014,0.14370645582675934,0.008714721538126469,0.5827337503433228
1781548225209606,156823606,-0.6039760708808899,-0.4838337302207947,0.3271913528442383,-0.5422763228416443,9.185900688171387,2.362967014312744,3.2418928146362305,-1.8355339765548706,0.6293488144874573,0.6685106158256531
1781548225237822,156840273,-0.6042214632034302,-0.4835089147090912,0.3274511694908142,-0.542136013507843,9.170134544372559,2.3018813133239746,3.232405662536621,-2.879892110824585,0.4247545897960663,0.659238874912262
1781548225239812,156856940,-0.604516327381134,-0.4831594228744507,0.3277786672115326,-0.541921079158783,9.194787979125977,2.248732328414917,3.2532031536102295,-3.3760480880737305,0.14587073028087616,0.5110437870025635
1781548225269992,156873607,-0.6047743558883667,-0.4828563928604126,0.3279426395893097,-0.541803777217865,9.16625690460205,2.197551727294922,3.240023612976074,-2.507662534713745,0.8255677223205566,0.3108421266078949
1781548225271569,156890274,-0.6048316359519958,-0.48279815912246704,0.32796531915664673,-0.5417782068252563,9.150459289550781,2.1736223697662354,3.2064383029937744,-0.09388335794210434,0.3515279293060303,0.41721171140670776
1781548225297940,156906941,-0.6045772433280945,-0.48310351371765137,0.3277240991592407,-0.5419360995292664,9.213696479797363,2.2127845287323,3.2281880378723145,3.795809030532837,-0.011999551206827164,0.6274151802062988
1781548225328691,156923608,-0.6041660308837891,-0.48356810212135315,0.32724061608314514,-0.54227215051651,9.21101188659668,2.33488130569458,3.2823877334594727,6.150717258453369,0.6075140833854675,0.7417886257171631
1781548225329692,156940275,-0.6039738059043884,-0.4837469458580017,0.32699084281921387,-0.5424774289131165,9.166816711425781,2.411841869354248,3.3156509399414062,3.137049913406372,0.7766987085342407,0.8267715573310852
1781548225357511,156956942,-0.6042178869247437,-0.48341622948646545,0.327319860458374,-0.5423020720481873,9.164334297180176,2.377856492996216,3.292785167694092,-3.341035842895508,0.01420864462852478,0.7247817516326904
1781548225359600,156973609,-0.6046127080917358,-0.48293161392211914,0.32776233553886414,-0.5420265793800354,9.167224884033203,2.2499923706054688,3.225451707839966,-5.032025337219238,0.14654949307441711,0.5044870376586914
1781548225387536,156990276,-0.6048212051391602,-0.48273295164108276,0.3279114067554474,-0.5418803691864014,9.16103458404541,2.192366361618042,3.2021825313568115,-1.8121241331100464,0.3175910711288452,0.12740395963191986
1781548225389674,157006943,-0.6048259735107422,-0.4827783703804016,0.32784757018089294,-0.5418734550476074,9.158137321472168,2.1803462505340576,3.229703187942505,0.8456224799156189,0.26212677359580994,0.1605852246284485
1781548225417545,157023610,-0.6046096086502075,-0.4830833375453949,0.32755061984062195,-0.5420227646827698,9.155288696289062,2.2136168479919434,3.2587404251098633,3.7797751426696777,0.2597320079803467,0.23970288038253784
1781548225419435,157040277,-0.6043223142623901,-0.4834234416484833,0.3272586762905121,-0.5422161817550659,9.149849891662598,2.308823585510254,3.2633113861083984,4.309957504272461,0.1113319993019104,0.6486479640007019
1781548225447766,157056944,-0.6042225360870361,-0.4835057258605957,0.32719653844833374,-0.5422912836074829,9.15068244934082,2.3469643592834473,3.294840097427368,1.43039870262146,0.1310281604528427,0.7805021405220032
1781548225477968,157073611,-0.6043488383293152,-0.4833327829837799,0.32734155654907227,-0.5422172546386719,9.161858558654785,2.323638439178467,3.2927846908569336,-1.40440833568573,0.2559540867805481,0.610228955745697
1781548225479901,157090278,-0.6046050786972046,-0.48306208848953247,0.327486127614975,-0.5420855283737183,9.165868759155273,2.264824628829956,3.2218053340911865,-2.4593827724456787,0.7007187008857727,0.0743088498711586
1781548225508559,157106945,-0.6047395467758179,-0.4829988181591034,0.3275523781776428,-0.5419518947601318,9.174358367919922,2.2296526432037354,3.2149853706359863,-0.8855079412460327,-0.022180600091814995,-0.20127741992473602
1781548225510286,157123612,-0.6046955585479736,-0.4831344485282898,0.32749247550964355,-0.5419163703918457,9.207747459411621,2.2398409843444824,3.242790699005127,1.2994025945663452,-0.2967103123664856,0.031522829085588455
1781548225538792,157140279,-0.6044626235961914,-0.4834761619567871,0.32721054553985596,-0.5420417189598083,9.176742553710938,2.2742714881896973,3.268739700317383,3.9039196968078613,-0.049496542662382126,0.1785525232553482
1781548225539930,157156946,-0.6042590141296387,-0.48372188210487366,0.32695236802101135,-0.5422053337097168,9.154197692871094,2.3355917930603027,3.3508565425872803,3.1945888996124268,0.35059309005737305,0.4497910737991333
1781548225568537,157173613,-0.6042510271072388,-0.4837498664855957,0.3269129693508148,-0.5422128438949585,9.15428352355957,2.3458526134490967,3.3242270946502686,0.8826199769973755,0.27540692687034607,0.43177247047424316
1781548225570331,157190280,-0.6042861938476562,-0.4836360514163971,0.3270072042942047,-0.5422183871269226,9.184060096740723,2.3260064125061035,3.2865335941314697,-0.7292447090148926,0.24578584730625153,0.8949652910232544
1781548225598639,157206947,-0.604347825050354,-0.48355022072792053,0.3270179033279419,-0.5422197580337524,9.184905052185059,2.3208084106445312,3.261644124984741,-0.1850133240222931,0.5873183608055115,0.5132336616516113
1781548225628604,157223614,-0.6044911742210388,-0.48344627022743225,0.3270335793495178,-0.5421431660652161,9.155728340148926,2.3057847023010254,3.2619669437408447,-0.6923368573188782,0.5668794512748718,-0.046435821801424026
1781548225630480,157240281,-0.6047648191452026,-0.4831973612308502,0.3271738290786743,-0.5419751405715942,9.152210235595703,2.2790486812591553,3.252023220062256,-2.4133694171905518,0.5748194456100464,-0.17848210036754608
1781548225658311,157256948,-0.6049460172653198,-0.4830023944377899,0.3273041844367981,-0.5418681502342224,9.163806915283203,2.237513780593872,3.238760232925415,-1.7120554447174072,0.4087466895580292,0.26511067152023315
1781548225659260,157273615,-0.6049817800521851,-0.48293545842170715,0.3272612690925598,-0.5419138073921204,9.156585693359375,2.235197067260742,3.2346103191375732,0.2604747414588928,0.8239284753799438,0.5665080547332764
1781548225688366,157290282,-0.6049447059631348,-0.48294827342033386,0.32716959714889526,-0.541999101638794,9.142988204956055,2.2705655097961426,3.2179582118988037,0.9631336331367493,0.6620947122573853,0.6123292446136475
1781548225689600,157306949,-0.6048147082328796,-0.4830741882324219,0.3270682692527771,-0.5420931577682495,9.132035255432129,2.2922496795654297,3.2334930896759033,1.9052966833114624,0.1280570775270462,0.7462835907936096
1781548225718928,157323616,-0.6046430468559265,-0.48327791690826416,0.32693904638290405,-0.5421809554100037,9.178544044494629,2.326380729675293,3.251023054122925,2.485910654067993,-0.15367619693279266,0.6173365116119385
1781548225720714,157340283,-0.6045656800270081,-0.48339274525642395,0.32688993215560913,-0.5421946048736572,9.169466018676758,2.332165241241455,3.3247578144073486,1.3476828336715698,-0.18679343163967133,0.42810991406440735
1781548225747869,157356950,-0.6047797203063965,-0.483190655708313,0.32701292634010315,-0.5420618057250977,9.141624450683594,2.3012750148773193,3.352470636367798,-1.8750032186508179,0.45545142889022827,0.028372466564178467
1781548225778395,157373617,-0.6050519943237305,-0.48289769887924194,0.3271925449371338,-0.5419106483459473,9.169530868530273,2.235597610473633,3.263684034347534,-2.7302756309509277,0.6208070516586304,0.11746623367071152
1781548225780099,157390284,-0.6050052642822266,-0.4829753339290619,0.32705315947532654,-0.5419778227806091,9.164834976196289,2.233487129211426,3.202667474746704,1.4160045385360718,0.5405880212783813,0.2739214301109314
1781548225808449,157406951,-0.6048903465270996,-0.4831404685974121,0.3268182575702667,-0.5421004295349121,9.159110069274902,2.3210315704345703,3.2385494709014893,2.6779420375823975,0.6905503869056702,0.31118786334991455
1781548225810610,157423618,-0.6049308180809021,-0.48316678404808044,0.32676899433135986,-0.5420615673065186,9.175982475280762,2.3728885650634766,3.292252779006958,0.4878130257129669,0.23828133940696716,-0.02570234052836895
1781548225838400,157440285,-0.6050836443901062,-0.48307004570961,0.3269142508506775,-0.5418896675109863,9.206418991088867,2.3462917804718018,3.2692344188690186,-1.4417004585266113,-0.3066096305847168,-0.08187098801136017
1781548225839510,157456952,-0.605317234992981,-0.4828062951564789,0.32712244987487793,-0.5417382717132568,9.201385498046875,2.303372859954834,3.2323124408721924,-2.550218343734741,0.31363391876220703,0.3013654351234436
1781548225868410,157473619,-0.6055076122283936,-0.4825820326805115,0.32733121514320374,-0.5415990948677063,9.165925025939941,2.2295289039611816,3.1925125122070312,-2.419222116470337,0.057673390954732895,0.35699620842933655
1781548225870061,157490286,-0.6056021451950073,-0.4825296401977539,0.32745856046676636,-0.5414631366729736,9.18592357635498,2.1824870109558105,3.208918809890747,-0.9749473929405212,-0.42335227131843567,0.10409639775753021
1781548225897923,157506953,-0.6055430769920349,-0.48272034525871277,0.32729092240333557,-0.5414605140686035,9.218222618103027,2.1972007751464844,3.2081384658813477,1.8567858934402466,-0.02504921890795231,-0.32562699913978577
1781548225927732,157523620,-0.6053400039672852,-0.4830726087093353,0.32679644227027893,-0.5416721105575562,9.224934577941895,2.2549402713775635,3.209527015686035,5.062459468841553,1.208682656288147,-0.22087112069129944
1781548225930172,157540287,-0.6049823760986328,-0.4835420250892639,0.32618704438209534,-0.5420202016830444,9.174221992492676,2.366276741027832,3.2797179222106934,6.483221530914307,1.2790151834487915,0.16701403260231018
1781548225957603,157556954,-0.6048882007598877,-0.4837314486503601,0.3259356915950775,-0.5421070456504822,9.197563171386719,2.4349136352539062,3.3564467430114746,2.5026745796203613,0.5507307052612305,-0.08902974426746368
1781548225959077,157573621,-0.6050929427146912,-0.48357391357421875,0.32599151134490967,-0.5419858694076538,9.263015747070312,2.3958966732025146,3.3357901573181152,-1.6295057535171509,0.5225695371627808,-0.298644095659256
1781548225989423,157590288,-0.6054574847221375,-0.48316624760627747,0.32603001594543457,-0.5419190526008606,9.190934181213379,2.3430979251861572,3.264554023742676,-2.779310703277588,2.125092029571533,-0.08344616740942001
1781548225990399,157606955,-0.6057379841804504,-0.4828869104385376,0.32603028416633606,-0.5418543815612793,9.09701156616211,2.3058881759643555,3.2675836086273193,-1.762128233909607,1.6388094425201416,-0.15546908974647522
1781548226017618,157623622,-0.6060133576393127,-0.48262321949005127,0.3261515200138092,-0.5417084693908691,9.06271743774414,2.2589330673217773,3.308840036392212,-2.487684726715088,0.7514446377754211,-0.16887733340263367
1781548226019984,157640289,-0.6063231229782104,-0.4823662340641022,0.32625529170036316,-0.5415281653404236,9.042370796203613,2.2105937004089355,3.260094165802002,-2.4823572635650635,0.7888006567955017,-0.477868914604187
1781548226047755,157656956,-0.606427788734436,-0.4823976755142212,0.3261169493198395,-0.5414663553237915,9.08427619934082,2.204331874847412,3.229462146759033,0.4143558442592621,0.6193342804908752,-0.7242119312286377
1781548226078022,157673623,-0.606285810470581,-0.4827299416065216,0.3257260322570801,-0.5415645837783813,9.076804161071777,2.258373260498047,3.2418739795684814,4.008060932159424,0.5853205323219299,-0.5726999640464783
1781548226080205,157690290,-0.6062033176422119,-0.48293307423591614,0.3254881501197815,-0.5416187047958374,9.067028045654297,2.3130362033843994,3.2757856845855713,2.5343573093414307,0.3972209692001343,-0.20533698797225952
1781548226108672,157706957,-0.6061936020851135,-0.48308253288269043,0.32541152834892273,-0.5415424704551697,9.058014869689941,2.314464569091797,3.2447400093078613,1.1468149423599243,-0.35203373432159424,-0.374444842338562
1781548226110474,157723624,-0.6060572266578674,-0.4834121763706207,0.3252585530281067,-0.5414927005767822,9.049883842468262,2.3205714225769043,3.276319980621338,2.6963703632354736,-0.8912450671195984,-0.4369782507419586
1781548226138040,157740291,-0.6058384776115417,-0.483806848526001,0.3250611126422882,-0.5415036678314209,9.088058471679688,2.3717260360717773,3.298231363296509,3.593045473098755,-0.9183816909790039,-0.15295901894569397
1781548226142106,157756958,-0.6056528687477112,-0.484096497297287,0.3249638080596924,-0.5415106415748596,9.122343063354492,2.3794682025909424,3.3132894039154053,2.606854200363159,-0.8975329995155334,0.2551345229148865
1781548226168194,157773625,-0.6055834889411926,-0.4842013120651245,0.3250969648361206,-0.5414147973060608,9.154671669006348,2.380582571029663,3.3207690715789795,0.5266419053077698,-1.2103922367095947,0.6313082575798035
1781548226169464,157790292,-0.6056479215621948,-0.4841672480106354,0.3252548575401306,-0.5412784218788147,9.18583869934082,2.389556646347046,3.329986810684204,-0.9393712878227234,-0.6977923512458801,0.26792803406715393
1781548226198247,157806959,-0.6058096885681152,-0.48404303193092346,0.3254837095737457,-0.5410706400871277,9.178757667541504,2.3677380084991455,3.2890775203704834,-1.9940897226333618,-0.660077691078186,0.07008276134729385
1781548226228566,157823626,-0.6059352159500122,-0.4839679002761841,0.3256447911262512,-0.540900468826294,9.179882049560547,2.340738296508789,3.3113389015197754,-1.4427504539489746,-0.5444619059562683,-0.013882082886993885
1781548226229102,157840293,-0.605919361114502,-0.4840395450592041,0.3256849944591522,-0.5408298373222351,9.235301971435547,2.310912847518921,3.2814488410949707,0.4321567118167877,-0.5420799851417542,0.2383197844028473
1781548226258416,157856960,-0.605721116065979,-0.4842284917831421,0.3255823850631714,-0.5409446358680725,9.260059356689453,2.3628053665161133,3.282200336456299,2.526404857635498,-0.1613600105047226,0.9692806005477905
1781548226259255,157873627,-0.6055324673652649,-0.48426157236099243,0.32555481791496277,-0.5411427021026611,9.281755447387695,2.423768997192383,3.2808163166046143,1.7699847221374512,0.4084392786026001,1.8849345445632935
1781548226287589,157890294,-0.6055492758750916,-0.48404237627983093,0.3257351219654083,-0.5412113666534424,9.288796424865723,2.472660541534424,3.2977097034454346,-1.1504839658737183,0.48052626848220825,1.7961739301681519
1781548226289765,157906961,-0.6058849096298218,-0.4835420846939087,0.32622045278549194,-0.5409907102584839,9.25853157043457,2.426957368850708,3.283331871032715,-5.089218616485596,0.02683570794761181,1.0768028497695923
1781548226318544,157923628,-0.606388509273529,-0.4829179346561432,0.3267975151538849,-0.5406357049942017,9.22897720336914,2.312291145324707,3.2207601070404053,-6.834352970123291,0.028013894334435463,0.46537643671035767
1781548226319172,157940295,-0.6067710518836975,-0.48239830136299133,0.3271685838699341,-0.540445864200592,9.133441925048828,2.1958935260772705,3.2388572692871094,-4.803354263305664,0.7890312671661377,0.7051496505737305
1781548226347709,157956962,-0.6068729758262634,-0.48214954137802124,0.32725194096565247,-0.5405029654502869,9.077836036682129,2.190199375152588,3.243574380874634,-1.230818271636963,1.1426401138305664,1.1736570596694946
1781548226380044,157973629,-0.6068860292434692,-0.4820297956466675,0.3272341191768646,-0.5406058430671692,9.065841674804688,2.2137820720672607,3.232161045074463,0.17371173202991486,1.0602058172225952,1.103235125541687
1781548226382013,157990296,-0.6069332361221313,-0.48196208477020264,0.3271506130695343,-0.5406637191772461,9.06398868560791,2.28271746635437,3.2074837684631348,0.4230513870716095,1.0687860250473022,0.45309507846832275
1781548226408176,158006963,-0.6070678234100342,-0.48190948367118835,0.3271386921405792,-0.5405667424201965,9.08023738861084,2.2904069423675537,3.1920905113220215,-0.3712560534477234,0.40971991419792175,-0.2970432639122009
1781548226409981,158023630,-0.6072458028793335,-0.4818587899208069,0.3271641433238983,-0.5403966903686523,9.079957962036133,2.263092517852783,3.1832339763641357,-0.7837357521057129,0.10819444060325623,-0.63536137342453
1781548226437638,158040297,-0.607288122177124,-0.4819466173648834,0.3271520733833313,-0.5402779579162598,9.090182304382324,2.213085651397705,3.1539535522460938,0.393545538187027,-0.4108533263206482,-0.3896203637123108
1781548226439185,158056964,-0.6070547699928284,-0.48231494426727295,0.32695484161376953,-0.5403307676315308,9.094452857971191,2.224388599395752,3.207082748413086,3.518935441970825,-0.7394770383834839,0.09531126916408539
1781548226497401,158073631,-0.6065856218338013,-0.482940673828125,0.32656043767929077,-0.5405375957489014,9.122910499572754,2.30210018157959,3.2366905212402344,6.509973526000977,-0.8781314492225647,0.40096044540405273
1781548226498634,158090298,-0.6060821413993835,-0.4835900068283081,0.3261857032775879,-0.5407479405403137,9.15865421295166,2.4103403091430664,3.269366502761841,6.621005535125732,-1.1231043338775635,0.5420352220535278
1781548226500489,158106965,-0.6058120727539062,-0.48396366834640503,0.3260667324066162,-0.540787935256958,9.188076972961426,2.4782233238220215,3.2938029766082764,3.406982183456421,-1.1950629949569702,0.44766518473625183
1781548226527419,158123632,-0.6059028506278992,-0.48389142751693726,0.32627660036087036,-0.54062420129776,9.229702949523926,2.4639854431152344,3.3269879817962646,-1.4577980041503906,-0.8077477216720581,0.3082936704158783
1781548226529157,158140299,-0.606192946434021,-0.4836059808731079,0.326582133769989,-0.5403700470924377,9.223896026611328,2.3900208473205566,3.29015851020813,-3.3826565742492676,-0.22098638117313385,0.0507451631128788
1781548226557997,158156966,-0.6064473986625671,-0.4833415150642395,0.32679593563079834,-0.5401917695999146,9.233297348022461,2.3044612407684326,3.2910573482513428,-2.7571816444396973,0.2326081246137619,0.11672346293926239
1781548226560436,158173633,-0.606643795967102,-0.4831015169620514,0.326938271522522,-0.5400997400283813,9.216211318969727,2.2716431617736816,3.2998127937316895,-1.9336562156677246,0.612956702709198,0.424831360578537
1781548226588818,158190300,-0.6067197322845459,-0.48297154903411865,0.32689639925956726,-0.5401559472084045,9.190995216369629,2.2579307556152344,3.2500882148742676,-0.08901694416999817,1.187334418296814,0.6187452077865601
1781548226590853,158206967,-0.6066218018531799,-0.4830813705921173,0.3266158103942871,-0.5403375625610352,9.155452728271484,2.3111231327056885,3.2595832347869873,2.6112849712371826,1.3063052892684937,0.44023746252059937
1781548226618141,158223634,-0.6065468788146973,-0.48318395018577576,0.32635340094566345,-0.5404885411262512,9.13893985748291,2.3617162704467773,3.3321259021759033,2.448465347290039,1.2271876335144043,0.33199822902679443
1781548226619975,158240301,-0.6066438555717468,-0.48310965299606323,0.32612311840057373,-0.5405851602554321,9.16256332397461,2.3835034370422363,3.315608024597168,0.8134273290634155,1.9346873760223389,-0.05938304588198662
1781548226647873,158256968,-0.6068705320358276,-0.48291534185409546,0.32595354318618774,-0.5406067967414856,9.224885940551758,2.391169548034668,3.3093106746673584,-0.5114344358444214,2.1687874794006348,-0.3835117518901825
1781548226678019,158273635,-0.6073251962661743,-0.4824744164943695,0.32600638270378113,-0.5404577851295471,9.281011581420898,2.3629708290100098,3.283773183822632,-3.478217363357544,2.10844349861145,-0.6420591473579407
1781548226682053,158290302,-0.6077917814254761,-0.482020765542984,0.3260716497898102,-0.5402987599372864,9.170743942260742,2.2851178646087646,3.225088596343994,-3.642138719558716,2.0971741676330566,-0.6598471403121948
1781548226708150,158306969,-0.6079639196395874,-0.4819289445877075,0.325884610414505,-0.5402997732162476,9.041467666625977,2.2703003883361816,3.223414897918701,0.12637947499752045,1.6739246845245361,-0.5503913164138794
1781548226710371,158323636,-0.6076928377151489,-0.48228004574775696,0.32570675015449524,-0.5403986573219299,9.09408950805664,2.2691378593444824,3.174795150756836,3.5898826122283936,-0.6888023614883423,0.5294593572616577
1781548226738349,158340303,-0.6072126626968384,-0.48281800746917725,0.3255004286766052,-0.5405823588371277,9.093023300170898,2.3657829761505127,3.17414927482605,5.395540237426758,-1.442379355430603,1.1603642702102661
1781548226739721,158356970,-0.6067049503326416,-0.4835687279701233,0.3256250321865082,-0.5404064655303955,9.246720314025879,2.434845209121704,3.198315382003784,4.2964863777160645,-4.880513668060303,0.3687268793582916
1781548226767565,158373637,-0.6061251163482666,-0.48431989550590515,0.32567185163497925,-0.5403561592102051,9.415262222290039,2.4215247631073,3.30342698097229,5.11016321182251,-4.301896572113037,0.9017784595489502
1781548226770289,158390304,-0.6056686043739319,-0.4846671521663666,0.32550570368766785,-0.540656566619873,9.099575996398926,2.450183629989624,3.458047389984131,4.513168811798096,-0.48962515592575073,2.072406530380249
1781548226798301,158406971,-0.6056015491485596,-0.4845997393131256,0.3262791633605957,-0.5403257012367249,9.000984191894531,2.4300737380981445,3.391112804412842,-3.349782943725586,-4.0761847496032715,2.0791304111480713
1781548226828506,158423638,-0.6057042479515076,-0.4844300448894501,0.3272063136100769,-0.539801836013794,9.147871017456055,2.344156503677368,3.346348762512207,-5.367064952850342,-4.603486061096191,1.3786485195159912
1781548226829975,158440305,-0.6056877970695496,-0.48425111174583435,0.32749655842781067,-0.5398048162460327,9.13068962097168,2.292553424835205,3.378661632537842,-1.3735450506210327,-0.40898361802101135,1.9436261653900146
1781548226857837,158456972,-0.6055318117141724,-0.4840996265411377,0.3275017738342285,-0.5401124358177185,9.09162712097168,2.3323347568511963,3.313488245010376,0.9791669845581055,1.3839884996414185,2.7300381660461426
1781548226860188,158473639,-0.6054897904396057,-0.48387274146080017,0.3276493549346924,-0.5402734279632568,9.16463565826416,2.379746437072754,3.2794389724731445,-0.5789110660552979,0.8378874659538269,2.338228225708008
1781548226887901,158490306,-0.6055887341499329,-0.48357266187667847,0.3278588354587555,-0.5403040647506714,9.316840171813965,2.3258070945739746,3.1848301887512207,-1.962483286857605,0.7147928476333618,1.6132351160049438
1781548226889745,158506973,-0.6055102944374084,-0.48345357179641724,0.3276894986629486,-0.5406011939048767,9.207371711730957,2.2290709018707275,3.1937291622161865,1.3785204887390137,2.1036288738250732,1.710883617401123
1781548226919308,158523640,-0.6049948334693909,-0.48395392298698425,0.32719412446022034,-0.5410307049751282,9.006051063537598,2.214353322982788,3.267624616622925,6.9725775718688965,0.6268388032913208,1.4245208501815796
1781548226920863,158540307,-0.6041008830070496,-0.4850102961063385,0.32619813084602356,-0.5416845083236694,8.867785453796387,2.182870864868164,3.30777907371521,12.953969955444336,0.5462359189987183,0.86347496509552
1781548226948334,158556974,-0.6028020977973938,-0.48645487427711487,0.32438352704048157,-0.5429242849349976,8.672966957092285,2.3547236919403076,3.208871841430664,20.265100479125977,3.5424141883850098,1.2000783681869507
1781548226979554,158573641,-0.601057231426239,-0.48829385638237,0.32287701964378357,-0.5441046357154846,8.802712440490723,2.651599645614624,3.1634159088134766,22.121103286743164,-0.397048681974411,2.7743144035339355
1781548226980043,158590308,-0.6002358794212341,-0.48853799700737,0.32277265191078186,-0.5448536276817322,9.156784057617188,2.649322271347046,3.44002366065979,6.309659004211426,0.39838647842407227,5.814974784851074
1781548227008719,158606975,-0.6004135608673096,-0.48686057329177856,0.3241002559661865,-0.5453711748123169,9.024338722229004,2.1374926567077637,3.497865676879883,-10.885930061340332,3.1179707050323486,10.179370880126953
1781548227010540,158623642,-0.5993585586547852,-0.48688235878944397,0.32454195618629456,-0.5462486147880554,8.823225021362305,1.6515995264053345,3.3744852542877197,4.74518346786499,-1.0476880073547363,9.660722732543945
1781548227039083,158640309,-0.5963861346244812,-0.4896599352359772,0.3224126398563385,-0.5482764840126038,9.12562370300293,1.8648213148117065,3.3636059761047363,33.82418441772461,-1.4589948654174805,6.533128261566162
1781548227040564,158656976,-0.5928937196731567,-0.4928196668624878,0.3189960718154907,-0.551223635673523,9.481273651123047,2.5655620098114014,3.3558733463287354,45.01404571533203,4.5627121925354,7.4140167236328125
1781548227068085,158673643,-0.5900565981864929,-0.49435415863990784,0.316150039434433,-0.5545238256454468,9.391587257385254,2.913208484649658,3.578014612197876,34.280052185058594,10.906705856323242,11.698923110961914
1781548227069606,158690310,-0.5875911712646484,-0.49494218826293945,0.3147543966770172,-0.5574036240577698,9.26562213897705,2.67639422416687,3.7186360359191895,22.73410987854004,8.009748458862305,15.564620018005371
1781548227097794,158706977,-0.5847494006156921,-0.49627625942230225,0.3129426836967468,-0.560218870639801,9.520931243896484,2.4803006649017334,3.860262632369995,28.482975006103516,5.796885013580322,13.716449737548828
1781548227128303,158723644,-0.5824946761131287,-0.4975755512714386,0.3099006116390228,-0.5630988478660583,9.62310791015625,2.549248218536377,3.7702410221099854,31.218263626098633,12.361207008361816,7.591808319091797
1781548227131371,158740311,-0.5803104639053345,-0.49934402108192444,0.30527463555336,-0.5663063526153564,9.362396240234375,2.657853126525879,3.4857099056243896,39.68660354614258,18.158342361450195,2.213573455810547
1781548227158900,158756978,-0.5771781206130981,-0.5025604963302612,0.2984352111816406,-0.5702937245368958,9.229696273803711,2.949174404144287,3.614131212234497,58.973697662353516,22.038928985595703,-1.6211272478103638
1781548227159598,158773645,-0.5733409523963928,-0.5071408748626709,0.2901615500450134,-0.5743647217750549,9.118709564208984,3.2495288848876953,3.800976514816284,72.61824798583984,21.224937438964844,-6.279374599456787
1781548227188586,158790312,-0.5687423348426819,-0.5133816003799438,0.2796832323074341,-0.5785748958587646,9.201871871948242,3.6082396507263184,3.8743245601654053,90.80219268798828,22.32526206970215,-13.7217435836792
1781548227189342,158806979,-0.5641196370124817,-0.5204001665115356,0.2666018605232239,-0.5829890370368958,9.229076385498047,4.226800441741943,3.8423824310302734,104.6788330078125,30.082735061645508,-23.510643005371094
1781548227217920,158823646,-0.560689389705658,-0.5271902084350586,0.25261038541793823,-0.5864178538322449,9.137846946716309,4.979485511779785,4.016568183898926,101.36658477783203,33.18959426879883,-34.94729995727539
1781548227219345,158840313,-0.559509813785553,-0.5326461791992188,0.23925870656967163,-0.5882111191749573,9.065229415893555,5.348955154418945,4.170154094696045,82.64482116699219,34.08134841918945,-45.68792724609375
1781548227247650,158856980,-0.5598966479301453,-0.5371646881103516,0.22623907029628754,-0.5888853073120117,8.984915733337402,5.301806449890137,3.9373319149017334,70.11720275878906,35.07390594482422,-53.566925048828125
1781548227278337,158873647,-0.5604802370071411,-0.542037308216095,0.21185939013957977,-0.5892139077186584,8.847545623779297,5.251087665557861,3.6369094848632812,75.7236557006836,37.90553283691406,-61.26519775390625
1781548227279940,158890314,-0.5609286427497864,-0.5474216938018799,0.19650669395923615,-0.5891298055648804,8.815677642822266,5.426969528198242,3.70761775970459,81.54102325439453,37.84760284423828,-66.67779541015625
1781548227308596,158906981,-0.5616782903671265,-0.5526441931724548,0.1805393546819687,-0.5886490345001221,8.783944129943848,5.600517272949219,3.9004149436950684,81.73601531982422,39.78861999511719,-71.52063751220703
1781548227309700,158923648,-0.5627536177635193,-0.5577309727668762,0.1640329360961914,-0.5876545310020447,8.630508422851562,5.848730087280273,3.5577242374420166,81.51924896240234,40.87186813354492,-76.70071411132812
1781548227338183,158940315,-0.5643830895423889,-0.5627920031547546,0.14749042689800262,-0.5856479406356812,8.409419059753418,6.231131076812744,3.1674203872680664,78.29895782470703,37.85954284667969,-82.96369934082031
1781548227342152,158956982,-0.5671045780181885,-0.567192792892456,0.13161565363407135,-0.5825480818748474,8.189653396606445,6.559878826141357,3.302070140838623,67.713623046875,34.80518341064453,-88.34693145751953
1781548227368052,158973649,-0.5705805420875549,-0.5706242322921753,0.11656884849071503,-0.5789974331855774,7.836930274963379,6.702011585235596,3.471162796020508,57.26573944091797,34.38544464111328,-89.01831817626953
1781548227370104,158990316,-0.5750502943992615,-0.5727264285087585,0.10265669971704483,-0.5751203298568726,7.693490982055664,6.970261096954346,3.3301515579223633,43.3746452331543,34.74045181274414,-88.73572540283203
1781548227397925,159006983,-0.5809499621391296,-0.5730431079864502,0.09043966978788376,-0.5709111094474792,7.375838756561279,7.233730792999268,3.119554042816162,23.745655059814453,34.80110549926758,-87.76538848876953
1781548227428567,159023650,-0.5897884964942932,-0.570941686630249,0.08064810186624527,-0.5653948187828064,7.166231632232666,7.197850704193115,3.290931463241577,-7.826076984405518,31.282772064208984,-93.46087646484375
1781548227430125,159040317,-0.6014590263366699,-0.5652815103530884,0.07397608458995819,-0.5596708059310913,7.272946357727051,6.666144371032715,3.373525619506836,-45.61669158935547,33.22135925292969,-91.09310913085938
1781548227458991,159056984,-0.6135067343711853,-0.5580468773841858,0.06862954050302505,-0.5545117855072021,7.091191291809082,5.889345169067383,3.17325496673584,-58.40701675415039,36.186378479003906,-84.25506591796875
1781548227461786,159073651,-0.6252431273460388,-0.5500020980834961,0.06326305121183395,-0.5500608682632446,6.890027046203613,5.210255146026611,3.015807867050171,-60.22052001953125,41.93043518066406,-79.77564239501953
1781548227488839,159090318,-0.6345722079277039,-0.543373703956604,0.05736706033349037,-0.5466007590293884,6.548259258270264,5.130402565002441,2.546903371810913,-42.593448638916016,41.54832458496094,-69.03091430664062
1781548227490340,159106985,-0.6408034563064575,-0.5399147272109985,0.05031513795256615,-0.5434444546699524,6.259955406188965,5.828339576721191,2.526674509048462,-12.72750186920166,34.59419631958008,-61.63155746459961
1781548227520555,159123652,-0.6473157405853271,-0.5366050601005554,0.04440661519765854,-0.539505124092102,6.089574337005615,6.677475929260254,3.0628278255462646,-17.657196044921875,26.190153121948242,-61.938758850097656
1781548227521008,159140319,-0.6573718190193176,-0.529450535774231,0.04172896966338158,-0.5346057415008545,5.959622383117676,6.636883735656738,3.5470731258392334,-60.122276306152344,23.613771438598633,-66.26290130615234
1781548227547802,159156986,-0.6695671677589417,-0.5187510848045349,0.042031820863485336,-0.5299153923988342,5.838275909423828,5.724832534790039,3.5918588638305664,-94.83039855957031,24.54788589477539,-61.316959381103516
1781548227578288,159173653,-0.6803666949272156,-0.5091698169708252,0.04256477206945419,-0.5253908038139343,5.6760358810424805,4.906882286071777,3.287829637527466,-85.4936294555664,19.601287841796875,-54.97087478637695
1781548227579710,159190320,-0.6877604722976685,-0.5046289563179016,0.04107034206390381,-0.5202389359474182,5.860910892486572,4.919939994812012,3.4937355518341064,-42.85093688964844,7.684779167175293,-54.1752815246582
1781548227610039,159206987,-0.6938841342926025,-0.5013586282730103,0.039343077689409256,-0.5153804421424866,5.960055351257324,5.298656463623047,4.6601243019104,-31.520383834838867,4.900889873504639,-49.413368225097656
1781548227610529,159223654,-0.7015040516853333,-0.49491313099861145,0.04089706763625145,-0.5111562013626099,5.381985664367676,4.906998157501221,4.8313374519348145,-63.281307220458984,3.0890352725982666,-39.52072525024414
1781548227638987,159240321,-0.7072885036468506,-0.49129945039749146,0.04286159574985504,-0.5064886808395386,5.621603965759277,4.2115583419799805,4.107298374176025,-44.9429817199707,-10.867366790771484,-34.60789108276367
1781548227639856,159256988,-0.7086900472640991,-0.49367398023605347,0.041444506496191025,-0.5023213028907776,6.1120429039001465,4.5874924659729,4.091427326202393,10.905658721923828,-14.877983093261719,-30.102672576904297
1781548227669286,159273655,-0.7092509865760803,-0.4972623884677887,0.03931901603937149,-0.4981440603733063,6.394440650939941,5.8734941482543945,5.0409464836120605,22.118263244628906,-15.889787673950195,-29.998727798461914
1781548227671009,159290322,-0.7123740315437317,-0.4964747428894043,0.03997364640235901,-0.49440717697143555,6.496502876281738,6.532243728637695,5.568719387054443,-17.38235855102539,-12.260885238647461,-25.939746856689453
1781548227697679,159306989,-0.7177005410194397,-0.49148857593536377,0.04248981550335884,-0.4914669096469879,6.131645679473877,6.195184707641602,5.423152923583984,-51.57676315307617,-3.782013177871704,-22.021902084350586
1781548227728402,159323656,-0.7236546874046326,-0.48494550585746765,0.04577760398387909,-0.48893409967422485,5.986920356750488,5.8128228187561035,5.199380397796631,-63.867557525634766,-0.7684314250946045,-19.07073211669922
1781548227728994,159340323,-0.7305528521537781,-0.47601163387298584,0.05049319565296173,-0.48698657751083374,6.159940242767334,5.735927104949951,5.28645133972168,-83.52628326416016,2.4136416912078857,-13.820258140563965
1781548227757954,159356990,-0.7398864030838013,-0.46147918701171875,0.058052077889442444,-0.4860404133796692,6.119433879852295,5.15263557434082,5.878684997558594,-128.79515075683594,11.000784873962402,-5.697637557983398
1781548227759359,159373657,-0.7486027479171753,-0.44631457328796387,0.06681590527296066,-0.4857292175292969,6.1141252517700195,4.0280561447143555,5.628755569458008,-133.82571411132812,8.751422882080078,3.6691691875457764
1781548227787684,159390324,-0.7535681128501892,-0.43818026781082153,0.0718388631939888,-0.48473966121673584,6.47886323928833,3.778653144836426,5.298447608947754,-73.9418716430664,0.7225033640861511,-2.007638931274414
1781548227790476,159406991,-0.7562589049339294,-0.4355170726776123,0.07252237200737,-0.4828436076641083,6.955618381500244,5.0795769691467285,5.910333156585693,-24.72637939453125,1.118208885192871,-14.901165962219238
1781548227817960,159423658,-0.7602396607398987,-0.4302995204925537,0.0745011568069458,-0.48096534609794617,6.944525241851807,6.2137017250061035,6.902839660644531,-46.1612548828125,3.5607898235321045,-13.940646171569824
1781548227819660,159440325,-0.7673177719116211,-0.41823747754096985,0.08112911880016327,-0.4792904257774353,6.583158016204834,5.5070881843566895,6.748357772827148,-106.37386322021484,4.0821685791015625,-5.8610734939575195
1781548227847779,159456992,-0.7740275263786316,-0.4067266881465912,0.08704109489917755,-0.47736629843711853,6.264761447906494,4.1946821212768555,5.878192901611328,-100.1845703125,5.121243953704834,-8.329778671264648
1781548227877927,159473659,-0.7765170931816101,-0.4042569100856781,0.08968234062194824,-0.4749261736869812,6.302394390106201,3.950582981109619,6.070590019226074,-29.839799880981445,-11.11331844329834,-11.782914161682129
1781548227879525,159490326,-0.777428150177002,-0.40415310859680176,0.0916806310415268,-0.47313907742500305,6.5270233154296875,4.146260738372803,7.120731353759766,-10.318575859069824,-14.564271926879883,-6.390735149383545
1781548227907983,159506993,-0.7796390056610107,-0.4003230929374695,0.09369728714227676,-0.4723615348339081,6.628666400909424,4.240786552429199,7.674661159515381,-33.26913070678711,1.0851054191589355,-2.8235294818878174
1781548227910229,159523660,-0.7813352346420288,-0.39819690585136414,0.0937441810965538,-0.4713456630706787,6.550296306610107,4.9800519943237305,6.806784152984619,-16.474632263183594,5.122565269470215,-8.950572967529297
1781548227937623,159540327,-0.7828907370567322,-0.39745211601257324,0.09342200309038162,-0.46945369243621826,6.503066062927246,6.086521148681641,6.7447428703308105,-8.036581039428711,0.14042817056179047,-15.102543830871582
1781548227939511,159556994,-0.7869413495063782,-0.39006516337394714,0.09674970805644989,-0.4682009220123291,6.144233226776123,5.662374496459961,7.294079780578613,-61.97845458984375,5.2832746505737305,-5.475520133972168
1781548227967970,159573661,-0.7916663885116577,-0.3801236152648926,0.1010136529803276,-0.4675114154815674,5.77157735824585,4.563500881195068,7.1299943923950195,-80.24921417236328,10.401383399963379,-0.38970619440078735
1781548227969864,159590328,-0.7939469814300537,-0.37629130482673645,0.10277961939573288,-0.4663577973842621,5.548917770385742,4.500638961791992,6.436605930328369,-32.899105072021484,1.449729323387146,-5.831305027008057
1781548227997721,159606995,-0.7950894832611084,-0.37554091215133667,0.10384920239448547,-0.4647762179374695,5.693882942199707,5.0264973640441895,6.665510177612305,-11.20016098022461,-6.540925025939941,-8.497736930847168
1781548228028589,159623662,-0.7971562147140503,-0.3720856010913849,0.10553126782178879,-0.463635116815567,5.759188175201416,5.024330139160156,7.307977199554443,-30.016773223876953,0.5523973107337952,-5.5309529304504395
1781548228030211,159640329,-0.7992220520973206,-0.36837586760520935,0.10735680907964706,-0.46262115240097046,5.484588146209717,4.432183742523193,7.013919353485107,-31.773832321166992,0.9020889401435852,-4.280473709106445
1781548228057755,159656996,-0.7997245192527771,-0.3684384226799011,0.10786600410938263,-0.4615831971168518,5.375689506530762,4.12540864944458,6.7082672119140625,-2.916031837463379,-5.077564239501953,-5.558276653289795
1781548228059872,159673663,-0.7991384863853455,-0.37060999870300293,0.10769739001989365,-0.4608986973762512,5.379236221313477,4.076698303222656,6.961541652679443,13.851110458374023,-7.955516815185547,-3.441735029220581
1781548228088298,159690330,-0.7977932691574097,-0.37355130910873413,0.10741084814071655,-0.46092134714126587,5.364643096923828,4.083935737609863,7.2196807861328125,20.91251564025879,-8.506505012512207,1.978040337562561
1781548228090582,159706997,-0.7956641316413879,-0.37762451171875,0.10637962818145752,-0.4615213871002197,5.469659328460693,4.658817768096924,7.18599796295166,31.921669006347656,-7.104887962341309,4.880435466766357
1781548228117934,159723664,-0.794015109539032,-0.3805670142173767,0.10555192083120346,-0.4621340334415436,5.806052207946777,5.650146007537842,7.338064193725586,23.8536376953125,-4.246569633483887,4.781446933746338
1781548228121763,159740331,-0.7941720485687256,-0.3796374201774597,0.10575465857982635,-0.4625822901725769,5.912893295288086,6.31378698348999,7.427255153656006,-5.403895854949951,3.311805248260498,3.6516475677490234
1781548228147933,159756998,-0.796222448348999,-0.37478742003440857,0.1075158342719078,-0.4626066982746124,5.4759955406188965,6.102259635925293,7.269164562225342,-37.017486572265625,7.541344165802002,2.23429012298584
1781548228178265,159773665,-0.798690676689148,-0.36971527338027954,0.10989956557750702,-0.46187257766723633,5.241107940673828,5.539138317108154,6.885163307189941,-41.85258865356445,3.1940064430236816,-1.4792193174362183
1781548228180695,159790332,-0.8007524013519287,-0.3660573363304138,0.1122698113322258,-0.4606442451477051,5.3671722412109375,4.9860124588012695,6.877198219299316,-33.38471603393555,-2.785353660583496,-4.004305362701416
1781548228207823,159806999,-0.8022308945655823,-0.3633395731449127,0.11398787051439285,-0.45980104804039,5.3855767250061035,4.356758117675781,7.086397647857666,-24.377450942993164,-1.6535849571228027,-2.404064416885376
1781548228209673,159823666,-0.8026138544082642,-0.362550288438797,0.11518381536006927,-0.4594573676586151,5.164064407348633,3.7268970012664795,7.001065731048584,-8.961847305297852,-4.480251312255859,0.9986843466758728
1781548228237715,159840333,-0.8012233972549438,-0.36542820930480957,0.11476234346628189,-0.459709495306015,5.102202415466309,3.510500431060791,6.9010515213012695,21.27726936340332,-7.058552265167236,2.952310562133789
1781548228239484,159857000,-0.7979371547698975,-0.37239792943000793,0.11243683844804764,-0.46040651202201843,5.227776050567627,4.173466682434082,6.940162658691406,54.9516716003418,-9.881321907043457,3.3814709186553955
1781548228267699,159873667,-0.7937451601028442,-0.3813803493976593,0.10941174626350403,-0.46102800965309143,5.662084579467773,5.307570457458496,7.153109550476074,70.46977996826172,-13.307820320129395,2.487569808959961
1781548228269577,159890334,-0.7906012535095215,-0.38775572180747986,0.1072092354297638,-0.46162912249565125,6.101926803588867,6.094504356384277,7.500955581665039,50.87018585205078,-8.798429489135742,3.1720283031463623
1781548228297795,159907001,-0.7894417643547058,-0.389610230922699,0.10629056394100189,-0.46226388216018677,6.116235733032227,6.2751240730285645,7.727213382720947,16.95517349243164,0.12436901032924652,3.811641216278076
1781548228327442,159923668,-0.7901524901390076,-0.38734307885169983,0.10674022138118744,-0.46285101771354675,5.873841285705566,6.0396952629089355,7.514723777770996,-14.8099946975708,7.03647518157959,4.286898136138916
1781548228329371,159940335,-0.791742742061615,-0.3837701082229614,0.10766194760799408,-0.4628962576389313,5.616815090179443,5.8626627922058105,7.037497043609619,-26.146268844604492,7.8297014236450195,0.759757936000824
1781548228357905,159957002,-0.7937771677970886,-0.37962275743484497,0.10944990068674088,-0.46241265535354614,5.509422779083252,5.404138088226318,6.777463912963867,-33.59366226196289,3.8760170936584473,-0.8213129043579102
1781548228359456,159973669,-0.7955772876739502,-0.3759242296218872,0.11112847924232483,-0.46193963289260864,5.445330619812012,4.763739585876465,6.738707065582275,-30.17740249633789,2.897721290588379,-0.6425094604492188
1781548228388420,159990336,-0.7962150573730469,-0.3746564984321594,0.11191865801811218,-0.46167993545532227,5.262292385101318,4.218726634979248,6.780509948730469,-10.892470359802246,-0.29987359046936035,0.062437381595373154
1781548228389480,160007003,-0.7953579425811768,-0.37659984827041626,0.11108754575252533,-0.46177712082862854,5.3676862716674805,4.238252639770508,6.925530433654785,15.957871437072754,-1.8474458456039429,0.1140342503786087
1781548228417703,160023670,-0.7936644554138184,-0.3804081678390503,0.10920654982328415,-0.4620179831981659,5.55302619934082,4.791390895843506,6.9813151359558105,31.765438079833984,-2.2938177585601807,-0.5882105827331543
1781548228419576,160040337,-0.7921600341796875,-0.384128600358963,0.10745196789503098,-0.46193286776542664,5.780419826507568,5.342372894287109,7.030876636505127,30.145572662353516,-3.4155542850494385,-2.5715744495391846
1781548228447860,160057004,-0.791105329990387,-0.38684406876564026,0.10634058713912964,-0.4617314636707306,5.885553359985352,5.4410600662231445,7.029149532318115,21.355243682861328,-3.7016303539276123,-2.19183611869812
1781548228478290,160073671,-0.7904052138328552,-0.3887023627758026,0.10560733079910278,-0.46153801679611206,5.854621887207031,5.187317371368408,6.990762710571289,14.554421424865723,-2.7567098140716553,-1.6428509950637817
1781548228480393,160090338,-0.7894631624221802,-0.39113789796829224,0.10472530126571655,-0.4612935483455658,5.89939022064209,5.051637172698975,6.930209159851074,18.773714065551758,-4.091274738311768,-1.9690810441970825
1781548228508742,160107005,-0.7881413102149963,-0.39422523975372314,0.10370117425918579,-0.4611571431159973,6.022339344024658,5.018340110778809,6.836544036865234,23.8615665435791,-5.3698930740356445,-1.029389500617981
1781548228510397,160123672,-0.7871116399765015,-0.39635053277015686,0.10254733264446259,-0.4613521099090576,6.246780872344971,4.961221694946289,7.205334186553955,18.50439453125,-0.509680449962616,0.17369909584522247
1781548228538497,160140339,-0.7864812612533569,-0.3978891372680664,0.10096552222967148,-0.4614516794681549,6.368669033050537,4.952573299407959,7.057682991027832,15.532421112060547,3.6889946460723877,-2.362415075302124
1781548228539975,160157006,-0.7853519916534424,-0.40075331926345825,0.09880614280700684,-0.46136385202407837,6.440696716308594,5.117603778839111,6.855098247528076,25.767623901367188,1.7478210926055908,-4.294222831726074
1781548228569596,160173673,-0.7839189767837524,-0.4042319357395172,0.0962914526462555,-0.4612981081008911,6.51004695892334,5.289595127105713,6.9144392013549805,31.064714431762695,1.5726954936981201,-4.608201503753662
1781548228571484,160190340,-0.7822397351264954,-0.40826353430747986,0.09357094764709473,-0.46115776896476746,6.548696041107178,5.359519958496094,6.966855525970459,35.332759857177734,0.5583017468452454,-5.168704509735107
1781548228597754,160207007,-0.779944121837616,-0.41339927911758423,0.09053602069616318,-0.4610763490200043,6.673055171966553,5.360789775848389,7.006889343261719,44.036277770996094,-1.48198664188385,-4.491641044616699
1781548228627690,160223674,-0.7784714102745056,-0.4162367880344391,0.08717240393161774,-0.4616604447364807,6.866756439208984,5.514180660247803,7.535646438598633,30.83043670654297,9.9705810546875,-3.035372495651245
1781548228629687,160240341,-0.7784283757209778,-0.4166790544986725,0.08333685994148254,-0.4620422124862671,6.836087703704834,5.711989879608154,7.181260108947754,15.296152114868164,20.376970291137695,-8.572976112365723
1781548228657711,160257008,-0.7787203192710876,-0.41686809062957764,0.0799618735909462,-0.4619762897491455,6.715853691101074,5.6720685958862305,6.744795322418213,11.261996269226074,17.627033233642578,-10.569268226623535
1781548228659238,160273675,-0.7791993021965027,-0.4165020287036896,0.07622560113668442,-0.46213048696517944,6.680579662322998,5.330209255218506,6.886264801025391,9.023062705993652,22.058727264404297,-10.716084480285645
1781548228688170,160290342,-0.7790342569351196,-0.4171927273273468,0.07154756039381027,-0.46253329515457153,6.385867595672607,5.018352508544922,6.814162731170654,19.6514892578125,24.12179183959961,-10.589776039123535
1781548228719169,160307009,-0.77763831615448,-0.4203920066356659,0.06617432087659836,-0.4627855718135834,6.332890510559082,4.953029632568359,6.6089301109313965,38.75698471069336,18.831283569335938,-10.710817337036133
1781548228719881,160323676,-0.7755364179611206,-0.4248252809047699,0.06021644547581673,-0.46307769417762756,6.33123254776001,4.832228660583496,6.652351379394531,49.273826599121094,17.825727462768555,-10.504462242126465
1781548228722553,160340343,-0.7726465463638306,-0.4305468797683716,0.05309182032942772,-0.46349576115608215,6.363726615905762,4.983164310455322,6.613665580749512,62.21353530883789,19.98755645751953,-11.266343116760254
1781548228747929,160357010,-0.7695268988609314,-0.4361741542816162,0.04484759271144867,-0.4642943739891052,6.411631107330322,5.5303521156311035,6.650147438049316,66.10047149658203,27.27803611755371,-11.794648170471191
1781548228779159,160373677,-0.768030047416687,-0.4381237328052521,0.037665657699108124,-0.46557363867759705,6.1410322189331055,5.635739326477051,6.7271904945373535,38.53375244140625,35.3404426574707,-10.113058090209961
1781548228779804,160390344,-0.767410933971405,-0.4378005862236023,0.03141331300139427,-0.46735909581184387,5.763559818267822,5.1353960037231445,6.4188995361328125,21.044485092163086,39.458919525146484,-6.862139701843262
1781548228808545,160407011,-0.7665088176727295,-0.43735572695732117,0.024960260838270187,-0.46963971853256226,5.499839782714844,4.544190406799316,6.282546520233154,22.0085506439209,42.339473724365234,-3.9186980724334717
1781548228809141,160423678,-0.763952910900116,-0.4389249086380005,0.017275379970669746,-0.47267627716064453,5.208534240722656,4.33787727355957,5.898640155792236,41.70449447631836,44.31748580932617,1.35421884059906
1781548228838058,160440345,-0.7601325511932373,-0.44194626808166504,0.008538543246686459,-0.47624507546424866,5.034637928009033,4.89614725112915,5.648695945739746,56.63175582885742,46.5799560546875,4.910733699798584
1781548228838879,160457012,-0.7570752501487732,-0.44233474135398865,0.0013270045164972544,-0.4808070957660675,4.799347877502441,5.505722999572754,5.962644100189209,35.61748504638672,50.292240142822266,12.390936851501465
1781548228867640,160473679,-0.7554823756217957,-0.43843263387680054,-0.0028380430303514004,-0.4868420660495758,4.399116516113281,5.059317588806152,6.2038984298706055,-1.2260563373565674,53.1112060546875,24.521018981933594
1781548228869893,160490346,-0.753367006778717,-0.4326271712779999,-0.006178735755383968,-0.49521124362945557,3.783294677734375,3.964076519012451,5.980623245239258,-12.340907096862793,62.247005462646484,40.8425178527832
1781548228898290,160507013,-0.7494351863861084,-0.42852193117141724,-0.0090263606980443,-0.5046132802963257,2.9443647861480713,2.9875142574310303,5.675722122192383,0.14865291118621826,57.05309295654297,53.915924072265625
1781548228930083,160523680,-0.7429616451263428,-0.43110185861587524,-0.012735809199512005,-0.5118567943572998,2.9668381214141846,2.82118821144104,5.073955535888672,45.21092224121094,32.09622573852539,49.48741149902344
1781548228931480,160540347,-0.7320413589477539,-0.44239187240600586,-0.02203058823943138,-0.5176094174385071,4.5191330909729,4.624338150024414,4.262216091156006,122.67865753173828,25.943872451782227,41.72987365722656
1781548228958718,160557014,-0.7198580503463745,-0.4527629017829895,-0.03471677377820015,-0.5249809622764587,5.420596599578857,7.588781833648682,5.101926803588867,133.72166442871094,51.40111541748047,43.9188117980957
1781548228959368,160573681,-0.7131058573722839,-0.45244088768959045,-0.040658336132764816,-0.5339705348014832,4.732008457183838,8.62868881225586,6.068795204162598,39.152034759521484,60.35295867919922,50.764678955078125
1781548228991556,160590348,-0.7083907723426819,-0.4468907415866852,-0.03944879397749901,-0.544899046421051,3.5459182262420654,7.466267108917236,5.17940092086792,-19.615352630615234,49.94693374633789,73.57730865478516
1781548228992107,160607015,-0.7033601999282837,-0.4406629204750061,-0.03526291623711586,-0.5566481351852417,2.9181101322174072,5.475917816162109,4.996386528015137,-33.32017135620117,40.59638977050781,87.72058868408203
1781548229017986,160623682,-0.6957722902297974,-0.43775829672813416,-0.028971530497074127,-0.5687085390090942,2.961371421813965,3.852213144302368,4.525295734405518,-17.63524055480957,19.2554988861084,106.19910430908203
1781548229019773,160640349,-0.6843886375427246,-0.4411289691925049,-0.025102781131863594,-0.5799893736839294,4.153839588165283,3.8547422885894775,3.677098035812378,33.43922424316406,4.716374397277832,111.27135467529297
1781548229048516,160657016,-0.6690412163734436,-0.4472986161708832,-0.025738725438714027,-0.592997133731842,6.063400745391846,5.586585998535156,3.517367124557495,76.29995727539062,20.67302131652832,122.02703094482422
1781548229077903,160673683,-0.653085470199585,-0.45016494393348694,-0.024826081469655037,-0.6084526777267456,6.135523319244385,7.343517780303955,4.716712951660156,56.22677993774414,34.65419006347656,139.9462127685547
1781548229080094,160690350,-0.6401596069335938,-0.4484860599040985,-0.014831235632300377,-0.6235674023628235,4.702744007110596,7.525824069976807,5.382923603057861,-11.503508567810059,11.312376976013184,153.07513427734375
1781548229108488,160707017,-0.6304171681404114,-0.4472813904285431,0.0019869846291840076,-0.6344365477561951,4.026905536651611,6.064413547515869,4.668586254119873,-48.05691909790039,-34.173309326171875,141.8304901123047
1781548229110216,160723684,-0.6207054257392883,-0.4502710998058319,0.018115999177098274,-0.6416018009185791,6.123910427093506,5.106688976287842,4.012506008148193,-27.0159854888916,-60.87498474121094,123.4626235961914
1781548229138079,160740351,-0.6110950708389282,-0.45161235332489014,0.03128597512841225,-0.6493308544158936,7.972494602203369,5.872311115264893,3.9703991413116455,-21.24230194091797,-39.214908599853516,116.46330261230469
1781548229139145,160757018,-0.6038667559623718,-0.44627314805984497,0.046807073056697845,-0.6587826013565063,6.894295692443848,6.426904201507568,4.169000625610352,-66.8384780883789,-13.404594421386719,121.80499267578125
1781548229167971,160773685,-0.5974693298339844,-0.4389628767967224,0.06983984261751175,-0.6674313545227051,4.702149868011475,5.859818458557129,4.72068452835083,-111.86338806152344,-37.86214828491211,138.39825439453125
1781548229169572,160790352,-0.5909889936447144,-0.433721125125885,0.10125596821308136,-0.6725811958312988,3.973734140396118,4.29798698425293,5.342462539672852,-143.281982421875,-92.40425109863281,148.72474670410156
1781548229197788,160807019,-0.5827169418334961,-0.43409088253974915,0.13460513949394226,-0.6737119555473328,6.531882286071777,2.1648123264312744,5.104326248168945,-126.87498474121094,-139.45237731933594,142.53985595703125
1781548229229052,160823686,-0.5701528787612915,-0.4390629231929779,0.15803416073322296,-0.6761469841003418,10.888063430786133,1.6835163831710815,3.6645357608795166,-48.45201110839844,-121.09293365478516,133.76504516601562
1781548229232377,160840353,-0.5551682710647583,-0.4421192407608032,0.1701032966375351,-0.6836548447608948,10.370817184448242,2.9680821895599365,3.729778528213501,9.672157287597656,-54.95844268798828,132.6825408935547
1781548229258077,160857020,-0.5386543869972229,-0.44740116596221924,0.18471220135688782,-0.6896123886108398,7.572109222412109,3.9009251594543457,5.751801490783691,9.063291549682617,-81.61595916748047,139.07347106933594
1781548229259986,160873687,-0.5187944769859314,-0.4610499441623688,0.20550523698329926,-0.6899659633636475,7.6356048583984375,3.832881450653076,6.486250877380371,13.903586387634277,-165.6984405517578,142.5928497314453
1781548229287800,160890354,-0.4983461797237396,-0.4808392822742462,0.2174989879131317,-0.6878511309623718,11.354497909545898,4.03284215927124,6.723223686218262,75.93138122558594,-172.1001739501953,100.00305938720703
1781548229290983,160907021,-0.48378199338912964,-0.4936894476413727,0.2203906774520874,-0.6882250905036926,12.748589515686035,5.188998222351074,6.334035873413086,79.46215057373047,-91.05008697509766,60.97873306274414
1781548229319154,160923688,-0.4739462435245514,-0.49915018677711487,0.2257247269153595,-0.6894002556800842,10.211742401123047,6.39229154586792,4.519260883331299,28.484664916992188,-54.32027816772461,60.75686264038086
1781548229321243,160940355,-0.4683266580104828,-0.5023684501647949,0.2396296113729477,-0.6862025260925293,9.453734397888184,7.5499348640441895,4.758728504180908,-40.707603454589844,-80.08609008789062,59.42267990112305
1781548229348204,160957022,-0.4739861488342285,-0.49623510241508484,0.265553742647171,-0.6771774888038635,10.230319023132324,7.044548511505127,6.141212463378906,-176.108642578125,-76.2182846069336,44.37651443481445
1781548229378781,160973689,-0.4893653392791748,-0.48002269864082336,0.30120885372161865,-0.66285240650177,10.390962600708008,3.4249613285064697,5.53832483291626,-297.1745300292969,-61.351593017578125,33.46417999267578
1781548229380114,160990356,-0.503853440284729,-0.4633329510688782,0.3340129852294922,-0.6479891538619995,10.385395050048828,-0.6448732018470764,3.8807294368743896,-283.9494323730469,-53.20187759399414,27.292621612548828
1781548229408240,161007023,-0.5100123882293701,-0.45658665895462036,0.3521282374858856,-0.6382960081100464,10.435945510864258,-2.54624605178833,2.8138091564178467,-145.58262634277344,-49.26123809814453,12.673449516296387
1781548229410294,161023690,-0.5078064799308777,-0.4602866768836975,0.3547380268573761,-0.6359480619430542,9.837858200073242,-1.6942503452301025,2.6998977661132812,3.1476311683654785,-37.922550201416016,1.1693601608276367
1781548229438656,161040357,-0.5024222135543823,-0.46762481331825256,0.35237374901771545,-0.6361854076385498,9.513921737670898,0.042484864592552185,3.770965099334717,53.9606819152832,-36.03379821777344,-0.524940013885498
1781548229439986,161057024,-0.49938926100730896,-0.4710836708545685,0.3538700044155121,-0.6351902484893799,9.669709205627441,0.832966148853302,5.271093368530273,13.130154609680176,-30.66778564453125,6.744088172912598
1781548229469998,161073691,-0.49911561608314514,-0.47052955627441406,0.3589855134487152,-0.6329415440559387,9.596763610839844,0.36705851554870605,5.384761810302734,-28.441831588745117,-22.91815757751465,11.875960350036621
1781548229470428,161090358,-0.4977973699569702,-0.4717501699924469,0.36107921600341797,-0.6318793296813965,9.882376670837402,0.056229930371046066,4.130978584289551,-2.893880605697632,-19.01405143737793,6.337442398071289
1781548229498296,161107025,-0.49429067969322205,-0.4764435291290283,0.357493132352829,-0.6331486105918884,10.059813499450684,0.9917178153991699,3.0723233222961426,46.55401611328125,-12.534395217895508,-3.2189667224884033
1781548229528831,161123692,-0.49130213260650635,-0.48165449500083923,0.3521152436733246,-0.6345442533493042,9.940302848815918,2.3944859504699707,3.210056781768799,54.7269401550293,-7.010786056518555,-12.185211181640625
1781548229530747,161140359,-0.4934313893318176,-0.48232123255729675,0.35175803303718567,-0.6325804591178894,9.953682899475098,2.8233346939086914,3.8262507915496826,-7.610286712646484,-2.880049705505371,-18.230403900146484
1781548229558285,161157026,-0.500134289264679,-0.47797825932502747,0.3570149540901184,-0.6276489496231079,9.972065925598145,1.643725037574768,3.5344114303588867,-71.36837768554688,1.0810621976852417,-17.45474624633789
1781548229559688,161173693,-0.5072194933891296,-0.47214311361312866,0.3624798655509949,-0.6232317090034485,9.791584014892578,0.29424163699150085,3.1053686141967773,-77.39159393310547,9.433638572692871,-12.989008903503418
1781548229588650,161190360,-0.5121253728866577,-0.4676819145679474,0.36582502722740173,-0.6206235885620117,9.415029525756836,-0.2452341616153717,3.101053237915039,-51.93174743652344,11.37965202331543,-7.646493434906006
1781548229590306,161207027,-0.5154605507850647,-0.46432462334632874,0.36912664771080017,-0.6184243559837341,9.3307466506958,-0.3412207365036011,3.2427942752838135,-41.779823303222656,4.186594486236572,-2.4218878746032715
1781548229618729,161223694,-0.5184071063995361,-0.4607789218425751,0.37305742502212524,-0.6162508726119995,9.610553741455078,-0.38835954666137695,3.0112078189849854,-43.81622314453125,1.8541351556777954,1.8071867227554321
1781548229620004,161240361,-0.52085942029953,-0.45711877942085266,0.37632304430007935,-0.6149221062660217,9.459940910339355,-0.3983863294124603,2.7194507122039795,-37.6736946105957,6.118246078491211,5.097484588623047
1781548229647807,161257028,-0.5224168300628662,-0.4545905292034149,0.3787743151187897,-0.6139694452285767,9.179426193237305,-0.34061291813850403,2.5880510807037354,-26.391530990600586,3.1156835556030273,4.7391357421875
1781548229678983,161273695,-0.5232771039009094,-0.45336559414863586,0.38089388608932495,-0.6128302216529846,9.20716667175293,-0.31124967336654663,2.623351573944092,-18.616819381713867,-3.592902898788452,2.5806429386138916
1781548229680079,161290362,-0.5234800577163696,-0.45324963331222534,0.3826872706413269,-0.6116242408752441,9.244682312011719,-0.34443700313568115,2.6040492057800293,-11.377694129943848,-9.02114486694336,1.188692569732666
1781548229708225,161307029,-0.522494912147522,-0.45468026399612427,0.3833754062652588,-0.6109732985496521,9.23455810546875,-0.2990560829639435,2.586876392364502,3.9976649284362793,-12.942361831665039,0.6681140661239624
1781548229710238,161323696,-0.5205602645874023,-0.4572707414627075,0.3832007944583893,-0.6108009219169617,9.349467277526855,-0.044833146035671234,2.7889177799224854,16.019664764404297,-15.721882820129395,0.6217429637908936
1781548229737898,161340363,-0.5187777876853943,-0.45949405431747437,0.3832274377346039,-0.6106323599815369,9.499079704284668,0.19782327115535736,3.0401089191436768,13.391572952270508,-14.486793518066406,1.5962944030761719
1781548229768147,161357030,-0.517547070980072,-0.4607163071632385,0.3839009702205658,-0.6103325486183167,9.47029972076416,0.2823885977268219,3.0601160526275635,5.016013145446777,-11.552986145019531,3.4930431842803955
1781548229770753,161373697,-0.516655445098877,-0.461347758769989,0.3852870464324951,-0.6097372174263,9.4851655960083,0.24077194929122925,2.918548107147217,-1.9304300546646118,-11.650237083435059,4.834636211395264
1781548229771980,161390364,-0.5158746242523193,-0.46173521876335144,0.3871079981327057,-0.6089513301849365,9.56230354309082,0.12306386232376099,2.776487112045288,-5.476318836212158,-12.483227729797363,5.71941614151001
1781548229797837,161407031,-0.514985203742981,-0.46226462721824646,0.38869333267211914,-0.6082921624183655,9.486312866210938,0.13273827731609344,2.656618118286133,-3.3056411743164062,-12.128735542297363,5.498095989227295
1781548229827898,161423698,-0.5142419934272766,-0.4627215266227722,0.3905779719352722,-0.6073656678199768,9.47247314453125,0.3184424936771393,2.7190394401550293,-5.993223190307617,-13.343816757202148,5.084964275360107
1781548229829445,161440365,-0.514258623123169,-0.46221980452537537,0.3937007188796997,-0.6057152152061462,9.487709999084473,0.3664705753326416,2.9089088439941406,-18.91387939453125,-13.981505393981934,5.8662238121032715
1781548229858464,161457032,-0.5148054361343384,-0.4611341953277588,0.3974306583404541,-0.6036386489868164,9.610563278198242,0.17093807458877563,2.997504472732544,-26.346460342407227,-13.616151809692383,5.661391258239746
1781548229858963,161473699,-0.5154516100883484,-0.4602445363998413,0.4002523124217987,-0.6018995046615601,9.831442832946777,-0.06827960163354874,3.0103414058685303,-21.27541160583496,-9.873510360717773,3.0287399291992188
1781548229888088,161490366,-0.5161129832267761,-0.4595317542552948,0.40162160992622375,-0.6009644269943237,9.823396682739258,-0.20318052172660828,3.0419516563415527,-12.473929405212402,-2.87217116355896,0.7330037951469421
1781548229889546,161507033,-0.5168523788452148,-0.458648145198822,0.40249407291412354,-0.6004198789596558,9.633284568786621,-0.26583972573280334,2.973083972930908,-10.19599723815918,1.0451202392578125,0.6976838111877441
1781548229918476,161523700,-0.5176262855529785,-0.4575205445289612,0.4036290943622589,-0.5998514294624329,9.64159107208252,-0.34066060185432434,2.7815651893615723,-12.321263313293457,1.1393109560012817,1.972851037979126
1781548229919569,161540367,-0.5180798172950745,-0.45649203658103943,0.40463757514953613,-0.5995641946792603,9.70689868927002,-0.36623358726501465,2.576296329498291,-9.658245086669922,1.176206111907959,3.622232437133789
1781548229948350,161557034,-0.5178923606872559,-0.45592543482780457,0.4051989018917084,-0.5997778177261353,9.810236930847168,-0.23338185250759125,2.491318941116333,-2.7644171714782715,0.6537065505981445,5.359515190124512
1781548229978026,161573701,-0.5175368189811707,-0.4553917646408081,0.4059002101421356,-0.6000158190727234,9.877057075500488,-0.05116197094321251,2.524123191833496,-2.6294515132904053,-0.37238308787345886,6.486320972442627
1781548229979659,161590368,-0.5176105499267578,-0.4542940855026245,0.4072304368019104,-0.5998830795288086,9.69835376739502,-0.01798628643155098,2.563812494277954,-9.610248565673828,-0.24611255526542664,6.939284324645996
1781548230008551,161607035,-0.5180442333221436,-0.4528443515300751,0.40917980670928955,-0.5992780923843384,9.488641738891602,-0.15218554437160492,2.4882497787475586,-15.863997459411621,-1.4644715785980225,6.693149089813232
1781548230010225,161623702,-0.5183455944061279,-0.45159393548965454,0.4113970696926117,-0.5984423160552979,9.369157791137695,-0.32561367750167847,2.4253392219543457,-16.495235443115234,-4.3312788009643555,6.689794063568115
1781548230037831,161640369,-0.5182309746742249,-0.45087921619415283,0.41336843371391296,-0.5977217555046082,9.382027626037598,-0.4019944369792938,2.4243831634521484,-11.955862998962402,-6.477251052856445,6.534079551696777
1781548230039612,161657036,-0.517670750617981,-0.45072370767593384,0.4149447977542877,-0.5972319841384888,9.494422912597656,-0.32264864444732666,2.4401731491088867,-6.302199363708496,-7.918938636779785,6.372807502746582
1781548230067847,161673703,-0.5170024037361145,-0.450773149728775,0.41621747612953186,-0.5968878865242004,9.530604362487793,-0.19599035382270813,2.462644577026367,-3.5770578384399414,-7.536641597747803,5.809582710266113
1781548230070052,161690370,-0.5165760517120361,-0.45064276456832886,0.4174070358276367,-0.5965249538421631,9.469646453857422,-0.10519136488437653,2.5436079502105713,-4.67791748046875,-5.869215965270996,5.007214069366455
1781548230098222,161707037,-0.5164607763290405,-0.45016607642173767,0.4189681112766266,-0.5958899855613708,9.416638374328613,-0.16714096069335938,2.6255605220794678,-9.176778793334961,-5.718960285186768,4.909374237060547
1781548230128222,161723704,-0.516414225101471,-0.4496039152145386,0.42064473032951355,-0.595173180103302,9.480290412902832,-0.3827402889728546,2.619997501373291,-10.402117729187012,-5.834692001342773,4.941301345825195
1781548230130042,161740371,-0.5159895420074463,-0.4494367241859436,0.4215999245643616,-0.5949918627738953,9.598398208618164,-0.5138540267944336,2.6284284591674805,-3.3297669887542725,-4.327842712402344,5.017817497253418
1781548230158342,161757038,-0.5154361128807068,-0.449429452419281,0.4220598042011261,-0.595150887966156,9.702774047851562,-0.44413480162620544,2.6737277507781982,0.6480334401130676,-2.5464024543762207,4.757655620574951
1781548230159853,161773705,-0.51515132188797,-0.44921427965164185,0.42259538173675537,-0.5951799154281616,9.778152465820312,-0.3359696567058563,2.674851417541504,-1.6059035062789917,-1.5869759321212769,4.0350189208984375
1781548230188329,161790372,-0.51512211561203,-0.44880610704421997,0.423122376203537,-0.5951384902000427,9.737683296203613,-0.3450263738632202,2.6861658096313477,-3.2482798099517822,-0.2418607622385025,3.273681640625
1781548230189717,161807039,-0.5150609016418457,-0.4484260380268097,0.42349815368652344,-0.5952107906341553,9.708641052246094,-0.37783926725387573,2.6323249340057373,-2.1008946895599365,0.43692073225975037,3.2591333389282227
1781548230247601,161823706,-0.5150261521339417,-0.44785574078559875,0.4237990975379944,-0.5954561829566956,9.668854713439941,-0.39211153984069824,2.6093637943267822,-2.0452511310577393,2.0898489952087402,4.087754726409912
1781548230249651,161840373,-0.51532381772995,-0.44675949215888977,0.4242776930332184,-0.5956810712814331,9.64179515838623,-0.38434454798698425,2.5778794288635254,-5.718061923980713,4.5197649002075195,4.733503341674805
1781548230250873,161857040,-0.5159443020820618,-0.4452759623527527,0.4250451326370239,-0.5957077145576477,9.658041000366211,-0.4566320478916168,2.486497402191162,-9.843670845031738,5.414700508117676,4.725782871246338
1781548230308660,161873707,-0.5164094567298889,-0.4440497159957886,0.42563754320144653,-0.595797061920166,9.685898780822754,-0.5533189177513123,2.3894567489624023,-7.555517673492432,4.7203898429870605,4.296128273010254
1781548230309854,161890374,-0.5164907574653625,-0.44339075684547424,0.4256691634654999,-0.5961946249008179,9.610282897949219,-0.5816241502761841,2.355452537536621,-1.1704363822937012,4.205202102661133,3.5907022953033447
1781548230311411,161907041,-0.5163664221763611,-0.4430559277534485,0.4255432188510895,-0.5966406464576721,9.54178524017334,-0.5390326976776123,2.398638963699341,1.395027756690979,2.9821183681488037,3.1762757301330566
1781548230339706,161923708,-0.5163200497627258,-0.4426669776439667,0.4255823791027069,-0.5969417095184326,9.488396644592285,-0.5279102921485901,2.45934796333313,-0.13533750176429749,2.4038994312286377,3.0035183429718018
1781548230340840,161940375,-0.5163253545761108,-0.44226232171058655,0.42567914724349976,-0.59716796875,9.47387981414795,-0.528684675693512,2.4416797161102295,-0.8032911419868469,2.187971353530884,2.747506618499756
1781548230342003,161957042,-0.5163165926933289,-0.44194087386131287,0.4256132245063782,-0.5974604487419128,9.445850372314453,-0.5355585813522339,2.373866081237793,0.39647814631462097,2.5842251777648926,2.3019988536834717
1781548230368091,161973709,-0.5161690711975098,-0.4419240355491638,0.4254295527935028,-0.5977311730384827,9.5316801071167,-0.5316849946975708,2.360491991043091,2.319338798522949,1.2787718772888184,1.5453743934631348
1781548230370084,161990376,-0.5158885717391968,-0.44216981530189514,0.4251931607723236,-0.597959578037262,9.564901351928711,-0.5042343735694885,2.3504884243011475,3.746978282928467,-0.13172611594200134,1.0132063627243042
1781548230398219,162007043,-0.5155684351921082,-0.4424446225166321,0.4251377284526825,-0.5980718731880188,9.56470775604248,-0.45118632912635803,2.397503614425659,2.8876585960388184,-1.3613661527633667,1.2298641204833984
1781548230428191,162023710,-0.5152369141578674,-0.4426344037055969,0.42541489005088806,-0.5980199575424194,9.581048011779785,-0.4475533962249756,2.42436146736145,0.7745087742805481,-2.722949981689453,1.9549596309661865
1781548230429811,162040377,-0.5149042010307312,-0.44274166226387024,0.4258260130882263,-0.5979348421096802,9.537257194519043,-0.484646201133728,2.5134527683258057,-0.163204163312912,-2.9631338119506836,2.491098165512085
1781548230458648,162057044,-0.5145909190177917,-0.44286108016967773,0.42622923851013184,-0.5978286862373352,9.557746887207031,-0.4535387456417084,2.500908374786377,-0.2083721160888672,-2.9924213886260986,2.276463270187378
1781548230459545,162073711,-0.5144771933555603,-0.44288843870162964,0.42675507068634033,-0.5975309610366821,9.633437156677246,-0.44591695070266724,2.4872934818267822,-2.2074437141418457,-3.0467207431793213,1.4224079847335815
1781548230488294,162090378,-0.5145760774612427,-0.4428543746471405,0.4273461103439331,-0.5970485806465149,9.646730422973633,-0.4967653751373291,2.5235140323638916,-3.8811047077178955,-2.9629921913146973,0.27499714493751526
1781548230490030,162107045,-0.5146372318267822,-0.4429907500743866,0.4278021454811096,-0.5965681672096252,9.635899543762207,-0.557259738445282,2.537768840789795,-2.6048624515533447,-3.2902071475982666,-0.4756918251514435
1781548230518798,162123712,-0.5144906044006348,-0.4433201849460602,0.4280216097831726,-0.5962920188903809,9.665755271911621,-0.5602300763130188,2.5432591438293457,0.283206045627594,-3.2340259552001953,-0.1883942037820816
1781548230520045,162140379,-0.514258623123169,-0.44361263513565063,0.4281349778175354,-0.5961933135986328,9.671998977661133,-0.533540666103363,2.573517322540283,1.3700681924819946,-2.4172754287719727,0.5750626921653748
1781548230548177,162157046,-0.5142786502838135,-0.44349217414855957,0.42840248346328735,-0.596073567867279,9.637981414794922,-0.5365860462188721,2.6256988048553467,-1.5524239540100098,-0.5924984812736511,1.1529107093811035
1781548230578601,162173713,-0.5145372748374939,-0.44314080476760864,0.42877471446990967,-0.5958439111709595,9.633378028869629,-0.572334349155426,2.5577392578125,-3.8493332862854004,0.351066917181015,0.785740077495575
1781548230580865,162190380,-0.514724850654602,-0.44297516345977783,0.4288594424724579,-0.5957441329956055,9.644401550292969,-0.6130269169807434,2.4763662815093994,-1.4147942066192627,0.7929114699363708,0.11324014514684677
1781548230609245,162207047,-0.5146239399909973,-0.4431871175765991,0.4284866750240326,-0.595941960811615,9.627676963806152,-0.5850909352302551,2.3970141410827637,3.551450490951538,0.9207701086997986,-0.1588115245103836
1781548230610952,162223714,-0.5144326090812683,-0.44346651434898376,0.4280185401439667,-0.5962356328964233,9.617438316345215,-0.49847212433815,2.4729881286621094,4.738931179046631,1.0078020095825195,0.06177142634987831
1781548230637832,162240381,-0.5143222808837891,-0.4435507655143738,0.42778217792510986,-0.5964376926422119,9.626242637634277,-0.4347226023674011,2.5170140266418457,2.581651210784912,0.9468695521354675,0.6860297322273254
1781548230667970,162257048,-0.514416515827179,-0.44334012269973755,0.4277958869934082,-0.5965032577514648,9.605388641357422,-0.4273886978626251,2.4994823932647705,-0.5118825435638428,1.4569718837738037,0.9945986270904541
1781548230671127,162273715,-0.5146486163139343,-0.4429728090763092,0.42791619896888733,-0.5964896082878113,9.544852256774902,-0.4582240581512451,2.4563770294189453,-2.1555774211883545,1.8862794637680054,0.9351003766059875
1781548230672383,162290382,-0.5148892402648926,-0.44266656041145325,0.42806458473205566,-0.5964027643203735,9.518834114074707,-0.5156355500221252,2.40474009513855,-2.2973694801330566,1.3393200635910034,0.5468119382858276
1781548230697891,162307049,-0.5149147510528564,-0.4426840543746948,0.42798373103141785,-0.5964258313179016,9.567153930664062,-0.5505417585372925,2.34216570854187,0.7678879499435425,0.5237220525741577,0.1678336262702942
1781548230728991,162323716,-0.514568567276001,-0.4431130290031433,0.4275331497192383,-0.5967291593551636,9.610584259033203,-0.5156471729278564,2.390198230743408,5.695413589477539,-0.09467735886573792,0.34735307097435
1781548230731188,162340383,-0.5140638947486877,-0.44364309310913086,0.42701637744903564,-0.5971401333808899,9.585460662841797,-0.4214937388896942,2.452495574951172,7.12438440322876,-0.4131969213485718,0.8803021907806396
1781548230758315,162357050,-0.5136683583259583,-0.44390779733657837,0.4268205463886261,-0.5974237322807312,9.579994201660156,-0.36504900455474854,2.538935899734497,4.162442207336426,-0.5263282656669617,1.7401460409164429
1781548230760857,162373717,-0.5135650634765625,-0.4437643587589264,0.427095502614975,-0.5974224209785461,9.597162246704102,-0.3333536982536316,2.5222246646881104,-0.9410106539726257,-0.5242663621902466,2.168621063232422
1781548230788174,162390384,-0.5136559009552002,-0.4433912932872772,0.42766663432121277,-0.5972129702568054,9.627089500427246,-0.38030409812927246,2.503533363342285,-4.1720147132873535,-0.6924009919166565,2.2140579223632812
1781548230790934,162407051,-0.5136609077453613,-0.4431445896625519,0.428127259016037,-0.5970616936683655,9.6648588180542,-0.4425872564315796,2.519508123397827,-2.8394362926483154,-0.8964828252792358,2.064133882522583
1781548230819313,162423718,-0.5136184096336365,-0.4429643750190735,0.4284939169883728,-0.5969688296318054,9.63828182220459,-0.4473632276058197,2.5199215412139893,-1.902754545211792,-0.7995004653930664,1.9832745790481567
1781548230819803,162440385,-0.5138046741485596,-0.4425164759159088,0.42910489439964294,-0.5967019200325012,9.576789855957031,-0.492050439119339,2.566051721572876,-5.058931827545166,-0.41972818970680237,1.9628742933273315
1781548230847790,162457052,-0.5141480565071106,-0.44185516238212585,0.4299500584602356,-0.5962876081466675,9.550549507141113,-0.571360170841217,2.516846179962158,-7.686999797821045,-0.35634952783584595,2.139678955078125
1781548230877787,162473719,-0.5143478512763977,-0.4413280189037323,0.4305381774902344,-0.5960811376571655,9.551278114318848,-0.625821590423584,2.4615578651428223,-5.108286380767822,0.2086602747440338,2.2859654426574707
1781548230879560,162490386,-0.5143398642539978,-0.44104915857315063,0.43074044585227966,-0.5961484909057617,9.602272033691406,-0.6182581186294556,2.4340803623199463,-1.207728385925293,0.7714608907699585,2.200406074523926
1781548230907482,162507053,-0.5142173767089844,-0.4409295618534088,0.43080002069473267,-0.5962996482849121,9.633886337280273,-0.5884941220283508,2.424781560897827,0.5355936288833618,0.5376554131507874,2.0617263317108154
1781548230909112,162523720,-0.5140877366065979,-0.4408472776412964,0.4308708608150482,-0.5964208841323853,9.615171432495117,-0.5844996571540833,2.472161054611206,0.5537529587745667,0.23324842751026154,1.9082422256469727
1781548230968039,162540387,-0.5139018297195435,-0.44083383679389954,0.430947870016098,-0.5965355634689331,9.621872901916504,-0.6003222465515137,2.517324209213257,0.9225886464118958,-0.256818562746048,1.9301154613494873
1781548230970204,162557054,-0.513721227645874,-0.4407958984375,0.43100517988204956,-0.5966776013374329,9.608502388000488,-0.5684911608695984,2.516251802444458,0.982189416885376,0.011019863188266754,2.017787456512451
1781548230972429,162573721,-0.5136342644691467,-0.4406571686267853,0.43109530210494995,-0.5967899560928345,9.556068420410156,-0.5344731211662292,2.5071957111358643,0.11972013115882874,0.49609869718551636,1.9272722005844116
1781548230997599,162590388,-0.5137102603912354,-0.4403563439846039,0.43131113052368164,-0.5967903733253479,9.547348022460938,-0.5210057497024536,2.489877462387085,-1.7941439151763916,0.861284613609314,1.724509358406067
1781548230999284,162607055,-0.5139735341072083,-0.43992218375205994,0.43166983127593994,-0.5966246128082275,9.561958312988281,-0.5540333390235901,2.4609763622283936,-3.910559892654419,0.9552063345909119,1.198386311531067
1781548231027726,162623722,-0.514317512512207,-0.4394906461238861,0.4320716857910156,-0.5963553190231323,9.628561973571777,-0.6215841174125671,2.4213573932647705,-4.6305718421936035,0.7185835838317871,0.623137891292572
1781548231029895,162640389,-0.5145922303199768,-0.43917596340179443,0.43234217166900635,-0.5961540937423706,9.60650634765625,-0.6696380376815796,2.406745195388794,-3.2665793895721436,0.7039458155632019,0.40409794449806213
1781548231058277,162657056,-0.5147277116775513,-0.4390520453453064,0.43246960639953613,-0.5960360169410706,9.577927589416504,-0.6918251514434814,2.429929256439209,-1.3370085954666138,0.26531556248664856,0.2702460289001465
1781548231059723,162673723,-0.5147603154182434,-0.43905431032180786,0.4325184226036072,-0.595970630645752,9.556413650512695,-0.6977396011352539,2.4212892055511475,-0.10196416079998016,-0.12035408616065979,0.26512348651885986
1781548231088026,162690390,-0.5146440267562866,-0.43922704458236694,0.4323999881744385,-0.5960298776626587,9.560401916503906,-0.674232006072998,2.431511878967285,2.007093906402588,-0.2936495542526245,0.30495116114616394
1781548231089445,162707057,-0.5142865777015686,-0.4396417438983917,0.4320596754550934,-0.596279501914978,9.609697341918945,-0.626647412776947,2.4413928985595703,5.066839218139648,-0.6426098942756653,0.5772526860237122
1781548231119661,162723724,-0.5137668251991272,-0.4402109682559967,0.43153083324432373,-0.5966904163360596,9.627252578735352,-0.5618612170219421,2.4732587337493896,7.354925155639648,-0.6039348244667053,0.7834863066673279
1781548231121092,162740391,-0.5132990479469299,-0.4407239854335785,0.4310534596443176,-0.5970591306686401,9.606902122497559,-0.4604763090610504,2.5278618335723877,6.663265705108643,-0.5291200280189514,0.7443883419036865
1781548231147776,162757058,-0.5131164193153381,-0.4409295320510864,0.43093055486679077,-0.5971529483795166,9.58218002319336,-0.4003738462924957,2.536552906036377,2.4439187049865723,-0.5052105188369751,0.5892521739006042
1781548231177670,162773725,-0.5132275819778442,-0.4407344162464142,0.43127623200416565,-0.5969519019126892,9.597407341003418,-0.42305293679237366,2.5432441234588623,-2.65785551071167,-0.5374056696891785,0.9510828256607056
1781548231179474,162790392,-0.5135451555252075,-0.44021764397621155,0.43185314536094666,-0.5966430306434631,9.572362899780273,-0.4929852783679962,2.5467705726623535,-5.687056541442871,0.25194573402404785,1.3783538341522217
1781548231208238,162807059,-0.5139337778091431,-0.4396257996559143,0.4324681758880615,-0.5962993502616882,9.622556686401367,-0.5803428292274475,2.5040509700775146,-6.425971031188965,0.530829668045044,1.3022587299346924
1781548231210119,162823726,-0.5142572522163391,-0.43915873765945435,0.4329194724559784,-0.5960370302200317,9.64480209350586,-0.6425462365150452,2.444380521774292,-4.87544059753418,0.6499158143997192,0.9904878735542297
1781548231238990,162840393,-0.5144351124763489,-0.43890124559402466,0.4330982267856598,-0.5959431529045105,9.623332977294922,-0.6665144562721252,2.429335594177246,-2.076524019241333,0.8294993042945862,0.7366915941238403
1781548231240783,162857060,-0.5145204067230225,-0.4387747347354889,0.43318286538124084,-0.5959011912345886,9.572097778320312,-0.6674206852912903,2.4737939834594727,-0.7944803833961487,0.5069457292556763,0.6246873736381531
1781548231268956,162873727,-0.5145784020423889,-0.43862035870552063,0.43327900767326355,-0.595894992351532,9.572094917297363,-0.6532027721405029,2.473994493484497,-0.7503624558448792,0.6063486337661743,0.9812800288200378
1781548231270723,162890394,-0.5145623683929443,-0.43852749466896057,0.43324267864227295,-0.5960034132003784,9.56782054901123,-0.6665408611297607,2.4345107078552246,0.5748578906059265,0.9483422040939331,1.1076916456222534
1781548231297906,162907061,-0.5144172310829163,-0.43861210346221924,0.43302473425865173,-0.5962247252464294,9.589323043823242,-0.6316243410110474,2.442051649093628,2.6721794605255127,0.8193054795265198,0.9595604538917542
1781548231328062,162923728,-0.5142043828964233,-0.4387865960597992,0.4327625036239624,-0.5964705348014832,9.624271392822266,-0.5871712565422058,2.427769660949707,3.4486541748046875,0.4800652265548706,0.9226142764091492
1781548231329558,162940395,-0.5140482783317566,-0.438932865858078,0.43255892395973206,-0.5966449975967407,9.579902648925781,-0.5352831482887268,2.491946220397949,2.725120782852173,0.34191033244132996,0.6989385485649109
1781548231358653,162957062,-0.5140209794044495,-0.43894195556640625,0.43257609009742737,-0.5966494679450989,9.561697959899902,-0.5293394923210144,2.492105007171631,0.4400709867477417,-0.005775663536041975,0.6441656947135925
1781548231359930,162973729,-0.5141336917877197,-0.4387587904930115,0.4327619671821594,-0.596552312374115,9.533856391906738,-0.5327466130256653,2.5066442489624023,-1.6559247970581055,0.2965758442878723,0.7910801768302917
1781548231388216,162990396,-0.5142903923988342,-0.43850409984588623,0.4329923391342163,-0.5964370965957642,9.539397239685059,-0.56989985704422,2.4933547973632812,-2.2792742252349854,0.5087386965751648,0.8935438990592957
1781548231390366,163007063,-0.5144457817077637,-0.43825337290763855,0.43323206901550293,-0.5963132977485657,9.570845603942871,-0.5786471962928772,2.4431769847869873,-2.3240323066711426,0.42932644486427307,0.8862057328224182
1781548231417601,163023730,-0.5145577192306519,-0.43807506561279297,0.4334458112716675,-0.5961923599243164,9.617117881774902,-0.5997694134712219,2.417686939239502,-1.8211395740509033,0.10308470577001572,0.7804508805274963
1781548231419776,163040397,-0.5147207379341125,-0.4378563463687897,0.43362581729888916,-0.5960813164710999,9.590407371520996,-0.6274796724319458,2.4158873558044434,-1.9519054889678955,0.5709391236305237,0.624546468257904
1781548231447865,163057064,-0.5148062705993652,-0.4377673268318176,0.4338347613811493,-0.5959210395812988,9.532010078430176,-0.6629159450531006,2.453493118286133,-1.524147629737854,-0.4429716169834137,0.46889814734458923
1781548231477799,163073731,-0.5146960020065308,-0.43789809942245483,0.4338889420032501,-0.5958807468414307,9.577815055847168,-0.6691363453865051,2.4487292766571045,0.8353517055511475,-1.0185272693634033,0.574550449848175
1781548231480545,163090398,-0.5144434571266174,-0.43812164664268494,0.43372729420661926,-0.5960521697998047,9.601333618164062,-0.6173728704452515,2.4405202865600586,3.1073906421661377,-0.42163628339767456,0.9797562956809998
1781548231538100,163107065,-0.5142963528633118,-0.43818631768226624,0.43360093235969543,-0.5962234735488892,9.57294750213623,-0.5794278979301453,2.5159881114959717,2.0833818912506104,0.41828739643096924,1.1278104782104492
1781548231539407,163123732,-0.5143871903419495,-0.43805116415023804,0.43378937244415283,-0.5961074233055115,9.607575416564941,-0.5829750299453735,2.5085363388061523,-1.4869707822799683,-0.03242567926645279,0.6807791590690613
1781548231540769,163140399,-0.5145456194877625,-0.4378984570503235,0.4340149760246277,-0.595918595790863,9.657621383666992,-0.6241543889045715,2.43135404586792,-2.1231775283813477,-0.10916133224964142,0.3099072575569153
1781548231567783,163157066,-0.514599084854126,-0.43790632486343384,0.4340226352214813,-0.59586101770401,9.632628440856934,-0.6443142890930176,2.449373245239258,0.046762384474277496,0.08621874451637268,0.06974977254867554
1781548231569433,163173733,-0.5146291255950928,-0.43795207142829895,0.4340498149394989,-0.595781683921814,9.603618621826172,-0.6247813105583191,2.4854140281677246,0.10578684508800507,-0.2741967439651489,0.033827971667051315
1781548231571948,163190400,-0.5147496461868286,-0.4378495514392853,0.4342145323753357,-0.5956329107284546,9.582589149475098,-0.6079447865486145,2.522761821746826,-1.461857557296753,-0.09253867715597153,0.27466416358947754
1781548231597945,163207067,-0.5148512721061707,-0.4377051889896393,0.43438270688056946,-0.5955284833908081,9.606404304504395,-0.6138386130332947,2.4409148693084717,-1.4350155591964722,0.14330945909023285,0.6442939043045044
1781548231627719,163223734,-0.5148420333862305,-0.4376439154148102,0.43439045548439026,-0.5955758094787598,9.601431846618652,-0.6482014656066895,2.435101270675659,0.30241554975509644,0.4966238737106323,0.9038658142089844
1781548231630945,163240401,-0.5147281885147095,-0.43774256110191345,0.4342805743217468,-0.5956818461418152,9.590578079223633,-0.6266238689422607,2.432051658630371,1.8407398462295532,0.12262719124555588,0.7089275121688843
1781548231658492,163257068,-0.5146319270133972,-0.43790340423583984,0.43414589762687683,-0.5957450270652771,9.55794620513916,-0.6125481724739075,2.4415175914764404,1.981033444404602,-0.12116087228059769,0.2250652015209198
1781548231659964,163273735,-0.5145768523216248,-0.4380817413330078,0.43401166796684265,-0.5957593321800232,9.544827461242676,-0.5883745551109314,2.424739360809326,1.7709324359893799,-0.21852754056453705,-0.16762229800224304
1781548231690663,163290402,-0.5145467519760132,-0.438247412443161,0.4339182674884796,-0.5957315564155579,9.563530921936035,-0.5729553699493408,2.4668867588043213,1.3588370084762573,-0.36338016390800476,-0.25738203525543213
1781548231691288,163307069,-0.5145382881164551,-0.4383156895637512,0.4339478313922882,-0.5956670641899109,9.607019424438477,-0.5654162764549255,2.4900665283203125,0.3362371325492859,-0.4463781714439392,0.1851862370967865
1781548231718060,163323736,-0.5145033001899719,-0.4383092224597931,0.4339886009693146,-0.5956722497940063,9.617206573486328,-0.5791603922843933,2.4902946949005127,0.3130960464477539,-0.04849764704704285,0.7972016334533691
1781548231719694,163340403,-0.5144504904747009,-0.4382951259613037,0.4339790344238281,-0.5957353115081787,9.584566116333008,-0.5552599430084229,2.4447813034057617,0.71845543384552,0.28163081407546997,0.9461907148361206
1781548231747813,163357070,-0.5144132375717163,-0.4382919371128082,0.43401038646698,-0.5957468748092651,9.581255912780762,-0.535101592540741,2.4121670722961426,0.3892810046672821,-0.017160506919026375,0.7911826372146606
1781548231777754,163373737,-0.5143975615501404,-0.4382752478122711,0.43415528535842896,-0.5956671833992004,9.60272216796875,-0.5432500243186951,2.4743144512176514,-0.46115660667419434,-0.5736348032951355,0.7625988721847534
1781548231779576,163390404,-0.514484703540802,-0.4380875527858734,0.43442070484161377,-0.595536470413208,9.56484317779541,-0.5751587748527527,2.517634391784668,-2.021559000015259,-0.1461588740348816,1.0347850322723389
1781548231807655,163407071,-0.5146197080612183,-0.4378455579280853,0.4347616732120514,-0.5953489542007446,9.577614784240723,-0.6196388006210327,2.4611282348632812,-2.8369014263153076,-0.21976980566978455,1.0278185606002808
1781548231809456,163423738,-0.5146586894989014,-0.4377467632293701,0.4348661005496979,-0.5953116416931152,9.623109817504883,-0.6479718685150146,2.427966833114624,-0.6236052513122559,0.19634056091308594,0.8124924898147583
1781548231838078,163440405,-0.5145177245140076,-0.43784797191619873,0.43473750352859497,-0.5954530835151672,9.600387573242188,-0.6065165400505066,2.4403703212738037,2.113630533218384,0.20207780599594116,0.8823766708374023
1781548231839530,163457072,-0.5143729448318481,-0.4379112422466278,0.4347270727157593,-0.5955390334129333,9.594464302062988,-0.5748162865638733,2.487337589263916,1.3411771059036255,-0.23932507634162903,1.1711087226867676
1781548231867660,163473739,-0.5144171714782715,-0.43774110078811646,0.4348878562450409,-0.5955086350440979,9.60278606414795,-0.571053683757782,2.4917821884155273,-1.1025114059448242,0.3254285156726837,1.1984885931015015
1781548231870521,163490406,-0.5145328044891357,-0.4374776780605316,0.43514952063560486,-0.5954111218452454,9.606108665466309,-0.6093958020210266,2.4066505432128906,-2.260845899581909,0.362349271774292,1.2521601915359497
1781548231898333,163507073,-0.5145977139472961,-0.4372254014015198,0.4354260563850403,-0.5953381657600403,9.604984283447266,-0.6408475637435913,2.4059293270111084,-2.0564563274383545,0.18591618537902832,1.5575402975082397
1781548231928481,163523740,-0.5145885348320007,-0.43707606196403503,0.43567174673080444,-0.5952760577201843,9.611870765686035,-0.6478878259658813,2.429164171218872,-1.3106529712677002,-0.315279483795166,1.4984389543533325
1781548231930613,163540407,-0.5145782232284546,-0.43699491024017334,0.43584737181663513,-0.595215916633606,9.605265617370605,-0.6649614572525024,2.4559268951416016,-0.7730040550231934,-0.34449082612991333,1.095333456993103
1781548231958165,163557074,-0.5145655870437622,-0.43692922592163086,0.4359838664531708,-0.5951751470565796,9.624497413635254,-0.6568595767021179,2.4105355739593506,-0.4938896596431732,-0.2179640680551529,1.0092747211456299
1781548231960758,163573741,-0.5145193934440613,-0.43689286708831787,0.43606480956077576,-0.5951822996139526,9.57717227935791,-0.6551945209503174,2.448613166809082,0.081954225897789,-0.09835276752710342,1.0618191957473755
1781548231987793,163590408,-0.5144364833831787,-0.4368674159049988,0.43609854578971863,-0.5952479839324951,9.563751220703125,-0.6502735018730164,2.438459873199463,0.5991386771202087,0.08991978317499161,1.2443480491638184
1781548231989616,163607075,-0.5143551826477051,-0.4368278980255127,0.43612149357795715,-0.595330536365509,9.56484317779541,-0.6381168365478516,2.418501853942871,0.6396836042404175,0.24049685895442963,1.3074579238891602
1781548232017554,163623742,-0.5142406225204468,-0.43683499097824097,0.43613114953041077,-0.5954171419143677,9.59557056427002,-0.6372168660163879,2.441708564758301,0.9703178405761719,0.009969743900001049,1.2783362865447998
1781548232019535,163640409,-0.5141037702560425,-0.4368642568588257,0.43612363934516907,-0.5955193638801575,9.621451377868652,-0.6072471141815186,2.42069411277771,1.2336677312850952,-0.04073699936270714,1.306779146194458
1781548232048044,163657076,-0.5140539407730103,-0.4368056356906891,0.4361613094806671,-0.5955777168273926,9.641916275024414,-0.5972347259521484,2.44355845451355,0.3449070155620575,0.28894326090812683,1.1950180530548096
1781548232080617,163673743,-0.5140869617462158,-0.4366509020328522,0.4363008439540863,-0.5955605506896973,9.630228042602539,-0.6088413000106812,2.4405136108398438,-0.887992262840271,0.3435879349708557,1.1832362413406372
1781548232081280,163690410,-0.5141822695732117,-0.4364186227321625,0.43649983406066895,-0.5955025553703308,9.616778373718262,-0.6442631483078003,2.460052967071533,-1.7146422863006592,0.5160382986068726,1.1946083307266235
1781548232110156,163707077,-0.514288604259491,-0.43616804480552673,0.4367450773715973,-0.5954145789146423,9.604976654052734,-0.6650841236114502,2.4438796043395996,-2.0916483402252197,0.3693031370639801,1.2378809452056885
1781548232110769,163723744,-0.514349102973938,-0.43598315119743347,0.4369155764579773,-0.5953726172447205,9.591168403625488,-0.701524019241333,2.4323697090148926,-1.2797898054122925,0.3655124604701996,1.1659221649169922
1781548232139416,163740411,-0.5143352150917053,-0.4359118342399597,0.43697109818458557,-0.5953961610794067,9.58026123046875,-0.6899394392967224,2.4361720085144043,0.013722002506256104,0.2801324725151062,1.0169203281402588
1781548232139930,163757078,-0.5142979621887207,-0.4358561933040619,0.436992347240448,-0.5954533219337463,9.600374221801758,-0.6849453449249268,2.4450764656066895,0.38095688819885254,0.3672412633895874,1.0819765329360962
1781548232168108,163773745,-0.5142703056335449,-0.4357607960700989,0.4370461404323578,-0.5955075621604919,9.635092735290527,-0.6691104173660278,2.4490745067596436,0.06925033777952194,0.4353582262992859,1.2486894130706787
1781548232171021,163790412,-0.514262318611145,-0.4356476068496704,0.43707168102264404,-0.5955785512924194,9.63934326171875,-0.6742945313453674,2.4283998012542725,0.11393167823553085,0.7171108722686768,1.1969391107559204
1781548232198377,163807079,-0.5142742991447449,-0.43555158376693726,0.43706214427948,-0.595645546913147,9.595239639282227,-0.6735805869102478,2.4491236209869385,0.2462853342294693,0.8190621733665466,0.9443210363388062
1781548232229253,163823746,-0.5143104195594788,-0.4354768991470337,0.4370896816253662,-0.5956487655639648,9.57559871673584,-0.6796331405639648,2.465888023376465,-0.09417789429426193,0.4820758104324341,0.6671019792556763
1781548232230457,163840413,-0.5143835544586182,-0.4353823661804199,0.437142014503479,-0.5956164002418518,9.56884479522705,-0.6805852651596069,2.4688589572906494,-0.48396480083465576,0.4800396263599396,0.523158609867096
1781548232258716,163857080,-0.5144481658935547,-0.43528154492378235,0.43714967370033264,-0.5956286787986755,9.542470932006836,-0.7062339186668396,2.441612720489502,-0.16399811208248138,0.7719987630844116,0.6013541221618652
1781548232260509,163873747,-0.5144604444503784,-0.4352537989616394,0.4370788037776947,-0.5956903696060181,9.574317932128906,-0.6736067533493042,2.4287240505218506,0.7214648127555847,0.740520715713501,0.5362210273742676
1781548232288777,163890414,-0.514380693435669,-0.43535879254341125,0.4369423985481262,-0.5957823991775513,9.611702919006348,-0.6954988837242126,2.438241481781006,1.8257946968078613,0.2428147792816162,0.42522841691970825
1781548232290455,163907081,-0.5141875743865967,-0.43560755252838135,0.436651349067688,-0.5959806442260742,9.628085136413574,-0.6651914119720459,2.439603090286255,3.6269948482513428,0.17871901392936707,0.37055811285972595
1781548232318361,163923748,-0.51397705078125,-0.435865193605423,0.4363330900669098,-0.5962069630622864,9.5916748046875,-0.60434889793396,2.492459297180176,3.9063022136688232,0.2695801258087158,0.4335654377937317
1781548232319878,163940415,-0.5138972997665405,-0.43592196702957153,0.436244934797287,-0.5962987542152405,9.544584274291992,-0.5863462090492249,2.5306026935577393,1.4574202299118042,0.2691446840763092,0.7142934203147888
1781548232348445,163957082,-0.5139909386634827,-0.4357408881187439,0.436415433883667,-0.5962256789207458,9.531432151794434,-0.6083155274391174,2.543195962905884,-1.4574394226074219,0.35597172379493713,0.9098207950592041
1781548232378581,163973749,-0.5140643119812012,-0.435589075088501,0.436588853597641,-0.5961462259292603,9.589688301086426,-0.6511422395706177,2.50913143157959,-1.3247144222259521,0.14598599076271057,0.8910722732543945
1781548232380149,163990416,-0.514098048210144,-0.43548068404197693,0.43662208318710327,-0.5961720943450928,9.625808715820312,-0.623253345489502,2.4677844047546387,-0.1613471955060959,0.659738302230835,0.8763320446014404
1781548232439302,164007083,-0.5142428278923035,-0.4352840483188629,0.4367683231830597,-0.5960836410522461,9.62179946899414,-0.6299401521682739,2.475125789642334,-1.6129852533340454,0.6129183173179626,0.6202819347381592
1781548232442073,164023750,-0.5144199132919312,-0.43505027890205383,0.4370696544647217,-0.5958806276321411,9.57597827911377,-0.6982761025428772,2.4695029258728027,-2.820150375366211,-0.02937776781618595,0.6589955687522888
1781548232443600,164040417,-0.5144678354263306,-0.4349251687526703,0.4373001456260681,-0.5957615375518799,9.623627662658691,-0.7297360301017761,2.4565279483795166,-1.507115364074707,-0.36142081022262573,0.9460883736610413
1781548232467889,164057084,-0.5143709778785706,-0.4349243938922882,0.4373203217983246,-0.5958307385444641,9.598806381225586,-0.7123206257820129,2.483943462371826,0.793372631072998,0.00064672069856897,1.2026891708374023
1781548232469353,164073751,-0.514309287071228,-0.43486881256103516,0.4372755289077759,-0.5959575772285461,9.55416488647461,-0.6773426532745361,2.503788948059082,0.9327057003974915,0.7333235740661621,1.2327455282211304
1781548232471192,164090418,-0.5143653750419617,-0.4347531199455261,0.43735381960868835,-0.5959359407424927,9.582938194274902,-0.6804409027099609,2.509282350540161,-0.5814467072486877,0.4540683627128601,0.7737404108047485
1781548232497685,164107085,-0.5143901109695435,-0.43469473719596863,0.4373624920845032,-0.5959508419036865,9.61248779296875,-0.6842858195304871,2.4241249561309814,0.10874512046575546,0.4807567298412323,0.6511068344116211
1781548232527711,164123752,-0.514381468296051,-0.4346843659877777,0.4373032748699188,-0.5960095524787903,9.612079620361328,-0.6606827974319458,2.452779769897461,0.7895819544792175,0.5542523860931396,0.5960907936096191
1781548232529485,164140419,-0.5144810080528259,-0.43454137444496155,0.43743574619293213,-0.5959306359291077,9.611599922180176,-0.6456557512283325,2.4899916648864746,-1.2028491497039795,0.33414965867996216,0.6377626061439514
1781548232558218,164157086,-0.5146529674530029,-0.43433669209480286,0.4376964271068573,-0.5957398414611816,9.571213722229004,-0.6905670762062073,2.4818174839019775,-2.498966932296753,0.01706446148455143,0.513745903968811
1781548232559662,164173753,-0.5147247314453125,-0.4342305362224579,0.43782442808151245,-0.5956611633300781,9.545018196105957,-0.7212814688682556,2.4549953937530518,-0.9699529409408569,0.115724578499794,0.6291823387145996
1781548232587712,164190420,-0.5146179795265198,-0.4343017637729645,0.43774059414863586,-0.595763087272644,9.549676895141602,-0.7398671507835388,2.4462947845458984,1.6017094850540161,0.14022313058376312,0.8326625823974609
1781548232589947,164207087,-0.5144400000572205,-0.43441325426101685,0.4375596344470978,-0.5959685444831848,9.523357391357422,-0.6803840398788452,2.447324752807617,2.6660068035125732,0.4138564169406891,1.0793896913528442
1781548232618970,164223754,-0.5143082737922668,-0.43449050188064575,0.4374006390571594,-0.5961424708366394,9.539487838745117,-0.621066689491272,2.4308931827545166,2.2221131324768066,0.5215834379196167,0.9467158913612366
1781548232619867,164240421,-0.5143382549285889,-0.4344606399536133,0.4374188780784607,-0.5961248874664307,9.585622787475586,-0.6154724359512329,2.4541115760803223,0.05751971900463104,0.2477196305990219,0.45837128162384033
1781548232648217,164257088,-0.5144689083099365,-0.4343555271625519,0.43756043910980225,-0.5959848165512085,9.568620681762695,-0.6446200013160706,2.4825639724731445,-1.3834444284439087,0.05753253027796745,0.20749488472938538
1781548232678055,164273755,-0.5145640969276428,-0.4342755079269409,0.4377511441707611,-0.595820963382721,9.58752155303955,-0.6790804862976074,2.463884115219116,-1.4613069295883179,-0.39731699228286743,0.34015586972236633
1781548232708065,164290422,-0.5145718455314636,-0.4342501759529114,0.4378613531589508,-0.5957517623901367,9.605917930603027,-0.6845290064811707,2.435068130493164,-0.3923609256744385,-0.317533403635025,0.6286829113960266
1781548232710806,164307089,-0.5144704580307007,-0.4342758357524872,0.4378460645675659,-0.5958317518234253,9.581827163696289,-0.6659536957740784,2.452202320098877,1.0771229267120361,0.03491651266813278,1.0755733251571655
1781548232711694,164323756,-0.514309823513031,-0.4343278706073761,0.43782860040664673,-0.5959453582763672,9.603673934936523,-0.6339887976646423,2.4766926765441895,1.4570870399475098,-0.1437128484249115,1.3512170314788818
1781548232738256,164340423,-0.514247715473175,-0.4342708885669708,0.4379349946975708,-0.5959624648094177,9.604969024658203,-0.6274044513702393,2.5241050720214844,-0.02034929022192955,-0.12664198875427246,1.304653286933899
1781548232739415,164357090,-0.5143676996231079,-0.43407371640205383,0.4382186532020569,-0.5957940220832825,9.557286262512207,-0.6560772061347961,2.4844634532928467,-2.344496965408325,-0.1847059726715088,0.8542283177375793
1781548232767931,164373757,-0.5145565867424011,-0.43388402462005615,0.43855705857276917,-0.59552001953125,9.590348243713379,-0.7155439257621765,2.4187355041503906,-3.0659427642822266,-0.5166594386100769,0.33950275182724
1781548232797625,164390424,-0.5146666169166565,-0.4337427616119385,0.4387160539627075,-0.5954107642173767,9.584550857543945,-0.7330579161643982,2.4158058166503906,-1.4281896352767944,0.17368611693382263,0.5639724135398865
1781548232799297,164407091,-0.5146358013153076,-0.4336812198162079,0.43876346945762634,-0.5954471230506897,9.573512077331543,-0.7307873368263245,2.4445395469665527,0.1694728136062622,0.25093400478363037,1.0828856229782104
1781548232828483,164423758,-0.5145435929298401,-0.4337053894996643,0.43875232338905334,-0.5955174565315247,9.594890594482422,-0.7014740705490112,2.456439733505249,0.9986327886581421,0.024005504325032234,1.0212230682373047
1781548232829363,164440425,-0.5144168138504028,-0.4338139593601227,0.4387255012989044,-0.5955676436424255,9.585370063781738,-0.6885266304016113,2.4611685276031494,1.4029291868209839,-0.43118977546691895,0.78992760181427
1781548232858697,164457092,-0.5142769813537598,-0.4339604079723358,0.4386955797672272,-0.5956037640571594,9.586723327636719,-0.666691780090332,2.4531311988830566,1.5467703342437744,-0.655864417552948,0.6708542704582214
1781548232862483,164473759,-0.5142462849617004,-0.4339469075202942,0.4387877285480499,-0.595572292804718,9.560160636901855,-0.6550414562225342,2.487502336502075,-0.04917638376355171,-0.3056875765323639,0.831343412399292
1781548232888392,164490426,-0.5143187046051025,-0.43377092480659485,0.43901583552360535,-0.5954698324203491,9.518834114074707,-0.6746915578842163,2.477449655532837,-1.7017717361450195,-0.022167786955833435,1.0541096925735474
1781548232889910,164507093,-0.5144436955451965,-0.433576375246048,0.43928906321525574,-0.5953020453453064,9.556722640991211,-0.701103687286377,2.418121337890625,-2.3060266971588135,-0.14149735867977142,0.7990586161613464
1781548232918136,164523760,-0.5145756602287292,-0.43346670269966125,0.43943339586257935,-0.5951613783836365,9.5979642868042,-0.7270240783691406,2.4030203819274902,-1.4168689250946045,0.06877649575471878,0.22582076489925385
1781548232920543,164540427,-0.5145992636680603,-0.4335261881351471,0.43948882818222046,-0.5950564742088318,9.610756874084473,-0.7236276865005493,2.395622491836548,-0.0235636867582798,-0.5296194553375244,0.020061148330569267
1781548232947855,164557094,-0.5145472288131714,-0.43365639448165894,0.4395044445991516,-0.5949952006340027,9.638622283935547,-0.7211564779281616,2.419909715652466,0.7458866834640503,-0.7770252823829651,0.15082676708698273
1781548232977935,164573761,-0.5144582390785217,-0.43375858664512634,0.43954038619995117,-0.5949711799621582,9.622289657592773,-0.7054935693740845,2.438875675201416,0.787584125995636,-0.7347642779350281,0.5803773999214172
1781548232980435,164590428,-0.5143694877624512,-0.4337739646434784,0.43963822722435,-0.5949644446372986,9.647223472595215,-0.6931137442588806,2.462880849838257,0.27824994921684265,-0.546344518661499,1.0870349407196045
1781548233007700,164607095,-0.5143293142318726,-0.43373146653175354,0.43975067138671875,-0.5949470400810242,9.602083206176758,-0.7095786333084106,2.424333095550537,-0.16375477612018585,-0.24679113924503326,1.068824291229248
1781548233009717,164623762,-0.5143663883209229,-0.43368029594421387,0.4399071931838989,-0.5948366522789001,9.620314598083496,-0.7067967057228088,2.407688617706299,-0.8863018155097961,-0.410469114780426,0.5817091464996338
1781548233039143,164640429,-0.514464795589447,-0.4336709678173065,0.4400809705257416,-0.5946295261383057,9.629975318908691,-0.7340170741081238,2.395026922225952,-1.2842847108840942,-0.745265543460846,-0.08655811101198196
1781548233040091,164657096,-0.5144942402839661,-0.43378445506095886,0.44011709094047546,-0.5944947004318237,9.601700782775879,-0.7435150146484375,2.407137632369995,0.1371239870786667,-0.7539738416671753,-0.33021172881126404
1781548233067839,164673763,-0.514407217502594,-0.4339993894100189,0.43998679518699646,-0.5945096611976624,9.606164932250977,-0.7408862113952637,2.4498558044433594,1.9767688512802124,-0.485283762216568,-0.12808910012245178
1781548233069862,164690430,-0.514234721660614,-0.4341943562030792,0.43980395793914795,-0.5946515202522278,9.597338676452637,-0.6968690156936646,2.4673800468444824,2.7601077556610107,-0.09840398281812668,0.5735771656036377
1781548233097837,164707097,-0.5140348672866821,-0.4343806803226471,0.43957802653312683,-0.5948553085327148,9.593057632446289,-0.677328884601593,2.462726593017578,3.1744697093963623,0.19157657027244568,0.8016965985298157
1781548233128327,164723764,-0.5138615369796753,-0.434527188539505,0.4393666386604309,-0.5950541496276855,9.57470703125,-0.6459808945655823,2.444333076477051,2.880103349685669,0.3685091733932495,0.8403462767601013
1781548233129848,164740431,-0.5137478113174438,-0.4346502125263214,0.4392092227935791,-0.5951787829399109,9.554197311401367,-0.6239005327224731,2.43056058883667,2.173769235610962,0.23194220662117004,0.5662135481834412
1781548233159186,164757098,-0.5137813687324524,-0.4346269369125366,0.4392358064651489,-0.5951473116874695,9.574451446533203,-0.60475093126297,2.4343457221984863,-0.006877009756863117,0.15871548652648926,0.4044821262359619
1781548233161544,164773765,-0.5139602422714233,-0.43442821502685547,0.43946316838264465,-0.5949698686599731,9.574073791503906,-0.6237908601760864,2.4317827224731445,-2.3235714435577393,0.16985702514648438,0.4246009588241577
1781548233187856,164790432,-0.514151930809021,-0.43417882919311523,0.4397411346435547,-0.5947808623313904,9.609392166137695,-0.6807993054389954,2.409128189086914,-2.7824485301971436,0.20301267504692078,0.6361490488052368
1781548233189543,164807099,-0.5143383741378784,-0.4339308738708496,0.4399539530277252,-0.594643235206604,9.582245826721191,-0.6996852159500122,2.390345811843872,-2.340104103088379,0.5645359754562378,0.6398244500160217
1781548233218918,164823766,-0.5144426226615906,-0.4337872564792633,0.4401043653488159,-0.5945465564727783,9.575474739074707,-0.7567282319068909,2.393120527267456,-1.3470613956451416,0.23237760365009308,0.6193598508834839
1781548233220033,164840433,-0.5143873691558838,-0.43383488059043884,0.44011378288269043,-0.594552755355835,9.56939697265625,-0.7392052412033081,2.35762619972229,0.6919974684715271,-0.22710779309272766,0.6352269053459167
1781548233248493,164857100,-0.5141268968582153,-0.43409544229507446,0.4399452209472656,-0.5947126746177673,9.618806838989258,-0.7225826978683472,2.3793587684631348,3.2508597373962402,-0.6303669810295105,0.843304455280304
1781548233278011,164873767,-0.5137985944747925,-0.4344097375869751,0.4396872818470001,-0.5949575304985046,9.634437561035156,-0.67685866355896,2.4080848693847656,4.264456748962402,-0.4859113097190857,0.9911410212516785
1781548233279490,164890434,-0.5135233402252197,-0.43464910984039307,0.4394981265068054,-0.5951600074768066,9.625335693359375,-0.6205904483795166,2.454714775085449,3.432530641555786,-0.38766101002693176,1.05722177028656
1781548233308191,164907101,-0.513311505317688,-0.43479883670806885,0.4394310712814331,-0.5952829718589783,9.597718238830566,-0.6134805679321289,2.4831275939941406,2.1865880489349365,-0.49911463260650635,1.1534359455108643
1781548233310032,164923768,-0.5131450295448303,-0.43482500314712524,0.4395175874233246,-0.5953435897827148,9.611641883850098,-0.6119689345359802,2.4502196311950684,0.7978803515434265,-0.5845969915390015,1.5799896717071533
1781548233338899,164940435,-0.5130801200866699,-0.43466073274612427,0.43976494669914246,-0.5953364372253418,9.661346435546875,-0.6182795166969299,2.420485734939575,-1.0411434173583984,-0.26781922578811646,1.981635332107544
1781548233340392,164957102,-0.5131739974021912,-0.43430081009864807,0.44018182158470154,-0.5952102541923523,9.710077285766602,-0.6457374095916748,2.3920156955718994,-3.259665012359619,0.05901807174086571,2.0096688270568848
1781548233368231,164973769,-0.5133053660392761,-0.43391984701156616,0.4407224953174591,-0.5949747562408447,9.69420337677002,-0.7095323204994202,2.3880631923675537,-4.282968997955322,-0.504813551902771,1.9048486948013306
1781548233369447,164990436,-0.5133450627326965,-0.43363478779792786,0.4411259591579437,-0.5948492884635925,9.685613632202148,-0.7609319090843201,2.3761332035064697,-2.7762246131896973,-0.362201988697052,1.9678430557250977
1781548233397817,165007103,-0.513270914554596,-0.43350160121917725,0.44135305285453796,-0.5948417782783508,9.656140327453613,-0.7720107436180115,2.403637170791626,-0.8225646615028381,-0.35417237877845764,1.8632405996322632
1781548233428700,165023770,-0.5132676362991333,-0.43328556418418884,0.4415648579597473,-0.5948448777198792,9.576150894165039,-0.7948313355445862,2.426755666732788,-1.231215476989746,0.28529348969459534,1.816933035850525
1781548233429733,165040437,-0.5133456587791443,-0.4330257773399353,0.44182905554771423,-0.594770610332489,9.554502487182617,-0.8321135640144348,2.4385745525360107,-2.0769338607788086,0.2957434356212616,1.5003470182418823
1781548233457991,165057104,-0.5132896900177002,-0.4329853951931,0.4418628215789795,-0.5948231816291809,9.621370315551758,-0.8584426045417786,2.3844709396362305,0.42360207438468933,0.18208709359169006,1.1430115699768066
1781548233459736,165073771,-0.5130738019943237,-0.4331212341785431,0.4415457844734192,-0.5951460599899292,9.601262092590332,-0.8006241321563721,2.366321086883545,3.778301954269409,1.0182905197143555,1.1714801788330078
1781548233488354,165090438,-0.5129278302192688,-0.4332107901573181,0.44124239683151245,-0.5954316258430481,9.569367408752441,-0.7174026966094971,2.406348466873169,3.2369139194488525,1.260420322418213,0.9348443746566772
1781548233490189,165107105,-0.512991189956665,-0.4330751299858093,0.4411981701850891,-0.5955085158348083,9.518678665161133,-0.6990437507629395,2.4342947006225586,0.12535494565963745,1.2820885181427002,0.7972016930580139
1781548233518252,165123772,-0.5131158232688904,-0.432864785194397,0.4412428140640259,-0.5955209136009216,9.499942779541016,-0.731728732585907,2.4056754112243652,-0.8795273900032043,1.2678990364074707,0.8106995224952698
1781548233519570,165140439,-0.5131624341011047,-0.4327346682548523,0.4411575496196747,-0.5956385731697083,9.51113510131836,-0.7622083425521851,2.352194309234619,0.486801415681839,1.4741710424423218,0.8713889122009277
1781548233547806,165157106,-0.5131521821022034,-0.43268999457359314,0.4409862160682678,-0.5958068370819092,9.515685081481934,-0.7489479184150696,2.3509836196899414,1.463106393814087,1.4059131145477295,0.7674654126167297
1781548233577627,165173773,-0.5131599307060242,-0.43268314003944397,0.44087541103363037,-0.5958869457244873,9.528437614440918,-0.7429946660995483,2.32135009765625,1.027331829071045,0.8302549123764038,0.44810059666633606
1781548233579462,165190440,-0.5131701231002808,-0.43276897072792053,0.44078436493873596,-0.5958830714225769,9.610562324523926,-0.7330132722854614,2.326645612716675,1.0120538473129272,0.13859671354293823,-0.08024458587169647
1781548233608127,165207107,-0.513171911239624,-0.4329146146774292,0.4407072067260742,-0.595832884311676,9.655400276184082,-0.7371547222137451,2.3431649208068848,1.0508440732955933,-0.3191341757774353,-0.3485119938850403
1781548233609556,165223774,-0.5131846070289612,-0.4330293536186218,0.44071558117866516,-0.5957323908805847,9.67634105682373,-0.7654725909233093,2.4033617973327637,0.40646710991859436,-0.610222578048706,-0.22258715331554413
1781548233638639,165240441,-0.5131894946098328,-0.43313637375831604,0.44075122475624084,-0.5956239700317383,9.665207862854004,-0.7849345803260803,2.425187110900879,0.2667497992515564,-0.7224060893058777,-0.1136179268360138
1781548233640540,165257108,-0.5131226778030396,-0.4333445429801941,0.44065365195274353,-0.5956023931503296,9.657286643981934,-0.7941567301750183,2.434738874435425,1.6461857557296753,-0.6249242424964905,-0.2171444594860077
1781548233668666,165273775,-0.5129702091217041,-0.4336467981338501,0.4403541088104248,-0.5957352519035339,9.647367477416992,-0.7611618638038635,2.437314510345459,3.5280659198760986,-0.09757157415151596,-0.2079751193523407
1781548233670869,165290442,-0.5127918124198914,-0.43397003412246704,0.4399925172328949,-0.5959205627441406,9.607425689697266,-0.7382658123970032,2.474630832672119,4.0922112464904785,0.11376520991325378,-0.16540679335594177
1781548233697866,165307109,-0.5127737522125244,-0.434145987033844,0.4396872818470001,-0.5960332155227661,9.534968376159668,-0.7066283822059631,2.511518716812134,2.643838882446289,0.7863163352012634,-0.46497291326522827
1781548233730240,165323776,-0.5128673315048218,-0.43426573276519775,0.4394809305667877,-0.5960177183151245,9.54634952545166,-0.7216695547103882,2.4595444202423096,1.3193548917770386,0.6225870847702026,-0.9096093773841858
1781548233730668,165340443,-0.5129342675209045,-0.4344215989112854,0.43915167450904846,-0.5960890650749207,9.593871116638184,-0.7431651949882507,2.4343786239624023,2.292778491973877,1.086791753768921,-0.9693894386291504
1781548233758794,165357110,-0.5128832459449768,-0.4346388280391693,0.4386318624019623,-0.5963574051856995,9.55950927734375,-0.6931988000869751,2.4340360164642334,4.23738431930542,1.7392240762710571,-0.5448590517044067
1781548233759771,165373777,-0.5128353238105774,-0.4348360598087311,0.43821072578430176,-0.5965644717216492,9.56122875213623,-0.6436383128166199,2.433781623840332,3.5676512718200684,1.3000048398971558,-0.419075071811676
1781548233789362,165390444,-0.5129563808441162,-0.4348696172237396,0.43803343176841736,-0.5965660214424133,9.563553810119629,-0.6395689249038696,2.437932252883911,0.8663559556007385,1.0053048133850098,-0.6144230961799622
1781548233790681,165407111,-0.5131658315658569,-0.4348369836807251,0.4379512667655945,-0.5964699983596802,9.55448055267334,-0.6767835021018982,2.4118030071258545,-0.31543320417404175,0.9164289236068726,-0.8370614051818848
1781548233818500,165423778,-0.5133035778999329,-0.4349227845668793,0.4378136992454529,-0.5963899493217468,9.546835899353027,-0.7027162313461304,2.3978710174560547,0.5921592116355896,0.45744919776916504,-1.0086408853530884
1781548233819992,165440445,-0.5133931636810303,-0.435127317905426,0.43764764070510864,-0.5962856411933899,9.59006404876709,-0.7026782035827637,2.4278676509857178,1.1991673707962036,-0.14563380181789398,-1.339364767074585
1781548233847833,165457112,-0.5135399699211121,-0.4352906048297882,0.43752285838127136,-0.5961315035820007,9.64249038696289,-0.7020160555839539,2.4223690032958984,0.5634857416152954,-0.09959498047828674,-1.5014419555664062
1781548233877733,165473779,-0.5138760209083557,-0.4353156089782715,0.4375394582748413,-0.5958114266395569,9.692849159240723,-0.7186474204063416,2.390219211578369,-1.5698407888412476,0.04098672419786453,-2.024005174636841
1781548233879456,165490446,-0.5143954157829285,-0.4352754056453705,0.4376068711280823,-0.5953428149223328,9.705594062805176,-0.7786198258399963,2.3713667392730713,-3.0048561096191406,0.23548956215381622,-2.952068328857422
1781548233908330,165507113,-0.5147771239280701,-0.4355729818344116,0.43740150332450867,-0.5949462652206421,9.66504955291748,-0.8627127408981323,2.388998508453369,-0.06382685899734497,-0.3810274004936218,-3.9663190841674805
1781548233910032,165523780,-0.5146458745002747,-0.4365754723548889,0.4365571439266205,-0.5949451923370361,9.596590042114258,-0.8704348206520081,2.363450765609741,7.770363807678223,-1.360726237297058,-4.502252578735352
1781548233937773,165540447,-0.5139368176460266,-0.43820881843566895,0.4352056682109833,-0.5953471660614014,9.616211891174316,-0.7428678870201111,2.4213945865631104,15.020854949951172,-2.6714706420898438,-4.128232002258301
1781548233939901,165557114,-0.5129508972167969,-0.43992823362350464,0.4337190091609955,-0.5960139036178589,9.651971817016602,-0.5605753064155579,2.5330700874328613,17.504667282104492,-2.576704502105713,-2.724400281906128
1781548233998157,165573781,-0.5120241641998291,-0.44132471084594727,0.43246662616729736,-0.5966880321502686,9.687862396240234,-0.3633166253566742,2.6068880558013916,15.248602867126465,-1.8811135292053223,-1.2693408727645874
1781548233999792,165590448,-0.5115368366241455,-0.44210436940193176,0.4317712187767029,-0.5970324873924255,9.724757194519043,-0.21809665858745575,2.6700429916381836,8.478734016418457,-1.0058622360229492,-0.7078199982643127
1781548234001055,165607115,-0.5117838978767395,-0.4421403408050537,0.43181025981903076,-0.5967655181884766,9.690707206726074,-0.25027570128440857,2.649749517440796,-1.198866367340088,-0.21423740684986115,-1.4314039945602417
1781548234029034,165623782,-0.5126675963401794,-0.44167616963386536,0.4324009418487549,-0.5959224700927734,9.661005973815918,-0.40000155568122864,2.5455760955810547,-8.868143081665039,0.034634780138731,-2.908630132675171
1781548234032587,165640449,-0.5137256383895874,-0.4411425292491913,0.4330461621284485,-0.5949373245239258,9.56610107421875,-0.6068321466445923,2.461972951889038,-10.28807544708252,0.2141798883676529,-3.750469207763672
1781548234058842,165657116,-0.5145169496536255,-0.44084787368774414,0.4333779215812683,-0.5942299365997314,9.568613052368164,-0.7322341203689575,2.4273040294647217,-6.526411056518555,0.3915605843067169,-3.341407299041748
1781548234059440,165673783,-0.5149689316749573,-0.44076552987098694,0.4332886040210724,-0.5939646363258362,9.549332618713379,-0.751790463924408,2.4282379150390625,-1.7079827785491943,1.342419147491455,-2.3001739978790283
1781548234087958,165690450,-0.5151002407073975,-0.44095006585121155,0.4327334761619568,-0.5941184759140015,9.518976211547852,-0.7025960683822632,2.437953233718872,3.3591506481170654,2.216580867767334,-1.713515281677246
1781548234090167,165707117,-0.51503986120224,-0.44135406613349915,0.4318552613258362,-0.5945098400115967,9.53711986541748,-0.568807065486908,2.3866918087005615,6.74403715133667,2.6137702465057373,-1.7222623825073242
1781548234117916,165723784,-0.5151211619377136,-0.44168606400489807,0.43099525570869446,-0.5948167443275452,9.596508026123047,-0.4677937626838684,2.3758482933044434,5.733858585357666,3.008077621459961,-2.330564022064209
1781548234119843,165740451,-0.5154891014099121,-0.44177672266960144,0.4303533136844635,-0.5948953628540039,9.64609146118164,-0.42866823077201843,2.3662049770355225,2.4399750232696533,3.3793082237243652,-2.934063196182251
1781548234148241,165757118,-0.5160732269287109,-0.4417046010494232,0.4299239218235016,-0.5947530269622803,9.664225578308105,-0.47841620445251465,2.39324688911438,-0.31718772649765015,3.260554790496826,-3.474504232406616
1781548234178649,165773785,-0.516701340675354,-0.44162464141845703,0.42954084277153015,-0.5945437550544739,9.627528190612793,-0.543102502822876,2.4306681156158447,-0.8655684590339661,3.0552942752838135,-3.727992534637451
1781548234181183,165790452,-0.5171915292739868,-0.44173532724380493,0.4289588928222656,-0.5944554209709167,9.569003105163574,-0.5818644762039185,2.4087204933166504,1.40062415599823,2.9420735836029053,-3.9014415740966797
1781548234208791,165807119,-0.5174382328987122,-0.4421314299106598,0.42814645171165466,-0.5945320129394531,9.53658390045166,-0.524728000164032,2.403446912765503,4.583924770355225,2.377838373184204,-3.8612682819366455
1781548234212553,165823786,-0.517615556716919,-0.4425815939903259,0.42728960514068604,-0.5946590304374695,9.541521072387695,-0.42679283022880554,2.4113717079162598,5.316370964050293,2.2635927200317383,-3.6926469802856445
1781548234238869,165840453,-0.5179955363273621,-0.4427887201309204,0.4266871213912964,-0.5946066379547119,9.569138526916504,-0.3786827325820923,2.46122670173645,2.268305540084839,2.401888847351074,-3.6717214584350586
1781548234240635,165857120,-0.5186994075775146,-0.4427277147769928,0.42646920680999756,-0.5941946506500244,9.61094856262207,-0.399156391620636,2.4767065048217773,-2.2991626262664795,1.984107255935669,-4.3178534507751465
1781548234268850,165873787,-0.519676148891449,-0.4425795078277588,0.426383912563324,-0.5935124158859253,9.63886833190918,-0.4785389006137848,2.464817762374878,-4.775296688079834,1.844428300857544,-5.73773193359375
1781548234269480,165890454,-0.5206575989723206,-0.4426232874393463,0.42600834369659424,-0.5928890109062195,9.546883583068848,-0.5514467358589172,2.4349193572998047,-2.746168613433838,2.291063070297241,-6.992614269256592
1781548234327729,165907121,-0.521411120891571,-0.44304177165031433,0.42517682909965515,-0.5925109386444092,9.486369132995605,-0.5249168872833252,2.395282506942749,1.8654438257217407,2.4755513668060303,-7.6710052490234375
1781548234329044,165923788,-0.5219874382019043,-0.4436366558074951,0.4241192936897278,-0.5923163890838623,9.443058967590332,-0.4599575102329254,2.4417850971221924,4.495074272155762,2.6075847148895264,-7.495020389556885
1781548234330375,165940455,-0.5223873257637024,-0.44436559081077576,0.4228980839252472,-0.592290461063385,9.496633529663086,-0.389610230922699,2.444535493850708,6.6728339195251465,2.6490137577056885,-7.061987400054932
1781548234358130,165957122,-0.5228683352470398,-0.4449879229068756,0.42167583107948303,-0.5922703146934509,9.66538143157959,-0.2596515715122223,2.4865574836730957,6.063724994659424,3.3407998085021973,-7.064291954040527
1781548234359516,165973789,-0.5242335200309753,-0.444814532995224,0.42088809609413147,-0.5917537808418274,9.57878303527832,-0.2555994391441345,2.5967113971710205,-2.7106056213378906,6.063943386077881,-8.812871932983398
1781548234388007,165990456,-0.5263564586639404,-0.4443092346191406,0.4206450581550598,-0.5904203653335571,9.41226577758789,-0.4825599789619446,2.5433294773101807,-10.804831504821777,5.145001411437988,-12.214158058166504
1781548234447642,166007123,-0.527997612953186,-0.4448837637901306,0.41958165168762207,-0.5892778038978577,9.427282333374023,-0.6953785419464111,2.3277571201324463,-1.5425773859024048,2.9200615882873535,-15.197257995605469
1781548234449277,166023790,-0.5281162858009338,-0.4471706748008728,0.41652926802635193,-0.589605987071991,9.44402027130127,-0.5601145625114441,2.2990715503692627,21.63170051574707,3.3103792667388916,-14.713508605957031
1781548234451613,166040457,-0.5271629095077515,-0.45021671056747437,0.41260504722595215,-0.5908988118171692,9.443891525268555,-0.10521812736988068,2.496415138244629,33.98164367675781,3.2940194606781006,-11.719887733459473
1781548234478090,166057124,-0.5264145135879517,-0.45248544216156006,0.4096531569957733,-0.591886043548584,9.389604568481445,0.26951295137405396,2.7296836376190186,25.712890625,2.563715934753418,-8.445028305053711
1781548234479189,166073791,-0.526435375213623,-0.4537060558795929,0.40810784697532654,-0.5920009016990662,9.449568748474121,0.3565249443054199,2.759040355682373,11.344916343688965,1.1904726028442383,-7.403688430786133
1781548234508544,166090458,-0.5269762277603149,-0.45446473360061646,0.4070306718349457,-0.5916791558265686,9.520164489746094,0.30112114548683167,2.6658265590667725,4.920284748077393,1.472839593887329,-8.343596458435059
1781548234510183,166107125,-0.5275554656982422,-0.455447793006897,0.40560638904571533,-0.591385006904602,9.298604965209961,0.24956035614013672,2.694669246673584,7.102898120880127,2.0113728046417236,-10.111474990844727
1781548234511333,166123792,-0.5277020931243896,-0.45711350440979004,0.4042101204395294,-0.5909247398376465,9.119733810424805,0.2767678201198578,2.7075417041778564,10.356008529663086,-2.5929930210113525,-10.770685195922852
1781548234537922,166140459,-0.5273369550704956,-0.4591342806816101,0.4032185971736908,-0.5903612971305847,9.248884201049805,0.3253139555454254,2.6369974613189697,11.320982933044434,-7.250333786010742,-8.780028343200684
1781548234569509,166157126,-0.5265122056007385,-0.46107247471809387,0.40268686413764954,-0.5899495482444763,9.582586288452148,0.4459450840950012,2.4691002368927,11.026973724365234,-9.378801345825195,-4.683938503265381
1781548234571278,166173793,-0.5258445739746094,-0.4621407091617584,0.4028044044971466,-0.5896289348602295,9.896614074707031,0.6660500764846802,2.4727210998535156,4.99872350692749,-7.475594520568848,-0.5234597325325012
1781548234572362,166190460,-0.526277482509613,-0.46161726117134094,0.40429967641830444,-0.5886285901069641,10.007465362548828,0.7582883834838867,2.497804880142212,-11.72057056427002,-5.116216659545898,1.343841552734375
1781548234597724,166207127,-0.5282934904098511,-0.4595218002796173,0.40721845626831055,-0.5864461064338684,9.941564559936523,0.5221939086914062,2.4542057514190674,-31.48046112060547,-3.25593638420105,-0.45146381855010986
1781548234627703,166223794,-0.5312347412109375,-0.4570960998535156,0.41050541400909424,-0.5833852291107178,9.888969421386719,0.053210657089948654,2.337489604949951,-39.54704284667969,-3.4460036754608154,-5.284199237823486
1781548234657742,166240461,-0.5338660478591919,-0.4556049704551697,0.4126913249492645,-0.5806007385253906,9.841858863830566,-0.42859846353530884,2.283372640609741,-29.963069915771484,-3.1786880493164062,-9.129922866821289
1781548234659163,166257128,-0.5352315902709961,-0.4556581974029541,0.41263312101364136,-0.5793417096138,9.837239265441895,-0.6866610050201416,2.3203039169311523,-7.043303966522217,0.08104502409696579,-9.891103744506836
1781548234660602,166273795,-0.534977376461029,-0.45730558037757874,0.41017720103263855,-0.5800221562385559,9.890039443969727,-0.5237040519714355,2.5118415355682373,18.950986862182617,4.035459995269775,-8.337484359741211
1781548234718415,166290462,-0.5338726043701172,-0.45948630571365356,0.40651071071624756,-0.5818948149681091,9.867807388305664,-0.02807668410241604,2.780333995819092,31.77716827392578,7.711572170257568,-5.871606826782227
1781548234720336,166307129,-0.5333146452903748,-0.4606969356536865,0.4031684696674347,-0.5837715268135071,9.779644012451172,0.4425828456878662,2.969852924346924,25.20309829711914,11.94286823272705,-4.3091816902160645
1781548234721986,166323796,-0.5341899991035461,-0.4602409899234772,0.4009181261062622,-0.5848793983459473,9.680954933166504,0.6345921754837036,3.007992744445801,8.03909969329834,16.16535186767578,-4.801669597625732
1781548234748710,166340463,-0.5364879965782166,-0.45857322216033936,0.3994498550891876,-0.5850908160209656,9.606335639953613,0.5605206489562988,2.8854520320892334,-6.529353618621826,19.24960708618164,-8.00026798248291
1781548234750693,166357130,-0.5395224690437317,-0.456655353307724,0.3982633054256439,-0.5846093893051147,9.52032470703125,0.37888872623443604,2.7559030055999756,-12.810079574584961,19.054658889770508,-11.941679954528809
1781548234778634,166373797,-0.5425750613212585,-0.45502856373786926,0.3971833884716034,-0.58378666639328,9.451861381530762,0.1762949675321579,2.668623924255371,-13.150715827941895,16.467073440551758,-13.742794036865234
1781548234779783,166390464,-0.5449057817459106,-0.45421457290649414,0.3955639600753784,-0.5833492875099182,9.461420059204102,0.09887290745973587,2.599698543548584,-4.641974925994873,14.451056480407715,-13.316009521484375
1781548234807694,166407131,-0.5461210012435913,-0.45446616411209106,0.39298364520072937,-0.5837607383728027,9.533080101013184,0.23607026040554047,2.6804380416870117,8.996057510375977,13.39553165435791,-11.560794830322266
1781548234837734,166423798,-0.5466219186782837,-0.4549950957298279,0.3898855745792389,-0.5849558711051941,9.582587242126465,0.5433974862098694,2.8822853565216064,16.46514892578125,14.744804382324219,-8.118627548217773
1781548234840694,166440465,-0.5472471117973328,-0.45496663451194763,0.3873796761035919,-0.586057186126709,9.54896068572998,0.8331137299537659,3.088752269744873,11.348366737365723,14.800580024719238,-5.623838901519775
1781548234841382,166457132,-0.5484690070152283,-0.45422837138175964,0.3860701620578766,-0.5863516330718994,9.483135223388672,0.8867863416671753,3.0687952041625977,-0.15837621688842773,12.22437858581543,-5.430920124053955
1781548234867633,166473799,-0.5502726435661316,-0.4530017375946045,0.38571226596832275,-0.5858460664749146,9.439109802246094,0.7633296251296997,3.0305747985839844,-9.777347564697266,9.65009593963623,-6.523789405822754
1781548234870777,166490466,-0.5521061420440674,-0.45182907581329346,0.3857622742652893,-0.5849931836128235,9.411201477050781,0.5999186635017395,2.9519028663635254,-12.229996681213379,6.886549472808838,-6.830643653869629
1781548234897750,166507133,-0.5535067915916443,-0.45101600885391235,0.3857268691062927,-0.584320068359375,9.417349815368652,0.5039650201797485,2.933584690093994,-8.699959754943848,5.174927234649658,-5.626036643981934
1781548234927645,166523800,-0.5543585419654846,-0.4505797028541565,0.38554632663726807,-0.583967924118042,9.457853317260742,0.5225611329078674,2.9195396900177,-4.130214691162109,3.753080129623413,-3.648580312728882
1781548234929548,166540467,-0.5549514889717102,-0.4501614570617676,0.38562968373298645,-0.5836722254753113,9.575183868408203,0.5839548110961914,2.997872829437256,-4.1691203117370605,2.1642539501190186,-1.6242421865463257
1781548234957747,166557134,-0.5558010339736938,-0.4492846131324768,0.38620027899742126,-0.5831621289253235,9.621689796447754,0.5878304243087769,3.054046630859375,-9.236902236938477,2.1627817153930664,-0.7493124604225159
1781548234959240,166573801,-0.5570356845855713,-0.448132187128067,0.38693833351135254,-0.5823812484741211,9.549371719360352,0.492980420589447,3.042360544204712,-12.870593070983887,2.81264066696167,-2.078305244445801
1781548234988556,166590468,-0.5583362579345703,-0.44726863503456116,0.3875322937965393,-0.5814037919044495,9.360448837280273,0.35300713777542114,3.0315568447113037,-11.912343978881836,1.7779254913330078,-4.307301998138428
1781548234991173,166607135,-0.5593979358673096,-0.4469067454338074,0.38777533173561096,-0.5804985761642456,9.299609184265137,0.26287829875946045,2.9934778213500977,-7.6564459800720215,0.7052651643753052,-5.491787433624268
1781548235018317,166623802,-0.5598277449607849,-0.44727039337158203,0.3871614634990692,-0.5802139043807983,9.349141120910645,0.2947487533092499,2.956615924835205,2.1499621868133545,1.3280633687973022,-5.150777816772461
1781548235019390,166640469,-0.5595207214355469,-0.4482424557209015,0.3856890797615051,-0.5807404518127441,9.391642570495605,0.483905166387558,3.067218542098999,12.342016220092773,2.7380948066711426,-3.3486955165863037
1781548235047946,166657136,-0.559087872505188,-0.44913801550865173,0.38393664360046387,-0.581625759601593,9.414717674255371,0.7669530510902405,3.170473337173462,14.504439353942871,4.8931884765625,-2.1266369819641113
1781548235078881,166673803,-0.5592058300971985,-0.4493362307548523,0.3828469514846802,-0.5820773839950562,9.3948392868042,0.956127941608429,3.2001953125,6.327675819396973,5.248868942260742,-2.1089117527008057
1781548235079925,166690470,-0.560285747051239,-0.4484269618988037,0.3829945921897888,-0.5816429853439331,9.398650169372559,0.9267542958259583,3.128725290298462,-8.185616493225098,4.718174934387207,-2.626314401626587
1781548235107940,166707137,-0.5620353817939758,-0.4468621015548706,0.38386571407318115,-0.5805841684341431,9.375225067138672,0.718584418296814,2.9744040966033936,-17.313844680786133,4.390597820281982,-3.7529430389404297
1781548235109162,166723804,-0.5638216137886047,-0.4455088675022125,0.384663462638855,-0.5793626308441162,9.362351417541504,0.5114173293113708,2.89380145072937,-16.7447566986084,3.4272844791412354,-5.311056137084961
1781548235138728,166740471,-0.5652303695678711,-0.44470909237861633,0.38505876064300537,-0.578341007232666,9.409956932067871,0.42510268092155457,2.8955090045928955,-11.311906814575195,2.3971385955810547,-5.7298970222473145
1781548235139238,166757138,-0.5663125514984131,-0.44428980350494385,0.38499704003334045,-0.577645480632782,9.48621654510498,0.4401574730873108,2.92441987991333,-6.153477191925049,2.792482614517212,-5.568509101867676
1781548235167673,166773805,-0.5670453310012817,-0.44420409202575684,0.38453051447868347,-0.5773030519485474,9.534238815307617,0.5070385932922363,2.942951202392578,-1.2450591325759888,3.1980082988739014,-4.926385402679443
1781548235169978,166790472,-0.5675756335258484,-0.4443386495113373,0.3838059604167938,-0.5771604776382446,9.557632446289062,0.6153239011764526,2.987884283065796,1.7845457792282104,3.4055089950561523,-4.713940620422363
1781548235197722,166807139,-0.5680357813835144,-0.4445537030696869,0.38326746225357056,-0.5769000053405762,9.491861343383789,0.6978766918182373,3.0038223266601562,1.2635835409164429,1.8147048950195312,-4.5400567054748535
1781548235227800,166823806,-0.5686984658241272,-0.4445948600769043,0.3830772936344147,-0.576341450214386,9.447154998779297,0.700736939907074,3.0991482734680176,-2.2018089294433594,0.7671709060668945,-4.9842705726623535
1781548235229590,166840473,-0.5695630311965942,-0.44465044140815735,0.3828696012496948,-0.5755823850631714,9.406859397888184,0.6750891208648682,3.1698358058929443,-3.221156358718872,0.6977349519729614,-6.660033702850342
1781548235258132,166857140,-0.5706048011779785,-0.4447022080421448,0.38253799080848694,-0.5747304558753967,9.396631240844727,0.6773826479911804,3.1780436038970947,-3.532363176345825,1.380467176437378,-8.093320846557617
1781548235259156,166873807,-0.5717576742172241,-0.4447872042655945,0.3819034993648529,-0.5739403367042542,9.365532875061035,0.6939979195594788,3.179342269897461,-2.381354570388794,2.9183828830718994,-9.303740501403809
1781548235288456,166890474,-0.5729253888130188,-0.44482070207595825,0.3810981512069702,-0.5732850432395935,9.368033409118652,0.6874133348464966,3.1900172233581543,-1.6008071899414062,4.244672775268555,-9.218680381774902
1781548235290144,166907141,-0.5738903880119324,-0.4449179470539093,0.380177766084671,-0.5728551149368286,9.411395072937012,0.6933935284614563,3.1748275756835938,0.31349313259124756,4.604696750640869,-8.052289009094238
1781548235319481,166923808,-0.574702799320221,-0.4451104402542114,0.37908536195755005,-0.5726150870323181,9.437188148498535,0.7410253882408142,3.2205958366394043,2.330429792404175,5.090352535247803,-7.476374626159668
1781548235321596,166940475,-0.5754551887512207,-0.44545307755470276,0.37783125042915344,-0.5724216103553772,9.401750564575195,0.8189939260482788,3.2061972618103027,3.866180896759033,5.124366760253906,-7.94195032119751
1781548235348107,166957142,-0.5761616230010986,-0.4460330903530121,0.37649935483932495,-0.5721369385719299,9.45565128326416,0.9110109806060791,3.2313544750213623,5.015064716339111,4.099154472351074,-8.976844787597656
1781548235378283,166973809,-0.5770140290260315,-0.44646766781806946,0.37529727816581726,-0.5717285871505737,9.535223960876465,1.0095611810684204,3.2853312492370605,3.1603713035583496,4.154874324798584,-9.266498565673828
1781548235380597,166990476,-0.5781356692314148,-0.4464726746082306,0.37438973784446716,-0.5711864233016968,9.532977104187012,1.0613696575164795,3.3045012950897217,-0.8730091452598572,4.959817409515381,-8.843029975891113
1781548235407803,167007143,-0.5795031189918518,-0.4461525082588196,0.3737265467643738,-0.5704846382141113,9.478328704833984,1.0385912656784058,3.3187811374664307,-4.290577411651611,5.4076690673828125,-8.855056762695312
1781548235409755,167023810,-0.580960214138031,-0.4457923173904419,0.3731273412704468,-0.5696759223937988,9.465381622314453,0.9537311792373657,3.3341338634490967,-5.251003265380859,5.212244510650635,-9.333669662475586
1781548235438101,167040477,-0.5823488831520081,-0.44551563262939453,0.3723451793193817,-0.5689857602119446,9.49596881866455,0.9109616279602051,3.338024139404297,-3.68618106842041,5.803923606872559,-9.366503715515137
1781548235440051,167057144,-0.5836063027381897,-0.4454544484615326,0.37103745341300964,-0.5685995221138,9.435711860656738,0.996263325214386,3.284259796142578,0.4106294512748718,7.660064697265625,-9.798925399780273
1781548235468933,167073811,-0.5846876502037048,-0.445672869682312,0.3695962727069855,-0.5682557821273804,9.310230255126953,1.0647761821746826,3.2346296310424805,2.703594923019409,6.783905029296875,-10.061531066894531
1781548235470693,167090478,-0.5857040286064148,-0.4458678662776947,0.3685227036476135,-0.5677533745765686,9.319345474243164,1.0781097412109375,3.237652063369751,0.968269407749176,4.746387958526611,-9.260045051574707
1781548235497722,167107145,-0.5866622924804688,-0.4461217522621155,0.3673306107521057,-0.567336916923523,9.382014274597168,1.082685112953186,3.3085803985595703,2.065108060836792,5.109921932220459,-9.198946952819824
1781548235527771,167123812,-0.5876436233520508,-0.4464668929576874,0.3660261034965515,-0.5668927431106567,9.360438346862793,1.146139144897461,3.3615882396698,2.7300655841827393,5.181138038635254,-9.976279258728027
1781548235531505,167140479,-0.5887923836708069,-0.44659143686294556,0.3649824261665344,-0.5662752389907837,9.370144844055176,1.1378344297409058,3.371177911758423,-0.1279354691505432,4.87680721282959,-9.973652839660645
1781548235558235,167157146,-0.5899843573570251,-0.4465789198875427,0.36402595043182373,-0.5656595230102539,9.38000202178955,1.1315536499023438,3.327911615371704,-1.1497544050216675,5.1710968017578125,-9.522344589233398
1781548235559023,167173813,-0.591029167175293,-0.4467809796333313,0.3628555238246918,-0.5651612877845764,9.343140602111816,1.1492582559585571,3.274613857269287,1.2978790998458862,5.196517467498779,-9.66749095916748
1781548235587898,167190480,-0.5917690992355347,-0.44753292202949524,0.36143308877944946,-0.5647032856941223,9.300549507141113,1.2097108364105225,3.367891311645508,5.548680305480957,3.4475932121276855,-10.465662956237793
1781548235618406,167207147,-0.5924758315086365,-0.44843584299087524,0.35985973477363586,-0.5642505884170532,9.237239837646484,1.2866877317428589,3.473436117172241,6.864739418029785,3.4093151092529297,-11.154069900512695
1781548235620655,167223814,-0.5933194160461426,-0.44920051097869873,0.3585279881954193,-0.5636035203933716,9.181927680969238,1.3581973314285278,3.5176608562469482,4.461664199829102,2.7011613845825195,-11.389768600463867
1781548235622107,167240481,-0.5942790508270264,-0.4498636722564697,0.3573766350746155,-0.5627938508987427,9.208990097045898,1.3372668027877808,3.428990602493286,2.589362144470215,2.142599582672119,-11.695277214050293
1781548235647966,167257148,-0.5951753258705139,-0.45058780908584595,0.3560470938682556,-0.5621100068092346,9.282150268554688,1.366294264793396,3.3997371196746826,4.032548904418945,2.8670806884765625,-11.636995315551758
1781548235678646,167273815,-0.5959234833717346,-0.4515116512775421,0.3544580638408661,-0.5615799427032471,9.311918258666992,1.4808427095413208,3.4590234756469727,6.688997268676758,3.2716593742370605,-11.727499008178711
1781548235681147,167290482,-0.5967764258384705,-0.4522770047187805,0.353078693151474,-0.5609270334243774,9.331932067871094,1.559097409248352,3.5377449989318848,4.605402946472168,2.8983922004699707,-11.598564147949219
1781548235709966,167307149,-0.597983181476593,-0.4525415003299713,0.3520074188709259,-0.5601009726524353,9.331916809082031,1.5277270078659058,3.605807304382324,-0.15801763534545898,3.8866074085235596,-11.499736785888672
1781548235710967,167323816,-0.5992104411125183,-0.4528517723083496,0.35083335638046265,-0.5592745542526245,9.266863822937012,1.4820674657821655,3.617276906967163,0.36097919940948486,4.181141376495361,-12.01037883758545
1781548235737648,167340483,-0.6003041863441467,-0.45347753167152405,0.34941568970680237,-0.5584814548492432,9.23711109161377,1.5102593898773193,3.6123392581939697,3.093830108642578,3.753408908843994,-12.879006385803223
1781548235739680,167357150,-0.601466715335846,-0.45404165983200073,0.3479531407356262,-0.557685136795044,9.29145622253418,1.5922516584396362,3.7293670177459717,2.7897047996520996,4.3302836418151855,-13.14760684967041
1781548235768157,167373817,-0.6032730937004089,-0.4538247883319855,0.34660330414772034,-0.5567503571510315,9.433381080627441,1.7538721561431885,3.812828779220581,-3.21311616897583,7.966280460357666,-13.969574928283691
1781548235769528,167390484,-0.6055203080177307,-0.4530939757823944,0.3452884256839752,-0.555722177028656,9.350740432739258,1.9292678833007812,3.6004390716552734,-7.076888084411621,10.546971321105957,-14.710543632507324
1781548235797999,167407151,-0.6077309846878052,-0.45234739780426025,0.3444649279117584,-0.5544268488883972,9.2088041305542,1.9834963083267212,3.525681972503662,-9.540666580200195,7.642731666564941,-14.11489486694336
1781548235828380,167423818,-0.6100393533706665,-0.45138704776763916,0.34429487586021423,-0.5527775883674622,9.205571174621582,1.860373854637146,3.558522939682007,-14.066373825073242,4.857743740081787,-13.426913261413574
1781548235830587,167440485,-0.6121921539306641,-0.45048683881759644,0.34415748715400696,-0.5512151122093201,9.159038543701172,1.6408840417861938,3.552062511444092,-13.250182151794434,4.394036769866943,-12.512458801269531
1781548235858083,167457152,-0.6138134598731995,-0.4501822292804718,0.343294620513916,-0.5501981377601624,9.078961372375488,1.5166574716567993,3.565917491912842,-5.05726957321167,5.6218695640563965,-11.858867645263672
1781548235859708,167473819,-0.6147962212562561,-0.45064470171928406,0.34179970622062683,-0.5496525764465332,8.988821983337402,1.628535509109497,3.6961185932159424,3.6604344844818115,5.339899063110352,-11.220840454101562
1781548235889053,167490486,-0.6157243251800537,-0.45112088322639465,0.34035131335258484,-0.549121618270874,9.049701690673828,1.826733946800232,3.798586368560791,3.7466208934783936,5.008572101593018,-10.840824127197266
1781548235890998,167507153,-0.6169259548187256,-0.45125624537467957,0.33905208110809326,-0.5484650731086731,9.113341331481934,2.0004773139953613,3.647630214691162,0.5988829135894775,5.913751602172852,-11.145296096801758
1781548235918264,167523820,-0.6179566979408264,-0.4517974257469177,0.33770257234573364,-0.5476915836334229,9.035359382629395,2.084604501724243,3.590733528137207,2.7667434215545654,3.835587501525879,-12.098819732666016
1781548235919442,167540487,-0.6189822554588318,-0.4524460434913635,0.3366040587425232,-0.5466732382774353,8.956451416015625,2.0714304447174072,3.6869194507598877,1.7265980243682861,1.5919264554977417,-12.587894439697266
1781548235947865,167557154,-0.6200437545776367,-0.4529399573802948,0.3358752131462097,-0.5455082058906555,8.985321044921875,2.049917221069336,3.7276220321655273,-0.7716599106788635,0.22799795866012573,-11.83845329284668
1781548235978202,167573821,-0.6209419965744019,-0.45344269275665283,0.3350089490413666,-0.544600784778595,9.07430362701416,2.0414316654205322,3.692455530166626,0.8816215395927429,1.2048667669296265,-10.577690124511719
1781548235980362,167590488,-0.6215715408325195,-0.45405811071395874,0.33404502272605896,-0.5439617037773132,9.019481658935547,2.1547696590423584,3.7479770183563232,3.1859068870544434,1.4178489446640015,-8.989816665649414
1781548236007944,167607155,-0.6225505471229553,-0.45404183864593506,0.333462655544281,-0.5432125329971313,9.010590553283691,2.238389492034912,3.8618154525756836,-2.2838973999023438,2.608583450317383,-8.124656677246094
1781548236009231,167623822,-0.623863697052002,-0.4538077116012573,0.3330603539943695,-0.5421472191810608,8.992348670959473,2.2642879486083984,3.750642776489258,-5.6573991775512695,2.4301016330718994,-9.663907051086426
1781548236037947,167640489,-0.6253178119659424,-0.4535038471221924,0.33297088742256165,-0.5407794713973999,9.014979362487793,2.175787925720215,3.682424306869507,-8.255093574523926,0.7277789115905762,-10.350495338439941
1781548236039980,167657156,-0.6267684698104858,-0.4531624913215637,0.3329963684082031,-0.5393686890602112,9.06516170501709,2.0590343475341797,3.6552793979644775,-8.931090354919434,0.2309306412935257,-10.078553199768066
1781548236068302,167673823,-0.6279511451721191,-0.452995628118515,0.33280879259109497,-0.53824782371521,9.059603691101074,1.9834527969360352,3.6512434482574463,-5.890871524810791,0.7921050190925598,-8.898738861083984
1781548236070810,167690490,-0.6286954879760742,-0.4532565772533417,0.3321937322616577,-0.5375388264656067,9.030729293823242,2.0179381370544434,3.645155429840088,-0.15415005385875702,1.333992838859558,-7.80909538269043
1781548236097840,167707157,-0.6290527582168579,-0.45400992035865784,0.3312150537967682,-0.5370888113975525,9.001029968261719,2.101402759552002,3.674725294113159,5.116310119628906,1.008852243423462,-7.517238616943359
1781548236128167,167723824,-0.62919020652771,-0.4549373984336853,0.33019110560417175,-0.5367732048034668,8.99027156829834,2.1915149688720703,3.7215089797973633,7.028811931610107,0.48098742961883545,-6.662402629852295
1781548236130448,167740491,-0.6292436718940735,-0.4558701515197754,0.32908278703689575,-0.5366001129150391,8.920971870422363,2.2771029472351074,3.743640422821045,7.950216293334961,1.0815414190292358,-6.010944366455078
1781548236158056,167757158,-0.6292026042938232,-0.4570334851741791,0.3278796970844269,-0.5363948345184326,8.894255638122559,2.400369167327881,3.7548892498016357,9.51993179321289,0.3260818421840668,-6.620450973510742
1781548236159519,167773825,-0.6291999220848083,-0.45807522535324097,0.32690203189849854,-0.5361060500144958,8.934464454650879,2.5034122467041016,3.739220142364502,7.853810787200928,-0.37626346945762634,-6.140172958374023
1781548236188835,167790492,-0.629205584526062,-0.4588368535041809,0.32608896493911743,-0.5359433889389038,8.897603988647461,2.5397744178771973,3.733828544616699,6.29199743270874,0.3597368001937866,-4.476959705352783
1781548236189413,167807159,-0.6290614604949951,-0.45953863859176636,0.3254861533641815,-0.5358777046203613,8.743968963623047,2.552710771560669,3.787020444869995,5.948659896850586,-0.3588852286338806,-2.7076470851898193
1781548236218856,167823826,-0.6289235353469849,-0.46006879210472107,0.3254730701446533,-0.5355924367904663,8.769319534301758,2.527482271194458,3.7878499031066895,2.5225114822387695,-2.9571523666381836,-1.4321084022521973
1781548236221497,167840493,-0.628733217716217,-0.4605150818824768,0.32551994919776917,-0.5354039072990417,8.928707122802734,2.4608678817749023,3.727243661880493,2.3206450939178467,-2.7195053100585938,-0.4428948163986206
1781548236248311,167857160,-0.6286161541938782,-0.4607480764389038,0.32524171471595764,-0.5355101227760315,9.004213333129883,2.5203394889831543,3.7919557094573975,3.024200439453125,0.5679423809051514,0.009636778384447098
1781548236279395,167873827,-0.6287415027618408,-0.4607476592063904,0.32509759068489075,-0.5354506373405457,9.037667274475098,2.630887031555176,3.7461578845977783,0.38278815150260925,0.8651393055915833,-0.6516126394271851
1781548236280225,167890494,-0.6290159225463867,-0.4604511559009552,0.32542312145233154,-0.5351856350898743,9.075117111206055,2.575949192047119,3.5964574813842773,-3.558154821395874,-0.3929116129875183,0.06093902140855789
1781548236307819,167907161,-0.6293741464614868,-0.45982998609542847,0.3259942829608917,-0.5349510312080383,9.058074951171875,2.4497573375701904,3.618149518966675,-6.0637431144714355,0.023723764345049858,1.388573408126831
1781548236309735,167923828,-0.6296935081481934,-0.45921605825424194,0.32657697796821594,-0.5347471237182617,9.027941703796387,2.3448569774627686,3.7376463413238525,-5.883185863494873,-0.04300372302532196,1.6851811408996582
1781548236368200,167940495,-0.6299788951873779,-0.4587307572364807,0.32685449719429016,-0.534657895565033,9.017887115478516,2.31664776802063,3.6665608882904053,-3.8386261463165283,1.0912226438522339,1.0539945363998413
1781548236369531,167957162,-0.6301873326301575,-0.4584250748157501,0.3268601894378662,-0.5346707701683044,8.918107986450195,2.3432841300964355,3.576219320297241,-1.5905998945236206,1.7572938203811646,0.5176774859428406
1781548236370549,167973829,-0.6303130984306335,-0.4582243263721466,0.32694488763809204,-0.5346428751945496,8.875567436218262,2.335833787918091,3.5143473148345947,-1.2574042081832886,0.7146519422531128,0.6581118106842041
1781548236397826,167990496,-0.6302341222763062,-0.45818743109703064,0.3270683288574219,-0.5346921682357788,8.891324996948242,2.3118398189544678,3.546813488006592,0.12920968234539032,-0.2721477448940277,1.4989769458770752
1781548236399729,168007163,-0.6299352049827576,-0.45839616656303406,0.3271367847919464,-0.534823477268219,8.912808418273926,2.3103277683258057,3.5486748218536377,2.272223949432373,-1.1724213361740112,1.9373893737792969
1781548236428240,168023830,-0.6293966770172119,-0.45885828137397766,0.32734373211860657,-0.5349346399307251,8.907155990600586,2.2780656814575195,3.5125608444213867,3.571953773498535,-3.3064074516296387,2.598491668701172
1781548236430342,168040497,-0.6286274194717407,-0.45953166484832764,0.3275148272514343,-0.5351563096046448,8.95986557006836,2.2913694381713867,3.5488526821136475,5.593180179595947,-4.098262310028076,3.336522102355957
1781548236458664,168057164,-0.6276171207427979,-0.46052566170692444,0.32723262906074524,-0.5356602072715759,9.01196002960205,2.377706289291382,3.662590265274048,10.044209480285645,-2.9697299003601074,3.289703130722046
1781548236459964,168073831,-0.6266798973083496,-0.4616292119026184,0.3268547058105469,-0.5360383987426758,9.067108154296875,2.5330328941345215,3.730785369873047,10.35449504852295,-3.1941096782684326,1.9282718896865845
1781548236518101,168090498,-0.6263153553009033,-0.4619271755218506,0.32708629965782166,-0.5360662937164307,9.078584671020508,2.505648136138916,3.7571988105773926,2.032912254333496,-2.675848960876465,2.0538506507873535
1781548236520326,168107165,-0.6261726021766663,-0.4617464542388916,0.32767292857170105,-0.5360305905342102,9.10200309753418,2.3640806674957275,3.698721408843994,-2.1848785877227783,-2.143974781036377,3.1664276123046875
1781548236522091,168123832,-0.6259076595306396,-0.46167728304862976,0.3281380236148834,-0.5361149907112122,9.122024536132812,2.248094320297241,3.6363749504089355,-0.5986841320991516,-1.9258832931518555,3.496204137802124
1781548236547725,168140499,-0.625468373298645,-0.46182698011398315,0.3282461166381836,-0.5364325642585754,9.097831726074219,2.2199795246124268,3.5947651863098145,2.7386703491210938,-0.8491122722625732,3.5153372287750244
1781548236549298,168157166,-0.6248289346694946,-0.46231281757354736,0.3281414806842804,-0.536823034286499,9.03935718536377,2.2908401489257812,3.577354669570923,5.76865291595459,-1.394252896308899,3.1328110694885254
1781548236578156,168173833,-0.624056875705719,-0.463029146194458,0.3281252086162567,-0.5371136665344238,9.030706405639648,2.401331901550293,3.5819292068481445,6.629188537597656,-3.2413644790649414,2.9544827938079834
1781548236579862,168190500,-0.6235156655311584,-0.46332359313964844,0.32838642597198486,-0.5373284816741943,9.05447769165039,2.425720691680908,3.6382200717926025,2.8888120651245117,-2.594541072845459,3.612255811691284
1781548236608061,168207167,-0.6232860088348389,-0.4631710946559906,0.3288583755493164,-0.5374377369880676,9.018001556396484,2.3538105487823486,3.6738204956054688,-1.036955714225769,-1.479184627532959,3.6888623237609863
1781548236610212,168223834,-0.6231237053871155,-0.4629974663257599,0.3294890224933624,-0.53738933801651,8.98922061920166,2.2261269092559814,3.632540702819824,-2.2849221229553223,-2.431401252746582,3.3181705474853516
1781548236638010,168240501,-0.6226743459701538,-0.4632236957550049,0.32995080947875977,-0.5374319553375244,9.064493179321289,2.1046643257141113,3.5508570671081543,1.1703914403915405,-3.5464110374450684,3.3247780799865723
1781548236639988,168257168,-0.6218134164810181,-0.4639410972595215,0.32995137572288513,-0.5378094911575317,9.103044509887695,2.0894267559051514,3.5840444564819336,7.049724102020264,-3.253505229949951,3.6967904567718506
1781548236667634,168273835,-0.6208556890487671,-0.46475949883461,0.32984477281570435,-0.5382745265960693,9.164573669433594,2.1816182136535645,3.63523530960083,8.384723663330078,-3.1084094047546387,3.857152223587036
1781548236670710,168290502,-0.6201249361038208,-0.4653520882129669,0.32976028323173523,-0.5386563539505005,9.218955039978027,2.288984537124634,3.5388081073760986,6.425351142883301,-2.118311882019043,3.244265556335449
1781548236698247,168307169,-0.619396984577179,-0.46607252955436707,0.3295937776565552,-0.5389731526374817,9.21972942352295,2.332777500152588,3.499986410140991,7.118058681488037,-2.4440536499023438,2.4051928520202637
1781548236728052,168323836,-0.6187880635261536,-0.4667898118495941,0.32944631576538086,-0.539141833782196,9.157596588134766,2.390751361846924,3.5595738887786865,6.316752910614014,-2.7186734676361084,1.4012136459350586
1781548236729856,168340503,-0.6183632612228394,-0.46742498874664307,0.32956019043922424,-0.5390092134475708,9.186835289001465,2.3785881996154785,3.5722169876098633,3.7250537872314453,-4.075403690338135,0.4621363580226898
1781548236757770,168357170,-0.6180487275123596,-0.4678344428539276,0.32982897758483887,-0.5388501882553101,9.219651222229004,2.2789833545684814,3.5102250576019287,1.7765928506851196,-3.7322309017181396,0.9503271579742432
1781548236759705,168373837,-0.6176050901412964,-0.4682287275791168,0.33001217246055603,-0.5389043688774109,9.187141418457031,2.1791975498199463,3.518186569213867,2.9285244941711426,-2.9191055297851562,2.0942676067352295
1781548236787630,168390504,-0.617032527923584,-0.46858474612236023,0.3300860822200775,-0.5392055511474609,9.17986011505127,2.1925792694091797,3.5683021545410156,4.146395206451416,-1.8112919330596924,3.355091094970703
1781548236789504,168407171,-0.6164258718490601,-0.4690694808959961,0.3298998475074768,-0.539591908454895,9.111767768859863,2.256596326828003,3.4881820678710938,5.960018157958984,-0.9873311519622803,2.712583541870117
1781548236819866,168423838,-0.6159215569496155,-0.4695671796798706,0.3298661708831787,-0.5397554039955139,9.083141326904297,2.28918719291687,3.5347063541412354,4.613494396209717,-2.1692423820495605,1.8510494232177734
1781548236820408,168440505,-0.6157790422439575,-0.4698781371116638,0.32969582080841064,-0.5397514700889587,9.115714073181152,2.303697347640991,3.5904133319854736,2.781519889831543,-0.617406964302063,-0.2182842195034027
1781548236847851,168457172,-0.6158849596977234,-0.4701267182826996,0.3293538987636566,-0.539622962474823,9.042831420898438,2.3309857845306396,3.583616256713867,2.0715229511260986,0.5016182661056519,-2.080122470855713
1781548236878651,168473839,-0.616218090057373,-0.4700581729412079,0.3293301463127136,-0.5393167734146118,9.014891624450684,2.2995972633361816,3.516005039215088,-1.5899852514266968,0.2705533504486084,-1.9289309978485107
1781548236879723,168490506,-0.6165844202041626,-0.4698137938976288,0.329391747713089,-0.53907310962677,9.018621444702148,2.1928939819335938,3.440157890319824,-2.6168365478515625,0.8381307125091553,-1.1134223937988281
1781548236908012,168507173,-0.6166937351226807,-0.46969860792160034,0.3293101191520691,-0.5390983819961548,9.016419410705566,2.181114435195923,3.3867783546447754,-0.09949253499507904,1.2529670000076294,0.22433523833751678
1781548236911713,168523840,-0.6165436506271362,-0.46993911266326904,0.3289546072483063,-0.5392776131629944,8.962186813354492,2.239800214767456,3.401073455810547,3.609617233276367,1.005804419517517,0.1482655256986618
1781548236968250,168540507,-0.6163040995597839,-0.47048741579055786,0.3284832537174225,-0.5393605828285217,8.968918800354004,2.345957040786743,3.4550209045410156,5.415607452392578,-0.15777423977851868,-0.9981397390365601
1781548236969826,168557174,-0.6162909269332886,-0.47084900736808777,0.3282552659511566,-0.5391987562179565,9.133227348327637,2.418635368347168,3.453157663345337,2.437580108642578,-0.7773199081420898,-1.6655683517456055
1781548236972596,168573841,-0.6165283918380737,-0.4707861840724945,0.32824695110321045,-0.5389872193336487,9.194511413574219,2.3703184127807617,3.432328462600708,-1.0999115705490112,0.2706301510334015,-1.1362688541412354
1781548236998815,168590508,-0.6167719960212708,-0.47060173749923706,0.32832619547843933,-0.5388213396072388,9.13386058807373,2.2611470222473145,3.381208658218384,-1.8562802076339722,0.5108132362365723,-0.40824082493782043
1781548237000399,168607175,-0.616914689540863,-0.470590204000473,0.3283872902393341,-0.5386309623718262,9.091262817382812,2.219280958175659,3.4259748458862305,-0.784721851348877,-0.35855215787887573,-0.5869149565696716
1781548237028741,168623842,-0.6170095801353455,-0.47076132893562317,0.3282410800457001,-0.5384616255760193,9.100760459899902,2.2249033451080322,3.412827491760254,0.9604314565658569,-0.1956426203250885,-1.4040626287460327
1781548237029777,168640509,-0.6170517802238464,-0.471112459897995,0.3278501331806183,-0.5383443832397461,9.134592056274414,2.269944429397583,3.3831608295440674,2.918215274810791,0.22592324018478394,-2.186184883117676
1781548237060998,168657176,-0.6170191168785095,-0.4716227948665619,0.3273594379425049,-0.5382335782051086,9.122857093811035,2.3194267749786377,3.4059219360351562,4.21922492980957,-0.08739052712917328,-2.5638182163238525
1781548237061405,168673843,-0.6169825196266174,-0.47208020091056824,0.3268273174762726,-0.5381980538368225,9.096841812133789,2.3448283672332764,3.444190502166748,4.330448150634766,0.5186635255813599,-2.245426893234253
1781548237088438,168690510,-0.6169107556343079,-0.47256359457969666,0.3262977600097656,-0.5381773710250854,9.070174217224121,2.3613486289978027,3.4259519577026367,4.57866096496582,0.38150754570961,-2.1021878719329834
1781548237090174,168707177,-0.6167610883712769,-0.47308799624443054,0.3258313536643982,-0.5381706357002258,9.07339859008789,2.3621459007263184,3.396467924118042,4.803168773651123,-0.167596697807312,-1.6416202783584595
1781548237118405,168723844,-0.6164426207542419,-0.47376498579978943,0.325175404548645,-0.5383367538452148,9.078085899353027,2.4143669605255127,3.4395925998687744,7.087667942047119,0.255557119846344,-1.2422544956207275
1781548237119950,168740511,-0.6161171793937683,-0.47442078590393066,0.32441651821136475,-0.5385896563529968,9.067059516906738,2.556234836578369,3.5190722942352295,7.596324920654297,1.037782073020935,-1.136717438697815
1781548237147980,168757178,-0.6159229278564453,-0.4748380482196808,0.3239073157310486,-0.5387504696846008,9.055441856384277,2.6258902549743652,3.5067925453186035,5.0273823738098145,0.8550224304199219,-0.6654563546180725
1781548237178665,168773845,-0.6160557866096497,-0.474808007478714,0.32378923892974854,-0.5386959314346313,9.035255432128906,2.598212718963623,3.488410472869873,0.1365348994731903,0.8810703754425049,-0.5158653855323792
1781548237180738,168790512,-0.6163999438285828,-0.4745456874370575,0.3240201771259308,-0.5383943915367126,9.055421829223633,2.476001024246216,3.463156223297119,-3.3794803619384766,-0.07277847826480865,-0.6872398853302002
1781548237208240,168807179,-0.6165258884429932,-0.47445204854011536,0.3241395354270935,-0.5382609963417053,9.109874725341797,2.39748215675354,3.3615572452545166,-1.1646479368209839,-0.16196191310882568,0.09273718297481537
1781548237210483,168823846,-0.6164320707321167,-0.47448310256004333,0.324036180973053,-0.5384033918380737,9.096489906311035,2.4460010528564453,3.405987501144409,1.5192877054214478,0.7308391332626343,1.0712575912475586
1781548237237964,168840513,-0.616461455821991,-0.4743522107601166,0.3240537941455841,-0.5384742021560669,9.08247184753418,2.5006327629089355,3.468097448348999,-0.17690691351890564,0.8589411973953247,1.0668649673461914
1781548237240520,168857180,-0.6166887879371643,-0.47398582100868225,0.32426247000694275,-0.5384112000465393,9.131614685058594,2.486879348754883,3.441876173019409,-2.825490951538086,0.9252652525901794,0.9148793816566467
1781548237268731,168873847,-0.6169663071632385,-0.4736573100090027,0.3244355320930481,-0.5382779240608215,9.083807945251465,2.4363863468170166,3.3849527835845947,-2.8534340858459473,0.819151759147644,0.2303798496723175
1781548237270719,168890514,-0.6172434091567993,-0.4732523560523987,0.32481086254119873,-0.5380899906158447,9.04655933380127,2.3221490383148193,3.4105138778686523,-4.047011375427246,0.06571578234434128,0.830267608165741
1781548237297869,168907181,-0.617237389087677,-0.473168283700943,0.3249083459377289,-0.5381118655204773,9.03013801574707,2.2309303283691406,3.3776180744171143,-0.2669227421283722,0.10777182877063751,1.14693021774292
1781548237327889,168923848,-0.6168740391731262,-0.47351396083831787,0.3246409595012665,-0.5383859276771545,9.048711776733398,2.265876531600952,3.385279417037964,4.632216930389404,0.08878003060817719,1.3917750120162964
1781548237329623,168940515,-0.6164385080337524,-0.47401198744773865,0.3241432011127472,-0.5387462377548218,9.063007354736328,2.388404130935669,3.387497901916504,6.559867858886719,0.6213065385818481,0.9351006150245667
1781548237358056,168957182,-0.6161448359489441,-0.4744069576263428,0.32378461956977844,-0.5389500856399536,9.078094482421875,2.5236635208129883,3.4445717334747314,4.794755935668945,0.2194560468196869,0.4289167523384094
1781548237359398,168973849,-0.616182804107666,-0.47445133328437805,0.3237747251987457,-0.5388734340667725,9.096519470214844,2.5266971588134766,3.4553489685058594,0.3114440441131592,-0.13410809636116028,-0.06973057240247726
1781548237387679,168990516,-0.6164497137069702,-0.47418028116226196,0.32403749227523804,-0.5386491417884827,9.108414649963379,2.4379382133483887,3.4265453815460205,-3.1101629734039307,-0.09398581087589264,0.04813266918063164
1781548237389573,169007183,-0.616613507270813,-0.47399720549583435,0.3242757022380829,-0.538479208946228,9.15844440460205,2.3480091094970703,3.3732588291168213,-2.1881697177886963,-0.36726051568984985,0.3852086365222931
1781548237417779,169023850,-0.6165813207626343,-0.47400397062301636,0.32424238324165344,-0.5385301113128662,9.162846565246582,2.3197288513183594,3.402240514755249,0.7516366839408875,0.3640781044960022,0.7378826141357422
1781548237420529,169040517,-0.6163173913955688,-0.4743049442768097,0.3239293098449707,-0.5387557744979858,9.145524024963379,2.379363536834717,3.428154706954956,4.180677890777588,0.5132337212562561,0.7692710161209106
1781548237447868,169057184,-0.6160566806793213,-0.47464361786842346,0.3235517144203186,-0.5389825701713562,9.11300277709961,2.458115577697754,3.497098684310913,4.570285797119141,0.6579583287239075,0.467937707901001
1781548237478255,169073851,-0.6159946322441101,-0.4748295247554779,0.3233601152896881,-0.5390047430992126,9.061253547668457,2.4774508476257324,3.466491222381592,2.1308679580688477,0.2103763222694397,-0.1881764978170395
1781548237479713,169090518,-0.6160227656364441,-0.4748740792274475,0.3234351575374603,-0.538888156414032,9.097277641296387,2.3954973220825195,3.4453930854797363,-0.058448176831007004,-0.647053599357605,0.07564070075750351
1781548237508814,169107185,-0.6158385872840881,-0.4750940501689911,0.3232656717300415,-0.5390065908432007,9.11752986907959,2.384120225906372,3.4289982318878174,2.806812286376953,0.034032873809337616,0.6687284111976624
1781548237509862,169123852,-0.6154479384422302,-0.4755047857761383,0.32283660769462585,-0.5393475890159607,9.100428581237793,2.4684786796569824,3.4722135066986084,5.74543571472168,0.6941747069358826,1.1046310663223267
1781548237538143,169140519,-0.615223228931427,-0.4756903350353241,0.3225743770599365,-0.5395971536636353,9.068506240844727,2.549903392791748,3.4994564056396484,3.4277024269104004,0.8928138613700867,1.1472375392913818
1781548237540450,169157186,-0.6152602434158325,-0.4755547046661377,0.32265445590019226,-0.5396267175674438,9.058838844299316,2.5241923332214355,3.531348943710327,-0.5452815890312195,0.49694404006004333,1.0776607990264893
1781548237568069,169173853,-0.6154287457466125,-0.4752507209777832,0.3228055536746979,-0.5396117568016052,9.011772155761719,2.4566612243652344,3.497907876968384,-2.0499508380889893,0.9674109220504761,1.0071618556976318
1781548237569835,169190520,-0.6155670285224915,-0.4749389886856079,0.32294195890426636,-0.5396469831466675,8.989028930664062,2.426222562789917,3.4810781478881836,-1.8176310062408447,1.1551777124404907,1.3015925884246826
1781548237597854,169207187,-0.6156960725784302,-0.47468268871307373,0.32301634550094604,-0.5396808385848999,9.007640838623047,2.410543203353882,3.4508039951324463,-1.3250728845596313,1.18686044216156,1.0042418241500854
1781548237628166,169223854,-0.615811824798584,-0.4744583070278168,0.32315483689308167,-0.5396631360054016,9.027582168579102,2.3815829753875732,3.425165891647339,-1.5005583763122559,0.598639190196991,0.9730712175369263
1781548237629562,169240521,-0.6158966422080994,-0.47417399287223816,0.3233449459075928,-0.5397023558616638,9.033720016479492,2.3148443698883057,3.378295660018921,-1.7186378240585327,0.719838559627533,1.6305493116378784
1781548237658292,169257188,-0.6157616376876831,-0.4741896688938141,0.3232870399951935,-0.5398772358894348,9.05877685546875,2.319986581802368,3.3978302478790283,1.4907679557800293,0.610613226890564,1.5453742742538452
1781548237659504,169273855,-0.6154879927635193,-0.4744872450828552,0.3230127990245819,-0.5400920510292053,9.123167991638184,2.389403820037842,3.4197301864624023,4.02479887008667,0.3015575110912323,0.8956440091133118
1781548237688455,169290522,-0.6152635216712952,-0.4747459590435028,0.3228136897087097,-0.5402393937110901,9.127460479736328,2.437098264694214,3.404764175415039,3.274820566177368,0.017948098480701447,0.7607547640800476
1781548237689622,169307189,-0.6151991486549377,-0.4747945964336395,0.3227913975715637,-0.5402832627296448,9.126919746398926,2.438486099243164,3.4826180934906006,0.976887583732605,0.06781602650880814,0.771524965763092
1781548237718827,169323856,-0.615196168422699,-0.4747684895992279,0.32284560799598694,-0.5402771830558777,9.118000984191895,2.4257376194000244,3.4893341064453125,0.06642013043165207,-0.004507834557443857,0.7478971481323242
1781548237721069,169340523,-0.615176796913147,-0.4748024046421051,0.3228428363800049,-0.5402711033821106,9.087085723876953,2.376193046569824,3.436474084854126,0.5835789442062378,-0.023230718448758125,0.48927298188209534
1781548237747923,169357190,-0.6150408983230591,-0.474965363740921,0.3228025734424591,-0.5403066277503967,9.064702033996582,2.357811450958252,3.4469826221466064,1.7418875694274902,-0.4665096700191498,0.6889751553535461
1781548237778018,169373857,-0.6148107647895813,-0.4751702845096588,0.32266631722450256,-0.5404696464538574,9.066779136657715,2.374580144882202,3.4227330684661865,2.8652350902557373,-0.009207765571773052,1.1713392734527588
1781548237782153,169390524,-0.6145885586738586,-0.47537529468536377,0.3224999010562897,-0.5406413078308105,9.043720245361328,2.4006142616271973,3.453155994415283,2.9699652194976807,0.1635691076517105,1.0795561075210571
1781548237808447,169407191,-0.6144648790359497,-0.47548165917396545,0.3224472999572754,-0.5407199263572693,9.061261177062988,2.400808334350586,3.423973321914673,1.6043599843978882,-0.03603706136345863,0.9112805128097534
1781548237810293,169423858,-0.6143900156021118,-0.4755311608314514,0.32236945629119873,-0.5408077836036682,9.066125869750977,2.3842828273773193,3.4276909828186035,1.3174725770950317,0.4206949770450592,0.812364399433136
1781548237837907,169440525,-0.6142416596412659,-0.4757412075996399,0.3221159875392914,-0.5409426689147949,9.067974090576172,2.4158260822296143,3.395124673843384,2.9942078590393066,0.5561861991882324,0.3549087941646576
1781548237839881,169457192,-0.6140000224113464,-0.47612857818603516,0.32182252407073975,-0.5410510301589966,9.05568790435791,2.4764885902404785,3.4218952655792236,4.145933628082275,-0.22567348182201385,0.06837949901819229
1781548237869293,169473859,-0.6139044165611267,-0.4763440787792206,0.32184773683547974,-0.5409546494483948,9.039321899414062,2.4416677951812744,3.451538562774658,1.2997997999191284,-1.2797257900238037,0.0830811858177185
1781548237871775,169490526,-0.6139414310455322,-0.47640588879585266,0.3221437931060791,-0.5406818985939026,9.03128433227539,2.3357653617858887,3.426971197128296,-1.184228777885437,-2.1359710693359375,0.07132496684789658
1781548237897851,169507193,-0.6138594150543213,-0.4768114984035492,0.3222714066505432,-0.540341317653656,8.995640754699707,2.2002785205841064,3.3973300457000732,1.1356606483459473,-3.1885509490966797,-1.0837887525558472
1781548237927736,169523860,-0.6134117841720581,-0.47800666093826294,0.3219049572944641,-0.5400121212005615,9.052993774414062,2.171826124191284,3.3372743129730225,7.523789882659912,-4.8095927238464355,-3.048923969268799
1781548237932338,169540527,-0.612506628036499,-0.4796929359436035,0.3209230601787567,-0.5401285290718079,9.200979232788086,2.3106675148010254,3.2624921798706055,14.375825881958008,-3.5840394496917725,-2.5782272815704346
1781548237957724,169557194,-0.6113391518592834,-0.48123690485954285,0.3196316361427307,-0.5408432483673096,9.176190376281738,2.5307488441467285,3.3311643600463867,17.105566024780273,-0.35912880301475525,0.20604796707630157
1781548237959165,169573861,-0.6102966070175171,-0.48241302371025085,0.31889569759368896,-0.5414069890975952,9.054765701293945,2.656522512435913,3.467698097229004,12.78093147277832,-1.542730689048767,1.7649657726287842
1781548237987613,169590528,-0.6096518039703369,-0.48323801159858704,0.31882569193840027,-0.54143887758255,9.08464527130127,2.606574058532715,3.4740171432495117,6.310964584350586,-3.9301164150238037,1.0199044942855835
1781548237989162,169607195,-0.6091573238372803,-0.48405349254608154,0.31880682706832886,-0.541278064250946,9.105566024780273,2.5133068561553955,3.33439040184021,5.169712543487549,-4.417038440704346,-0.1525108516216278
1781548238017716,169623862,-0.6085208654403687,-0.4850907325744629,0.3186079263687134,-0.5411825776100159,9.11872386932373,2.502807140350342,3.3249292373657227,7.378220558166504,-4.58414888381958,-0.43784916400909424
1781548238019176,169640529,-0.6079209446907043,-0.4859846234321594,0.31850332021713257,-0.5411163568496704,9.114681243896484,2.4874205589294434,3.3735740184783936,6.365710735321045,-4.26811408996582,0.17595288157463074
1781548238047860,169657196,-0.6072961091995239,-0.48667314648628235,0.3185005486011505,-0.5412008762359619,9.119120597839355,2.4489080905914307,3.2243096828460693,5.543811798095703,-3.480151414871216,1.689432978630066
1781548238077851,169673863,-0.6063482761383057,-0.4878268837928772,0.31821689009666443,-0.5413917899131775,9.160737037658691,2.5030171871185303,3.1815147399902344,9.837552070617676,-4.391093730926514,1.373756766319275
1781548238080078,169690530,-0.6057654619216919,-0.48876604437828064,0.31778040528297424,-0.5414533019065857,9.195956230163574,2.538482666015625,3.221971273422241,8.032970428466797,-2.5830283164978027,-0.5568585991859436
1781548238108220,169707197,-0.6053701639175415,-0.489406943321228,0.317398339509964,-0.5415406227111816,9.035601615905762,2.4360320568084717,3.2292325496673584,5.995299339294434,-1.2082407474517822,-0.32023558020591736
1781548238109230,169723864,-0.6044626832008362,-0.490755170583725,0.317003071308136,-0.5415657758712769,9.095293998718262,2.3712821006774902,2.9761555194854736,10.572805404663086,-5.114230632781982,-0.26099351048469543
1781548238138325,169740531,-0.6028743982315063,-0.49329113960266113,0.3159221112728119,-0.5416638255119324,9.351717948913574,2.504783868789673,2.9069201946258545,20.51979637145996,-7.924261569976807,-2.325021982192993
1781548238141263,169757198,-0.6010900139808655,-0.4962569773197174,0.314216673374176,-0.5419298410415649,9.513361930847168,2.523116111755371,3.2380530834198,25.65587615966797,-6.792568683624268,-3.95011568069458
1781548238168294,169773865,-0.5993301868438721,-0.4985605776309967,0.3121308386325836,-0.5429688096046448,9.32205581665039,2.2912721633911133,3.6010310649871826,25.92549705505371,-0.06170114129781723,-0.7139940857887268
1781548238169351,169790532,-0.5974217057228088,-0.5003741979598999,0.3100212812423706,-0.5446098446846008,8.906506538391113,2.093869924545288,3.346231460571289,25.79132652282715,3.607999324798584,3.28991436958313
1781548238197868,169807199,-0.5947474241256714,-0.5035637021064758,0.3069606125354767,-0.5463282465934753,8.72658634185791,2.346409320831299,2.7226614952087402,37.810768127441406,0.9980871081352234,0.2722451388835907
1781548238228387,169823866,-0.5915067195892334,-0.508200466632843,0.30325740575790405,-0.5476197004318237,9.07095718383789,3.0835351943969727,2.654937267303467,47.197566986083984,-4.484793663024902,-4.627047538757324
1781548238229342,169840533,-0.5893521904945374,-0.5116788148880005,0.30045241117477417,-0.5482494831085205,9.688183784484863,3.466642141342163,3.156200647354126,33.927589416503906,-3.8227500915527344,-5.852642059326172
1781548238258234,169857200,-0.5881417393684387,-0.5136743783950806,0.29782217741012573,-0.5491174459457397,9.721136093139648,3.0768120288848877,3.7162322998046875,24.432998657226562,3.8469398021698,-4.767493724822998
1781548238259161,169873867,-0.5864304900169373,-0.5167538523674011,0.2930585741996765,-0.5506194233894348,9.625510215759277,2.704350709915161,3.669372797012329,39.936744689941406,9.594839096069336,-10.066264152526855
1781548238287788,169890534,-0.5834497809410095,-0.5223957896232605,0.28465357422828674,-0.5528666377067566,9.561964988708496,2.9938268661499023,3.2098517417907715,70.06843566894531,14.664984703063965,-20.356830596923828
1781548238289986,169907201,-0.5801224112510681,-0.5291879177093506,0.2735077440738678,-0.5555284023284912,9.67302417755127,3.9958231449127197,2.957225799560547,87.15847778320312,22.099571228027344,-29.4707088470459
1781548238319474,169923868,-0.5775707364082336,-0.535792887210846,0.26247382164001465,-0.5571765899658203,9.592991828918457,4.6056623458862305,3.5462634563446045,81.25492095947266,20.139385223388672,-35.715545654296875
1781548238320632,169940535,-0.5753561854362488,-0.5435491800308228,0.2505449652671814,-0.5574467778205872,9.91032600402832,4.497758388519287,4.784931659698486,85.5274429321289,14.814815521240234,-47.85175323486328
1781548238349244,169957202,-0.575654149055481,-0.5493655204772949,0.23710544407367706,-0.5573158860206604,10.304607391357422,4.453599452972412,4.328153610229492,73.56330108642578,31.05372428894043,-61.37017059326172
1781548238377925,169973869,-0.5770795345306396,-0.5538444519042969,0.2213364690542221,-0.5578942894935608,9.789026260375977,4.921024799346924,2.975961685180664,74.09473419189453,49.91558837890625,-69.5014877319336
1781548238379365,169990536,-0.5779956579208374,-0.5598403215408325,0.20348139107227325,-0.5577592253684998,9.078908920288086,5.865195274353027,3.4220128059387207,88.97087097167969,48.88391876220703,-80.63054656982422
1781548238408181,170007203,-0.5810570120811462,-0.5650538206100464,0.18740390241146088,-0.5549476146697998,9.313982009887695,6.3462395668029785,4.215166091918945,67.04080963134766,37.518009185791016,-91.5538330078125
1781548238410213,170023870,-0.587078869342804,-0.5677493810653687,0.1728566735982895,-0.5505632758140564,9.833002090454102,5.692285060882568,4.0282697677612305,37.61384963989258,38.7162971496582,-99.94036102294922
1781548238438466,170040537,-0.5926852822303772,-0.5704354047775269,0.1556852161884308,-0.5468910336494446,9.730463981628418,4.868128299713135,3.3548312187194824,49.97846221923828,51.631431579589844,-105.72679901123047
1781548238441388,170057204,-0.5946325063705444,-0.5763283967971802,0.13379333913326263,-0.5443869233131409,9.064915657043457,5.433241844177246,3.095100164413452,96.4031982421875,59.477020263671875,-109.15821838378906
1781548238468202,170073871,-0.5962967872619629,-0.5828531980514526,0.11069461703300476,-0.5407952070236206,8.477435111999512,7.101651668548584,3.564100503921509,103.62650299072266,57.4780158996582,-117.91111755371094
1781548238471576,170090538,-0.6026507019996643,-0.5853550434112549,0.09135400503873825,-0.5346270799636841,8.457687377929688,7.882321357727051,4.057613849639893,52.39991760253906,50.27263641357422,-127.78511047363281
1781548238497792,170107205,-0.6136396527290344,-0.5825918316841125,0.07509990781545639,-0.5276299715042114,8.583213806152344,7.049702167510986,3.75435209274292,0.062185779213905334,56.410797119140625,-132.52691650390625
1781548238528850,170123872,-0.6239100694656372,-0.5793985724449158,0.05770963057875633,-0.5212516784667969,8.276779174804688,6.364483833312988,2.8448009490966797,5.566748142242432,64.87364196777344,-131.63949584960938
1781548238529954,170140539,-0.6314043998718262,-0.5786025524139404,0.03711169585585594,-0.5149471759796143,7.665764331817627,6.914830207824707,2.9838578701019287,38.43602752685547,69.23692321777344,-135.10699462890625
1781548238558736,170157206,-0.6393036842346191,-0.576858639717102,0.01625555008649826,-0.5081936120986938,6.92941427230835,7.6616129875183105,3.748983383178711,33.50970458984375,72.03302001953125,-139.27674865722656
1781548238560403,170173873,-0.6489329934120178,-0.572942852973938,-0.0013017342425882816,-0.5006205439567566,6.505834579467773,7.70687198638916,3.5171058177948,5.481784820556641,62.06357192993164,-135.59510803222656
1781548238587808,170190540,-0.6602855920791626,-0.5661727786064148,-0.017344888299703598,-0.49312320351600647,6.526749610900879,7.269172668457031,3.1201131343841553,-19.25540542602539,65.4159927368164,-135.250732421875
1781548238590486,170207207,-0.6718666553497314,-0.5576341152191162,-0.03373325243592262,-0.48631420731544495,6.120241165161133,6.669727802276611,2.957288980484009,-27.086341857910156,75.63360595703125,-134.4576416015625
1781548238618374,170223874,-0.6798185110092163,-0.5526118278503418,-0.05205311253666878,-0.47933030128479004,5.29426908493042,6.573394298553467,3.0655524730682373,9.571581840515137,72.9702377319336,-129.7217254638672
1781548238620511,170240541,-0.6855009198188782,-0.5497826933860779,-0.07092239707708359,-0.4720143675804138,4.845770835876465,7.591612339019775,2.99564266204834,30.375877380371094,67.86198425292969,-125.0980453491211
1781548238647872,170257208,-0.6930985450744629,-0.5443891882896423,-0.08712328225374222,-0.46439704298973083,4.509734153747559,8.219590187072754,3.0711867809295654,2.535079002380371,61.53447341918945,-123.89797973632812
1781548238678327,170273875,-0.7032076120376587,-0.5349327325820923,-0.10042166709899902,-0.4574512243270874,4.334604740142822,7.0272417068481445,3.766977071762085,-35.900146484375,61.68593978881836,-120.2878189086914
1781548238679991,170290542,-0.7111752033233643,-0.5250159502029419,-0.11343084275722504,-0.4535656273365021,3.925945281982422,5.783185958862305,3.014765501022339,-33.27071762084961,74.46998596191406,-98.01024627685547
1781548238708234,170307209,-0.7146797776222229,-0.5194618105888367,-0.127217635512352,-0.4507860839366913,2.9449307918548584,6.143429756164551,2.2557947635650635,5.735827922821045,72.13980865478516,-78.08905029296875
1781548238709951,170323876,-0.7170884609222412,-0.5182839632034302,-0.13741818070411682,-0.44528892636299133,2.3989670276641846,7.028624534606934,2.562931776046753,22.413957595825195,32.20639419555664,-71.40997314453125
1781548238739182,170340543,-0.7227470874786377,-0.5166866183280945,-0.14168812334537506,-0.43657350540161133,2.3136448860168457,7.251873970031738,3.878164768218994,-6.353427886962891,-10.286840438842773,-76.49036407470703
1781548238740336,170357210,-0.7328341007232666,-0.5104847550392151,-0.14050476253032684,-0.4273386001586914,2.9266340732574463,5.504556179046631,5.492152214050293,-60.82827377319336,-29.72515869140625,-77.47821807861328
1781548238768297,170373877,-0.7383570671081543,-0.5046819448471069,-0.1441170871257782,-0.4235035479068756,2.846515417098999,3.8900599479675293,4.235933303833008,-33.91913986206055,16.62781524658203,-53.307987213134766
1781548238770569,170390544,-0.7342159152030945,-0.5083634853363037,-0.15383365750312805,-0.42288175225257874,1.052492380142212,4.882168769836426,3.07135272026062,62.356082916259766,40.727989196777344,-20.64206886291504
1781548238798280,170407211,-0.7263396978378296,-0.5184930562973022,-0.16114196181297302,-0.42146065831184387,0.6890207529067993,7.118038177490234,4.096107006072998,101.80757904052734,10.979001998901367,1.4207825660705566
1781548238827998,170423878,-0.7223421335220337,-0.5235409140586853,-0.1641237884759903,-0.42093998193740845,1.8697125911712646,8.714624404907227,4.936704635620117,49.06663513183594,3.0102155208587646,4.472508430480957
1781548238830543,170440545,-0.7226048111915588,-0.5220881104469299,-0.1638926863670349,-0.42238083481788635,2.4059929847717285,8.458443641662598,4.154099464416504,-10.063928604125977,8.120006561279297,6.1140828132629395
1781548238857992,170457212,-0.7229739427566528,-0.5198395252227783,-0.16291561722755432,-0.42489326000213623,2.5376267433166504,7.950584888458252,3.3293113708496094,-17.773765563964844,10.452288627624512,12.908731460571289
1781548238888110,170473879,-0.7232667207717896,-0.5170102119445801,-0.16063663363456726,-0.42869770526885986,2.2346303462982178,7.963953971862793,3.555793046951294,-25.638317108154297,10.381073951721191,23.55541229248047
1781548238890226,170490546,-0.7241405844688416,-0.5133209824562073,-0.15603283047676086,-0.4333312213420868,1.647534728050232,7.77311897277832,3.8256759643554688,-39.748374938964844,3.6596853733062744,33.27970504760742
1781548238891460,170507213,-0.7239828705787659,-0.5116662383079529,-0.15115177631378174,-0.4372641444206238,1.4531031847000122,7.391390323638916,3.7431423664093018,-26.052305221557617,-5.148483753204346,36.02604675292969
1781548238918881,170523880,-0.7207074761390686,-0.5145566463470459,-0.14848962426185608,-0.440185546875,1.9923949241638184,7.676896095275879,3.7002570629119873,15.261652946472168,-8.087014198303223,37.281890869140625
1781548238919503,170540547,-0.7167639136314392,-0.5182510018348694,-0.14570623636245728,-0.4432101547718048,2.3511574268341064,7.975180149078369,4.061600208282471,21.136592864990234,-10.074105262756348,41.065006256103516
1781548238947865,170557214,-0.7126770615577698,-0.5221874117851257,-0.1409032642841339,-0.44671928882598877,2.529421091079712,7.70127010345459,4.134201526641846,16.201082229614258,-18.89421844482422,51.32825469970703
1781548238978333,170573881,-0.7081944346427917,-0.526411771774292,-0.1363808810710907,-0.45027968287467957,2.542487859725952,7.650580406188965,3.9260120391845703,19.84488868713379,-17.836015701293945,52.06618118286133
1781548238979504,170590548,-0.7030682563781738,-0.5319054126739502,-0.13194642961025238,-0.4531688094139099,2.9706525802612305,8.029960632324219,3.7526400089263916,29.256336212158203,-23.163497924804688,51.661407470703125
1781548239008195,170607215,-0.6974316239356995,-0.5378678441047668,-0.12655961513519287,-0.4563664197921753,3.476585865020752,8.637457847595215,3.6412315368652344,30.14323616027832,-27.63640594482422,58.65196990966797
1781548239009589,170623882,-0.6925767660140991,-0.5417014360427856,-0.12052121013402939,-0.4608381688594818,3.211540460586548,9.039159774780273,3.926448106765747,13.889920234680176,-20.048763275146484,62.864864349365234
1781548239038353,170640549,-0.6897822618484497,-0.5429906845092773,-0.11365099251270294,-0.46523672342300415,3.077895402908325,9.093860626220703,4.543984889984131,-8.474198341369629,-17.928937911987305,56.977725982666016
1781548239039783,170657216,-0.6896323561668396,-0.541409969329834,-0.1062004491686821,-0.4690461754798889,3.7948312759399414,8.64368724822998,4.483626842498779,-33.35423278808594,-15.766511917114258,45.64894104003906
1781548239068601,170673883,-0.6916012763977051,-0.5367690324783325,-0.09688296914100647,-0.47347715497016907,4.448019027709961,7.7514424324035645,3.9570200443267822,-62.22557830810547,-13.985148429870605,46.477787017822266
1781548239069927,170690550,-0.6926125884056091,-0.5325037240982056,-0.08489934355020523,-0.47908255457878113,4.351579189300537,6.687918186187744,3.6041464805603027,-66.36778259277344,-22.913387298583984,65.2683334350586
1781548239098287,170707217,-0.6898691654205322,-0.5328220129013062,-0.07411707937717438,-0.4844462275505066,3.793813943862915,6.158629417419434,3.7062909603118896,-26.694007873535156,-30.983774185180664,74.75933837890625
1781548239128505,170723884,-0.6839442253112793,-0.5379024147987366,-0.06645741313695908,-0.4883290231227875,3.672776699066162,6.556309223175049,3.7888472080230713,18.704668045043945,-35.83757781982422,69.31835174560547
1781548239130530,170740551,-0.6756674647331238,-0.5455625653266907,-0.06036856397986412,-0.492128849029541,4.408096790313721,7.464840412139893,3.5742979049682617,44.846248626708984,-36.34588623046875,72.19316101074219
1781548239159202,170757218,-0.6681773066520691,-0.5510286688804626,-0.05254199355840683,-0.4971379339694977,5.31290864944458,8.146913528442383,3.4692211151123047,25.320674896240234,-32.784706115722656,80.75709533691406
1781548239160249,170773885,-0.6636615991592407,-0.5520762801170349,-0.03969123959541321,-0.5031799674034119,5.687775135040283,7.932564735412598,3.676647663116455,-23.794382095336914,-37.923397064208984,92.77469635009766
1781548239218699,170790552,-0.6610239744186401,-0.5511414408683777,-0.023241467773914337,-0.5086750388145447,5.0686869621276855,6.843703746795654,4.271327495574951,-52.27296829223633,-50.07680892944336,96.9013671875
1781548239220716,170807219,-0.6572099328041077,-0.5525999069213867,-0.00859326496720314,-0.5124792456626892,4.855656147003174,5.777546405792236,4.179372310638428,-30.365034103393555,-56.47953414916992,86.88407135009766
1781548239222722,170823886,-0.6480242013931274,-0.5612046122550964,-4.4248066842556e-05,-0.514892578125,6.2309346199035645,6.059179306030273,3.8413827419281006,43.910709381103516,-59.067352294921875,76.77438354492188
1781548239248051,170840553,-0.6368983387947083,-0.5716415643692017,0.005230257753282785,-0.5172613263130188,7.602181434631348,7.232924461364746,4.0874409675598145,71.15399169921875,-51.1356315612793,70.80783081054688
1781548239249073,170857220,-0.630260705947876,-0.575965166091919,0.013611078262329102,-0.5204329490661621,7.854477882385254,7.64150333404541,3.978653907775879,15.72387981414795,-39.677650451660156,70.7867431640625
1781548239277957,170873887,-0.6264489889144897,-0.5762569308280945,0.026221679523587227,-0.5242156982421875,7.438873767852783,7.279259204864502,3.347944736480713,-28.01664161682129,-40.89631652832031,80.44876098632812
1781548239279641,170890554,-0.6217284798622131,-0.5764427781105042,0.04147951677441597,-0.5286273956298828,7.055051326751709,7.171271324157715,3.135500431060791,-34.30088424682617,-49.5894775390625,96.94100952148438
1781548239308320,170907221,-0.6184332370758057,-0.5748263001441956,0.058372754603624344,-0.5326424837112427,6.24205207824707,6.927377223968506,3.3019790649414062,-53.712440490722656,-51.19470977783203,97.06099700927734
1781548239309751,170923888,-0.6153990626335144,-0.574523389339447,0.07567276805639267,-0.5343039035797119,6.129237651824951,5.803966522216797,3.1409013271331787,-51.594459533691406,-66.93292999267578,87.17791748046875
1781548239339101,170940555,-0.6060062050819397,-0.5808603763580322,0.08697759360074997,-0.5364634394645691,7.3539252281188965,5.425586223602295,2.575932741165161,23.902565002441406,-67.29936981201172,85.50718688964844
1781548239343392,170957222,-0.5954577326774597,-0.5866563320159912,0.0950961485505104,-0.5405750870704651,8.64626693725586,6.922788143157959,2.674065589904785,39.18368148803711,-44.92143249511719,85.5010757446289
1781548239368510,170973889,-0.5925477147102356,-0.5846447348594666,0.10927455127239227,-0.5432652235031128,8.736231803894043,7.388638973236084,3.331611156463623,-47.046138763427734,-41.45160675048828,80.83734130859375
1781548239370091,170990556,-0.5938433408737183,-0.5793765783309937,0.12596789002418518,-0.5438797473907471,7.797427654266357,5.8363142013549805,3.098233461380005,-88.17610931396484,-44.717708587646484,69.2294692993164
1781548239398456,171007223,-0.5896481275558472,-0.5811176896095276,0.13716252148151398,-0.5438787937164307,7.531264305114746,4.6580939292907715,2.4898033142089844,-17.65291976928711,-55.68394088745117,59.272552490234375
1781548239428484,171023890,-0.579653263092041,-0.5883181095123291,0.1432560831308365,-0.5453091263771057,8.816120147705078,5.310503005981445,2.429664373397827,48.077415466308594,-55.16939163208008,61.232688903808594
1781548239431818,171040557,-0.5699456930160522,-0.5934403538703918,0.14995375275611877,-0.5481829643249512,9.51838493347168,6.174179553985596,2.4882588386535645,37.78935623168945,-43.66183090209961,70.3980941772461
1781548239458914,171057224,-0.5636019110679626,-0.594813883304596,0.1593106985092163,-0.5506083965301514,9.100713729858398,6.600694179534912,2.270179271697998,-1.1123080253601074,-38.31477355957031,70.67724609375
1781548239460446,171073891,-0.5621242523193359,-0.5929981470108032,0.16971036791801453,-0.5509701371192932,8.509504318237305,6.374778747558594,2.820173740386963,-39.58026123046875,-33.390655517578125,52.01750946044922
1781548239488246,171090558,-0.5627243518829346,-0.5903217792510986,0.18117354810237885,-0.5495797395706177,8.43885612487793,5.479181289672852,3.4835894107818604,-57.45173263549805,-38.96046829223633,42.717254638671875
1781548239489819,171107225,-0.5619212985038757,-0.5884177088737488,0.19179004430770874,-0.5488402843475342,8.814894676208496,4.389880657196045,3.399972677230835,-44.75778579711914,-37.71050262451172,46.140743255615234
1781548239519694,171123892,-0.5600857734680176,-0.5862582325935364,0.2010844498872757,-0.5497003197669983,9.177356719970703,4.131556987762451,2.4536492824554443,-34.468528747558594,-26.530563354492188,51.20323944091797
1781548239520455,171140559,-0.5584485530853271,-0.5848699808120728,0.209430530667305,-0.5497284531593323,9.345702171325684,4.274431228637695,1.7680251598358154,-29.86421012878418,-28.872798919677734,42.3604736328125
1781548239547871,171157226,-0.5563476085662842,-0.5853908658027649,0.2146899700164795,-0.5492750406265259,9.378046989440918,4.677978038787842,1.7080187797546387,-9.696290969848633,-26.839567184448242,27.102529525756836
1781548239579021,171173893,-0.5519678592681885,-0.5893791317939758,0.2167450338602066,-0.5486217737197876,9.088091850280762,5.259120464324951,2.8200809955596924,24.5440673828125,-31.84423065185547,16.929092407226562
1781548239580374,171190560,-0.5499534606933594,-0.5912868976593018,0.21999387443065643,-0.5472970604896545,9.241596221923828,5.656498432159424,3.544128656387329,1.5603116750717163,-27.724292755126953,13.398272514343262
1781548239608799,171207227,-0.5533967614173889,-0.5875006318092346,0.2267855703830719,-0.5451270937919617,9.101788520812988,5.08256721496582,2.6077020168304443,-56.76771545410156,-14.877402305603027,12.682896614074707
1781548239610680,171223894,-0.5573071241378784,-0.5835315585136414,0.23371689021587372,-0.5424724817276001,9.097618103027344,4.187922954559326,1.7449910640716553,-60.627620697021484,-15.954283714294434,9.938704490661621
1781548239639218,171240561,-0.5580008625984192,-0.5831257700920105,0.2364896833896637,-0.5409919023513794,9.23000717163086,4.1780500411987305,1.9884227514266968,-16.672561645507812,-13.767461776733398,4.024933815002441
1781548239640347,171257228,-0.5581461787223816,-0.5836076140403748,0.23758558928966522,-0.5398409962654114,9.120609283447266,4.9503045082092285,2.9375741481781006,-4.295891761779785,-10.205703735351562,-0.8375611901283264
1781548239668684,171273895,-0.5618196129798889,-0.5811561942100525,0.2413659542798996,-0.5369905829429626,9.26702880859375,5.148900508880615,3.219998598098755,-42.44786834716797,-10.677416801452637,-4.889625549316406
1781548239670764,171290562,-0.5681633949279785,-0.5763843059539795,0.24691033363342285,-0.5329229831695557,9.539093971252441,4.34377908706665,2.202991485595703,-70.6148910522461,-9.358460426330566,-8.550224304199219
1781548239698106,171307229,-0.5731213688850403,-0.5730081796646118,0.250163733959198,-0.52972811460495,9.354304313659668,3.617398262023926,1.5826199054718018,-49.79440689086914,-4.4166951179504395,-11.511490821838379
1781548239728349,171323896,-0.5752410292625427,-0.5724341869354248,0.25040245056152344,-0.5279352068901062,8.926608085632324,3.6082003116607666,1.9550334215164185,-14.179298400878906,-2.100487232208252,-12.346810340881348
1781548239729329,171340563,-0.5756052732467651,-0.5736476182937622,0.24993208050727844,-0.5264419913291931,8.709510803222656,4.177359580993652,2.516331672668457,2.8887619972229004,-7.626314163208008,-10.658577919006348
1781548239758005,171357230,-0.5767885446548462,-0.5740387439727783,0.25114959478378296,-0.5241361260414124,8.83983039855957,4.403763771057129,2.884920358657837,-11.10118579864502,-13.127986907958984,-8.768326759338379
1781548239759541,171373897,-0.5806960463523865,-0.5711535215377808,0.2548900544643402,-0.5211594104766846,9.081130027770996,3.849954605102539,2.7211081981658936,-45.094749450683594,-9.272046089172363,-5.630751132965088
1781548239787931,171390564,-0.5857946872711182,-0.566125750541687,0.25943586230278015,-0.5186901092529297,9.132391929626465,3.1733434200286865,2.1878628730773926,-60.324710845947266,-0.7307780385017395,-0.9564032554626465
1781548239817837,171407231,-0.5895189046859741,-0.5617965459823608,0.263069212436676,-0.5173459053039551,9.12056827545166,2.9052934646606445,2.16045880317688,-46.89920425415039,2.381378650665283,3.6772377490997314
1781548239819998,171423898,-0.5921921133995056,-0.5579736828804016,0.2647300064563751,-0.5175831913948059,9.195093154907227,3.100311517715454,2.796093702316284,-30.910131454467773,12.783305168151855,5.288717269897461
1781548239821664,171440565,-0.5958945751190186,-0.5528773665428162,0.2651626765727997,-0.5185800790786743,9.147541999816895,3.4598140716552734,3.3711965084075928,-34.29109191894531,27.10207748413086,2.323683023452759
1781548239847797,171457232,-0.6008480191230774,-0.5466389060020447,0.26728129386901855,-0.5183905363082886,8.83320140838623,3.4857006072998047,3.047112464904785,-51.89784622192383,22.036725997924805,1.4927566051483154
1781548239877887,171473899,-0.6055759787559509,-0.5401279330253601,0.2706694006919861,-0.5179555416107178,9.027017593383789,3.2543654441833496,2.570502996444702,-57.15221405029297,16.425777435302734,6.553316116333008
1781548239879919,171490566,-0.6087321639060974,-0.5351627469062805,0.27169620990753174,-0.518871545791626,9.146380424499512,3.4501688480377197,2.552980899810791,-33.95481872558594,22.84454345703125,6.129508018493652
1781548239938933,171507233,-0.610047459602356,-0.5328461527824402,0.2724038064479828,-0.5193396210670471,8.756887435913086,3.9001307487487793,2.5011653900146484,-15.794692993164062,9.646081924438477,4.698879718780518
1781548239940051,171523900,-0.6115825176239014,-0.5297918319702148,0.27608993649482727,-0.5187119245529175,8.633304595947266,3.7025856971740723,2.6821188926696777,-32.382659912109375,-3.8156676292419434,11.611597061157227
1781548239942207,171540567,-0.6137832999229431,-0.5252999663352966,0.2804155945777893,-0.518360435962677,8.693299293518066,2.9853057861328125,2.8367159366607666,-42.60896682739258,0.8922439217567444,15.45767593383789
1781548239968334,171557234,-0.6137745976448059,-0.5237731337547302,0.28202804923057556,-0.5190401077270508,8.718341827392578,2.5546417236328125,2.645336151123047,-10.457737922668457,1.2396364212036133,12.166790962219238
1781548239997788,171573901,-0.6104461550712585,-0.5269917845726013,0.27948251366615295,-0.5210803151130676,8.91996955871582,3.11539888381958,2.5607616901397705,38.99935531616211,0.3136228024959564,5.578571796417236
1781548239999205,171590568,-0.6064940094947815,-0.5314969420433044,0.2753336429595947,-0.5233234763145447,8.949431419372559,4.211073398590088,2.874189615249634,52.79197692871094,1.9715633392333984,0.3825102746486664
1781548240001233,171607235,-0.6050407290458679,-0.5330870151519775,0.2735636234283447,-0.5243158936500549,8.785765647888184,4.803214073181152,3.167234420776367,20.577985763549805,2.700024366378784,0.3890382945537567
1781548240057878,171623902,-0.6063371300697327,-0.5312153697013855,0.27527540922164917,-0.5238216519355774,8.666892051696777,4.529387474060059,3.1669957637786865,-19.249248504638672,0.4179933965206146,3.5669891834259033
1781548240059583,171640569,-0.6087943911552429,-0.5277603268623352,0.27892252802848816,-0.5225330591201782,8.815180778503418,3.7832577228546143,2.957458019256592,-38.56366729736328,-2.6526827812194824,6.1412858963012695
1781548240062546,171657236,-0.6109262108802795,-0.5247564315795898,0.2820177674293518,-0.5214076042175293,8.924592018127441,3.1518101692199707,2.682831287384033,-33.19837951660156,-1.9952120780944824,5.125897407531738
1781548240088985,171673903,-0.6114886999130249,-0.5240238904953003,0.283459335565567,-0.5207028388977051,8.957378387451172,3.0786995887756348,2.583106756210327,-11.25160026550293,-4.717644214630127,2.1480422019958496
1781548240118040,171690570,-0.6117061972618103,-0.5237569808959961,0.2843891680240631,-0.5202086567878723,8.986456871032715,3.344587802886963,2.6682045459747314,-5.808870792388916,-4.1450700759887695,1.5165857076644897
1781548240119554,171707237,-0.6122404932975769,-0.522652268409729,0.28595271706581116,-0.5198338627815247,8.89724063873291,3.4484124183654785,2.652247905731201,-12.50728988647461,-2.763996124267578,4.805130958557129
1781548240121189,171723904,-0.6125752925872803,-0.5215696692466736,0.28772297501564026,-0.5195499062538147,8.772603988647461,3.2655892372131348,2.7416138648986816,-12.257184028625488,-3.778644323348999,6.5998148918151855
1781548240147559,171740571,-0.6120927929878235,-0.5213706493377686,0.28884246945381165,-0.5196972489356995,8.67470645904541,3.105039119720459,2.960139036178589,-2.4275848865509033,-4.263350009918213,7.254497528076172
1781548240149547,171757238,-0.6108096241950989,-0.522114098072052,0.2891524136066437,-0.5202880501747131,8.619616508483887,3.1836459636688232,3.167587995529175,8.182408332824707,-4.225572109222412,7.207243919372559
1781548240178218,171773905,-0.6096779704093933,-0.5230627059936523,0.28923261165618896,-0.5206177234649658,8.915426254272461,3.38429856300354,3.2672793865203857,8.803619384765625,-4.6318278312683105,4.33632755279541
1781548240179429,171790572,-0.6091734170913696,-0.5236228108406067,0.28912022709846497,-0.5207076668739319,9.250638961791992,3.4891607761383057,3.23050856590271,5.132997035980225,-2.0492465496063232,1.1673182249069214
1781548240208880,171807239,-0.609152615070343,-0.5235724449157715,0.2887222170829773,-0.5210033655166626,9.298954010009766,3.535431385040283,3.1714963912963867,2.2659494876861572,3.0346381664276123,0.48235762119293213
1781548240209848,171823906,-0.6095607280731201,-0.5228288769721985,0.2887457013130188,-0.5212597846984863,9.14450454711914,3.4673912525177,3.0363657474517822,-3.769279956817627,4.461994647979736,1.6743853092193604
1781548240238836,171840573,-0.6101365089416504,-0.521774411201477,0.28929558396339417,-0.5213379263877869,9.129051208496094,3.291409730911255,2.9081943035125732,-7.915887832641602,3.062696695327759,2.8358068466186523
1781548240241359,171857240,-0.6105343103408813,-0.5209511518478394,0.2895839214324951,-0.5215352773666382,9.096756935119629,3.2493844032287598,2.828261613845825,-5.132465362548828,3.4043829441070557,2.5751588344573975
1781548240268533,171873907,-0.6108973622322083,-0.5202459692955017,0.2895148992538452,-0.5218523144721985,8.93404769897461,3.3548598289489746,2.8629133701324463,-2.993164300918579,4.840704441070557,1.687242865562439
1781548240270125,171890574,-0.6114558577537537,-0.5193761587142944,0.28963160514831543,-0.5219999551773071,8.748849868774414,3.4315505027770996,2.913619041442871,-5.3875813484191895,4.4342570304870605,1.2659270763397217
1781548240297976,171907241,-0.612252950668335,-0.5183231234550476,0.2901590168476105,-0.5218192934989929,8.738675117492676,3.337744951248169,2.9932761192321777,-9.136717796325684,2.668299436569214,0.8622580766677856
1781548240328692,171923908,-0.6130856871604919,-0.5173971652984619,0.29078689217567444,-0.5214109420776367,8.874241828918457,3.145763635635376,2.90183424949646,-9.54393482208252,1.0485906600952148,-0.11966255307197571
1781548240330736,171940575,-0.6133192777633667,-0.5172548890113831,0.2906303405761719,-0.5213646292686462,8.940834999084473,2.983236789703369,2.8655083179473877,-0.5725078582763672,1.6358253955841064,-0.8035855889320374
1781548240357922,171957242,-0.6126154661178589,-0.5182576775550842,0.2895747125148773,-0.521783709526062,8.95432186126709,3.071279287338257,2.8761675357818604,11.741129875183105,1.1047083139419556,-0.9668158292770386
1781548240359408,171973909,-0.6115162372589111,-0.519641637802124,0.28832584619522095,-0.5223875641822815,8.946069717407227,3.29362416267395,2.9359819889068604,15.818514823913574,0.4227828085422516,-0.2176312953233719
1781548240389789,171990576,-0.6106318235397339,-0.5207429528236389,0.28745347261428833,-0.5228059887886047,8.96218490600586,3.479726791381836,2.8999829292297363,12.141725540161133,-0.3811555504798889,0.1368679255247116
1781548240390981,172007243,-0.6101301908493042,-0.521331250667572,0.2870499789714813,-0.5230271816253662,8.947229385375977,3.57389497756958,2.902155876159668,6.542399883270264,-0.4550352692604065,0.6259936094284058
1781548240418846,172023910,-0.6100159287452698,-0.5215255618095398,0.28695163130760193,-0.5230208039283752,8.921012878417969,3.6221935749053955,2.897707223892212,1.955535888671875,-0.3703339993953705,0.14975105226039886
1781548240420124,172040577,-0.6101970672607422,-0.5215134620666504,0.2872260808944702,-0.522670567035675,8.877339363098145,3.551192045211792,2.856165647506714,-1.9899017810821533,-1.8413481712341309,-0.6104146242141724
1781548240448311,172057244,-0.6106131672859192,-0.5212327837944031,0.2880355417728424,-0.5220187306404114,8.894279479980469,3.4000887870788574,2.8767991065979004,-6.47759485244751,-3.7378158569335938,-0.27100807428359985
1781548240479095,172073911,-0.6108909845352173,-0.5210464000701904,0.2887769937515259,-0.5214699506759644,8.91703987121582,3.225146770477295,2.8522756099700928,-5.137382984161377,-3.6960411071777344,0.2278185933828354
1781548240480042,172090578,-0.6106034517288208,-0.52149498462677,0.2889065146446228,-0.5212863087654114,8.892122268676758,3.1842727661132812,2.8957736492156982,2.473386764526367,-3.2166481018066406,0.3347388207912445
1781548240507679,172107245,-0.6097615361213684,-0.5226186513900757,0.28857457637786865,-0.5213304758071899,8.874798774719238,3.3009676933288574,2.8914124965667725,9.401881217956543,-3.9822769165039062,0.2832445502281189
1781548240509404,172123912,-0.6087144613265991,-0.5240148901939392,0.28830793499946594,-0.5213001370429993,8.904380798339844,3.441467761993408,2.8818507194519043,10.900009155273438,-5.908251762390137,0.3998720943927765
1781548240538354,172140579,-0.607851505279541,-0.5251257419586182,0.288347452878952,-0.521167516708374,8.970346450805664,3.5238096714019775,2.934722661972046,7.741690635681152,-6.170318603515625,0.9798333644866943
1781548240539837,172157246,-0.6073549389839172,-0.5257430076599121,0.2886468172073364,-0.5209581851959229,8.99262523651123,3.5317583084106445,2.958483934402466,3.2729380130767822,-5.038363933563232,1.2638649940490723
1781548240568818,172173913,-0.6070425510406494,-0.5260583162307739,0.2891085743904114,-0.5207478404045105,9.018997192382812,3.478419065475464,2.9303388595581055,0.7628551125526428,-4.273159503936768,1.786710262298584
1781548240569458,172190580,-0.6067317128181458,-0.5263579487800598,0.28948137164115906,-0.520599901676178,9.017831802368164,3.451849937438965,2.9081993103027344,1.1339830160140991,-3.616884469985962,1.7516460418701172
1781548240598009,172207247,-0.6064682006835938,-0.52657550573349,0.28990447521209717,-0.5204516649246216,8.962135314941406,3.45511794090271,2.9003822803497314,0.4401991367340088,-3.440554618835449,1.9260945320129395
1781548240627909,172223914,-0.6064409017562866,-0.5265105962753296,0.29047346115112305,-0.5202318429946899,8.894110679626465,3.419191360473633,2.9330790042877197,-2.2578623294830322,-2.8264899253845215,1.8740111589431763
1781548240630041,172240581,-0.6065404415130615,-0.5262325406074524,0.29130399227142334,-0.519932746887207,8.85237979888916,3.358496904373169,2.900287628173828,-4.699098110198975,-3.1884868144989014,2.4623091220855713
1781548240657697,172257248,-0.6065269112586975,-0.5260017514228821,0.2919817864894867,-0.519801914691925,8.907980918884277,3.243403434753418,2.8525733947753906,-3.2107696533203125,-2.338247299194336,2.920609712600708
1781548240659590,172273915,-0.6061936020851135,-0.52615886926651,0.2921433746814728,-0.5199407935142517,8.980463027954102,3.2318921089172363,2.8531341552734375,1.9505927562713623,-1.2389628887176514,2.5425660610198975
1781548240688703,172290582,-0.6057215332984924,-0.5264975428581238,0.29205548763275146,-0.5201975703239441,9.003870010375977,3.334824562072754,2.7996931076049805,4.337952613830566,-0.700712263584137,2.262709140777588
1781548240690254,172307249,-0.6054275631904602,-0.5266746282577515,0.29209911823272705,-0.5203359127044678,9.012505531311035,3.397268295288086,2.786261796951294,2.312269926071167,-0.7413212060928345,1.9335476160049438
1781548240717721,172323916,-0.6053404808044434,-0.5266477465629578,0.2922978103160858,-0.520352840423584,9.021037101745605,3.3868813514709473,2.7717673778533936,-0.0850725919008255,-0.6810801029205322,1.6588001251220703
1781548240719682,172340583,-0.6052125096321106,-0.526723325252533,0.2923494875431061,-0.5203961730003357,9.036483764648438,3.3701698780059814,2.7549233436584473,1.0693109035491943,-0.42294248938560486,1.177025318145752
1781548240747994,172357250,-0.6051080226898193,-0.5267751216888428,0.29238808155059814,-0.5204436182975769,8.998601913452148,3.357253313064575,2.7641215324401855,0.9396210312843323,-0.22060216963291168,1.11053466796875
1781548240778130,172373917,-0.6051336526870728,-0.5266329646110535,0.29260769486427307,-0.5204343199729919,8.98437786102295,3.335881471633911,2.7498862743377686,-1.1001421213150024,-0.22352199256420135,1.454461693763733
1781548240809177,172390584,-0.6052338480949402,-0.5264537930488586,0.29278382658958435,-0.5204001665115356,8.977468490600586,3.2992255687713623,2.747962236404419,-1.4183162450790405,0.14977668225765228,1.0017319917678833
1781548240809672,172407251,-0.6051883697509766,-0.5265283584594727,0.2928704619407654,-0.5203285813331604,8.971179962158203,3.2871620655059814,2.7048959732055664,0.40890029072761536,-0.8149704337120056,0.5317131280899048
1781548240811484,172423918,-0.6051534414291382,-0.5266326665878296,0.29294508695602417,-0.5202218294143677,8.99339485168457,3.2956957817077637,2.7176766395568848,0.46641361713409424,-0.9769067168235779,0.24408259987831116
1781548240838020,172440585,-0.6052556037902832,-0.5266109704971313,0.29300379753112793,-0.5200918316841125,8.99743366241455,3.288455009460449,2.7601704597473145,-0.5440905690193176,-0.2680240869522095,-0.1465814858675003
1781548240840120,172457252,-0.6053759455680847,-0.5266183614730835,0.29298216104507446,-0.5199564099311829,8.985560417175293,3.2663073539733887,2.7146096229553223,-0.21220119297504425,-0.02084873430430889,-0.5837134122848511
1781548240869032,172473919,-0.6052236557006836,-0.5269766449928284,0.2927902638912201,-0.5198789834976196,9.001306533813477,3.270954132080078,2.680990695953369,2.960834264755249,-0.9055883288383484,-0.6906720399856567
1781548240871533,172490586,-0.604897141456604,-0.5275426506996155,0.29250288009643555,-0.519846498966217,9.01202392578125,3.3028805255889893,2.757289409637451,4.888882160186768,-1.4385629892349243,-0.6454272866249084
1781548240898098,172507253,-0.6046134233474731,-0.5280532836914062,0.2922244668006897,-0.5198147892951965,9.018645286560059,3.345223903656006,2.7963950634002686,4.472381591796875,-1.1888136863708496,-0.6515359878540039
1781548240928587,172523920,-0.6044787168502808,-0.5284168720245361,0.29194375872612,-0.5197595357894897,9.012284278869629,3.3577232360839844,2.7752525806427,3.2808778285980225,-0.4395138919353485,-0.9944258332252502
1781548240930223,172540587,-0.6044141054153442,-0.5287747383117676,0.29163119196891785,-0.5196462273597717,9.00318431854248,3.3936734199523926,2.7973380088806152,3.000264883041382,-0.35784780979156494,-1.5902796983718872
1781548240958042,172557254,-0.6044477820396423,-0.5290380120277405,0.2913561463356018,-0.5194934606552124,8.995713233947754,3.396789312362671,2.7901124954223633,2.0361008644104004,-0.12242870032787323,-1.7793397903442383
1781548240959692,172573921,-0.6045264005661011,-0.5292327404022217,0.29113760590553284,-0.5193260312080383,8.990158081054688,3.370792865753174,2.8008415699005127,1.3568775653839111,-0.07501959800720215,-1.6578075885772705
1781548240987657,172590588,-0.6046031713485718,-0.5293746590614319,0.2909133732318878,-0.5192176103591919,9.019079208374023,3.377347707748413,2.819507360458374,1.2828950881958008,0.3483518660068512,-1.321128487586975
1781548240990016,172607255,-0.6046066880226135,-0.5295432209968567,0.2905646860599518,-0.5192368626594543,9.000750541687012,3.4080984592437744,2.800246238708496,2.360344886779785,1.0884308815002441,-1.0345737934112549
1781548241018049,172623922,-0.6045535206794739,-0.5297204852104187,0.290205180644989,-0.5193192362785339,8.930535316467285,3.4495651721954346,2.801119565963745,2.766972064971924,1.2186074256896973,-0.6273446679115295
1781548241020242,172640589,-0.6045598983764648,-0.5298184156417847,0.28996750712394714,-0.5193445682525635,8.905233383178711,3.4600071907043457,2.841909646987915,1.6720545291900635,0.9062988758087158,-0.47405263781547546
1781548241047993,172657256,-0.6040578484535217,-0.5303854942321777,0.2896418869495392,-0.5195315480232239,9.058021545410156,3.4154303073883057,2.8740406036376953,6.110428810119629,-0.8282763361930847,0.7572715878486633
1781548241079016,172673923,-0.6014481782913208,-0.532871425151825,0.28802067041397095,-0.5209150314331055,9.234516143798828,3.653806686401367,2.9942238330841064,28.77536964416504,-2.1363744735717773,4.709325313568115
1781548241082193,172690590,-0.5974631905555725,-0.5363909602165222,0.28504887223243713,-0.5235166549682617,8.961441040039062,4.454684257507324,3.2384085655212402,45.33772659301758,1.4858486652374268,7.677469730377197
1781548241108785,172707257,-0.5958645343780518,-0.5366039872169495,0.28513872623443604,-0.5250690579414368,8.580710411071777,4.932394027709961,3.3374030590057373,9.87883186340332,1.6172574758529663,12.552492141723633
1781548241109828,172723924,-0.5982150435447693,-0.5316039323806763,0.2910192906856537,-0.5242555737495422,8.91816520690918,4.330931186676025,2.9296114444732666,-51.59114074707031,-4.274600982666016,20.18958854675293
1781548241138370,172740591,-0.602346658706665,-0.5243915319442749,0.2986913323402405,-0.5224707722663879,9.52908706665039,3.1066815853118896,2.494300365447998,-75.60517883300781,-3.6561005115509033,20.74993133544922
1781548241140597,172757258,-0.6047975420951843,-0.5194319486618042,0.30370378494262695,-0.5217035412788391,9.870667457580566,2.336852788925171,2.526320695877075,-48.571598052978516,-0.5168562531471252,16.785276412963867
1781548241168360,172773925,-0.6046658754348755,-0.5180541276931763,0.3044027090072632,-0.5228177309036255,9.571000099182129,2.6233432292938232,2.562859296798706,-5.052095413208008,5.900459289550781,10.986556053161621
1781548241170892,172790592,-0.6038784980773926,-0.5180068016052246,0.30405193567276,-0.5239777565002441,9.037983894348145,3.2557106018066406,2.569208860397339,6.683066368103027,4.272577285766602,7.008731842041016
1781548241198089,172807259,-0.6046736240386963,-0.5162623524665833,0.3061222732067108,-0.5235763788223267,8.869915008544922,3.241551399230957,2.809704065322876,-17.98442840576172,-1.917087435722351,6.996417999267578
1781548241227754,172823926,-0.6066704988479614,-0.513114333152771,0.30961742997169495,-0.5223044753074646,8.954225540161133,2.6226437091827393,2.820239305496216,-35.047359466552734,-3.348555564880371,7.063701629638672
1781548241229504,172840593,-0.60793137550354,-0.5107980966567993,0.31162095069885254,-0.5219168663024902,8.7559232711792,2.16625714302063,2.7612366676330566,-21.742721557617188,1.4379825592041016,6.36030387878418
1781548241258437,172857260,-0.6075989603996277,-0.5103070735931396,0.31140416860580444,-0.5229126811027527,8.466536521911621,2.2458550930023193,2.7053024768829346,2.4147214889526367,5.614439964294434,6.150897979736328
1781548241260567,172873927,-0.6057140827178955,-0.5115605592727661,0.3100738525390625,-0.5246623754501343,8.407257080078125,2.6285393238067627,2.596649646759033,20.766666412353516,3.315537691116333,7.238962650299072
1781548241288956,172890594,-0.6025751829147339,-0.514319658279419,0.30858880281448364,-0.5264520049095154,8.835464477539062,3.117940664291382,2.6539056301116943,32.091148376464844,-4.004842281341553,8.174829483032227
1781548241290082,172907261,-0.5995258092880249,-0.5168337821960449,0.30763229727745056,-0.5280284881591797,9.242719650268555,3.584427833557129,2.7721476554870605,28.393081665039062,-5.8705902099609375,9.357738494873047
1781548241318129,172923928,-0.5984763503074646,-0.516869843006134,0.30845677852630615,-0.5287023186683655,9.325429916381836,3.6695892810821533,2.876683235168457,2.697357177734375,-3.1932642459869385,9.947237968444824
1781548241319709,172940595,-0.5997268557548523,-0.5142038464546204,0.3113051950931549,-0.5282152891159058,9.24437141418457,3.3178248405456543,2.853205442428589,-26.414182662963867,-0.946609616279602,9.734049797058105
1781548241347987,172957262,-0.6022308468818665,-0.5103594660758972,0.3148142397403717,-0.5270136594772339,9.156916618347168,2.735964298248291,2.7496225833892822,-39.6331787109375,0.7653439044952393,7.093663215637207
1781548241378521,172973929,-0.6045951843261719,-0.506965160369873,0.3176811635494232,-0.5258611440658569,9.048335075378418,2.3579702377319336,2.580254316329956,-34.84688949584961,1.6632894277572632,4.575811862945557
1781548241379682,172990596,-0.6057454943656921,-0.5054258704185486,0.31875869631767273,-0.5253668427467346,8.805461883544922,2.2492058277130127,2.488551616668701,-14.99718189239502,2.0375876426696777,1.4110238552093506
1781548241409208,173007263,-0.6057004332542419,-0.5058677196502686,0.3186374008655548,-0.5250669121742249,8.717536926269531,2.2753307819366455,2.72723650932312,2.165022134780884,-2.0694420337677,-1.9707309007644653
1781548241410768,173023930,-0.6043891310691833,-0.5076824426651001,0.31816568970680237,-0.5251123309135437,9.11530876159668,2.3385369777679443,3.012979030609131,14.307440757751465,-7.138509750366211,-0.18817667663097382
1781548241438366,173040597,-0.6011642813682556,-0.5109370350837708,0.31633153557777405,-0.5267632603645325,9.503016471862793,2.7651023864746094,3.014984369277954,35.39991760253906,-5.259028434753418,5.485516548156738
1781548241439824,173057264,-0.5970074534416199,-0.514484167098999,0.3138510584831238,-0.5295146703720093,9.429888725280762,3.5857014656066895,3.0577592849731445,44.618080139160156,-1.8077064752578735,10.50316047668457
1781548241468299,173073931,-0.5947698950767517,-0.5152826309204102,0.31422075629234314,-0.5310351848602295,9.345026969909668,4.024325370788574,3.0989251136779785,13.514168739318848,-3.713219165802002,14.478066444396973
1781548241470795,173090598,-0.5957670211791992,-0.5124009251594543,0.31797367334365845,-0.5304716229438782,9.422430038452148,3.6358630657196045,2.98868989944458,-29.849971771240234,-4.507288932800293,14.0844087600708
1781548241497876,173107265,-0.5986917614936829,-0.5078115463256836,0.322458416223526,-0.5288822650909424,9.370951652526855,2.727024555206299,2.8009657859802246,-48.54821014404297,-0.6760401129722595,9.164896965026855
1781548241528316,173123932,-0.6012269854545593,-0.504139244556427,0.3253486454486847,-0.5277482271194458,9.183075904846191,2.1061441898345947,2.6285817623138428,-36.606101989746094,3.278383255004883,4.854109764099121
1781548241529704,173140599,-0.6022478938102722,-0.5026993751525879,0.32585829496383667,-0.5276432633399963,8.873779296875,1.9966155290603638,2.5498650074005127,-11.188055992126465,5.199079513549805,1.3570064306259155
1781548241587918,173157266,-0.6021498441696167,-0.502734363079071,0.3254716396331787,-0.5279603600502014,8.705819129943848,2.1897566318511963,2.680483102798462,2.983041286468506,2.5121898651123047,0.760959804058075
1781548241589710,173173933,-0.6017147302627563,-0.5028567910194397,0.3255309462547302,-0.5283031463623047,8.797649383544922,2.367387294769287,2.864163637161255,2.9494755268096924,-0.31709808111190796,3.4360270500183105
1781548241591328,173190600,-0.6013616919517517,-0.5025869011878967,0.32589191198349,-0.5287393927574158,9.02053165435791,2.450451612472534,2.9850237369537354,0.15607739984989166,0.3660118877887726,5.44561243057251
1781548241618153,173207267,-0.6008931994438171,-0.5023117661476135,0.326006144285202,-0.5294623970985413,9.159768104553223,2.5109739303588867,2.921776056289673,2.0721893310546875,2.137514591217041,6.208922386169434
1781548241619819,173223934,-0.5999746322631836,-0.5026585459709167,0.32553908228874207,-0.5304614901542664,9.169180870056152,2.667921304702759,2.6847479343414307,8.93177318572998,2.2195911407470703,5.58693265914917
1781548241621688,173240601,-0.5990644693374634,-0.5031096339225769,0.325281023979187,-0.5312203168869019,9.178380966186523,2.7983503341674805,2.616586446762085,8.032560348510742,0.16552850604057312,5.054686069488525
1781548241647868,173257268,-0.5986931920051575,-0.5031008124351501,0.32583966851234436,-0.5313048362731934,9.217658996582031,2.734818458557129,2.6569738388061523,-0.2160303145647049,-2.645113229751587,4.163299560546875
1781548241678847,173273935,-0.5988516807556152,-0.5026828646659851,0.326820433139801,-0.5309190154075623,9.30260944366455,2.529680013656616,2.6827950477600098,-6.329590797424316,-3.327397584915161,2.6689138412475586
1781548241680471,173290602,-0.59882652759552,-0.5025536417961121,0.3271498382091522,-0.5308670401573181,9.272990226745605,2.445675849914551,2.7275028228759766,-1.3793081045150757,-0.9587090611457825,1.813577651977539
1781548241707913,173307269,-0.5985739231109619,-0.5028870105743408,0.3268141746520996,-0.5310429930686951,9.071052551269531,2.52870774269104,2.8218843936920166,4.2520856857299805,0.3676382601261139,0.2436344027519226
1781548241709309,173323936,-0.5984514951705933,-0.5031998157501221,0.32680556178092957,-0.5308899283409119,9.02602481842041,2.581916093826294,2.889378547668457,1.7850193977355957,-1.7489631175994873,-0.4088042676448822
1781548241738086,173340603,-0.5982633233070374,-0.5036013722419739,0.32704663276672363,-0.5305724143981934,9.101753234863281,2.5391273498535156,2.8774189949035645,1.0957434177398682,-3.816843271255493,-0.18087689578533173
1781548241739580,173357270,-0.5977510809898376,-0.5042628645896912,0.3272784948348999,-0.5303784608840942,9.356257438659668,2.5290520191192627,2.8657689094543457,3.5999233722686768,-5.0288496017456055,0.8934543132781982
1781548241797705,173373937,-0.5971193909645081,-0.5048614740371704,0.3272840976715088,-0.5305173397064209,9.494294166564941,2.593890428543091,2.8890833854675293,5.327346324920654,-2.9843411445617676,2.0527751445770264
1781548241799093,173390604,-0.5971509218215942,-0.5047785639762878,0.3273515999317169,-0.5305190086364746,9.370503425598145,2.6022086143493652,2.907637357711792,-0.30666089057922363,0.2636251747608185,0.818946897983551
1781548241801368,173407271,-0.5976495146751404,-0.5043269395828247,0.3277987539768219,-0.5301108956336975,9.210023880004883,2.476527214050293,2.78762149810791,-5.746375560760498,-0.32063257694244385,-0.418614000082016
1781548241828802,173423938,-0.5975499749183655,-0.5047451853752136,0.32777515053749084,-0.5298394560813904,9.191304206848145,2.3869576454162598,2.775247812271118,1.9227325916290283,-2.431541919708252,-1.2705051898956299
1781548241830550,173440605,-0.5965097546577454,-0.5063613653182983,0.3264274597167969,-0.530301570892334,9.116527557373047,2.5643575191497803,2.8955228328704834,16.587345123291016,-0.9293193817138672,-2.124460458755493
1781548241859047,173457272,-0.5955461859703064,-0.5078091025352478,0.32500967383384705,-0.5308704972267151,8.964929580688477,2.86592698097229,3.082289695739746,16.124496459960938,0.5153855681419373,-1.8324236869812012
1781548241860796,173473939,-0.5957524180412292,-0.5077652335166931,0.32521507143974304,-0.5305551290512085,8.99812126159668,2.876810312271118,3.089132070541382,-1.9677982330322266,-1.1602553129196167,-0.7217786908149719
1781548241889445,173490606,-0.5971984267234802,-0.5062350630760193,0.3266414403915405,-0.5295146703720093,9.216279983520508,2.5758423805236816,2.8597412109375,-18.45945167541504,-0.4997171461582184,-0.6277807950973511
1781548241890076,173507273,-0.5988698601722717,-0.5045080780982971,0.32766804099082947,-0.52864009141922,9.307347297668457,2.224592924118042,2.750786542892456,-18.223379135131836,2.941051721572876,-1.716488242149353
1781548241918313,173523940,-0.5993954539299011,-0.504400372505188,0.3274068534374237,-0.5283089876174927,9.4102783203125,2.085815906524658,2.6825382709503174,-1.67640221118927,1.6623218059539795,-3.4294891357421875
1781548241919833,173540607,-0.5980128049850464,-0.5068292617797852,0.3250516951084137,-0.5290050506591797,9.47400951385498,2.3958184719085693,2.6577553749084473,25.313058853149414,0.3448565900325775,-5.238206386566162
1781548241947910,173557274,-0.5957150459289551,-0.510033905506134,0.32233914732933044,-0.5301762819290161,9.49448299407959,2.9553327560424805,2.885544538497925,34.053382873535156,-1.3960514068603516,-2.935598850250244
1781548241978274,173573941,-0.5942511558532715,-0.5118349194526672,0.320928692817688,-0.5309383273124695,9.421632766723633,3.369992733001709,3.1567914485931396,19.727523803710938,-1.199610948562622,0.026758907362818718
1781548241979734,173590608,-0.5948373079299927,-0.5112082958221436,0.32131707668304443,-0.5306506156921387,9.24423885345459,3.388942241668701,3.1614367961883545,-6.2888407707214355,1.1415644884109497,-0.05780787393450737
1781548242008613,173607275,-0.5972480773925781,-0.5085468888282776,0.32315951585769653,-0.5293798446655273,9.126618385314941,2.999906063079834,2.856534242630005,-28.500328063964844,3.1927661895751953,-1.1282296180725098
1781548242009185,173623942,-0.6001257300376892,-0.5056508779525757,0.325156033039093,-0.5276741981506348,9.0587739944458,2.375770330429077,2.6607329845428467,-32.62269973754883,2.9312500953674316,-3.552584409713745
1781548242038460,173640609,-0.6014578938484192,-0.5047434568405151,0.32544925808906555,-0.5268445611000061,8.945635795593262,2.04988956451416,2.5556986331939697,-10.90804386138916,2.3351426124572754,-4.699535846710205
1781548242039990,173657276,-0.6004614233970642,-0.5064185261726379,0.32367628812789917,-0.5274659395217896,8.785359382629395,2.276353359222412,2.5402495861053467,18.58415412902832,1.3502839803695679,-3.2137062549591064
1781548242068036,173673943,-0.5983648300170898,-0.5088242292404175,0.32171425223350525,-0.5287319421768188,8.780058860778809,2.768634557723999,2.7791802883148193,27.551143646240234,-0.7223823666572571,1.1528369188308716
1781548242070022,173690610,-0.5972921252250671,-0.509672999382019,0.3211180865764618,-0.5294893980026245,8.852352142333984,3.0867984294891357,2.96407151222229,11.474015235900879,-0.19653916358947754,3.560903310775757
1781548242097863,173707277,-0.5976619720458984,-0.5086924433708191,0.3220115005970001,-0.5294725298881531,8.93870735168457,3.0427894592285156,2.86742901802063,-8.225802421569824,0.8175127506256104,4.389499187469482
1781548242158309,173723944,-0.5985608100891113,-0.5070957541465759,0.32342085242271423,-0.5291293263435364,8.994758605957031,2.8126580715179443,2.6237130165100098,-15.208321571350098,0.9699729084968567,4.291443347930908
1781548242160220,173740611,-0.5992960929870605,-0.5061318278312683,0.32448437809944153,-0.5285687446594238,9.118276596069336,2.5912370681762695,2.540564775466919,-11.260550498962402,-1.030424952507019,1.3797630071640015
1781548242162094,173757278,-0.5995780229568481,-0.5060311555862427,0.324697345495224,-0.5282144546508789,9.196599960327148,2.496840000152588,2.579603910446167,-2.57424259185791,-0.9564933776855469,-1.00887131690979
1781548242188172,173773945,-0.5992170572280884,-0.5066243410110474,0.324418842792511,-0.5282266139984131,9.245482444763184,2.54439640045166,2.706448793411255,5.125043869018555,-1.610116958618164,-0.4220845103263855
1781548242190389,173790612,-0.5986378192901611,-0.5072227120399475,0.324164479970932,-0.5284651517868042,9.317423820495605,2.6660685539245605,2.824781894683838,6.32492208480835,-1.426589012145996,1.375984787940979
1781548242191409,173807279,-0.597979724407196,-0.5077295899391174,0.32405146956443787,-0.528792679309845,9.409440040588379,2.792363166809082,2.8380014896392822,5.908600330352783,-1.5416412353515625,2.725377082824707
1781548242218470,173823946,-0.5970452427864075,-0.5082754492759705,0.32383206486701965,-0.5294584035873413,9.51308536529541,2.9590213298797607,2.8069541454315186,8.172995567321777,-0.6807602047920227,4.662326335906982
1781548242220453,173840613,-0.5964548587799072,-0.5084260702133179,0.3237166702747345,-0.5300493240356445,9.395674705505371,3.108388900756836,2.898169755935669,4.803592681884766,0.8353135585784912,4.346303462982178
1781548242247890,173857280,-0.5968198180198669,-0.5074499845504761,0.3248707056045532,-0.5298677086830139,9.318167686462402,2.9438302516937256,2.8947715759277344,-9.502942085266113,-0.8375611305236816,4.643424034118652
1781548242279025,173873947,-0.5977277159690857,-0.5059179663658142,0.3264559209346771,-0.5293348431587219,9.262635231018066,2.5862820148468018,2.762331008911133,-16.03339958190918,-0.5952013731002808,3.969914674758911
1781548242282106,173890614,-0.5985402464866638,-0.5045355558395386,0.32730382680892944,-0.5292125344276428,9.076318740844727,2.3633921146392822,2.7009477615356445,-11.482422828674316,3.1046383380889893,3.103818893432617
1781548242309242,173907281,-0.5990904569625854,-0.5036306381225586,0.32765913009643555,-0.5292320847511292,8.900479316711426,2.238694667816162,2.7267909049987793,-6.496035099029541,3.296079635620117,1.8585282564163208
1781548242309865,173923948,-0.5989753007888794,-0.5035061836242676,0.32779327034950256,-0.5293976664543152,9.06304931640625,2.2403807640075684,2.7168145179748535,0.15822885930538177,0.37386220693588257,2.3568997383117676
1781548242368208,173940615,-0.5974091291427612,-0.505020797252655,0.32636523246765137,-0.5306055545806885,9.215394020080566,2.507688283920288,2.560120105743408,19.964662551879883,1.1795625686645508,2.8280625343322754
1781548242370787,173957282,-0.5952644944190979,-0.5069182515144348,0.3246504068374634,-0.532256007194519,9.197854995727539,3.0041661262512207,2.8141934871673584,25.584823608398438,1.200297236442566,4.901034355163574
1781548242371699,173973949,-0.5942694544792175,-0.5071699619293213,0.32484811544418335,-0.5330069661140442,9.253070831298828,3.1995887756347656,3.021876335144043,5.836618423461914,-1.1742019653320312,7.35292911529541
1781548242427740,173990616,-0.5948913097381592,-0.5056158304214478,0.32670727372169495,-0.532653272151947,9.369897842407227,2.9628360271453857,2.9081783294677734,-15.736406326293945,-1.5859270095825195,6.74198055267334
1781548242429080,174007283,-0.5961321592330933,-0.5035017132759094,0.3287332355976105,-0.5320217609405518,9.38196086883545,2.5162513256073,2.7068121433258057,-21.412790298461914,0.20781540870666504,5.177878379821777
1781548242457752,174023950,-0.5971083641052246,-0.502020537853241,0.32998421788215637,-0.5315519571304321,9.231992721557617,2.2066221237182617,2.7058417797088623,-14.702812194824219,1.0303932428359985,2.694566488265991
1781548242458867,174040617,-0.5974583029747009,-0.5016132593154907,0.3304898738861084,-0.5312290787696838,9.188861846923828,2.0662715435028076,2.674320697784424,-5.075375080108643,-0.7475066781044006,0.5775856971740723
1781548242489011,174057284,-0.5968302488327026,-0.5023723244667053,0.3301173746585846,-0.5314494967460632,9.24650764465332,2.0841777324676514,2.637941598892212,7.530819892883301,-1.7486050128936768,0.7013590335845947
1781548242492353,174073951,-0.595318615436554,-0.504112184047699,0.32891252636909485,-0.5322436690330505,9.295636177062988,2.3606271743774414,2.758420944213867,18.950712203979492,-1.9409199953079224,1.1823540925979614
1781548242492848,174090618,-0.5940916538238525,-0.5054305195808411,0.3279784917831421,-0.5329405069351196,9.435587882995605,2.70308780670166,2.931535482406616,15.027410507202148,-1.19978928565979,1.6339696645736694
1781548242519986,174107285,-0.5936446785926819,-0.5058140754699707,0.3276714086532593,-0.5332632660865784,9.509416580200195,2.808257818222046,2.9181928634643555,5.358580112457275,0.12320350110530853,1.5349500179290771
1781548242521069,174123952,-0.5934569835662842,-0.5059198141098022,0.32745352387428284,-0.5335056781768799,9.414653778076172,2.777968406677246,2.880901575088501,2.813638210296631,1.0821046829223633,1.1929562091827393
1781548242522765,174140619,-0.5934903621673584,-0.5059364438056946,0.3272474706172943,-0.5335791110992432,9.260843276977539,2.7226169109344482,2.870884418487549,1.2583712339401245,1.2704861164093018,-0.06563255190849304
1781548242548006,174157286,-0.5936508774757385,-0.5058523416519165,0.3272784650325775,-0.5334612727165222,9.092239379882812,2.5909998416900635,2.8595895767211914,-0.8949972987174988,0.29315656423568726,-0.260391503572464
1781548242578686,174173953,-0.593633234500885,-0.50577712059021,0.32736068964004517,-0.533501923084259,9.02452278137207,2.4609134197235107,2.86393404006958,-0.07055018842220306,0.20136064291000366,1.1982710361480713
1781548242580165,174190620,-0.5932262539863586,-0.5058636665344238,0.3272026479244232,-0.5339692234992981,9.050416946411133,2.4956908226013184,2.8726983070373535,3.785461187362671,1.1959913969039917,3.1676318645477295
1781548242608347,174207287,-0.5929083228111267,-0.5056592226028442,0.3271926939487457,-0.5345220565795898,9.134231567382812,2.6190719604492188,2.8708572387695312,1.936698079109192,2.157338857650757,4.359506130218506
1781548242609509,174223954,-0.5928979516029358,-0.5050735473632812,0.32762834429740906,-0.5348201990127563,9.251147270202637,2.619328260421753,2.801177740097046,-2.8961181640625,1.5489473342895508,4.598703384399414
1781548242638300,174240621,-0.5928157567977905,-0.5046365857124329,0.32809650897979736,-0.5350368022918701,9.344086647033691,2.6098990440368652,2.7304298877716064,-2.3441126346588135,0.42462652921676636,4.308357238769531
1781548242639488,174257288,-0.5928308367729187,-0.5042186975479126,0.3285280466079712,-0.535149097442627,9.358153343200684,2.587249517440796,2.8203177452087402,-2.7044451236724854,0.36108145117759705,3.3547449111938477
1781548242668222,174273955,-0.5931771397590637,-0.5033990740776062,0.32932230830192566,-0.5350488424301147,9.29137134552002,2.5087785720825195,2.858499526977539,-7.304295063018799,0.3717876374721527,3.4354512691497803
1781548242669975,174290622,-0.593716025352478,-0.5023825168609619,0.3302413821220398,-0.5348399877548218,9.235754013061523,2.3710873126983643,2.869499444961548,-9.480339050292969,0.6469449400901794,3.161895275115967
1781548242698143,174307289,-0.5940341353416443,-0.5017220973968506,0.330805242061615,-0.5347582697868347,9.252455711364746,2.275942087173462,2.8291444778442383,-5.6680908203125,0.7253965735435486,2.457071304321289
1781548242728407,174323956,-0.59377521276474,-0.5017735362052917,0.33085688948631287,-0.534965455532074,9.255468368530273,2.320850133895874,2.7833807468414307,1.7697031497955322,-0.11510348320007324,2.3726131916046143
1781548242729492,174340623,-0.5933316349983215,-0.5020613670349121,0.33078470826148987,-0.5352322459220886,9.257963180541992,2.4187448024749756,2.84877872467041,3.962944984436035,-0.694347620010376,2.329955816268921
1781548242758162,174357290,-0.5930996537208557,-0.5020915269851685,0.3309743404388428,-0.5353439450263977,9.28731918334961,2.4662997722625732,2.8827052116394043,0.8645502328872681,-0.8677327036857605,2.4079973697662354
1781548242759162,174373957,-0.5931271314620972,-0.5018320083618164,0.3312644362449646,-0.5353772044181824,9.327580451965332,2.445502519607544,2.8907310962677,-1.7607063055038452,0.1079639121890068,2.138705015182495
1781548242788409,174390624,-0.5933090448379517,-0.5015196204185486,0.3314233720302582,-0.5353699922561646,9.281598091125488,2.407489061355591,2.8346807956695557,-2.1173763275146484,1.0500503778457642,1.0740364789962769
1781548242790509,174407291,-0.5934575796127319,-0.5013514757156372,0.33158808946609497,-0.5352610349655151,9.264693260192871,2.3968937397003174,2.861922025680542,-1.6676174402236938,0.06885334104299545,0.4726119637489319
1781548242878814,174423958,-0.5934638977050781,-0.5014422535896301,0.33139553666114807,-0.5352880358695984,9.28142261505127,2.4404280185699463,2.8398852348327637,1.5036767721176147,0.7179943323135376,-0.2707774341106415
1781548242881125,174440625,-0.5933641195297241,-0.5016136169433594,0.3310786783695221,-0.535434365272522,9.317755699157715,2.5263419151306152,2.868666410446167,2.9279351234436035,1.097920536994934,-0.005340248346328735
1781548242882033,174457292,-0.5935360789299011,-0.5013462901115417,0.3312089741230011,-0.5354135036468506,9.335121154785156,2.535733699798584,2.9344699382781982,-1.8264542818069458,0.9304774403572083,0.8527683615684509
1781548242908573,174473959,-0.5941479206085205,-0.5005303621292114,0.3316727578639984,-0.5352111458778381,9.398052215576172,2.476027727127075,2.8932814598083496,-7.222270488739014,1.9649746417999268,0.8913156986236572
1781548242909567,174490626,-0.5947383642196655,-0.4997769296169281,0.33205264806747437,-0.5350237488746643,9.422331809997559,2.3765885829925537,2.8492307662963867,-6.549783229827881,2.080756664276123,0.6003682017326355
1781548242910941,174507293,-0.5947774052619934,-0.499740332365036,0.3319292962551117,-0.5350910425186157,9.402242660522461,2.384542942047119,2.840850591659546,0.7079158425331116,1.1177703142166138,0.30387550592422485
1781548242938392,174523960,-0.5944591164588928,-0.5001567006111145,0.3314833641052246,-0.5353321433067322,9.370063781738281,2.5199344158172607,2.913773536682129,5.371528148651123,0.55179363489151,0.18738892674446106
1781548242939760,174540627,-0.5944868922233582,-0.5000497102737427,0.33135685324668884,-0.5354795455932617,9.250035285949707,2.593273162841797,2.9728498458862305,0.6537193059921265,1.6393725872039795,0.8219050765037537
1781548242941677,174557294,-0.5951497554779053,-0.49912407994270325,0.3318057060241699,-0.5353291034698486,9.052396774291992,2.543891191482544,2.9593520164489746,-7.673412799835205,2.724391460418701,1.10929274559021
1781548242969016,174573961,-0.5963284969329834,-0.4974418580532074,0.33273637294769287,-0.5350052714347839,8.88534927368164,2.3721227645874023,2.9031615257263184,-14.707503318786621,4.118263244628906,1.88142728805542
1781548242970047,174590628,-0.5974102020263672,-0.49597811698913574,0.33340373635292053,-0.5347416996955872,8.861479759216309,2.2615697383880615,2.8128151893615723,-12.373310089111328,4.378730773925781,1.0851916074752808
1781548242998170,174607295,-0.5979689359664917,-0.49530279636383057,0.33361053466796875,-0.5346142649650574,8.992496490478516,2.270181179046631,2.725759267807007,-5.346600532531738,2.637256622314453,0.1892842948436737
1781548243027869,174623962,-0.598296582698822,-0.4949715733528137,0.33372434973716736,-0.5344833731651306,9.185063362121582,2.3103537559509277,2.7745180130004883,-2.8111603260040283,1.2124602794647217,-0.08138434588909149
1781548243029772,174640629,-0.5987357497215271,-0.494510293006897,0.3339058756828308,-0.534305214881897,9.286592483520508,2.267751932144165,2.8339247703552246,-4.082549095153809,1.5070576667785645,-0.15681375563144684
1781548243057986,174657296,-0.599191427230835,-0.49418309330940247,0.33386924862861633,-0.5341200232505798,9.341819763183594,2.246725559234619,2.7705237865448,-2.8018758296966553,1.9266963005065918,-1.2960026264190674
1781548243059665,174673963,-0.5996127724647522,-0.49398306012153625,0.3337074816226959,-0.5339334011077881,9.308539390563965,2.1921675205230713,2.7279129028320312,-1.7053829431533813,1.8918112516403198,-1.893290638923645
1781548243089403,174690630,-0.5994775891304016,-0.49439191818237305,0.33339816331863403,-0.5338999629020691,9.461849212646484,2.1952903270721436,2.7736921310424805,3.5883710384368896,-0.49075207114219666,-1.1175717115402222
1781548243090576,174707297,-0.5980278849601746,-0.49646151065826416,0.3315100073814392,-0.5347803235054016,9.48415756225586,2.561966896057129,2.819500684738159,22.79213523864746,0.013619577512145042,-1.6995975971221924
1781548243147887,174723964,-0.5965399146080017,-0.498390257358551,0.3295784592628479,-0.5358409881591797,9.376273155212402,3.038548707962036,3.0565593242645264,22.913654327392578,1.2388821840286255,-0.6445446610450745
1781548243151766,174740631,-0.5964701771736145,-0.4982782304286957,0.32960498332977295,-0.5360063910484314,9.251713752746582,3.0621795654296875,3.14935040473938,0.4407881200313568,0.8724005222320557,1.7938810586929321
1781548243153580,174757298,-0.5978482961654663,-0.4966277778148651,0.3310064971446991,-0.5351385474205017,9.178312301635742,2.714323043823242,3.142197370529175,-18.23699188232422,0.6431163549423218,0.41888976097106934
1781548243178416,174773965,-0.6001302599906921,-0.4940261244773865,0.3327563405036926,-0.5339055061340332,9.12060260772705,2.2950289249420166,2.9525585174560547,-27.34505844116211,3.5208263397216797,-1.0532864332199097
1781548243180509,174790632,-0.6023813486099243,-0.49165868759155273,0.33394479751586914,-0.532812774181366,9.012331008911133,1.9252076148986816,2.710016965866089,-23.892770767211914,5.38329553604126,-2.803802967071533
1781548243209499,174807299,-0.6037871837615967,-0.49062681198120117,0.33397185802459717,-0.532155454158783,8.938121795654297,1.7088972330093384,2.594097375869751,-10.249695777893066,4.831882953643799,-4.897739410400391
1781548243210059,174823966,-0.6032007932662964,-0.49227175116539,0.3319423198699951,-0.5325711369514465,8.869668006896973,1.8182016611099243,2.6378602981567383,17.571300506591797,2.620816230773926,-6.2389020919799805
1781548243238951,174840633,-0.6008456349372864,-0.4957472085952759,0.3286490738391876,-0.5340496301651001,8.851672172546387,2.365875482559204,2.9372334480285645,38.20317459106445,0.7205082178115845,-3.8097681999206543
1781548243239897,174857300,-0.5992668867111206,-0.49776360392570496,0.3264491856098175,-0.5352961421012878,8.873034477233887,2.8844850063323975,3.1937756538391113,24.989465713500977,2.524656057357788,-0.5957783460617065
1781548243267956,174873967,-0.5992087125778198,-0.49777355790138245,0.3260768949985504,-0.5355784893035889,8.926109313964844,2.970616579055786,3.0440924167633057,2.6283817291259766,2.491443395614624,0.594963788986206
1781548243269898,174890634,-0.6002531051635742,-0.49664008617401123,0.32680612802505493,-0.5350165367126465,9.013956069946289,2.7481210231781006,2.855130195617676,-11.804040908813477,1.7457561492919922,-0.608929455280304
1781548243358603,174907301,-0.6020054221153259,-0.4951125681400299,0.3279769718647003,-0.5337455868721008,9.158517837524414,2.407923936843872,2.7674059867858887,-19.06568145751953,0.5429450273513794,-3.745387554168701
1781548243360116,174923968,-0.6033899188041687,-0.49446141719818115,0.32845962047576904,-0.5324876308441162,9.309490203857422,2.0434019565582275,2.733994960784912,-11.62978744506836,-0.6096723675727844,-6.660087585449219
1781548243361838,174940635,-0.6027880907058716,-0.4962927997112274,0.326831579208374,-0.5324671268463135,9.307958602905273,2.02892804145813,2.786176919937134,15.941737174987793,-1.2205487489700317,-7.037967205047607
1781548243388198,174957302,-0.6003523468971252,-0.5000467300415039,0.32359206676483154,-0.5336840748786926,9.177937507629395,2.543062210083008,2.9888100624084473,38.846675872802734,-1.478040099143982,-5.01528787612915
1781548243390450,174973969,-0.5980247855186462,-0.5031055808067322,0.3215700685977936,-0.5346436500549316,9.118359565734863,3.0881590843200684,3.2313592433929443,30.56663703918457,-4.597661018371582,-0.7419511079788208
1781548243391928,174990636,-0.5973337888717651,-0.5038103461265564,0.3218868672847748,-0.5345619320869446,9.17609691619873,3.212507486343384,3.2620067596435547,4.327387809753418,-5.544381618499756,2.256882667541504
1781548243418112,175007303,-0.5981678366661072,-0.5028126835823059,0.32325515151023865,-0.5337424278259277,9.131186485290527,2.9779512882232666,3.1084864139556885,-13.444625854492188,-2.786688804626465,1.032646894454956
1781548243419695,175023970,-0.5996034145355225,-0.501408040523529,0.3248135447502136,-0.532505452632904,9.064462661743164,2.622966766357422,2.9321837425231934,-18.82261848449707,-2.1816158294677734,-1.3288140296936035
1781548243421360,175040637,-0.60075843334198,-0.5005529522895813,0.325875461101532,-0.5313580632209778,9.110367774963379,2.293849468231201,2.8384063243865967,-13.571806907653809,-2.464750289916992,-2.8721461296081543
1781548243447999,175057304,-0.6009126305580139,-0.5010983943939209,0.3256242275238037,-0.5308234691619873,9.06558895111084,2.225602149963379,2.9404356479644775,1.8247963190078735,-2.292093515396118,-4.342480182647705
1781548243478594,175073971,-0.6002357602119446,-0.5025749802589417,0.3246420919895172,-0.5307947993278503,8.90755844116211,2.374053478240967,3.159691333770752,12.339046478271484,-2.787726402282715,-3.8216476440429688
1781548243481779,175090638,-0.5991399884223938,-0.5041940212249756,0.3239172697067261,-0.5309401750564575,8.947486877441406,2.6106653213500977,3.1949703693389893,13.820859909057617,-4.7034807205200195,-1.004530906677246
1781548243508780,175107305,-0.5980075597763062,-0.5053982138633728,0.32360202074050903,-0.5312640070915222,9.222502708435059,2.8520431518554688,3.0809013843536377,11.145455360412598,-4.339715957641602,2.209704875946045
1781548243510402,175123972,-0.5972002744674683,-0.505760669708252,0.32358354330062866,-0.531838059425354,9.358389854431152,3.079798460006714,2.962437868118286,6.0264458656311035,-0.8927308917045593,4.955053329467773
1781548243537806,175140639,-0.5970613956451416,-0.5053025484085083,0.3241269886493683,-0.5320985913276672,9.381658554077148,3.1477229595184326,2.9032835960388184,-2.4319260120391846,0.19311338663101196,5.000323295593262
1781548243539783,175157306,-0.5977107882499695,-0.5041636228561401,0.32531508803367615,-0.5317246913909912,9.445703506469727,2.967885971069336,2.8656513690948486,-11.697452545166016,-0.3984569311141968,3.2818400859832764
1781548243567773,175173973,-0.5986526608467102,-0.5028936862945557,0.3265678882598877,-0.5310996174812317,9.491533279418945,2.6730825901031494,2.8149397373199463,-14.11418342590332,-0.4199589490890503,1.6779084205627441
1781548243569899,175190640,-0.59947669506073,-0.5016730427742004,0.3276453912258148,-0.5306603908538818,9.414361000061035,2.469512939453125,2.8429760932922363,-12.412508964538574,0.5082906484603882,2.1665470600128174
1781548243597931,175207307,-0.5999982953071594,-0.5006927847862244,0.3285621404647827,-0.5304299592971802,9.332244873046875,2.3674235343933105,2.7748970985412598,-9.321452140808105,0.3336888253688812,3.034062623977661
1781548243628742,175223974,-0.5999646186828613,-0.5002187490463257,0.3292599618434906,-0.5304827690124512,9.395634651184082,2.378268003463745,2.733405113220215,-3.890044689178467,-0.8899389505386353,4.328962802886963
1781548243629990,175240641,-0.5994908809661865,-0.5002626180648804,0.32929372787475586,-0.5309556126594543,9.33674144744873,2.5189359188079834,2.75490665435791,3.1357696056365967,0.4093742370605469,4.210568428039551
1781548243659656,175257308,-0.5991191267967224,-0.5002676248550415,0.32929331064224243,-0.5313708186149597,9.263182640075684,2.648655414581299,2.8200297355651855,2.6263067722320557,0.727573573589325,3.573618173599243
1781548243661128,175273975,-0.5993484258651733,-0.49976634979248047,0.3297290503978729,-0.5313135385513306,9.223658561706543,2.597478151321411,2.799248456954956,-4.220371246337891,0.5075348615646362,2.06801438331604
1781548243688006,175290642,-0.5999667048454285,-0.4990859031677246,0.33030301332473755,-0.5308984518051147,9.239886283874512,2.4195029735565186,2.7236223220825195,-7.553915977478027,0.2606925070285797,0.07149145752191544
1781548243689868,175307309,-0.6005451083183289,-0.4986540675163269,0.3307192921638489,-0.5303908586502075,9.260641098022461,2.3106555938720703,2.73787522315979,-6.087319374084473,-0.4202660024166107,-1.2888312339782715
1781548243718853,175323976,-0.6009225249290466,-0.4985191226005554,0.3308137059211731,-0.5300315618515015,9.255227088928223,2.2765257358551025,2.7123827934265137,-2.6397476196289062,-0.11633290350437164,-1.7158719301223755
1781548243719439,175340643,-0.6010382771492004,-0.498775839805603,0.330411821603775,-0.5299093127250671,9.216480255126953,2.2835419178009033,2.7287280559539795,2.2382233142852783,0.7284058928489685,-2.370929002761841
1781548243748341,175357310,-0.6005815863609314,-0.49976789951324463,0.32945436239242554,-0.5300886631011963,9.133464813232422,2.372073173522949,2.6693553924560547,9.941234588623047,0.07672927528619766,-2.617234945297241
1781548243778225,175373977,-0.5995898246765137,-0.5013898015022278,0.3282065689563751,-0.5304534435272217,9.117793083190918,2.5637919902801514,2.765347957611084,15.8603515625,-1.5932776927947998,-2.32509708404541
1781548243781022,175390644,-0.5987500548362732,-0.502739429473877,0.32721370458602905,-0.5307379364967346,9.255849838256836,2.8171870708465576,2.8879642486572266,13.10288143157959,-1.58502995967865,-1.716781735420227
1781548243809025,175407311,-0.598441481590271,-0.5034357905387878,0.3266817033290863,-0.5307536125183105,9.326525688171387,2.9141619205474854,2.8099801540374756,6.2919721603393555,-0.8318366408348083,-1.6986730098724365
1781548243811034,175423978,-0.5986295342445374,-0.5034865140914917,0.32662588357925415,-0.5305277705192566,9.329270362854004,2.858126640319824,2.7839393615722656,-0.35419800877571106,-0.15336883068084717,-1.4029356241226196
1781548243840175,175440645,-0.5991265773773193,-0.5031862854957581,0.3268797695636749,-0.5300951600074768,9.236183166503906,2.7071852684020996,2.7673168182373047,-4.459914684295654,-0.16936400532722473,-1.519614577293396
1781548243843180,175457312,-0.5995542407035828,-0.5030195713043213,0.32716992497444153,-0.529590368270874,9.243896484375,2.573164224624634,2.775663137435913,-3.942704200744629,-1.2048214673995972,-1.731892466545105
1781548243898139,175473979,-0.5999533534049988,-0.5028168559074402,0.3273411691188812,-0.5292249321937561,9.254195213317871,2.4793593883514404,2.796802043914795,-3.226841449737549,-0.1608477383852005,-1.3781424760818481
1781548243900140,175490646,-0.6001076698303223,-0.5028709769248962,0.32702988386154175,-0.5291910171508789,9.15304946899414,2.429137706756592,2.7898778915405273,1.0502679347991943,1.4549102783203125,-1.4055097103118896
1781548243928247,175507313,-0.5997934341430664,-0.503633975982666,0.3262321352958679,-0.5293140411376953,9.085139274597168,2.5011227130889893,2.820441246032715,7.870816230773926,0.41459929943084717,-2.2830779552459717
1781548243957808,175523980,-0.5990690588951111,-0.5048544406890869,0.32534560561180115,-0.5295173525810242,9.144972801208496,2.6098408699035645,2.840179681777954,11.60248851776123,-1.5482884645462036,-1.8168121576309204
1781548243959590,175540647,-0.5980197191238403,-0.5063003897666931,0.3243342638015747,-0.5299432873725891,9.23656940460205,2.716207981109619,2.833773612976074,14.607182502746582,-1.8099610805511475,-0.655775249004364
1781548243962699,175557314,-0.5968166589736938,-0.5077454447746277,0.32334381341934204,-0.530521810054779,9.208666801452637,2.9108543395996094,2.8981423377990723,15.38671875,-1.708419680595398,0.6025840640068054
1781548243987978,175573981,-0.5962237119674683,-0.5082902908325195,0.3231465816497803,-0.5307869911193848,9.203546524047852,2.9689817428588867,2.969578504562378,5.998129367828369,-1.4113366603851318,1.8693877458572388
1781548243989789,175590648,-0.5961441397666931,-0.508148729801178,0.3235979974269867,-0.5307368040084839,9.275162696838379,2.9028375148773193,2.9077274799346924,-1.6693717241287231,-1.5246471166610718,2.4979231357574463
1781548243992303,175607315,-0.5964266657829285,-0.5075188279151917,0.32417726516723633,-0.5306684970855713,9.330404281616211,2.7926175594329834,2.8318076133728027,-5.4534687995910645,0.47216373682022095,2.6327743530273438
1781548244017607,175623982,-0.5969516634941101,-0.5066826343536377,0.32460811734199524,-0.5306139588356018,9.282699584960938,2.702974796295166,2.806057929992676,-6.556966781616211,2.4263999462127686,1.7509418725967407
1781548244019506,175640649,-0.5976476669311523,-0.5057368874549866,0.3252631723880768,-0.5303314328193665,9.275973320007324,2.6229782104492188,2.849432945251465,-8.899596214294434,1.5019099712371826,1.2264453172683716
1781548244048205,175657316,-0.598329484462738,-0.5047913789749146,0.3258645832538605,-0.5300945043563843,9.311561584472656,2.494188070297241,2.814732313156128,-8.537816047668457,1.8516515493392944,1.2822681665420532
1781548244077538,175673983,-0.5985655784606934,-0.5043777823448181,0.3258841931819916,-0.530209481716156,9.308027267456055,2.4221837520599365,2.7892165184020996,-2.103302001953125,2.4711835384368896,1.0803371667861938
1781548244079245,175690650,-0.598294734954834,-0.5045522451400757,0.32553771138191223,-0.5305617451667786,9.422083854675293,2.4677412509918213,2.767251491546631,4.069211483001709,1.5571562051773071,1.3564807176589966
1781548244107895,175707317,-0.5978015065193176,-0.5049243569374084,0.3248370885848999,-0.53119295835495,9.507108688354492,2.621641159057617,2.789862632751465,7.533330917358398,2.752514123916626,1.6323041915893555
1781548244110136,175723984,-0.5976436138153076,-0.5049312114715576,0.32417523860931396,-0.5317681431770325,9.46203327178955,2.7435786724090576,2.8146767616271973,4.634189605712891,4.491641998291016,1.1383246183395386
1781548244137926,175740651,-0.5980705618858337,-0.5044374465942383,0.323890745639801,-0.5319298505783081,9.37696647644043,2.719132423400879,2.7803728580474854,-1.7226847410202026,4.6483659744262695,-0.26364433765411377
1781548244139508,175757318,-0.5986564755439758,-0.5038720965385437,0.32361435890197754,-0.5319748520851135,9.281878471374512,2.5628318786621094,2.7655084133148193,-2.951479434967041,4.800542831420898,-1.1657363176345825
1781548244167862,175773985,-0.5988547205924988,-0.5038132667541504,0.3227410912513733,-0.5323380827903748,9.136470794677734,2.5504283905029297,2.8448078632354736,3.493630886077881,5.6782917976379395,-1.5949671268463135
1781548244170556,175790652,-0.5989786386489868,-0.5037752985954285,0.3217654526233673,-0.5328247547149658,8.953192710876465,2.6576995849609375,2.9035470485687256,4.510544300079346,6.295019626617432,-1.2074211835861206
1781548244198072,175807319,-0.5995266437530518,-0.5031933784484863,0.32144203782081604,-0.5329535007476807,8.91836166381836,2.668036937713623,2.923264980316162,-2.5009267330169678,5.265594005584717,-0.8098480105400085
1781548244228356,175823986,-0.6003963351249695,-0.5022748112678528,0.3214661777019501,-0.5328265428543091,9.02026081085205,2.5433759689331055,2.8414554595947266,-6.732017517089844,4.922589302062988,-1.0619155168533325
1781548244230208,175840653,-0.6010909080505371,-0.5017133355140686,0.32098567485809326,-0.5328618884086609,9.018552780151367,2.4722650051116943,2.85269832611084,-2.4661059379577637,5.865200042724609,-2.2883028984069824
1781548244258105,175857320,-0.6017014980316162,-0.5014219284057617,0.3202682137489319,-0.5328786969184875,9.011293411254883,2.4654130935668945,2.8805649280548096,-0.32474344968795776,5.580182075500488,-3.5005903244018555
1781548244260310,175873987,-0.6021571159362793,-0.5014452934265137,0.31947892904281616,-0.5328159332275391,9.0184907913208,2.4439690113067627,2.8644330501556396,1.6443417072296143,4.121076583862305,-4.189212799072266
1781548244288720,175890654,-0.6023650169372559,-0.5018019676208496,0.31831860542297363,-0.5329394936561584,9.05340576171875,2.4773902893066406,2.8946094512939453,5.72844123840332,4.557518005371094,-4.495439529418945
1781548244290127,175907321,-0.6019937992095947,-0.5028795003890991,0.3165968358516693,-0.5333688259124756,9.035072326660156,2.5978405475616455,2.931195020675659,13.3273286819458,3.998305320739746,-4.657071113586426
1781548244318286,175923988,-0.6013257503509521,-0.5042623281478882,0.31485477089881897,-0.5338476300239563,9.045127868652344,2.807094097137451,3.0146889686584473,15.847455024719238,2.5005764961242676,-4.0838847160339355
1781548244319557,175940655,-0.6011014580726624,-0.5050256252288818,0.3137610852718353,-0.5340226292610168,9.13058090209961,2.9259629249572754,3.0641157627105713,8.729584693908691,2.0074405670166016,-3.372642755508423
1781548244347923,175957322,-0.6013322472572327,-0.5052006244659424,0.31315022706985474,-0.5339558720588684,9.154308319091797,2.9056901931762695,3.0209288597106934,2.404974937438965,2.308440923690796,-3.102632999420166
1781548244377827,175973989,-0.6016350388526917,-0.5054994821548462,0.3125280737876892,-0.5336965322494507,9.073270797729492,2.850510358810425,3.0001378059387207,2.282687187194824,1.383310079574585,-4.473130702972412
1781548244379868,175990656,-0.602186381816864,-0.5056381225585938,0.3121784031391144,-0.5331475138664246,8.950196266174316,2.7769994735717773,3.031264543533325,-0.7219708561897278,0.4140101373195648,-5.245340824127197
1781548244408420,176007323,-0.6026510000228882,-0.5060089230537415,0.3117542862892151,-0.5325188040733337,8.870076179504395,2.6836774349212646,3.007704019546509,0.4953944683074951,-0.6357712149620056,-6.0610785484313965
1781548244409353,176023990,-0.6027758121490479,-0.5067713856697083,0.31108492612838745,-0.5320437550544739,8.861946105957031,2.677016019821167,3.0126805305480957,4.533211708068848,-1.2459428310394287,-5.871212959289551
1781548244438401,176040657,-0.6027095317840576,-0.5076755881309509,0.31036341190338135,-0.5316780209541321,8.924059867858887,2.6854043006896973,3.0044565200805664,6.171644687652588,-1.5882313251495361,-5.216912269592285
1781548244442014,176057324,-0.6023139357566833,-0.5088281631469727,0.30947116017341614,-0.5315446257591248,9.052016258239746,2.7599434852600098,2.9271881580352783,9.4990816116333,-1.6713443994522095,-4.167200565338135
1781548244468694,176073991,-0.6013846397399902,-0.5105013251304626,0.30810004472732544,-0.5317890644073486,9.189719200134277,2.913896083831787,2.9387388229370117,15.931745529174805,-1.4498978853225708,-3.4810633659362793
1781548244469260,176090658,-0.6003139615058899,-0.5121811032295227,0.30662843585014343,-0.5322339534759521,9.250114440917969,3.1696598529815674,2.959089756011963,17.364154815673828,-0.6174972653388977,-2.4649817943573
1781548244498010,176107325,-0.5995349287986755,-0.5132638216018677,0.3056142330169678,-0.5326523184776306,9.252511024475098,3.323756694793701,2.9975430965423584,11.973194122314453,0.1463574469089508,-0.8245499730110168
1781548244528475,176123992,-0.5992552042007446,-0.513572633266449,0.30535563826560974,-0.5328176021575928,9.251564979553223,3.3537440299987793,3.0407793521881104,3.9751365184783936,0.10174005478620529,0.6764891147613525
1781548244530146,176140659,-0.5996728539466858,-0.5129536986351013,0.30578142404556274,-0.5326998829841614,9.251595497131348,3.2367923259735107,3.0636188983917236,-5.304211616516113,1.178446650505066,1.3539578914642334
1781548244558525,176157326,-0.6004082560539246,-0.511951744556427,0.30651548504829407,-0.532413125038147,9.20516586303711,3.055161952972412,2.9907586574554443,-9.754636764526367,1.2990061044692993,1.302502155303955
1781548244561015,176173993,-0.601087212562561,-0.5110400319099426,0.3071030080318451,-0.5321843028068542,9.197516441345215,2.9093120098114014,2.947695732116699,-8.30909538269043,1.72543203830719,1.1103557348251343
1781548244587690,176190660,-0.601571261882782,-0.5103462338447571,0.30741575360298157,-0.5321228504180908,9.1713285446167,2.8761472702026367,2.937896490097046,-5.500776290893555,2.198075771331787,1.0471560955047607
1781548244589512,176207327,-0.6019638776779175,-0.5097060203552246,0.30772680044174194,-0.5321124196052551,9.156991958618164,2.8482062816619873,2.9562811851501465,-4.945441722869873,1.9636937379837036,1.4408360719680786
1781548244617789,176223994,-0.602210283279419,-0.5092899203300476,0.3078138530254364,-0.5321817994117737,9.130122184753418,2.8162930011749268,2.9707000255584717,-2.4101293087005615,2.074545383453369,1.080862283706665
1781548244619325,176240661,-0.6023648381233215,-0.5089080333709717,0.30779966711997986,-0.5323803424835205,9.138374328613281,2.7986526489257812,2.986997365951538,-1.213875412940979,2.653623104095459,1.5534549951553345
1781548244647909,176257328,-0.602301299571991,-0.5086849927902222,0.30756694078445435,-0.5327996015548706,9.107701301574707,2.821749210357666,2.9304983615875244,1.4424623250961304,3.2780985832214355,2.153867721557617
1781548244678343,176273995,-0.6022362112998962,-0.508492648601532,0.3072702884674072,-0.5332278609275818,9.0432710647583,2.868793249130249,2.9319114685058594,1.8100944757461548,3.453571319580078,1.9034141302108765
1781548244679938,176290662,-0.6024107336997986,-0.5082080960273743,0.307171493768692,-0.5333587527275085,8.994235038757324,2.8596086502075195,2.9327099323272705,-0.609582245349884,2.4867818355560303,0.7298659086227417
1781548244708663,176307329,-0.6024999022483826,-0.5081419944763184,0.3068928122520447,-0.5334817171096802,8.968503952026367,2.813941717147827,2.8891777992248535,0.8403719067573547,2.0996460914611816,-0.20855142176151276
1781548244710450,176323996,-0.602074384689331,-0.5086677670478821,0.3060683608055115,-0.5339344143867493,8.911727905273438,2.8773608207702637,2.8886022567749023,8.0154390335083,2.3260626792907715,-0.03640846535563469
1781548244738818,176340663,-0.6015352606773376,-0.5091348886489868,0.3054460287094116,-0.5344530344009399,8.8951997756958,3.066141366958618,3.016115427017212,7.5495429039001465,1.6910852193832397,1.4778850078582764
1781548244739829,176357330,-0.6016340255737305,-0.5086737275123596,0.3058263063430786,-0.5345632433891296,8.987006187438965,3.0829060077667236,3.03570294380188,-3.0236051082611084,0.8780738115310669,2.9182021617889404
1781548244768381,176373997,-0.602103590965271,-0.5077863931655884,0.30664515495300293,-0.5344092845916748,9.042120933532715,2.925853729248047,2.936755895614624,-8.271071434020996,0.47860538959503174,2.885533571243286
1781548244769847,176390664,-0.6023710370063782,-0.5071628093719482,0.3072546124458313,-0.5343496799468994,9.04533863067627,2.7604072093963623,2.8978257179260254,-5.532638072967529,0.27257677912712097,2.723494529724121
1781548244798460,176407331,-0.6023105382919312,-0.5069836974143982,0.3074270784854889,-0.5344889163970947,9.054600715637207,2.7147650718688965,2.9888415336608887,-0.3598328232765198,0.5007603168487549,2.3421854972839355
1781548244829139,176423998,-0.6018227338790894,-0.5074445009231567,0.3071458041667938,-0.5347627997398376,9.119315147399902,2.8030073642730713,2.997544288635254,5.50297212600708,-0.47672921419143677,1.4612879753112793
1781548244830090,176440665,-0.6013356447219849,-0.5078350901603699,0.30692026019096375,-0.5350692272186279,9.077083587646484,2.882136821746826,3.061169147491455,5.248484134674072,-0.2801773250102997,1.9921623468399048
1781548244857781,176457332,-0.6010380983352661,-0.507934033870697,0.3069690763950348,-0.5352816581726074,9.044585227966309,2.8655009269714355,3.109607696533203,1.9436261653900146,-0.3403927981853485,2.405909776687622
1781548244859731,176473999,-0.6007870435714722,-0.507968008518219,0.3071295917034149,-0.5354393124580383,9.070741653442383,2.837575674057007,3.115154981613159,1.1432932615280151,-0.6080327033996582,2.5859413146972656
1781548244887782,176490666,-0.600699245929718,-0.5077806115150452,0.307278573513031,-0.5356296300888062,9.10517692565918,2.8456335067749023,3.1238503456115723,-0.16102705895900726,0.7334517240524292,2.569498300552368
1781548244889695,176507333,-0.6005544662475586,-0.5077528953552246,0.3073124587535858,-0.535798966884613,9.107332229614258,2.887439250946045,3.121412754058838,0.9680512547492981,0.3944932520389557,1.9184106588363647
1781548244920373,176524000,-0.6005150675773621,-0.5076329708099365,0.30741482973098755,-0.5358978509902954,9.108099937438965,2.912083387374878,3.1210639476776123,-0.1811714470386505,0.4286861717700958,1.6740525960922241
1781548244922084,176540667,-0.6007176637649536,-0.5071533918380737,0.30769598484039307,-0.5359637141227722,9.087648391723633,2.9124879837036133,3.1407485008239746,-3.2117562294006348,1.419283151626587,2.038867235183716
1781548244947917,176557334,-0.6009913682937622,-0.5065528750419617,0.3081805408000946,-0.5359463691711426,9.1376953125,2.8455121517181396,3.090013027191162,-4.826059818267822,0.9020472168922424,2.4173073768615723
1781548244978121,176574001,-0.6014909744262695,-0.5056579113006592,0.3088410794734955,-0.5358508229255676,9.204272270202637,2.7674529552459717,3.041292190551758,-7.7954325675964355,1.4209481477737427,2.4494266510009766
1781548244980169,176590668,-0.6021285057067871,-0.5047203898429871,0.3094008266925812,-0.5356960296630859,9.198990821838379,2.689584970474243,2.999314785003662,-8.209603309631348,2.0809109210968018,1.4340490102767944
1781548245039428,176607335,-0.6027997732162476,-0.5039259195327759,0.309772789478302,-0.5354737639427185,9.107810974121094,2.6076254844665527,2.948981761932373,-7.082707405090332,2.199702501296997,0.10871953517198563
1781548245040381,176624002,-0.6032089591026306,-0.5036066770553589,0.3097072243690491,-0.5353512167930603,9.03905200958252,2.5483038425445557,2.9768786430358887,-2.465555191040039,2.0255355834960938,-1.0699577331542969
1781548245041784,176640669,-0.6031104922294617,-0.5040343999862671,0.3091294765472412,-0.535393476486206,8.998736381530762,2.59049916267395,2.9485630989074707,4.888420581817627,0.9689348936080933,-1.795488715171814
1781548245098388,176657336,-0.6026036143302917,-0.5049534440040588,0.30828166007995605,-0.535586953163147,8.99096965789795,2.739049196243286,2.949904680252075,9.489398956298828,-0.11398934572935104,-1.7006964683532715
1781548245099778,176674003,-0.6020469665527344,-0.505903422832489,0.30744442343711853,-0.5357979536056519,9.006723403930664,2.9024410247802734,3.0230562686920166,9.610625267028809,-0.37027016282081604,-1.5314608812332153
1781548245101043,176690670,-0.6017740368843079,-0.5064943432807922,0.30703866481781006,-0.535778820514679,9.067520141601562,3.0101630687713623,3.030578851699829,5.247805118560791,-0.9768170714378357,-1.2080230712890625
1781548245128196,176707337,-0.6018105149269104,-0.5066209435462952,0.30705925822257996,-0.5356063842773438,9.127376556396484,2.996520519256592,2.9736413955688477,0.370519757270813,-0.9074580073356628,-0.512100338935852
1781548245129935,176724004,-0.6019731163978577,-0.5065609216690063,0.30721166729927063,-0.5353929996490479,9.098356246948242,2.9337069988250732,2.9956562519073486,-1.4951797723770142,-0.6665193438529968,-0.3196593225002289
1781548245132320,176740671,-0.602187991142273,-0.5065258145332336,0.3073815703392029,-0.5350867509841919,9.035542488098145,2.863309621810913,2.996932029724121,-2.001952886581421,-1.094264030456543,-0.9418686032295227
1781548245158313,176757338,-0.6023615598678589,-0.5066508054733276,0.30757012963294983,-0.5346647500991821,9.058579444885254,2.825194835662842,3.0387372970581055,-1.3302723169326782,-2.1968140602111816,-1.4852674007415771
1781548245159333,176774005,-0.6025418043136597,-0.506700336933136,0.3077004551887512,-0.534339427947998,9.080422401428223,2.785991668701172,3.0610551834106445,-1.2450846433639526,-1.3266353607177734,-1.1513550281524658
1781548245189160,176790672,-0.6025887131690979,-0.506832480430603,0.307675302028656,-0.5341757535934448,9.025293350219727,2.8105859756469727,3.0437533855438232,0.4913860261440277,-0.7001872062683105,-0.702850878238678
1781548245190863,176807339,-0.6025324463844299,-0.507047176361084,0.3075990378856659,-0.5340795516967773,9.013360977172852,2.841564893722534,3.0276381969451904,1.6045141220092773,-0.7504777312278748,-0.3712945282459259
1781548245218313,176824006,-0.6024726033210754,-0.5073015689849854,0.30752232670783997,-0.5339493155479431,9.016951560974121,2.8603506088256836,3.0353753566741943,1.7477145195007324,-1.0091402530670166,-0.5721108913421631
1781548245220508,176840673,-0.6024635434150696,-0.5074813365936279,0.3075398802757263,-0.5337788462638855,9.053078651428223,2.852490186691284,3.0260767936706543,0.673902153968811,-1.2068960666656494,-0.48986855149269104
1781548245247916,176857340,-0.6024367213249207,-0.5076552629470825,0.30751579999923706,-0.533657431602478,9.101912498474121,2.837892770767212,2.9878008365631104,0.9239077568054199,-0.8927178978919983,-0.36888688802719116
1781548245278191,176874007,-0.6023262143135071,-0.5079860091209412,0.3073032796382904,-0.5335898995399475,9.088552474975586,2.893019199371338,2.9979450702667236,2.710918426513672,-0.6643805503845215,-0.8150216937065125
1781548245280655,176890674,-0.6023809909820557,-0.5081110596656799,0.3072502911090851,-0.5334395170211792,9.073761940002441,2.9352283477783203,3.0110220909118652,0.5674941539764404,-0.49582338333129883,-0.7574443221092224
1781548245308119,176907341,-0.6026103496551514,-0.5080868601799011,0.3073452115058899,-0.5331485867500305,9.10258674621582,2.8651177883148193,2.9636502265930176,-1.538324236869812,-0.6954231858253479,-1.1601015329360962
1781548245338076,176924008,-0.6027241349220276,-0.508182942867279,0.3073243498802185,-0.5329407453536987,9.121305465698242,2.841672897338867,2.9391980171203613,0.06275751441717148,-0.5794232487678528,-1.0186169147491455
1781548245340032,176940675,-0.6024898886680603,-0.5086436867713928,0.3069019913673401,-0.5330092906951904,9.04227066040039,2.8960649967193604,2.986024856567383,4.77160120010376,-0.04411787539720535,-0.7953895926475525
1781548245342246,176957342,-0.6022136211395264,-0.5090758204460144,0.30666404962539673,-0.5330459475517273,9.024650573730469,2.9784066677093506,3.0335350036621094,4.297266960144043,-0.8290830850601196,0.009662391617894173
1781548245370735,176974009,-0.6020399928092957,-0.5093107223510742,0.30663028359413147,-0.533037006855011,9.046429634094238,3.041121482849121,3.005387544631958,2.07257342338562,-0.9583120346069336,0.5089179873466492
1781548245373104,176990676,-0.6021616458892822,-0.5092435479164124,0.30686265230178833,-0.5328298807144165,9.069708824157715,2.9987990856170654,2.985302686691284,-1.7833353281021118,-1.0801388025283813,0.11831145733594894
1781548245398469,177007343,-0.6026529669761658,-0.5087162852287292,0.30746394395828247,-0.5324314832687378,9.099514961242676,2.892162322998047,2.9544358253479004,-6.596717357635498,-0.7677151560783386,0.2799660563468933
1781548245428482,177024010,-0.6029995679855347,-0.5083304047584534,0.3078567683696747,-0.5321805477142334,9.139183044433594,2.792604684829712,2.9022631645202637,-4.311834335327148,-0.17508843541145325,0.43115779757499695
1781548245429814,177040677,-0.6029519438743591,-0.5084551572799683,0.3077230453491211,-0.5321927070617676,9.111912727355957,2.8442931175231934,2.920003890991211,1.7341526746749878,0.245773047208786,0.06478092074394226
1781548245458869,177057344,-0.6028085947036743,-0.508676290512085,0.3075779974460602,-0.5322275161743164,9.087610244750977,2.932499408721924,2.9573793411254883,2.6539814472198486,-0.15325358510017395,0.2962684631347656
1781548245460820,177074011,-0.6027779579162598,-0.5087921023368835,0.30757489800453186,-0.5321533679962158,9.130532264709473,2.9613680839538574,2.9924614429473877,0.93784099817276,-0.5410170555114746,0.10805357247591019
1781548245487667,177090678,-0.6027280688285828,-0.5088737607002258,0.3075679540634155,-0.5321357846260071,9.164959907531738,2.941952705383301,2.972191572189331,0.9678590297698975,-0.2518368661403656,0.46193140745162964
1781548245490109,177107345,-0.6025391221046448,-0.5090242028236389,0.3074648976325989,-0.5322654247283936,9.108356475830078,2.9477732181549072,2.9658291339874268,2.329993486404419,0.09301891922950745,1.0759319067001343
1781548245518562,177124012,-0.6026220321655273,-0.5088449716567993,0.3076455295085907,-0.5322386026382446,9.056126594543457,2.934041738510132,2.9663546085357666,-1.3294399976730347,0.15956072509288788,1.1313321590423584
1781548245520133,177140679,-0.6030017733573914,-0.5083916783332825,0.3079918622970581,-0.5320411920547485,9.04409122467041,2.8574490547180176,2.887054681777954,-4.344976902008057,0.5456337332725525,0.5385390520095825
1781548245548547,177157346,-0.6032209992408752,-0.5082080364227295,0.308130145072937,-0.5318878889083862,9.013850212097168,2.780935049057007,2.835134744644165,-1.832562804222107,0.23072555661201477,0.003617793321609497
1781548245578025,177174013,-0.6031896471977234,-0.5082978010177612,0.3080485463142395,-0.5318850874900818,9.025315284729004,2.770193576812744,2.8651585578918457,1.266669750213623,0.12753203511238098,0.18541672825813293
1781548245579637,177190680,-0.6029694676399231,-0.5086086392402649,0.30779099464416504,-0.5319867134094238,9.0689115524292,2.8832080364227295,2.9571943283081055,3.726654529571533,0.019933084025979042,0.23239043354988098
1781548245608612,177207347,-0.6028048396110535,-0.5088677406311035,0.30762097239494324,-0.5320238471031189,9.111452102661133,2.982130289077759,2.9399642944335938,2.746609926223755,-0.2974402904510498,0.13983894884586334
1781548245610444,177224014,-0.6028234362602234,-0.5089291334152222,0.3077307343482971,-0.5318807363510132,9.1441011428833,2.9787583351135254,2.91084623336792,-0.10028652101755142,-0.9717585444450378,0.12590563297271729
1781548245637937,177240681,-0.6028494238853455,-0.5089744925498962,0.3077709972858429,-0.5317844152450562,9.128007888793945,2.911561965942383,2.9127886295318604,0.1716115027666092,-0.4412428140640259,0.08738413453102112
1781548245640088,177257348,-0.6025634407997131,-0.5093322992324829,0.3076450228691101,-0.5318389534950256,9.059886932373047,2.8892154693603516,2.9364984035491943,3.4693233966827393,-1.0321403741836548,0.6054649353027344
1781548245668245,177274015,-0.6022589802742004,-0.5095998644828796,0.3076135516166687,-0.5319454073905945,9.05034065246582,2.9212450981140137,2.979321241378784,2.811448574066162,-0.985640823841095,1.3730008602142334
1781548245669538,177290682,-0.6022003889083862,-0.5095473527908325,0.30781179666519165,-0.5319476127624512,9.043187141418457,2.867227554321289,2.9873220920562744,-0.37215253710746765,-0.5913076996803284,1.5452847480773926
1781548245697835,177307349,-0.602023720741272,-0.5097167491912842,0.3077525794506073,-0.5320197939872742,9.088776588439941,2.8647994995117188,2.951873302459717,2.1260013580322266,-0.31909582018852234,0.9190413355827332
1781548245729106,177324016,-0.6016497611999512,-0.5101851224899292,0.30741825699806213,-0.5321869254112244,9.166004180908203,2.9654788970947266,2.9582388401031494,5.141051769256592,-0.39581871032714844,0.3989754319190979
1781548245730893,177340683,-0.6014949679374695,-0.5103630423545837,0.3073199987411499,-0.5322480797767639,9.162245750427246,3.0568814277648926,2.9909040927886963,2.173013687133789,-0.1901358813047409,0.6285677552223206
1781548245759793,177357350,-0.6017267107963562,-0.5099843740463257,0.3076785206794739,-0.5321418046951294,9.116311073303223,3.019914150238037,3.0327563285827637,-3.6600427627563477,0.14049209654331207,1.2527621984481812
1781548245761281,177374017,-0.6021198630332947,-0.5093148350715637,0.3082818388938904,-0.5319891571998596,9.058226585388184,2.8986988067626953,2.999082088470459,-6.312429904937744,0.4047127366065979,1.9793815612792969
1781548245788410,177390684,-0.6023261547088623,-0.5087594985961914,0.30875587463378906,-0.532011866569519,9.037581443786621,2.799471378326416,2.9422662258148193,-4.3645453453063965,0.7330932021141052,2.686919927597046
1781548245789503,177407351,-0.6022449135780334,-0.5085377097129822,0.3088718056678772,-0.5322486758232117,9.05502986907959,2.775620937347412,2.9323434829711914,0.0013382637407630682,1.199794888496399,2.733253002166748
1781548245819811,177424018,-0.6019060015678406,-0.5087816119194031,0.3085367679595947,-0.5325934290885925,9.075936317443848,2.832066297531128,2.8760716915130615,4.689897537231445,1.18730890750885,1.5503816604614258
1781548245820777,177440685,-0.6014672517776489,-0.5092481970787048,0.30819371342658997,-0.5328419208526611,9.122712135314941,2.9607322216033936,2.920898675918579,5.5207343101501465,-0.22427761554718018,0.932411253452301
1781548245847811,177457352,-0.6013953685760498,-0.5092542171478271,0.30822449922561646,-0.5328991413116455,9.174068450927734,3.0100514888763428,2.9892144203186035,0.5331987738609314,0.017397427931427956,1.0758295059204102
1781548245878228,177474019,-0.601601243019104,-0.5089043974876404,0.3085609972476959,-0.5328064560890198,9.13732624053955,2.9050326347351074,2.916504144668579,-3.281857490539551,0.14054328203201294,1.2830488681793213
1781548245879084,177490686,-0.6016082763671875,-0.5087664723396301,0.308878630399704,-0.5327460765838623,9.12437629699707,2.8257551193237305,2.8927698135375977,-1.437461495399475,-0.8242935538291931,1.6727590560913086
1781548245907719,177507353,-0.6013739705085754,-0.5088473558425903,0.30907705426216125,-0.532818078994751,9.152417182922363,2.861670732498169,2.9039881229400635,0.8910850286483765,-1.225080966949463,2.178776264190674
1781548245909750,177524020,-0.6012116074562073,-0.5088392496109009,0.3093287944793701,-0.5328630208969116,9.147045135498047,2.9164154529571533,2.914294719696045,0.03295714408159256,-1.0563957691192627,2.184116840362549
1781548245937813,177540687,-0.6012859344482422,-0.5086866617202759,0.3096783459186554,-0.532721757888794,9.096635818481445,2.885646104812622,2.9428889751434326,-2.0974364280700684,-1.0639770030975342,1.2117429971694946
1781548245940542,177557354,-0.6014785170555115,-0.5084787607192993,0.31008416414260864,-0.5324670076370239,9.005291938781738,2.8066389560699463,2.996561288833618,-3.1793298721313477,-1.2374391555786133,0.6268259286880493
1781548245967725,177574021,-0.6014484763145447,-0.5085759162902832,0.31040123105049133,-0.5322230458259583,8.990166664123535,2.742532253265381,2.9739205837249756,-0.7229953408241272,-2.4027531147003174,0.5472345352172852
1781548245998213,177590688,-0.6010932326316833,-0.5089368224143982,0.31053847074508667,-0.5321993827819824,9.087532997131348,2.737046480178833,2.940295934677124,2.5936126708984375,-2.5596566200256348,1.44430673122406
1781548246000570,177607355,-0.6006157994270325,-0.5093453526496887,0.3104785680770874,-0.532382607460022,9.186001777648926,2.8671255111694336,2.966627597808838,4.347493648529053,-1.4666730165481567,1.944240927696228
1781548246028464,177624022,-0.6003051996231079,-0.5096262097358704,0.3103845417499542,-0.5325189828872681,9.188617706298828,2.983755350112915,2.953056573867798,3.203514575958252,-0.683730959892273,1.275236964225769
1781548246032222,177640689,-0.6004356145858765,-0.5095778703689575,0.31063026189804077,-0.5322749018669128,9.128274917602539,2.9859936237335205,2.9850261211395264,-1.7045637369155884,-1.2569688558578491,-0.0006018984713591635
1781548246059636,177657356,-0.6010551452636719,-0.5091974139213562,0.3111812472343445,-0.5316175818443298,9.089898109436035,2.8588976860046387,3.0292112827301025,-7.000516414642334,-1.7697484493255615,-1.7841683626174927
1781548246060209,177674023,-0.601556658744812,-0.5088930726051331,0.31162258982658386,-0.5310825705528259,9.041919708251953,2.6496472358703613,2.9673376083374023,-5.359073638916016,-1.342528223991394,-1.3143157958984375
1781548246089188,177690690,-0.6012143492698669,-0.509289562702179,0.3112926483154297,-0.5312837958335876,8.9415922164917,2.63750958442688,2.9943811893463135,5.034336566925049,0.10122780501842499,0.6577919125556946
1781548246117918,177707357,-0.6004639267921448,-0.510050356388092,0.3106134533882141,-0.5317999124526978,8.994478225708008,2.7934212684631348,3.1577675342559814,9.722064971923828,0.3835951089859009,1.3851799964904785
1781548246120219,177724024,-0.6000564694404602,-0.5103046894073486,0.3100913166999817,-0.5323201417922974,9.186644554138184,2.9092350006103516,3.223788261413574,5.8253984451293945,2.3219518661499023,1.7686535120010376
1781548246122233,177740691,-0.5998892188072205,-0.5101004838943481,0.30943381786346436,-0.5330867767333984,9.267553329467773,3.0115578174591064,3.1006360054016113,4.28665018081665,5.987308502197266,2.463090181350708
1781548246147815,177757358,-0.5999704003334045,-0.5094249844551086,0.3090457320213318,-0.533865749835968,9.222705841064453,3.1103289127349854,3.017512083053589,0.34029680490493774,7.123872756958008,3.4985482692718506
1781548246177960,177774025,-0.6009225249290466,-0.5077512264251709,0.30941376090049744,-0.5341761112213135,9.286348342895508,3.085186243057251,3.0459136962890625,-10.648909568786621,7.863020420074463,3.1217098236083984
1781548246208895,177790692,-0.6026015281677246,-0.5054264664649963,0.3099159896373749,-0.5341983437538147,9.221182823181152,2.937196731567383,2.9869954586029053,-16.853679656982422,10.27912712097168,1.1569849252700806
1781548246209521,177807359,-0.6042218804359436,-0.5033567547798157,0.31033268570899963,-0.5340802669525146,9.042278289794922,2.7807810306549072,2.9128835201263428,-15.533285140991211,9.097736358642578,-0.03453876078128815
1781548246210973,177824026,-0.6056849360466003,-0.5017426609992981,0.31076860427856445,-0.5336884260177612,8.97783088684082,2.634983539581299,2.903329610824585,-13.721875190734863,6.0697221755981445,-1.4904297590255737
1781548246269188,177840693,-0.606908917427063,-0.5004159808158875,0.31120792031288147,-0.5332872867584229,8.9950590133667,2.49487566947937,2.869985580444336,-11.890868186950684,4.411245822906494,-1.307247281074524
1781548246271178,177857360,-0.6073930859565735,-0.4999141991138458,0.31108543276786804,-0.5332779884338379,9.10779857635498,2.4362881183624268,2.8395185470581055,-2.9411704540252686,3.515157461166382,-0.6367830038070679
1781548246272930,177874027,-0.6070831418037415,-0.5003665089607239,0.31001415848731995,-0.5338302850723267,9.217158317565918,2.637991189956665,2.7983810901641846,8.157180786132812,4.123024940490723,-0.7819047570228577
1781548246297867,177890694,-0.6064781546592712,-0.5014886856079102,0.308444082736969,-0.5343742966651917,9.16640567779541,2.957742691040039,2.74424147605896,14.180668830871582,3.2098565101623535,-2.742238759994507
1781548246329051,177907361,-0.6061288714408875,-0.5025146007537842,0.30757132172584534,-0.5343101024627686,9.043185234069824,3.1131346225738525,2.8840184211730957,8.851053237915039,-0.9570187926292419,-3.675180196762085
1781548246331106,177924028,-0.6067620515823364,-0.5024712085723877,0.3078882396221161,-0.5334487557411194,9.003540992736816,3.001596212387085,3.0681674480438232,-4.959362506866455,-2.633267879486084,-4.201674461364746
1781548246333898,177940695,-0.6077165007591248,-0.5019665956497192,0.30855250358581543,-0.5324527025222778,8.984561920166016,2.719149589538574,2.9780778884887695,-9.552733421325684,-2.1759660243988037,-3.764760732650757
1781548246358300,177957362,-0.6081610321998596,-0.5019784569740295,0.30855274200439453,-0.531933605670929,8.956101417541504,2.575631856918335,2.9288511276245117,-2.157921552658081,-0.7175654768943787,-3.282076120376587
1781548246360373,177974029,-0.6081065535545349,-0.502705454826355,0.30793192982673645,-0.5316687822341919,9.031842231750488,2.6814873218536377,2.956273078918457,5.338269233703613,-0.9251564145088196,-4.063685417175293
1781548246388234,177990696,-0.607713520526886,-0.5039079189300537,0.30693286657333374,-0.5315577387809753,9.091371536254883,2.929201126098633,3.0612616539001465,9.790081024169922,-1.395867109298706,-4.6372199058532715
1781548246390622,178007363,-0.6080082654953003,-0.5043116807937622,0.3063211739063263,-0.5311905145645142,9.095526695251465,3.138030529022217,3.2612388134002686,2.508065938949585,0.5912116169929504,-5.060595512390137
1781548246419147,178024030,-0.6090198159217834,-0.5041623115539551,0.30626174807548523,-0.5302068591117859,9.061527252197266,3.054046630859375,3.203925609588623,-5.729639053344727,-0.365211546421051,-7.217006683349609
1781548246423676,178040697,-0.6101789474487305,-0.5038232207298279,0.30648618936538696,-0.5290653705596924,9.04256534576416,2.827629804611206,3.129065990447998,-8.255245208740234,-1.0517858266830444,-6.982703685760498
1781548246448212,178057364,-0.6109700202941895,-0.5037871599197388,0.30615437030792236,-0.528378427028656,8.958169937133789,2.6516799926757812,3.135584592819214,-2.767606735229492,0.9668349623680115,-6.315658092498779
1781548246478183,178074031,-0.6110230684280396,-0.504462718963623,0.3051900267601013,-0.528230607509613,8.93781852722168,2.7443156242370605,3.160438299179077,6.18986701965332,1.3447245359420776,-5.066987037658691
1781548246479923,178090698,-0.610643208026886,-0.5055460333824158,0.3039937913417816,-0.5283237099647522,9.005847930908203,2.9666552543640137,3.0801146030426025,10.760188102722168,0.7679523825645447,-4.139795303344727
1781548246507698,178107365,-0.6103274822235107,-0.506511926651001,0.30294865369796753,-0.5283637046813965,9.105260848999023,3.1575872898101807,3.050506830215454,9.406208992004395,0.5166019201278687,-3.817586660385132
1781548246509540,178124032,-0.6104973554611206,-0.5069282650947571,0.3021414875984192,-0.5282303094863892,9.116329193115234,3.2328059673309326,3.1213862895965576,4.165182590484619,1.916092872619629,-4.341609477996826
1781548246538337,178140699,-0.6110106110572815,-0.5070475935935974,0.3016238510608673,-0.5278181433677673,9.128247261047363,3.229682683944702,3.1161909103393555,0.09079062938690186,1.5209015607833862,-5.132401466369629
1781548246540338,178157366,-0.6118856072425842,-0.5067784190177917,0.30140218138694763,-0.527189314365387,9.22313117980957,3.172950506210327,3.0715560913085938,-4.338983535766602,1.6778303384780884,-5.522329330444336
1781548246569157,178174033,-0.6128371357917786,-0.5063729882240295,0.3011615574359894,-0.5266109704971313,9.159820556640625,3.085296392440796,2.9935414791107178,-4.798924446105957,2.6547889709472656,-5.3004469871521
1781548246570956,178190700,-0.6133608818054199,-0.5063535571098328,0.30062511563301086,-0.5263264775276184,9.008167266845703,3.040761947631836,3.025890588760376,-0.13874401152133942,2.5966989994049072,-4.38810920715332
1781548246598609,178207367,-0.613405168056488,-0.5068787336349487,0.29983869194984436,-0.5262179374694824,8.961091041564941,3.1471853256225586,3.126368284225464,5.267284393310547,1.358798623085022,-3.849435329437256
1781548246627875,178224034,-0.6133226752281189,-0.5074204206466675,0.2991252541542053,-0.5261979699134827,8.94861125946045,3.312894105911255,3.1792025566101074,5.378353595733643,0.931770920753479,-2.9051334857940674
1781548246688426,178240701,-0.6138454675674438,-0.5071700215339661,0.2990403175354004,-0.5258776545524597,8.846195220947266,3.32071852684021,3.1928012371063232,-2.8280138969421387,1.390635371208191,-2.4930381774902344
1781548246690313,178257368,-0.6147876977920532,-0.5064394474029541,0.29945293068885803,-0.5252457857131958,8.838079452514648,3.1431844234466553,3.129591703414917,-8.85345458984375,0.7687589526176453,-2.634791851043701
1781548246692118,178274035,-0.6157487034797668,-0.5057551860809326,0.29982125759124756,-0.5245688557624817,8.927570343017578,2.9532663822174072,3.0516650676727295,-8.639498710632324,0.6770142316818237,-3.1366217136383057
1781548246717856,178290702,-0.6163367629051208,-0.5056222081184387,0.29969096183776855,-0.5240806937217712,8.985575675964355,2.9221303462982178,3.0221469402313232,-2.70699405670166,0.7256398797035217,-3.8241302967071533
1781548246719827,178307369,-0.6167932152748108,-0.5056679844856262,0.2993588149547577,-0.5236895680427551,8.994433403015137,2.9701857566833496,3.0692474842071533,-0.602000892162323,0.9904494881629944,-4.0217061042785645
1781548246721284,178324036,-0.6169868111610413,-0.5061610341072083,0.29868394136428833,-0.523370087146759,8.957535743713379,3.036957025527954,3.0862960815429688,3.646076202392578,0.5609116554260254,-4.86444091796875
1781548246748359,178340703,-0.6168217062950134,-0.5070908665657043,0.2977401614189148,-0.5232024788856506,8.912740707397461,3.133538246154785,3.1926252841949463,7.948166370391846,-0.10511454939842224,-4.789832592010498
1781548246750558,178357370,-0.616736114025116,-0.5079392790794373,0.29694437980651855,-0.5229325890541077,8.870498657226562,3.296318292617798,3.265174627304077,6.570907115936279,-0.637973964214325,-4.831516742706299
1781548246778095,178374037,-0.616956353187561,-0.5083562731742859,0.2966214716434479,-0.5224506855010986,8.820679664611816,3.3911170959472656,3.3008172512054443,1.5274969339370728,-1.2129793167114258,-4.3011932373046875
1781548246781105,178390704,-0.617716372013092,-0.5080714225769043,0.29699626564979553,-0.5216161608695984,8.860374450683594,3.3534116744995117,3.262507200241089,-6.575254917144775,-1.7881381511688232,-3.870899200439453
1781548246809651,178407371,-0.6187579035758972,-0.5074386596679688,0.2975088059902191,-0.5207046270370483,8.95134162902832,3.215667247772217,3.2383599281311035,-9.629098892211914,-0.7990781664848328,-3.996044158935547
1781548246812130,178424038,-0.6195827126502991,-0.5072261691093445,0.29745396971702576,-0.5199617743492126,8.999338150024414,3.150977611541748,3.2034504413604736,-4.729423522949219,0.24691283702850342,-5.349212646484375
1781548246838890,178440705,-0.6201914548873901,-0.5073700547218323,0.2970130443572998,-0.5193474888801575,9.01076602935791,3.2035834789276123,3.267658233642578,-0.8049944043159485,0.6274663209915161,-6.100945472717285
1781548246869787,178457372,-0.620939314365387,-0.507267415523529,0.2966420352458954,-0.5187657475471497,9.045950889587402,3.312955856323242,3.29286527633667,-2.510211229324341,1.61203134059906,-5.706740856170654
1781548246870300,178474039,-0.6220930814743042,-0.5065317153930664,0.2965596914291382,-0.5181491374969482,9.053084373474121,3.305219888687134,3.2705817222595215,-7.741761684417725,3.3403518199920654,-5.009371757507324
1781548246871992,178490706,-0.623289942741394,-0.5057289004325867,0.29637959599494934,-0.5175975561141968,9.022706985473633,3.221723794937134,3.1380081176757812,-7.719938278198242,4.302582740783691,-5.096902847290039
1781548246898016,178507373,-0.6241980791091919,-0.5053533315658569,0.2959569990634918,-0.517111599445343,8.973871231079102,3.2307066917419434,3.1154282093048096,-3.843468189239502,3.4782755374908447,-5.485588073730469
1781548246928063,178524040,-0.6250998377799988,-0.5050100088119507,0.2955538332462311,-0.516588032245636,8.95707893371582,3.278102159500122,3.1465342044830322,-3.8635613918304443,3.124103307723999,-5.634922981262207
1781548246929338,178540707,-0.6258460879325867,-0.5049235224723816,0.29492419958114624,-0.5161285996437073,8.949943542480469,3.3172595500946045,3.12609601020813,-1.2741808891296387,3.0956990718841553,-6.111268520355225
1781548246959050,178557374,-0.6264073848724365,-0.505078136920929,0.29409560561180115,-0.5157691240310669,8.894070625305176,3.392069101333618,3.2058517932891846,1.312004566192627,3.0674867630004883,-6.205677509307861
1781548246960065,178574041,-0.6270529627799988,-0.5051636099815369,0.29342326521873474,-0.5152835249900818,8.864542961120605,3.482266902923584,3.2396059036254883,-0.08887607604265213,2.371845006942749,-6.365370750427246
1781548246987853,178590708,-0.628021240234375,-0.5048199892044067,0.2930314242839813,-0.5146639943122864,8.8353853225708,3.5080437660217285,3.2339706420898438,-4.33597469329834,2.8638010025024414,-6.250575065612793
1781548246989859,178607375,-0.6292107701301575,-0.504210352897644,0.2926982045173645,-0.5139977931976318,8.738852500915527,3.5069754123687744,3.189826250076294,-6.550271034240723,3.8373920917510986,-6.493936061859131
1781548247019071,178624042,-0.6307523846626282,-0.5031729340553284,0.29263731837272644,-0.5131589770317078,8.631059646606445,3.406680107116699,3.146268129348755,-10.921403884887695,4.28454065322876,-6.6761345863342285
1781548247021584,178640709,-0.632374107837677,-0.5020617246627808,0.2928723096847534,-0.512116551399231,8.567340850830078,3.2395522594451904,3.071035623550415,-12.972536087036133,2.7185275554656982,-6.669859409332275
1781548247048062,178657376,-0.6338838934898376,-0.5009952187538147,0.29308921098709106,-0.5111691355705261,8.58696174621582,3.031522035598755,3.038956642150879,-12.13815975189209,2.7421674728393555,-6.015722274780273
1781548247078022,178674043,-0.6345987915992737,-0.5010054707527161,0.2923971712589264,-0.5106682181358337,8.637106895446777,2.9797234535217285,2.973442554473877,-0.6136034727096558,2.855015993118286,-6.577713489532471
1781548247079703,178690710,-0.6344299912452698,-0.5022768974304199,0.2907411754131317,-0.5105744004249573,8.676494598388672,3.1508588790893555,3.0044355392456055,12.137937545776367,2.260392904281616,-7.553588390350342
1781548247108309,178707377,-0.6336470246315002,-0.5043883323669434,0.28858599066734314,-0.510688066482544,8.698517799377441,3.501107931137085,3.115171194076538,20.089183807373047,0.9782851338386536,-7.896626949310303
1781548247110205,178724044,-0.6329512596130371,-0.5062073469161987,0.2868979573249817,-0.5107021331787109,8.734960556030273,3.7789294719696045,3.2631232738494873,16.67681121826172,-0.2018539011478424,-6.435671329498291
1781548247138494,178740711,-0.6326649785041809,-0.5072053074836731,0.28591275215148926,-0.5106192231178284,8.803373336791992,3.839928388595581,3.3063321113586426,9.014654159545898,0.09100834280252457,-4.231116771697998
1781548247139438,178757378,-0.6325377225875854,-0.5077856779098511,0.285225510597229,-0.51058429479599,8.856664657592773,3.8280770778656006,3.2845444679260254,5.699216842651367,0.7431973814964294,-2.717174768447876
1781548247168365,178774045,-0.6326100826263428,-0.5081251263618469,0.2847108244895935,-0.5104440450668335,8.798762321472168,3.8223559856414795,3.308804750442505,3.1374597549438477,0.8613871932029724,-2.8024392127990723
1781548247169680,178790712,-0.6332244873046875,-0.5078638195991516,0.2847921550273895,-0.5098966956138611,8.813291549682617,3.7687604427337646,3.3516528606414795,-4.258534908294678,0.015642959624528885,-3.217698574066162
1781548247228686,178807379,-0.6343153119087219,-0.5071958303451538,0.2851964235305786,-0.5089788436889648,8.83740234375,3.576091766357422,3.261117458343506,-9.540977478027344,-0.3225664496421814,-4.572828769683838
1781548247230228,178824046,-0.6352468729019165,-0.5068544745445251,0.2853762209415436,-0.5080557465553284,8.74496841430664,3.3646938800811768,3.152585744857788,-6.794652462005615,-0.819388747215271,-5.464751243591309
1781548247233172,178840713,-0.6356045007705688,-0.507190465927124,0.28506243228912354,-0.5074487924575806,8.654626846313477,3.2641847133636475,3.178745985031128,0.5088539719581604,-1.0540268421173096,-5.128418445587158
1781548247259355,178857380,-0.6350473761558533,-0.5083975791931152,0.2839258015155792,-0.5075758695602417,8.523571968078613,3.3793997764587402,3.1466360092163086,11.804943084716797,0.2648674249649048,-3.3104684352874756
1781548247260932,178874047,-0.6340071558952332,-0.5098551511764526,0.2825642228126526,-0.508173406124115,8.511630058288574,3.6343319416046143,3.235837697982788,16.291440963745117,1.0749083757400513,-0.845271110534668
1781548247288395,178890714,-0.6328038573265076,-0.5113341212272644,0.281495064496994,-0.5087801814079285,8.646441459655762,3.8658978939056396,3.2664706707000732,15.960126876831055,-0.5557193160057068,0.7511892318725586
1781548247289750,178907381,-0.6317973732948303,-0.512744128704071,0.28065451979637146,-0.5090762972831726,8.780878067016602,4.072452545166016,3.326582193374634,13.56743335723877,-2.019780397415161,-0.35090702772140503
1781548247318877,178924048,-0.6318272352218628,-0.5133101940155029,0.28061795234680176,-0.508488655090332,8.875524520874023,4.069931983947754,3.31032657623291,1.7243046760559082,-3.6761910915374756,-3.3553919792175293
1781548247319788,178940715,-0.6323865056037903,-0.5132485628128052,0.28127753734588623,-0.507490336894989,8.937177658081055,3.8338565826416016,3.094780445098877,-6.09414529800415,-4.9329423904418945,-3.3203794956207275
1781548247348073,178957382,-0.6325792074203491,-0.5129632353782654,0.281767874956131,-0.5072664618492126,8.8486909866333,3.6374504566192627,3.094080924987793,-3.6623470783233643,-1.3831242322921753,1.1695590019226074
1781548247378424,178974049,-0.6322387456893921,-0.5128533244132996,0.28198203444480896,-0.5076828002929688,8.644015312194824,3.5912163257598877,3.3024556636810303,1.1849524974822998,0.4321311414241791,4.499812126159668
1781548247379931,178990716,-0.6318265199661255,-0.5130392909049988,0.28218555450439453,-0.5078951716423035,8.628122329711914,3.5984675884246826,3.4140207767486572,2.323692798614502,-1.4303793907165527,3.236503839492798
1781548247408109,179007383,-0.6316825747489929,-0.5134706497192383,0.28204572200775146,-0.5077158808708191,8.7713623046875,3.6731343269348145,3.28112530708313,2.90716290473938,-1.647050142288208,-1.0794342756271362
1781548247409506,179024050,-0.6318660378456116,-0.5137930512428284,0.28205612301826477,-0.5071552395820618,8.78462028503418,3.7271387577056885,3.1456871032714844,0.008573850616812706,-2.633331298828125,-3.1394379138946533
1781548247438457,179040717,-0.6325882077217102,-0.5134649276733398,0.2826342284679413,-0.506264865398407,8.752747535705566,3.558077812194824,3.1223349571228027,-7.3424577713012695,-2.9522864818573,-3.184286594390869
1781548247440670,179057384,-0.6330680847167969,-0.5132086277008057,0.28308069705963135,-0.5056749582290649,8.709968566894531,3.3220300674438477,2.9936792850494385,-5.130915641784668,-2.039641857147217,-1.638047456741333
1781548247468486,179074051,-0.632533073425293,-0.513938307762146,0.28263944387435913,-0.5058503150939941,8.62122917175293,3.268249273300171,2.983734607696533,7.324982643127441,-0.8754293322563171,0.17176517844200134
1781548247470098,179090718,-0.6311101317405701,-0.5157461762428284,0.2813473045825958,-0.5065075159072876,8.629651069641113,3.47192645072937,3.100968837738037,19.0449161529541,-0.948221743106842,0.2532650828361511
1781548247497935,179107385,-0.6293146014213562,-0.5183894634246826,0.27948153018951416,-0.5070757865905762,8.696439743041992,3.910961866378784,3.147080659866333,25.815336227416992,-2.4050378799438477,-2.4864866733551025
1781548247528366,179124052,-0.6280080080032349,-0.5203953385353088,0.27832406759262085,-0.5072774291038513,8.687154769897461,4.229703903198242,3.196324586868286,18.135215759277344,-3.616364002227783,-2.0294501781463623
1781548247529241,179140719,-0.6278477907180786,-0.5207619667053223,0.27864181995391846,-0.506925106048584,8.717706680297852,4.154506683349609,3.262017250061035,0.7688739895820618,-4.049444675445557,0.0036177937872707844
1781548247558064,179157386,-0.6282362937927246,-0.5204428434371948,0.2795504927635193,-0.5062708258628845,8.808131217956543,3.868295192718506,3.092200517654419,-6.8006086349487305,-4.243115425109863,0.21458964049816132
1781548247587973,179174053,-0.6283092498779297,-0.5205222964286804,0.28017187118530273,-0.5057549476623535,8.84652042388916,3.6647162437438965,2.9817891120910645,-2.7340407371520996,-4.522396564483643,0.09912755340337753
1781548247590065,179190720,-0.6282205581665039,-0.5208032727241516,0.2804683744907379,-0.5054112672805786,8.819063186645508,3.6549723148345947,3.0220260620117188,0.252803772687912,-3.482290029525757,-0.11906064301729202
1781548247591092,179207387,-0.6283621788024902,-0.5208110213279724,0.2806474268436432,-0.5051277279853821,8.714890480041504,3.6062915325164795,3.0251009464263916,-1.1602424383163452,-1.3376743793487549,-0.5304133296012878
1781548247618248,179224054,-0.6280391812324524,-0.5215288400650024,0.280588299036026,-0.5048214793205261,8.658674240112305,3.5699222087860107,2.9169695377349854,4.250575065612793,-3.796032190322876,-1.2739628553390503
1781548247619713,179240721,-0.6276339888572693,-0.5224383473396301,0.28058570623397827,-0.5043861865997314,8.792661666870117,3.548917055130005,3.0231475830078125,4.922512531280518,-5.329094886779785,-1.7153342962265015
1781548247647950,179257388,-0.6276248693466187,-0.5229194164276123,0.2803189754486084,-0.5040472149848938,8.984023094177246,3.556999444961548,3.0717358589172363,2.7581353187561035,-1.5912785530090332,-2.7934234142303467
1781548247677956,179274055,-0.6275002956390381,-0.5237849950790405,0.2793646454811096,-0.503833532333374,8.926905632019043,3.6741292476654053,3.0048906803131104,7.485959053039551,0.28338539600372314,-5.056934356689453
1781548247679595,179290722,-0.6273393630981445,-0.524861216545105,0.2782120108604431,-0.5035514235496521,8.761335372924805,3.8027830123901367,3.043423891067505,9.056314468383789,0.08304280042648315,-6.353271007537842
1781548247708383,179307389,-0.6273995041847229,-0.525923490524292,0.2771480977535248,-0.5029548406600952,8.632357597351074,3.843723773956299,2.9696762561798096,7.322347164154053,-0.9505261778831482,-8.117231369018555
1781548247709706,179324056,-0.6274998784065247,-0.52683025598526,0.27655309438705444,-0.5022075176239014,8.590829849243164,3.7337353229522705,2.963416814804077,4.565982818603516,-2.9164927005767822,-6.924778938293457
1781548247737860,179340723,-0.6271181106567383,-0.5281738042831421,0.275689959526062,-0.5017475485801697,8.685686111450195,3.7398035526275635,3.0133273601531982,9.647891998291016,-3.153026819229126,-5.829683303833008
1781548247767884,179357390,-0.6265103220939636,-0.5295823812484741,0.2745787501335144,-0.5016312599182129,8.78955078125,3.9243741035461426,2.9988420009613037,12.396037101745605,-1.427435040473938,-4.545744895935059
1781548247769840,179374057,-0.6261982917785645,-0.53053879737854,0.27347180247306824,-0.501615047454834,8.87671947479248,4.126108646392822,2.9547502994537354,9.409564018249512,0.9766317009925842,-4.311258792877197
1781548247771808,179390724,-0.6264992356300354,-0.5308870673179626,0.2727768123149872,-0.5012491345405579,8.867315292358398,4.223206520080566,3.011061191558838,2.5273396968841553,1.2005248069763184,-5.266906261444092
1781548247797905,179407391,-0.6274098753929138,-0.5306950807571411,0.272481769323349,-0.5004733800888062,8.802726745605469,4.155186653137207,3.075268268585205,-4.084893226623535,1.025769591331482,-6.631653785705566
1781548247828760,179424058,-0.6285786628723145,-0.530298113822937,0.27231118083000183,-0.49951931834220886,8.730656623840332,4.007153511047363,3.012333869934082,-6.810495853424072,0.9658615589141846,-7.4964680671691895
1781548247832509,179440725,-0.6293721795082092,-0.5302640199661255,0.2719328999519348,-0.4987615644931793,8.674360275268555,3.9161674976348877,2.976274251937866,-2.6731975078582764,0.6840447783470154,-6.755414009094238
1781548247858294,179457392,-0.6299184560775757,-0.5304073095321655,0.2715339660644531,-0.49813684821128845,8.725055694580078,3.8983025550842285,2.9656994342803955,-0.793814480304718,0.13914741575717926,-5.775023937225342
1781548247859285,179474059,-0.6302658915519714,-0.5306920409202576,0.27085813879966736,-0.4977618455886841,8.753119468688965,3.97770357131958,2.9702255725860596,2.166827917098999,1.48732328414917,-5.217563152313232
1781548247918003,179490726,-0.6306719183921814,-0.5309020280838013,0.2700923681259155,-0.4974396228790283,8.628948211669922,4.07896089553833,3.0312693119049072,1.8376282453536987,2.3449389934539795,-5.444671154022217
1781548247919850,179507393,-0.6311509609222412,-0.5312010049819946,0.2694546580314636,-0.4968583583831787,8.523853302001953,4.148528099060059,3.020447015762329,1.0044724941253662,0.6598407626152039,-6.526270389556885
1781548247921839,179524060,-0.6315830945968628,-0.5315865874290466,0.26895609498023987,-0.49616673588752747,8.533631324768066,4.144349098205566,2.9689009189605713,0.8679823279380798,-0.7317804098129272,-6.498223304748535
1781548247947748,179540727,-0.6318793892860413,-0.5320451259613037,0.268559992313385,-0.4955119490623474,8.58351993560791,4.112794876098633,2.9705047607421875,1.3416383266448975,-1.5690470933914185,-5.6548752784729
1781548247950078,179557394,-0.6321401000022888,-0.5323168635368347,0.2682144045829773,-0.4950748085975647,8.59063720703125,4.1602888107299805,3.058318614959717,1.067838191986084,-0.3392273783683777,-3.9986159801483154
1781548247978791,179574061,-0.6323105096817017,-0.5324434638023376,0.2678903639316559,-0.4948963224887848,8.47452449798584,4.284005641937256,2.951951503753662,1.1555746793746948,0.8338534235954285,-2.2258715629577637
1781548247980754,179590728,-0.6327454447746277,-0.5321460366249084,0.2681867182254791,-0.49449947476387024,8.375506401062012,4.232481479644775,2.9807960987091064,-4.22645378112793,-0.759429395198822,-1.0420653820037842
1781548248008393,179607395,-0.6332364678382874,-0.531825840473175,0.2690655291080475,-0.49373751878738403,8.451807975769043,4.065455436706543,3.0144777297973633,-7.0705156326293945,-4.395498752593994,-0.6094160079956055
1781548248009824,179624062,-0.6335765719413757,-0.5316863059997559,0.26977086067199707,-0.4930659532546997,8.692205429077148,3.908902883529663,3.067338705062866,-5.075118541717529,-4.2483015060424805,-0.7050280570983887
1781548248037955,179640729,-0.6334603428840637,-0.5321723818778992,0.2695520520210266,-0.4928107261657715,8.775811195373535,3.9430534839630127,2.8940248489379883,3.244802474975586,-1.6583709716796875,-1.8764758110046387
1781548248039954,179657396,-0.632851243019104,-0.5331358909606934,0.2686637043952942,-0.4930369555950165,8.555805206298828,4.138463020324707,2.93707275390625,10.361908912658691,0.5227745771408081,-1.420327067375183
1781548248068140,179674063,-0.6324948072433472,-0.5336422324180603,0.26816311478614807,-0.49321913719177246,8.323343276977539,4.389158725738525,3.0511958599090576,5.960262298583984,0.6483023762702942,-0.23265300691127777
1781548248069944,179690730,-0.6325128078460693,-0.5335053205490112,0.2687638998031616,-0.4930168390274048,8.331060409545898,4.4322967529296875,2.9583771228790283,-2.7376394271850586,-2.7197229862213135,2.024844169616699
1781548248097961,179707397,-0.6329371929168701,-0.5326205492019653,0.27023938298225403,-0.49262240529060364,8.518754005432129,4.267090797424316,2.8928728103637695,-10.706062316894531,-3.8986382484436035,4.434616565704346
1781548248157780,179724064,-0.6332387328147888,-0.5316821336746216,0.2715703845024109,-0.4925164580345154,8.642915725708008,4.137486457824707,2.816383123397827,-9.331683158874512,-2.1980059146881104,5.720963001251221
1781548248159151,179740731,-0.6328508853912354,-0.5312202572822571,0.2722499966621399,-0.49313798546791077,8.699128150939941,4.206371784210205,2.6908226013183594,-1.3015351295471191,0.3368774950504303,7.909260272979736
1781548248160880,179757398,-0.631841778755188,-0.5311833024024963,0.27227914333343506,-0.49445363879203796,8.490572929382324,4.4868927001953125,2.698180913925171,6.281370639801025,3.0805368423461914,9.851398468017578
1781548248188150,179774065,-0.6313560009002686,-0.5302790999412537,0.2730221152305603,-0.4956335723400116,8.081768035888672,4.691786766052246,2.9359540939331055,-2.1031241416931152,3.400580644607544,11.705567359924316
1781548248189496,179790732,-0.6326587796211243,-0.5270231366157532,0.27609267830848694,-0.49574437737464905,8.039619445800781,4.412078380584717,2.9410111904144287,-28.78887939453125,0.762114942073822,13.866284370422363
1781548248191097,179807399,-0.6344655752182007,-0.5232649445533752,0.2803562581539154,-0.4950230121612549,8.55548095703125,3.777695894241333,2.6270065307617188,-38.446285247802734,-4.774529457092285,13.805676460266113
1781548248218692,179824066,-0.6350301504135132,-0.5210317969322205,0.2832236886024475,-0.49502259492874146,9.124298095703125,3.4134788513183594,2.4257688522338867,-21.209068298339844,-3.6857657432556152,13.205944061279297
1781548248219267,179840733,-0.6345347166061401,-0.5199753642082214,0.28431615233421326,-0.4961407482624054,9.087174415588379,3.486081838607788,2.6324400901794434,-3.987746238708496,2.0313894748687744,13.06968879699707
1781548248247934,179857400,-0.6342315077781677,-0.5184193849563599,0.2855433225631714,-0.4974503517150879,8.77265739440918,3.495696544647217,2.9858767986297607,-6.726426601409912,4.3005876541137695,14.7797269821167
1781548248278745,179874067,-0.6338293552398682,-0.5171429514884949,0.28688281774520874,-0.4985198974609375,8.924088478088379,3.3586745262145996,3.0867114067077637,-6.078833103179932,1.774801254272461,13.899068832397461
1781548248280681,179890734,-0.6324578523635864,-0.5180168151855469,0.2868410348892212,-0.4993777275085449,9.30664348602295,3.5198569297790527,2.865424394607544,10.876996040344238,-2.3150947093963623,7.085225582122803
1781548248309632,179907401,-0.6312081813812256,-0.5192095637321472,0.2860855460166931,-0.5001530051231384,9.354745864868164,3.8385136127471924,2.9669909477233887,14.193025588989258,-0.3290593922138214,3.1617045402526855
1781548248311156,179924068,-0.6314839124679565,-0.5191718339920044,0.2856519818305969,-0.5000916719436646,9.13352108001709,3.9825751781463623,3.262544870376587,0.6085898280143738,2.499857187271118,-2.1607131958007812
1781548248338664,179940735,-0.6326821446418762,-0.5184024572372437,0.28609663248062134,-0.4991203844547272,9.038254737854004,3.7912933826446533,3.1097049713134766,-10.661651611328125,-0.23124441504478455,-4.709128379821777
1781548248340637,179957402,-0.63353431224823,-0.517985999584198,0.2864423990249634,-0.4982728362083435,9.093892097473145,3.4885129928588867,2.811185598373413,-7.270025253295898,-1.2338919639587402,-4.016763210296631
1781548248368396,179974069,-0.6334989070892334,-0.518523097038269,0.28581294417381287,-0.49812036752700806,9.034422874450684,3.4217562675476074,2.8538217544555664,4.684364318847656,0.44492462277412415,-3.323657512664795
1781548248370288,179990736,-0.6329818964004517,-0.5197314023971558,0.28456494212150574,-0.49823305010795593,8.887665748596191,3.6844089031219482,3.044389009475708,11.961079597473145,0.8381312489509583,-4.045476913452148
1781548248397815,180007403,-0.6330384016036987,-0.520256519317627,0.28393542766571045,-0.497972309589386,8.777268409729004,3.888583183288574,3.1879355907440186,4.109294891357422,0.28324443101882935,-4.081472873687744
1781548248427680,180024070,-0.6341177225112915,-0.519722580909729,0.2838420271873474,-0.4972090721130371,8.687463760375977,3.8380143642425537,3.15169620513916,-6.868852615356445,1.8195841312408447,-5.749924182891846
1781548248429316,180040737,-0.6354649066925049,-0.519105076789856,0.283517986536026,-0.4963184893131256,8.448529243469238,3.638965129852295,2.9418089389801025,-7.733502388000488,3.1434543132781982,-7.909487247467041
1781548248457673,180057404,-0.6364516615867615,-0.5191039443016052,0.2826158404350281,-0.49556946754455566,8.143233299255371,3.5107624530792236,2.894509792327881,-1.5211771726608276,3.361239194869995,-9.331464767456055
1781548248459165,180074071,-0.636618435382843,-0.5200967788696289,0.28142234683036804,-0.49499285221099854,8.009644508361816,3.4770843982696533,3.0001516342163086,7.126807689666748,0.2909027636051178,-8.739338874816895
1781548248487759,180090738,-0.635840892791748,-0.5219017863273621,0.28000128269195557,-0.4948984384536743,8.190619468688965,3.5707738399505615,3.050949811935425,15.689385414123535,-1.6131787300109863,-5.826382160186768
1781548248489965,180107405,-0.6339129209518433,-0.5247073769569397,0.2779073715209961,-0.495584636926651,8.485908508300781,3.9311890602111816,2.9570374488830566,28.036935806274414,-1.4673941135406494,-2.8220407962799072
1781548248517802,180124072,-0.6319991946220398,-0.5268625617027283,0.2762114405632019,-0.4966892898082733,8.67715072631836,4.388195991516113,3.1008338928222656,24.565584182739258,0.5391677021980286,1.6221390962600708
1781548248519218,180140739,-0.6309269070625305,-0.5278221368789673,0.2754979431629181,-0.49742960929870605,8.749688148498535,4.6239166259765625,3.1463210582733154,12.165390968322754,0.5819016098976135,2.9587483406066895
1781548248547940,180157406,-0.6310294270515442,-0.5275663137435913,0.27605074644088745,-0.49726417660713196,8.872347831726074,4.5123114585876465,3.05694580078125,-3.048795700073242,-1.6522626876831055,2.033808708190918
1781548248577906,180174073,-0.6319941282272339,-0.5262948274612427,0.2771609127521515,-0.4967688024044037,8.925020217895508,4.222010612487793,2.9829533100128174,-13.337322235107422,-0.2579200565814972,1.5297259092330933
1781548248579413,180190740,-0.6330739855766296,-0.5247437953948975,0.2782825529575348,-0.4964073896408081,8.834532737731934,3.9109787940979004,2.9930779933929443,-14.795726776123047,1.3326618671417236,2.278949499130249
1781548248607856,180207407,-0.6338459253311157,-0.5235089659690857,0.27927637100219727,-0.4961678683757782,8.807507514953613,3.726651668548584,3.0229992866516113,-11.739214897155762,0.6150188446044922,2.759571075439453
1781548248610498,180224074,-0.6343270540237427,-0.5227442979812622,0.27986767888069153,-0.49602609872817993,9.01773452758789,3.666947603225708,3.0056276321411133,-7.0265116691589355,0.5838223099708557,1.8448379039764404
1781548248638680,180240741,-0.6342881321907043,-0.5228502750396729,0.279472678899765,-0.49618688225746155,9.065778732299805,3.729904890060425,2.9196956157684326,2.767266273498535,2.0821266174316406,-0.2212424874305725
1781548248639803,180257408,-0.6338732242584229,-0.5234680771827698,0.27862194180488586,-0.4965437650680542,8.899438858032227,3.8820455074310303,3.074094295501709,7.980030059814453,2.173884868621826,-0.808452308177948
1781548248668381,180274075,-0.6336088180541992,-0.5239134430885315,0.2779970169067383,-0.496761679649353,8.808058738708496,4.025489807128906,3.1802825927734375,5.890875816345215,1.6737195253372192,-0.7027356624603271
1781548248669985,180290742,-0.6334168314933777,-0.524235725402832,0.27729177474975586,-0.49706071615219116,8.746811866760254,4.110754013061523,3.1554222106933594,5.188921928405762,2.726388931274414,-0.7642830014228821
1781548248697937,180307409,-0.6335488557815552,-0.5240710973739624,0.27677813172340393,-0.4973524212837219,8.611183166503906,4.135382652282715,3.210813045501709,1.5093756914138794,4.27010440826416,-0.18966203927993774
1781548248729047,180324076,-0.6340591907501221,-0.5235463380813599,0.276734322309494,-0.49727922677993774,8.50133991241455,4.114171981811523,3.135948896408081,-3.6825177669525146,2.877568006515503,-0.6800428628921509
1781548248730452,180340743,-0.6350854635238647,-0.5223423838615417,0.2775868773460388,-0.49676012992858887,8.435959815979004,3.916963815689087,3.015834093093872,-12.435458183288574,0.6585604548454285,0.12345968931913376
1781548248758662,180357410,-0.6360859870910645,-0.5210971236228943,0.27859583497047424,-0.49622270464897156,8.434701919555664,3.6707446575164795,2.9224541187286377,-13.137195587158203,-0.018236251547932625,0.7569644451141357
1781548248759640,180374077,-0.6364983916282654,-0.5205854177474976,0.27905768156051636,-0.4959712624549866,8.386994361877441,3.5302679538726807,2.8658056259155273,-5.399785041809082,-0.22608332335948944,0.6509788036346436
1781548248788309,180390744,-0.6364389061927795,-0.520702600479126,0.27895984053611755,-0.4959796965122223,8.40224552154541,3.563365936279297,2.950951337814331,1.3775725364685059,0.07232385873794556,0.16255739331245422
1781548248818668,180407411,-0.6358591914176941,-0.5217511653900146,0.27826792001724243,-0.49601003527641296,8.473892211914062,3.7375924587249756,2.8655290603637695,9.529791831970215,-1.3591257333755493,-1.830668568611145
1781548248820297,180424078,-0.6348670721054077,-0.5233851671218872,0.2774333655834198,-0.49602705240249634,8.608441352844238,3.963871717453003,2.915468692779541,14.028861045837402,-3.5681588649749756,-2.1142661571502686
1781548248821893,180440745,-0.6339653730392456,-0.5246361494064331,0.27684667706489563,-0.4961860775947571,8.706489562988281,4.139450550079346,3.0544347763061523,11.379963874816895,-2.694828510284424,-0.20695069432258606
1781548248848025,180457412,-0.6334539651870728,-0.524985671043396,0.27699151635169983,-0.496388703584671,8.739664077758789,4.1926798820495605,3.072037935256958,3.653376340866089,-1.8979523181915283,3.014711380004883
1781548248877910,180474079,-0.6332616806030273,-0.5247213840484619,0.27777525782585144,-0.49647578597068787,8.732780456542969,4.062771797180176,2.9797019958496094,-2.6000478267669678,-2.4067232608795166,4.888216018676758
1781548248879968,180490746,-0.633152186870575,-0.5243377685546875,0.278567373752594,-0.49657705426216125,8.741259574890137,3.9341681003570557,2.9950778484344482,-3.2024452686309814,-1.7317513227462769,4.999809741973877
1781548248907755,180507413,-0.6329182982444763,-0.5242500305175781,0.2788641154766083,-0.4968009889125824,8.768410682678223,3.8798680305480957,3.0325064659118652,0.2759191691875458,-0.4621811509132385,3.54315185546875
1781548248909936,180524080,-0.6326273679733276,-0.5245116353034973,0.2787587344646454,-0.49695447087287903,8.811738014221191,3.9515163898468018,3.0537586212158203,3.232956647872925,-0.27218613028526306,1.3094940185546875
1781548248938039,180540747,-0.6328091621398926,-0.5244384407997131,0.27875247597694397,-0.49680373072624207,8.84982967376709,4.007360458374023,3.071462869644165,-0.8680016398429871,0.24094508588314056,-0.6359633207321167
1781548248939539,180557414,-0.6331397891044617,-0.5243035554885864,0.27896955609321594,-0.4964028000831604,8.868660926818848,3.9640440940856934,2.9495160579681396,-2.8181650638580322,-1.0930731296539307,-1.2767417430877686
1781548248968001,180574081,-0.6334179043769836,-0.5240073800086975,0.2792406976222992,-0.4962082505226135,8.863566398620605,3.8975605964660645,2.892357110977173,-3.148569107055664,-0.14741387963294983,0.2959355413913727
1781548248997647,180590748,-0.6333236694335938,-0.5238597989082336,0.2794053256511688,-0.4963919520378113,8.771140098571777,3.875467538833618,2.927781581878662,-0.14446841180324554,0.4249851107597351,2.5197324752807617
1781548248999315,180607415,-0.6329319477081299,-0.5239179134368896,0.2795998156070709,-0.4967205226421356,8.668651580810547,3.8978872299194336,3.0203206539154053,2.0373430252075195,-0.4404103755950928,3.89038348197937
1781548249027669,180624082,-0.6325936317443848,-0.5239739418029785,0.27984192967414856,-0.4969561696052551,8.706745147705078,3.9307608604431152,2.985079765319824,1.33760404586792,-0.9404087662696838,3.426306962966919
1781548249030038,180640749,-0.6323492527008057,-0.5241797566413879,0.27989014983177185,-0.49702295660972595,8.686980247497559,3.9553041458129883,2.9419467449188232,2.2157740592956543,-0.9374247789382935,1.4611214399337769
1781548249057698,180657416,-0.6322940587997437,-0.5244734883308411,0.28002795577049255,-0.4967052936553955,8.644121170043945,3.9862148761749268,3.000356912612915,0.7688740491867065,-2.693264961242676,-0.7375432848930359
1781548249059190,180674083,-0.6327992081642151,-0.5240706205368042,0.2807385325431824,-0.4960859715938568,8.683028221130371,3.8734514713287354,3.003636121749878,-6.758756637573242,-2.7883522510528564,-0.5359329581260681
1781548249088087,180690750,-0.6333162784576416,-0.5235627889633179,0.28119105100631714,-0.49570566415786743,8.688955307006836,3.7454640865325928,2.9113388061523438,-5.915548801422119,-0.42267364263534546,-0.26395171880722046
1781548249089562,180707417,-0.6335645318031311,-0.5234367847442627,0.28140103816986084,-0.49540236592292786,8.633703231811523,3.6726057529449463,2.8534154891967773,-2.4990439414978027,-0.9925176501274109,-0.6871759295463562
1781548249118207,180724084,-0.6335207223892212,-0.5237687826156616,0.2813490629196167,-0.4951368570327759,8.585676193237305,3.698697328567505,2.7956769466400146,1.6863592863082886,-1.7654834985733032,-1.2986149787902832
1781548249120360,180740751,-0.633360743522644,-0.5241848826408386,0.28111350536346436,-0.49503496289253235,8.512898445129395,3.7607476711273193,2.864206552505493,3.2232108116149902,-0.969440758228302,-1.0777695178985596
1781548249148406,180757418,-0.6333118677139282,-0.5245055556297302,0.2810439467430115,-0.4947972595691681,8.50278377532959,3.749344825744629,2.90518856048584,1.719297170639038,-1.5810844898223877,-1.2179734706878662
1781548249177976,180774085,-0.6328678727149963,-0.5254846215248108,0.28092899918556213,-0.49439162015914917,8.657235145568848,3.766296863555908,2.839305877685547,5.83229398727417,-4.996192932128906,-2.0440473556518555
1781548249179884,180790752,-0.6318926215171814,-0.5273127555847168,0.2803632616996765,-0.4940137565135956,8.88593578338623,3.91424298286438,2.779663562774658,13.066465377807617,-6.831451416015625,-3.3747456073760986
1781548249208495,180807419,-0.6309099793434143,-0.529171347618103,0.2796591520309448,-0.4936813712120056,8.980042457580566,4.071888446807861,2.902247667312622,13.730396270751953,-6.20639705657959,-3.729249954223633
1781548249209901,180824086,-0.6301949620246887,-0.530556857585907,0.27915406227111816,-0.4933932423591614,8.89905071258545,4.139997482299805,2.9846203327178955,9.97859001159668,-4.848357200622559,-2.8564188480377197
1781548249237892,180840753,-0.6296358704566956,-0.5315854549407959,0.2791244387626648,-0.4930167496204376,8.78950023651123,4.109523296356201,2.916966676712036,6.27338981628418,-5.6346282958984375,-1.2857192754745483
1781548249241225,180857420,-0.629164457321167,-0.5324862599372864,0.27926045656204224,-0.4925689399242401,8.730728149414062,4.048948764801025,2.8970377445220947,4.702511310577393,-6.010251045227051,-1.040695309638977
1781548249270001,180874087,-0.6290270686149597,-0.5330597758293152,0.2793707549571991,-0.4920613467693329,8.681734085083008,4.016298294067383,2.931734800338745,2.1482460498809814,-4.318634510040283,-1.8607885837554932
1781548249270486,180890754,-0.6291118860244751,-0.533531129360199,0.2794892191886902,-0.49137434363365173,8.589372634887695,3.9657187461853027,3.001188278198242,0.4563479423522949,-4.266935348510742,-3.181840181350708
1781548249297942,180907421,-0.6294761300086975,-0.5339168906211853,0.27978867292404175,-0.49031731486320496,8.602458953857422,3.9069325923919678,3.0196871757507324,-2.2482705116271973,-5.57641077041626,-4.894830703735352
1781548249327603,180924088,-0.6299079656600952,-0.5344191789627075,0.2800196409225464,-0.489082008600235,8.813519477844238,3.798280954360962,2.873917579650879,-2.1795003414154053,-6.230841159820557,-6.3928542137146
1781548249329697,180940755,-0.6299744248390198,-0.5353859066963196,0.2795928418636322,-0.4881824553012848,9.022344589233398,3.779752016067505,2.777529001235962,4.118196487426758,-4.375367164611816,-6.995213985443115
1781548249357716,180957422,-0.6294841766357422,-0.536824107170105,0.27850472927093506,-0.4878574013710022,9.000950813293457,3.884108781814575,2.751807451248169,11.286096572875977,-2.1620078086853027,-6.056626319885254
1781548249359182,180974089,-0.6286044716835022,-0.5386223793029785,0.27725452184677124,-0.4877215623855591,8.938861846923828,4.0508222579956055,2.8067586421966553,15.23561954498291,-2.694202184677124,-5.204402923583984
1781548249387792,180990756,-0.6278100609779358,-0.54039466381073,0.27596184611320496,-0.4875176250934601,8.868605613708496,4.2080278396606445,2.8647031784057617,14.935769081115723,-2.4594998359680176,-5.856899261474609
1781548249389284,181007423,-0.6274886727333069,-0.5417135953903198,0.2747994661331177,-0.48712387681007385,8.694128036499023,4.288792133331299,2.842881441116333,10.247588157653809,-1.3931010961532593,-6.9715752601623535
1781548249418516,181024090,-0.627526044845581,-0.5428224205970764,0.2740906774997711,-0.48624035716056824,8.608919143676758,4.258177280426025,2.673072099685669,5.81414270401001,-3.6732468605041504,-8.122417449951172
1781548249420430,181040757,-0.6277140378952026,-0.543818473815918,0.27344048023223877,-0.485249400138855,8.618395805358887,4.217815399169922,2.5589089393615723,4.2008233070373535,-3.745039224624634,-8.708358764648438
1781548249447936,181057424,-0.6278263926506042,-0.5446775555610657,0.2728019952774048,-0.48449915647506714,8.566946029663086,4.201685428619385,2.4789488315582275,4.392725944519043,-2.540114402770996,-7.089878082275391
1781548249477974,181074091,-0.6277311444282532,-0.5455833077430725,0.2723483443260193,-0.4838584065437317,8.565133094787598,4.271706581115723,2.409627676010132,4.912036418914795,-3.4961342811584473,-5.335484504699707
1781548249479698,181090758,-0.6273945569992065,-0.5466921925544739,0.2720361351966858,-0.4832187294960022,8.65925407409668,4.327267646789551,2.3797459602355957,6.285159587860107,-5.2012739181518555,-4.359743595123291
1781548249508452,181107425,-0.6269589066505432,-0.5479341745376587,0.2715194523334503,-0.48266783356666565,8.681862831115723,4.362739562988281,2.572329521179199,8.19051742553711,-4.556412220001221,-4.631098747253418
1781548249511468,181124092,-0.6271535158157349,-0.5482807159423828,0.27038833498954773,-0.4826562702655792,8.748185157775879,4.454864025115967,3.054126501083374,4.955962657928467,4.249192714691162,-5.05418062210083
1781548249537935,181140759,-0.6292973756790161,-0.5463072657585144,0.2687211036682129,-0.4830346405506134,8.95223617553711,4.803439617156982,3.416407346725464,-10.178543090820312,19.211795806884766,-7.635120868682861
1781548249540066,181157426,-0.6333070397377014,-0.5427608489990234,0.2674700915813446,-0.4824860990047455,8.723316192626953,5.092467308044434,2.9367682933807373,-26.948768615722656,22.666744232177734,-13.331695556640625
1781548249568459,181174093,-0.6375504732131958,-0.539323091506958,0.26838043332099915,-0.48024171590805054,8.174644470214844,4.6846442222595215,2.1400914192199707,-37.59392166137695,7.0182976722717285,-13.612153053283691
1781548249569648,181190760,-0.6407206058502197,-0.5369682312011719,0.2703604996204376,-0.47754335403442383,8.13533878326416,3.9373583793640137,2.1402907371520996,-33.25035858154297,-4.916776180267334,-10.093356132507324
1781548249597934,181207427,-0.6418291926383972,-0.5365347862243652,0.2709774672985077,-0.4761904180049896,8.428625106811523,3.549941062927246,2.531203031539917,-9.984949111938477,-3.9783968925476074,-5.932762145996094
1781548249628433,181224094,-0.640779435634613,-0.5380913615226746,0.2697410583496094,-0.4765492081642151,8.444746971130371,3.768606662750244,2.6542470455169678,15.813224792480469,-0.12182692438364029,-1.9239510297775269
1781548249630378,181240761,-0.6391087770462036,-0.5401629209518433,0.26813167333602905,-0.4773566424846649,8.243684768676758,4.202332019805908,2.640995979309082,22.512699127197266,0.3820332884788513,-0.22320228815078735
1781548249658276,181257428,-0.6377469897270203,-0.5420083403587341,0.26735666394233704,-0.4775210916996002,8.228898048400879,4.474750995635986,2.7082786560058594,16.418886184692383,-4.374485969543457,-0.5555143356323242
1781548249660088,181274095,-0.6371120810508728,-0.5433340072631836,0.26740631461143494,-0.4768337607383728,8.468536376953125,4.443572521209717,2.7334587574005127,7.200916767120361,-8.100595474243164,-2.6347789764404297
1781548249687842,181290762,-0.6366353034973145,-0.5446127653121948,0.26721715927124023,-0.47611716389656067,8.602716445922852,4.245594024658203,2.63279390335083,6.904015064239502,-6.836122035980225,-4.158786773681641
1781548249689878,181307429,-0.6354628205299377,-0.5466294884681702,0.2662375271320343,-0.47592106461524963,8.511653900146484,4.202521800994873,2.452331066131592,16.368539810180664,-5.077865123748779,-3.892174482345581
1781548249717814,181324096,-0.6332671642303467,-0.5497921109199524,0.2648341655731201,-0.47598782181739807,8.564297676086426,4.306631088256836,2.4796969890594482,27.147724151611328,-7.829849720001221,-3.0673468112945557
1781548249719618,181340763,-0.6303386688232422,-0.5537120699882507,0.2630694508552551,-0.4763093888759613,8.709338188171387,4.467578887939453,2.5464398860931396,34.918304443359375,-9.077348709106445,-2.287954330444336
1781548249747934,181357430,-0.6270262002944946,-0.5578767657279968,0.2607992887496948,-0.4770697057247162,8.633874893188477,4.783364772796631,2.540745258331299,40.07984924316406,-6.614044189453125,-1.441977858543396
1781548249778000,181374097,-0.6241431832313538,-0.5614379644393921,0.25907453894615173,-0.4776119887828827,8.525435447692871,5.106117248535156,2.6123056411743164,33.303016662597656,-7.232735633850098,-0.7143666744232178
1781548249779704,181390764,-0.6228983998298645,-0.5630616545677185,0.2587699890136719,-0.47749075293540955,8.543083190917969,4.989086151123047,2.7759382724761963,12.630853652954102,-6.707125663757324,-0.058345772325992584
1781548249809506,181407431,-0.6226032972335815,-0.5636443495750427,0.2592155635356903,-0.47694632411003113,8.399826049804688,4.7177348136901855,2.3838539123535156,1.5915026664733887,-6.28863525390625,-0.1468760222196579
1781548249811073,181424098,-0.6215928196907043,-0.5655453205108643,0.2584036588668823,-0.47645413875579834,8.529214859008789,4.913955211639404,1.9256446361541748,14.223711013793945,-6.30104923248291,-4.799631595611572
1781548249838614,181440765,-0.6205170154571533,-0.5676320791244507,0.2569534182548523,-0.47615909576416016,8.397543907165527,5.190256118774414,2.3316354751586914,17.712209701538086,-3.5302281379699707,-6.5554118156433105
1781548249841109,181457432,-0.6213353276252747,-0.567595362663269,0.2575297951698303,-0.4748224914073944,8.267709732055664,4.898260116577148,2.693478584289551,-7.214548587799072,-5.943428993225098,-5.538120746612549
1781548249868765,181474099,-0.6229099631309509,-0.5663859248161316,0.2592809796333313,-0.4732481837272644,8.69251823425293,4.236751556396484,2.0652663707733154,-19.431398391723633,-6.723151683807373,-2.360239267349243
1781548249870157,181490766,-0.6212228536605835,-0.5687607526779175,0.25769487023353577,-0.47348424792289734,8.858269691467285,4.292991638183594,1.223059058189392,22.706268310546875,-2.8564484119415283,-3.3803956508636475
1781548249897953,181507433,-0.615882933139801,-0.5763899683952332,0.25152358412742615,-0.4745514690876007,8.852572441101074,5.435822486877441,1.6615070104599,75.83341217041016,-3.598378896713257,-15.179289817810059
1781548249958441,181524100,-0.6113377809524536,-0.5839196443557739,0.24565568566322327,-0.47429677844047546,9.057605743408203,6.299388885498047,2.8410301208496094,68.98491668701172,-8.420933723449707,-21.995084762573242
1781548249959951,181540767,-0.6099598407745361,-0.5885456800460815,0.24174487590789795,-0.47235870361328125,9.16246223449707,6.0594353675842285,3.096316337585449,34.83969497680664,-8.587191581726074,-26.635496139526367
1781548249961564,181557434,-0.6106654405593872,-0.5914646983146667,0.2371452897787094,-0.47012725472450256,9.056168556213379,5.872491359710693,2.326870918273926,20.999799728393555,2.120032787322998,-34.58086395263672
1781548250018375,181574101,-0.6128900051116943,-0.5929019451141357,0.23164315521717072,-0.4681611657142639,8.787872314453125,5.93803596496582,2.3845036029815674,11.94767951965332,14.252224922180176,-39.63133239746094
1781548250019237,181590768,-0.6169552803039551,-0.5921484231948853,0.22765794396400452,-0.4657236635684967,8.26730728149414,5.57468843460083,2.800380229949951,-10.372350692749023,15.95083999633789,-37.857295989990234
1781548250021403,181607435,-0.6205704808235168,-0.5925235152244568,0.2239629626274109,-0.4622221887111664,8.308780670166016,5.256163120269775,2.0288212299346924,-6.3757710456848145,6.05034065246582,-41.52070236206055
1781548250078668,181624102,-0.6219675540924072,-0.5966386795043945,0.21733252704143524,-0.45819780230522156,8.851357460021973,5.666365146636963,1.269298791885376,27.15873146057129,1.1551029682159424,-54.41705322265625
1781548250080136,181640769,-0.6209750771522522,-0.6039639711380005,0.2072136402130127,-0.45462095737457275,8.882930755615234,6.367043972015381,1.7467597723007202,62.445648193359375,4.2946085929870605,-64.06013488769531
1781548250081595,181657436,-0.619517982006073,-0.612019419670105,0.19523178040981293,-0.45112574100494385,8.512179374694824,7.592101097106934,2.2555696964263916,73.29715728759766,9.55221939086914,-71.06768035888672
1781548250108577,181674103,-0.6214094161987305,-0.6175825595855713,0.1842631697654724,-0.4455217719078064,8.544366836547852,8.760547637939453,2.4412877559661865,42.62584686279297,8.59572696685791,-82.82267761230469
1781548250109904,181690770,-0.6281086802482605,-0.6187896728515625,0.1754598468542099,-0.4379417300224304,8.4898681640625,8.935282707214355,2.3127803802490234,-5.540653228759766,10.383832931518555,-91.27823638916016
1781548250111859,181707437,-0.6374739408493042,-0.6178980469703674,0.16665612161159515,-0.42901620268821716,8.125273704528809,8.418472290039062,2.051358699798584,-27.567874908447266,14.197330474853516,-102.58476257324219
1781548250138531,181724104,-0.6480342149734497,-0.6162613034248352,0.15717320144176483,-0.41901126503944397,7.746452808380127,7.800521373748779,2.05403470993042,-35.144920349121094,16.154924392700195,-112.87252807617188
1781548250140470,181740771,-0.6574397683143616,-0.6158333420753479,0.1466178297996521,-0.40868785977363586,7.565701007843018,7.535566329956055,1.5768020153045654,-22.120412826538086,14.85383129119873,-116.81421661376953
1781548250141525,181757438,-0.6645729541778564,-0.6178711652755737,0.13409458100795746,-0.39824217557907104,7.664945602416992,8.06712818145752,1.1799821853637695,4.052739143371582,14.012457847595215,-121.80072784423828
1781548250198205,181774105,-0.6715050339698792,-0.6204887628555298,0.12011616677045822,-0.3868425190448761,7.577909469604492,8.85329818725586,1.579541563987732,10.661656379699707,14.837492942810059,-132.32638549804688
1781548250201244,181790772,-0.6813097596168518,-0.620141863822937,0.10664428025484085,-0.3739900588989258,7.254111289978027,9.362035751342773,2.1491925716400146,-17.830007553100586,16.56049346923828,-142.06643676757812
1781548250202813,181807439,-0.6959062218666077,-0.6137059330940247,0.0943656861782074,-0.3607977032661438,7.103419780731201,8.778403282165527,2.59098482131958,-70.10637664794922,28.692214965820312,-146.4310760498047
1781548250258789,181824106,-0.7127549052238464,-0.6023809313774109,0.08198801428079605,-0.34985098242759705,6.655673503875732,7.839810848236084,1.8960391283035278,-101.30335998535156,52.2335319519043,-138.52162170410156
1781548250260640,181840773,-0.7282274961471558,-0.5909191966056824,0.06805681437253952,-0.34039318561553955,6.06016206741333,7.439507007598877,1.6655771732330322,-91.69740295410156,65.56723022460938,-134.27333068847656
1781548250262067,181857440,-0.7420946359634399,-0.5802520513534546,0.055205680429935455,-0.3309918940067291,5.664882659912109,7.726293563842773,1.9246183633804321,-83.69786834716797,57.77738952636719,-126.21587371826172
1781548250289148,181874107,-0.7568990588188171,-0.567595899105072,0.04589812830090523,-0.320674866437912,5.311295509338379,7.474488735198975,2.128244638442993,-105.99942779541016,40.92483139038086,-118.13036346435547
1781548250290405,181890774,-0.770203173160553,-0.5566533803939819,0.038483355194330215,-0.3089391589164734,4.907820224761963,6.545253753662109,2.1892826557159424,-95.84622192382812,21.284971237182617,-115.35987091064453
1781548250291933,181907441,-0.7808210253715515,-0.5489319562911987,0.0309581495821476,-0.29670533537864685,4.3873610496521,6.441752910614014,2.5303614139556885,-68.40357971191406,12.411108016967773,-113.56649780273438
1781548250317804,181924108,-0.7935904264450073,-0.5377992987632751,0.02546660602092743,-0.2834397852420807,3.3954155445098877,6.380274295806885,3.167609214782715,-99.20806121826172,5.016073703765869,-115.09773254394531
1781548250319351,181940775,-0.8089444637298584,-0.5214470624923706,0.02499345876276493,-0.27032774686813354,2.513146162033081,4.969873428344727,3.5853383541107178,-147.00543212890625,-11.176132202148438,-99.83039093017578
1781548250347950,181957442,-0.8215439319610596,-0.5068320631980896,0.026129068806767464,-0.2598155438899994,2.0972554683685303,3.234814167022705,3.3331594467163086,-130.00347900390625,-14.506157875061035,-74.77810668945312
1781548250378968,181974109,-0.8264764547348022,-0.5017502307891846,0.025109410285949707,-0.2540725767612457,1.9378129243850708,2.6130530834198,3.419172763824463,-44.720272064208984,-4.119513511657715,-43.36216354370117
1781548250379559,181990776,-0.8227816820144653,-0.5093791484832764,0.021581929177045822,-0.25119248032569885,2.299999475479126,4.111566543579102,3.6693906784057617,62.146732330322266,-3.6851868629455566,-22.870447158813477
1781548250409277,182007443,-0.817872941493988,-0.5183577537536621,0.02013530395925045,-0.24896585941314697,2.9780120849609375,6.317465305328369,3.9840803146362305,70.53848266601562,-15.679058074951172,-9.99107551574707
1781548250410428,182024110,-0.8179505467414856,-0.5182641744613647,0.02428605407476425,-0.2485349476337433,2.9214353561401367,6.700066566467285,4.645786762237549,-7.580381393432617,-24.534282684326172,12.774991035461426
1781548250438536,182040777,-0.8205670714378357,-0.5132796764373779,0.03241700306534767,-0.249325230717659,2.656177043914795,5.7680888175964355,5.15071964263916,-50.729835510253906,-33.785003662109375,30.3027286529541
1781548250440784,182057444,-0.8228429555892944,-0.5080890655517578,0.041883643716573715,-0.2510395646095276,2.7417759895324707,4.718251705169678,5.157287120819092,-52.77076721191406,-37.783172607421875,40.85892105102539
1781548250468582,182074111,-0.8211143612861633,-0.5076976418495178,0.05056396871805191,-0.2558475434780121,3.1107709407806396,4.163021087646484,4.599695205688477,-9.380337715148926,-31.964746475219727,61.14248275756836
1781548250470192,182090778,-0.8130779266357422,-0.5155757665634155,0.05630657821893692,-0.26441648602485657,3.6772046089172363,5.170053958892822,4.540145397186279,65.8038558959961,-18.992101669311523,80.34198760986328
1781548250497958,182107445,-0.8042452931404114,-0.5228447914123535,0.06325411051511765,-0.27535825967788696,4.003530979156494,6.4949212074279785,5.299401760101318,63.950870513916016,-16.517961502075195,99.56046295166016
1781548250560008,182124112,-0.7980086207389832,-0.5249207019805908,0.07425669580698013,-0.286577433347702,4.436910629272461,6.198432445526123,5.067399978637695,18.34662628173828,-26.983604431152344,113.01453399658203
1781548250560715,182140779,-0.7903011441230774,-0.5285059809684753,0.08491679280996323,-0.29815253615379333,5.01018762588501,5.43009090423584,4.2860212326049805,32.79507064819336,-27.544767379760742,115.85835266113281
1781548250561278,182157446,-0.7776854038238525,-0.5387086272239685,0.09209798276424408,-0.3106714189052582,5.610764026641846,5.85398006439209,3.5366714000701904,94.27528381347656,-21.644126892089844,114.5433349609375
1781548250588504,182174113,-0.7625011205673218,-0.5517838597297668,0.09670722484588623,-0.3236890435218811,5.977107524871826,6.966064453125,3.0928773880004883,124.96268463134766,-13.806157112121582,111.35150146484375
1781548250589747,182190780,-0.7476182579994202,-0.5633608102798462,0.10288743674755096,-0.33631235361099243,6.402721881866455,7.593574047088623,2.9548678398132324,112.20301055908203,-20.003198623657227,115.56741333007812
1781548250618878,182207447,-0.7334157824516296,-0.5728121995925903,0.11333078145980835,-0.3480570614337921,6.874817848205566,7.5191650390625,2.574860095977783,88.15873718261719,-39.92476272583008,127.49315643310547
1781548250619967,182224114,-0.7171576023101807,-0.5841822624206543,0.12467356026172638,-0.35898861289024353,6.689681053161621,7.141796112060547,1.926230549812317,103.14572143554688,-53.857242584228516,130.36073303222656
1781548250620699,182240781,-0.6947517395019531,-0.603309690952301,0.13210944831371307,-0.3686257302761078,6.84990930557251,7.62383508682251,1.853137493133545,174.63804626464844,-64.21426391601562,116.81500244140625
1781548250647979,182257448,-0.6690145134925842,-0.6250439882278442,0.1343899667263031,-0.3790501356124878,8.234896659851074,9.064148902893066,2.145043134689331,214.7030029296875,-45.953521728515625,105.26842498779297
1781548250678281,182274115,-0.6500182151794434,-0.6363215446472168,0.13721971213817596,-0.39209967851638794,8.863398551940918,10.554218292236328,2.350104808807373,138.60104370117188,-3.709312677383423,111.7888412475586
1781548250679825,182290782,-0.6440497040748596,-0.6326778531074524,0.1485549658536911,-0.4035473167896271,7.92124080657959,10.308347702026367,1.4643856287002563,-9.537485122680664,3.7864127159118652,120.79176330566406
1781548250708608,182307449,-0.6411056518554688,-0.6280078887939453,0.16301177442073822,-0.40989863872528076,6.587365627288818,8.543262481689453,0.9523369073867798,-41.106239318847656,-26.269834518432617,104.4608154296875
1781548250710495,182324116,-0.6350279450416565,-0.6280630826950073,0.17254948616027832,-0.4153349995613098,7.425922870635986,6.3273773193359375,3.162093162536621,6.09040641784668,-25.365232467651367,82.72352600097656
1781548250738526,182340783,-0.629575788974762,-0.6235164999961853,0.17799988389015198,-0.4279925227165222,7.13943338394165,5.568206310272217,2.1146271228790283,3.537532091140747,37.54487991333008,100.27644348144531
1781548250739678,182357450,-0.6242002248764038,-0.6170403957366943,0.1850825995206833,-0.4420177936553955,7.257823944091797,6.43447208404541,-0.34593600034713745,-8.273612976074219,42.114627838134766,115.3310546875
1781548250768718,182374117,-0.6166008710861206,-0.6148914694786072,0.19417430460453033,-0.45167291164398193,8.61853313446045,7.123208522796631,-0.5830889940261841,8.06396198272705,-1.0284422636032104,106.34992980957031
1781548250770314,182390784,-0.6078509092330933,-0.6177249550819397,0.1970222145318985,-0.4583839178085327,8.896560668945312,7.134908199310303,2.8811986446380615,49.507083892822266,-4.011041641235352,64.3924560546875
1781548250798086,182407451,-0.6048381328582764,-0.6150922179222107,0.1995689570903778,-0.46476316452026367,8.278069496154785,5.884443759918213,5.29530668258667,2.7957394123077393,20.836505889892578,51.05015182495117
1781548250828501,182424118,-0.6059157252311707,-0.6054797768592834,0.20606645941734314,-0.4730724096298218,7.540132522583008,4.873127460479736,2.183994770050049,-53.50211715698242,40.481422424316406,72.2926025390625
1781548250829299,182440785,-0.6055940389633179,-0.5964919924736023,0.21598586440086365,-0.4804198741912842,8.210826873779297,4.417189121246338,-0.4163185656070709,-57.566837310791016,18.206594467163086,86.19747924804688
1781548250860128,182457452,-0.5982168912887573,-0.5958020687103271,0.22286953032016754,-0.4873252809047699,9.164300918579102,3.9331769943237305,-0.441989928483963,15.287703514099121,-8.850334167480469,82.88713836669922
1781548250861736,182474119,-0.5822821855545044,-0.6052626967430115,0.2211512327194214,-0.49567821621894836,8.969645500183105,5.432337760925293,0.39584508538246155,123.13713836669922,-14.66211986541748,66.72392272949219
1781548250888557,182490786,-0.5635977983474731,-0.6192598938941956,0.2153826206922531,-0.5024793148040771,8.819608688354492,7.863964557647705,3.0396971702575684,164.1918487548828,-24.545873641967773,46.12925338745117
1781548250889562,182507453,-0.5572776794433594,-0.6210668683052063,0.2166934460401535,-0.5067165493965149,8.901053428649902,8.809812545776367,3.706853151321411,36.04328918457031,-2.4697439670562744,41.67306137084961
1781548250918791,182524120,-0.5645660758018494,-0.6096468567848206,0.2278054803609848,-0.507642388343811,9.106636047363281,7.009098529815674,1.844186782836914,-111.8291244506836,12.190558433532715,43.139888763427734
1781548250920022,182540787,-0.5724971890449524,-0.5977076888084412,0.23925748467445374,-0.5076894760131836,9.506112098693848,4.621792793273926,0.43070921301841736,-119.10270690917969,10.00464153289795,39.72581481933594
1781548250947959,182557454,-0.5736169219017029,-0.5939272046089172,0.2424195110797882,-0.5093596577644348,9.908121109008789,4.463593006134033,1.1162805557250977,-27.386945724487305,9.623730659484863,22.399368286132812
1781548250977863,182574121,-0.5718089938163757,-0.5949740409851074,0.2399195432662964,-0.5113502144813538,9.643524169921875,6.191723823547363,2.5302042961120605,23.96863555908203,11.477546691894531,2.7483456134796143
1781548250980597,182590788,-0.5754877924919128,-0.5911769866943359,0.24256327748298645,-0.5103790760040283,8.75214672088623,6.326869010925293,2.8906774520874023,-40.48845672607422,5.21946907043457,0.8480094075202942
1781548251008456,182607455,-0.582792341709137,-0.5823728442192078,0.2497282773256302,-0.5087543725967407,8.332015037536621,4.9200873374938965,1.7892177104949951,-91.9957504272461,8.28966999053955,12.269083023071289
1781548251009385,182624122,-0.5868099927902222,-0.5763481259346008,0.25401103496551514,-0.5088769793510437,8.224126815795898,3.980802536010742,1.5741803646087646,-54.61268615722656,11.469122886657715,14.455791473388672
1781548251038381,182640789,-0.5869681239128113,-0.575430154800415,0.2543059289455414,-0.5095852613449097,8.701529502868652,4.293138027191162,2.205050230026245,-3.741029977798462,5.271215915679932,5.600378036499023
1781548251043049,182657456,-0.5865452885627747,-0.5762359499931335,0.25311338901519775,-0.5097554326057434,9.080643653869629,4.994776725769043,2.554840087890625,9.785445213317871,2.0906567573547363,-3.433652639389038
1781548251068408,182674123,-0.5882622003555298,-0.5750483274459839,0.25351661443710327,-0.5089170932769775,9.031005859375,4.981801986694336,2.604238748550415,-14.079888343811035,2.3689136505126953,-5.20830774307251
1781548251069849,182690790,-0.5912882089614868,-0.5723414421081543,0.25521427392959595,-0.5076115131378174,8.782979011535645,4.324288845062256,2.3685176372528076,-30.743295669555664,2.8829944133758545,-3.9124557971954346
1781548251098061,182707457,-0.5933570265769958,-0.5708443522453308,0.2558932304382324,-0.5065401792526245,8.838347434997559,3.9684600830078125,2.028597593307495,-18.090972900390625,2.043825387954712,-5.749980449676514
1781548251128071,182724124,-0.5944629907608032,-0.5705060362815857,0.2551250755786896,-0.5060119032859802,8.910233497619629,4.336029529571533,2.1206881999969482,-3.589902639389038,4.350094318389893,-7.9001240730285645
1781548251130757,182740791,-0.5961385369300842,-0.5695963501930237,0.255077987909317,-0.5050882697105408,8.747140884399414,4.836425304412842,2.381709575653076,-11.362122535705566,2.8387792110443115,-7.666872978210449
1781548251157765,182757458,-0.5997880697250366,-0.5664986968040466,0.25731953978538513,-0.5031105875968933,8.748785972595215,4.722321510314941,2.438753366470337,-37.85646057128906,0.39043569564819336,-6.041517734527588
1781548251159738,182774125,-0.6061971187591553,-0.5596632361412048,0.2608463764190674,-0.5012598633766174,8.811715126037598,4.079049110412598,2.3397693634033203,-68.24076843261719,13.39500904083252,-3.44472336769104
1781548251189071,182790792,-0.6145016551017761,-0.549648106098175,0.26418337225914,-0.500481903553009,8.669776916503906,3.4523868560791016,2.436310052871704,-86.21040344238281,32.672176361083984,-0.5343993902206421
1781548251191940,182807459,-0.6213514804840088,-0.5410160422325134,0.2668192982673645,-0.5000316500663757,8.562378883361816,3.4129602909088135,1.9072391986846924,-71.86084747314453,29.470855712890625,0.6928702592849731
1781548251218426,182824126,-0.6235414743423462,-0.5387284755706787,0.26764604449272156,-0.49933314323425293,8.61671257019043,3.8498711585998535,1.4794132709503174,-21.657264709472656,5.916537761688232,-2.716513156890869
1781548251222016,182840793,-0.6238897442817688,-0.5386197566986084,0.2683899998664856,-0.4986153841018677,8.62348747253418,4.11558198928833,2.340635299682617,-5.247082710266113,-4.6679158210754395,-0.7927900552749634
1781548251248211,182857460,-0.625864565372467,-0.5351747870445251,0.27136510610580444,-0.4982393980026245,8.426345825195312,3.6456284523010254,3.307948350906372,-32.60051345825195,1.466544270515442,9.515636444091797
1781548251278299,182874127,-0.6279544234275818,-0.530686616897583,0.2748028039932251,-0.49852627515792847,8.374707221984863,2.9922549724578857,3.2453324794769287,-37.8599967956543,5.702183723449707,15.62181282043457
1781548251279731,182890794,-0.6274298429489136,-0.5300257205963135,0.27604857087135315,-0.49920138716697693,8.578166007995605,2.7256271839141846,2.35276460647583,-3.549307107925415,-1.476508617401123,11.029274940490723
1781548251308369,182907461,-0.6237940192222595,-0.5343652367591858,0.2743541896343231,-0.5000648498535156,8.855585098266602,3.41169810295105,1.9871470928192139,39.807350158691406,-11.17314624786377,2.314486503601074
1781548251310002,182924128,-0.6199135780334473,-0.5398356914520264,0.2719790041446686,-0.500312089920044,8.956448554992676,4.582748889923096,2.3479299545288086,46.735599517822266,-14.866466522216797,-4.123244285583496
1781548251338196,182940795,-0.6182780861854553,-0.5423044562339783,0.27223291993141174,-0.49952733516693115,8.809944152832031,5.067101955413818,2.457077741622925,14.635252952575684,-15.378321647644043,-0.871742308139801
1781548251339179,182957462,-0.6183481216430664,-0.5419516563415527,0.2749534845352173,-0.4983321726322174,8.678332328796387,4.725149154663086,2.4053781032562256,-12.958314895629883,-14.510600090026855,6.005245685577393
1781548251367699,182974129,-0.6185623407363892,-0.5411171913146973,0.27817854285240173,-0.49718180298805237,8.556519508361816,4.10160493850708,2.378715991973877,-17.188064575195312,-14.56558895111084,8.49281120300293
1781548251369720,182990796,-0.6179662942886353,-0.5410869121551514,0.28087517619132996,-0.49643927812576294,8.272626876831055,3.682952642440796,2.532761812210083,-8.165863037109375,-15.09975528717041,9.493698120117188
1781548251397859,183007463,-0.6168760657310486,-0.5415447950363159,0.28335875272750854,-0.49588412046432495,8.241622924804688,3.7364628314971924,2.8907313346862793,-3.1645426750183105,-16.118003845214844,10.241385459899902
1781548251427930,183024130,-0.6156453490257263,-0.5421720147132874,0.2854886054992676,-0.49550661444664,8.541292190551758,3.9944729804992676,3.1861612796783447,-0.37075701355934143,-14.808011054992676,9.827250480651855
1781548251458238,183040797,-0.6147844195365906,-0.5422877669334412,0.28747889399528503,-0.4952981173992157,8.710138320922852,4.190839767456055,3.3548758029937744,-3.1070921421051025,-11.119521141052246,9.766521453857422
1781548251459829,183057464,-0.6150621175765991,-0.5411365032196045,0.29026520252227783,-0.4945869445800781,8.709407806396484,4.0781636238098145,3.2449951171875,-16.411209106445312,-9.794631004333496,9.236715316772461
1781548251461569,183074131,-0.6163665056228638,-0.5389770865440369,0.293954074382782,-0.4931402802467346,8.687676429748535,3.5380282402038574,2.888951539993286,-29.03162384033203,-10.871720314025879,8.006180763244629
1781548251487876,183090798,-0.6170619130134583,-0.5374532341957092,0.297402948141098,-0.4918642044067383,8.830317497253418,2.980046033859253,2.673438787460327,-22.922365188598633,-12.60947322845459,8.619086265563965
1781548251489759,183107465,-0.6162922978401184,-0.537259042263031,0.29881778359413147,-0.49218347668647766,9.046521186828613,2.927225112915039,2.6597490310668945,-1.726898431777954,-5.5766167640686035,10.10616683959961
1781548251548211,183124132,-0.6140322089195251,-0.5383973717689514,0.2980630695819855,-0.4942179322242737,8.983421325683594,3.5208377838134766,2.719158887863159,20.290863037109375,2.380173683166504,11.664361000061035
1781548251550149,183140799,-0.6117495894432068,-0.5393486022949219,0.29766330122947693,-0.4962480962276459,8.752888679504395,4.028478145599365,2.7543070316314697,18.36962127685547,1.4552713632583618,13.419868469238281
1781548251551310,183157466,-0.6105160117149353,-0.5388126373291016,0.29887765645980835,-0.4976177513599396,8.758502006530762,4.1764397621154785,2.761611223220825,1.3651518821716309,-0.5628012418746948,16.09221076965332
1781548251578740,183174133,-0.6098929643630981,-0.5370773077011108,0.30123722553253174,-0.4988338053226471,8.891565322875977,3.988889455795288,2.705170154571533,-10.164917945861816,-0.5812300443649292,20.06705665588379
1781548251580708,183190800,-0.6097260117530823,-0.5346812009811401,0.3040502071380615,-0.49990376830101013,9.120363235473633,3.718289852142334,2.6977763175964355,-16.476882934570312,0.18820898234844208,20.933380126953125
1781548251608409,183207467,-0.6095544099807739,-0.5326002240180969,0.30660539865493774,-0.5007732510566711,9.383444786071777,3.5859298706054688,2.5064523220062256,-14.671698570251465,-0.5610856413841248,18.502758026123047
1781548251609268,183224134,-0.6092665791511536,-0.5315080881118774,0.3081153929233551,-0.5013569593429565,9.480854988098145,3.572007417678833,2.177147388458252,-7.106785774230957,-0.8767873048782349,11.79290771484375
1781548251638360,183240801,-0.6086198091506958,-0.5311177372932434,0.3090224266052246,-0.5019971132278442,9.271260261535645,3.739583969116211,2.1393213272094727,-0.6571836471557617,-1.3229219913482666,9.577019691467285
1781548251639691,183257468,-0.6079888343811035,-0.5301544070243835,0.31085720658302307,-0.502646803855896,9.048714637756348,3.7458996772766113,2.230485439300537,-6.295312404632568,-3.1593549251556396,14.167529106140137
1781548251667889,183274135,-0.6074107885360718,-0.5283576250076294,0.3136198818683624,-0.503520667552948,9.001734733581543,3.488182306289673,2.352097272872925,-12.699827194213867,-3.2275779247283936,20.085729598999023
1781548251670607,183290802,-0.6066592931747437,-0.5259764194488525,0.3163573443889618,-0.5052042603492737,9.061877250671387,3.3115479946136475,2.611874580383301,-12.676915168762207,1.4688349962234497,25.236581802368164
1781548251698061,183307469,-0.6060113906860352,-0.5236456990242004,0.3186447024345398,-0.5069624781608582,9.135041236877441,3.406215190887451,2.6963515281677246,-11.11501693725586,3.6654744148254395,23.45071792602539
1781548251728814,183324136,-0.6057947874069214,-0.5213562846183777,0.3213444948196411,-0.5078763365745544,9.2352294921875,3.5069310665130615,2.4979310035705566,-15.783952713012695,-0.29194703698158264,19.823898315429688
1781548251730151,183340803,-0.6064017415046692,-0.5184953212738037,0.3248077929019928,-0.5078775882720947,9.380456924438477,3.309424877166748,2.4655776023864746,-25.798723220825195,-2.9276952743530273,17.14676856994629
1781548251758144,183357470,-0.606605052947998,-0.5160951614379883,0.32816076278686523,-0.5079242587089539,9.488192558288574,3.001939535140991,2.4470741748809814,-21.952964782714844,-4.816520690917969,17.32349967956543
1781548251759603,183374137,-0.6056687831878662,-0.5139120221138,0.330745130777359,-0.5095758438110352,9.575847625732422,2.8931491374969482,2.7012228965759277,-10.699360847473145,0.7553523778915405,24.77921485900879
1781548251789280,183390804,-0.6042594313621521,-0.5112747550010681,0.3326265215873718,-0.5126677751541138,9.510744094848633,3.0999515056610107,3.0104901790618896,-5.179739475250244,9.286974906921387,30.98370933532715
1781548251790843,183407471,-0.6038615107536316,-0.5075607895851135,0.3352864384651184,-0.5150887966156006,9.515287399291992,3.2671778202056885,3.0661044120788574,-17.487314224243164,9.801583290100098,29.83055877685547
1781548251818973,183424138,-0.6059035658836365,-0.5015597343444824,0.3395267128944397,-0.5157909989356995,9.457300186157227,2.955714464187622,2.849292516708374,-45.05632781982422,10.965639114379883,24.840801239013672
1781548251821027,183440805,-0.6101683378219604,-0.4944344162940979,0.34422630071640015,-0.5145267844200134,9.376204490661621,2.277897357940674,2.664708137512207,-63.62491226196289,11.446290969848633,12.974983215332031
1781548251847875,183457472,-0.6145790219306946,-0.4886292517185211,0.3476407825946808,-0.5125234723091125,9.294548034667969,1.6637057065963745,2.1571898460388184,-55.786376953125,9.999598503112793,1.864158272743225
1781548251877822,183474139,-0.6169787049293518,-0.4855114817619324,0.34849923849105835,-0.5120198726654053,9.186223983764648,1.4181698560714722,1.7806440591812134,-25.082660675048828,11.5626220703125,0.27570223808288574
1781548251880066,183490806,-0.6169010996818542,-0.4851005971431732,0.3475557565689087,-0.5131429433822632,9.062948226928711,1.52870512008667,2.0182044506073,4.910372734069824,9.172866821289062,3.394599676132202
1781548251908146,183507473,-0.6149574518203735,-0.48677927255630493,0.34604156017303467,-0.5149065852165222,9.251912117004395,1.8493456840515137,2.3693737983703613,23.54086685180664,1.9004342555999756,5.796902179718018
1781548251910029,183524140,-0.6124268174171448,-0.4891780614852905,0.34366005659103394,-0.5172391533851624,9.311136245727539,2.376859188079834,2.544036626815796,32.974491119384766,3.5256471633911133,5.663970947265625
1781548251938394,183540807,-0.6101800203323364,-0.4912170469760895,0.3413262665271759,-0.5195026397705078,8.98790168762207,2.838905096054077,2.761650562286377,30.171520233154297,5.044213771820068,5.375144004821777
1781548251942471,183557474,-0.6092292070388794,-0.49180567264556885,0.3408404588699341,-0.5203794836997986,8.897726058959961,2.99973464012146,2.9002091884613037,9.854867935180664,0.8300246596336365,4.573143005371094
1781548251969793,183574141,-0.609895646572113,-0.4907820522785187,0.3419603705406189,-0.5198301672935486,9.194161415100098,2.7595064640045166,2.768364429473877,-11.4533109664917,-1.1596921682357788,2.023038864135742
1781548251972104,183590808,-0.6112527847290039,-0.4894700050354004,0.3430861532688141,-0.5187305212020874,9.394439697265625,2.329465627670288,2.613192319869995,-16.309219360351562,-0.3876101076602936,-2.055574655532837
1781548251998532,183607475,-0.6121373772621155,-0.4891889989376068,0.3430435359477997,-0.5179800391197205,9.393366813659668,2.070814371109009,2.584364414215088,-5.394855499267578,0.906491219997406,-5.2680206298828125
1781548252028894,183624142,-0.6118739247322083,-0.49043259024620056,0.34163573384284973,-0.5180457830429077,9.317498207092285,2.1671319007873535,2.588996171951294,11.669325828552246,1.2610868215560913,-5.930854320526123
1781548252030582,183640809,-0.6108240485191345,-0.4923763871192932,0.3397687077522278,-0.5186684131622314,9.299759864807129,2.4402902126312256,2.7770369052886963,20.21106719970703,0.7299054265022278,-3.981065034866333
1781548252058348,183657476,-0.609631359577179,-0.4939306378364563,0.3380098044872284,-0.5197418332099915,9.296272277832031,2.7426505088806152,3.0114901065826416,19.725923538208008,2.8580541610717773,-0.3027168810367584
1781548252059286,183674143,-0.6085189580917358,-0.4950961768627167,0.33648571372032166,-0.5209241509437561,9.203990936279297,3.027489185333252,3.133610963821411,17.23715591430664,3.8184545040130615,1.5672876834869385
1781548252087848,183690810,-0.6081464886665344,-0.49533137679100037,0.336137056350708,-0.5213603973388672,9.252305030822754,3.1147618293762207,3.1347646713256836,4.891507625579834,1.4046454429626465,1.9510539770126343
1781548252089999,183707477,-0.6087125539779663,-0.4945484697818756,0.33644139766693115,-0.5212469696998596,9.283852577209473,2.8947134017944336,3.0251407623291016,-6.173467636108398,2.6207494735717773,0.8659846186637878
1781548252118414,183724144,-0.6097703576087952,-0.4933416545391083,0.33691880106925964,-0.5208455324172974,9.204071998596191,2.5462896823883057,2.9492290019989014,-10.905624389648438,3.573760986328125,-0.5325010418891907
1781548252119613,183740811,-0.6104173064231873,-0.4925301671028137,0.33704808354377747,-0.5207720994949341,9.284836769104004,2.283487319946289,2.9105639457702637,-5.848775863647461,3.77803373336792,0.2167282998561859
1781548252147992,183757478,-0.6099196076393127,-0.49280738830566406,0.3360635042190552,-0.5217283368110657,9.422038078308105,2.3459672927856445,2.8450045585632324,8.971203804016113,5.388703346252441,2.3420584201812744
1781548252179206,183774145,-0.6092252135276794,-0.49329617619514465,0.33466610312461853,-0.5229745507240295,9.495312690734863,2.6102919578552246,3.088689088821411,12.675830841064453,6.889482021331787,2.3759701251983643
1781548252179878,183790812,-0.6091578602790833,-0.4930766522884369,0.3338220417499542,-0.5237988233566284,9.406993865966797,2.8204848766326904,3.123004198074341,4.620910167694092,7.1303791999816895,1.8597322702407837
1781548252208476,183807479,-0.6096377372741699,-0.4924263656139374,0.3334921896457672,-0.5240621566772461,9.18110466003418,2.840696334838867,3.1329314708709717,-2.1765291690826416,5.882091999053955,0.27278169989585876
1781548252209474,183824146,-0.610595703125,-0.4914324879646301,0.3338508605957031,-0.5236513614654541,9.053547859191895,2.71933913230896,3.141411304473877,-9.262322425842285,3.0478286743164062,-1.1563369035720825
1781548252238500,183840813,-0.6114535927772522,-0.4903848469257355,0.3341148793697357,-0.5234641432762146,9.09498405456543,2.659510850906372,3.0160982608795166,-8.296430587768555,4.163966178894043,-0.05394035577774048
1781548252239919,183857480,-0.6120038628578186,-0.4894072413444519,0.3337828516960144,-0.5239473581314087,9.043288230895996,2.7375924587249756,3.1150929927825928,-3.279181480407715,7.971076965332031,1.701470971107483
1781548252268105,183874147,-0.6129821538925171,-0.4877709448337555,0.3341060280799866,-0.5241238474845886,8.902815818786621,2.7132272720336914,3.2964940071105957,-10.55506420135498,7.537355422973633,2.5857126712799072
1781548252269985,183890814,-0.6147779822349548,-0.4853402078151703,0.3354046642780304,-0.5234471559524536,8.975790023803711,2.4129974842071533,3.2390761375427246,-22.11989402770996,5.30510950088501,1.1404393911361694
1781548252297947,183907481,-0.6165361404418945,-0.4829100966453552,0.3365587890148163,-0.5228854417800903,9.183598518371582,2.0223753452301025,3.0337581634521484,-21.206811904907227,6.210020542144775,1.2778133153915405
1781548252329024,183924148,-0.6171084642410278,-0.48205137252807617,0.33619144558906555,-0.5232388973236084,9.291095733642578,1.9409732818603516,2.9315719604492188,-3.020749807357788,7.3049163818359375,0.7321456074714661
1781548252330942,183940815,-0.6167005300521851,-0.4825970530509949,0.33471059799194336,-0.5241656303405762,9.240013122558594,2.1663827896118164,3.032402515411377,11.517851829528809,6.6112494468688965,-0.2462662309408188
1781548252357858,183957482,-0.6161937713623047,-0.48335447907447815,0.33302032947540283,-0.5251392126083374,9.210144996643066,2.475576639175415,3.1106152534484863,13.606481552124023,6.664602756500244,-0.8739571571350098
1781548252359875,183974149,-0.615845263004303,-0.4841580092906952,0.3313906192779541,-0.5258382558822632,9.116992950439453,2.7077574729919434,3.1375598907470703,12.427885055541992,5.69175386428833,-2.5128250122070312
1781548252388436,183990816,-0.6156227588653564,-0.4849129617214203,0.3302232623100281,-0.5261375308036804,9.101964950561523,2.898548126220703,3.217668294906616,9.220505714416504,2.8659918308258057,-3.0114142894744873
1781548252389819,184007483,-0.6161920428276062,-0.4844611883163452,0.32996800541877747,-0.5260476469993591,9.152671813964844,2.9368882179260254,3.266324996948242,-2.709900379180908,3.8702516555786133,-1.7413945198059082
1781548252417788,184024150,-0.6173983216285706,-0.48299911618232727,0.33024731278419495,-0.5258023142814636,9.159886360168457,2.799917697906494,3.1998746395111084,-11.398336410522461,6.187218189239502,-0.6302648782730103
1781548252419932,184040817,-0.6188843846321106,-0.4812065064907074,0.3305521607398987,-0.5255070924758911,9.095358848571777,2.5946531295776367,3.129589080810547,-13.936126708984375,7.743924140930176,-1.0180801153182983
1781548252447990,184057484,-0.6203094720840454,-0.4796704351902008,0.33075055480003357,-0.5251064300537109,8.998128890991211,2.456979990005493,3.160964012145996,-12.497520446777344,6.781947135925293,-2.1819345951080322
1781548252478178,184074151,-0.6217772364616394,-0.4782806932926178,0.3311198949813843,-0.5244050025939941,8.885326385498047,2.2343759536743164,3.1642892360687256,-13.315397262573242,4.629825115203857,-3.3872432708740234
1781548252479684,184090818,-0.6224469542503357,-0.4780646562576294,0.3308725953102112,-0.5239631533622742,8.825119972229004,2.076571464538574,3.077500343322754,-2.85941481590271,2.070383310317993,-4.100759983062744
1781548252508394,184107485,-0.6218053102493286,-0.4796287715435028,0.329274982213974,-0.5243020057678223,8.811485290527344,2.28121280670166,3.1406867504119873,15.710287094116211,1.0198026895523071,-4.52380895614624
1781548252509497,184124152,-0.6209468245506287,-0.4813399910926819,0.3275686502456665,-0.5248199105262756,8.843045234680176,2.623798370361328,3.26488995552063,17.850797653198242,1.0536115169525146,-3.6684212684631348
1781548252538350,184140819,-0.6206652522087097,-0.48211562633514404,0.32688120007514954,-0.5248696208000183,8.964086532592773,2.784517765045166,3.2856411933898926,7.216871738433838,-0.1705421805381775,-2.2698745727539062
1781548252540105,184157486,-0.6210917830467224,-0.48207372426986694,0.3269030451774597,-0.5243896842002869,9.119877815246582,2.6980042457580566,3.272871732711792,-2.3688158988952637,-0.4112759232521057,-2.8962199687957764
1781548252568701,184174153,-0.6219194531440735,-0.48179057240486145,0.32680267095565796,-0.5237311720848083,9.185375213623047,2.6021270751953125,3.2692759037017822,-4.689622402191162,1.2902079820632935,-4.967609882354736
1781548252570244,184190820,-0.6230384111404419,-0.48140445351600647,0.3265935182571411,-0.5228859186172485,9.110082626342773,2.471994638442993,3.259091377258301,-6.122780799865723,2.1618597507476807,-6.944410800933838
1781548252598251,184207487,-0.62398362159729,-0.48135751485824585,0.326217919588089,-0.5220359563827515,9.066330909729004,2.3367631435394287,3.2380096912384033,-3.506507396697998,1.2497398853302002,-7.652653217315674
1781548252628170,184224154,-0.6240536570549011,-0.48256707191467285,0.3249267637729645,-0.521640419960022,9.016253471374512,2.4146242141723633,3.167263984680176,9.085041046142578,0.20883966982364655,-8.4107666015625
1781548252629976,184240821,-0.6233940720558167,-0.484536737203598,0.32295575737953186,-0.5218273997306824,8.914798736572266,2.7252626419067383,3.3094592094421387,18.50775718688965,0.7022819519042969,-7.248147964477539
1781548252658854,184257488,-0.6226007342338562,-0.4865082800388336,0.3209000825881958,-0.5222080945968628,8.755621910095215,3.1122186183929443,3.4907524585723877,19.694881439208984,1.4074773788452148,-6.223344326019287
1781548252659938,184274155,-0.6224665641784668,-0.4874083399772644,0.32013240456581116,-0.5219998955726624,8.731880187988281,3.2609634399414062,3.5546398162841797,6.979621887207031,-0.77570641040802,-4.4384002685546875
1781548252689586,184290822,-0.6229658722877502,-0.487064003944397,0.3206793963909149,-0.5213897228240967,8.965039253234863,3.128514528274536,3.4107980728149414,-6.072003364562988,-1.8889625072479248,-1.2870383262634277
1781548252690524,184307489,-0.6235721707344055,-0.4863787889480591,0.32136958837509155,-0.520879328250885,9.1327486038208,2.92484450340271,3.383664846420288,-8.18340015411377,-0.7102915048599243,-0.01143607310950756
1781548252747893,184324156,-0.6245002150535583,-0.48535919189453125,0.32207727432250977,-0.5202808380126953,9.132575035095215,2.7502894401550293,3.352714776992798,-10.950803756713867,0.8279756307601929,-0.7444078326225281
1781548252749443,184340823,-0.6253358125686646,-0.4845355153083801,0.3225070536136627,-0.5197784900665283,9.034754753112793,2.590985059738159,3.2004973888397217,-8.593574523925781,1.4362003803253174,-1.3616993427276611
1781548252751557,184357490,-0.6254838705062866,-0.4845382273197174,0.32210013270378113,-0.5198504328727722,8.877001762390137,2.5810465812683105,3.1886234283447266,1.5133329629898071,2.469083786010742,-1.0560245513916016
1781548252780590,184374157,-0.625179648399353,-0.48510053753852844,0.32136663794517517,-0.5201457738876343,8.797140121459961,2.7257165908813477,3.311607599258423,7.0884108543396,1.6160526275634766,-0.8059292435646057
1781548252781094,184390824,-0.624622106552124,-0.4860219359397888,0.32080531120300293,-0.5203019380569458,8.939132690429688,2.912973642349243,3.329672336578369,8.553766250610352,-1.4316991567611694,-0.7169508934020996
1781548252808298,184407491,-0.6243925094604492,-0.4864112436771393,0.32074105739593506,-0.5202534198760986,9.182930946350098,3.03460431098938,3.352268695831299,2.942713499069214,-1.623960256576538,0.06558772176504135
1781548252810055,184424158,-0.6246099472045898,-0.4861798882484436,0.3210226893424988,-0.5200348496437073,9.276195526123047,3.0081961154937744,3.3404431343078613,-2.8285510540008545,-0.4723237454891205,0.2623700797557831
1781548252838074,184440825,-0.6250934600830078,-0.4854174256324768,0.3217908442020416,-0.5196913480758667,9.31162166595459,2.881124258041382,3.2927989959716797,-8.013919830322266,-0.49276283383369446,1.5731643438339233
1781548252840322,184457492,-0.6254861354827881,-0.48468804359436035,0.32239583134651184,-0.5195245146751404,9.26095199584961,2.7420132160186768,3.14328670501709,-6.594836711883545,0.479297012090683,2.039149284362793
1781548252868753,184474159,-0.6256859302520752,-0.4843684434890747,0.3224591612815857,-0.5195425152778625,9.00311279296875,2.701873540878296,3.164125680923462,-1.8458302021026611,1.5337204933166504,0.810225784778595
1781548252870396,184490826,-0.6257924437522888,-0.48441287875175476,0.32235267758369446,-0.5194389820098877,8.784574508666992,2.739680767059326,3.210449695587158,0.3687140643596649,0.3524627983570099,-0.7517712116241455
1781548252897881,184507493,-0.6258316040039062,-0.48461678624153137,0.3223731219768524,-0.5191887021064758,8.801863670349121,2.74440860748291,3.22316575050354,0.5001839399337769,-1.401206612586975,-1.073632836341858
1781548252928231,184524160,-0.6257615089416504,-0.4849667549133301,0.32217034697532654,-0.5190725326538086,8.906083106994629,2.796464443206787,3.2250993251800537,2.5869531631469727,-0.758059024810791,-1.1739451885223389
1781548252929777,184540827,-0.6255909204483032,-0.4854028820991516,0.32202351093292236,-0.5189614295959473,8.992111206054688,2.937962770462036,3.259711265563965,3.1043295860290527,-1.5117894411087036,-0.798399031162262
1781548252959704,184557494,-0.6262041330337524,-0.48481297492980957,0.3227050304412842,-0.5183495879173279,9.095132827758789,2.8651320934295654,3.2957286834716797,-7.988742828369141,-1.3492261171340942,-0.7117514610290527
1781548252961396,184574161,-0.6271053552627563,-0.4838891327381134,0.32345885038375854,-0.5176531672477722,9.093997955322266,2.5890884399414062,3.1748852729797363,-10.832267761230469,-0.11386129260063171,-1.1203895807266235
1781548252988803,184590828,-0.627151608467102,-0.48416832089424133,0.32315704226493835,-0.5175243616104126,8.996994972229004,2.4807517528533936,3.0963680744171143,2.218360662460327,0.14373205602169037,-1.8180277347564697
1781548252990854,184607495,-0.6263593435287476,-0.4855375587940216,0.3219570815563202,-0.5179488658905029,8.943183898925781,2.7019402980804443,3.170546054840088,14.135472297668457,0.11664670705795288,-1.8603285551071167
1781548253018866,184624162,-0.6255518794059753,-0.4868963062763214,0.32082828879356384,-0.5183494687080383,8.968661308288574,2.988476037979126,3.2176411151885986,13.834151268005371,-0.2658216059207916,-1.6483958959579468
1781548253019878,184640829,-0.6251790523529053,-0.48765799403190613,0.3202543556690216,-0.5184383392333984,8.990152359008789,3.1139230728149414,3.260840654373169,7.1463470458984375,-0.608877956867218,-1.3635433912277222
1781548253048082,184657496,-0.6252267956733704,-0.4877029359340668,0.3202342391014099,-0.5183507204055786,9.00292682647705,3.1138174533843994,3.2921133041381836,0.2926955223083496,-0.10076035559177399,-0.18570488691329956
1781548253077810,184674163,-0.6257312893867493,-0.48718976974487305,0.32064393162727356,-0.5179710984230042,9.086441993713379,3.029999017715454,3.2772064208984375,-5.811944007873535,0.06766234338283539,-0.397611528635025
1781548253079505,184690830,-0.6266248226165771,-0.4861907660961151,0.32149824500083923,-0.517299473285675,9.313754081726074,2.8461663722991943,3.187519073486328,-11.433167457580566,-0.23580339550971985,-0.4794570803642273
1781548253138216,184707497,-0.6274986267089844,-0.4854455888271332,0.32186704874038696,-0.5167104601860046,9.414960861206055,2.67771577835083,3.092804431915283,-8.363970756530762,1.1859643459320068,-2.237065315246582
1781548253139652,184724164,-0.6283183693885803,-0.48527663946151733,0.32158076763153076,-0.5160508751869202,9.274246215820312,2.582479953765869,3.136509895324707,-3.525999069213867,1.610097885131836,-5.811651229858398
1781548253141131,184740831,-0.6290146708488464,-0.48558762669563293,0.32088255882263184,-0.5153443813323975,9.006999969482422,2.538421392440796,3.2116644382476807,0.3163489103317261,1.2575902938842773,-8.012396812438965
1781548253168016,184757498,-0.6293370127677917,-0.4864453971385956,0.3197735846042633,-0.514831006526947,8.793211936950684,2.5473790168762207,3.239610433578491,5.810889720916748,0.9161089658737183,-8.429924964904785
1781548253169584,184774165,-0.6290411353111267,-0.4879228174686432,0.3183283507823944,-0.5146900415420532,8.744404792785645,2.6818830966949463,3.2261621952056885,12.569090843200684,0.06469132751226425,-7.1181721687316895
1781548253171109,184790832,-0.6281278133392334,-0.4899482727050781,0.3166830241680145,-0.5148964524269104,8.891759872436523,2.906920909881592,3.280212640762329,18.479185104370117,-1.1952053308486938,-5.301387786865234
1781548253197938,184807499,-0.6272404193878174,-0.491774320602417,0.3151344656944275,-0.51518714427948,9.138416290283203,3.2274062633514404,3.3478147983551025,17.371227264404297,-0.5676933526992798,-4.269437313079834
1781548253228609,184824166,-0.6272124648094177,-0.4925990402698517,0.31402280926704407,-0.5151122212409973,9.209080696105957,3.442617177963257,3.381957769393921,7.8077073097229,1.7207063436508179,-5.24237060546875
1781548253230220,184840833,-0.6284492015838623,-0.49194368720054626,0.3137340545654297,-0.5144065022468567,9.031603813171387,3.3376684188842773,3.3916707038879395,-7.1344075202941895,4.008279800415039,-6.458667278289795
1781548253258442,184857500,-0.6303400993347168,-0.4905549883842468,0.3139561116695404,-0.5132826566696167,8.764640808105469,3.0388448238372803,3.27940034866333,-15.224896430969238,4.39142370223999,-7.268853664398193
1781548253260096,184874167,-0.6319433450698853,-0.489681214094162,0.31413111090660095,-0.5120368003845215,8.675629615783691,2.7863011360168457,3.1769235134124756,-12.11978530883789,1.7455132007598877,-8.053176879882812
1781548253287784,184890834,-0.6328446865081787,-0.48987212777137756,0.31368958950042725,-0.5110105872154236,8.76252269744873,2.6430180072784424,3.0944316387176514,-2.485597610473633,-0.10019690543413162,-9.001802444458008
1781548253289764,184907501,-0.6327772736549377,-0.49138227105140686,0.31240513920783997,-0.5104307532310486,8.853296279907227,2.7504541873931885,3.1178650856018066,10.441515922546387,-1.6536080837249756,-9.341814994812012
1781548253317857,184924168,-0.6321126818656921,-0.49347835779190063,0.3107227087020874,-0.5102590322494507,8.85641098022461,3.0282888412475586,3.1884493827819824,17.28166961669922,-1.8818954229354858,-8.074297904968262
1781548253320025,184940835,-0.6313608884811401,-0.4954758882522583,0.3091283142566681,-0.5102224946022034,8.818180084228516,3.3030993938446045,3.3371856212615967,17.12867546081543,-1.6465657949447632,-6.6709513664245605
1781548253347976,184957502,-0.6309376358985901,-0.4968845248222351,0.30812472105026245,-0.5099829435348511,8.771284103393555,3.4472103118896484,3.3762550354003906,10.948762893676758,-2.1386358737945557,-5.4407548904418945
1781548253378490,184974169,-0.6309360861778259,-0.49760451912879944,0.30797672271728516,-0.509371817111969,8.671506881713867,3.3528099060058594,3.3112010955810547,2.7340855598449707,-3.8119640350341797,-4.148937225341797
1781548253380603,184990836,-0.630833089351654,-0.4984078109264374,0.3078114688396454,-0.5088139176368713,8.555618286132812,3.195927143096924,3.1818013191223145,3.6161105632781982,-4.061483383178711,-3.7971601486206055
1781548253408424,185007503,-0.6297973394393921,-0.500413715839386,0.3065680265426636,-0.5088790059089661,8.364025115966797,3.284933090209961,3.174280881881714,17.116405487060547,-3.432810068130493,-4.072526454925537
1781548253409609,185024170,-0.6280524134635925,-0.5026678442955017,0.3052001893520355,-0.5096353888511658,8.226645469665527,3.6491801738739014,3.2908053398132324,22.521739959716797,-2.880140542984009,0.45145660638809204
1781548253438432,185040837,-0.6267756223678589,-0.5033552646636963,0.3053297996520996,-0.5104504823684692,8.31118106842041,3.923152208328247,3.388174295425415,9.006793975830078,-2.6734678745269775,7.524944305419922
1781548253439469,185057504,-0.6266613602638245,-0.5017576813697815,0.30777508020401,-0.5106953382492065,8.903016090393066,3.783026933670044,3.3296432495117188,-14.178250312805176,-4.1644768714904785,13.802236557006836
1781548253469003,185074171,-0.6270289421081543,-0.4994627833366394,0.3106590807437897,-0.5107472538948059,9.71287727355957,3.4507882595062256,2.991830348968506,-20.817089080810547,-3.259223461151123,14.261407852172852
1781548253470884,185090838,-0.627478301525116,-0.49755728244781494,0.3122647702693939,-0.5110761523246765,9.938586235046387,3.330889940261841,2.9128687381744385,-14.298970222473145,2.0225794315338135,9.961091995239258
1781548253497979,185107505,-0.6287808418273926,-0.4951920807361603,0.3136437237262726,-0.5109278559684753,9.583324432373047,3.185905933380127,3.1541154384613037,-19.387678146362305,4.829813480377197,5.1299052238464355
1781548253528529,185124172,-0.6307343244552612,-0.4925277531147003,0.31578829884529114,-0.5097731351852417,9.383625030517578,2.7545101642608643,3.128396511077881,-27.777124404907227,0.5417932868003845,1.7361295223236084
1781548253530318,185140839,-0.6319772601127625,-0.4911710321903229,0.3170446455478668,-0.5087617039680481,9.346956253051758,2.3247628211975098,2.9557178020477295,-16.310285568237305,-1.258148193359375,-1.0111645460128784
1781548253558612,185157506,-0.6318715214729309,-0.4917358458042145,0.3166295886039734,-0.5086058378219604,9.14881706237793,2.200263023376465,3.0182013511657715,4.303708553314209,-0.7675614356994629,-2.4107699394226074
1781548253560234,185174173,-0.6307548880577087,-0.4937283396720886,0.31497812271118164,-0.509087085723877,8.813246726989746,2.432222843170166,3.1239893436431885,19.6322078704834,-0.4359031617641449,-3.3975164890289307
1781548253618501,185190840,-0.6292557716369629,-0.4963001012802124,0.3131089508533478,-0.5095943212509155,8.676898002624512,2.806597948074341,3.0932750701904297,24.265899658203125,-2.257584810256958,-3.938600778579712
1781548253620352,185207507,-0.6278111338615417,-0.4990157186985016,0.31126394867897034,-0.5098544955253601,8.680120468139648,3.1888985633850098,3.0923523902893066,24.087568283081055,-3.591407060623169,-5.426074028015137
1781548253622360,185224174,-0.6268396973609924,-0.5012858510017395,0.30973970890045166,-0.5097511410713196,8.749384880065918,3.479764938354492,3.198791980743408,18.639009475708008,-3.648585557937622,-6.5992751121521
1781548253648138,185240841,-0.6266605854034424,-0.5025179982185364,0.30891016125679016,-0.5092611312866211,8.80156135559082,3.573158025741577,3.2271032333374023,8.18033504486084,-2.6490583419799805,-6.436230659484863
1781548253650403,185257508,-0.6268166899681091,-0.5032200217247009,0.3085381090641022,-0.5086008906364441,8.85817813873291,3.530939817428589,3.2074427604675293,2.787654399871826,-2.635777235031128,-5.631413459777832
1781548253678237,185274175,-0.6269391775131226,-0.5037180185317993,0.30834776163101196,-0.5080722570419312,9.00905990600586,3.5176138877868652,3.1780905723571777,1.5145878791809082,-2.3749375343322754,-3.9363903999328613
1781548253679716,185290842,-0.6270127892494202,-0.5038471817970276,0.3082667887210846,-0.5079022645950317,9.037446975708008,3.5436196327209473,3.085524082183838,0.5249643325805664,-0.40099242329597473,-1.0409640073776245
1781548253708216,185307509,-0.6273274421691895,-0.5032587051391602,0.30847877264022827,-0.5079683065414429,8.909933090209961,3.5171711444854736,3.10191011428833,-3.753387451171875,2.2304883003234863,1.7298498153686523
1781548253710311,185324176,-0.627661943435669,-0.5024623870849609,0.3089367151260376,-0.5080653429031372,8.781362533569336,3.439950942993164,3.0882434844970703,-5.548403263092041,2.0320541858673096,3.0736331939697266
1781548253738405,185340843,-0.6280530691146851,-0.5015840530395508,0.30972498655319214,-0.5079699754714966,8.798623085021973,3.2882518768310547,3.076326370239258,-7.688882350921631,0.33856791257858276,3.3522608280181885
1781548253740596,185357510,-0.6285037398338318,-0.500694990158081,0.31064265966415405,-0.5077292919158936,8.918025970458984,3.0974669456481934,3.003436803817749,-8.566707611083984,-0.5114345550537109,3.031359910964966
1781548253768882,185374177,-0.6286576390266418,-0.5001079440116882,0.3113158941268921,-0.5077047348022461,9.077218055725098,3.015820264816284,2.9267749786376953,-5.0846333503723145,-0.4535624384880066,3.4613447189331055
1781548253769970,185390844,-0.6283931136131287,-0.5001112818717957,0.3113877475261688,-0.5079845786094666,9.166116714477539,3.060377359390259,2.94897723197937,1.7197197675704956,0.2582208514213562,2.926603078842163
1781548253798330,185407511,-0.6279594302177429,-0.5004716515541077,0.31125640869140625,-0.508246898651123,9.222349166870117,3.1731317043304443,3.041752338409424,4.471548557281494,-0.5485088229179382,1.9633479118347168
1781548253828139,185424178,-0.6276112794876099,-0.5008977055549622,0.3112468421459198,-0.5082629323005676,9.310755729675293,3.224074363708496,3.0545570850372314,3.4716410636901855,-1.980399489402771,0.8670218586921692
1781548253830650,185440845,-0.627537727355957,-0.5012204647064209,0.3112614154815674,-0.5080265998840332,9.363016128540039,3.245012044906616,3.074106454849243,1.4695862531661987,-2.0004544258117676,-0.8726118803024292
1781548253858685,185457512,-0.6278744339942932,-0.5011188387870789,0.31133517622947693,-0.5076654553413391,9.256522178649902,3.1739630699157715,3.105674982070923,-2.2711548805236816,-0.33276018500328064,-1.7395248413085938
1781548253860313,185474179,-0.6283381581306458,-0.5009459853172302,0.31126898527145386,-0.5073026418685913,9.022838592529297,3.0995521545410156,3.0927317142486572,-2.582643747329712,0.7685155272483826,-2.5375783443450928
1781548253887666,185490846,-0.6288491487503052,-0.5009047985076904,0.3110470175743103,-0.5068461298942566,8.800532341003418,3.024688720703125,3.061842441558838,-1.7416507005691528,0.7928987145423889,-3.893885850906372
1781548253889714,185507513,-0.6291890144348145,-0.5012328028678894,0.31066417694091797,-0.5063345432281494,8.680782318115234,2.964736223220825,3.115644931793213,0.8351212739944458,-0.37274158000946045,-4.897467613220215
1781548253917952,185524180,-0.6291054487228394,-0.5021056532859802,0.3097820281982422,-0.5061139464378357,8.650296211242676,3.022047281265259,3.095944404602051,6.933980941772461,-0.03780435770750046,-5.075183868408203
1781548253920311,185540847,-0.6287685036659241,-0.5031488537788391,0.30859795212745667,-0.5062199234962463,8.67642879486084,3.2085258960723877,3.113912582397461,10.430397987365723,1.3111978769302368,-4.139270782470703
1781548253947904,185557514,-0.6283057332038879,-0.5040677189826965,0.3074330985546112,-0.5065891146659851,8.769075393676758,3.415384531021118,3.032195806503296,10.724150657653809,2.2710342407226562,-2.265303611755371
1781548253978447,185574181,-0.6279531717300415,-0.5046757459640503,0.3065781891345978,-0.5069388747215271,8.841849327087402,3.5988612174987793,3.0124964714050293,7.955005168914795,2.2067201137542725,-0.9759849309921265
1781548253981077,185590848,-0.6281893253326416,-0.5044519305229187,0.3065028488636017,-0.5069146752357483,8.870401382446289,3.609175443649292,3.073866605758667,-1.172370195388794,1.6886518001556396,-0.17877662181854248
1781548254008482,185607515,-0.6288606524467468,-0.5035957098007202,0.30714744329452515,-0.5065435171127319,8.949234008789062,3.4416561126708984,3.0447728633880615,-8.653624534606934,0.4966239631175995,0.6361364722251892
1781548254009854,185624182,-0.6291725039482117,-0.5031751990318298,0.30744171142578125,-0.5063955187797546,9.01725959777832,3.3145556449890137,2.9217772483825684,-3.883359670639038,0.49032318592071533,0.7032544016838074
1781548254039821,185640849,-0.6290442943572998,-0.5032777190208435,0.3073202669620514,-0.506526529788971,8.944067001342773,3.2849044799804688,3.015625,2.0252156257629395,0.5329939126968384,0.9281594157218933
1781548254042243,185657516,-0.6286983489990234,-0.5036076903343201,0.3072008788585663,-0.5067004561424255,8.88520336151123,3.327632427215576,3.0900769233703613,3.6749043464660645,-0.6398821473121643,1.3402680158615112
1781548254068524,185674183,-0.6283835172653198,-0.5038808584213257,0.30731016397476196,-0.5067532062530518,8.984112739562988,3.360064744949341,3.0716910362243652,2.447427749633789,-1.7207890748977661,1.6810063123703003
1781548254070030,185690850,-0.6281560063362122,-0.5040262937545776,0.30747073888778687,-0.506793200969696,9.076831817626953,3.351179361343384,3.0408153533935547,1.4057080745697021,-1.3507239818572998,1.774940848350525
1781548254097993,185707517,-0.6281389594078064,-0.5039284825325012,0.3076784312725067,-0.5067856311798096,9.077519416809082,3.303419589996338,3.10412335395813,-0.7043492794036865,-0.4499383568763733,1.4913828372955322
1781548254128682,185724184,-0.628189742565155,-0.5037736892700195,0.3078421354293823,-0.5067772269248962,9.04263973236084,3.262317180633545,3.114192247390747,-1.0611339807510376,0.06928874552249908,1.210206389427185
1781548254130481,185740851,-0.6281506419181824,-0.5037612915039062,0.30777114629745483,-0.5068811178207397,9.002202033996582,3.2508461475372314,3.1637842655181885,1.0764826536178589,0.84129399061203,0.9473434090614319
1781548254158703,185757518,-0.6279279589653015,-0.5039131045341492,0.30752450227737427,-0.50715571641922,8.985791206359863,3.321798086166382,3.1621527671813965,3.135833501815796,1.138926386833191,1.2810640335083008
1781548254160217,185774185,-0.6277087926864624,-0.5039902925491333,0.3073781430721283,-0.5074388384819031,8.970014572143555,3.400650978088379,3.1651697158813477,2.7030301094055176,1.0854086875915527,1.8897755146026611
1781548254188827,185790852,-0.6277567148208618,-0.5036740303039551,0.30750608444213867,-0.5076161026954651,8.972731590270996,3.407292366027832,3.1632394790649414,-1.2431890964508057,1.4217928647994995,2.234868049621582
1781548254189599,185807519,-0.6282050013542175,-0.5028337836265564,0.3080134391784668,-0.5075867176055908,9.007969856262207,3.329575777053833,3.126007318496704,-6.498825550079346,1.7978259325027466,2.4197280406951904
1781548254217989,185824186,-0.6289882063865662,-0.5015953779220581,0.3084963262081146,-0.5075490474700928,8.909613609313965,3.185560703277588,3.0223186016082764,-9.41188907623291,3.9367434978485107,1.9386322498321533
1781548254220013,185840853,-0.6296941041946411,-0.5005277395248413,0.3086358606815338,-0.5076428651809692,8.715606689453125,3.0510590076446533,2.9672210216522217,-6.931221008300781,5.114134311676025,1.2303128242492676
1781548254247982,185857520,-0.6299423575401306,-0.4999893307685852,0.3084871470928192,-0.5079560279846191,8.60851001739502,2.9948556423187256,2.9585797786712646,-1.569866418838501,4.307896137237549,1.6704922914505005
1781548254278622,185874187,-0.6294565796852112,-0.5003629326820374,0.3079211413860321,-0.5085331797599792,8.70947551727295,3.1067330837249756,2.9257776737213135,6.932021141052246,2.284736394882202,2.0125887393951416
1781548254280489,185890854,-0.6286348104476929,-0.5010780096054077,0.30722472071647644,-0.5092660784721375,8.867708206176758,3.3447554111480713,3.0532243251800537,10.314526557922363,1.4664493799209595,2.6762783527374268
1781548254308693,185907521,-0.6282056570053101,-0.5011626482009888,0.30698731541633606,-0.5098556876182556,8.938688278198242,3.4874494075775146,3.1062047481536865,4.234733581542969,1.994070291519165,3.564180374145508
1781548254310965,185924188,-0.6280567049980164,-0.5006871819496155,0.30728137493133545,-0.5103289484977722,8.941948890686035,3.4534215927124023,3.0867669582366943,-1.257455587387085,1.8534950017929077,5.093335151672363
1781548254338930,185940855,-0.6280127763748169,-0.499934583902359,0.3078785836696625,-0.5107605457305908,8.99007511138916,3.3656880855560303,3.072451591491699,-3.8607311248779297,1.6313437223434448,6.211561679840088
1781548254340435,185957522,-0.627791166305542,-0.49944818019866943,0.3084079623222351,-0.5111892223358154,8.998043060302734,3.298140287399292,3.078684091567993,-1.9356929063796997,0.5807104706764221,6.0031633377075195
1781548254369314,185974189,-0.6276305317878723,-0.4990198314189911,0.30897003412246704,-0.5114654302597046,8.984375953674316,3.2553460597991943,3.155369758605957,-2.325223445892334,-0.1565832495689392,5.122892379760742
1781548254374073,185990856,-0.6278159022331238,-0.4982989430427551,0.30981311202049255,-0.5114306807518005,8.980841636657715,3.1468448638916016,3.2090542316436768,-6.216523170471191,-0.6019241213798523,4.221248626708984
1781548254397950,186007523,-0.6282037496566772,-0.4974677860736847,0.31094062328338623,-0.5110791921615601,9.118927001953125,2.9241397380828857,3.148195743560791,-9.243485450744629,-2.1578450202941895,3.2884604930877686
1781548254427910,186024190,-0.6282992362976074,-0.4972265660762787,0.31155648827552795,-0.5108214020729065,9.303417205810547,2.798689842224121,3.0840625762939453,-3.6428439617156982,-2.306654453277588,1.7275065183639526
1781548254429894,186040857,-0.628348708152771,-0.4973582625389099,0.31137698888778687,-0.5107417702674866,9.283313751220703,2.8286750316619873,3.2251923084259033,1.241005778312683,0.3100225031375885,-0.8803980946540833
1781548254458454,186057524,-0.6286415457725525,-0.49744656682014465,0.3111479580402374,-0.5104350447654724,9.186298370361328,2.808767318725586,3.280755043029785,-0.062264472246170044,0.4303765892982483,-2.7828965187072754
1781548254459421,186074191,-0.6288847923278809,-0.49792343378067017,0.3105774223804474,-0.5100177526473999,9.19628620147705,2.765390396118164,3.23003888130188,2.6943087577819824,0.040141504257917404,-5.105520248413086
1781548254487918,186090858,-0.6288197040557861,-0.49905022978782654,0.309020459651947,-0.5099422931671143,9.114986419677734,2.803881883621216,3.199498176574707,10.786275863647461,2.5507893562316895,-7.299226760864258
1781548254489893,186107525,-0.6282968521118164,-0.5009270906448364,0.30648526549339294,-0.5102764964103699,8.929171562194824,3.1198668479919434,3.2470815181732178,19.883895874023438,4.578373432159424,-8.878785133361816
1781548254517960,186124192,-0.6281700730323792,-0.5021800398826599,0.3041634261608124,-0.5105902552604675,8.81231689453125,3.4641075134277344,3.377316951751709,15.032833099365234,6.609127521514893,-8.307271003723145
1781548254519325,186140859,-0.6287093162536621,-0.5021604299545288,0.30261459946632385,-0.5108660459518433,8.763663291931152,3.5776989459991455,3.3724796772003174,4.417033672332764,8.98949146270752,-5.488073825836182
1781548254547966,186157526,-0.6291794180870056,-0.5019744634628296,0.3013072907924652,-0.5112428069114685,8.724848747253418,3.623648166656494,3.214458703994751,3.313701868057251,8.739638328552246,-3.623544692993164
1781548254578812,186174193,-0.629673957824707,-0.5015487670898438,0.3002626895904541,-0.5116660594940186,8.749934196472168,3.7519142627716064,3.2248706817626953,1.2615859508514404,8.619681358337402,-2.1408510208129883
1781548254581952,186190860,-0.6306085586547852,-0.5002588629722595,0.2996959388256073,-0.5121097564697266,8.657661437988281,3.793286085128784,3.2766926288604736,-5.624103546142578,10.574277877807617,-0.16419027745723724
1781548254608561,186207527,-0.6317963004112244,-0.4983704090118408,0.29986679553985596,-0.5123870372772217,8.466620445251465,3.6621575355529785,3.3124377727508545,-11.932826042175293,9.467543601989746,2.0297508239746094
1781548254610308,186224194,-0.6328840851783752,-0.49632322788238525,0.30078867077827454,-0.5124913454055786,8.451997756958008,3.469585657119751,3.235532522201538,-15.11424732208252,6.025437831878662,4.5921630859375
1781548254639125,186240861,-0.633647620677948,-0.49450504779815674,0.3021177053451538,-0.5125235319137573,8.658027648925781,3.284545660018921,3.13244366645813,-14.812796592712402,2.4533848762512207,6.258231163024902
1781548254640505,186257528,-0.6342304348945618,-0.4928636848926544,0.30359604954719543,-0.5125101804733276,8.95715618133545,3.075498580932617,2.9988458156585693,-14.066274642944336,0.6426167488098145,6.830048084259033
1781548254667944,186274195,-0.6343129873275757,-0.4918140470981598,0.30450522899627686,-0.5128771066665649,9.074458122253418,2.9666008949279785,3.007725954055786,-6.932207107543945,1.3056013584136963,7.1089677810668945
1781548254670089,186290862,-0.633878767490387,-0.49141010642051697,0.30470335483551025,-0.5136826038360596,9.003649711608887,3.016273021697998,3.138859987258911,1.093630313873291,2.5440776348114014,7.1017560958862305
1781548254697862,186307529,-0.6330428719520569,-0.49159643054008484,0.30448368191719055,-0.5146646499633789,8.880894660949707,3.1617233753204346,3.2283709049224854,6.850714206695557,2.029083490371704,6.634286403656006
1781548254728476,186324196,-0.6319128274917603,-0.4922821521759033,0.30407625436782837,-0.5156376957893372,8.846957206726074,3.321824550628662,3.3406200408935547,10.682528495788574,0.43939244747161865,5.963183403015137
1781548254729843,186340863,-0.6309079527854919,-0.4929104447364807,0.30384212732315063,-0.5164053440093994,8.784735679626465,3.4674434661865234,3.5126655101776123,8.959165573120117,-0.5451537370681763,5.331240177154541
1781548254758665,186357530,-0.6306768655776978,-0.49233463406562805,0.30481380224227905,-0.5166643857955933,8.890111923217773,3.4104583263397217,3.6673967838287354,-4.231283664703369,-1.6082603931427002,6.980391979217529
1781548254760347,186374197,-0.6311034560203552,-0.4907890856266022,0.3065490126609802,-0.5165873765945435,9.120095252990723,3.207873821258545,3.502931833267212,-14.092364311218262,-1.2386441230773926,7.7984795570373535
1781548254788488,186390864,-0.6319951415061951,-0.4887540638446808,0.3083703815937042,-0.5163424611091614,9.325379371643066,2.9298393726348877,3.3245041370391846,-18.457534790039062,0.5350435972213745,6.73542594909668
1781548254789394,186407531,-0.6331271529197693,-0.4867572486400604,0.3096528649330139,-0.5160743594169617,9.286266326904297,2.671476364135742,3.2906510829925537,-17.212303161621094,3.1803133487701416,3.897918224334717
1781548254818934,186424198,-0.6340717077255249,-0.48544058203697205,0.31001752614974976,-0.5159359574317932,9.026350975036621,2.525716781616211,3.3563926219940186,-10.117391586303711,4.789583206176758,0.5977045893669128
1781548254820044,186440865,-0.6347121000289917,-0.4849031865596771,0.30973711609840393,-0.5158222913742065,8.767455101013184,2.4715349674224854,3.4544734954833984,-3.346273899078369,4.277442932128906,-2.024120807647705
1781548254848098,186457532,-0.6349154114723206,-0.4853091835975647,0.3087643086910248,-0.5157735347747803,8.677538871765137,2.4956305027008057,3.5106189250946045,4.82660436630249,3.2396671772003174,-4.506593227386475
1781548254878034,186474199,-0.6346477270126343,-0.48659971356391907,0.3070244789123535,-0.5159255266189575,8.714489936828613,2.6957221031188965,3.4853434562683105,13.400568008422852,3.119328260421753,-6.399914741516113
1781548254879833,186490866,-0.6341582536697388,-0.488099068403244,0.30502814054489136,-0.516295313835144,8.707036018371582,2.944277763366699,3.4221291542053223,16.42305564880371,3.7586488723754883,-5.961977481842041
1781548254908042,186507533,-0.6337642669677734,-0.48925304412841797,0.3036026656627655,-0.5165271162986755,8.752052307128906,3.0806753635406494,3.4283738136291504,12.279650688171387,2.232128858566284,-4.263248920440674
1781548254909335,186524200,-0.6334350109100342,-0.4903298616409302,0.30254989862442017,-0.5165272951126099,8.932326316833496,3.1169817447662354,3.3770909309387207,9.918874740600586,0.23805098235607147,-4.086879730224609
1781548254938592,186540867,-0.6331139206886292,-0.49166160821914673,0.30127832293510437,-0.5163983702659607,9.112420082092285,3.1650354862213135,3.4052324295043945,11.513279914855957,-0.13147006928920746,-5.945723056793213
1781548254939634,186557534,-0.6326701641082764,-0.4932310879230499,0.2993497848510742,-0.5165669322013855,9.172658920288086,3.386451244354248,3.454137086868286,15.90831470489502,2.634864568710327,-6.929164409637451
1781548254969140,186574201,-0.6323696374893188,-0.4945855736732483,0.2971777319908142,-0.5168940424919128,9.026876449584961,3.7011020183563232,3.5362517833709717,15.678081512451172,5.290213108062744,-7.132235050201416
1781548254972635,186590868,-0.6329434514045715,-0.49490463733673096,0.2960990369319916,-0.5165051817893982,9.038880348205566,3.798771381378174,3.5973381996154785,2.8577566146850586,3.568816661834717,-7.516419410705566
1781548254998016,186607535,-0.6343919038772583,-0.49395084381103516,0.2960398495197296,-0.5156744718551636,9.201070785522461,3.6420016288757324,3.449089288711548,-10.191234588623047,3.924501657485962,-6.489609241485596
1781548255028452,186624202,-0.6359745264053345,-0.4924974739551544,0.2957077622413635,-0.5153055787086487,9.03381633758545,3.4990999698638916,3.407546281814575,-10.917369842529297,8.728602409362793,-4.860474109649658
1781548255029887,186640869,-0.6375448703765869,-0.4907047152519226,0.2952910363674164,-0.5153141617774963,8.621316909790039,3.4784417152404785,3.529071092605591,-11.287705421447754,11.556069374084473,-2.760129451751709
1781548255058415,186657536,-0.6392271518707275,-0.4885250926017761,0.29553425312042236,-0.5151616334915161,8.383912086486816,3.400822401046753,3.509472608566284,-16.022554397583008,9.718435287475586,-0.84999680519104
1781548255059399,186674203,-0.6409888863563538,-0.486202597618103,0.29618388414382935,-0.514796793460846,8.4570951461792,3.2057082653045654,3.415123701095581,-18.787221908569336,7.8870134353637695,-0.4081389307975769
1781548255088490,186690870,-0.642289400100708,-0.48457014560699463,0.29634520411491394,-0.5146220922470093,8.514108657836914,3.068276882171631,3.319497585296631,-12.099677085876465,7.288887023925781,-0.9794814586639404
1781548255089606,186707537,-0.6429403424263,-0.4836685359477997,0.2960100471973419,-0.5148504972457886,8.434273719787598,3.0952038764953613,3.3747215270996094,-4.12507963180542,6.916384220123291,-0.04217131435871124
1781548255119772,186724204,-0.6431986689567566,-0.483097106218338,0.2957357168197632,-0.5152215957641602,8.408553123474121,3.2244951725006104,3.507293939590454,-1.2779202461242676,5.156958103179932,1.5109894275665283
1781548255121129,186740871,-0.6434999108314514,-0.4823245704174042,0.29607948660850525,-0.5153716802597046,8.451967239379883,3.2537219524383545,3.5753989219665527,-4.951332092285156,2.4885494709014893,2.8432469367980957
1781548255148650,186757538,-0.6438074111938477,-0.4814796447753906,0.29675859212875366,-0.5153871178627014,8.507429122924805,3.130232810974121,3.5525431632995605,-6.754710674285889,0.8275400996208191,3.4843204021453857
1781548255178796,186774205,-0.6435044407844543,-0.4815654456615448,0.2969265580177307,-0.5155884623527527,8.548086166381836,3.1084232330322266,3.563831329345703,1.5759940147399902,-0.8380730748176575,2.880077600479126
1781548255179490,186790872,-0.6424535512924194,-0.48270511627197266,0.29637154936790466,-0.5161523818969727,8.504179000854492,3.311119318008423,3.630101203918457,12.018054962158203,-1.7013373374938965,2.5900280475616455
1781548255208152,186807539,-0.641812801361084,-0.48305925726890564,0.29640838503837585,-0.5165969729423523,8.336690902709961,3.463111162185669,3.8399744033813477,4.843471050262451,-1.089129090309143,4.172380447387695
1781548255210171,186824206,-0.6417038440704346,-0.4824298322200775,0.29775387048721313,-0.5165467262268066,8.468461990356445,3.2799792289733887,3.597470760345459,-6.91733980178833,-3.929591417312622,6.4519243240356445
1781548255237974,186840873,-0.6407796144485474,-0.48327308893203735,0.2980470657348633,-0.5167366862297058,8.950948715209961,3.4401111602783203,3.383760929107666,6.51146125793457,-5.3896565437316895,3.901961088180542
1781548255239970,186857540,-0.6408894658088684,-0.4824652373790741,0.29922381043434143,-0.5166753530502319,9.14401912689209,3.66964054107666,3.659825563430786,-7.85275411605835,-2.1318483352661133,5.440876007080078
1781548255268719,186874207,-0.643074631690979,-0.4776851534843445,0.30285635590553284,-0.5162848234176636,9.122703552246094,3.054088592529297,3.7087786197662354,-41.63999557495117,4.334984302520752,12.936643600463867
1781548255269990,186890874,-0.6438414454460144,-0.47474581003189087,0.30473995208740234,-0.5169317722320557,9.093029022216797,2.2929251194000244,3.292644739151001,-20.47543716430664,5.987448692321777,12.980857849121094
1781548255297935,186907541,-0.6413265466690063,-0.47752615809440613,0.30303388833999634,-0.5184977054595947,9.124570846557617,2.606949806213379,3.218731164932251,30.243160247802734,-2.3250389099121094,5.012325763702393
1781548255358153,186924208,-0.6393341422080994,-0.4801064431667328,0.3017450273036957,-0.5193262696266174,9.103103637695312,3.4685633182525635,3.775768756866455,24.61820411682129,-4.7836432456970215,1.6830205917358398
1781548255359396,186940875,-0.6400753855705261,-0.47812020778656006,0.30358847975730896,-0.5191712975502014,8.829231262207031,3.4321506023406982,4.082981586456299,-17.70416259765625,0.1768110990524292,7.411614418029785
1781548255360704,186957542,-0.640880286693573,-0.475485235452652,0.30603182315826416,-0.5191636681556702,8.751397132873535,2.860722780227661,3.7423224449157715,-22.601207733154297,0.4697699546813965,11.160239219665527
1781548255387876,186974209,-0.6399226784706116,-0.4752110242843628,0.306272953748703,-0.5204523205757141,8.831452369689941,2.840791702270508,3.4789175987243652,4.150686740875244,2.275465250015259,10.99586296081543
1781548255418691,186990876,-0.6391268372535706,-0.4752814769744873,0.3058678209781647,-0.5216026902198792,8.835861206054688,3.1755001544952393,3.6845972537994385,7.160731792449951,3.7746925354003906,6.9716973304748535
1781548255420461,187007543,-0.6399624347686768,-0.4741993844509125,0.30629903078079224,-0.521310031414032,8.81795883178711,3.1423966884613037,3.782844066619873,-9.269380569458008,2.947913885116577,-0.06369880586862564
1781548255422396,187024210,-0.641069769859314,-0.4750199317932129,0.3074466586112976,-0.5185193419456482,8.997971534729004,2.528151512145996,3.9639780521392822,-9.610235214233398,-14.595588684082031,-13.69864273071289
1781548255448455,187040877,-0.6405433416366577,-0.47782379388809204,0.3076285123825073,-0.5164819359779358,9.43748664855957,2.5069196224212646,3.423621892929077,9.503758430480957,-18.402427673339844,-11.900708198547363
1781548255450518,187057544,-0.6427196264266968,-0.47358211874961853,0.3068455755710602,-0.5181481242179871,8.944799423217773,3.2762856483459473,2.6023004055023193,-19.141796112060547,28.75046157836914,6.545077800750732
1781548255478846,187074211,-0.6418071389198303,-0.472419410943985,0.30705127120018005,-0.5202146172523499,8.539314270019531,2.7463340759277344,4.081161022186279,1.8386671543121338,8.199996948242188,16.03924560546875
1781548255479663,187090878,-0.6396929025650024,-0.474019855260849,0.3061736822128296,-0.5218774676322937,9.299535751342773,2.871668815612793,3.8557441234588623,20.956369400024414,-0.7521951198577881,9.204267501831055
1781548255508683,187107545,-0.640516996383667,-0.4736616611480713,0.3045869767665863,-0.5221202373504639,8.65230655670166,2.896580934524536,3.772632360458374,2.3209149837493896,10.952513694763184,-5.773143291473389
1781548255510293,187124212,-0.641277551651001,-0.4740474820137024,0.3041722774505615,-0.5210772156715393,8.219006538391113,2.7849764823913574,3.519960403442383,-1.096198320388794,-1.201197624206543,-8.949296951293945
1781548255537895,187140879,-0.6406446695327759,-0.475446879863739,0.30311116576194763,-0.5211989879608154,8.689433097839355,3.13954758644104,3.431288480758667,12.665556907653809,-1.099643349647522,-3.0475027561187744
1781548255539135,187157546,-0.6400718092918396,-0.4763880968093872,0.3026954233646393,-0.5212849974632263,8.980327606201172,3.483072280883789,3.8678696155548096,8.065139770507812,-2.291389226913452,-0.3543645441532135
1781548255567938,187174213,-0.6414725184440613,-0.4748530983924866,0.30366119742393494,-0.5204014778137207,8.806723594665527,3.12284779548645,3.8566884994506836,-16.26445198059082,1.4344085454940796,-2.015554904937744
1781548255570079,187190880,-0.642973005771637,-0.4732741117477417,0.30466413497924805,-0.5194011330604553,8.606966972351074,2.549431800842285,3.5646703243255615,-17.16180419921875,1.2553372383117676,-2.674787998199463
1781548255598005,187207547,-0.6424787640571594,-0.4744325876235962,0.3040115237236023,-0.5193381905555725,8.741968154907227,2.571579933166504,3.5209779739379883,9.307882308959961,-2.32977032661438,-2.5291264057159424
1781548255627950,187224214,-0.641140878200531,-0.4767681956291199,0.302365243434906,-0.5198134183883667,8.918572425842285,3.0999655723571777,3.880858898162842,21.930561065673828,-2.151829242706299,-2.8417341709136963
1781548255629984,187240881,-0.6405646204948425,-0.4781455099582672,0.3012595772743225,-0.5199004411697388,8.7645902633667,3.3681983947753906,3.98583722114563,12.471080780029297,-0.7987581491470337,-3.5105175971984863
1781548255658421,187257548,-0.6407121419906616,-0.47848376631736755,0.30126509070396423,-0.5194040536880493,8.642679214477539,3.217207431793213,3.795501232147217,0.33454668521881104,-2.3980019092559814,-2.8619377613067627
1781548255659604,187274215,-0.6408222913742065,-0.47866809368133545,0.3014010190963745,-0.519019365310669,8.675557136535645,3.0878453254699707,3.817751169204712,-0.4541003406047821,-2.132577419281006,-1.4879953861236572
1781548255688597,187290882,-0.6406506896018982,-0.4789026379585266,0.3013777434825897,-0.5190285444259644,8.66742992401123,3.1519012451171875,3.822481870651245,2.079296588897705,-0.8988905549049377,0.6249819397926331
1781548255690703,187307549,-0.6405832171440125,-0.4787156283855438,0.3015501797199249,-0.5191841125488281,8.540522575378418,3.221189498901367,3.764042854309082,-0.5152891278266907,0.44192788004875183,2.4167439937591553
1781548255718473,187324216,-0.6407545208930969,-0.47810834646224976,0.30231407284736633,-0.519088089466095,8.527801513671875,3.1647558212280273,3.7022793292999268,-5.786139965057373,-0.996999979019165,3.2740397453308105
1781548255720000,187340883,-0.6411654353141785,-0.4772333800792694,0.3035890460014343,-0.5186413526535034,8.694873809814453,2.9725000858306885,3.626890182495117,-10.307284355163574,-2.948599100112915,3.108992338180542
1781548255748299,187357550,-0.6418274641036987,-0.4761826992034912,0.30489906668663025,-0.5180196166038513,8.84864616394043,2.7215681076049805,3.5781962871551514,-12.39269733428955,-2.5256435871124268,1.925826072692871
1781548255778626,187374217,-0.6422109603881836,-0.47585973143577576,0.3055124580860138,-0.5174794793128967,8.89334774017334,2.6305675506591797,3.475255250930786,-5.616634368896484,-2.360300064086914,-0.5283771753311157
1781548255780396,187390884,-0.6418303847312927,-0.47702351212501526,0.30505698919296265,-0.517148494720459,8.780516624450684,2.7354843616485596,3.496427059173584,7.688774585723877,-3.850780963897705,-3.507519006729126
1781548255808165,187407551,-0.6413583159446716,-0.478548139333725,0.30449602007865906,-0.5166560411453247,8.686692237854004,2.923633575439453,3.714728832244873,9.616131782531738,-5.390476703643799,-4.998192310333252
1781548255809569,187424218,-0.6409574151039124,-0.4798834025859833,0.3044818639755249,-0.5159229636192322,8.745015144348145,2.9277267456054688,3.675825595855713,6.107819080352783,-7.76924467086792,-4.113900661468506
1781548255838488,187440885,-0.6401236057281494,-0.48164647817611694,0.30399444699287415,-0.5156026482582092,8.777854919433594,2.9185357093811035,3.576712131500244,11.979635238647461,-6.740573883056641,-3.2104127407073975
1781548255839389,187457552,-0.6388013362884521,-0.48384231328964233,0.3028160631656647,-0.5158800482749939,8.61508560180664,3.0987389087677,3.674077272415161,19.183624267578125,-4.281770706176758,-2.0477893352508545
1781548255868290,187474219,-0.6371628642082214,-0.486269474029541,0.3015744388103485,-0.5163511633872986,8.51133918762207,3.5020108222961426,3.7350199222564697,21.877120971679688,-4.838529109954834,-0.7681774497032166
1781548255870007,187490886,-0.6359699368476868,-0.4878339469432831,0.30132564902305603,-0.5164912939071655,8.628927230834961,3.807119369506836,3.7225937843322754,12.405770301818848,-6.305479526519775,1.3125429153442383
1781548255898219,187507553,-0.6362293362617493,-0.48726290464401245,0.30282777547836304,-0.5158319473266602,8.792641639709473,3.709235668182373,3.764918565750122,-9.637768745422363,-6.037530899047852,2.97192645072937
1781548255928035,187524220,-0.6377364993095398,-0.48500534892082214,0.3057783544063568,-0.5143558382987976,9.034244537353516,3.1540627479553223,3.579885959625244,-28.108251571655273,-6.5571136474609375,3.309445858001709
1781548255930231,187540887,-0.6388394236564636,-0.48340660333633423,0.3077287971973419,-0.5133277773857117,9.136895179748535,2.6768362522125244,3.232991933822632,-19.325702667236328,-3.835237979888916,2.0092740058898926
1781548255959187,187557554,-0.6384354829788208,-0.4838549494743347,0.30735573172569275,-0.5136312246322632,8.795722007751465,2.720776081085205,3.226687431335449,5.597111701965332,0.35198894143104553,1.0851013660430908
1781548255960779,187574221,-0.6374144554138184,-0.484755277633667,0.30671900510787964,-0.5144304633140564,8.5729398727417,3.0638480186462402,3.555192708969116,11.634173393249512,0.2657127380371094,3.6168806552886963
1781548255988106,187590888,-0.6363546848297119,-0.4854644238948822,0.3066627085208893,-0.5151067972183228,8.755267143249512,3.351121425628662,3.556464433670044,8.571235656738281,-2.1068758964538574,5.535745620727539
1781548255990455,187607555,-0.6355670690536499,-0.485893189907074,0.30741241574287415,-0.5152279734611511,9.216886520385742,3.4195921421051025,3.3714537620544434,2.490342378616333,-5.893508434295654,5.45599889755249
1781548256017998,187624222,-0.6350924372673035,-0.4860607981681824,0.3076495826244354,-0.5155137777328491,9.341867446899414,3.4288344383239746,3.196849822998047,2.459517240524292,-1.5194605588912964,3.9036760330200195
1781548256020098,187640889,-0.6349287033081055,-0.4856904149055481,0.3074500262737274,-0.516183078289032,8.70429515838623,3.526920795440674,3.402214765548706,1.4250842332839966,4.23253059387207,4.152657508850098
1781548256047997,187657556,-0.6353453397750854,-0.4838446378707886,0.3092765510082245,-0.5163126587867737,8.348909378051758,3.3601999282836914,3.5460634231567383,-15.349016189575195,0.026771703734993935,9.598402976989746
1781548256077932,187674223,-0.6356339454650879,-0.4816250503063202,0.3126073479652405,-0.5160267353057861,8.78031063079834,2.939072608947754,3.3051443099975586,-22.780290603637695,-6.871700763702393,14.037312507629395
1781548256079979,187690890,-0.635932981967926,-0.4798726439476013,0.31565549969673157,-0.5154349207878113,9.425710678100586,2.565025806427002,3.0785105228424072,-20.365724563598633,-8.263941764831543,10.74662971496582
1781548256108893,187707557,-0.6360116004943848,-0.47931480407714844,0.31665101647377014,-0.5152464509010315,9.515600204467773,2.4758036136627197,2.789889335632324,-6.322393417358398,-2.6872591972351074,3.904240369796753
1781548256112728,187724224,-0.6351123452186584,-0.4807702302932739,0.31518155336380005,-0.5159002542495728,8.761920928955078,2.832449197769165,3.0857717990875244,16.297216415405273,1.6164509057998657,-1.4450314044952393
1781548256138855,187740891,-0.6343499422073364,-0.48172810673713684,0.31507813930511475,-0.5160079002380371,8.503552436828613,3.11517071723938,3.4670867919921875,7.5875020027160645,-4.109866619110107,1.2570780515670776
1781548256140927,187757558,-0.6337230205535889,-0.48159661889076233,0.31674668192863464,-0.5158793330192566,9.018242835998535,3.0833964347839355,3.395512104034424,-4.3606414794921875,-8.446393966674805,7.995053291320801
1781548256168938,187774225,-0.6333428621292114,-0.4811137020587921,0.3186872899532318,-0.515601634979248,9.4376802444458,2.8732094764709473,3.386964797973633,-8.012259483337402,-8.3460054397583,8.130865097045898
1781548256170628,187790892,-0.6336712837219238,-0.48047688603401184,0.3203013241291046,-0.5147911310195923,9.540787696838379,2.6270995140075684,3.257575273513794,-11.0074462890625,-6.57900857925415,2.566809892654419
1781548256198429,187807559,-0.6330876350402832,-0.4815010130405426,0.31990182399749756,-0.5148007869720459,9.207257270812988,2.6383249759674072,2.974890947341919,8.13256549835205,-2.9970579147338867,-0.9576336145401001
1781548256228869,187824226,-0.6315402388572693,-0.4836684763431549,0.31843939423561096,-0.5155755877494812,8.788069725036621,2.9662091732025146,3.3010313510894775,21.87310791015625,-1.963613510131836,-0.20246869325637817
1781548256229619,187840893,-0.630144476890564,-0.4847736358642578,0.3181694746017456,-0.5164114236831665,8.709543228149414,3.111602306365967,3.4905893802642822,12.626816749572754,-2.8526158332824707,5.803321838378906
1781548256258675,187857560,-0.6290608644485474,-0.48488762974739075,0.3189631998538971,-0.517135739326477,9.041691780090332,3.1100778579711914,3.538045883178711,3.249682903289795,-3.6374399662017822,9.917450904846191
1781548256259487,187874227,-0.6286802291870117,-0.4846380949020386,0.3199501633644104,-0.5172226428985596,9.299568176269531,3.068970203399658,3.496184825897217,-2.9642350673675537,-3.8288815021514893,6.026215076446533
1781548256290237,187890894,-0.6294540166854858,-0.483610600233078,0.3212088346481323,-0.5164628624916077,9.310864448547363,2.907318592071533,3.3392887115478516,-12.551753997802734,-2.382699489593506,1.040535807609558
1781548256290703,187907561,-0.6305578947067261,-0.4823942482471466,0.32201439142227173,-0.5157515406608582,9.046635627746582,2.734874963760376,3.2227375507354736,-12.966845512390137,1.0735759735107422,-1.0896928310394287
1781548256318403,187924228,-0.6314496397972107,-0.48131176829338074,0.3228735625743866,-0.5151340961456299,8.867012023925781,2.5150086879730225,3.247825860977173,-11.696581840515137,0.19914522767066956,-0.06035635620355606
1781548256319839,187940895,-0.6316025257110596,-0.48082029819488525,0.32341936230659485,-0.5150635242462158,9.052407264709473,2.346099853515625,3.2490620613098145,-4.290255069732666,-0.3432869613170624,2.607276678085327
1781548256348013,187957562,-0.6305724382400513,-0.48203861713409424,0.32249826192855835,-0.5157637596130371,9.271286964416504,2.5504391193389893,3.1906375885009766,13.799561500549316,-0.1560070514678955,1.435547947883606
1781548256378410,187974229,-0.629135012626648,-0.4842091202735901,0.32083719968795776,-0.5165217518806458,9.345008850097656,3.0212459564208984,3.296727418899536,22.16221809387207,-0.9960156679153442,-1.3849323987960815
1781548256379289,187990896,-0.6286686062812805,-0.48519226908683777,0.3197285830974579,-0.5168541073799133,9.172758102416992,3.371460437774658,3.446439504623413,10.826037406921387,1.5364229679107666,-2.239651918411255
1781548256408401,188007563,-0.6296689510345459,-0.4840680956840515,0.32022589445114136,-0.5163823962211609,8.935386657714844,3.247602939605713,3.3935725688934326,-10.50643539428711,2.668300151824951,-0.8858411908149719
1781548256412189,188024230,-0.6310385465621948,-0.4822428226470947,0.3214883506298065,-0.5156331658363342,8.803659439086914,2.766782283782959,3.184833288192749,-18.320375442504883,1.6669340133666992,0.6120353937149048
1781548256437888,188040897,-0.6315012574195862,-0.48179590702056885,0.32195526361465454,-0.5151931643486023,8.829838752746582,2.439030647277832,3.1033599376678467,-5.728152751922607,-0.7162464261054993,-0.47904717922210693
1781548256439958,188057564,-0.63099604845047,-0.4829193949699402,0.3213663697242737,-0.5151278972625732,8.978156089782715,2.562828779220581,3.214144706726074,8.882635116577148,-2.5910840034484863,-2.391368865966797
1781548256468021,188074231,-0.6303471922874451,-0.4843636453151703,0.3203429877758026,-0.5152036547660828,9.13574504852295,2.876546859741211,3.2935690879821777,12.65839958190918,-1.673509120941162,-3.402700185775757
1781548256470186,188090898,-0.6301602721214294,-0.48507511615753174,0.31944501399993896,-0.5153203010559082,9.076681137084961,3.074690818786621,3.344318151473999,7.438626766204834,1.4859274625778198,-2.8845794200897217
1781548256498685,188107565,-0.6306210160255432,-0.48488518595695496,0.31933480501174927,-0.5150038003921509,8.955327987670898,3.0211942195892334,3.399587631225586,-2.31620717048645,1.2605608701705933,-2.4292235374450684
1781548256529223,188124232,-0.6313056349754333,-0.4844330847263336,0.3196954131126404,-0.5143665075302124,8.912459373474121,2.7943060398101807,3.3037374019622803,-6.524158954620361,-0.4163345694541931,-2.450265407562256
1781548256530658,188140899,-0.6315081715583801,-0.48474013805389404,0.31952691078186035,-0.5139328241348267,8.858535766601562,2.6853373050689697,3.3057994842529297,0.7422752380371094,-1.1717426776885986,-3.2757492065429688
1781548256558570,188157566,-0.6313114762306213,-0.48562538623809814,0.3190801739692688,-0.5136163234710693,8.90756893157959,2.7376136779785156,3.326190233230591,5.801975250244141,-2.499786615371704,-3.562457799911499
1781548256560043,188174233,-0.6308721899986267,-0.4866342842578888,0.3184054493904114,-0.5136198997497559,9.065120697021484,2.870100498199463,3.2764906883239746,8.5585298538208,-1.4405354261398315,-2.3840439319610596
1781548256589578,188190900,-0.6304686069488525,-0.4875446557998657,0.31744611263275146,-0.5138459801673889,9.09338665008545,3.089445114135742,3.345391273498535,9.556453704833984,0.9808577299118042,-2.2630362510681152
1781548256590117,188207567,-0.6303765773773193,-0.4880681037902832,0.3168220818042755,-0.5138468742370605,9.086511611938477,3.2337002754211426,3.4073245525360107,5.274391174316406,0.8555217385292053,-2.3295390605926514
1781548256617955,188224234,-0.6305480599403381,-0.48835060000419617,0.3164854049682617,-0.5135756134986877,9.170174598693848,3.259463310241699,3.4015843868255615,1.5707309246063232,0.06930156797170639,-3.010913848876953
1781548256619696,188240901,-0.6310677528381348,-0.48822522163391113,0.3164466917514801,-0.5130800604820251,9.24294662475586,3.234947443008423,3.4436726570129395,-2.885629177093506,0.22949619591236115,-3.316627025604248
1781548256648024,188257568,-0.6321449875831604,-0.4872368574142456,0.316841721534729,-0.5124496221542358,9.198963165283203,3.047440528869629,3.3665359020233154,-10.303377151489258,2.1588375568389893,-2.5271289348602295
1781548256677854,188274235,-0.6334489583969116,-0.4859653115272522,0.3171662390232086,-0.511845588684082,9.005537986755371,2.8336188793182373,3.2996671199798584,-11.913535118103027,4.0690598487854,-2.804105520248413
1781548256680191,188290902,-0.6343955993652344,-0.48534297943115234,0.31698721647262573,-0.5113744139671326,8.844176292419434,2.687894582748413,3.193142890930176,-6.04917049407959,3.571711301803589,-4.145813465118408
1781548256708134,188307569,-0.6348007321357727,-0.48563435673713684,0.31618964672088623,-0.5110887289047241,8.809282302856445,2.7270877361297607,3.1467349529266357,2.5825610160827637,2.5794107913970947,-5.393382549285889
1781548256710164,188324236,-0.6349993944168091,-0.48629605770111084,0.31504350900650024,-0.5109201669692993,8.7987060546875,2.8509602546691895,3.22391414642334,6.206745624542236,2.6902880668640137,-6.184750556945801
1781548256737820,188340903,-0.6352404356002808,-0.4867059886455536,0.3137749135494232,-0.511011004447937,8.59731388092041,2.9456441402435303,3.2894527912139893,6.173976421356201,5.138723373413086,-4.986064434051514
1781548256742012,188357570,-0.6348847150802612,-0.4876028597354889,0.3123777210712433,-0.511454164981842,8.396864891052246,3.124892234802246,3.304379940032959,11.30128288269043,3.8134829998016357,-2.9082210063934326
1781548256768035,188374237,-0.6342331171035767,-0.48864948749542236,0.3114570379257202,-0.5118249654769897,8.5390043258667,3.3666298389434814,3.3148350715637207,11.224250793457031,0.36439839005470276,-0.8670029044151306
1781548256769673,188390904,-0.6339263319969177,-0.4890715479850769,0.3113580048084259,-0.5118621587753296,8.928608894348145,3.474674940109253,3.279777765274048,3.611525297164917,-1.444505214691162,0.5178695917129517
1781548256798039,188407571,-0.6342090964317322,-0.4885077178478241,0.31183966994285583,-0.5117571353912354,9.182706832885742,3.4055206775665283,3.2524871826171875,-4.9021430015563965,0.3151451051235199,1.9284892082214355
1781548256828110,188424238,-0.6349550485610962,-0.4873163104057312,0.31266680359840393,-0.5114630460739136,9.238602638244629,3.2030527591705322,3.257984161376953,-10.886232376098633,1.3520883321762085,1.9540766477584839
1781548256829286,188440905,-0.6358433365821838,-0.48623034358024597,0.31344589591026306,-0.5109159350395203,9.276779174804688,3.0166234970092773,3.177855968475342,-11.200666427612305,0.6750548481941223,-0.009540732949972153
1781548256858467,188457572,-0.6365633010864258,-0.4856695830821991,0.3137597441673279,-0.5103598833084106,9.267793655395508,2.8316421508789062,3.1358838081359863,-6.790528774261475,0.45046982169151306,-2.168781042098999
1781548256859509,188474239,-0.6369152665138245,-0.4858361780643463,0.31327393651008606,-0.5100604295730591,9.141196250915527,2.764427661895752,3.1985762119293213,0.9142261743545532,1.4395297765731812,-4.018581390380859
1781548256888132,188490906,-0.6367826461791992,-0.4867936372756958,0.31218433380126953,-0.5099814534187317,8.928125381469727,2.8161704540252686,3.3481998443603516,8.629387855529785,1.0168054103851318,-5.059547424316406
1781548256889705,188507573,-0.6364707946777344,-0.4880419075489044,0.3111758530139923,-0.5097939372062683,8.907865524291992,2.945356607437134,3.4278693199157715,10.042981147766113,-1.086708903312683,-5.2379536628723145
1781548256918424,188524240,-0.636101245880127,-0.4893035590648651,0.3101192116737366,-0.5096897482872009,9.002294540405273,3.0741822719573975,3.2956347465515137,10.458457946777344,-0.8286992311477661,-4.929626941680908
1781548256919667,188540907,-0.6358568668365479,-0.49032291769981384,0.30879196524620056,-0.5098206996917725,8.896383285522461,3.252392053604126,3.3682334423065186,10.572305679321289,2.3107082843780518,-4.6799798011779785
1781548256948015,188557574,-0.6360112428665161,-0.49075809121131897,0.3077560365200043,-0.5098358988761902,8.682491302490234,3.369509220123291,3.442413806915283,5.1772050857543945,3.4621524810791016,-4.445917129516602
1781548256978790,188574241,-0.636669933795929,-0.4904613196849823,0.30747556686401367,-0.5094683766365051,8.640121459960938,3.336500883102417,3.414281129837036,-2.942105770111084,2.5830602645874023,-3.7003698348999023
1781548256981013,188590908,-0.6373205780982971,-0.4901573061943054,0.3073825240135193,-0.5090035200119019,8.74531078338623,3.1910669803619385,3.3224127292633057,-3.841533660888672,1.4300659894943237,-3.4626834392547607
1781548257008351,188607575,-0.6377469301223755,-0.490053653717041,0.30692461133003235,-0.5088454484939575,8.844744682312012,3.172426700592041,3.3527982234954834,-0.25464144349098206,2.8976733684539795,-2.9755682945251465
1781548257009395,188624242,-0.63789302110672,-0.490202397108078,0.30606958270072937,-0.5090342164039612,8.804154396057129,3.2712481021881104,3.443563461303711,3.922656297683716,4.334726333618164,-2.3431782722473145
1781548257038028,188640909,-0.6380457282066345,-0.49017250537872314,0.3056086003780365,-0.5091484189033508,8.774063110351562,3.3987109661102295,3.408724069595337,1.5261262655258179,2.9751007556915283,-1.0101008415222168
1781548257040019,188657576,-0.6384591460227966,-0.4896349310874939,0.30590346455574036,-0.5089704394340515,8.814338684082031,3.327122688293457,3.388634443283081,-4.722533226013184,1.0404069423675537,0.4537353515625
1781548257070790,188674243,-0.6388930678367615,-0.4890061914920807,0.3064238727092743,-0.5087171792984009,8.944992065429688,3.1399972438812256,3.348149538040161,-6.252547264099121,0.11913109570741653,0.9598039984703064
1781548257071054,188690910,-0.6389546990394592,-0.4889284074306488,0.3063587248325348,-0.5087538361549377,9.052406311035156,3.0992980003356934,3.276529550552368,0.0823640301823616,0.9569095969200134,0.4080294966697693
1781548257097990,188707577,-0.6386653184890747,-0.48942866921424866,0.30568110942840576,-0.5090437531471252,9.078904151916504,3.203312873840332,3.2825188636779785,6.534088134765625,1.7568583488464355,-0.5070418119430542
1781548257129909,188724244,-0.638400673866272,-0.4899721145629883,0.30497604608535767,-0.5092758536338806,9.05382251739502,3.314014196395874,3.3591549396514893,6.6218767166137695,1.5870591402053833,-1.0274025201797485
1781548257130566,188740911,-0.6383577585220337,-0.49024850130081177,0.30437803268432617,-0.5094214081764221,8.978691101074219,3.3753833770751953,3.420246124267578,4.069506645202637,2.1987929344177246,-1.2927627563476562
1781548257158412,188757578,-0.6385331153869629,-0.49022939801216125,0.30396610498428345,-0.5094661116600037,8.798782348632812,3.3564186096191406,3.472848415374756,1.2005504369735718,2.5420541763305664,-1.2442009449005127
1781548257159940,188774245,-0.6389355659484863,-0.4898284077644348,0.30384090542793274,-0.5094218254089355,8.6019287109375,3.2883241176605225,3.4824769496917725,-2.418466567993164,2.800665855407715,-0.6608333587646484
1781548257188547,188790912,-0.6394280195236206,-0.48923587799072266,0.30409079790115356,-0.509223997592926,8.504098892211914,3.2020809650421143,3.4384868144989014,-5.127573490142822,1.5188908576965332,0.03961644694209099
1781548257189595,188807579,-0.6400510668754578,-0.4883483946323395,0.3046320378780365,-0.508969783782959,8.544598579406738,3.083312511444092,3.373816967010498,-8.015674591064453,1.3491427898406982,0.9258032441139221
1781548257217949,188824246,-0.6403866410255432,-0.4877179265022278,0.30473989248275757,-0.5090871453285217,8.553160667419434,3.049062728881836,3.34313702583313,-3.737161874771118,2.963254690170288,1.5304421186447144
1781548257219733,188840913,-0.6401302814483643,-0.48774686455726624,0.3042285740375519,-0.5096874833106995,8.445771217346191,3.2060446739196777,3.404115915298462,4.428660869598389,3.7942850589752197,2.309619426727295
1781548257249001,188857580,-0.6399344205856323,-0.4875342547893524,0.30413708090782166,-0.5101913213729858,8.422882080078125,3.333531618118286,3.534578561782837,1.486465334892273,2.5954184532165527,3.5842225551605225
1781548257279310,188874247,-0.6400435566902161,-0.486795574426651,0.3049877882003784,-0.510252058506012,8.643321990966797,3.2764270305633545,3.4983882904052734,-6.2235798835754395,-0.6022443175315857,4.769450664520264
1781548257279774,188890914,-0.6404244899749756,-0.4856928884983063,0.306471049785614,-0.5099359154701233,9.022197723388672,3.0473577976226807,3.465012311935425,-11.659446716308594,-2.770463466644287,5.070402145385742
1781548257309864,188907581,-0.6406300067901611,-0.48501625657081604,0.3075384199619293,-0.5096789002418518,9.384522438049316,2.87336802482605,3.346839189529419,-7.612032413482666,-2.6036980152130127,3.659473180770874
1781548257310471,188924248,-0.6403130292892456,-0.48545292019844055,0.3074389100074768,-0.5097218155860901,9.55302619934082,2.8898367881774902,3.236370325088501,3.7934393882751465,-1.457541823387146,0.5804798007011414
1781548257340097,188940915,-0.6398463249206543,-0.48665091395378113,0.306363970041275,-0.5098126530647278,9.416687965393066,3.0439929962158203,3.2957358360290527,11.298683166503906,0.05841619521379471,-3.4987733364105225
1781548257340632,188957582,-0.6394118070602417,-0.48819422721862793,0.30488649010658264,-0.5097679495811462,9.13451099395752,3.1906979084014893,3.4534318447113037,13.65588665008545,0.17214947938919067,-6.351108551025391
1781548257369582,188974249,-0.6389909386634827,-0.489711731672287,0.3034377098083496,-0.5097047090530396,8.919058799743652,3.3236472606658936,3.5128092765808105,13.395689964294434,0.11627534031867981,-6.315200328826904
1781548257370642,188990916,-0.6386034488677979,-0.4908849895000458,0.302092969417572,-0.5098603367805481,8.701872825622559,3.4136600494384766,3.5279033184051514,11.799323081970215,1.64882493019104,-4.426069259643555
1781548257397981,189007583,-0.6385886669158936,-0.49127230048179626,0.3012610971927643,-0.5099980235099792,8.465341567993164,3.5131473541259766,3.626218795776367,5.3159871101379395,2.887301206588745,-2.424703598022461
1781548257428995,189024250,-0.639103353023529,-0.49082115292549133,0.3012704849243164,-0.509782075881958,8.382287979125977,3.4829790592193604,3.62559175491333,-4.035345077514648,1.9652179479599,-1.3301188945770264
1781548257430486,189040917,-0.6398547887802124,-0.48999831080436707,0.30172285437583923,-0.5093632936477661,8.505735397338867,3.3729240894317627,3.503298282623291,-8.22482967376709,1.2028816938400269,-0.7050409913063049
1781548257458049,189057584,-0.6404684782028198,-0.48924118280410767,0.30202552676200867,-0.5091403126716614,8.575541496276855,3.283176898956299,3.41195011138916,-6.502053260803223,2.0190300941467285,0.013670780695974827
1781548257460575,189074251,-0.6409493088722229,-0.48850899934768677,0.3022460639476776,-0.5091076493263245,8.566023826599121,3.2340798377990723,3.466336727142334,-5.233392715454102,2.668158531188965,1.0000544786453247
1781548257489755,189090918,-0.6413087248802185,-0.48767316341400146,0.3027370572090149,-0.5091643333435059,8.619848251342773,3.1633739471435547,3.4483673572540283,-6.0965800285339355,1.8679922819137573,2.922544002532959
1781548257490711,189107585,-0.6413795948028564,-0.4870154559612274,0.303191602230072,-0.509434163570404,8.743210792541504,3.1113245487213135,3.400672197341919,-3.797966957092285,1.509183645248413,4.368983268737793
1781548257518598,189124252,-0.6412906050682068,-0.48661962151527405,0.3035721778869629,-0.5096976161003113,8.868369102478027,3.1268978118896484,3.3244056701660156,-1.7910577058792114,0.5895595550537109,4.13511323928833
1781548257520119,189140919,-0.6410384774208069,-0.486563116312027,0.3038211464881897,-0.5099203586578369,9.07253360748291,3.1714928150177,3.2422382831573486,0.583169162273407,-0.5125100612640381,3.361391305923462
1781548257547997,189157586,-0.640370786190033,-0.48707085847854614,0.30307474732398987,-0.5107182860374451,9.049121856689453,3.332874298095703,3.2217206954956055,9.150250434875488,2.9529342651367188,2.8436193466186523
1781548257578211,189174253,-0.6391841173171997,-0.48811691999435425,0.3016192615032196,-0.5120658278465271,8.699113845825195,3.673701524734497,3.4036037921905518,16.913755416870117,4.951727867126465,3.5985305309295654
1781548257580336,189190920,-0.638329803943634,-0.4881552755832672,0.30146604776382446,-0.513184130191803,8.529545783996582,3.856269598007202,3.5010299682617188,6.338050365447998,2.7063605785369873,7.892613887786865
1781548257608153,189207587,-0.638121485710144,-0.4867055118083954,0.3029753863811493,-0.5139305591583252,8.664238929748535,3.712165355682373,3.4699506759643555,-9.070054054260254,0.7259862422943115,12.618844032287598
1781548257609917,189224254,-0.6385350823402405,-0.4843839704990387,0.3053889274597168,-0.5141816735267639,8.888578414916992,3.3435850143432617,3.419201135635376,-19.08955192565918,-0.48370957374572754,13.134927749633789
1781548257638294,189240921,-0.6396798491477966,-0.48149532079696655,0.3082105815410614,-0.5137882828712463,8.94863224029541,2.8736050128936768,3.3262033462524414,-26.891054153442383,-0.9099833369255066,10.23884105682373
1781548257639816,189257588,-0.6412920355796814,-0.47855493426322937,0.31091803312301636,-0.512893557548523,8.873560905456543,2.304561138153076,3.2319796085357666,-29.43108367919922,-0.9290651679039001,6.072386741638184
1781548257668569,189274255,-0.6421670317649841,-0.4772821068763733,0.31230947375297546,-0.5121389627456665,8.810113906860352,1.8821953535079956,3.181004524230957,-14.661373138427734,-2.105275869369507,1.413930892944336
1781548257671993,189290922,-0.6414563059806824,-0.47864964604377747,0.3115319311618805,-0.512226939201355,8.757622718811035,1.9107041358947754,3.1876094341278076,10.835783958435059,-2.7289061546325684,-2.389178991317749
1781548257698377,189307589,-0.6392534375190735,-0.4825022220611572,0.3088887929916382,-0.5129664540290833,8.734084129333496,2.466701030731201,3.3789215087890625,35.46331024169922,-4.047235488891602,-5.413244247436523
1781548257728498,189324256,-0.6366646885871887,-0.48692867159843445,0.30587542057037354,-0.5138083100318909,8.775947570800781,3.175950765609741,3.644608974456787,40.88489532470703,-4.890992164611816,-6.0124125480651855
1781548257730055,189340923,-0.6344420909881592,-0.4905160963535309,0.303742378950119,-0.5144102573394775,8.902301788330078,3.6514182090759277,3.6499111652374268,32.3452262878418,-5.822800159454346,-3.65462589263916
1781548257757979,189357590,-0.6325417160987854,-0.49300530552864075,0.302460253238678,-0.5151262283325195,9.085041046142578,3.918605327606201,3.594560384750366,23.57323455810547,-4.636419773101807,0.8200753331184387
1781548257761081,189374257,-0.6313995718955994,-0.49398329854011536,0.30210620164871216,-0.51579749584198,9.096033096313477,4.016273021697998,3.6160976886749268,11.270228385925293,-1.8191941976547241,4.3115997314453125
1781548257787890,189390924,-0.6314476132392883,-0.49322310090065,0.3031296133995056,-0.515865683555603,9.067663192749023,3.9189298152923584,3.6244988441467285,-6.528639793395996,-1.235518455505371,5.735459327697754
1781548257789751,189407591,-0.6327019929885864,-0.49108755588531494,0.3052370250225067,-0.5151229500770569,9.050779342651367,3.546541452407837,3.497023105621338,-22.29804801940918,-1.359025001525879,4.415310382843018
1781548257817862,189424258,-0.6345365643501282,-0.4883849322795868,0.3074851334095001,-0.5140979290008545,9.022028923034668,3.011937379837036,3.3238513469696045,-27.733753204345703,0.3289640247821808,2.827759027481079
1781548257820043,189440925,-0.6358693242073059,-0.4864259660243988,0.3088892996311188,-0.5134664177894592,8.920634269714355,2.6394243240356445,3.2173349857330322,-18.953794479370117,1.6543711423873901,1.9248416423797607
1781548257848006,189457592,-0.6364845633506775,-0.48551321029663086,0.3094257414340973,-0.5132448077201843,8.855317115783691,2.566149950027466,3.3041529655456543,-7.976705551147461,1.6250301599502563,1.151976227760315
1781548257879244,189474259,-0.6364724040031433,-0.4855921268463135,0.3092365264892578,-0.5132994055747986,8.822428703308105,2.6478686332702637,3.301623821258545,1.4472135305404663,0.835710346698761,-0.017954502254724503
1781548257880331,189490926,-0.6360297799110413,-0.4863121509552002,0.30864354968070984,-0.5135229825973511,8.83171558380127,2.8002586364746094,3.3386783599853516,7.1283416748046875,-0.12538696825504303,-0.6020009517669678
1781548257909213,189507593,-0.6352949142456055,-0.4874185025691986,0.30768439173698425,-0.5139591693878174,8.83156681060791,2.9745945930480957,3.3505516052246094,11.87978458404541,0.3164130747318268,-0.5554757118225098
1781548257910649,189524260,-0.634293258190155,-0.4887593686580658,0.30652061104774475,-0.5146178603172302,8.814488410949707,3.2006301879882812,3.382751941680908,15.166025161743164,0.620807409286499,0.24327600002288818
1781548257938434,189540927,-0.6332690119743347,-0.4899962544441223,0.30552980303764343,-0.5152918696403503,8.88127613067627,3.41933012008667,3.4167513847351074,14.031806945800781,0.1787191480398178,1.1236876249313354
1781548257939281,189557594,-0.6329511404037476,-0.49034634232521057,0.30540230870246887,-0.5154249668121338,8.982467651367188,3.4773356914520264,3.4239025115966797,3.7183306217193604,-0.735660970211029,1.083052396774292
1781548257968503,189574261,-0.6335877776145935,-0.48955586552619934,0.3062761127948761,-0.5148755311965942,9.088233947753906,3.233274221420288,3.348165988922119,-9.436718940734863,-1.3458837270736694,0.5041925311088562
1781548257970425,189590928,-0.6342214345932007,-0.48894938826560974,0.30692121386528015,-0.5142871737480164,9.125100135803223,2.959174633026123,3.2184741497039795,-8.041671752929688,-1.185970664024353,-0.8654148578643799
1781548257998362,189607595,-0.6344479322433472,-0.4890327453613281,0.3067857027053833,-0.5140092372894287,9.026250839233398,2.9775497913360596,3.2732455730438232,-0.1403704136610031,0.00019849844102282077,-2.111907958984375
1781548258028521,189624262,-0.6348459720611572,-0.48897239565849304,0.3066864013671875,-0.513634443283081,8.884272575378418,3.054263114929199,3.36610746383667,-1.663800835609436,0.3899981379508972,-2.711219310760498
1781548258029367,189640929,-0.6353664398193359,-0.48886656761169434,0.30668118596076965,-0.5130942463874817,8.81982707977295,2.9989213943481445,3.4278743267059326,-2.9627363681793213,-0.16027148067951202,-3.4551918506622314
1781548258058941,189657596,-0.6355263590812683,-0.48937511444091797,0.3063201606273651,-0.5126268863677979,8.795831680297852,2.978487968444824,3.4855282306671143,2.328674793243408,-1.2935823202133179,-4.363239288330078
1781548258059955,189674263,-0.6354271769523621,-0.4902114272117615,0.3057731091976166,-0.5122773051261902,8.866758346557617,3.06156587600708,3.4778103828430176,5.49033260345459,-1.8015077114105225,-4.268087863922119
1781548258087833,189690930,-0.6353361010551453,-0.4908468723297119,0.3053540587425232,-0.5120316743850708,8.994733810424805,3.084973096847534,3.4788835048675537,4.2203779220581055,-1.331092119216919,-3.0382814407348633
1781548258089853,189707597,-0.6352123022079468,-0.4915437698364258,0.30474498867988586,-0.511879563331604,9.14721965789795,3.1343181133270264,3.4234371185302734,5.718695640563965,-0.3832429051399231,-3.1902287006378174
1781548258117885,189724264,-0.6348816156387329,-0.4925563335418701,0.30355527997016907,-0.512023389339447,9.16788387298584,3.25752592086792,3.3961265087127686,10.235217094421387,1.5300583839416504,-3.877277374267578
1781548258119390,189740931,-0.6346759796142578,-0.4933609962463379,0.30221089720726013,-0.5122988820075989,9.036477088928223,3.4728989601135254,3.459820032119751,10.000898361206055,3.7409474849700928,-3.7296202182769775
1781548258148033,189757598,-0.6348743438720703,-0.49356502294540405,0.30120253562927246,-0.5124503970146179,8.862710952758789,3.6174614429473877,3.502816677093506,4.474301815032959,4.77639102935791,-3.3400371074676514
1781548258178603,189774265,-0.6357075572013855,-0.4928733706474304,0.3009490370750427,-0.5122320652008057,8.733597755432129,3.606076955795288,3.489297866821289,-5.030937194824219,4.6910247802734375,-2.7802083492279053
1781548258179617,189790932,-0.637067437171936,-0.49133729934692383,0.30142635107040405,-0.5117371678352356,8.658088684082031,3.4397389888763428,3.4203243255615234,-13.591850280761719,4.644603729248047,-1.597209095954895
1781548258209299,189807599,-0.6384828090667725,-0.4895063638687134,0.3022530674934387,-0.5112401843070984,8.654520034790039,3.257371664047241,3.348141670227051,-16.34362030029297,4.245148658752441,-0.024280859157443047
1781548258210811,189824266,-0.6395225524902344,-0.48809775710105896,0.30295658111572266,-0.5108708739280701,8.749130249023438,3.1357128620147705,3.310664653778076,-12.57294750213623,2.9347877502441406,0.5468378067016602
1781548258238062,189840933,-0.6401705145835876,-0.48734521865844727,0.3034729063510895,-0.5104711055755615,8.900092124938965,3.075847864151001,3.2124085426330566,-7.775440692901611,0.5363491773605347,-0.20531143248081207
1781548258239503,189857600,-0.6405421495437622,-0.48710113763809204,0.30376723408699036,-0.5100626349449158,9.051106452941895,3.007591485977173,3.0901293754577637,-3.9965412616729736,-0.9275125861167908,-1.1341431140899658
1781548258268589,189874267,-0.6403939723968506,-0.4877859354019165,0.30326715111732483,-0.5098920464515686,9.040262222290039,3.144929885864258,3.1956005096435547,5.393054962158203,-0.8784772157669067,-2.7581677436828613
1781548258297910,189890934,-0.6403231024742126,-0.4887373447418213,0.3026310205459595,-0.5094475150108337,8.747523307800293,3.269789695739746,3.38775897026062,6.233216285705566,-1.963533878326416,-5.239642143249512
1781548258300003,189907601,-0.6407191157341003,-0.48939427733421326,0.3028736710548401,-0.5081732869148254,8.65317153930664,3.130117893218994,3.3767051696777344,-1.5561002492904663,-6.660624027252197,-7.008393287658691
1781548258328479,189924268,-0.6410341858863831,-0.490214467048645,0.30290934443473816,-0.5069624781608582,8.855236053466797,2.9540798664093018,3.1924307346343994,0.2501913607120514,-6.288304328918457,-7.498619079589844
1781548258331040,189940935,-0.6407223343849182,-0.49163705110549927,0.301656037569046,-0.5067264437675476,8.82071304321289,3.04703688621521,3.262317180633545,11.718758583068848,-0.6632028818130493,-6.5486979484558105
1781548258358261,189957602,-0.6402416229248047,-0.493211567401886,0.3000675141811371,-0.5067470073699951,8.635066986083984,3.2828938961029053,3.4243550300598145,14.27521800994873,0.6623641848564148,-6.424874305725098
1781548258359893,189974269,-0.6403248310089111,-0.49407532811164856,0.2991810739040375,-0.5063244700431824,8.698739051818848,3.381296157836914,3.505157470703125,6.089580535888672,-0.21204757690429688,-6.411039352416992
1781548258389050,189990936,-0.6407898664474487,-0.4943960905075073,0.29863783717155457,-0.5057434439659119,8.898533821105957,3.383707046508789,3.3953654766082764,0.9758887887001038,0.4487665891647339,-6.118439197540283
1781548258390211,190007603,-0.6414268016815186,-0.49456384778022766,0.29798105359077454,-0.5051591396331787,8.940350532531738,3.33457350730896,3.332134962081909,0.09154622256755829,1.8174328804016113,-6.807588577270508
1781548258418960,190024270,-0.6423262357711792,-0.4947713315486908,0.29735249280929565,-0.5041825175285339,8.890388488769531,3.2195119857788086,3.2928194999694824,-1.5781525373458862,0.7395732998847961,-9.454917907714844
1781548258420445,190040937,-0.6428940296173096,-0.4956843852996826,0.29651668667793274,-0.5030528903007507,8.956205368041992,3.0782716274261475,3.2375245094299316,3.148704767227173,-1.9597434997558594,-11.09949779510498
1781548258448037,190057604,-0.6422423720359802,-0.49819687008857727,0.2943243682384491,-0.5026905536651611,9.046918869018555,3.2306182384490967,3.2238712310791016,20.808570861816406,-1.2976315021514893,-11.306722640991211
1781548258478312,190074271,-0.6407249569892883,-0.5017280578613281,0.29100170731544495,-0.5030493140220642,8.973650932312012,3.6443583965301514,3.2872066497802734,33.314823150634766,0.7666234374046326,-11.186254501342773
1781548258479866,190090938,-0.6391862034797668,-0.5049313902854919,0.2881040573120117,-0.5034694075584412,8.77645206451416,4.066014766693115,3.4174869060516357,30.833669662475586,0.2910061180591583,-8.632406234741211
1781548258508123,190107605,-0.6382333636283875,-0.5070323944091797,0.2862365245819092,-0.5036320090293884,8.580645561218262,4.239691734313965,3.515990734100342,19.837482452392578,-0.16841654479503632,-6.0471415519714355
1781548258509663,190124272,-0.6382209062576294,-0.5076428651809692,0.28568586707115173,-0.5033454298973083,8.44654369354248,4.148179054260254,3.5702056884765625,4.590775966644287,-0.4944404363632202,-3.7436933517456055
1781548258537860,190140939,-0.6389642953872681,-0.5070878863334656,0.28615543246269226,-0.5026945471763611,8.407353401184082,3.878324270248413,3.4664766788482666,-7.2570648193359375,-0.6650466918945312,-2.051884889602661
1781548258541826,190157606,-0.6398332715034485,-0.506343424320221,0.2868320941925049,-0.5019538402557373,8.49915885925293,3.5731265544891357,3.3098034858703613,-9.312433242797852,-0.9425475597381592,-1.7458773851394653
1781548258568056,190174273,-0.6401820778846741,-0.5062594413757324,0.28680750727653503,-0.5016072988510132,8.570342063903809,3.4994451999664307,3.2454631328582764,-1.734581708908081,0.0727848932147026,-2.084476947784424
1781548258569938,190190940,-0.6401731371879578,-0.5066508650779724,0.28629910945892334,-0.5015141367912292,8.56296443939209,3.584871768951416,3.31426739692688,3.8120217323303223,0.7552480697631836,-2.3416154384613037
1781548258598040,190207607,-0.6402387022972107,-0.5068921446800232,0.2860035300254822,-0.5013547539710999,8.560751914978027,3.6580398082733154,3.378838300704956,1.9409880638122559,0.21724051237106323,-1.8854275941848755
1781548258628348,190224274,-0.640494167804718,-0.5067406296730042,0.2861531674861908,-0.5010964274406433,8.60051441192627,3.66395902633667,3.4667627811431885,-2.147291898727417,-0.3476155996322632,-0.6399717926979065
1781548258630170,190240941,-0.6413205862045288,-0.5058778524398804,0.28658270835876465,-0.5006654858589172,8.660188674926758,3.6102423667907715,3.3857624530792236,-8.587080955505371,1.3861274719238281,-0.9979989528656006
1781548258658366,190257608,-0.6424638628959656,-0.5048820972442627,0.2868969142436981,-0.5000246167182922,8.643725395202637,3.432429552078247,3.2008845806121826,-10.362939834594727,2.2172601222991943,-3.179971218109131
1781548258659763,190274275,-0.6431756019592285,-0.5048187971115112,0.2865414023399353,-0.4993770718574524,8.61238956451416,3.338531970977783,3.0892157554626465,-2.4290192127227783,1.1080759763717651,-5.879190921783447
1781548258688028,190290942,-0.6429940462112427,-0.5059664249420166,0.2852831184864044,-0.49916955828666687,8.57751178741455,3.4209229946136475,3.1499547958374023,10.015307426452637,0.7181869149208069,-6.378052234649658
1781548258689556,190307609,-0.6420410871505737,-0.5079185366630554,0.2835068702697754,-0.4994255602359772,8.452296257019043,3.699155807495117,3.273033380508423,19.266658782958984,0.4818716049194336,-4.940120220184326
1781548258717884,190324276,-0.6408272981643677,-0.5098848342895508,0.28215867280960083,-0.49974432587623596,8.453740119934082,3.9865806102752686,3.4228484630584717,18.534608840942383,-1.8942919969558716,-2.433759927749634
1781548258719714,190340943,-0.6398460268974304,-0.5112267136573792,0.2816751003265381,-0.49990370869636536,8.646160125732422,4.160320281982422,3.388113260269165,11.701812744140625,-3.6603124141693115,0.3133138418197632
1781548258747931,190357610,-0.6390369534492493,-0.5120646953582764,0.2818826735019684,-0.49996381998062134,8.80004596710205,4.281076431274414,3.3868064880371094,6.540672302246094,-4.88726282119751,2.7743749618530273
1781548258778411,190374277,-0.639133095741272,-0.5117220878601074,0.28281643986701965,-0.4996643364429474,8.888007164001465,4.317394733428955,3.4456775188446045,-5.195934772491455,-3.6037845611572266,2.865389585494995
1781548258780191,190390944,-0.6405153870582581,-0.5097381472587585,0.28469857573509216,-0.4988526701927185,8.8611421585083,4.016060829162598,3.31480073928833,-21.295379638671875,-1.4792253971099854,2.6853740215301514
1781548258807784,190407611,-0.6418629884719849,-0.507667064666748,0.2863367199897766,-0.49829450249671936,8.746793746948242,3.6024019718170166,3.14908504486084,-20.126489639282227,0.7552363276481628,3.2726223468780518
1781548258809702,190424278,-0.6418026089668274,-0.5072006583213806,0.28642961382865906,-0.49879366159439087,8.506007194519043,3.5931153297424316,3.1895360946655273,-0.814804196357727,2.971067190170288,4.187939643859863
1781548258838612,190440945,-0.6412187218666077,-0.5072635412216187,0.28644174337387085,-0.4994734525680542,8.348690032958984,3.876046657562256,3.343639612197876,4.062898635864258,1.145675539970398,5.486299514770508
1781548258840095,190457612,-0.6420345306396484,-0.5054164528846741,0.2883692681789398,-0.499188631772995,8.58988094329834,3.748544216156006,3.265934705734253,-17.818344116210938,-1.3892346620559692,6.831638813018799
1781548258868759,190474279,-0.6438016295433044,-0.5026270151138306,0.2910623550415039,-0.49816498160362244,9.015191078186035,3.1609318256378174,2.848336696624756,-29.345457077026367,-2.2042102813720703,4.8449835777282715
1781548258870222,190490946,-0.6444188356399536,-0.5015165209770203,0.29164254665374756,-0.4981468915939331,9.188676834106445,2.8351879119873047,2.618509292602539,-8.730437278747559,2.5567309856414795,2.557307243347168
1781548258898219,190507613,-0.6426373720169067,-0.5037575364112854,0.28868794441223145,-0.499904990196228,8.702155113220215,3.3569674491882324,2.827004909515381,30.164749145507812,8.098129272460938,-0.22715982794761658
1781548258929816,190524280,-0.6403551697731018,-0.5067902207374573,0.2858397960662842,-0.5014030337333679,8.350228309631348,4.19296932220459,3.242687702178955,34.459171295166016,2.9905450344085693,-0.8785833120346069
1781548258931989,190540947,-0.6401188373565674,-0.5070750713348389,0.2861841022968292,-0.5012199878692627,8.617020606994629,4.226077556610107,3.37186336517334,0.9476123452186584,-3.4179892539978027,1.2014085054397583
1781548258957827,190557614,-0.6414147615432739,-0.5055069327354431,0.28822779655456543,-0.49997463822364807,8.991875648498535,3.553101062774658,3.1863415241241455,-20.494863510131836,-5.200922966003418,0.8170527815818787
1781548258960086,190574281,-0.6417441368103027,-0.5052593946456909,0.2889103591442108,-0.49940791726112366,9.140765190124512,3.1068663597106934,2.8852226734161377,-5.344615936279297,-3.318087577819824,-0.2369815558195114
1781548258987793,190590948,-0.6400337219238281,-0.507358968257904,0.2868579030036926,-0.500656008720398,8.831474304199219,3.501868486404419,2.979220151901245,24.989540100097656,2.902226209640503,0.5734248161315918
1781548258989740,190607615,-0.637928307056427,-0.5099493861198425,0.284543514251709,-0.5020302534103394,8.46873664855957,4.255406856536865,3.3106939792633057,29.742061614990234,2.052281618118286,0.6286208033561707
1781548259018220,190624282,-0.6377107501029968,-0.5100934505462646,0.285030335187912,-0.5018841028213501,8.511146545410156,4.35557746887207,3.5402586460113525,-0.12976676225662231,-3.377573013305664,2.0968544483184814
1781548259020249,190640949,-0.6393603086471558,-0.5079037547111511,0.28748324513435364,-0.5006051659584045,8.684959411621094,3.65218186378479,3.4962210655212402,-25.97542381286621,-4.284335613250732,2.1344456672668457
1781548259048137,190657616,-0.6404632329940796,-0.5067092776298523,0.2889798879623413,-0.499543160200119,8.717244148254395,3.0469353199005127,3.192559242248535,-16.057397842407227,-3.8642687797546387,-0.368451863527298
1781548259078450,190674283,-0.6396735310554504,-0.5078808665275574,0.2883923351764679,-0.4997049570083618,8.687005996704102,3.1813571453094482,3.0762839317321777,10.535139083862305,-2.314479112625122,-0.4457763135433197
1781548259080937,190690950,-0.6381155848503113,-0.5098899006843567,0.2871319055557251,-0.5003760457038879,8.56906795501709,3.659592628479004,3.2689015865325928,20.308853149414062,-1.9424185752868652,0.45385119318962097
1781548259107848,190707617,-0.637531042098999,-0.5105740427970886,0.28727155923843384,-0.5003436803817749,8.45333194732666,3.7616117000579834,3.4064204692840576,4.926135540008545,-4.051532745361328,1.5604476928710938
1781548259110011,190724284,-0.6372678875923157,-0.510816752910614,0.28798866271972656,-0.5000186562538147,8.32097339630127,3.4032208919525146,3.2773923873901367,-0.7329843044281006,-5.4698872566223145,2.0594468116760254
1781548259138418,190740951,-0.6356321573257446,-0.5129064321517944,0.2876356542110443,-0.5001648664474487,8.414897918701172,3.3039772510528564,3.1925954818725586,16.836368560791016,-8.175366401672363,1.443642258644104
1781548259139751,190757618,-0.6328057050704956,-0.5162904858589172,0.28618595004081726,-0.5010976195335388,8.812642097473145,3.783992290496826,3.1884372234344482,31.971370697021484,-7.434690952301025,2.531024694442749
1781548259168477,190774285,-0.6304936408996582,-0.5187410116195679,0.2849006652832031,-0.502212405204773,9.050832748413086,4.365278244018555,3.205179214477539,25.850187301635742,-3.2858612537384033,3.962402820587158
1781548259170079,190790952,-0.6297593712806702,-0.5189971923828125,0.2852363884449005,-0.502678394317627,8.950002670288086,4.5067362785339355,3.218764305114746,3.9992120265960693,-1.8951094150543213,5.83607816696167
1781548259198046,190807619,-0.6302617192268372,-0.517588198184967,0.28701335191726685,-0.5024901628494263,8.683754920959473,4.131176471710205,3.1827573776245117,-14.033018112182617,-2.3484818935394287,7.088954448699951
1781548259228367,190824286,-0.6303402781486511,-0.5166303515434265,0.2890757918357849,-0.502194881439209,8.549076080322266,3.6572799682617188,3.0148332118988037,-11.770082473754883,-6.363058090209961,8.214787483215332
1781548259229836,190840953,-0.6294631361961365,-0.5165571570396423,0.2904592752456665,-0.5025717616081238,8.766687393188477,3.5012996196746826,2.985572576522827,-0.8185181617736816,-5.969631195068359,10.272676467895508
1781548259259087,190857620,-0.6279655694961548,-0.5168861746788025,0.29102447628974915,-0.5037786960601807,8.957250595092773,3.7288742065429688,2.970224142074585,7.595765590667725,-2.115713119506836,12.29341983795166
1781548259260345,190874287,-0.6272730231285095,-0.5159637928009033,0.29237642884254456,-0.5048030018806458,8.982898712158203,3.8488712310791016,3.0370397567749023,-3.764954090118408,-0.21943694353103638,14.014823913574219
1781548259288451,190890954,-0.6272042393684387,-0.5145055055618286,0.294276624917984,-0.505272626876831,8.945355415344238,3.7034802436828613,2.941775321960449,-11.32242488861084,-1.443533182144165,12.4740571975708
1781548259290072,190907621,-0.6269720792770386,-0.5132895708084106,0.29623597860336304,-0.5056522488594055,8.943603515625,3.501312017440796,2.883061170578003,-10.085110664367676,-3.188476324081421,12.373332977294922
1781548259317951,190924288,-0.6263595223426819,-0.5123670697212219,0.2979586124420166,-0.506334662437439,9.089272499084473,3.412933588027954,3.091329574584961,-5.995938301086426,-2.8780505657196045,13.582266807556152
1781548259319659,190940955,-0.625767707824707,-0.5112875699996948,0.2991509437561035,-0.5074531435966492,9.269841194152832,3.463973045349121,3.052192449569702,-4.010618686676025,1.5284324884414673,13.83944034576416
1781548259348249,190957622,-0.6250117421150208,-0.5105248689651489,0.2997085750102997,-0.5088217854499817,9.097732543945312,3.5952794551849365,2.9282188415527344,0.648456335067749,3.692502021789551,12.60234546661377
1781548259378318,190974289,-0.6249959468841553,-0.5091017484664917,0.301130086183548,-0.5094274282455444,8.966867446899414,3.593909740447998,3.0028138160705566,-9.425633430480957,1.1202682256698608,11.112236976623535
1781548259380196,190990956,-0.6257901787757874,-0.5070393085479736,0.3035312294960022,-0.5090843439102173,9.009184837341309,3.294735908508301,2.946779251098633,-20.362796783447266,-2.477968692779541,8.965132713317871
1781548259408480,191007623,-0.6264988780021667,-0.5051668882369995,0.3056422173976898,-0.5088110566139221,9.066347122192383,2.949967622756958,2.849865674972534,-18.08173179626465,-1.8283904790878296,8.158161163330078
1781548259410493,191024290,-0.6265796422958374,-0.5039548873901367,0.3068249523639679,-0.5092015862464905,9.114089012145996,2.813842535018921,2.9621872901916504,-8.34841251373291,0.8686871528625488,8.624395370483398
1781548259438313,191040957,-0.6263070702552795,-0.5033464431762695,0.30679652094841003,-0.5101547241210938,9.1903076171875,2.9210033416748047,2.947916269302368,0.861451268196106,5.162554740905762,6.7999114990234375
1781548259440215,191057624,-0.6254792809486389,-0.5040567517280579,0.30563274025917053,-0.5111666917800903,9.056377410888672,3.2590787410736084,2.8394439220428467,12.432673454284668,4.4118218421936035,2.2440903186798096
1781548259469107,191074291,-0.625260591506958,-0.5042043328285217,0.3053685426712036,-0.5114465951919556,8.924867630004883,3.4188826084136963,3.054901123046875,3.3002283573150635,1.298621654510498,1.288478970527649
1781548259471168,191090958,-0.6259711384773254,-0.5032011866569519,0.30621573328971863,-0.5110586881637573,8.925865173339844,3.2500035762786865,3.117811918258667,-10.135499954223633,0.21800895035266876,1.4332808256149292
1781548259498034,191107625,-0.626669704914093,-0.5021496415138245,0.30698075890541077,-0.5107777118682861,8.858471870422363,2.9034998416900635,2.990532875061035,-9.83598518371582,1.0692986249923706,1.7371883392333984
1781548259528428,191124292,-0.6267117857933044,-0.5019232630729675,0.3069080710411072,-0.5109922885894775,8.773246765136719,2.785658836364746,2.9492998123168945,0.009060491807758808,2.119290590286255,1.5558881759643555
1781548259529383,191140959,-0.6262531280517578,-0.5024802088737488,0.30607840418815613,-0.5115045309066772,8.797018051147461,2.929379463195801,2.9896581172943115,8.372210502624512,2.590001344680786,0.3234308362007141
1781548259557909,191157626,-0.6255577206611633,-0.5036934614181519,0.3047984540462494,-0.5119262933731079,8.832334518432617,3.192843198776245,2.9755704402923584,13.40566349029541,1.4088082313537598,-2.1727521419525146
1781548259560567,191174293,-0.6248530149459839,-0.5050205588340759,0.3035655617713928,-0.5122119784355164,8.885383605957031,3.3897221088409424,3.0619125366210938,13.368855476379395,0.27709752321243286,-2.836979389190674
1781548259588779,191190960,-0.6245928406715393,-0.505727231502533,0.3030116558074951,-0.5121601223945618,8.930887222290039,3.3874804973602295,3.1581857204437256,6.1742048263549805,-0.6602954864501953,-2.162480592727661
1781548259591570,191207627,-0.6243320107460022,-0.5061702132225037,0.30284106731414795,-0.5121413469314575,9.043523788452148,3.312251567840576,3.1791067123413086,3.760399580001831,-1.266048789024353,-0.1376170665025711
1781548259618422,191224294,-0.6237754225730896,-0.5068196654319763,0.3023471236228943,-0.5124690532684326,9.07235050201416,3.353039503097534,3.137392044067383,7.554780960083008,-0.007530135102570057,0.8428308367729187
1781548259621017,191240961,-0.6232606768608093,-0.5074113011360168,0.3019053041934967,-0.512770414352417,8.99578857421875,3.4813356399536133,3.2071259021759033,6.965331077575684,-0.016878774389624596,0.8981544375419617
1781548259648035,191257628,-0.6231147050857544,-0.5076667070388794,0.3018243610858917,-0.5127426385879517,8.950560569763184,3.4963502883911133,3.213209629058838,2.2285547256469727,-0.7802525162696838,0.12728871405124664
1781548259678206,191274295,-0.6232354640960693,-0.5077042579650879,0.30189451575279236,-0.5125172734260559,8.956598281860352,3.426473379135132,3.1705524921417236,-0.5354975461959839,-0.7806623578071594,-0.666122317314148
1781548259680316,191290962,-0.6234648823738098,-0.5075103044509888,0.3021019995212555,-0.5123080611228943,8.961821556091309,3.354790687561035,3.1750566959381104,-2.2390880584716797,-0.22936172783374786,0.02057340182363987
1781548259708173,191307629,-0.6238092184066772,-0.5070390105247498,0.30245283246040344,-0.5121483206748962,8.91591739654541,3.267993688583374,3.2077505588531494,-4.434454917907715,0.47174111008644104,0.8349036574363708
1781548259710508,191324296,-0.6241626739501953,-0.5065324902534485,0.3028096556663513,-0.5120082497596741,8.86361312866211,3.183708906173706,3.1419410705566406,-4.578091621398926,0.6646944284439087,0.9880932569503784
1781548259738047,191340963,-0.6244118809700012,-0.5062006115913391,0.30310648679733276,-0.5118568539619446,8.904298782348633,3.1041524410247803,3.164395809173584,-3.302757740020752,0.0416654571890831,0.7255373597145081
1781548259739415,191357630,-0.624453067779541,-0.5062209963798523,0.30283692479133606,-0.5119460225105286,8.936700820922852,3.092679977416992,3.100248098373413,1.265939474105835,1.5794132947921753,-0.2702907919883728
1781548259768820,191374297,-0.6243146061897278,-0.506544291973114,0.30222088098526,-0.5121589303016663,8.861671447753906,3.163187265396118,3.1197986602783203,4.976221084594727,2.1663155555725098,-0.8392001390457153
1781548259769960,191390964,-0.6241086721420288,-0.5068033337593079,0.3016454577445984,-0.5124928951263428,8.776663780212402,3.238128423690796,3.165390968322754,4.813363075256348,2.418613910675049,0.1150074303150177
1781548259798085,191407631,-0.6238888502120972,-0.5071313381195068,0.3011842668056488,-0.5127072334289551,8.753395080566406,3.2971391677856445,3.1658518314361572,4.583975791931152,1.2661960124969482,-0.06829626858234406
1781548259828809,191424298,-0.6237707734107971,-0.5073809623718262,0.30092328786849976,-0.5127572417259216,8.782951354980469,3.299408197402954,3.123821258544922,2.7937371730804443,0.3016343414783478,-0.29035839438438416
1781548259829288,191440965,-0.6236183047294617,-0.507635772228241,0.30073416233062744,-0.5128012895584106,8.833025932312012,3.321394443511963,3.0759761333465576,2.8671302795410156,-0.0464102104306221,0.11247178167104721
1781548259857962,191457632,-0.6234056949615479,-0.5077706575393677,0.3006246089935303,-0.5129907727241516,8.888032913208008,3.3925676345825195,3.0410139560699463,2.2988100051879883,0.31741175055503845,1.377290964126587
1781548259860237,191474299,-0.6233788728713989,-0.5075560212135315,0.30070701241493225,-0.5131873488426208,8.97116756439209,3.4323227405548096,3.0193161964416504,-0.45292216539382935,1.1563301086425781,2.1648685932159424
1781548259888178,191490966,-0.6235935091972351,-0.5071919560432434,0.30099767446517944,-0.5131161212921143,8.98630142211914,3.4275999069213867,2.9855945110321045,-3.1203694343566895,0.39277711510658264,1.2356526851654053
1781548259890131,191507633,-0.6240437030792236,-0.5066972970962524,0.30160728096961975,-0.5126993060112,8.922358512878418,3.316601514816284,2.963862895965576,-6.300174236297607,-1.2165650129318237,0.3202548325061798
1781548259920726,191524300,-0.6244683265686035,-0.5062859058380127,0.3022645115852356,-0.5122013092041016,8.890249252319336,3.1684224605560303,2.978489875793457,-6.235195159912109,-2.0656261444091797,0.03974451124668121
1781548259922803,191540967,-0.6244103908538818,-0.506513774394989,0.30262041091918945,-0.511836588382721,8.88469409942627,3.073608875274658,2.9892771244049072,-0.43375107645988464,-3.5485246181488037,-0.052608489990234375
1781548259948629,191557634,-0.6238309144973755,-0.5073959231376648,0.3025588393211365,-0.5117058753967285,8.923895835876465,3.0843889713287354,2.9933061599731445,6.064109802246094,-4.3583478927612305,-0.05646321177482605
1781548259977813,191574301,-0.6229127645492554,-0.5085723400115967,0.30211812257766724,-0.5119168162345886,8.930825233459473,3.1932883262634277,3.0219879150390625,10.612133026123047,-3.2588846683502197,0.6860172152519226
1781548259979304,191590968,-0.621758222579956,-0.5099688768386841,0.3015642762184143,-0.5122573971748352,8.902207374572754,3.336320400238037,3.0610697269439697,13.075553894042969,-3.576354742050171,1.2286739349365234
1781548260008891,191607635,-0.6208140254020691,-0.5111833214759827,0.3012857437133789,-0.5123559236526489,8.907164573669434,3.4680511951446533,3.1130518913269043,10.311594009399414,-4.44540548324585,0.8704030513763428
1781548260010390,191624302,-0.6204543709754944,-0.5116893649101257,0.3014128804206848,-0.5122116804122925,8.894024848937988,3.4678730964660645,3.0938100814819336,3.0794215202331543,-3.403364896774292,0.5945284366607666
1781548260037937,191640969,-0.6205172538757324,-0.5117676258087158,0.3018161654472351,-0.5118198394775391,8.833290100097656,3.3549985885620117,3.0309271812438965,-1.711670994758606,-3.067812204360962,-0.0897597000002861
1781548260041148,191657636,-0.6206864714622498,-0.5118178725242615,0.3022940158843994,-0.5112819075584412,8.840315818786621,3.2263479232788086,3.006711483001709,-2.8269381523132324,-3.6009538173675537,-0.7842609286308289
1781548260068426,191674303,-0.620671272277832,-0.5121034383773804,0.30258801579475403,-0.5108405351638794,8.915935516357422,3.1319477558135986,2.930098056793213,-0.535689651966095,-3.762890338897705,-0.9293824434280396
1781548260070161,191690970,-0.6202776432037354,-0.5128087997436523,0.30258190631866455,-0.5106148719787598,8.965551376342773,3.147186279296875,2.9208216667175293,4.290401935577393,-3.91203236579895,-0.5439497232437134
1781548260098041,191707637,-0.619419515132904,-0.5139139294624329,0.30227911472320557,-0.5107243061065674,8.991576194763184,3.241128444671631,2.9341039657592773,9.382312774658203,-3.831264019012451,0.640913188457489
1781548260141771,191724304,-0.6183614730834961,-0.5151763558387756,0.3018913269042969,-0.5109641551971436,8.988876342773438,3.390477418899536,3.008753776550293,11.331875801086426,-3.9754130840301514,1.2725355625152588
1781548260142117,191740971,-0.6176232695579529,-0.5161187052726746,0.3017355799674988,-0.5109979510307312,8.951181411743164,3.496767044067383,3.0858428478240967,7.649445533752441,-3.8833088874816895,0.7768269777297974
1781548260158167,191757638,-0.6174519062042236,-0.5164292454719543,0.30195024609565735,-0.5107643008232117,8.955883026123047,3.4637603759765625,3.034712791442871,1.0471817255020142,-3.0296366214752197,0.2574780583381653
1781548260160060,191774305,-0.6174680590629578,-0.516401469707489,0.30236443877220154,-0.5105278491973877,8.964864730834961,3.3384053707122803,2.92991042137146,-1.842654824256897,-2.33740234375,0.9726871252059937
1781548260187965,191790972,-0.6172136068344116,-0.5165919065475464,0.30279234051704407,-0.510389506816864,8.99746322631836,3.2734885215759277,2.8738481998443604,0.2731018364429474,-3.3499362468719482,1.957559585571289
1781548260189554,191807639,-0.6166517734527588,-0.5171194076538086,0.3030655086040497,-0.5103719234466553,9.05392074584961,3.2832958698272705,2.8199880123138428,3.579740285873413,-4.091360092163086,2.2940080165863037
1781548260218404,191824306,-0.6159748435020447,-0.517765462398529,0.3032083809375763,-0.5104497075080872,9.1267671585083,3.3497138023376465,2.8002612590789795,5.238791465759277,-3.8228378295898438,2.4210093021392822
1781548260219713,191840973,-0.6152704358100891,-0.5184190273284912,0.30318811535835266,-0.5106477737426758,9.0814790725708,3.4222826957702637,2.8576912879943848,6.230897903442383,-2.7726776599884033,2.442446231842041
1781548260247967,191857640,-0.6147492527961731,-0.5188406109809875,0.30314862728118896,-0.5108708143234253,8.934969902038574,3.4587786197662354,2.9505608081817627,4.6408491134643555,-1.433658242225647,2.2954680919647217
1781548260278507,191874307,-0.6146500110626221,-0.5188883543014526,0.3034576177597046,-0.5107579231262207,8.857704162597656,3.4148712158203125,2.9924144744873047,-0.3830122947692871,-1.9170466661453247,1.4112533330917358
1781548260280629,191890974,-0.6148005723953247,-0.5187320709228516,0.3039368689060211,-0.5104506015777588,8.950118064880371,3.342254877090454,2.8537986278533936,-3.1314990520477295,-2.0899710655212402,0.7486529350280762
1781548260308557,191907641,-0.6148455739021301,-0.5186788439750671,0.30413365364074707,-0.510333240032196,9.069491386413574,3.3110904693603516,2.746554374694824,-0.9186379313468933,-0.79640132188797,0.7028829455375671
1781548260309461,191924308,-0.6150001287460327,-0.5184353590011597,0.30431973934173584,-0.5102834105491638,9.106651306152344,3.3467562198638916,2.7357194423675537,-1.964084267616272,0.37597525119781494,0.9552832841873169
1781548260338458,191940975,-0.615475594997406,-0.5177605152130127,0.30482158064842224,-0.5100961923599243,8.99092960357666,3.2599925994873047,2.755682945251465,-6.348825454711914,0.7288414835929871,1.269679307937622
1781548260339846,191957642,-0.6159024238586426,-0.5172854661941528,0.3053117096424103,-0.5097696781158447,8.82906723022461,3.1186633110046387,2.75079083442688,-5.537478923797607,-0.5043268799781799,0.4037778377532959
1781548260368509,191974309,-0.6158131957054138,-0.5175818800926208,0.30518895387649536,-0.5096499919891357,8.767413139343262,3.0695950984954834,2.719087600708008,2.0812301635742188,-0.9849364757537842,-0.73114013671875
1781548260369934,191990976,-0.6150730848312378,-0.5186538696289062,0.30441445112228394,-0.509917140007019,8.835810661315918,3.1822266578674316,2.6975831985473633,10.774261474609375,-0.9325075745582581,-0.7605694532394409
1781548260398437,192007643,-0.6137611269950867,-0.5202258825302124,0.3034305274486542,-0.5104826092720032,8.995099067687988,3.3519670963287354,2.780808687210083,16.363643646240234,-1.9056763648986816,0.7363339066505432
1781548260428527,192024310,-0.612481415271759,-0.521390974521637,0.30272796750068665,-0.5112475752830505,9.111543655395508,3.483562707901001,2.8820338249206543,13.840426445007324,-0.9263350367546082,3.2834413051605225
1781548260430285,192040977,-0.6118319630622864,-0.5216166973114014,0.3027183711528778,-0.5118003487586975,9.006030082702637,3.551191806793213,2.8814890384674072,4.8344807624816895,0.03916822373867035,4.64073371887207
1781548260458877,192057644,-0.6116853952407837,-0.5213499665260315,0.3031514883041382,-0.511991024017334,8.981000900268555,3.5570733547210693,2.7941648960113525,-1.3616349697113037,-0.34561774134635925,3.957770347595215
1781548260460377,192074311,-0.6116954684257507,-0.5210561156272888,0.30338960886001587,-0.5121368765830994,9.143166542053223,3.569972276687622,2.741767644882202,-1.4609612226486206,0.7294944524765015,2.5706377029418945
1781548260488065,192090978,-0.6118443608283997,-0.5206838250160217,0.3032763600349426,-0.5124046802520752,9.243711471557617,3.6395626068115234,2.7309200763702393,-0.7875649333000183,3.213888168334961,1.5030238628387451
1781548260517802,192107645,-0.6123682260513306,-0.5198472142219543,0.30358362197875977,-0.5124461650848389,9.234116554260254,3.593940019607544,2.789293050765991,-5.995319366455078,3.06683349609375,1.715968132019043
1781548260518712,192124312,-0.6131685376167297,-0.5185744762420654,0.3045259416103363,-0.5122196674346924,9.20102596282959,3.4130797386169434,2.783398389816284,-11.603723526000977,1.5540704727172852,2.7982337474823
1781548260520720,192140979,-0.6140800714492798,-0.5170795917510986,0.3055645823478699,-0.5120204091072083,9.123939514160156,3.2223212718963623,2.8138372898101807,-13.245232582092285,2.251364231109619,3.3217966556549072
1781548260547958,192157646,-0.6149065494537354,-0.5157110095024109,0.3063114285469055,-0.5119624733924866,9.002379417419434,3.069673776626587,2.7824809551239014,-11.026567459106445,3.381998300552368,2.9330973625183105
1781548260578367,192174313,-0.615474283695221,-0.5147276520729065,0.3067514896392822,-0.512006402015686,8.92922306060791,3.031383514404297,2.716063976287842,-7.253467082977295,3.115190267562866,2.35355806350708
1781548260580624,192190980,-0.6156731247901917,-0.514243483543396,0.3068348467350006,-0.5122039914131165,8.863971710205078,3.022198438644409,2.685148239135742,-2.2018344402313232,2.6526758670806885,2.0046489238739014
1781548260609501,192207647,-0.6153587102890015,-0.5144994854927063,0.30657801032066345,-0.5124785304069519,8.855216979980469,3.033776044845581,2.7622954845428467,4.132936000823975,0.6852614283561707,1.3819907903671265
1781548260612219,192224314,-0.6147526502609253,-0.5152040123939514,0.3061167299747467,-0.5127735733985901,8.974900245666504,3.0833983421325684,2.8603756427764893,7.818348407745361,-0.5752997994422913,0.8250171542167664
1781548260639351,192240981,-0.6142619252204895,-0.5157593488693237,0.3055591285228729,-0.5131357908248901,8.993337631225586,3.1641550064086914,2.904038190841675,7.195549011230469,0.8165649175643921,0.6544108986854553
1781548260640489,192257648,-0.6140166521072388,-0.5159695148468018,0.3050375282764435,-0.5135282874107361,8.791075706481934,3.1911869049072266,2.9496939182281494,4.8053717613220215,2.504851818084717,0.7694247364997864
1781548260668443,192274315,-0.6137492656707764,-0.5162071585655212,0.3046565651893616,-0.5138351321220398,8.705057144165039,3.182410955429077,2.8997087478637695,4.339079856872559,1.4695993661880493,0.9322063326835632
1781548260670108,192290982,-0.6130844950675964,-0.5168917179107666,0.304235577583313,-0.5141898989677429,8.876980781555176,3.2333407402038574,2.817962884902954,7.947474956512451,-0.578654944896698,1.4820470809936523
1781548260697927,192307649,-0.6121387481689453,-0.5177569389343262,0.3035793602466583,-0.5148337483406067,9.080467224121094,3.395953416824341,2.824415683746338,11.062175750732422,0.18519911170005798,2.454075574874878
1781548260728211,192324316,-0.6115368008613586,-0.5180861949920654,0.3030712902545929,-0.5155166983604431,9.051443099975586,3.5618650913238525,2.9129860401153564,7.152405261993408,2.3209400177001953,3.0520033836364746
1781548260729924,192340983,-0.6116020083427429,-0.5176353454589844,0.3034134805202484,-0.5156909823417664,8.898324966430664,3.5723469257354736,2.990050792694092,-2.613135814666748,1.076572299003601,3.1925909519195557
1781548260758542,192357650,-0.6122884154319763,-0.5164816975593567,0.3045575022697449,-0.5153587460517883,8.96579360961914,3.3433337211608887,2.988713264465332,-11.729700088500977,-0.32785552740097046,3.164008855819702
1781548260760777,192374317,-0.6129010319709778,-0.5152289867401123,0.3054850399494171,-0.5153355598449707,9.041969299316406,3.0244762897491455,2.880385160446167,-10.369461059570312,1.9114192724227905,4.196751594543457
1781548260788752,192390984,-0.6126978397369385,-0.514917254447937,0.30558907985687256,-0.5158266425132751,8.958219528198242,2.9734785556793213,2.781830072402954,0.4704860746860504,2.1515884399414062,4.356649398803711
1781548260790026,192407651,-0.6117852330207825,-0.515589714050293,0.30511274933815,-0.5165196657180786,9.06436538696289,3.176002264022827,2.7921946048736572,9.507801055908203,0.29562827944755554,3.568483591079712
1781548260819568,192424318,-0.6110509634017944,-0.5159668922424316,0.30467739701271057,-0.5172686576843262,9.090871810913086,3.343459367752075,2.9778199195861816,7.669947147369385,1.7666170597076416,3.955939769744873
1781548260821948,192440985,-0.6107529401779175,-0.5156638026237488,0.30479884147644043,-0.5178511738777161,9.004234313964844,3.3085951805114746,3.020934581756592,0.968204915523529,2.1800954341888428,5.114453315734863
1781548260848570,192457652,-0.6106746196746826,-0.5150735378265381,0.3052189350128174,-0.5182830095291138,8.910680770874023,3.188739538192749,2.916417121887207,-2.37379789352417,1.8824501037597656,5.368134021759033
1781548260878826,192474319,-0.6106277108192444,-0.5145628452301025,0.30560117959976196,-0.5186203718185425,8.91668701171875,3.1268155574798584,2.834122657775879,-2.1653106212615967,1.5064047574996948,4.5732316970825195
1781548260879830,192490986,-0.6106119155883789,-0.5141228437423706,0.30578741431236267,-0.5189654231071472,8.994166374206543,3.147519826889038,2.82914662361145,-1.410837173461914,2.119201421737671,3.606581926345825
1781548260908219,192507653,-0.6106863021850586,-0.5135780572891235,0.3059616982936859,-0.5193144679069519,8.984029769897461,3.1534175872802734,2.8268609046936035,-2.057199478149414,2.7678942680358887,3.499239444732666
1781548260910143,192524320,-0.6109519600868225,-0.5128870606422424,0.30633363127708435,-0.5194658041000366,8.889796257019043,3.1330084800720215,2.849358558654785,-4.399954795837402,2.1871261596679688,3.0128414630889893
1781548260938414,192540987,-0.611392080783844,-0.5121532678604126,0.30706533789634705,-0.5192397832870483,8.92513656616211,3.0551578998565674,2.8767523765563965,-7.395758152008057,-0.17561350762844086,2.125028610229492
1781548260940532,192557654,-0.6115890741348267,-0.5117059946060181,0.30776122212409973,-0.519036591053009,9.049391746520996,2.894651412963867,2.806281328201294,-5.104213714599609,-1.4619728326797485,2.3753409385681152
1781548260968483,192574321,-0.6111615896224976,-0.5119582414627075,0.3079058825969696,-0.5192057490348816,9.144227981567383,2.859191656112671,2.780702829360962,2.7981555461883545,-1.6489839553833008,2.75215482711792
1781548260970052,192590988,-0.6102515459060669,-0.5128845572471619,0.3074846863746643,-0.5196112394332886,9.157661437988281,2.965916395187378,2.794973850250244,9.96967601776123,-1.8266984224319458,2.0873398780822754
1781548260997936,192607655,-0.6092062592506409,-0.5141431093215942,0.30684614181518555,-0.519971489906311,9.092323303222656,3.1092774868011475,2.840203285217285,12.460285186767578,-2.5674827098846436,0.8921613097190857
1781548261027982,192624322,-0.608328104019165,-0.5154178142547607,0.3063986897468567,-0.5200012922286987,9.059612274169922,3.182515859603882,2.8243653774261475,10.530519485473633,-4.249814987182617,-0.45630326867103577
1781548261029875,192640989,-0.6076527237892151,-0.5165771842002869,0.3059195578098297,-0.5199227333068848,9.128348350524902,3.195807933807373,2.787919044494629,9.194944381713867,-3.668201446533203,-1.5103816986083984
1781548261057821,192657656,-0.6070728302001953,-0.5175428986549377,0.3052483797073364,-0.5200340747833252,9.056323051452637,3.1293158531188965,2.840341091156006,9.255786895751953,-1.2566235065460205,-1.294287085533142
1781548261059732,192674323,-0.6062844395637512,-0.5187454223632812,0.304381400346756,-0.5202638506889343,8.916387557983398,3.021207809448242,2.8613979816436768,11.529362678527832,-1.4390116930007935,-1.3733023405075073
1781548261088170,192690990,-0.6048908829689026,-0.5211089253425598,0.30332979559898376,-0.5201382637023926,8.950194358825684,3.0258476734161377,2.7223761081695557,18.797883987426758,-7.236148357391357,-3.6698951721191406
1781548261118096,192707657,-0.6031476259231567,-0.5242095589637756,0.3018200099468231,-0.5199251174926758,9.31035327911377,3.292402982711792,2.577501058578491,24.3066463470459,-9.100035667419434,-6.042575836181641
1781548261120816,192724324,-0.6018874049186707,-0.5265754461288452,0.3000324070453644,-0.5200293064117432,9.355939865112305,3.578000783920288,2.6755495071411133,21.417612075805664,-3.0892934799194336,-5.855790138244629
1781548261122213,192740991,-0.6015986800193787,-0.5277436375617981,0.2989327013492584,-0.5198123455047607,9.03453254699707,3.67472243309021,2.823697566986084,9.79434585571289,-0.8226675987243652,-5.705846309661865
1781548261148167,192757658,-0.6025495529174805,-0.5274098515510559,0.29909801483154297,-0.518954336643219,8.954227447509766,3.3818280696868896,2.9869213104248047,-6.775303363800049,-0.47223421931266785,-5.116009712219238
1781548261178319,192774325,-0.6035308241844177,-0.5267875790596008,0.2993322014808655,-0.5183106660842896,8.988966941833496,2.813540458679199,2.9375972747802734,-7.937069416046143,1.0923370122909546,-3.5080697536468506
1781548261181018,192790992,-0.6021513938903809,-0.5291613936424255,0.29701709747314453,-0.5188285708427429,9.451336860656738,2.6761300563812256,2.668977737426758,24.549177169799805,0.35209211707115173,-5.667269706726074
1781548261209298,192807659,-0.5978912115097046,-0.5355369448661804,0.29066795110702515,-0.5208058953285217,9.80927848815918,3.436796188354492,2.554208755493164,68.77117919921875,2.1348683834075928,-12.255773544311523
1781548261209685,192824326,-0.5941979289054871,-0.5418781638145447,0.28274157643318176,-0.5228327512741089,9.677508354187012,4.657470703125,3.046180248260498,72.4840087890625,10.127152442932129,-19.765411376953125
1781548261238810,192840993,-0.5945905447006226,-0.5441361665725708,0.277660071849823,-0.5227649211883545,9.896642684936523,4.887637138366699,3.784588098526001,26.329423904418945,13.341500282287598,-24.457143783569336
1781548261240396,192857660,-0.5977022051811218,-0.5431280732154846,0.27510061860084534,-0.5216163992881775,9.728987693786621,4.0189290046691895,3.642781972885132,-8.333770751953125,15.912790298461914,-22.980234146118164
1781548261268832,192874327,-0.5992643237113953,-0.5444508194923401,0.2692231833934784,-0.5215117931365967,9.225177764892578,3.3870022296905518,3.3421106338500977,20.865386962890625,22.138742446899414,-29.94283676147461
1781548261270172,192890994,-0.5981666445732117,-0.5497974157333374,0.25848156213760376,-0.5225964188575745,8.9266357421875,3.8335211277008057,3.3065974712371826,67.04316711425781,27.2808895111084,-41.164329528808594
1781548261298044,192907661,-0.596657395362854,-0.5561738014221191,0.24594400823116302,-0.5236241221427917,9.134900093078613,4.836884021759033,3.2074460983276367,79.189208984375,30.02115821838379,-48.538185119628906
1781548261329290,192924328,-0.595737099647522,-0.5633129477500916,0.2331734597682953,-0.5228825211524963,9.386157035827637,5.688404560089111,2.518719434738159,77.91375732421875,22.46134376525879,-60.09640884399414
1781548261330911,192940995,-0.595299482345581,-0.5718116760253906,0.2179107964038849,-0.5207349061965942,9.459973335266113,6.721475601196289,2.9836924076080322,88.31700897216797,23.109786987304688,-79.42266845703125
1781548261388590,192957662,-0.6008276343345642,-0.5748379230499268,0.20420774817466736,-0.5165917873382568,9.178933143615723,6.794445037841797,4.274018287658691,33.88724899291992,37.413169860839844,-94.61661529541016
1781548261389889,192974329,-0.609920084476471,-0.5737990140914917,0.19449643790721893,-0.5108065605163574,9.031554222106934,5.517916679382324,3.081212282180786,-13.476463317871094,33.87445831298828,-92.57344055175781
1781548261392539,192990996,-0.6127787828445435,-0.5795369148254395,0.17973510921001434,-0.5062949657440186,9.481215476989746,5.722350597381592,0.9977980256080627,58.9760627746582,27.941133499145508,-94.32521057128906
1781548261418632,193007663,-0.6099604964256287,-0.5925135612487793,0.15708230435848236,-0.5021962523460388,9.397392272949219,8.076875686645508,1.9288870096206665,140.08631896972656,30.6246280670166,-113.22221374511719
1781548261420037,193024330,-0.6115430593490601,-0.6021988987922668,0.13552862405776978,-0.4949783682823181,8.587349891662598,9.509453773498535,4.1449689865112305,101.18474578857422,29.427886962890625,-133.46456909179688
1781548261422175,193040997,-0.621448814868927,-0.6035884618759155,0.11950763314962387,-0.4849749207496643,8.277504920959473,8.8755521774292,3.915811061859131,10.409858703613281,30.61814308166504,-142.85861206054688
1781548261448063,193057664,-0.6352103352546692,-0.6001200079917908,0.10368818789720535,-0.4749872088432312,8.5719633102417,7.837100028991699,2.811042547225952,-27.00935173034668,49.190101623535156,-150.8212127685547
1781548261478242,193074331,-0.6490522027015686,-0.5954738855361938,0.0850674957036972,-0.4657314121723175,8.560134887695312,7.525877475738525,2.511131763458252,-22.815494537353516,68.350341796875,-158.60879516601562
1781548261480440,193090998,-0.6609185338020325,-0.5920121669769287,0.06439162790775299,-0.45668619871139526,8.033798217773438,7.799234390258789,2.358103036880493,-2.736299991607666,73.43647003173828,-160.4520721435547
1781548261511623,193107665,-0.6721522808074951,-0.5889041423797607,0.044267453253269196,-0.44659146666526794,7.255115985870361,8.347375869750977,2.077401876449585,-0.7522611021995544,65.26667022705078,-161.146728515625
1781548261512141,193124332,-0.6857935190200806,-0.5835564136505127,0.026951316744089127,-0.43407711386680603,6.541261672973633,8.005411148071289,3.2439632415771484,-30.212894439697266,50.10160446166992,-167.67137145996094
1781548261539116,193140999,-0.7006983757019043,-0.5751749873161316,0.012082383036613464,-0.4219593405723572,6.7331109046936035,6.9411468505859375,3.437896251678467,-56.819984436035156,49.44203567504883,-159.19126892089844
1781548261540697,193157666,-0.7149648070335388,-0.5638102889060974,-0.004518410190939903,-0.41342833638191223,6.562570095062256,6.1722493171691895,2.8621039390563965,-63.34597396850586,80.57412719726562,-146.6627960205078
1781548261598077,193174333,-0.7262399792671204,-0.553443193435669,-0.022540751844644547,-0.4071466624736786,5.559235095977783,5.873987197875977,2.3377673625946045,-42.873565673828125,93.53980255126953,-132.58255004882812
1781548261599442,193191000,-0.7334553003311157,-0.5483033061027527,-0.040017642080783844,-0.39975669980049133,4.122725009918213,6.416694164276123,1.9600515365600586,-2.6763505935668945,72.59154510498047,-123.86509704589844
1781548261602034,193207667,-0.7421927452087402,-0.5425077676773071,-0.05132194235920906,-0.3901301622390747,3.0150606632232666,6.444443702697754,2.8893277645111084,-28.074142456054688,34.4140625,-116.23709106445312
1781548261629441,193224334,-0.7555388808250427,-0.5309761166572571,-0.05419103428721428,-0.3798539936542511,2.8275601863861084,4.739626884460449,3.4583754539489746,-96.93561553955078,2.7052173614501953,-102.47624206542969
1781548261630895,193241001,-0.7670374512672424,-0.5195508003234863,-0.05574386194348335,-0.3723081350326538,3.233602285385132,2.682513952255249,2.9800689220428467,-94.09092712402344,6.245034217834473,-78.62202453613281
1781548261659388,193257668,-0.7704682350158691,-0.5156614780426025,-0.06132136285305023,-0.3697454035282135,2.339242458343506,2.1213130950927734,2.4080605506896973,-17.131237030029297,29.071956634521484,-43.1785888671875
1781548261661362,193274335,-0.7662369012832642,-0.522005021572113,-0.0683937519788742,-0.36839428544044495,1.2462847232818604,3.6219136714935303,2.8572535514831543,67.53314208984375,18.503524780273438,-18.26930046081543
1781548261747853,193291002,-0.7620993256568909,-0.5287776589393616,-0.07062795013189316,-0.3668932318687439,1.5028188228607178,5.597455024719238,3.798506259918213,57.273372650146484,-8.654273986816406,-1.7305808067321777
1781548261749246,193307669,-0.7620562314987183,-0.5291898250579834,-0.06669464707374573,-0.36712467670440674,2.187192440032959,5.942895412445068,4.105938911437988,-7.338376522064209,-20.61426544189453,16.353206634521484
1781548261750965,193324336,-0.7630221843719482,-0.5263669490814209,-0.05909218639135361,-0.370463490486145,2.399498462677002,5.085006237030029,3.660884380340576,-38.64485549926758,-20.831207275390625,41.95337677001953
1781548261778162,193341003,-0.7607447504997253,-0.5266676545143127,-0.050786279141902924,-0.375911682844162,2.5326244831085205,4.748833179473877,3.490907907485962,-13.167399406433105,-23.52640724182129,65.09513092041016
1781548261779368,193357670,-0.7553113102912903,-0.5303452014923096,-0.04188903048634529,-0.3827325999736786,2.874140977859497,5.342770099639893,4.100297927856445,13.916243553161621,-29.274600982666016,83.7518539428711
1781548261781047,193374337,-0.7498133778572083,-0.5327735543251038,-0.03141850233078003,-0.39108216762542725,3.092987298965454,6.034428596496582,4.5862040519714355,3.085667371749878,-28.565099716186523,97.23785400390625
1781548261808527,193391004,-0.745182991027832,-0.5327848196029663,-0.019410204142332077,-0.40058234333992004,3.664083242416382,6.186103820800781,4.229042053222656,-16.93584442138672,-25.967227935791016,105.94725036621094
1781548261809754,193407671,-0.7392500638961792,-0.5336799025535583,-0.007089430931955576,-0.4106642007827759,4.749340534210205,6.22122049331665,3.684037208557129,-8.57296085357666,-27.69805908203125,113.77822875976562
1781548261811099,193424338,-0.7318558096885681,-0.5355892181396484,0.005747684743255377,-0.42130547761917114,5.763020038604736,6.2672858238220215,3.74377179145813,0.45919111371040344,-31.062232971191406,122.69084167480469
1781548261838491,193441005,-0.723711371421814,-0.5377340316772461,0.01948137767612934,-0.4320933222770691,5.837457656860352,5.999002456665039,4.245419025421143,1.8155360221862793,-35.74557876586914,128.89227294921875
1781548261839854,193457672,-0.7123857736587524,-0.5432782173156738,0.03212631866335869,-0.44308364391326904,5.626622676849365,5.896702766418457,4.17222785949707,33.75495147705078,-40.105133056640625,134.8688201904297
1781548261869203,193474339,-0.6967869400978088,-0.5538254976272583,0.04145733267068863,-0.45392364263534546,6.232141017913818,6.840061187744141,3.7013041973114014,84.29012298583984,-40.621646881103516,133.66787719726562
1781548261869701,193491006,-0.6811373829841614,-0.5639575719833374,0.05067949742078781,-0.46415039896965027,7.332136631011963,8.058648109436035,3.3039956092834473,82.65816497802734,-41.15254592895508,130.59132385253906
1781548261898042,193507673,-0.6685612201690674,-0.5701180100440979,0.06293526291847229,-0.47331884503364563,7.872575283050537,8.573101997375488,3.178978204727173,42.08684158325195,-45.71683883666992,128.969482421875
1781548261928848,193524340,-0.6598637700080872,-0.5721919536590576,0.07914163917303085,-0.4805339276790619,7.66268253326416,8.180245399475098,3.3478829860687256,-5.607309818267822,-56.55524444580078,124.6207504272461
1781548261931165,193541007,-0.6512609720230103,-0.5754814743995667,0.09622995555400848,-0.48520123958587646,6.948601245880127,7.076473236083984,3.3447508811950684,-4.765560626983643,-74.54512023925781,115.55652618408203
1781548261957905,193557674,-0.6377867460250854,-0.5863494277000427,0.10922455787658691,-0.48733243346214294,7.418039798736572,6.6513800621032715,2.9068853855133057,60.42567443847656,-94.75582885742188,99.24032592773438
1781548261959289,193574341,-0.621758222579956,-0.5986990928649902,0.11687883734703064,-0.491239070892334,9.3233060836792,7.828188419342041,2.406700611114502,96.45016479492188,-71.0625991821289,92.94200897216797
1781548261988745,193591008,-0.6091175079345703,-0.6047845482826233,0.1238914504647255,-0.4978582262992859,9.285813331604004,9.361600875854492,1.8924336433410645,60.06678771972656,-33.26905059814453,95.4848403930664
1781548261990656,193607675,-0.6055472493171692,-0.6011263132095337,0.1359405815601349,-0.5034679174423218,7.856525421142578,10.061932563781738,2.785261392593384,-36.559425354003906,-17.478532791137695,89.450927734375
1781548262047868,193624342,-0.6102196574211121,-0.5909016132354736,0.15475642681121826,-0.5044974684715271,6.77329158782959,8.199039459228516,4.1017961502075195,-125.67800903320312,-34.14893341064453,75.96111297607422
1781548262049825,193641009,-0.6133801341056824,-0.582606315612793,0.17448018491268158,-0.5038765072822571,7.287817478179932,4.537097454071045,4.214268207550049,-116.34494018554688,-52.96861267089844,75.91893005371094
1781548262051609,193657676,-0.6104148626327515,-0.5786767601966858,0.18689480423927307,-0.5075407028198242,8.766395568847656,3.66961932182312,1.6735340356826782,-42.92445755004883,-27.451269149780273,80.69332885742188
1781548262079649,193674343,-0.6012461185455322,-0.5819580554962158,0.19281978905200958,-0.5124930143356323,9.799450874328613,5.617789268493652,-0.8662829399108887,36.32178497314453,-28.223180770874023,72.6578598022461
1781548262081636,193691010,-0.5890148282051086,-0.5906992554664612,0.19175635278224945,-0.5170740485191345,9.084940910339355,8.290604591369629,1.4734443426132202,95.27845764160156,-24.11474609375,46.71345901489258
1781548262108304,193707677,-0.5891356468200684,-0.5887336134910583,0.19656908512115479,-0.517370879650116,7.477061748504639,7.82331657409668,7.128703594207764,-24.791221618652344,-10.959327697753906,23.433481216430664
1781548262110284,193724344,-0.5985618233680725,-0.5754276514053345,0.21204757690429688,-0.5154052972793579,7.107074737548828,4.020115852355957,5.453432083129883,-149.39694213867188,-10.410867691040039,39.6746826171875
1781548262139325,193741011,-0.6031873226165771,-0.5648624897003174,0.22544342279434204,-0.5160143375396729,8.073211669921875,2.4434900283813477,0.28866854310035706,-107.98159790039062,-8.368987083435059,55.04576110839844
1781548262141648,193757678,-0.5947985053062439,-0.5698854327201843,0.2293907105922699,-0.5184838771820068,10.165047645568848,3.211406707763672,-0.5667191743850708,43.617618560791016,-37.43303680419922,48.07288360595703
1781548262168546,193774345,-0.5818062424659729,-0.579674482345581,0.22338272631168365,-0.5249567031860352,10.518052101135254,6.257625102996826,2.152554988861084,122.95128631591797,-5.282013893127441,34.32920837402344
1781548262170686,193791012,-0.5772814750671387,-0.5822750926017761,0.22048220038414001,-0.5282893776893616,8.348782539367676,8.438533782958984,4.277811050415039,44.403446197509766,8.724363327026367,14.631183624267578
1781548262198194,193807679,-0.581244170665741,-0.5785657167434692,0.2289879024028778,-0.5243869423866272,7.949737548828125,7.285056114196777,4.636160373687744,-67.01676177978516,-29.729955673217773,10.32066535949707
1781548262229543,193824346,-0.590749204158783,-0.5676332116127014,0.24174264073371887,-0.5199699997901917,9.246858596801758,4.538323402404785,3.101703643798828,-134.06497192382812,-13.992806434631348,16.560014724731445
1781548262230746,193841013,-0.5987183451652527,-0.556365966796875,0.2509763240814209,-0.518656313419342,9.614811897277832,2.5267131328582764,1.726858139038086,-111.68107604980469,11.063152313232422,21.469390869140625
1781548262259018,193857680,-0.5999665856361389,-0.5529552698135376,0.25216057896614075,-0.5202844142913818,9.444219589233398,2.647493839263916,2.022613286972046,-19.845598220825195,15.838333129882812,13.195182800292969
1781548262260494,193874347,-0.597812294960022,-0.554604172706604,0.2485826313495636,-0.522724986076355,9.298791885375977,4.672345161437988,2.9992268085479736,32.403785705566406,14.573145866394043,1.837981939315796
1781548262287909,193891014,-0.5976924896240234,-0.5549492835998535,0.2483561635017395,-0.5226035118103027,9.154906272888184,5.982589244842529,2.9404242038726807,2.863237142562866,-0.8081062436103821,-0.9953607320785522
1781548262290665,193907681,-0.6008061766624451,-0.5516238808631897,0.25314754247665405,-0.5202494263648987,9.11528205871582,5.427823066711426,2.5606868267059326,-46.4002799987793,-11.236701965332031,3.6273193359375
1781548262318862,193924348,-0.6043172478675842,-0.5477965474128723,0.2572726011276245,-0.5181994438171387,8.99644947052002,4.237764358520508,2.6317946910858154,-47.0682373046875,-4.844615459442139,1.8093143701553345
1781548262320312,193941015,-0.6057241559028625,-0.5466935038566589,0.25822415947914124,-0.51724773645401,8.599974632263184,3.7664618492126465,2.7686386108398438,-14.574661254882812,-0.951192319393158,-2.9019720554351807
1781548262348318,193957682,-0.6064494848251343,-0.5466442704200745,0.25817587971687317,-0.5164732933044434,8.451082229614258,4.17296028137207,2.7391912937164307,-3.7537848949432373,-1.0777698755264282,-5.368807315826416
1781548262378852,193974349,-0.6093097925186157,-0.5438520908355713,0.26025357842445374,-0.5150092840194702,8.79700756072998,4.335598468780518,2.8497748374938965,-31.987428665161133,0.9949609041213989,-2.9654998779296875
1781548262380653,193991016,-0.6144716739654541,-0.5377118587493896,0.2636016011238098,-0.5136193037033081,9.03219223022461,4.021723747253418,3.02117919921875,-58.98591232299805,11.92352294921875,-0.06398133188486099
1781548262409270,194007683,-0.620754599571228,-0.5297626852989197,0.26716339588165283,-0.5124833583831787,8.932014465332031,3.748647689819336,3.3237812519073486,-71.0674057006836,20.378705978393555,1.1181631088256836
1781548262411402,194024350,-0.6269651651382446,-0.522030770778656,0.27053171396255493,-0.5110883116722107,8.588644027709961,3.5014050006866455,3.096966505050659,-69.67132568359375,19.361974716186523,-0.8367695808410645
1781548262439696,194041017,-0.631057620048523,-0.5169572234153748,0.27361053228378296,-0.5095674395561218,8.404186248779297,3.1170096397399902,2.7579402923583984,-49.826271057128906,6.876398086547852,0.07995714992284775
1781548262441320,194057684,-0.6331322193145752,-0.513715386390686,0.2759409546852112,-0.5090156197547913,8.550494194030762,2.928544521331787,3.003009796142578,-30.26051902770996,3.354153871536255,5.24704122543335
1781548262468765,194074351,-0.6340907216072083,-0.5107565522193909,0.27762091159820557,-0.5098860859870911,8.724533081054688,3.028263568878174,3.4659790992736816,-20.11190414428711,8.101512908935547,12.50881576538086
1781548262471487,194091018,-0.6343660950660706,-0.5079452991485596,0.279326856136322,-0.5114177465438843,8.709661483764648,3.27325439453125,3.6440086364746094,-15.897045135498047,8.487574577331543,17.595483779907227
1781548262498601,194107685,-0.6348442435264587,-0.5051177144050598,0.2818366289138794,-0.5122470855712891,8.859171867370605,3.444941520690918,3.5222690105438232,-20.85283660888672,2.976606607437134,16.657573699951172
1781548262528598,194124352,-0.6362124085426331,-0.5016980767250061,0.284872442483902,-0.512231171131134,8.855212211608887,3.334404945373535,3.2135167121887207,-30.01806640625,1.5540117025375366,12.807530403137207
1781548262529918,194141019,-0.6367641687393188,-0.5001108646392822,0.2867470681667328,-0.5120514631271362,8.701769828796387,3.2174155712127686,2.971902847290039,-15.417387962341309,-1.9838335514068604,7.371015548706055
1781548262558303,194157686,-0.6361143589019775,-0.5005427598953247,0.28671130537986755,-0.5124571323394775,8.728012084960938,3.3891966342926025,3.137014389038086,5.43267822265625,-1.0840448141098022,3.614304780960083
1781548262560454,194174353,-0.6347754001617432,-0.501926064491272,0.285369336605072,-0.513512372970581,8.807023048400879,3.7735188007354736,3.33259916305542,17.848094940185547,2.15315318107605,2.5124995708465576
1781548262588430,194191020,-0.6336668133735657,-0.5030357837677002,0.28400087356567383,-0.5145531892776489,8.724499702453613,4.033854007720947,3.6198301315307617,15.924089431762695,3.6377298831939697,2.08174467086792
1781548262591144,194207687,-0.6338763236999512,-0.5025859475135803,0.28403016924858093,-0.5147187113761902,8.662755012512207,4.0610222816467285,3.771970272064209,-2.0837340354919434,2.6112470626831055,1.4854918718338013
1781548262618860,194224354,-0.6350778937339783,-0.5007091760635376,0.2857927083969116,-0.5140905380249023,8.784006118774414,3.7907345294952393,3.510134696960449,-19.413122177124023,-0.6985489726066589,3.2925493717193604
1781548262619783,194241021,-0.6361147165298462,-0.49877414107322693,0.2881838083267212,-0.5133545994758606,9.027652740478516,3.4779398441314697,3.1794867515563965,-21.534440994262695,-3.932363271713257,5.6830010414123535
1781548262648165,194257688,-0.6369542479515076,-0.49705564975738525,0.29029858112335205,-0.5127883553504944,9.073054313659668,3.3379340171813965,3.1168205738067627,-18.598852157592773,-3.2965378761291504,5.744161128997803
1781548262678021,194274355,-0.637812077999115,-0.49543672800064087,0.29187753796577454,-0.5123923420906067,8.792235374450684,3.2832226753234863,3.190035581588745,-15.998154640197754,-0.6832193732261658,4.394791126251221
1781548262680240,194291022,-0.6384896039962769,-0.494342178106308,0.2929128408432007,-0.5120147466659546,8.522582054138184,3.2843098640441895,3.3240551948547363,-11.131693840026855,-0.4449312090873718,2.206144332885742
1781548262737969,194307689,-0.6389292478561401,-0.49383029341697693,0.2935798168182373,-0.5115780830383301,8.488758087158203,3.303710699081421,3.529039144515991,-6.587728023529053,-1.5586354732513428,0.36006978154182434
1781548262739761,194324356,-0.639204204082489,-0.49362602829933167,0.2939222455024719,-0.5112349987030029,8.586505889892578,3.2660560607910156,3.661916971206665,-3.346158266067505,-1.2307926416397095,-0.372511088848114
1781548262741549,194341023,-0.6397091150283813,-0.49292609095573425,0.29418668150901794,-0.5111266374588013,8.68470287322998,3.234064817428589,3.784860134124756,-5.557034492492676,2.115743637084961,0.5873953104019165
1781548262767945,194357690,-0.6402169466018677,-0.4920492470264435,0.29459038376808167,-0.5111032128334045,8.694605827331543,3.164273262023926,3.6470932960510254,-6.6627984046936035,2.418165445327759,1.7795896530151367
1781548262769395,194374357,-0.6405211091041565,-0.4911878705024719,0.29513970017433167,-0.5112339854240417,8.696998596191406,3.121089220046997,3.459221363067627,-6.104889869689941,1.8311227560043335,3.635575771331787
1781548262771214,194391024,-0.6405386924743652,-0.4907827079296112,0.2954404652118683,-0.5114269852638245,8.698144912719727,3.134937047958374,3.3259127140045166,-2.1269938945770264,0.951108455657959,3.1523025035858154
1781548262798141,194407691,-0.6404229402542114,-0.4910007119178772,0.295459508895874,-0.5113518238067627,8.786477088928223,3.200570583343506,3.2407383918762207,1.5130252838134766,-1.1749056577682495,0.22314423322677612
1781548262828523,194424358,-0.6401254534721375,-0.4919434189796448,0.2949247360229492,-0.5111267566680908,8.819859504699707,3.3369250297546387,3.204211473464966,6.9599385261535645,-2.158933401107788,-3.138939142227173
1781548262830491,194441025,-0.6400412321090698,-0.49253639578819275,0.29464733600616455,-0.5108211040496826,8.74174690246582,3.4712798595428467,3.3529837131500244,3.630849599838257,-1.902459979057312,-2.664489269256592
1781548262858284,194457692,-0.6405662894248962,-0.49205705523490906,0.2954011857509613,-0.5101891160011292,8.644171714782715,3.3512346744537354,3.4168124198913574,-7.434471607208252,-2.5453264713287354,-0.5759400725364685
1781548262860295,194474359,-0.6407783031463623,-0.49185502529144287,0.2963045537471771,-0.509593665599823,8.669532775878906,3.1172399520874023,3.453890800476074,-5.603009223937988,-4.68849515914917,0.6267107129096985
1781548262888816,194491026,-0.6402236819267273,-0.4928649961948395,0.29611533880233765,-0.50942462682724,8.714030265808105,3.1043701171875,3.4475865364074707,7.025583744049072,-4.241694450378418,-0.9728473424911499
1781548262891426,194507693,-0.6390752792358398,-0.4948835074901581,0.2954447567462921,-0.5092992186546326,8.723755836486816,3.3159162998199463,3.455481767654419,15.251461029052734,-6.716372966766357,-2.38569712638855
1781548262918106,194524360,-0.6382438540458679,-0.49645546078681946,0.2951251268386841,-0.5089971423149109,8.839341163635254,3.473731517791748,3.522785186767578,10.623290061950684,-6.651480197906494,-2.1710617542266846
1781548262919882,194541027,-0.6377154588699341,-0.49747514724731445,0.29498565196990967,-0.5087445974349976,8.887289047241211,3.5202062129974365,3.4274070262908936,6.635810375213623,-4.725659370422363,-1.2780227661132812
1781548262948074,194557694,-0.6371475458145142,-0.4983290731906891,0.2949402332305908,-0.5086469054222107,8.867302894592285,3.493762731552124,3.394777536392212,6.028903484344482,-4.1091227531433105,0.1970321089029312
1781548263010639,194574361,-0.6368573307991028,-0.4987582862377167,0.2952514886856079,-0.5084089040756226,8.905067443847656,3.452389717102051,3.418710470199585,1.6852325201034546,-4.103602886199951,0.6943410634994507
1781548263011273,194591028,-0.6368377804756165,-0.49899572134017944,0.29566916823387146,-0.5079574584960938,8.974074363708496,3.379885673522949,3.358987808227539,-0.8875568509101868,-4.081972599029541,-0.4308568239212036
1781548263012416,194607695,-0.636637270450592,-0.49950191378593445,0.2957552671432495,-0.5076611638069153,9.028809547424316,3.396169900894165,3.3192124366760254,2.3828840255737305,-3.4042351245880127,-0.8038801550865173
1781548263038673,194624362,-0.6362828016281128,-0.5003182291984558,0.29554128646850586,-0.5074264407157898,9.027606010437012,3.506166934967041,3.346113681793213,5.442103862762451,-3.274571418762207,-1.6584866046905518
1781548263040688,194641029,-0.6361479163169861,-0.5008438229560852,0.29544302821159363,-0.5071340799331665,8.957204818725586,3.5659592151641846,3.3828725814819336,2.893805742263794,-2.5189449787139893,-1.6876335144042969
1781548263042533,194657696,-0.6361030340194702,-0.5011188983917236,0.29535338282585144,-0.5069705247879028,8.782327651977539,3.5718114376068115,3.381072998046875,1.7200785875320435,-1.0565239191055298,-0.9000943899154663
1781548263068361,194674363,-0.6358094215393066,-0.5015323162078857,0.29538995027542114,-0.5069088935852051,8.641868591308594,3.586845636367798,3.3524227142333984,2.9482333660125732,-2.245363235473633,0.5664185285568237
1781548263070309,194691030,-0.6356351971626282,-0.5015547275543213,0.2959289848804474,-0.5067906379699707,8.689894676208496,3.5511298179626465,3.352241277694702,-1.0382237434387207,-3.031826972961426,2.430229663848877
1781548263098059,194707697,-0.6355631351470947,-0.5013772249221802,0.29642075300216675,-0.5067695379257202,8.824045181274414,3.5199477672576904,3.1866791248321533,-1.9023321866989136,-1.5862456560134888,2.7426655292510986
1781548263128324,194724364,-0.6355712413787842,-0.5011758804321289,0.29670390486717224,-0.5067926049232483,8.853803634643555,3.5389914512634277,3.1268324851989746,-1.4654691219329834,-0.27555423974990845,1.9864250421524048
1781548263129598,194741031,-0.6359564065933228,-0.5004822611808777,0.29740601778030396,-0.5065833330154419,8.807332992553711,3.4916577339172363,3.1895294189453125,-6.849297523498535,-0.42267361283302307,2.105536937713623
1781548263157815,194757698,-0.6366772651672363,-0.4992779791355133,0.2984755337238312,-0.5062370896339417,8.78027629852295,3.2721917629241943,3.184079170227051,-11.796612739562988,-0.03546079620718956,2.645966053009033
1781548263159907,194774365,-0.6369659900665283,-0.49862322211265564,0.29911941289901733,-0.5061392188072205,8.787687301635742,3.1389384269714355,3.1329097747802734,-5.917866230010986,-0.11876610666513443,2.6479883193969727
1781548263187839,194791032,-0.6366757750511169,-0.4988909661769867,0.2991340160369873,-0.5062317848205566,8.727575302124023,3.210240364074707,3.1553375720977783,2.6886610984802246,-1.1104514598846436,1.4422062635421753
1781548263189851,194807699,-0.6367006897926331,-0.498891681432724,0.2994479835033417,-0.5060141086578369,8.731552124023438,3.2817890644073486,3.26200270652771,-1.2405766248703003,-1.9074161052703857,0.5631528496742249
1781548263218017,194824366,-0.6370846629142761,-0.4986684322357178,0.3000611960887909,-0.5053874850273132,8.810370445251465,3.171984910964966,3.165393829345703,-5.336380958557129,-3.102850914001465,-0.9889576435089111
1781548263219498,194841033,-0.6373391151428223,-0.49904242157936096,0.3002428114414215,-0.5045889019966125,8.979146003723145,2.999195098876953,3.080375909805298,-1.1318765878677368,-4.143584728240967,-4.0043158531188965
1781548263248061,194857700,-0.6369540691375732,-0.5005031824111938,0.299390971660614,-0.5041339993476868,9.087983131408691,3.014739990234375,3.0625905990600586,10.120163917541504,-3.5260250568389893,-6.069406032562256
1781548263279320,194874367,-0.6358436942100525,-0.5028920769691467,0.29761749505996704,-0.5042086243629456,8.945657730102539,3.2502706050872803,3.1675572395324707,20.96700668334961,-2.376516819000244,-6.318778991699219
1781548263280840,194891034,-0.63433438539505,-0.5056421160697937,0.29574519395828247,-0.5044609308242798,8.774676322937012,3.5698342323303223,3.338017225265503,24.6301326751709,-3.3983521461486816,-5.2398200035095215
1781548263308312,194907701,-0.63283771276474,-0.5079962015151978,0.2944280803203583,-0.5047461986541748,8.719612121582031,3.8409056663513184,3.4408178329467773,21.000635147094727,-4.3072052001953125,-2.4048829078674316
1781548263310497,194924368,-0.6316922307014465,-0.5095657110214233,0.293724924325943,-0.5050084590911865,8.784979820251465,4.002126693725586,3.405487060546875,14.184072494506836,-3.624673366546631,0.010110619477927685
1781548263338603,194941035,-0.6312248706817627,-0.5101147890090942,0.29376447200775146,-0.5050156116485596,8.81702995300293,4.059474945068359,3.3327438831329346,4.276392936706543,-2.834660768508911,1.2089132070541382
1781548263340532,194957702,-0.6318290829658508,-0.5093953013420105,0.2947429418563843,-0.50441575050354,8.875378608703613,3.970749616622925,3.299330234527588,-9.467827796936035,-2.467349052429199,0.7117451429367065
1781548263368677,194974369,-0.6334319114685059,-0.5076313614845276,0.2963087558746338,-0.5032651424407959,8.844916343688965,3.6417994499206543,3.19809889793396,-20.65167808532715,-1.3003202676773071,-0.9678924679756165
1781548263371690,194991036,-0.635145366191864,-0.5058231949806213,0.2977884113788605,-0.5020513534545898,8.70900821685791,3.237274169921875,3.094491481781006,-21.06376075744629,-0.7691633105278015,-1.837906002998352
1781548263398074,195007703,-0.6361493468284607,-0.5047295689582825,0.29867348074913025,-0.501354455947876,8.60973072052002,2.9681947231292725,3.0283660888671875,-12.357236862182617,-0.29090917110443115,-0.6600011587142944
1781548263427900,195024370,-0.6360616683959961,-0.5048320889472961,0.2985089421272278,-0.501460611820221,8.590041160583496,2.9709315299987793,3.039099931716919,1.9173349142074585,0.7168674468994141,0.5116969347000122
1781548263458784,195041037,-0.6348241567611694,-0.5064826011657715,0.2972787618637085,-0.5020949244499207,8.567429542541504,3.2777295112609863,3.0590546131134033,17.438650131225586,-0.48488736152648926,-0.08981101959943771
1781548263460767,195057704,-0.6332547068595886,-0.508503794670105,0.2960205376148224,-0.502776563167572,8.600085258483887,3.6693618297576904,3.1224918365478516,20.40641975402832,-2.156259775161743,0.40774840116500854
1781548263462627,195074371,-0.6321521401405334,-0.5096422433853149,0.29552727937698364,-0.5033013224601746,8.678312301635742,3.87233829498291,3.169450044631958,11.964485168457031,-2.0343666076660156,2.5809483528137207
1781548263488031,195091038,-0.631209671497345,-0.5102202892303467,0.29539787769317627,-0.5039739608764648,8.765241622924805,3.9058775901794434,3.063145875930786,8.02800178527832,-0.8254718780517578,5.090313911437988
1781548263490475,195107705,-0.6303827166557312,-0.5102899074554443,0.29557016491889954,-0.504836916923523,8.796197891235352,3.95925235748291,3.0820436477661133,4.738959312438965,0.5217629075050354,7.601499557495117
1781548263518653,195124372,-0.6301678419113159,-0.5094900131225586,0.2965291738510132,-0.5053502917289734,8.874456405639648,3.956280469894409,3.0971531867980957,-4.611503601074219,0.14996880292892456,8.492591857910156
1781548263519684,195141039,-0.6307169198989868,-0.5079243183135986,0.2983818054199219,-0.5051510334014893,9.033795356750488,3.764373779296875,3.0230495929718018,-15.164396286010742,-2.0001871585845947,7.441770553588867
1781548263548078,195157706,-0.6317681074142456,-0.5060012340545654,0.3007040321826935,-0.5043898224830627,9.248313903808594,3.430041551589966,3.0364129543304443,-21.2620849609375,-3.7319812774658203,5.630941867828369
1781548263578219,195174373,-0.633044421672821,-0.5040686130523682,0.30281373858451843,-0.5034616589546204,9.2661714553833,3.068898916244507,2.9645450115203857,-21.697566986083984,-2.8911025524139404,3.4044268131256104
1781548263580788,195191040,-0.6336444616317749,-0.503203809261322,0.3040587306022644,-0.502821147441864,9.072150230407715,2.8242671489715576,2.872823715209961,-11.110730171203613,-3.234373092651367,1.7775030136108398
1781548263608916,195207707,-0.6333673596382141,-0.503444492816925,0.3043634295463562,-0.5027449727058411,8.785852432250977,2.7652437686920166,2.9678781032562256,1.1771533489227295,-2.838437795639038,1.7062989473342896
1781548263609861,195224374,-0.6323443651199341,-0.5045894980430603,0.30401015281677246,-0.5030986666679382,8.607501983642578,2.9077682495117188,3.107919931411743,10.868197441101074,-3.1717374324798584,1.9850811958312988
1781548263637938,195241041,-0.6306890845298767,-0.5067744851112366,0.30317679047584534,-0.5034828782081604,8.654580116271973,3.144788980484009,3.1248273849487305,19.30750274658203,-5.89826774597168,0.46471107006073
1781548263639828,195257708,-0.6288662552833557,-0.5094112157821655,0.30223363637924194,-0.5036691427230835,8.884306907653809,3.417325735092163,3.054473400115967,21.81974983215332,-8.024460792541504,-1.1377567052841187
1781548263668482,195274375,-0.6272574067115784,-0.5117059350013733,0.3010748028755188,-0.5040429830551147,8.82196044921875,3.638615131378174,3.0853757858276367,20.721275329589844,-4.808305263519287,-1.1138981580734253
1781548263670024,195291042,-0.6258298754692078,-0.5133867263793945,0.30017465353012085,-0.5046449899673462,8.46363639831543,3.796027421951294,3.204228639602661,17.027935028076172,-2.6114864349365234,1.428863525390625
1781548263697963,195307709,-0.624697744846344,-0.5141680240631104,0.30061131715774536,-0.5049920678138733,8.417718887329102,3.820131301879883,3.2638533115386963,6.941524028778076,-5.536468029022217,5.879659175872803
1781548263728855,195324376,-0.6236741542816162,-0.5144700407981873,0.30188676714897156,-0.5051890015602112,8.941437721252441,3.756425380706787,3.1431331634521484,1.2761086225509644,-7.783613681793213,8.813750267028809
1781548263730720,195341043,-0.622894823551178,-0.5146219730377197,0.3027796447277069,-0.5054612755775452,9.38967514038086,3.8148398399353027,3.021582841873169,1.2531462907791138,-4.847947597503662,7.247006893157959
1781548263758722,195357710,-0.62270188331604,-0.5139755606651306,0.3034503161907196,-0.5059543251991272,9.222463607788086,3.935783624649048,3.0603036880493164,-3.0081095695495605,0.8798668384552002,7.031167507171631
1781548263760337,195374377,-0.6232011318206787,-0.5122689604759216,0.3049529194831848,-0.5061665773391724,8.796957015991211,3.874746561050415,3.1514604091644287,-13.471470832824707,1.4585481882095337,8.573646545410156
1781548263788711,195391044,-0.6240001916885376,-0.5096261501312256,0.30788522958755493,-0.5060750246047974,8.693073272705078,3.55769944190979,3.0214591026306152,-24.15239143371582,-1.85148286819458,13.227348327636719
1781548263790057,195407711,-0.6242730021476746,-0.506898820400238,0.3111462891101837,-0.5064830183982849,8.97910213470459,3.145331382751465,2.981053590774536,-22.75786018371582,-2.3312363624572754,18.53315544128418
1781548263818938,195424378,-0.6237791180610657,-0.5049550533294678,0.3133834898471832,-0.5076524615287781,9.502570152282715,3.059631586074829,2.956134080886841,-11.527873992919922,0.34787869453430176,19.226930618286133
1781548263820021,195441045,-0.6230722069740295,-0.5036292672157288,0.31411492824554443,-0.5093826055526733,9.60765552520752,3.307037353515625,2.8450984954833984,-1.6756099462509155,6.136379241943359,15.814568519592285
1781548263848102,195457712,-0.6227725148200989,-0.5018187761306763,0.31470686197280884,-0.5111675262451172,9.06109619140625,3.557063579559326,2.8800599575042725,-4.554506778717041,9.499985694885254,15.186921119689941
1781548263881367,195474379,-0.6232751607894897,-0.49893718957901,0.3166891932487488,-0.5121502876281738,8.597028732299805,3.4500131607055664,3.002254009246826,-18.531919479370117,6.28025484085083,16.047616958618164
1781548263881855,195491046,-0.6238963007926941,-0.4954303205013275,0.32005903124809265,-0.5127032399177551,8.693305969238281,3.0023648738861084,2.918942451477051,-27.44009780883789,1.3194371461868286,19.910425186157227
1781548263908471,195507713,-0.6237042546272278,-0.49256372451782227,0.32282376289367676,-0.5139641165733337,9.13525390625,2.6398186683654785,2.8835606575012207,-18.23306655883789,2.2795815467834473,22.34389877319336
1781548263909928,195524380,-0.6227084398269653,-0.4908152222633362,0.32384079694747925,-0.5161996483802795,9.274493217468262,2.733684539794922,2.875401258468628,-2.377720832824707,7.3405938148498535,20.962629318237305
1781548263939421,195541047,-0.621607780456543,-0.4896564483642578,0.32446572184562683,-0.5182301998138428,9.160954475402832,3.039280652999878,2.8016934394836426,1.4373031854629517,6.001376152038574,17.82085609436035
1781548263939902,195557714,-0.621623694896698,-0.4871675372123718,0.32656750082969666,-0.5192355513572693,8.992050170898438,3.0520737171173096,2.903033971786499,-15.556925773620605,3.4687023162841797,17.40041160583496
1781548263968533,195574381,-0.6221733093261719,-0.4840928912162781,0.32962459325790405,-0.5195210576057434,8.960941314697266,2.7279129028320312,2.8735640048980713,-24.875391006469727,0.263997346162796,16.933591842651367
1781548263969689,195591048,-0.6224319934844971,-0.48132696747779846,0.3326909840106964,-0.5198265910148621,9.082379341125488,2.3223416805267334,2.946141242980957,-22.5738525390625,-1.4707876443862915,17.389286041259766
1781548263998077,195607715,-0.6219648122787476,-0.4794926345348358,0.3346637189388275,-0.5208137631416321,9.321508407592773,2.1227002143859863,2.869354724884033,-10.71690559387207,0.47558367252349854,17.151037216186523
1781548264028039,195624382,-0.6206210255622864,-0.4790663421154022,0.33541080355644226,-0.5223264694213867,9.395600318908691,2.2078399658203125,2.8633344173431396,3.7916364669799805,0.39067724347114563,15.255494117736816
1781548264029787,195641049,-0.6195025444030762,-0.4785766303539276,0.3361659049987793,-0.5236160159111023,9.260188102722168,2.395956039428711,3.1395747661590576,2.2359578609466553,0.36925211548805237,13.666759490966797
1781548264059523,195657716,-0.6190492510795593,-0.47759395837783813,0.3375770151615143,-0.5241413712501526,9.148378372192383,2.4018056392669678,3.159287214279175,-6.181282997131348,-1.6274447441101074,11.314090728759766
1781548264061060,195674383,-0.6186192631721497,-0.4768421947956085,0.3390173316001892,-0.5244036912918091,9.04210090637207,2.2222366333007812,3.0861620903015137,-5.989724159240723,-3.393287181854248,9.671096801757812
1781548264088029,195691050,-0.6178858876228333,-0.4765532612800598,0.3400012254714966,-0.5248934030532837,9.201790809631348,2.111219882965088,3.1972033977508545,-0.8511614799499512,-3.081976890563965,9.157061576843262
1781548264090212,195707717,-0.6165565848350525,-0.4771886467933655,0.3399273753166199,-0.5259262919425964,9.350933074951172,2.202336311340332,3.1961121559143066,10.114607810974121,-1.5376209020614624,7.987703323364258
1781548264118037,195724384,-0.6151580214500427,-0.4781813621520996,0.3394615054130554,-0.5269622206687927,9.384034156799316,2.47029447555542,3.3461954593658447,13.28099536895752,-1.3200539350509644,6.129783630371094
1781548264119486,195741051,-0.614728569984436,-0.4779219329357147,0.3399702310562134,-0.5273708701133728,9.356836318969727,2.6015212535858154,3.4989168643951416,-0.195245623588562,-0.7061421871185303,6.092896938323975
1781548264148088,195757718,-0.6148686408996582,-0.476708322763443,0.3414352238178253,-0.5273595452308655,9.330690383911133,2.4178647994995117,3.4150006771087646,-10.54863452911377,-1.3371117115020752,7.625026226043701
1781548264178371,195774385,-0.6146033406257629,-0.47553884983062744,0.34289902448654175,-0.5277746319770813,9.260560989379883,2.2298824787139893,3.35306978225708,-8.028101921081543,-1.0461515188217163,10.790529251098633
1781548264181468,195791052,-0.6138511300086975,-0.474828839302063,0.3437652587890625,-0.528724730014801,9.192827224731445,2.2276201248168945,3.3899974822998047,-1.0643491744995117,0.41239672899246216,11.781085968017578
1781548264208382,195807719,-0.6133134365081787,-0.47409892082214355,0.3442831337451935,-0.5296661853790283,9.068023681640625,2.3088042736053467,3.49918794631958,-0.6036786437034607,2.4329442977905273,9.874177932739258
1781548264210782,195824386,-0.6135991215705872,-0.4727323055267334,0.3451012372970581,-0.5300243496894836,9.00084400177002,2.284271001815796,3.559281826019287,-8.446150779724121,3.5332162380218506,6.9023118019104
1781548264238485,195841053,-0.6145357489585876,-0.4710468053817749,0.3458498418331146,-0.5299516320228577,8.988077163696289,2.1154394149780273,3.4235892295837402,-12.675707817077637,5.131885051727295,3.2432548999786377
1781548264240238,195857720,-0.6152257919311523,-0.469791054725647,0.34621158242225647,-0.5300294756889343,9.019600868225098,2.0095741748809814,3.287443161010742,-8.2941255569458,5.102083683013916,2.502995729446411
1781548264268221,195874387,-0.6151790618896484,-0.46920016407966614,0.3461361527442932,-0.530656099319458,9.011445999145508,1.9911353588104248,3.1628456115722656,-0.20260930061340332,4.546172142028809,4.513720512390137
1781548264270345,195891054,-0.6142447590827942,-0.46948111057281494,0.3454244136810303,-0.5319522023200989,9.007509231567383,2.1199939250946045,3.1940958499908447,10.263480186462402,4.104123592376709,6.4567790031433105
1781548264297981,195907721,-0.612896203994751,-0.4699709117412567,0.344707190990448,-0.5335381627082825,9.118426322937012,2.3670196533203125,3.2557997703552246,13.190726280212402,3.3156633377075195,8.681964874267578
1781548264327990,195924388,-0.6115801930427551,-0.47000831365585327,0.3442799150943756,-0.5352880358695984,9.3099365234375,2.5754616260528564,3.203366756439209,10.503514289855957,4.360328674316406,11.26338005065918
1781548264330304,195941055,-0.6105108261108398,-0.46931326389312744,0.3441484570503235,-0.5371997356414795,9.397648811340332,2.7540338039398193,3.26252818107605,5.921142578125,6.918822288513184,13.726696968078613
1781548264359235,195957722,-0.6099632382392883,-0.4678386449813843,0.34460338950157166,-0.5388140678405762,9.332168579101562,2.8740832805633545,3.3051071166992188,-1.9045236110687256,7.611696720123291,14.288485527038574
1781548264361079,195974389,-0.610694408416748,-0.464781254529953,0.3467136323451996,-0.5392776131629944,9.190089225769043,2.6258835792541504,3.2991714477539062,-21.514972686767578,5.861537933349609,13.80016040802002
1781548264388574,195991056,-0.6122809052467346,-0.460699200630188,0.3501424193382263,-0.5387661457061768,9.1572847366333,2.0941150188446045,3.2229559421539307,-35.763771057128906,3.0476386547088623,13.191804885864258
1781548264389655,196007723,-0.6138712167739868,-0.45661160349845886,0.3536314070224762,-0.5381571054458618,9.165523529052734,1.5903071165084839,3.0630507469177246,-36.25746536254883,2.5144824981689453,12.970563888549805
1781548264419535,196024390,-0.6145144701004028,-0.4535350203514099,0.3561479151248932,-0.5383649468421936,9.05846118927002,1.2909637689590454,3.0289080142974854,-23.432645797729492,3.1402084827423096,14.411016464233398
1781548264424604,196041057,-0.6137169599533081,-0.4522295296192169,0.3574584722518921,-0.5395030975341797,9.018826484680176,1.2566900253295898,3.077104091644287,-4.715327739715576,1.0526764392852783,15.57679271697998
1781548264448074,196057724,-0.6122082471847534,-0.4522196352481842,0.35786208510398865,-0.5409559607505798,9.112083435058594,1.4572768211364746,3.3015973567962646,7.099621295928955,-0.69468092918396,13.538300514221191
1781548264478532,196074391,-0.6112000346183777,-0.45226457715034485,0.35834211111068726,-0.541740357875824,9.196892738342285,1.608851671218872,3.4472599029541016,3.8461384773254395,-2.067265510559082,8.965082168579102
1781548264479565,196091058,-0.6106424927711487,-0.4522290527820587,0.359201043844223,-0.5418298244476318,9.259353637695312,1.5523710250854492,3.4070491790771484,-1.0174133777618408,-4.410725116729736,5.74216890335083
1781548264508579,196107725,-0.6100558638572693,-0.4524196982383728,0.35990166664123535,-0.5418667197227478,9.306133270263672,1.4780491590499878,3.3228843212127686,0.4828698933124542,-4.824011325836182,4.579647541046143
1781548264509978,196124392,-0.6089613437652588,-0.4530911147594452,0.360109806060791,-0.5423979759216309,9.254600524902344,1.4844856262207031,3.3027665615081787,7.137537956237793,-4.268126964569092,5.823439598083496
1781548264538506,196141059,-0.6072114109992981,-0.454192191362381,0.3597625494003296,-0.5436680912971497,9.231656074523926,1.6007198095321655,3.4144296646118164,14.879374504089355,-2.8658716678619385,8.567667007446289
1781548264539785,196157726,-0.6048989295959473,-0.4558540880680084,0.3587852716445923,-0.545497715473175,9.231415748596191,1.9270256757736206,3.489619731903076,22.715482711791992,-1.976753830909729,9.650891304016113
1781548264568743,196174393,-0.6029132008552551,-0.4570196866989136,0.35820966958999634,-0.5470965504646301,9.345484733581543,2.242445230484009,3.540553569793701,17.55224609375,-1.7029266357421875,9.949991226196289
1781548264570299,196191060,-0.6018219590187073,-0.45677486062049866,0.35852545499801636,-0.5482944846153259,9.518584251403809,2.334533214569092,3.489471197128296,4.553510665893555,0.8499769568443298,11.198189735412598
1781548264598597,196207727,-0.6015221476554871,-0.45501509308815,0.35959434509277344,-0.5493854880332947,9.553174018859863,2.300600051879883,3.4249846935272217,-7.302929878234863,5.059530735015869,13.87282943725586
1781548264629789,196224394,-0.6018588542938232,-0.4518682062625885,0.3614501953125,-0.5503952503204346,9.43713092803955,2.162811517715454,3.371164083480835,-18.20435905456543,8.363981246948242,17.02474594116211
1781548264630951,196241061,-0.602779746055603,-0.4475932717323303,0.364429235458374,-0.5509157776832581,9.34963321685791,1.8126580715179443,3.4293265342712402,-30.154661178588867,7.916672706604004,19.082834243774414
1781548264658414,196257728,-0.6043741106987,-0.4423230290412903,0.3680294156074524,-0.5510326027870178,9.415569305419922,1.3333954811096191,3.3848063945770264,-39.716278076171875,9.5573148727417,19.26525115966797
1781548264659370,196274395,-0.6056431531906128,-0.4380006492137909,0.37058526277542114,-0.5513788461685181,9.425335884094238,1.0071994066238403,3.196866512298584,-30.251300811767578,10.180688858032227,15.875748634338379
1781548264688535,196291062,-0.606306254863739,-0.4351262152194977,0.37214627861976624,-0.5518743991851807,9.284844398498535,0.8372621536254883,3.1118123531341553,-18.2458553314209,7.7388715744018555,12.10874080657959
1781548264689523,196307729,-0.6064130067825317,-0.4336048364639282,0.37299689650535583,-0.5523801445960999,9.084314346313477,0.7548272609710693,3.197748899459839,-8.218658447265625,4.174238681793213,8.674673080444336
1781548264717914,196324396,-0.6058871746063232,-0.43324097990989685,0.37346890568733215,-0.5529232621192932,9.023423194885254,0.7100173234939575,3.3194284439086914,0.026259420439600945,-0.1539323329925537,7.1345906257629395
1781548264720165,196341063,-0.6044520139694214,-0.4339643120765686,0.37343302369117737,-0.5539501309394836,9.084672927856445,0.8501963019371033,3.361764669418335,10.43734073638916,-3.0648813247680664,8.301855087280273
1781548264747977,196357730,-0.6026331782341003,-0.434996634721756,0.3730585277080536,-0.5553725361824036,9.188089370727539,1.029354214668274,3.4788248538970947,15.172090530395508,-2.639237880706787,9.602985382080078
1781548264778320,196374397,-0.6008779406547546,-0.4360158145427704,0.3725150227546692,-0.5568380951881409,9.309850692749023,1.2833606004714966,3.5234200954437256,15.683306694030762,-1.597017526626587,9.067244529724121
1781548264779666,196391064,-0.5995803475379944,-0.43672922253608704,0.37217363715171814,-0.5579050779342651,9.39439582824707,1.4928070306777954,3.548452138900757,11.252633094787598,-1.2840806245803833,7.058063983917236
1781548264810204,196407731,-0.599030613899231,-0.4366098642349243,0.3725650906562805,-0.5583277344703674,9.417577743530273,1.5099128484725952,3.5553643703460693,1.1142101287841797,-1.1323245763778687,5.864917755126953
1781548264810756,196424398,-0.5987604856491089,-0.4359961450099945,0.3733632564544678,-0.5585635900497437,9.442879676818848,1.4094630479812622,3.534923791885376,-3.799875020980835,-0.7536025643348694,6.5108323097229
1781548264839503,196441065,-0.5982389450073242,-0.43526217341423035,0.3740159869194031,-0.5592579245567322,9.410982131958008,1.3914653062820435,3.533261775970459,-1.8073608875274658,1.035963773727417,9.2358980178833
1781548264840529,196457732,-0.5977228283882141,-0.43390363454818726,0.37484538555145264,-0.5603088140487671,9.328346252441406,1.440047264099121,3.6237852573394775,-4.1545491218566895,3.7910218238830566,12.816816329956055
1781548264868638,196474399,-0.5977033972740173,-0.43143102526664734,0.3764704167842865,-0.561149001121521,9.236923217773438,1.3742018938064575,3.671314001083374,-13.8228759765625,5.464702606201172,15.282898902893066
1781548264872656,196491066,-0.598350465297699,-0.4279099106788635,0.37910667061805725,-0.5613806247711182,9.255366325378418,1.096369981765747,3.5768556594848633,-25.58504295349121,5.273998737335205,15.92478084564209
1781548264898642,196507733,-0.5991208553314209,-0.4245438575744629,0.3816917836666107,-0.5613629817962646,9.238089561462402,0.7543066740036011,3.4417190551757812,-25.764022827148438,4.473445415496826,13.868224143981934
1781548264928864,196524400,-0.5996267795562744,-0.4220575988292694,0.38364607095718384,-0.5613651275634766,9.189815521240234,0.4994089603424072,3.382270336151123,-18.880817413330078,3.0399186611175537,10.82028865814209
1781548264929432,196541067,-0.5995293259620667,-0.420754611492157,0.3848065733909607,-0.5616529583930969,9.148597717285156,0.37722575664520264,3.3526594638824463,-8.434021949768066,0.9838163256645203,8.902178764343262
1781548264958382,196557734,-0.5985592603683472,-0.4206867516040802,0.3851180076599121,-0.5625244379043579,9.166830062866211,0.4223225712776184,3.359726667404175,4.004898548126221,-0.9064463973045349,8.952645301818848
1781548264959845,196574401,-0.5969424843788147,-0.4213646650314331,0.38491329550743103,-0.5638735890388489,9.295310020446777,0.5919106602668762,3.4836018085479736,12.205850601196289,-1.9973313808441162,9.951855659484863
1781548264988579,196591068,-0.5952857136726379,-0.42185261845588684,0.38451409339904785,-0.565530002117157,9.470884323120117,0.8593860268592834,3.58320689201355,13.108728408813477,0.3217918872833252,11.307103157043457
1781548264989416,196607735,-0.5939556360244751,-0.42225316166877747,0.3841221332550049,-0.5668942332267761,9.421693801879883,1.081839919090271,3.598322629928589,11.002679824829102,0.647905707359314,9.093124389648438
1781548265018923,196624402,-0.5935168862342834,-0.42163729667663574,0.3849135637283325,-0.56727534532547,9.347211837768555,1.087382197380066,3.6944334506988525,-2.944718599319458,-0.7226753234863281,7.724721908569336
1781548265021359,196641069,-0.593926727771759,-0.42010316252708435,0.38660141825675964,-0.566836953163147,9.341882705688477,0.8469222784042358,3.619131565093994,-14.816766738891602,-0.9294856786727905,6.100507736206055
1781548265047980,196657736,-0.5942957401275635,-0.41869813203811646,0.38815808296203613,-0.5664258003234863,9.298686981201172,0.5594140291213989,3.4681484699249268,-13.587918281555176,-0.9273084402084351,5.648558139801025
1781548265078283,196674403,-0.593870997428894,-0.4182622730731964,0.3889090120792389,-0.5666778087615967,9.27031135559082,0.4678691327571869,3.40678071975708,-2.435511827468872,-1.6185433864593506,6.543859481811523
1781548265079647,196691070,-0.5928025245666504,-0.41838693618774414,0.3890213966369629,-0.5676266551017761,9.281415939331055,0.5837637186050415,3.5300650596618652,6.054927349090576,-0.9120685458183289,8.56114387512207
1781548265107833,196707737,-0.5916313529014587,-0.41845235228538513,0.38902419805526733,-0.5687972903251648,9.238093376159668,0.7924209833145142,3.5882792472839355,7.130098819732666,0.12827487289905548,9.709517478942871
1781548265109567,196724404,-0.5908380746841431,-0.4179428815841675,0.38969606161117554,-0.5695360898971558,9.18722152709961,0.8656327724456787,3.6722826957702637,-0.06743825972080231,-0.5763115286827087,9.937994003295898
1781548265138640,196741071,-0.5905991792678833,-0.41664931178092957,0.3912506699562073,-0.569665789604187,9.2015380859375,0.7411068081855774,3.635305404663086,-9.934595108032227,-1.3572689294815063,9.930927276611328
1781548265139530,196757738,-0.5905652046203613,-0.41511791944503784,0.39302530884742737,-0.5695973634719849,9.20265007019043,0.5190281867980957,3.5543506145477295,-12.881611824035645,-1.336061954498291,9.59375
1781548265168119,196774405,-0.590279757976532,-0.4140218198299408,0.39442697167396545,-0.5697221755981445,9.277326583862305,0.38080736994743347,3.5279898643493652,-8.41332721710205,-1.6547859907150269,9.122357368469238
1781548265170708,196791072,-0.5899644494056702,-0.4128319323062897,0.3955536186695099,-0.5701308846473694,9.426340103149414,0.3423122465610504,3.5318796634674072,-6.862375736236572,0.5560327172279358,9.863077163696289
1781548265228086,196807739,-0.5893166661262512,-0.41246601939201355,0.39571720361709595,-0.5709516406059265,9.370842933654785,0.4547237157821655,3.5117976665496826,2.3190195560455322,1.4979528188705444,7.863492012023926
1781548265229349,196824406,-0.5888099074363708,-0.41196921467781067,0.39628395438194275,-0.5714397430419922,9.300421714782715,0.5001811981201172,3.5992112159729004,-1.0982598066329956,-0.18163248896598816,7.461730003356934
1781548265230915,196841073,-0.5886305570602417,-0.4110501706600189,0.3974955379962921,-0.5714448690414429,9.31477165222168,0.3819693922996521,3.6096911430358887,-7.585727691650391,-1.6092721223831177,7.196344375610352
1781548265258367,196857740,-0.588584303855896,-0.4100567102432251,0.3987315595149994,-0.5713452100753784,9.371959686279297,0.2605825364589691,3.570402145385742,-8.644187927246094,-1.3482402563095093,6.522500514984131
1781548265259422,196874407,-0.588544487953186,-0.40919047594070435,0.3995596468448639,-0.5714287757873535,9.402813911437988,0.17843733727931976,3.5342559814453125,-6.043575286865234,0.3371208906173706,5.739148139953613
1781548265287966,196891074,-0.5883775353431702,-0.4086204171180725,0.3999800980091095,-0.5717144012451172,9.357244491577148,0.21784749627113342,3.510586738586426,-2.3306660652160645,1.0423152446746826,5.095641136169434
1781548265289955,196907741,-0.5880166292190552,-0.40848496556282043,0.4001919627189636,-0.5720342993736267,9.281764030456543,0.2265302985906601,3.4835238456726074,0.8865900635719299,-0.25976401567459106,4.215537071228027
1781548265318360,196924408,-0.5875906348228455,-0.4084875285625458,0.40050220489501953,-0.5722529292106628,9.288904190063477,0.2460905760526657,3.5205321311950684,0.9621603488922119,-1.6639803647994995,3.958667039871216
1781548265319704,196941075,-0.5871766209602356,-0.40851980447769165,0.4007222056388855,-0.5725008249282837,9.262382507324219,0.23787204921245575,3.53896427154541,1.4845056533813477,-1.3010740280151367,3.694509983062744
1781548265348476,196957742,-0.5865054130554199,-0.408787339925766,0.40077415108680725,-0.5729612708091736,9.30199146270752,0.24629835784435272,3.4603264331817627,4.40329122543335,-1.6597926616668701,4.444757461547852
1781548265378708,196974409,-0.5852695107460022,-0.40945836901664734,0.4002877175807953,-0.5740848183631897,9.481659889221191,0.36687687039375305,3.380472421646118,11.565631866455078,-0.7710707187652588,6.718209266662598
1781548265379563,196991076,-0.5832392573356628,-0.4106840491294861,0.39863699674606323,-0.5764196515083313,9.466928482055664,0.7414554953575134,3.5207202434539795,23.962932586669922,2.9492642879486084,9.923491477966309
1781548265408605,197007743,-0.5812867879867554,-0.4111033082008362,0.3976030647754669,-0.5788020491600037,9.405316352844238,1.2121303081512451,3.8679451942443848,18.19455909729004,4.019286632537842,13.758994102478027
1781548265410837,197024410,-0.5805846452713013,-0.40896856784820557,0.39906346797943115,-0.5800127387046814,9.48902416229248,1.3092067241668701,3.8820996284484863,-8.676339149475098,4.319798469543457,18.133949279785156
1781548265438474,197041077,-0.5814319849014282,-0.4046165645122528,0.40288588404655457,-0.5795734524726868,9.578656196594238,0.8827490210533142,3.7935140132904053,-35.83108901977539,3.344391107559204,18.095149993896484
1781548265439700,197057744,-0.5838053226470947,-0.39875584840774536,0.40809008479118347,-0.5776052474975586,9.568793296813965,0.13163676857948303,3.6174631118774414,-55.849788665771484,3.805957317352295,13.925537109375
1781548265469378,197074411,-0.5868159532546997,-0.39282217621803284,0.41306212544441223,-0.5750806331634521,9.414022445678711,-0.7388451099395752,3.2685635089874268,-58.528602600097656,5.288940906524658,8.729934692382812
1781548265472042,197091078,-0.5887624621391296,-0.3894454538822174,0.4159499704837799,-0.5733034610748291,9.140721321105957,-1.3053889274597168,2.9951109886169434,-34.97442626953125,2.585376024246216,3.0609419345855713
1781548265498439,197107745,-0.5889004468917847,-0.38957467675209045,0.41643911600112915,-0.5727184414863586,9.011417388916016,-1.41194486618042,3.077718496322632,-3.0745224952697754,-3.503509283065796,-1.435450792312622
1781548265527956,197124412,-0.5877522826194763,-0.3922029435634613,0.4149365723133087,-0.573194682598114,9.058826446533203,-1.1610989570617676,3.3120627403259277,21.36983299255371,-6.119178771972656,-4.566291332244873
1781548265530076,197141079,-0.5856682658195496,-0.3965296149253845,0.41183167695999146,-0.5745883584022522,9.1433687210083,-0.6391081213951111,3.4649460315704346,39.68936538696289,-6.5328898429870605,-6.338027000427246
1781548265557811,197157746,-0.5832704305648804,-0.40122970938682556,0.4084070324897766,-0.5762066841125488,9.296412467956543,-0.0035382118076086044,3.5741028785705566,43.948760986328125,-6.9963884353637695,-6.122771739959717
1781548265559479,197174413,-0.5816100835800171,-0.40473198890686035,0.4058769941329956,-0.5772225260734558,9.423628807067871,0.4628441333770752,3.6488840579986572,31.87495231628418,-5.429810047149658,-5.629384994506836
1781548265588073,197191080,-0.581199049949646,-0.4065728485584259,0.4046265184879303,-0.5772207975387573,9.470355987548828,0.6498681306838989,3.6864492893218994,13.837087631225586,-3.298739433288574,-6.458631992340088
1781548265590614,197207747,-0.5817970037460327,-0.40725675225257874,0.4042993187904358,-0.5763649344444275,9.363058090209961,0.571380615234375,3.658626079559326,0.35285988450050354,-1.9771857261657715,-8.075456619262695
1781548265618059,197224414,-0.582840085029602,-0.40743017196655273,0.40432509779930115,-0.5751690864562988,9.2338285446167,0.3870452046394348,3.58011531829834,-5.279048442840576,-1.0811636447906494,-8.791229248046875
1781548265619950,197241081,-0.5837023854255676,-0.4077480733394623,0.4040701389312744,-0.5742477178573608,9.088849067687988,0.22087103128433228,3.4632768630981445,-2.3207414150238037,-0.2616337537765503,-8.16434383392334
1781548265648368,197257748,-0.5838596820831299,-0.4083563983440399,0.40342867374420166,-0.5741065740585327,9.019023895263672,0.20659451186656952,3.3880491256713867,4.514500617980957,0.37108319997787476,-4.1402411460876465
1781548265678163,197274415,-0.5828485488891602,-0.40968525409698486,0.4020204544067383,-0.5751741528511047,9.130343437194824,0.4074590504169464,3.3852295875549316,17.066471099853516,0.7580918669700623,1.1724417209625244
1781548265680239,197291082,-0.5811566710472107,-0.411197692155838,0.4002174437046051,-0.577061116695404,9.295473098754883,0.8418793678283691,3.541257619857788,23.54598617553711,2.040856122970581,5.529286861419678
1781548265708363,197307749,-0.5797137022018433,-0.4116725027561188,0.39934155344963074,-0.5787782669067383,9.4596529006958,1.2361721992492676,3.7150344848632812,14.549585342407227,2.657557249069214,9.340621948242188
1781548265710362,197324416,-0.5797295570373535,-0.40959954261779785,0.4007328450679779,-0.5792713761329651,9.597817420959473,1.2586325407028198,3.7675130367279053,-12.116559982299805,4.300190448760986,12.070527076721191
1781548265738078,197341083,-0.581405758857727,-0.4051271677017212,0.4042774736881256,-0.5782725811004639,9.647838592529297,0.7924865484237671,3.6110665798187256,-39.04400634765625,5.646283149719238,12.187396049499512
1781548265739868,197357750,-0.5841384530067444,-0.3996679186820984,0.4085063636302948,-0.5763422846794128,9.526556968688965,0.03186918795108795,3.2794392108917236,-51.24225997924805,7.176087856292725,8.913081169128418
1781548265769980,197374417,-0.5865704417228699,-0.3954450190067291,0.4117945432662964,-0.5744422674179077,9.22093391418457,-0.6361306309700012,3.0552430152893066,-41.637481689453125,5.29417085647583,4.16878080368042
1781548265770436,197391084,-0.5876818895339966,-0.3938259482383728,0.41355466842651367,-0.5731526613235474,9.068428993225098,-0.9865015745162964,3.0050501823425293,-19.78189468383789,-0.906281054019928,0.3182830810546875
1781548265798093,197407751,-0.5873236656188965,-0.39479437470436096,0.41363462805747986,-0.5727958083152771,9.089953422546387,-1.003362774848938,3.1139907836914062,3.9255762100219727,-5.966761589050293,-2.0293972492218018
1781548265828602,197424418,-0.5858293771743774,-0.39768603444099426,0.4122970402240753,-0.5732898712158203,9.235660552978516,-0.6860391497612,3.3243045806884766,22.778121948242188,-8.737369537353516,-3.4379360675811768
1781548265829725,197441085,-0.5840631127357483,-0.4010589122772217,0.4104424715042114,-0.5740725994110107,9.394187927246094,-0.22884899377822876,3.5559422969818115,28.317047119140625,-8.533050537109375,-3.9810068607330322
1781548265858527,197457752,-0.5828825235366821,-0.40381696820259094,0.4089384377002716,-0.5744124054908752,9.439456939697266,0.13139019906520844,3.672572612762451,21.599544525146484,-7.082398891448975,-5.370570182800293
1781548265859728,197474419,-0.5825622081756592,-0.4058418869972229,0.40792316198349,-0.5740318298339844,9.387947082519531,0.2770748734474182,3.679288864135742,12.317215919494629,-5.727746963500977,-8.236129760742188
1781548265888638,197491086,-0.5828888416290283,-0.4074295163154602,0.40724602341651917,-0.5730558037757874,9.29725170135498,0.296955406665802,3.674006938934326,5.756657123565674,-5.2033772468566895,-11.00403118133545
1781548265889692,197507753,-0.5833913683891296,-0.4087948799133301,0.4067261815071106,-0.5719397068023682,9.298796653747559,0.25415006279945374,3.709089517593384,3.3609702587127686,-4.858104228973389,-11.19475269317627
1781548265917936,197524420,-0.583556056022644,-0.41011178493499756,0.4059925675392151,-0.5713497996330261,9.40407943725586,0.27883973717689514,3.6393227577209473,6.42815637588501,-3.276031970977783,-8.221590042114258
1781548265919663,197541087,-0.583319365978241,-0.4112555682659149,0.40484145283699036,-0.5715863704681396,9.517134666442871,0.4426526725292206,3.6171677112579346,10.812938690185547,0.28768840432167053,-4.022067070007324
1781548265948072,197557754,-0.582939624786377,-0.41188839077949524,0.4036034941673279,-0.572393000125885,9.542704582214355,0.6995015740394592,3.591024398803711,11.095882415771484,3.8587021827697754,0.0030287031549960375
1781548265978774,197574421,-0.5828946828842163,-0.41156625747680664,0.4029132127761841,-0.5731561779975891,9.568203926086426,0.8958297371864319,3.6069772243499756,4.04329252243042,6.227069854736328,2.712494373321533
1781548265980582,197591088,-0.5836397409439087,-0.40995001792907715,0.4033040702342987,-0.573281466960907,9.559011459350586,0.8633123636245728,3.5789613723754883,-9.405257225036621,7.376698970794678,3.6886215209960938
1781548266008786,197607755,-0.5852099657058716,-0.40716519951820374,0.40463942289352417,-0.5727242231369019,9.465737342834473,0.5982089638710022,3.425595760345459,-22.035430908203125,8.55727767944336,3.6011464595794678
1781548266010029,197624422,-0.5870264768600464,-0.40404701232910156,0.4064856469631195,-0.5717654228210449,9.326299667358398,0.1929054707288742,3.2912373542785645,-27.196155548095703,7.374820232391357,3.3727731704711914
1781548266040576,197641089,-0.5882981419563293,-0.40176695585250854,0.40804192423820496,-0.5709556937217712,9.334732055664062,-0.14472810924053192,3.113943099975586,-20.743282318115234,4.1422648429870605,2.968177318572998
1781548266040990,197657756,-0.5886391401290894,-0.4009696841239929,0.4085893929004669,-0.570773184299469,9.343998908996582,-0.27872994542121887,2.99381947517395,-6.455412864685059,1.5239238739013672,2.211202383041382
1781548266068505,197674423,-0.5881195664405823,-0.4018296003341675,0.40797868371009827,-0.5711408257484436,9.301630020141602,-0.17762818932533264,3.1285059452056885,8.714395523071289,-1.1926683187484741,-0.03369351103901863
1781548266069569,197691090,-0.5872322916984558,-0.4036530554294586,0.40691429376602173,-0.5715271234512329,9.245382308959961,0.07540897279977798,3.287461757659912,15.46070384979248,-4.1208953857421875,-2.470385789871216
1781548266098065,197707757,-0.5862773656845093,-0.4058043658733368,0.4060823917388916,-0.571575939655304,9.234393119812012,0.277073472738266,3.427635908126831,15.113511085510254,-7.473382949829102,-3.8398854732513428
1781548266128430,197724424,-0.5853699445724487,-0.4078172743320465,0.4056180417537689,-0.5714030265808105,9.380120277404785,0.4079221189022064,3.4733169078826904,12.360438346862793,-8.896886825561523,-3.507432222366333
1781548266129988,197741091,-0.5846540331840515,-0.4093378782272339,0.4053942859172821,-0.5712075233459473,9.462111473083496,0.5311635136604309,3.538200616836548,8.833829879760742,-7.460495471954346,-2.302659034729004
1781548266157916,197757758,-0.5843748450279236,-0.41008833050727844,0.4055996239185333,-0.5708088874816895,9.495659828186035,0.6007468700408936,3.5984768867492676,2.2573819160461426,-5.515233516693115,-1.4802987575531006
1781548266159897,197774425,-0.584684431552887,-0.4098827838897705,0.40647807717323303,-0.5700139403343201,9.474028587341309,0.50947505235672,3.64859676361084,-6.990231990814209,-3.943498134613037,-0.8186972737312317
1781548266189052,197791092,-0.5854337215423584,-0.40893837809562683,0.4077272117137909,-0.5690302848815918,9.452669143676758,0.30803078413009644,3.543564796447754,-13.179878234863281,-1.8414899110794067,-0.19080190360546112
1781548266190780,197807759,-0.5859912037849426,-0.4080692231655121,0.4085206389427185,-0.5685110092163086,9.407272338867188,0.16373881697654724,3.4336137771606445,-9.253230094909668,0.46627289056777954,0.9369832873344421
1781548266217950,197824426,-0.5861276388168335,-0.4075101912021637,0.4086720943450928,-0.5686624050140381,9.356534957885742,0.17876242101192474,3.4826550483703613,-2.4287500381469727,2.5395312309265137,2.6129629611968994
1781548266220024,197841093,-0.586086630821228,-0.40692242980003357,0.4086589813232422,-0.5691352486610413,9.352424621582031,0.26860976219177246,3.523332357406616,-0.5011764764785767,3.71692156791687,4.2206597328186035
1781548266248681,197857760,-0.5861279964447021,-0.4060273766517639,0.4087526202201843,-0.5696641206741333,9.395768165588379,0.31895002722740173,3.4699201583862305,-2.230213165283203,4.876473426818848,5.28725004196167
1781548266278065,197874427,-0.5862457752227783,-0.40502530336380005,0.4089750349521637,-0.5700965523719788,9.435796737670898,0.3211454749107361,3.3892080783843994,-3.6507067680358887,4.7223100662231445,5.2592549324035645
1781548266279848,197891094,-0.5865982174873352,-0.4038117825984955,0.4093702733516693,-0.5703111290931702,9.471879959106445,0.2601369619369507,3.3558273315429688,-6.445898532867432,4.9079766273498535,4.537630081176758
1781548266307826,197907761,-0.586944580078125,-0.40281930565834045,0.40971723198890686,-0.5704074501991272,9.462831497192383,0.158563494682312,3.2538726329803467,-5.681640625,3.8908066749572754,3.328787088394165
1781548266309932,197924428,-0.5869971513748169,-0.40232497453689575,0.40996208786964417,-0.5705262422561646,9.455105781555176,0.10619198530912399,3.1885411739349365,-2.3940064907073975,1.584305763244629,2.885162115097046
1781548266338369,197941095,-0.5867581367492676,-0.40227144956588745,0.41000252962112427,-0.5707808136940002,9.503061294555664,0.1120905727148056,3.2236547470092773,1.3762024641036987,0.23370951414108276,2.768406629562378
1781548266340493,197957762,-0.5863017439842224,-0.40258410573005676,0.4097388982772827,-0.5712186694145203,9.461029052734375,0.19685345888137817,3.2506582736968994,5.164973735809326,-0.08178135007619858,2.488497734069824
1781548266368639,197974429,-0.5858044028282166,-0.40289193391799927,0.40962541103363037,-0.5715929865837097,9.41788101196289,0.2707335352897644,3.355165481567383,4.489619255065918,-0.9595416188240051,2.822488307952881
1781548266370560,197991096,-0.5853835344314575,-0.40303993225097656,0.409728467464447,-0.5718459486961365,9.44035816192627,0.2992720603942871,3.3587539196014404,2.440614938735962,-1.3237794637680054,3.082597494125366
1781548266398213,198007763,-0.5849555730819702,-0.4031555950641632,0.4099004566669464,-0.5720790028572083,9.415552139282227,0.3537001609802246,3.394493579864502,2.0031628608703613,-1.5491840839385986,3.3132522106170654
1781548266429613,198024430,-0.5848281383514404,-0.40283316373825073,0.41034141182899475,-0.5721203684806824,9.303062438964844,0.3438754677772522,3.488013744354248,-2.1898605823516846,-0.59183269739151,3.34065842628479
1781548266431696,198041097,-0.5849288702011108,-0.40212875604629517,0.4112211763858795,-0.5718813538551331,9.279095649719238,0.24388399720191956,3.467986822128296,-6.87496280670166,-0.9870240092277527,3.609604835510254
1781548266458552,198057764,-0.5849859118461609,-0.4013603925704956,0.41207021474838257,-0.5717514157295227,9.268575668334961,0.09993920475244522,3.3750598430633545,-6.581582069396973,-0.43460920453071594,4.3160929679870605
1781548266459678,198074431,-0.5848669409751892,-0.40076375007629395,0.4126904606819153,-0.5718444585800171,9.24673843383789,0.02941821701824665,3.3909215927124023,-3.875521421432495,-0.07230465859174728,4.78593111038208
1781548266488449,198091098,-0.5846521854400635,-0.40026071667671204,0.41324159502983093,-0.5720182061195374,9.247621536254883,-0.022397521883249283,3.3495497703552246,-2.7339766025543213,-0.21172739565372467,5.031506538391113
1781548266489677,198107765,-0.5841853022575378,-0.40010884404182434,0.41333314776420593,-0.5725351572036743,9.208853721618652,-0.01568324863910675,3.3562166690826416,2.1540603637695312,0.48254966735839844,5.140552520751953
1781548266517892,198124432,-0.5833867192268372,-0.4003658592700958,0.4130341112613678,-0.5733849406242371,9.164018630981445,0.09848656505346298,3.4062721729278564,7.192605972290039,0.4148682653903961,5.546143531799316
1781548266519929,198141099,-0.5823561549186707,-0.4008071720600128,0.41284918785095215,-0.5742565393447876,9.330038070678711,0.23614123463630676,3.3951451778411865,8.18238353729248,-1.3681285381317139,6.339484691619873
1781548266548006,198157766,-0.5812913775444031,-0.40101221203804016,0.4130295515060425,-0.5750621557235718,9.663816452026367,0.3520858585834503,3.372800588607788,5.700665473937988,-2.176926374435425,7.88817024230957
1781548266578754,198174433,-0.580639660358429,-0.4004644751548767,0.41358399391174316,-0.5757032632827759,9.811800003051758,0.40636390447616577,3.4377517700195312,-0.39327022433280945,0.024120759218931198,8.766465187072754
1781548266579640,198191100,-0.5810880064964294,-0.39839309453964233,0.4150278866291046,-0.575648844242096,9.726702690124512,0.23736882209777832,3.4834306240081787,-15.002884864807129,3.717411994934082,8.418512344360352
1781548266608431,198207767,-0.5821471214294434,-0.39564988017082214,0.4170142412185669,-0.5750349760055542,9.55186653137207,-0.15525145828723907,3.279384136199951,-23.105405807495117,4.419602394104004,7.1683759689331055
1781548266609335,198224434,-0.5828384160995483,-0.39375609159469604,0.4184611737728119,-0.5745832324028015,9.48308277130127,-0.4829484224319458,3.1971919536590576,-16.10589599609375,2.6072022914886475,5.36906099319458
1781548266637952,198241101,-0.583037257194519,-0.3930875360965729,0.4190344512462616,-0.5744214057922363,9.480566024780273,-0.6015050411224365,3.265685796737671,-5.577305793762207,0.6357904672622681,2.5848398208618164
1781548266640675,198257768,-0.5828073620796204,-0.39328253269195557,0.4189048707485199,-0.5746157169342041,9.440467834472656,-0.5866557955741882,3.3418829441070557,2.8447964191436768,-0.22914405167102814,1.3180104494094849
1781548266668854,198274435,-0.5822181105613708,-0.3942103087902069,0.4181972146034241,-0.5750925540924072,9.401437759399414,-0.47540557384490967,3.42474102973938,9.851114273071289,-1.078973650932312,0.1958155483007431
1781548266670882,198291102,-0.5814862251281738,-0.3954831659793854,0.4171435534954071,-0.575724184513092,9.453439712524414,-0.2593366503715515,3.4242665767669678,13.431547164916992,-1.0489561557769775,-0.5507631301879883
1781548266698197,198307769,-0.5808632969856262,-0.3966842591762543,0.41589808464050293,-0.5764272809028625,9.426884651184082,-0.06501931697130203,3.4620914459228516,13.81282901763916,0.5091615915298462,-1.0124835968017578
1781548266729375,198324436,-0.5805140733718872,-0.39752131700515747,0.4147906005382538,-0.5770001411437988,9.261425971984863,0.07658566534519196,3.609126091003418,10.693338394165039,1.828408122062683,-1.1997376680374146
1781548266730525,198341103,-0.5804578065872192,-0.3978046476840973,0.4142466187477112,-0.5772523283958435,9.157772064208984,0.12283872812986374,3.6714816093444824,4.532238006591797,1.7350236177444458,-0.5231009721755981
1781548266758561,198357770,-0.5804851651191711,-0.3976779580116272,0.41390666365623474,-0.5775559544563293,9.119928359985352,0.09857053309679031,3.624807357788086,2.0038673877716064,2.926231861114502,1.0773149728775024
1781548266760145,198374437,-0.5803378820419312,-0.3974463641643524,0.41336700320243835,-0.5782493948936462,9.13703441619873,0.1518326699733734,3.595676898956299,3.9656083583831787,4.708044052124023,3.079665422439575
1781548266789071,198391104,-0.5802658796310425,-0.3966909348964691,0.41295331716537476,-0.5791353583335876,9.193406105041504,0.24289287626743317,3.6137731075286865,1.715404748916626,7.028261184692383,5.381646156311035
1781548266790276,198407771,-0.5803939700126648,-0.39532676339149475,0.4130028486251831,-0.5799040198326111,9.213204383850098,0.3061838150024414,3.6270291805267334,-3.4367263317108154,7.85103178024292,7.10905647277832
1781548266818464,198424438,-0.580895721912384,-0.39326658844947815,0.4137886166572571,-0.5802420973777771,9.316123008728027,0.1900007426738739,3.6451797485351562,-11.387914657592773,7.579156398773193,7.878952980041504
1781548266820307,198441105,-0.5817526578903198,-0.3907897472381592,0.41492167115211487,-0.580247700214386,9.44054889678955,-0.0076913982629776,3.5352978706359863,-16.34438133239746,7.9655656814575195,7.258372783660889
1781548266848093,198457772,-0.5825307965278625,-0.3885268270969391,0.4159889221191406,-0.5802226066589355,9.437457084655762,-0.18810945749282837,3.4699766635894775,-15.102502822875977,7.067811965942383,6.663373947143555
1781548266878596,198474439,-0.5829931497573853,-0.38661062717437744,0.4168800115585327,-0.5803987979888916,9.434066772460938,-0.3477707803249359,3.416140556335449,-11.59063720703125,6.024924278259277,7.267589569091797
1781548266880186,198491106,-0.5828513503074646,-0.38557544350624084,0.41718611121177673,-0.5810092687606812,9.47202205657959,-0.362943172454834,3.4173927307128906,-2.874680757522583,4.276918888092041,7.3382134437561035
1781548266908292,198507773,-0.5824657678604126,-0.3850120007991791,0.4170328378677368,-0.5818789601325989,9.484476089477539,-0.2797733545303345,3.516871452331543,2.2406957149505615,4.221940517425537,6.77967643737793
1781548266910143,198524440,-0.5821549296379089,-0.3846147656440735,0.41684281826019287,-0.5825886726379395,9.422390937805176,-0.18293443322181702,3.575748920440674,2.395242214202881,3.4950644969940186,5.266336441040039
1781548266938589,198541107,-0.5822699069976807,-0.38387927412986755,0.4170300364494324,-0.5828247666358948,9.285736083984375,-0.18971282243728638,3.6293907165527344,-2.9523632526397705,3.3078739643096924,3.6321046352386475
1781548266940314,198557774,-0.5827147364616394,-0.3829912841320038,0.4176180958747864,-0.5825430750846863,9.134726524353027,-0.33671441674232483,3.5953097343444824,-7.524256706237793,1.8932334184646606,1.7333459854125977
1781548266969075,198574441,-0.5831306576728821,-0.38239577412605286,0.4183509349822998,-0.5819920897483826,9.131279945373535,-0.5104532241821289,3.570624828338623,-7.6297807693481445,-0.6501016616821289,0.31122633814811707
1781548266970693,198591108,-0.5832489728927612,-0.38235175609588623,0.41883599758148193,-0.58155357837677,9.262064933776855,-0.5861480832099915,3.5386807918548584,-3.321070432662964,-2.4242801666259766,-0.2846851348876953
1781548266998460,198607775,-0.5829594135284424,-0.3830369710922241,0.4184414744377136,-0.5816768407821655,9.269902229309082,-0.5549105405807495,3.524038314819336,5.810170650482178,-1.5105088949203491,-0.814202070236206
1781548267031640,198624442,-0.5823962688446045,-0.3843163251876831,0.4173279404640198,-0.5821968913078308,9.173158645629883,-0.3647795021533966,3.66214919090271,12.929034233093262,-0.7463927865028381,-1.7324436902999878
1781548267032240,198641109,-0.5818429589271545,-0.3854171335697174,0.41617244482040405,-0.5828491449356079,9.174952507019043,-0.14759880304336548,3.704232931137085,12.735516548156738,0.5132851004600525,-0.8408653140068054
1781548267059079,198657776,-0.5814274549484253,-0.3861418068408966,0.4152221381664276,-0.5834617018699646,9.134567260742188,0.044691428542137146,3.762938976287842,9.929900169372559,1.4891163110733032,0.06804656237363815
1781548267060520,198674443,-0.5814746022224426,-0.38593587279319763,0.41507887840270996,-0.5836527943611145,9.115171432495117,0.08677095174789429,3.823150396347046,0.5404215455055237,2.1976141929626465,1.3272948265075684
1781548267088554,198691110,-0.5819383859634399,-0.3849251866340637,0.4156026840209961,-0.5834852457046509,9.163518905639648,-0.034641869366168976,3.7916014194488525,-7.482418537139893,2.9973971843719482,2.288860321044922
1781548267090308,198707777,-0.5823395252227783,-0.38376083970069885,0.4162645936012268,-0.5833802223205566,9.262731552124023,-0.20938290655612946,3.5884439945220947,-8.30722427368164,3.0473036766052246,3.5950701236724854
1781548267118341,198724444,-0.5822910666465759,-0.3830350339412689,0.41651681065559387,-0.5837252140045166,9.412043571472168,-0.27735987305641174,3.4890191555023193,-2.4339234828948975,2.828660011291504,4.863345623016357
1781548267120796,198741111,-0.5817180871963501,-0.3828095495700836,0.4163908362388611,-0.5845339894294739,9.505288124084473,-0.20498551428318024,3.527949571609497,3.796257257461548,2.054683208465576,6.397407054901123
1781548267148107,198757778,-0.5808843374252319,-0.3828279972076416,0.41619420051574707,-0.5854900479316711,9.663808822631836,-0.06876570731401443,3.5896637439727783,6.1640753746032715,0.9984793066978455,7.150599479675293
1781548267178040,198774445,-0.5805952548980713,-0.38217198848724365,0.4163650870323181,-0.5860837697982788,9.774319648742676,-0.013501431792974472,3.626312494277954,-0.48013582825660706,2.8510591983795166,6.4078450202941895
1781548267180373,198791112,-0.5810067653656006,-0.3807625472545624,0.416908860206604,-0.5862065553665161,9.61691665649414,-0.12077184021472931,3.5838189125061035,-8.179725646972656,5.166128158569336,4.842382907867432
1781548267208791,198807779,-0.5816709995269775,-0.3792160451412201,0.41784486174583435,-0.5858837366104126,9.35685920715332,-0.35548627376556396,3.5084710121154785,-12.247540473937988,3.710648775100708,3.4635627269744873
1781548267210802,198824446,-0.5821296572685242,-0.37811723351478577,0.4187202453613281,-0.5855134725570679,9.259812355041504,-0.5904456973075867,3.4198479652404785,-9.813189506530762,1.43549644947052,2.6577606201171875
1781548267238560,198841113,-0.5819985866546631,-0.3779865503311157,0.4188224971294403,-0.5856550335884094,9.155214309692383,-0.6823053956031799,3.4378015995025635,0.18117785453796387,0.2657509744167328,2.2834041118621826
1781548267239941,198857780,-0.581360399723053,-0.37864476442337036,0.41833001375198364,-0.586215615272522,9.045251846313477,-0.5915514230728149,3.5998504161834717,8.257261276245117,-0.9021435379981995,2.1836814880371094
1781548267268232,198874447,-0.5807467699050903,-0.3794013261795044,0.41787296533584595,-0.5866602659225464,9.043636322021484,-0.48064151406288147,3.662069320678711,8.110128402709961,-1.6714849472045898,1.430975317955017
1781548267269715,198891114,-0.5804139971733093,-0.38006359338760376,0.41741475462913513,-0.5868872404098511,9.015366554260254,-0.43369215726852417,3.6832680702209473,6.380514144897461,-1.047136902809143,-0.30340805649757385
1781548267298485,198907781,-0.5803018808364868,-0.3808574080467224,0.41689401865005493,-0.5868533253669739,8.912150382995605,-0.39854854345321655,3.701385259628296,5.83241605758667,-1.3776047229766846,-2.775738000869751
1781548267327963,198924448,-0.5802462697029114,-0.38168248534202576,0.4165024757385254,-0.5866503715515137,8.873702049255371,-0.4029087722301483,3.697974443435669,4.803271770477295,-2.2997004985809326,-3.4293100833892822
1781548267329790,198941115,-0.580038845539093,-0.3825875520706177,0.4161122739315033,-0.5865429043769836,8.91919231414795,-0.3994138836860657,3.7226192951202393,5.788593292236328,-2.81134033203125,-2.6614673137664795
1781548267358681,198957782,-0.579434871673584,-0.3836410641670227,0.4156496524810791,-0.5867798328399658,9.057623863220215,-0.28763553500175476,3.762497663497925,8.70069408416748,-3.351102352142334,-0.30433017015457153
1781548267359691,198974449,-0.5787505507469177,-0.38450825214385986,0.415223091840744,-0.5871891975402832,9.227331161499023,-0.19672180712223053,3.7735767364501953,8.518536567687988,-2.5171914100646973,1.3346846103668213
1781548267388897,198991116,-0.5783780217170715,-0.38486242294311523,0.4151111841201782,-0.5874033570289612,9.320920944213867,-0.12839612364768982,3.827219247817993,3.8251092433929443,-1.3246760368347168,1.5953446626663208
1781548267390345,199007783,-0.5784109830856323,-0.3846607506275177,0.415422648191452,-0.5872827172279358,9.369338989257812,-0.1562149077653885,3.8158676624298096,-2.1234207153320312,-0.49209678173065186,1.3340181112289429
1781548267418842,199024450,-0.5786442756652832,-0.38423991203308105,0.4159393608570099,-0.5869627594947815,9.407301902770996,-0.24084945023059845,3.7931580543518066,-4.9230427742004395,-0.3787990212440491,0.9015094041824341
1781548267420321,199041117,-0.5788795948028564,-0.383803129196167,0.416484534740448,-0.5866298079490662,9.465678215026855,-0.31947317719459534,3.738687753677368,-5.143696308135986,-0.45659762620925903,0.9619938135147095
1781548267448107,199057784,-0.5789154171943665,-0.3835054337978363,0.41687139868736267,-0.5865142941474915,9.502593040466309,-0.35897836089134216,3.7187469005584717,-2.8027079105377197,-0.3851253390312195,1.8162283897399902
1781548267479112,199074451,-0.5787621140480042,-0.3833126127719879,0.41701894998550415,-0.5866867303848267,9.500792503356934,-0.3469929099082947,3.718144178390503,-0.09664951264858246,0.3614400029182434,2.793442487716675
1781548267480801,199091118,-0.5786803364753723,-0.3829418420791626,0.4170965850353241,-0.5869543552398682,9.496451377868652,-0.3453347384929657,3.7073497772216797,-0.4377979040145874,1.8137825727462769,3.2100207805633545
1781548267509187,199107785,-0.5785127282142639,-0.3827890455722809,0.4169676601886749,-0.5873106122016907,9.401972770690918,-0.2962714433670044,3.697286605834961,1.742835283279419,1.74269437789917,2.7400784492492676
1781548267511710,199124452,-0.5784220695495605,-0.3826031982898712,0.4170320928096771,-0.5874753594398499,9.342768669128418,-0.2713031470775604,3.757262706756592,0.07922648638486862,0.8242231607437134,2.2716095447540283
1781548267539063,199141119,-0.5786234736442566,-0.38207322359085083,0.41755855083465576,-0.5872477889060974,9.357261657714844,-0.3145442008972168,3.7783203125,-5.04925012588501,0.181715726852417,1.7338327169418335
1781548267540604,199157786,-0.5790026783943176,-0.3813004791736603,0.4182761609554291,-0.5868656635284424,9.371237754821777,-0.4601101279258728,3.635715961456299,-7.69727087020874,0.5058317184448242,1.599750280380249
1781548267569122,199174453,-0.5791119933128357,-0.38088852167129517,0.41856372356414795,-0.586820125579834,9.279800415039062,-0.5215039849281311,3.5791351795196533,-2.8500657081604004,0.8680079579353333,1.8639706373214722
1781548267571213,199191120,-0.5788177847862244,-0.3809533417224884,0.4183579385280609,-0.5872148871421814,9.19798755645752,-0.45769381523132324,3.6727449893951416,3.3627748489379883,0.9007794260978699,2.5814592838287354
1781548267597974,199207787,-0.5783525705337524,-0.38104188442230225,0.41811686754226685,-0.5877872705459595,9.194866180419922,-0.31749534606933594,3.7592451572418213,4.557427883148193,0.9186827540397644,3.8173744678497314
1781548267628773,199224454,-0.5783409476280212,-0.3805438280105591,0.4182097017765045,-0.5880553722381592,9.209185600280762,-0.24282890558242798,3.853330135345459,-1.1873279809951782,2.4681615829467773,3.3357532024383545
1781548267629706,199241121,-0.5790298581123352,-0.3792029619216919,0.4189571738243103,-0.5877114534378052,9.184028625488281,-0.3545553982257843,3.8166563510894775,-10.777572631835938,3.6855599880218506,2.2068614959716797
1781548267658300,199257788,-0.5799779891967773,-0.3777692914009094,0.4199036955833435,-0.5870240926742554,9.162110328674316,-0.573285698890686,3.64070200920105,-13.616823196411133,3.1192128658294678,0.5783031582832336
1781548267659180,199274455,-0.5806648135185242,-0.3770047426223755,0.42033132910728455,-0.5865301489830017,9.150331497192383,-0.7221179008483887,3.4697179794311523,-7.6168599128723145,2.235034942626953,-0.875967264175415
1781548267689010,199291122,-0.5806019306182861,-0.37738037109375,0.41992682218551636,-0.5866405367851257,9.121111869812012,-0.6780522465705872,3.487304210662842,3.979567050933838,0.35910922288894653,-0.8925384879112244
1781548267691005,199307789,-0.5800554752349854,-0.37834805250167847,0.41911423206329346,-0.5871389508247375,9.126056671142578,-0.4764696955680847,3.6173853874206543,10.364636421203613,-0.7882438898086548,-0.16141128540039062
1781548267718667,199324456,-0.5794540643692017,-0.3791755139827728,0.41845232248306274,-0.5876708030700684,9.180740356445312,-0.2980877459049225,3.666452407836914,9.436982154846191,-0.8945876955986023,0.9902704954147339
1781548267721339,199341123,-0.5789362192153931,-0.37982049584388733,0.4180747866630554,-0.5880330801010132,9.262994766235352,-0.20009981095790863,3.66019606590271,6.8546319007873535,-1.4923113584518433,1.243182897567749
1781548267748241,199357790,-0.578777551651001,-0.38006991147994995,0.4180099368095398,-0.5880743265151978,9.402410507202148,-0.15361155569553375,3.6155452728271484,2.1551358699798584,-0.9432644844055176,0.46789923310279846
1781548267778672,199374457,-0.5788037180900574,-0.3801104426383972,0.4181041419506073,-0.5879552960395813,9.402088165283203,-0.15943089127540588,3.566833972930908,-0.2629655599594116,-0.6194047331809998,0.0984744280576706
1781548267781150,199391124,-0.5788078904151917,-0.3801863193511963,0.41835159063339233,-0.5877259969711304,9.360623359680176,-0.20500105619430542,3.6071295738220215,-1.0016870498657227,-1.7226845026016235,0.04742831364274025
1781548267808953,199407791,-0.5789883136749268,-0.37993961572647095,0.4189927279949188,-0.587250828742981,9.359105110168457,-0.27601176500320435,3.648054361343384,-5.044113636016846,-2.1221017837524414,0.3141205310821533
1781548267809538,199424458,-0.5792414546012878,-0.37950482964515686,0.4197133183479309,-0.5867676734924316,9.346006393432617,-0.4006657004356384,3.5840775966644287,-6.326402187347412,-1.4896477460861206,0.7382158041000366
1781548267838938,199441125,-0.5792660713195801,-0.3794017732143402,0.4201788604259491,-0.5864769220352173,9.323765754699707,-0.4644586145877838,3.524265766143799,-2.8250293731689453,-1.9695268869400024,0.8036688566207886
1781548267840304,199457792,-0.5791786313056946,-0.37947192788124084,0.42038148641586304,-0.5863726735115051,9.269083976745605,-0.4702172875404358,3.5679430961608887,-0.24351273477077484,-1.4588992595672607,0.8119673728942871
1781548267868801,199474459,-0.5790850520133972,-0.37963852286338806,0.420538991689682,-0.5862444043159485,9.200952529907227,-0.4671781361103058,3.608471155166626,0.2681970000267029,-1.7478619813919067,0.3456113636493683
1781548267870991,199491126,-0.5790026187896729,-0.3799178898334503,0.4206768572330475,-0.5860456228256226,9.177873611450195,-0.5050674676895142,3.6234405040740967,0.5628967881202698,-2.276060104370117,-0.3583601117134094
1781548267898191,199507793,-0.5786693096160889,-0.38066595792770386,0.42039936780929565,-0.5860887765884399,9.249048233032227,-0.4797975718975067,3.6282269954681396,5.458302974700928,-2.6051316261291504,-0.8246263861656189
1781548267929272,199524460,-0.5781604647636414,-0.38162779808044434,0.4198216199874878,-0.5863792300224304,9.265569686889648,-0.3338087797164917,3.64953351020813,8.692780494689941,-2.1317968368530273,-0.537200927734375
1781548267931015,199541127,-0.5779375433921814,-0.38205450773239136,0.41966041922569275,-0.5864365100860596,9.302277565002441,-0.25044727325439453,3.752837896347046,3.46279239654541,-1.4166897535324097,0.020240439102053642
1781548267958080,199557794,-0.5780647993087769,-0.38182637095451355,0.41998350620269775,-0.5862285494804382,9.295000076293945,-0.26767104864120483,3.7119598388671875,-2.776942014694214,-0.38704630732536316,0.7172645330429077
1781548267960084,199574461,-0.5784680247306824,-0.3811902701854706,0.4205375015735626,-0.5858473777770996,9.243086814880371,-0.3768213391304016,3.6324989795684814,-6.553522109985352,0.6813939809799194,0.7006290555000305
1781548267988509,199591128,-0.5789183378219604,-0.38059642910957336,0.4210686683654785,-0.5854070782661438,9.238808631896973,-0.5032862424850464,3.572431802749634,-6.587279796600342,0.5820550918579102,0.09405624866485596
1781548267990471,199607795,-0.5790662169456482,-0.38046935200691223,0.42130202054977417,-0.5851753354072571,9.286391258239746,-0.5574394464492798,3.473031520843506,-2.1361377239227295,-0.4400518238544464,0.009905711747705936
1781548268020301,199624462,-0.5787138342857361,-0.38103199005126953,0.42087602615356445,-0.5854642391204834,9.329463005065918,-0.4968985319137573,3.5333802700042725,6.079833984375,-0.6772638559341431,0.3734651803970337
1781548268020782,199641129,-0.5781105160713196,-0.3817511200904846,0.42022940516471863,-0.5860562324523926,9.378007888793945,-0.2894231081008911,3.6706671714782715,9.124775886535645,-0.36115196347236633,1.5585651397705078
1781548268048198,199657796,-0.5777292847633362,-0.3820340633392334,0.42000845074653625,-0.5864060521125793,9.451287269592285,-0.14918425679206848,3.6863062381744385,4.392571926116943,-0.2891674041748047,2.0782978534698486
1781548268078748,199674463,-0.5778182148933411,-0.38159045577049255,0.4205482304096222,-0.5862202644348145,9.499996185302734,-0.20928770303726196,3.646850824356079,-4.341531753540039,-0.4308312237262726,2.152843475341797
1781548268081499,199691130,-0.5781164169311523,-0.380953311920166,0.4211850166320801,-0.5858834981918335,9.484286308288574,-0.3436845541000366,3.564815044403076,-6.48763370513916,0.1730586439371109,1.5227841138839722
1781548268109527,199707797,-0.5783801078796387,-0.380495548248291,0.4216417074203491,-0.5855922102928162,9.416872024536133,-0.42435193061828613,3.5454630851745605,-4.826892375946045,0.18503254652023315,0.8523585796356201
1781548268110998,199724464,-0.5786610841751099,-0.3800241947174072,0.4220982491970062,-0.5852915644645691,9.376786231994629,-0.4972042739391327,3.5407445430755615,-4.952765941619873,0.2657893896102905,0.784715473651886
1781548268138306,199741131,-0.5787554383277893,-0.3798360526561737,0.42233529686927795,-0.5851492285728455,9.330987930297852,-0.5446962118148804,3.5656638145446777,-1.9958698749542236,-0.1278201937675476,0.7693095207214355
1781548268140635,199757798,-0.5787954330444336,-0.3799111247062683,0.42230790853500366,-0.5850809216499329,9.258886337280273,-0.5475638508796692,3.60862135887146,0.4727272093296051,-0.09895467758178711,-0.17179718613624573
1781548268168192,199774465,-0.5790244340896606,-0.3800096809864044,0.42225316166877747,-0.5848297476768494,9.165620803833008,-0.5492219924926758,3.6341819763183594,-0.34825581312179565,-0.01367717981338501,-1.799740195274353
1781548268170097,199791132,-0.5793179273605347,-0.3802933692932129,0.4222000241279602,-0.5843928456306458,9.11329174041748,-0.6179531812667847,3.5702872276306152,-0.32583194971084595,-1.0630806684494019,-3.332237482070923
1781548268198202,199807799,-0.5794029235839844,-0.38101285696029663,0.4216841757297516,-0.5842124819755554,9.13855266571045,-0.5613409876823425,3.5575478076934814,4.559937477111816,-0.9052296280860901,-3.9472243785858154
1781548268228925,199824466,-0.5793014168739319,-0.38202735781669617,0.4206169843673706,-0.5844197869300842,9.04396915435791,-0.43160831928253174,3.620634078979492,9.561742782592773,0.5804800391197205,-3.9538724422454834
1781548268230506,199841133,-0.5792223215103149,-0.3829285502433777,0.4196990728378296,-0.5845683217048645,8.971782684326172,-0.29882681369781494,3.7037603855133057,8.281426429748535,0.3516176640987396,-3.5579123497009277
1781548268258809,199857800,-0.5794252753257751,-0.383440226316452,0.4194009304046631,-0.5842457413673401,9.127771377563477,-0.2394780069589615,3.69942569732666,2.137680768966675,-0.9777520298957825,-3.8122713565826416
1781548268261021,199874467,-0.5799967646598816,-0.38345038890838623,0.41960394382476807,-0.5835258364677429,9.450594902038574,-0.30421724915504456,3.531940460205078,-3.9908556938171387,-0.9444811344146729,-4.108405590057373
1781548268289474,199891134,-0.5802354216575623,-0.38384976983070374,0.4191952347755432,-0.5833196043968201,9.541613578796387,-0.27399951219558716,3.463310956954956,2.374880075454712,0.3273751437664032,-3.4594945907592773
1781548268291439,199907801,-0.5798472166061401,-0.3849696218967438,0.4179673492908478,-0.5838482975959778,9.467437744140625,-0.07005953788757324,3.6377062797546387,12.307927131652832,0.8396678566932678,-2.2519338130950928
1781548268318122,199924468,-0.5798279047012329,-0.3852591812610626,0.4172725975513458,-0.5841735005378723,9.404879570007324,0.08395613729953766,3.8778367042541504,5.295227527618408,2.5682690143585205,-0.7469432353973389
1781548268320597,199941135,-0.5806064009666443,-0.3840617835521698,0.4179173409938812,-0.5837278366088867,9.462484359741211,-0.0013203215785324574,3.8652122020721436,-10.337224960327148,3.447258949279785,0.7908371686935425
1781548268348136,199957802,-0.5818893313407898,-0.382320761680603,0.41899457573890686,-0.5828201174736023,9.527934074401855,-0.25778332352638245,3.6237664222717285,-16.902528762817383,4.131479263305664,-0.3736000061035156
1781548268378301,199974469,-0.5833277106285095,-0.3805948793888092,0.4199952781200409,-0.5817908048629761,9.461860656738281,-0.5413628220558167,3.412177801132202,-17.294349670410156,4.504848957061768,-1.7279624938964844
1781548268379870,199991136,-0.5843397974967957,-0.3796998858451843,0.42049139738082886,-0.5810012817382812,9.488924026489258,-0.7478688955307007,3.224383592605591,-10.135628700256348,2.6010665893554688,-2.781015396118164
1781548268408336,200007803,-0.5848033428192139,-0.3798743486404419,0.4199819266796112,-0.5807892084121704,9.378150939941406,-0.7537900805473328,3.351663112640381,1.278887152671814,2.291318893432617,-3.987795829772949
1781548268409752,200024470,-0.5849487781524658,-0.3805932402610779,0.4190421402454376,-0.5808507800102234,9.254721641540527,-0.6917040944099426,3.4740138053894043,6.807543754577637,1.6450080871582031,-4.313704967498779
1781548268438143,200041137,-0.5845397114753723,-0.38226133584976196,0.4173637926578522,-0.5813756585121155,9.221004486083984,-0.5845577716827393,3.4452929496765137,16.36052894592285,0.43935427069664,-4.904080867767334
1781548268440241,200057804,-0.5837650895118713,-0.3847847282886505,0.4148147404193878,-0.5823125839233398,9.198640823364258,-0.27576884627342224,3.507333278656006,25.422260284423828,0.5543562173843384,-6.529384136199951
1781548268469112,200074471,-0.5829492211341858,-0.3874537944793701,0.4122941493988037,-0.5831496715545654,9.234353065490723,0.0940186008810997,3.6394615173339844,25.717599868774414,-0.5242547988891602,-7.104852199554443
1781548268469696,200091138,-0.5826014280319214,-0.38929757475852966,0.41082116961479187,-0.58330899477005,9.331986427307129,0.2837737798690796,3.7471377849578857,15.040042877197266,-1.893446445465088,-6.566962242126465
1781548268498648,200107805,-0.5827583074569702,-0.39023274183273315,0.41023075580596924,-0.5829426050186157,9.461074829101562,0.27462875843048096,3.762813091278076,5.0257062911987305,-1.766111135482788,-5.767789363861084
1781548268529168,200124472,-0.5834851861000061,-0.3903512954711914,0.40996071696281433,-0.5823256969451904,9.516971588134766,0.15219087898731232,3.782500982284546,-1.7663289308547974,1.1588020324707031,-5.893137454986572
1781548268530560,200141139,-0.5849502682685852,-0.3894399404525757,0.4100039601325989,-0.581434965133667,9.348604202270508,-0.04485008493065834,3.7403182983398438,-9.9043607711792,5.371325492858887,-6.202016830444336
1781548268558938,200157806,-0.5868083238601685,-0.3881629407405853,0.41012489795684814,-0.5803303718566895,9.092256546020508,-0.3387724459171295,3.6080949306488037,-13.341680526733398,7.054774284362793,-7.394611358642578
1781548268560045,200174473,-0.5882093906402588,-0.38771525025367737,0.4097602069377899,-0.5794682502746582,8.916263580322266,-0.5284458994865417,3.4788103103637695,-6.1551055908203125,5.0644073486328125,-8.228185653686523
1781548268589352,200191140,-0.5889487266540527,-0.38853245973587036,0.40847867727279663,-0.5790744423866272,8.871716499328613,-0.5461583733558655,3.4904356002807617,5.696900367736816,3.1165354251861572,-9.70641040802002
1781548268590840,200207807,-0.5892707705497742,-0.3903641700744629,0.4065674841403961,-0.5788601636886597,8.975531578063965,-0.43308505415916443,3.5601537227630615,13.931731224060059,0.9348838329315186,-11.84919261932373
1781548268618562,200224474,-0.58933424949646,-0.3928670585155487,0.4044640064239502,-0.5785754919052124,9.277678489685059,-0.27475035190582275,3.48858904838562,17.913816452026367,-1.8690515756607056,-13.498120307922363
1781548268619355,200241141,-0.5892866253852844,-0.3958356976509094,0.4018326699733734,-0.5784339904785156,9.488964080810547,-0.06856855750083923,3.5086724758148193,22.598752975463867,-1.5046348571777344,-15.197797775268555
1781548268648040,200257808,-0.5896086096763611,-0.39863452315330505,0.39902645349502563,-0.5781265497207642,9.361549377441406,0.12454674392938614,3.6299290657043457,21.142040252685547,0.44960010051727295,-17.346466064453125
1781548268679106,200274475,-0.5901627540588379,-0.4014365077018738,0.3966153562068939,-0.5772808194160461,9.158406257629395,0.24016205966472626,3.644676923751831,17.472366333007812,-2.002918004989624,-19.37626075744629
1781548268679640,200291142,-0.5905060172080994,-0.4047681987285614,0.39447537064552307,-0.5760684013366699,9.164373397827148,0.2779814600944519,3.588672399520874,18.127290725708008,-6.792109489440918,-20.723957061767578
1781548268708567,200307809,-0.5906820297241211,-0.4084172248840332,0.3921735882759094,-0.5748829245567322,9.22948932647705,0.3115132749080658,3.6073801517486572,20.5931339263916,-7.771814346313477,-21.263273239135742
1781548268710411,200324476,-0.5906535983085632,-0.4122013747692108,0.389434278011322,-0.5740727186203003,9.187874794006348,0.43635961413383484,3.6143460273742676,24.459228515625,-6.026025295257568,-20.5235595703125
1781548268738767,200341143,-0.5904102325439453,-0.41597500443458557,0.3866007924079895,-0.5735160112380981,9.10302448272705,0.6474782228469849,3.6504392623901367,26.08171844482422,-5.4585862159729,-18.882301330566406
1781548268740447,200357810,-0.5904018878936768,-0.4191014766693115,0.3844429850578308,-0.5726982951164246,9.139456748962402,0.7953975796699524,3.764087200164795,19.402570724487305,-5.771862506866455,-17.223520278930664
1781548268768602,200374477,-0.5907434225082397,-0.4215449094772339,0.38290613889694214,-0.5715813040733337,9.307516098022461,0.8039761781692505,3.7102503776550293,12.404192924499512,-5.540189266204834,-16.2143611907959
1781548268770130,200391144,-0.5912172198295593,-0.42377927899360657,0.3814866244792938,-0.5703870058059692,9.563204765319824,0.761102020740509,3.687941789627075,10.457262992858887,-5.074753761291504,-16.176490783691406
1781548268798103,200407811,-0.5917840600013733,-0.4259825050830841,0.3797329068183899,-0.5693272352218628,9.684578895568848,0.800133466720581,3.7027699947357178,11.64086627960205,-2.9636623859405518,-16.917226791381836
1781548268829423,200424478,-0.5925897359848022,-0.4278278946876526,0.37793630361557007,-0.5683001279830933,9.620991706848145,0.8455421328544617,3.721283197402954,9.788681030273438,-0.6663281321525574,-16.89147186279297
1781548268831083,200441145,-0.5935811400413513,-0.4293693006038666,0.37635353207588196,-0.5671520829200745,9.528289794921875,0.9026081562042236,3.728473663330078,7.415339469909668,-0.17627958953380585,-16.481674194335938
1781548268858485,200457812,-0.5944822430610657,-0.43088486790657043,0.37480422854423523,-0.5660840272903442,9.507763862609863,0.9243494868278503,3.697868824005127,7.175642490386963,-0.24973690509796143,-15.81553840637207
1781548268859404,200474479,-0.5952871441841125,-0.43244433403015137,0.3729199171066284,-0.5652929544448853,9.392790794372559,1.0285125970840454,3.730217695236206,9.623374938964844,1.5179319381713867,-15.427326202392578
1781548268888847,200491146,-0.5963127017021179,-0.4336947500705719,0.3711523711681366,-0.5644167065620422,9.209714889526367,1.1526378393173218,3.771780014038086,7.036014080047607,2.5535693168640137,-15.491215705871582
1781548268890440,200507813,-0.5978724956512451,-0.43427813053131104,0.3701052963733673,-0.5630037188529968,9.134661674499512,1.1253185272216797,3.712082862854004,-1.4697989225387573,1.9492626190185547,-15.919740676879883
1781548268918858,200524480,-0.5997797250747681,-0.43443453311920166,0.36932510137557983,-0.5613644123077393,9.151856422424316,0.9761382341384888,3.6009457111358643,-5.824347019195557,2.7180161476135254,-16.293561935424805
1781548268919848,200541147,-0.6013463735580444,-0.4350360333919525,0.3681035339832306,-0.5600231289863586,9.162371635437012,0.8884212970733643,3.527158737182617,-0.5504429936408997,2.840418815612793,-16.213621139526367
1781548268948130,200557814,-0.6020037531852722,-0.43673598766326904,0.3659043312072754,-0.5594347715377808,9.15276050567627,1.0139966011047363,3.5263211727142334,12.564537048339844,2.6263997554779053,-15.235236167907715
1781548268978515,200574481,-0.6021050810813904,-0.43924233317375183,0.36301228404045105,-0.5592477917671204,9.155993461608887,1.301109790802002,3.65639066696167,21.06026268005371,2.175374984741211,-15.615880012512207
1781548268980509,200591148,-0.6024758219718933,-0.4414653778076172,0.36067965626716614,-0.5586066842079163,9.186957359313965,1.5250509977340698,3.7265310287475586,15.784975051879883,0.2495257556438446,-16.135709762573242
1781548269008684,200607815,-0.6036518812179565,-0.44257375597953796,0.3596585988998413,-0.5571163892745972,9.31715202331543,1.5374298095703125,3.7021942138671875,1.5086725950241089,-1.493375539779663,-16.028160095214844
1781548269010110,200624482,-0.6054525375366211,-0.4428558051586151,0.3594922423362732,-0.5550419688224792,9.512898445129395,1.3475587368011475,3.5969886779785156,-8.190361976623535,-2.0590713024139404,-16.068925857543945
1781548269038002,200641149,-0.607042670249939,-0.44371873140335083,0.3585565984249115,-0.5532180070877075,9.61270809173584,1.238237977027893,3.444708824157715,-1.6978164911270142,-0.8477301001548767,-18.0473690032959
1781548269040039,200657816,-0.6079973578453064,-0.44582223892211914,0.35639241337776184,-0.5518753528594971,9.539942741394043,1.3832141160964966,3.4359192848205566,11.03756332397461,-0.5730211734771729,-20.518526077270508
1781548269068322,200674483,-0.6089763045310974,-0.44824379682540894,0.35423702001571655,-0.5502196550369263,9.505660057067871,1.5677837133407593,3.4979348182678223,11.595209121704102,-2.700660467147827,-22.632816314697266
1781548269069798,200691150,-0.6100344657897949,-0.45050299167633057,0.3522690236568451,-0.5484631061553955,9.428466796875,1.6679571866989136,3.4417436122894287,9.74734878540039,-2.9837443828582764,-22.37036895751953
1781548269098103,200707817,-0.6110708713531494,-0.45260193943977356,0.350284606218338,-0.5468498468399048,9.217333793640137,1.7563488483428955,3.5517807006835938,9.561284065246582,-1.9173063039779663,-21.346281051635742
1781548269128027,200724484,-0.6120209097862244,-0.45461633801460266,0.3483482301235199,-0.5453513860702515,8.964822769165039,1.8584635257720947,3.630704641342163,9.553277015686035,-1.6553899049758911,-20.19363784790039
1781548269132561,200741151,-0.6126044988632202,-0.4569990336894989,0.3463471233844757,-0.5439777374267578,8.872780799865723,2.026597261428833,3.622347593307495,12.782855033874512,-3.2532546520233154,-19.38105010986328
1781548269159375,200757818,-0.6128449440002441,-0.45978084206581116,0.34395653009414673,-0.542878270149231,8.843921661376953,2.2400729656219482,3.5107457637786865,17.646942138671875,-3.0621590614318848,-19.11783790588379
1781548269160446,200774485,-0.6133406758308411,-0.461965948343277,0.34207072854042053,-0.5416533946990967,8.733009338378906,2.4051692485809326,3.5148797035217285,12.153430938720703,-2.7528064250946045,-17.58893394470215
1781548269188517,200791152,-0.614714503288269,-0.4624798595905304,0.34194856882095337,-0.5397312641143799,8.809727668762207,2.3191518783569336,3.550999879837036,-5.889030933380127,-4.11636209487915,-14.265800476074219
1781548269190240,200807819,-0.6166775226593018,-0.4617447257041931,0.34281542897224426,-0.5375673174858093,8.981643676757812,1.982735276222229,3.430945873260498,-17.281539916992188,-3.046071767807007,-11.39331340789795
1781548269218504,200824486,-0.6183661222457886,-0.46135103702545166,0.34310969710350037,-0.5357746481895447,8.963814735412598,1.7303731441497803,3.329411745071411,-11.97065544128418,-1.3480743169784546,-11.42737102508545
1781548269220623,200841153,-0.6192359924316406,-0.4623159170150757,0.3422291576862335,-0.534500002861023,8.899933815002441,1.7748650312423706,3.2204508781433105,1.95172119140625,-1.646321415901184,-13.141092300415039
1781548269248120,200857820,-0.6192848086357117,-0.4649081826210022,0.3403600752353668,-0.5333872437477112,8.85299015045166,2.0287017822265625,3.2235169410705566,15.504145622253418,-4.8352131843566895,-16.40629768371582
1781548269278434,200874487,-0.6190864443778992,-0.46805641055107117,0.33861681818962097,-0.53197181224823,8.920172691345215,2.286343812942505,3.381659507751465,17.494548797607422,-8.95452880859375,-17.686368942260742
1781548269279818,200891154,-0.6189562678337097,-0.470989853143692,0.33730757236480713,-0.5303636193275452,9.14886474609375,2.499089002609253,3.5162622928619385,14.323735237121582,-10.478139877319336,-16.85928726196289
1781548269308808,200907821,-0.6192222237586975,-0.4730881452560425,0.33656230568885803,-0.5286563038825989,9.315710067749023,2.567274570465088,3.4285032749176025,7.200232028961182,-9.235708236694336,-14.96325397491455
1781548269310271,200924488,-0.6197667121887207,-0.47430089116096497,0.3364965319633484,-0.5269709229469299,9.347367286682129,2.45292592048645,3.2864363193511963,0.10530030727386475,-8.194265365600586,-11.621759414672852
1781548269338468,200941155,-0.6201199293136597,-0.4754810035228729,0.3363092839717865,-0.5256094932556152,9.19247817993164,2.3698172569274902,3.2405946254730225,1.779782772064209,-6.944016456604004,-9.869282722473145
1781548269339604,200957822,-0.6200833320617676,-0.47743454575538635,0.3358106315135956,-0.5241989493370056,8.967511177062988,2.4184868335723877,3.2173657417297363,7.364011287689209,-9.472956657409668,-11.475871086120605
1781548269368249,200974489,-0.6200575828552246,-0.4797687232494354,0.33538123965263367,-0.5223696827888489,8.858484268188477,2.449155330657959,3.212528944015503,7.733911991119385,-12.489665985107422,-13.952126502990723
1781548269370371,200991156,-0.6202260851860046,-0.4821920692920685,0.3349887728691101,-0.5201858878135681,8.861108779907227,2.48618745803833,3.2713398933410645,6.5235724449157715,-13.689244270324707,-16.245038986206055
1781548269398168,201007823,-0.6206898093223572,-0.48432937264442444,0.3346424400806427,-0.5178648233413696,8.869369506835938,2.4819095134735107,3.287888288497925,3.8446195125579834,-12.638248443603516,-17.07382583618164
1781548269428366,201024490,-0.6210582852363586,-0.4864045977592468,0.33429229259490967,-0.5156996250152588,8.825180053710938,2.496670961380005,3.2098543643951416,4.269726276397705,-12.100763320922852,-15.939395904541016
1781548269430538,201041157,-0.6209030747413635,-0.48893576860427856,0.33373555541038513,-0.5138500332832336,8.74680233001709,2.5830776691436768,3.198350191116333,9.426430702209473,-12.983841896057129,-14.474016189575195
1781548269458247,201057824,-0.6205145120620728,-0.4917730391025543,0.3332051932811737,-0.5119524598121643,8.756701469421387,2.71630859375,3.161121368408203,11.314361572265625,-14.87478256225586,-14.468475341796875
1781548269461331,201074491,-0.6199662685394287,-0.4948681890964508,0.33269214630126953,-0.509964108467102,8.82568645477295,2.7974793910980225,3.049720287322998,12.68606948852539,-16.529935836791992,-14.825549125671387
1781548269488134,201091158,-0.6188473701477051,-0.4983653724193573,0.33212149143218994,-0.5082867741584778,8.919178009033203,2.9404561519622803,3.11562180519104,17.25450897216797,-17.940847396850586,-12.614236831665039
1781548269489552,201107825,-0.6171269416809082,-0.5019395351409912,0.33119943737983704,-0.5074625611305237,8.926020622253418,3.225391387939453,3.1654253005981445,22.82001495361328,-15.16476058959961,-8.261849403381348
1781548269518907,201124492,-0.6151333451271057,-0.5050656795501709,0.330292671918869,-0.5073722004890442,8.862336158752441,3.573152542114258,3.108895778656006,23.48049545288086,-11.75688648223877,-3.120941162109375
1781548269520737,201141159,-0.6136083602905273,-0.5067535042762756,0.33095479011535645,-0.5071040987968445,9.090168952941895,3.731123924255371,3.068467855453491,9.892948150634766,-12.927793502807617,3.206629991531372
1781548269548551,201157826,-0.6127709150314331,-0.5069809556007385,0.33327093720436096,-0.5063722133636475,9.760978698730469,3.645263671875,2.8240866661071777,-5.485592842102051,-14.865947723388672,7.941053867340088
1781548269578382,201174493,-0.6127052307128906,-0.5060053467750549,0.33560362458229065,-0.5058869123458862,10.066603660583496,3.591944456100464,2.647825241088867,-12.736631393432617,-8.119003295898438,9.108121871948242
1781548269580056,201191160,-0.6138922572135925,-0.5033450126647949,0.338099867105484,-0.5054391622543335,9.589133262634277,3.483865976333618,2.7388665676116943,-24.673837661743164,0.07272104173898697,9.365838050842285
1781548269608348,201207827,-0.6161495447158813,-0.49967238306999207,0.3418358564376831,-0.503821074962616,9.192814826965332,3.1357994079589844,2.5081088542938232,-39.6803092956543,-3.2045514583587646,7.350829601287842
1781548269610584,201224494,-0.6184487342834473,-0.49600619077682495,0.3460221290588379,-0.5017650723457336,9.314062118530273,2.6261050701141357,2.228095769882202,-42.38623809814453,-6.541258335113525,6.8817877769470215
1781548269638786,201241161,-0.6194467544555664,-0.49391573667526245,0.3486522138118744,-0.5007741451263428,9.375171661376953,2.406733274459839,2.2815802097320557,-23.34574317932129,-4.8231635093688965,6.844144821166992
1781548269639851,201257828,-0.6195170879364014,-0.49305906891822815,0.35010281205177307,-0.5005192160606384,9.334495544433594,2.48114013671875,2.549821376800537,-9.115732192993164,-3.7710750102996826,6.208195209503174
1781548269667947,201274495,-0.6196950078010559,-0.4920476973056793,0.3517235219478607,-0.5001578330993652,9.268461227416992,2.5175116062164307,2.541393756866455,-10.981182098388672,-4.065774917602539,6.333095550537109
1781548269670538,201291162,-0.6199460029602051,-0.4908231496810913,0.35366910696029663,-0.4996778964996338,9.18990707397461,2.295274257659912,2.342958450317383,-13.541072845458984,-4.940744876861572,7.191418170928955
1781548269698507,201307829,-0.6193265318870544,-0.4905998706817627,0.35513830184936523,-0.49962344765663147,9.193445205688477,2.023939609527588,2.232372283935547,-3.6637699604034424,-7.030701160430908,7.95249605178833
1781548269728081,201324496,-0.6172348260879517,-0.49206823110580444,0.35509738326072693,-0.5007954239845276,9.29698371887207,2.1138553619384766,2.276632308959961,16.687406539916992,-5.868671894073486,9.00721263885498
1781548269729877,201341163,-0.6138284206390381,-0.49537885189056396,0.3532751798629761,-0.5030023455619812,9.240763664245605,2.71333384513855,2.393563747406006,37.613014221191406,-4.35991907119751,7.40126895904541
1781548269758181,201357830,-0.6112675666809082,-0.4977319538593292,0.3522915244102478,-0.5044856071472168,9.19433879852295,3.267120838165283,2.7204198837280273,26.033733367919922,-4.997371196746826,6.604463577270508
1781548269760202,201374497,-0.6111554503440857,-0.49716800451278687,0.35357141494750977,-0.5042820572853088,9.272056579589844,3.2886950969696045,2.7122550010681152,-6.541947364807129,-4.234114170074463,5.835042476654053
1781548269788913,201391164,-0.612388551235199,-0.49511975049972534,0.3558810353279114,-0.5031753778457642,9.368559837341309,2.8572230339050293,2.440641164779663,-23.143898010253906,-3.231611728668213,4.504302978515625
1781548269790405,201407831,-0.6135063767433167,-0.4930849075317383,0.3579062223434448,-0.5023748278617859,9.435616493225098,2.5009100437164307,2.374330759048462,-20.961339950561523,-1.3202087879180908,5.192208766937256
1781548269818104,201424498,-0.6138948202133179,-0.49191418290138245,0.35913437604904175,-0.5021716356277466,9.427607536315918,2.474696636199951,2.376718044281006,-10.621732711791992,-0.7130835652351379,5.401906967163086
1781548269819967,201441165,-0.6142691969871521,-0.49074387550354004,0.3603363633155823,-0.5019976496696472,9.306657791137695,2.514800548553467,2.3504602909088135,-10.410042762756348,-0.5396854281425476,5.48390531539917
1781548269848123,201457832,-0.6150131821632385,-0.48910924792289734,0.36203888058662415,-0.5014568567276001,9.146942138671875,2.3065903186798096,2.3593897819519043,-16.25337028503418,-1.3725472688674927,5.498250484466553
1781548269879020,201474499,-0.615218460559845,-0.4880312383174896,0.36385443806648254,-0.5009409785270691,9.230158805847168,1.9850624799728394,2.3113527297973633,-12.415968894958496,-5.02638053894043,6.455127716064453
1781548269881011,201491166,-0.613676905632019,-0.48899516463279724,0.364205002784729,-0.5016365051269531,9.359795570373535,1.9443621635437012,2.1951653957366943,10.157470703125,-6.167144775390625,7.570638179779053
1781548269908738,201507833,-0.6112439036369324,-0.49111267924308777,0.3634061813354492,-0.503115713596344,9.45745849609375,2.1923365592956543,2.4135901927948,23.94829559326172,-4.8931379318237305,7.198945999145508
1781548269910382,201524500,-0.6091540455818176,-0.4929744601249695,0.36266371607780457,-0.5043637156486511,9.500020027160645,2.502864122390747,2.598177194595337,20.94350814819336,-4.168179512023926,5.869512557983398
1781548269938933,201541167,-0.607539713382721,-0.49462297558784485,0.3622553050518036,-0.5049903988838196,9.460027694702148,2.68915057182312,2.5368521213531494,15.730777740478516,-5.747982025146484,3.282059669494629
1781548269940768,201557834,-0.6068299412727356,-0.4953744113445282,0.3624681830406189,-0.5049540400505066,9.326026916503906,2.647629499435425,2.5358402729034424,5.098599433898926,-5.230102062225342,1.7197459936141968
1781548269968566,201574501,-0.6066240072250366,-0.49540600180625916,0.3633456528186798,-0.5045397281646729,9.254997253417969,2.4990241527557373,2.468388080596924,-2.8703513145446777,-5.535417079925537,2.4506680965423584
1781548269969900,201591168,-0.6061536073684692,-0.4954867660999298,0.3643155097961426,-0.5043264031410217,9.275717735290527,2.3873565196990967,2.431962251663208,-1.582314372062683,-6.06740665435791,4.399295330047607
1781548269998095,201607835,-0.6053906083106995,-0.4957844018936157,0.3650152385234833,-0.5044442415237427,9.315390586853027,2.4360387325286865,2.52893328666687,2.0834460258483887,-5.298641204833984,5.329306125640869
1781548270028393,201624502,-0.604957640171051,-0.495693564414978,0.36574438214302063,-0.504524827003479,9.33650016784668,2.476595640182495,2.7247021198272705,-0.8527621030807495,-3.372347354888916,5.106334209442139
1781548270030000,201641169,-0.6050352454185486,-0.49509987235069275,0.3663525879383087,-0.504573404788971,9.437037467956543,2.455693483352661,2.7933871746063232,-4.34551477432251,0.049169983714818954,4.053407669067383
1781548270059347,201657836,-0.605254054069519,-0.4946240782737732,0.3665037453174591,-0.5046678781509399,9.423003196716309,2.4237136840820312,2.6841659545898438,-2.6347148418426514,2.0531463623046875,1.9023900032043457
1781548270060683,201674503,-0.6055672764778137,-0.49381953477859497,0.3669298589229584,-0.5047703981399536,9.380707740783691,2.2681884765625,2.728055000305176,-5.256994247436523,2.3142547607421875,3.3716113567352295
1781548270089259,201691170,-0.6055999994277954,-0.49315476417541504,0.36714160442352295,-0.5052271485328674,9.419240951538086,2.193183183670044,2.7134668827056885,-2.0854244232177734,3.2164108753204346,4.739252090454102
1781548270091213,201707837,-0.6054031848907471,-0.4927397072315216,0.366970419883728,-0.5059913396835327,9.424714088439941,2.2410526275634766,2.620471715927124,1.8387166261672974,4.406274795532227,4.887856960296631
1781548270119113,201724504,-0.6052703857421875,-0.4921656847000122,0.36673733592033386,-0.5068773627281189,9.470291137695312,2.3162715435028076,2.526401996612549,1.483417272567749,5.7909746170043945,5.363857269287109
1781548270120621,201741171,-0.6050099730491638,-0.491592675447464,0.3665120601654053,-0.5079062581062317,9.514823913574219,2.355433702468872,2.4208831787109375,2.2521700859069824,5.9165544509887695,6.426810264587402
1781548270148060,201757838,-0.6045429706573486,-0.4912506937980652,0.3662385046482086,-0.5089892148971558,9.598396301269531,2.4842541217803955,2.378431558609009,4.215794086456299,4.973123073577881,6.6275506019592285
1781548270178395,201774505,-0.6047327518463135,-0.4903128147125244,0.3664616346359253,-0.5095072984695435,9.586267471313477,2.57338809967041,2.518770217895508,-3.6403470039367676,4.740278244018555,5.159212112426758
1781548270179689,201791172,-0.6066405177116394,-0.48759037256240845,0.36773455142974854,-0.5089346170425415,9.362733840942383,2.431426525115967,2.5658979415893555,-23.2769718170166,7.278087615966797,2.6417057514190674
1781548270208162,201807839,-0.6096633672714233,-0.4837699234485626,0.3697935938835144,-0.5074743032455444,9.099639892578125,1.9489136934280396,2.4528098106384277,-36.59016799926758,7.68493127822876,0.4491017460823059
1781548270239952,201824506,-0.6115022897720337,-0.4815793037414551,0.37084802985191345,-0.5065752267837524,9.039275169372559,1.577943205833435,2.2141976356506348,-20.888572692871094,5.065310001373291,-0.5536321997642517
1781548270242128,201841173,-0.6111234426498413,-0.4824509918689728,0.3696029782295227,-0.507112443447113,9.063685417175293,1.6657214164733887,2.239285469055176,11.000679969787598,3.168785810470581,-2.213438034057617
1781548270244338,201857840,-0.6096745729446411,-0.4847107231616974,0.36741378903388977,-0.5082908868789673,9.011181831359863,2.0322723388671875,2.489246129989624,25.303922653198242,1.7054829597473145,-2.447631597518921
1781548270268900,201874507,-0.6080759167671204,-0.48698151111602783,0.36566299200057983,-0.5092969536781311,8.935819625854492,2.355299949645996,2.56963849067688,23.88141441345215,-1.1237850189208984,-1.2134168148040771
1781548270270311,201891174,-0.6067093014717102,-0.48854804039001465,0.3648969829082489,-0.5099757313728333,8.992554664611816,2.4895198345184326,2.617811441421509,15.888616561889648,-3.287200927734375,1.6727606058120728
1781548270298275,201907841,-0.6056532263755798,-0.4891926646232605,0.3651694357395172,-0.5104177594184875,9.228211402893066,2.4675333499908447,2.5344409942626953,6.765603065490723,-4.402721881866455,5.398896217346191
1781548270328430,201924508,-0.6043182611465454,-0.4897230267524719,0.3657447099685669,-0.5110793709754944,9.618598937988281,2.3944990634918213,2.3503997325897217,6.715838432312012,-5.2243781089782715,8.597309112548828
1781548270331034,201941175,-0.6016853451728821,-0.49143123626708984,0.36522555351257324,-0.5129136443138123,9.758407592773438,2.5510146617889404,2.463329792022705,22.77444839477539,-4.130902290344238,11.383634567260742
1781548270358710,201957842,-0.5982233881950378,-0.49385854601860046,0.3641938865184784,-0.5153596997261047,9.74365234375,3.0269393920898438,2.8394088745117188,31.89362335205078,-4.5605645179748535,13.300864219665527
1781548270359708,201974509,-0.5962275266647339,-0.49438127875328064,0.3650551736354828,-0.5165605545043945,9.617781639099121,3.4111897945404053,3.160548448562622,9.256933212280273,-6.154726028442383,14.18277359008789
1781548270388297,201991176,-0.597366988658905,-0.49105727672576904,0.36923614144325256,-0.5154420733451843,9.548564910888672,2.9816536903381348,3.059610605239868,-34.78095245361328,-6.116612434387207,14.480308532714844
1781548270389695,202007843,-0.6003468632698059,-0.4859353005886078,0.37445855140686035,-0.513060986995697,9.564383506774902,2.138895273208618,2.706772804260254,-55.275691986083984,-3.6143128871917725,10.853752136230469
1781548270418255,202024510,-0.6024670600891113,-0.48156553506851196,0.3788255453109741,-0.5114877223968506,9.516094207763672,1.533223271369934,2.310459852218628,-44.20068359375,-2.2516167163848877,12.425602912902832
1781548270419312,202041177,-0.6014138460159302,-0.4797849953174591,0.3811752200126648,-0.5126534700393677,9.275483131408691,1.5441718101501465,2.2875330448150635,-8.740004539489746,-2.19861102104187,21.507041931152344
1781548270448313,202057844,-0.5986219644546509,-0.47931525111198425,0.3825482428073883,-0.5153306722640991,9.25439739227295,1.8339959383010864,2.7007334232330322,9.818330764770508,-2.3498823642730713,27.227088928222656
1781548270478790,202074511,-0.5961115956306458,-0.47861236333847046,0.3837731182575226,-0.5179764628410339,9.485563278198242,2.1752543449401855,2.9611310958862305,8.373255729675293,-0.2779497504234314,26.225608825683594
1781548270480375,202091178,-0.5951606035232544,-0.4765983521938324,0.3855511248111725,-0.5196040272712708,9.679742813110352,2.3305981159210205,2.98321795463562,-6.787634372711182,2.888573169708252,21.779239654541016
1781548270508439,202107845,-0.5957852602005005,-0.4726516008377075,0.3884280025959015,-0.5203502178192139,9.62765121459961,2.165332555770874,2.8519153594970703,-26.122039794921875,6.583855628967285,21.268434524536133
1781548270509791,202124512,-0.5970668792724609,-0.46773219108581543,0.39202919602394104,-0.5206255912780762,9.465083122253418,1.7999485731124878,2.649329900741577,-36.09071731567383,7.320380687713623,21.94111442565918
1781548270538241,202141179,-0.5984645485877991,-0.46261346340179443,0.39567357301712036,-0.5208375453948975,9.421201705932617,1.4060871601104736,2.5026121139526367,-37.607398986816406,7.965046405792236,21.94192886352539
1781548270540146,202157846,-0.599361002445221,-0.45812323689460754,0.3985750079154968,-0.5215626955032349,9.448172569274902,1.1250373125076294,2.3343443870544434,-29.37117576599121,9.039732933044434,21.774045944213867
1781548270568376,202174513,-0.5994290709495544,-0.4546642005443573,0.40056949853897095,-0.5229814052581787,9.52005386352539,1.0151232481002808,2.3301188945770264,-17.359954833984375,8.994266510009766,21.91966438293457
1781548270570175,202191180,-0.5988805294036865,-0.4521178603172302,0.40185651183128357,-0.5248268246650696,9.569512367248535,1.078250527381897,2.4115729331970215,-7.952298641204834,8.2637300491333,21.1706485748291
1781548270598158,202207847,-0.5983803272247314,-0.44967904686927795,0.40301311016082764,-0.526602566242218,9.666569709777832,1.2467584609985352,2.540109157562256,-7.382233142852783,8.330116271972656,20.005273818969727
1781548270628564,202224514,-0.5986893177032471,-0.44669583439826965,0.4045056402683258,-0.52764493227005,9.691802024841309,1.285665512084961,2.636916399002075,-15.372479438781738,8.895096778869629,16.605905532836914
1781548270630586,202241181,-0.5995902419090271,-0.4434084892272949,0.40632838010787964,-0.5279940366744995,9.647857666015625,1.1186304092407227,2.5887858867645264,-21.568405151367188,8.155084609985352,13.464020729064941
1781548270658294,202257848,-0.6004241108894348,-0.4406271278858185,0.40793198347091675,-0.5281384587287903,9.630002975463867,0.8970909118652344,2.5864062309265137,-19.050006866455078,6.411581993103027,10.783448219299316
1781548270659973,202274515,-0.6009873151779175,-0.4385527968406677,0.4089008569717407,-0.5284750461578369,9.687469482421875,0.7916522026062012,2.6460206508636475,-12.471627235412598,6.287532329559326,8.652125358581543
1781548270687895,202291182,-0.6016073822975159,-0.4367332458496094,0.40927553176879883,-0.5289861559867859,9.585067749023438,0.7997458577156067,2.675334930419922,-8.942219734191895,8.503159523010254,6.657956123352051
1781548270689774,202307849,-0.6024664640426636,-0.4348709285259247,0.40960004925727844,-0.5292914509773254,9.446868896484375,0.7184767723083496,2.6340653896331787,-10.23189640045166,8.920774459838867,4.907249927520752
1781548270717894,202324516,-0.6033405661582947,-0.4332171082496643,0.4097348749637604,-0.5295476913452148,9.330548286437988,0.6377255320549011,2.6013920307159424,-8.865354537963867,8.843193054199219,3.492838144302368
1781548270720196,202341183,-0.6039373278617859,-0.4322642683982849,0.4093438684940338,-0.5299481749534607,9.269861221313477,0.6016459465026855,2.624692678451538,-2.800967216491699,8.122371673583984,1.5625863075256348
1781548270748135,202357850,-0.6043504476547241,-0.43195149302482605,0.4087158143520355,-0.5302168130874634,9.262309074401855,0.6010887622833252,2.6521425247192383,0.8251323699951172,5.859373092651367,-0.8436952829360962
1781548270778477,202374517,-0.6046309471130371,-0.4320959150791168,0.40793126821517944,-0.5303835272789001,9.389370918273926,0.5636095404624939,2.606689691543579,3.447373867034912,4.171855449676514,-2.51991868019104
1781548270780317,202391184,-0.6045823097229004,-0.4331457316875458,0.4061887860298157,-0.5309198498725891,9.5278959274292,0.6553021669387817,2.59234356880188,12.751899719238281,5.031445503234863,-5.158388614654541
1781548270808682,202407851,-0.6041607856750488,-0.4350808262825012,0.4035665988922119,-0.531816303730011,9.603975296020508,0.9473288655281067,2.68806529045105,21.789104461669922,5.491482257843018,-7.383989334106445
1781548270809846,202424518,-0.6038188338279724,-0.4369980990886688,0.40108445286750793,-0.5325101613998413,9.642425537109375,1.228692650794983,2.7961678504943848,20.38762092590332,4.588452339172363,-8.052480697631836
1781548270838020,202441185,-0.6039330959320068,-0.43829596042633057,0.3992067277431488,-0.5327246189117432,9.641034126281738,1.292138695716858,2.954132318496704,12.970353126525879,4.1722798347473145,-8.170559883117676
1781548270839959,202457852,-0.6045982837677002,-0.4390060603618622,0.39764076471328735,-0.5325566530227661,9.624232292175293,1.2225631475448608,3.01352596282959,6.591207504272461,5.381032466888428,-9.25042724609375
1781548270870179,202474519,-0.6054649353027344,-0.43963199853897095,0.395937442779541,-0.5323247313499451,9.551972389221191,1.173823595046997,3.0170481204986572,5.770461559295654,6.595881938934326,-10.498587608337402
1781548270871839,202491186,-0.6063098311424255,-0.44036924839019775,0.39400893449783325,-0.5321847796440125,9.459898948669434,1.1538422107696533,2.9758548736572266,7.356133460998535,7.34204626083374,-11.025494575500488
1781548270898115,202507853,-0.6070383191108704,-0.44125065207481384,0.39212238788604736,-0.5320174694061279,9.494674682617188,1.1306837797164917,3.0473999977111816,8.105086326599121,6.243797779083252,-10.970029830932617
1781548270928355,202524520,-0.6075835824012756,-0.44222646951675415,0.39019790291786194,-0.5319998264312744,9.75076675415039,1.1117106676101685,3.0874955654144287,9.846343994140625,6.047476291656494,-9.965474128723145
1781548270929891,202541187,-0.6079300045967102,-0.4433121085166931,0.38756871223449707,-0.5326219797134399,9.868288040161133,1.151749610900879,3.1586556434631348,15.136312484741211,9.993058204650879,-9.02491569519043
1781548270959248,202557854,-0.6081492304801941,-0.4446595013141632,0.3842583894729614,-0.5336460471153259,9.648550987243652,1.331913709640503,3.4362025260925293,20.03971290588379,12.74850082397461,-9.699820518493652
1781548270962338,202574521,-0.6089493036270142,-0.4453718960285187,0.3812430202960968,-0.5343019962310791,9.386589050292969,1.4546151161193848,3.5829508304595947,13.75462532043457,14.281698226928711,-10.725068092346191
1781548270988831,202591188,-0.6102074384689331,-0.4454675316810608,0.3786095380783081,-0.5346593856811523,9.164358139038086,1.464977502822876,3.4673049449920654,7.467706203460693,15.21772289276123,-10.910999298095703
1781548270989910,202607855,-0.611463725566864,-0.44544386863708496,0.37619104981422424,-0.5349509119987488,9.030570030212402,1.3840571641921997,3.396152973175049,6.033545970916748,14.55036735534668,-10.203880310058594
1781548271018757,202624522,-0.6121892929077148,-0.4460310935974121,0.3734273314476013,-0.5355677008628845,9.046272277832031,1.3625737428665161,3.332552194595337,12.333910942077637,13.377436637878418,-9.523200988769531
1781548271020583,202641189,-0.6123707890510559,-0.44734081625938416,0.37002643942832947,-0.5366272926330566,9.071867942810059,1.5206212997436523,3.448845386505127,20.333629608154297,13.328885078430176,-9.532632827758789
1781548271048313,202657856,-0.6126401424407959,-0.4486910402774811,0.3667277693748474,-0.5374564528465271,9.114798545837402,1.8342249393463135,3.5266077518463135,19.689760208129883,12.33113956451416,-10.468751907348633
1781548271078295,202674523,-0.6136935353279114,-0.44887715578079224,0.3644596040248871,-0.5376418828964233,9.117241859436035,1.927638292312622,3.5176889896392822,6.638492107391357,12.233386993408203,-10.068427085876465
1781548271080409,202691190,-0.6152136325836182,-0.4481984078884125,0.362935870885849,-0.5375016927719116,9.038965225219727,1.7710319757461548,3.3732566833496094,-1.9288170337677002,12.468535423278809,-8.670328140258789
1781548271108637,202707857,-0.6163209080696106,-0.4480741322040558,0.36125922203063965,-0.537466287612915,8.946639060974121,1.6356072425842285,3.340308427810669,2.5469472408294678,10.364703178405762,-8.5442476272583
1781548271109704,202724524,-0.6166456937789917,-0.44906866550445557,0.359121173620224,-0.5376967787742615,8.844222068786621,1.6587944030761719,3.3401803970336914,12.06251049041748,7.060294151306152,-8.72681713104248
1781548271139493,202741191,-0.6164761185646057,-0.45051148533821106,0.3570255637168884,-0.5380793213844299,8.932043075561523,1.8151777982711792,3.408032178878784,15.736814498901367,4.478072166442871,-7.220036029815674
1781548271140969,202757858,-0.6162106990814209,-0.45186007022857666,0.3551563322544098,-0.538489580154419,9.063264846801758,1.9488810300827026,3.5070407390594482,14.828402519226074,3.710944175720215,-5.828521251678467
1781548271168582,202774525,-0.6157916188240051,-0.4532291889190674,0.3535381555557251,-0.5388831496238708,9.131574630737305,2.103071451187134,3.5488550662994385,14.41170597076416,2.1421899795532227,-4.604666709899902
1781548271169415,202791192,-0.6158855557441711,-0.4537443518638611,0.3526636064052582,-0.53891521692276,9.1217622756958,2.1661198139190674,3.6142666339874268,5.5801825523376465,2.2811121940612793,-3.636620283126831
1781548271198137,202807859,-0.6164639592170715,-0.45363107323646545,0.35249972343444824,-0.5384562015533447,9.11354923248291,2.0412285327911377,3.595579147338867,-2.427098274230957,1.2407625913619995,-3.7733402252197266
1781548271228316,202824526,-0.617034912109375,-0.4535287916660309,0.35238614678382874,-0.5379627346992493,9.1119966506958,1.8753188848495483,3.512944221496582,-2.63102650642395,0.8605547547340393,-3.763261318206787
1781548271258066,202841193,-0.6174046993255615,-0.4536058008670807,0.3521135449409485,-0.5376518964767456,9.025169372558594,1.7781463861465454,3.519794225692749,-0.250082403421402,0.946664571762085,-3.188115119934082
1781548271259549,202857860,-0.617506206035614,-0.45395782589912415,0.35185104608535767,-0.5374098420143127,8.968613624572754,1.723430871963501,3.54813289642334,1.9104701280593872,-0.5429891347885132,-2.5287928581237793
1781548271261041,202874527,-0.6171187162399292,-0.45487311482429504,0.35125166177749634,-0.5374730825424194,9.091053009033203,1.7268108129501343,3.4921867847442627,7.83276891708374,-1.4200323820114136,-1.8319743871688843
1781548271288847,202891194,-0.6162590980529785,-0.45647552609443665,0.3499407470226288,-0.5379558205604553,9.199289321899414,1.9171384572982788,3.424730062484741,15.853818893432617,-0.7714934945106506,-2.198070764541626
1781548271290317,202907861,-0.6155420541763306,-0.4577881395816803,0.3489057719707489,-0.5383333563804626,9.14379596710205,2.086257219314575,3.4946141242980957,12.892498016357422,-0.8574110865592957,-1.6120257377624512
1781548271319069,202924528,-0.6152229905128479,-0.4583894908428192,0.348630428314209,-0.5383650064468384,9.08203411102295,2.0841193199157715,3.5314619541168213,4.997544288635254,-1.5720566511154175,-0.4481967091560364
1781548271321244,202941195,-0.6150414347648621,-0.458779901266098,0.34871333837509155,-0.5381860733032227,9.101561546325684,1.98054039478302,3.4753224849700928,1.8510875701904297,-2.639235019683838,-0.20873069763183594
1781548271348154,202957862,-0.6145898103713989,-0.45962607860565186,0.34848275780677795,-0.5381293892860413,9.185256958007812,1.9303557872772217,3.4172279834747314,6.118165016174316,-3.2547731399536133,-0.7619909048080444
1781548271378620,202974529,-0.6138904690742493,-0.4609422981739044,0.3477599024772644,-0.5382696390151978,9.232625961303711,1.9777576923370361,3.3954522609710693,11.173181533813477,-2.8866679668426514,-1.6977001428604126
1781548271380197,202991196,-0.6131762266159058,-0.4621458053588867,0.3470568060874939,-0.5385052561759949,9.266609191894531,2.0879642963409424,3.369856119155884,10.890363693237305,-2.2881243228912354,-0.9112232327461243
1781548271408789,203007863,-0.6125715374946594,-0.46298208832740784,0.3468296229839325,-0.5386215448379517,9.30972671508789,2.1336662769317627,3.302891731262207,6.9795451164245605,-3.0454015731811523,0.5802110433578491
1781548271409842,203024530,-0.6123867034912109,-0.4633285105228424,0.34706467390060425,-0.5383825302124023,9.267491340637207,2.0546419620513916,3.303467273712158,0.981164813041687,-3.3162169456481934,0.15414361655712128
1781548271438580,203041197,-0.6122798919677734,-0.46368908882141113,0.34727343916893005,-0.5380585789680481,9.119345664978027,1.9350898265838623,3.174437999725342,0.6831482648849487,-3.34295654296875,-0.6107603907585144
1781548271440929,203057864,-0.6117154955863953,-0.46475890278816223,0.34694281220436096,-0.5379907488822937,8.871712684631348,1.8955224752426147,3.1113498210906982,7.72629451751709,-3.973464250564575,-1.2558547258377075
1781548271467901,203074531,-0.6105828285217285,-0.4664861261844635,0.34646981954574585,-0.5380877256393433,8.72594928741455,1.9391968250274658,3.107293128967285,13.235494613647461,-6.633489608764648,-0.4806995987892151
1781548271469784,203091198,-0.6087775826454163,-0.4687434136867523,0.3461695611476898,-0.538364589214325,8.909924507141113,1.9310485124588013,3.2181179523468018,17.404464721679688,-10.3452787399292,2.0524957180023193
1781548271498027,203107865,-0.6064728498458862,-0.4710903465747833,0.3457222878932953,-0.5392040610313416,9.1867094039917,1.9679986238479614,3.356870174407959,21.27324104309082,-9.436685562133789,5.569204807281494
1781548271528111,203124532,-0.6041510701179504,-0.4733603298664093,0.34482139348983765,-0.5403978824615479,9.262267112731934,2.0839948654174805,3.288931369781494,23.536029815673828,-6.151850700378418,5.8259477615356445
1781548271529724,203141199,-0.601930558681488,-0.4759012460708618,0.3434559404850006,-0.5415126085281372,9.265421867370605,2.3250129222869873,3.171809673309326,25.868656158447266,-5.246953964233398,2.965874671936035
1781548271557965,203157866,-0.6001644134521484,-0.47826388478279114,0.34235382080078125,-0.5420889854431152,9.24806022644043,2.58715558052063,3.1827661991119385,21.391807556152344,-6.360912322998047,0.3293478488922119
1781548271559543,203174533,-0.5996018052101135,-0.47913122177124023,0.342483252286911,-0.5418640971183777,9.333052635192871,2.401442766189575,3.495907783508301,4.789173126220703,-5.6712164878845215,0.1070675179362297
1781548271588322,203191200,-0.5996525287628174,-0.47840502858161926,0.34341108798980713,-0.5418619513511658,9.288476943969727,1.911163330078125,3.4862611293792725,-6.246784687042236,-0.8472042679786682,5.124698162078857
1781548271590025,203207867,-0.5988193154335022,-0.47828444838523865,0.3438108563423157,-0.5426360368728638,9.16849136352539,1.6866859197616577,3.1384308338165283,2.9532413482666016,-0.46196359395980835,8.449665069580078
1781548271618521,203224534,-0.5965782999992371,-0.4802859425544739,0.34257015585899353,-0.5441191792488098,9.312188148498535,1.973305583000183,2.9799935817718506,24.116504669189453,-2.6209664344787598,6.209794044494629
1781548271619344,203241201,-0.5945078134536743,-0.48247629404067993,0.3404778242111206,-0.5457585453987122,9.394242286682129,2.490757703781128,3.3500030040740967,27.883487701416016,1.0835800170898438,2.9567573070526123
1781548271648146,203257868,-0.5938498973846436,-0.4828825294971466,0.33941781520843506,-0.5467745661735535,9.165297508239746,2.6698458194732666,3.519477367401123,10.572037696838379,4.798099517822266,2.7099976539611816
1781548271678490,203274535,-0.5944002866744995,-0.4813341498374939,0.3395387530326843,-0.5474663376808167,9.268900871276855,2.3607702255249023,3.5343902111053467,-6.616954326629639,9.066266059875488,5.32610559463501
1781548271680682,203291202,-0.5948671698570251,-0.4792344868183136,0.33971861004829407,-0.5486884117126465,9.401200294494629,1.684342384338379,3.688652753829956,-7.577062606811523,12.459596633911133,9.289806365966797
1781548271709328,203307869,-0.5932453274726868,-0.47968968749046326,0.3378733992576599,-0.551180362701416,9.251748085021973,1.1390482187271118,3.787623882293701,20.357778549194336,10.40888786315918,9.721583366394043
1781548271710512,203324536,-0.5885357856750488,-0.4839073121547699,0.3321433365345001,-0.5560038089752197,9.268351554870605,1.301772117614746,3.6987733840942383,66.02946472167969,12.513679504394531,9.380247116088867
1781548271739755,203341203,-0.5818941593170166,-0.49070635437965393,0.32242199778556824,-0.5627171397209167,9.71233081817627,2.4434406757354736,3.5566866397857666,102.47724914550781,20.671764373779297,5.2377495765686035
1781548271740296,203357870,-0.5756802558898926,-0.49724307656288147,0.3113280236721039,-0.5695759057998657,9.630837440490723,3.6738643646240234,4.07668924331665,105.61881256103516,28.6179256439209,0.11608805507421494
1781548271768551,203374537,-0.570534884929657,-0.5030293464660645,0.3005484342575073,-0.5754324793815613,9.366345405578613,4.31056547164917,4.748717308044434,95.61734008789062,29.173824310302734,-5.351564884185791
1781548271797910,203391204,-0.566448986530304,-0.509028971195221,0.28921130299568176,-0.5799845457077026,9.50783634185791,4.765672206878662,3.8423051834106445,92.2988052368164,28.193744659423828,-17.026451110839844
1781548271799868,203407871,-0.5607516765594482,-0.5183793902397156,0.27247634530067444,-0.5853180885314941,10.239691734313965,6.165491104125977,3.3460581302642822,134.0729217529297,35.38719940185547,-33.109214782714844
1781548271829032,203424538,-0.5588066577911377,-0.5264932513237,0.2532268166542053,-0.5885714292526245,10.593828201293945,7.891800880432129,5.448375225067139,122.15169525146484,49.67696762084961,-62.87226867675781
1781548271830529,203441205,-0.5698065161705017,-0.5223737955093384,0.24224035441875458,-0.5863155722618103,10.237556457519531,7.50081729888916,6.297558784484863,-14.747819900512695,70.02754974365234,-85.20507049560547
1781548271858305,203457872,-0.5908405780792236,-0.5057898163795471,0.23625728487968445,-0.5824660062789917,10.808886528015137,5.752946853637695,6.381520748138428,-122.45696258544922,111.6669692993164,-93.17218017578125
1781548271860131,203474539,-0.6187829971313477,-0.4771655201911926,0.22589558362960815,-0.5817148089408875,11.652093887329102,5.188987731933594,7.056590557098389,-172.85874938964844,199.70449829101562,-103.93801879882812
1781548271888065,203491206,-0.6344010233879089,-0.472304105758667,0.20506884157657623,-0.576551079750061,8.082820892333984,5.45532751083374,-0.7165347337722778,3.719022750854492,115.52243041992188,-144.6463623046875
1781548271889856,203507873,-0.6400660872459412,-0.4777925908565521,0.1932007223367691,-0.5698274970054626,7.613088607788086,4.762819766998291,1.2288066148757935,43.468360900878906,16.314645767211914,-97.48326873779297
1781548271919343,203524540,-0.6543469429016113,-0.4669748544692993,0.18503513932228088,-0.5652670860290527,9.955855369567871,3.4893250465393066,7.965933799743652,-68.23490142822266,82.46410369873047,-87.89695739746094
1781548271920773,203541207,-0.6659785509109497,-0.4587436020374298,0.1686684787273407,-0.563540518283844,8.387253761291504,2.1773180961608887,5.759667873382568,-12.61030387878418,115.03510284423828,-94.47776794433594
1781548271948755,203557874,-0.6703678965568542,-0.4624297022819519,0.14518359303474426,-0.5618607401847839,7.652318954467773,3.59818172454834,3.0016703605651855,92.4449234008789,93.20340728759766,-102.4794692993164
1781548271978700,203574541,-0.6724671125411987,-0.47176167368888855,0.11890731751918793,-0.557754397392273,8.594335556030273,7.216042518615723,3.208944320678711,134.1157989501953,74.26284790039062,-119.33411407470703
1781548271980386,203591208,-0.6802657246589661,-0.4741142690181732,0.1005697250366211,-0.5498546957969666,8.573023796081543,9.716971397399902,4.902088165283203,49.799293518066406,56.67619705200195,-127.26687622070312
1781548272009466,203607875,-0.6969927549362183,-0.4661581516265869,0.09265841543674469,-0.5369472503662109,6.896713733673096,8.372490882873535,4.631723880767822,-70.412353515625,36.73259353637695,-143.32826232910156
1781548272010148,203624542,-0.7150587439537048,-0.45675116777420044,0.09272610396146774,-0.5210290551185608,5.563478469848633,4.479968547821045,3.194183588027954,-113.0386734008789,-4.950098991394043,-136.2028045654297
1781548272038091,203641209,-0.7234150767326355,-0.46034127473831177,0.08816849440336227,-0.5069348812103271,5.781787872314453,1.6035304069519043,2.8252217769622803,-0.9057486057281494,-29.233156204223633,-115.25528717041016
1781548272039925,203657876,-0.7204399704933167,-0.4774908125400543,0.06887178868055344,-0.49822258949279785,6.907070636749268,1.6936438083648682,4.943960666656494,157.0551300048828,6.985655307769775,-103.87133026123047
1781548272068503,203674543,-0.7200619578361511,-0.4844002425670624,0.045596618205308914,-0.4947609007358551,7.032738208770752,4.221557140350342,9.808817863464355,113.91526794433594,80.24588012695312,-94.97339630126953
1781548272070632,203691210,-0.7403972148895264,-0.4537242650985718,0.051986392587423325,-0.493197500705719,5.234171390533447,2.7675788402557373,8.096948623657227,-241.51914978027344,74.0574951171875,-45.46090316772461
1781548272098279,203707877,-0.7705095410346985,-0.39409753680229187,0.08228041976690292,-0.4941987693309784,5.097591876983643,-3.4341394901275635,2.141984701156616,-499.9208984375,62.06852340698242,19.380863189697266
1781548272128547,203724544,-0.7827673554420471,-0.3552177846431732,0.10643104463815689,-0.49976834654808044,3.487140655517578,-9.42509651184082,-2.778414011001587,-317.8450622558594,26.34986686706543,75.86559295654297
1781548272130009,203741211,-0.7632256746292114,-0.38544294238090515,0.10147452354431152,-0.5085502862930298,4.870637893676758,-8.77890682220459,0.4638800024986267,234.27352905273438,-69.89563751220703,80.74568939208984
1781548272158319,203757878,-0.718264639377594,-0.4558217525482178,0.0689035952091217,-0.5211283564567566,8.425267219543457,1.225839614868164,5.703459739685059,612.33203125,-73.13836669921875,88.44314575195312
1781548272160962,203774545,-0.683862566947937,-0.4951644241809845,0.04353705421090126,-0.5340870022773743,8.356595039367676,11.577800750732422,10.795136451721191,399.7447204589844,8.789942741394043,89.7004623413086
1781548272188548,203791212,-0.6841253042221069,-0.48153480887413025,0.05494054779410362,-0.545049250125885,6.813393592834473,10.378665924072266,9.37926197052002,-103.19595336914062,33.99644470214844,94.01824188232422
1781548272189403,203807879,-0.6903059482574463,-0.45690712332725525,0.07512073218822479,-0.555941104888916,6.43007230758667,4.324125289916992,4.835461139678955,-207.4687957763672,35.931610107421875,104.73714447021484
1781548272219638,203824546,-0.6873351335525513,-0.44554632902145386,0.08566928654909134,-0.5672036409378052,7.491983413696289,2.717430830001831,5.16193151473999,-78.71317291259766,27.36711311340332,104.35077667236328
1781548272221442,203841213,-0.68125981092453,-0.4386337399482727,0.09212830662727356,-0.5787900686264038,9.26179313659668,4.769163608551025,7.124361515045166,-32.03861618041992,28.510305404663086,102.8353042602539
1781548272248134,203857880,-0.6766328811645508,-0.4276834726333618,0.10002510249614716,-0.5909736156463623,8.712567329406738,5.877781391143799,5.329171657562256,-60.663848876953125,40.56394958496094,106.76073455810547
1781548272278451,203874547,-0.6735966801643372,-0.4146648943424225,0.11066319793462753,-0.6017261147499084,6.88992977142334,5.0426225662231445,3.7012112140655518,-87.09053802490234,33.10306167602539,103.12252044677734
1781548272280852,203891214,-0.6710952520370483,-0.40337610244750977,0.1242336705327034,-0.6094956994056702,5.160698890686035,3.439169406890869,3.5137417316436768,-95.0080337524414,4.269361972808838,94.13844299316406
1781548272309055,203907881,-0.66745924949646,-0.3984857499599457,0.13988372683525085,-0.6133025884628296,5.378674507141113,2.1525423526763916,3.6063647270202637,-74.43731689453125,-44.098854064941406,80.90877532958984
1781548272310266,203924548,-0.65953528881073,-0.40328437089920044,0.1523628532886505,-0.6157602071762085,7.758794784545898,2.2151641845703125,3.898547410964966,-6.149300575256348,-78.22290802001953,74.791015625
1781548272338627,203941215,-0.6485203504562378,-0.4112571179866791,0.1576022505760193,-0.6208467483520508,8.721856117248535,4.166659355163574,4.738480091094971,50.219520568847656,-54.775875091552734,76.39646911621094
1781548272340060,203957882,-0.6407853960990906,-0.4150734841823578,0.1627947986125946,-0.624984860420227,6.761073112487793,5.823976993560791,5.404338836669922,21.581878662109375,-35.94874572753906,62.53601837158203
1781548272369512,203974549,-0.6368541717529297,-0.41710564494132996,0.17697958648204803,-0.6237932443618774,5.762521743774414,5.609450340270996,4.889545917510986,-41.74281311035156,-78.85285949707031,50.37308120727539
1781548272398385,203991216,-0.6334949135780334,-0.42261803150177,0.19666710495948792,-0.6175763010978699,7.510046482086182,3.9459567070007324,3.8890762329101562,-57.86441421508789,-131.59600830078125,37.466793060302734
1781548272400302,204007883,-0.6285638809204102,-0.43036508560180664,0.21228739619255066,-0.6120682954788208,9.223187446594238,2.664281129837036,4.100705623626709,-25.334686279296875,-123.42986297607422,32.389068603515625
1781548272428613,204024550,-0.6230236887931824,-0.4355104863643646,0.22402778267860413,-0.609904944896698,7.562790393829346,1.9891598224639893,5.997533798217773,-13.564986228942871,-86.69964599609375,41.722923278808594
1781548272429686,204041217,-0.6136190295219421,-0.4450565576553345,0.23525086045265198,-0.608320415019989,6.718238353729248,1.583017110824585,5.161521911621094,19.92125701904297,-107.16055297851562,52.08089828491211
1781548272458900,204057884,-0.5975177884101868,-0.46661677956581116,0.23673850297927856,-0.6076151728630066,9.664899826049805,2.8777401447296143,2.918372392654419,133.25469970703125,-124.48668670654297,34.57830047607422
1781548272460347,204074551,-0.5820510983467102,-0.4880416989326477,0.2321406751871109,-0.6075711250305176,10.615274429321289,5.628335952758789,3.983957529067993,157.16290283203125,-95.76091003417969,15.337401390075684
1781548272488796,204091218,-0.5767563581466675,-0.49516361951828003,0.23912948369979858,-0.6041375398635864,8.306889533996582,6.333382606506348,5.853651523590088,11.963144302368164,-77.50704193115234,20.990949630737305
1781548272490513,204107885,-0.5787507891654968,-0.4935630261898041,0.25849103927612305,-0.5955044627189636,7.573428630828857,3.813737154006958,5.806400775909424,-107.3906021118164,-96.06571960449219,26.564334869384766
1781548272518236,204124552,-0.5761122107505798,-0.4986826777458191,0.27272507548332214,-0.5873939990997314,9.927477836608887,1.413056492805481,3.8855273723602295,-42.998779296875,-109.63993072509766,18.270816802978516
1781548272520080,204141219,-0.5661702752113342,-0.5121205449104309,0.2720845639705658,-0.5857932567596436,12.138663291931152,2.588818073272705,3.687032461166382,87.27513885498047,-75.68740844726562,6.952709674835205
1781548272548158,204157886,-0.5590957999229431,-0.5214420557022095,0.2706126868724823,-0.5850462913513184,10.834097862243652,5.101240158081055,4.262198448181152,66.09918212890625,-47.4986686706543,3.498347520828247
1781548272578308,204174553,-0.5604327321052551,-0.5216142535209656,0.27881667017936707,-0.5797372460365295,9.243642807006836,5.863193035125732,4.027209758758545,-46.637245178222656,-48.59654235839844,3.8415374755859375
1781548272580063,204191220,-0.5686695575714111,-0.5135344862937927,0.2950483560562134,-0.570827305316925,9.157349586486816,4.318159103393555,4.851702690124512,-142.09019470214844,-46.327484130859375,7.078697681427002
1781548272608333,204207887,-0.5776933431625366,-0.5030949115753174,0.31202232837677,-0.5619680285453796,9.391641616821289,0.9365770816802979,4.908896446228027,-156.90782165527344,-38.19735336303711,11.59834098815918
1781548272610093,204224554,-0.5803338289260864,-0.49865084886550903,0.32149332761764526,-0.5578550100326538,10.132033348083496,-0.9198455810546875,3.2736144065856934,-71.82866668701172,-28.838790893554688,16.296842575073242
1781548272638335,204241221,-0.5753089785575867,-0.502921462059021,0.31771257519721985,-0.5613808631896973,10.52771282196045,0.7746946215629578,2.550483465194702,56.937278747558594,-0.14307424426078796,11.475015640258789
1781548272639675,204257888,-0.5704123377799988,-0.5086772441864014,0.3089972734451294,-0.5660372972488403,10.229043006896973,4.0784196853637695,4.5538740158081055,83.88491821289062,17.834131240844727,-4.8575358390808105
1781548272669653,204274555,-0.5713669061660767,-0.5113754272460938,0.30678030848503113,-0.5638448596000671,9.824520111083984,5.769726276397705,4.106695175170898,11.588507652282715,-7.275078773498535,-25.262582778930664
1781548272670190,204291222,-0.5762435793876648,-0.5110018849372864,0.3118671774864197,-0.5563808679580688,10.409568786621094,4.908353805541992,2.7335128784179688,-53.70391845703125,-34.323951721191406,-29.01375961303711
1781548272698276,204307889,-0.5823377966880798,-0.5083500146865845,0.31675097346305847,-0.5496652722358704,10.879626274108887,3.366581916809082,2.8565614223480225,-64.62657165527344,-19.563034057617188,-26.531728744506836
1781548272728084,204324556,-0.5868526101112366,-0.5070649981498718,0.3180997669696808,-0.5452538728713989,9.931344032287598,2.6422929763793945,3.3488831520080566,-35.25526809692383,-5.960565090179443,-26.667985916137695
1781548272730542,204341223,-0.5903472900390625,-0.5066085457801819,0.31925299763679504,-0.5412167906761169,8.935908317565918,2.552257537841797,3.5004682540893555,-26.80419158935547,-9.205171585083008,-23.828237533569336
1781548272758850,204357890,-0.5945664644241333,-0.5041365623474121,0.3218725323677063,-0.5373409986495972,8.516395568847656,2.330871820449829,3.28029465675354,-42.610050201416016,-5.5059895515441895,-16.337194442749023
1781548272761438,204374557,-0.5994107723236084,-0.49979737401008606,0.32404008507728577,-0.5347033143043518,8.614250183105469,2.058013439178467,3.078059434890747,-47.999996185302734,8.9133939743042,-11.020833015441895
1781548272788012,204391224,-0.6041105389595032,-0.4952913820743561,0.32395172119140625,-0.5336593985557556,8.754111289978027,2.291088104248047,3.081503391265869,-36.34592056274414,23.977632522583008,-11.301772117614746
1781548272790032,204407891,-0.6083195209503174,-0.4920772612094879,0.3229929804801941,-0.5324312448501587,8.697883605957031,2.699997901916504,3.0915427207946777,-26.52537727355957,21.131919860839844,-16.107587814331055
1781548272817899,204424558,-0.6121425032615662,-0.4899882972240448,0.3233218193054199,-0.5297701358795166,8.71249771118164,2.578463077545166,2.824486494064331,-28.409893035888672,5.921572208404541,-18.831022262573242
1781548272819806,204441225,-0.6148833632469177,-0.4893752634525299,0.3239803612232208,-0.5267516374588013,8.899898529052734,2.2223968505859375,2.9042229652404785,-20.549163818359375,-4.451589584350586,-18.563495635986328
1781548272848050,204457892,-0.6166373491287231,-0.48950275778770447,0.32392770051956177,-0.5246108174324036,9.20595932006836,2.0995290279388428,3.2447080612182617,-9.565688133239746,-3.372133493423462,-15.321379661560059
1781548272879775,204474559,-0.6172943115234375,-0.49013766646385193,0.32276901602745056,-0.523959219455719,9.342649459838867,2.482069253921509,3.424874782562256,3.584390163421631,2.056015729904175,-9.904525756835938
1781548272881285,204491226,-0.618035078048706,-0.4898253381252289,0.3217563331127167,-0.5240006446838379,9.135246276855469,3.0012705326080322,3.5208444595336914,0.2938738167285919,7.369845867156982,-4.671053886413574
1781548272908342,204507893,-0.6197188496589661,-0.48808395862579346,0.32169875502586365,-0.523672342300415,9.003095626831055,3.202207088470459,3.569258451461792,-13.213308334350586,9.300395965576172,-3.261549711227417
1781548272910179,204524560,-0.6219679713249207,-0.48569542169570923,0.32185885310173035,-0.5231281518936157,8.917625427246094,3.0937938690185547,3.585146903991699,-19.128904342651367,11.228428840637207,-4.0544843673706055
1781548272938697,204541227,-0.6241378784179688,-0.4836030900478363,0.32187631726264954,-0.5224707722663879,8.861368179321289,2.9211058616638184,3.5401217937469482,-17.336097717285156,10.218694686889648,-5.3854498863220215
1781548272939363,204557894,-0.6265738606452942,-0.4814469814300537,0.3214811086654663,-0.5217890739440918,8.873797416687012,2.68520188331604,3.3893492221832275,-17.0659236907959,12.725916862487793,-7.675819396972656
1781548272968447,204574561,-0.6282390356063843,-0.48052436113357544,0.32019710540771484,-0.5214269161224365,8.905294418334961,2.5512442588806152,3.125819683074951,-5.305854320526123,11.482817649841309,-9.202804565429688
1781548272969970,204591228,-0.6286658048629761,-0.4807113707065582,0.31876862049102783,-0.5216152667999268,9.102293014526367,2.7257697582244873,3.1095998287200928,5.308573246002197,7.222482681274414,-5.304558753967285
1781548272998121,204607895,-0.6288173794746399,-0.4806031286716461,0.3177109658718109,-0.5221773386001587,9.165980339050293,3.1458911895751953,3.250608205795288,4.432413101196289,7.310051918029785,-0.830210268497467
1781548273028616,204624562,-0.6297760605812073,-0.4791530668735504,0.3180742561817169,-0.522133469581604,8.930495262145996,3.254380464553833,3.255774736404419,-10.46229362487793,5.745245456695557,1.2786569595336914
1781548273030534,204641229,-0.6313046813011169,-0.4766044020652771,0.31988421082496643,-0.5215138792991638,8.719091415405273,2.981271266937256,3.350179433822632,-23.55184555053711,2.775019645690918,3.908025026321411
1781548273058261,204657896,-0.6324309706687927,-0.47472602128982544,0.3214210867881775,-0.5209173560142517,8.662982940673828,2.6887478828430176,3.456387996673584,-18.28146743774414,0.7507666349411011,3.0880045890808105
1781548273060634,204674563,-0.6330680251121521,-0.47386932373046875,0.3219904899597168,-0.520571768283844,8.750541687011719,2.7645435333251953,3.6179819107055664,-8.231705665588379,1.0335686206817627,0.5115177035331726
1781548273118489,204691230,-0.6344072222709656,-0.47229766845703125,0.32274574041366577,-0.5199016332626343,8.825295448303223,2.962714195251465,3.7570226192474365,-15.027318000793457,3.276270627975464,-1.230076551437378
1781548273119352,204707897,-0.6365896463394165,-0.4695534110069275,0.32429012656211853,-0.5187574625015259,8.674562454223633,2.788140058517456,3.4779582023620605,-26.749420166015625,4.3578643798828125,-1.1467218399047852
1781548273122073,204724564,-0.638733983039856,-0.4665057361125946,0.3261428475379944,-0.5177086591720581,8.30292797088623,2.2760512828826904,3.342496156692505,-28.819055557250977,4.319908142089844,1.0881778001785278
1781548273148480,204741231,-0.6398266553878784,-0.46455419063568115,0.3279496431350708,-0.5169726014137268,8.27601146697998,1.9465233087539673,3.50042724609375,-19.78376579284668,-0.7408483624458313,3.5925514698028564
1781548273150376,204757898,-0.6398762464523315,-0.46379560232162476,0.32907021045684814,-0.5168800950050354,9.102112770080566,2.1679558753967285,3.6014037132263184,-7.316909313201904,-2.2595527172088623,5.247562885284424
1781548273179271,204774565,-0.6390380263328552,-0.46455734968185425,0.32818228006362915,-0.5177969932556152,10.020075798034668,2.928809642791748,2.9875268936157227,11.615973472595215,2.3815150260925293,2.9953746795654297
1781548273180572,204791232,-0.6372942924499512,-0.4670383334159851,0.3257409632205963,-0.5192534327507019,9.923455238342285,3.6410152912139893,2.8240044116973877,28.793039321899414,2.7626256942749023,-0.2571394443511963
1781548273208492,204807899,-0.6381233334541321,-0.46623319387435913,0.32628393173217773,-0.5186176300048828,9.268284797668457,3.9117162227630615,4.047346115112305,-9.188149452209473,0.4690774977207184,-1.6588324308395386
1781548273210385,204824566,-0.6423251628875732,-0.46089935302734375,0.33152997493743896,-0.5148575901985168,9.01494026184082,3.0196585655212402,4.332947731018066,-63.656715393066406,-6.469028949737549,-2.1588358879089355
1781548273238669,204841233,-0.6462149620056152,-0.4557189643383026,0.33639153838157654,-0.5114365220069885,9.072077751159668,1.4786345958709717,3.4483301639556885,-59.80487060546875,-4.937947750091553,-1.1047025918960571
1781548273240876,204857900,-0.6470547914505005,-0.4543386399745941,0.33638855814933777,-0.5116047859191895,9.097841262817383,0.9123194217681885,3.2927424907684326,-7.964540958404541,7.502378940582275,1.5320560932159424
1781548273269208,204874567,-0.6448656916618347,-0.4573468863964081,0.3325897455215454,-0.5141655802726746,9.052907943725586,1.7926487922668457,3.7386350631713867,39.87971878051758,9.413930892944336,0.8101279735565186
1781548273270825,204891234,-0.6429048776626587,-0.46070677042007446,0.3293260633945465,-0.515720009803772,9.229272842407227,3.039015769958496,4.004617214202881,36.52864456176758,3.1567227840423584,-3.5811595916748047
1781548273298549,204907901,-0.64390629529953,-0.4607444405555725,0.3289143145084381,-0.51469886302948,9.45238971710205,3.1986987590789795,3.611172914505005,-3.4762461185455322,0.8808401226997375,-8.90931510925293
1781548273328609,204924568,-0.6474419832229614,-0.45737671852111816,0.3305772542953491,-0.5121958255767822,9.385540962219238,2.4797213077545166,3.4887630939483643,-37.279754638671875,4.781744003295898,-10.1665678024292
1781548273330169,204941235,-0.6508545875549316,-0.4540040194988251,0.3312675952911377,-0.5104220509529114,8.763410568237305,1.7916123867034912,3.6316792964935303,-31.833101272583008,11.142245292663574,-9.535253524780273
1781548273357943,204957902,-0.6520349979400635,-0.4538247883319855,0.33005133271217346,-0.5098626017570496,8.251970291137695,1.749064564704895,3.6261467933654785,-1.1172904968261719,7.173563480377197,-9.494068145751953
1781548273359730,204974569,-0.6516947150230408,-0.4562428593635559,0.32780468463897705,-0.5095889568328857,8.257892608642578,2.1626288890838623,3.6042187213897705,19.532222747802734,0.1282750368118286,-11.991144180297852
1781548273388443,204991236,-0.6513484716415405,-0.45894232392311096,0.3255853056907654,-0.5090299248695374,8.560916900634766,2.497300148010254,3.426633834838867,20.0741024017334,-1.888184666633606,-13.797332763671875
1781548273390210,205007903,-0.6510527729988098,-0.46151068806648254,0.32364434003829956,-0.5083235502243042,8.949528694152832,2.6673295497894287,3.4670727252960205,18.021568298339844,-3.027848958969116,-13.462761878967285
1781548273418163,205024570,-0.6499931216239929,-0.4645029604434967,0.32107776403427124,-0.5085817575454712,9.140449523925781,2.9924230575561523,3.4457271099090576,26.67620849609375,-0.34821847081184387,-9.403243064880371
1781548273419860,205041237,-0.6488580107688904,-0.46664854884147644,0.3183252513408661,-0.5097957253456116,9.00568675994873,3.49436092376709,3.8381659984588623,25.893356323242188,6.329905986785889,-3.592843532562256
1781548273448158,205057904,-0.6486725807189941,-0.46733561158180237,0.31676021218299866,-0.5103769302368164,8.844826698303223,3.756923198699951,3.808267831802368,10.793166160583496,6.193366050720215,-2.741354465484619
1781548273478677,205074571,-0.6501087546348572,-0.4663006365299225,0.31707221269607544,-0.5093013048171997,8.93419361114502,3.490013360977173,3.8708584308624268,-12.293310165405273,2.072075366973877,-6.0385050773620605
1781548273479999,205091238,-0.6526107788085938,-0.4642166793346405,0.3180469274520874,-0.5073939561843872,8.978565216064453,2.9830706119537354,3.6561875343322754,-24.537521362304688,2.4380078315734863,-9.078031539916992
1781548273508393,205107905,-0.6545567512512207,-0.46259361505508423,0.3185402750968933,-0.506058394908905,8.797800064086914,2.6769301891326904,3.6800713539123535,-17.76364517211914,3.599684000015259,-7.115741729736328
1781548273509992,205124572,-0.6561093926429749,-0.46135810017585754,0.3189934194087982,-0.504888653755188,8.769453048706055,2.5796823501586914,3.862318754196167,-14.26161003112793,2.0994296073913574,-5.976535797119141
1781548273540338,205141239,-0.6573229432106018,-0.4607919454574585,0.3187350630760193,-0.503989577293396,8.869938850402832,2.5072431564331055,3.7219855785369873,-7.103236675262451,3.0994768142700195,-7.30361795425415
1781548273541492,205157906,-0.6580870747566223,-0.4610789716243744,0.3175775110721588,-0.5034602284431458,8.960025787353516,2.6104135513305664,3.724177122116089,2.1015806198120117,4.393124103546143,-8.795059204101562
1781548273568721,205174573,-0.6587164998054504,-0.46209800243377686,0.31606563925743103,-0.5026534795761108,8.985760688781738,2.7706897258758545,3.692554235458374,6.460519313812256,2.2893476486206055,-12.306193351745605
1781548273570689,205191240,-0.6590757966041565,-0.4636457860469818,0.3143143355846405,-0.5018547773361206,8.955452919006348,2.877662181854248,3.6410422325134277,10.561964988708496,0.9860194325447083,-13.244954109191895
1781548273598016,205207907,-0.6589676737785339,-0.4653818607330322,0.31215888261795044,-0.5017353892326355,8.715973854064941,3.1697657108306885,3.9192049503326416,15.76531982421875,3.3225793838500977,-10.250470161437988
1781548273627984,205224574,-0.6592220664024353,-0.4662260413169861,0.3107060492038727,-0.5015192627906799,8.480786323547363,3.39559268951416,4.1780805587768555,7.93341588973999,3.684586524963379,-7.776275634765625
1781548273630731,205241241,-0.6602399945259094,-0.4659416079521179,0.3105866611003876,-0.5005171298980713,8.714674949645996,3.3654873371124268,3.9329166412353516,-5.905086517333984,0.6442043781280518,-7.285482883453369
1781548273658287,205257908,-0.6622264981269836,-0.4644956588745117,0.3108747601509094,-0.4990559220314026,8.994189262390137,3.1250078678131104,3.746969223022461,-16.664051055908203,3.3875715732574463,-8.916802406311035
1781548273659718,205274575,-0.664463460445404,-0.4629351794719696,0.31038692593574524,-0.49783486127853394,8.710444450378418,2.872859477996826,3.736058473587036,-14.808425903320312,8.616219520568848,-10.915443420410156
1781548273689301,205291242,-0.6657262444496155,-0.4628460705280304,0.309147447347641,-0.49700117111206055,8.35436725616455,2.9977593421936035,3.7697274684906006,-1.5863234996795654,6.167829990386963,-11.344076156616211
1781548273691576,205307909,-0.666488766670227,-0.4633627235889435,0.30808761715888977,-0.4961552023887634,8.351593017578125,3.230452299118042,3.860647678375244,2.136247158050537,2.1727325916290283,-10.40746784210205
1781548273719012,205324576,-0.6681037545204163,-0.4624561667442322,0.3079725503921509,-0.49489879608154297,8.52343463897705,3.2137560844421387,3.841186046600342,-11.192375183105469,3.1965510845184326,-9.171172142028809
1781548273720595,205341243,-0.6697296500205994,-0.4614228904247284,0.30780211091041565,-0.4937702417373657,8.634028434753418,2.956193447113037,3.6301686763763428,-11.351750373840332,4.310384273529053,-8.529317855834961
1781548273748320,205357910,-0.6703928709030151,-0.4617830216884613,0.3066460192203522,-0.49325260519981384,8.57763957977295,2.926102876663208,3.5237438678741455,2.7583279609680176,4.020394325256348,-8.523984909057617
1781548273778957,205374577,-0.6709297895431519,-0.4623068869113922,0.3052832782268524,-0.492877334356308,8.325278282165527,3.024909496307373,3.7557199001312256,4.9159040451049805,4.603826522827148,-8.440154075622559
1781548273780037,205391244,-0.6712979078292847,-0.4631151854991913,0.3042425811290741,-0.49226054549217224,8.265466690063477,3.0529861450195312,3.7604546546936035,5.165731430053711,1.032249927520752,-8.556041717529297
1781548273809046,205407911,-0.6710320115089417,-0.4650050699710846,0.3034464418888092,-0.4913315176963806,8.816073417663574,3.048964262008667,3.6773436069488525,10.696161270141602,-6.0770792961120605,-9.335094451904297
1781548273809977,205424578,-0.6698039174079895,-0.46841397881507874,0.3016199767589569,-0.49089372158050537,9.458589553833008,3.2884953022003174,3.561328172683716,25.286380767822266,-6.891461372375488,-10.282580375671387
1781548273838387,205441245,-0.6682430505752563,-0.47232601046562195,0.2983473241329193,-0.49127230048179626,9.123588562011719,3.815307855606079,3.8339433670043945,35.24887466430664,0.010418015532195568,-11.10055923461914
1781548273839789,205457912,-0.6674137711524963,-0.47504788637161255,0.29599615931510925,-0.4911971390247345,8.36217975616455,4.2043657302856445,4.260846138000488,23.361364364624023,-0.17619016766548157,-10.222001075744629
1781548273868082,205474579,-0.667285680770874,-0.47641998529434204,0.29568198323249817,-0.4902306795120239,8.325797080993652,4.280354022979736,4.4506449699401855,6.184208869934082,-6.449075698852539,-7.27899169921875
1781548273870438,205491246,-0.6676011681556702,-0.4769741892814636,0.295850932598114,-0.4891591966152191,8.83349323272705,4.175574779510498,4.154038429260254,-0.8631481528282166,-5.352159023284912,-6.009137153625488
1781548273898193,205507913,-0.6689005494117737,-0.4758266806602478,0.2964196503162384,-0.4881563186645508,9.077900886535645,3.844464063644409,3.9077234268188477,-13.105833053588867,0.7616772651672363,-4.230746746063232
1781548273929563,205524580,-0.6705978512763977,-0.47381192445755005,0.2971256375312805,-0.48735734820365906,8.888751029968262,3.440986156463623,3.7309350967407227,-18.4412841796875,4.518617630004883,-2.4117844104766846
1781548273930118,205541247,-0.6721636652946472,-0.4719724953174591,0.2976839542388916,-0.4866439998149872,8.701871871948242,3.2614634037017822,3.8957841396331787,-16.53464126586914,4.623244762420654,-2.4153826236724854
1781548273957962,205557914,-0.6735981106758118,-0.4705013036727905,0.29773038625717163,-0.4860564172267914,8.55178165435791,3.3216850757598877,3.8261170387268066,-12.436356544494629,5.895285129547119,-3.8102757930755615
1781548273960359,205574581,-0.6748602986335754,-0.46957874298095703,0.29726192355155945,-0.48548412322998047,8.334312438964844,3.457883834838867,3.8092851638793945,-7.585869312286377,6.143060684204102,-5.952624320983887
1781548273988388,205591248,-0.676398515701294,-0.4683966338634491,0.29710134863853455,-0.4845828115940094,8.104951858520508,3.4681246280670166,3.8228344917297363,-11.382149696350098,5.08273458480835,-6.8765788078308105
1781548273989951,205607915,-0.6781059503555298,-0.4668651223182678,0.29740050435066223,-0.4834896922111511,7.907347679138184,3.2810802459716797,3.7848386764526367,-15.4739408493042,3.836613416671753,-6.13724422454834
1781548274018444,205624582,-0.6792783737182617,-0.46563053131103516,0.2977956235408783,-0.4827909469604492,7.7759552001953125,2.976672649383545,3.5972342491149902,-11.885912895202637,2.573763847351074,-2.8194985389709473
1781548274020158,205641249,-0.678986132144928,-0.4657566249370575,0.29742956161499023,-0.48330575227737427,7.509891510009766,2.853555917739868,3.3743486404418945,4.169626235961914,2.4982564449310303,2.487089157104492
1781548274048210,205657916,-0.6776886582374573,-0.46659907698631287,0.2969440519809723,-0.4846113324165344,7.087527751922607,2.9595980644226074,3.464942693710327,12.74623966217041,1.1518359184265137,7.6712212562561035
1781548274079619,205674583,-0.6760326027870178,-0.46732139587402344,0.29709601402282715,-0.48613232374191284,6.83809232711792,3.193277597427368,3.594395399093628,11.65282154083252,-1.4591567516326904,12.159748077392578
1781548274081686,205691250,-0.674099862575531,-0.4683723747730255,0.29781773686408997,-0.4873618483543396,7.048013687133789,3.3728623390197754,3.657015323638916,11.56951904296875,-6.707781791687012,12.889074325561523
1781548274108512,205707917,-0.6715636253356934,-0.4703916609287262,0.29865869879722595,-0.48840251564979553,7.727935314178467,3.507610321044922,3.5485963821411133,17.21508026123047,-12.349815368652344,12.438802719116211
1781548274109937,205724584,-0.6682250499725342,-0.47382044792175293,0.29909613728523254,-0.4893987774848938,8.564855575561523,3.7034096717834473,3.371988534927368,27.581398010253906,-17.010154724121094,10.729107856750488
1781548274139533,205741251,-0.6641245484352112,-0.4781617820262909,0.29924625158309937,-0.49066469073295593,8.822364807128906,3.9776647090911865,3.430405616760254,35.77724075317383,-19.448537826538086,11.720222473144531
1781548274140214,205757918,-0.6602610349655151,-0.4812069237232208,0.3004554212093353,-0.4921603798866272,8.53819465637207,3.9945034980773926,3.856651544570923,25.97934913635254,-18.667612075805664,18.11910629272461
1781548274168599,205774585,-0.6550805568695068,-0.4847918152809143,0.30206364393234253,-0.4945748746395111,8.420543670654297,3.8440539836883545,3.7819948196411133,33.33431625366211,-21.986263275146484,26.953088760375977
1781548274169968,205791252,-0.6485546231269836,-0.4889441132545471,0.30334532260894775,-0.4982893764972687,8.578509330749512,4.0221781730651855,3.8612985610961914,44.18391036987305,-20.906389236450195,35.11738204956055
1781548274198262,205807919,-0.641852617263794,-0.4926999509334564,0.3046529293060303,-0.5024527311325073,8.681050300598145,4.340910911560059,3.863459587097168,43.85623550415039,-18.5222225189209,38.637657165527344
1781548274228789,205824586,-0.6360931396484375,-0.4950188398361206,0.3071943521499634,-0.5059384107589722,8.752853393554688,4.5566182136535645,3.9657530784606934,28.64045524597168,-19.324750900268555,39.581424713134766
1781548274230954,205841253,-0.6327478885650635,-0.4940246343612671,0.3121635317802429,-0.5080589056015015,9.309578895568848,4.41314697265625,4.249475002288818,-5.394673824310303,-17.965255737304688,40.475460052490234
1781548274258169,205857920,-0.6306617856025696,-0.49178287386894226,0.3177207410335541,-0.509381115436554,9.978058815002441,4.086555480957031,3.6083576679229736,-18.86685562133789,-16.176504135131836,37.280269622802734
1781548274261085,205874587,-0.6290947198867798,-0.48910433053970337,0.3236563205718994,-0.5101603865623474,10.127750396728516,3.7866032123565674,3.072603464126587,-25.028392791748047,-16.989057540893555,35.34223937988281
1781548274288595,205891254,-0.6294552683830261,-0.48345211148262024,0.3304712474346161,-0.5107339024543762,9.065511703491211,3.092419147491455,3.334465980529785,-47.91518020629883,-6.764749050140381,37.26671600341797
1781548274290628,205907921,-0.6297053098678589,-0.4771658480167389,0.3381718099117279,-0.5112963914871216,8.0917387008667,2.231868028640747,3.337599277496338,-53.42549514770508,-8.659258842468262,41.99195861816406
1781548274318873,205924588,-0.6277582049369812,-0.4727371335029602,0.3449588119983673,-0.5132670402526855,7.857847213745117,1.5934771299362183,3.4297547340393066,-31.69048309326172,-11.72507381439209,48.49605941772461
1781548274320386,205941255,-0.6233433485031128,-0.47139137983322144,0.34882354736328125,-0.517257809638977,8.197197914123535,1.6402900218963623,3.246457099914551,4.741189956665039,-9.279449462890625,49.11180877685547
1781548274348178,205957922,-0.6178273558616638,-0.4715532958507538,0.351051926612854,-0.5221970081329346,8.509305000305176,2.098491668701172,3.020491600036621,22.865835189819336,-7.195000648498535,48.17258071899414
1781548274378031,205974589,-0.6136771440505981,-0.470047265291214,0.3544084429740906,-0.5261661410331726,8.677964210510254,2.231642246246338,3.1566309928894043,4.960982322692871,-5.846887588500977,46.832069396972656
1781548274379488,205991256,-0.6099924445152283,-0.46827566623687744,0.3591790795326233,-0.5287891626358032,9.186338424682617,2.0871903896331787,3.0973808765411377,-6.060704231262207,-14.06917953491211,44.68509292602539
1781548274408372,206007923,-0.6046653985977173,-0.4690742492675781,0.36369431018829346,-0.5311081409454346,10.559648513793945,2.016287326812744,2.1200032234191895,10.183926582336426,-27.377281188964844,42.21173858642578
1781548274410354,206024590,-0.599683940410614,-0.469525009393692,0.36632999777793884,-0.5345352292060852,10.729500770568848,2.0436556339263916,2.507927894592285,17.2586612701416,-13.85326862335205,40.36576461791992
1781548274438160,206041257,-0.5958473086357117,-0.4686179757118225,0.3699243366718292,-0.537139892578125,9.979643821716309,1.9580034017562866,2.8346617221832275,2.3689262866973877,-12.585745811462402,39.28050231933594
1781548274439625,206057924,-0.5922613739967346,-0.46763500571250916,0.3746337294578552,-0.5386961698532104,9.494637489318848,1.7011139392852783,2.6386358737945557,-5.535888195037842,-19.613039016723633,37.845924377441406
1781548274468744,206074591,-0.5895270705223083,-0.46588605642318726,0.3798196017742157,-0.5395787954330444,9.320273399353027,1.3705646991729736,3.2504916191101074,-14.891897201538086,-18.688068389892578,35.45424270629883
1781548274470188,206091258,-0.5874997973442078,-0.4639218747615814,0.38513824343681335,-0.539712131023407,9.946677207946777,1.206070065498352,3.214512586593628,-20.478450775146484,-18.982379913330078,30.781227111816406
1781548274498142,206107925,-0.5861712694168091,-0.46126875281333923,0.3901005983352661,-0.5398666858673096,10.861352920532227,1.1713091135025024,2.7959024906158447,-24.11105728149414,-13.069836616516113,28.96146011352539
1781548274528502,206124592,-0.5865550637245178,-0.4568563401699066,0.39465010166168213,-0.5398953557014465,10.746546745300293,0.9850859045982361,2.8216967582702637,-35.437007904052734,-0.6820451617240906,25.506635665893555
1781548274530022,206141259,-0.5879733562469482,-0.4513818621635437,0.39951378107070923,-0.5393801331520081,9.954955101013184,0.4683477580547333,2.7810161113739014,-45.61313247680664,3.092179298400879,23.341096878051758
1781548274558007,206157926,-0.5883758664131165,-0.44707348942756653,0.40418702363967896,-0.5390473008155823,9.858670234680176,-0.1987868994474411,2.291337251663208,-36.5391731262207,-2.6865084171295166,24.04941749572754
1781548274559457,206174593,-0.5867684483528137,-0.4451259672641754,0.40702348947525024,-0.5402754545211792,10.332782745361328,-0.6151666045188904,2.2982194423675537,-9.663582801818848,-4.7932634353637695,25.605321884155273
1781548274588570,206191260,-0.5821677446365356,-0.4478261470794678,0.405380517244339,-0.5442420244216919,10.512724876403809,-0.0679253339767456,2.3661696910858154,42.54960250854492,-3.981064558029175,21.053630828857422
1781548274589571,206207927,-0.5785424113273621,-0.45044374465942383,0.4024761915206909,-0.5480896830558777,10.000414848327637,0.9014695882797241,2.8815627098083496,43.60524368286133,3.730792284011841,13.273039817810059
1781548274618233,206224594,-0.5784927010536194,-0.4502776861190796,0.4025658071041107,-0.5482128262519836,9.4844331741333,1.0908342599868774,3.020138740539551,-0.1305607408285141,0.6711615324020386,1.958993673324585
1781548274620153,206241261,-0.5803738236427307,-0.4484468102455139,0.40479040145874023,-0.5460829734802246,9.712977409362793,0.5674238801002502,2.508256196975708,-27.012109756469727,-3.177020788192749,-3.061532735824585
1781548274648158,206257928,-0.5819196105003357,-0.446647584438324,0.40605250000953674,-0.5449743270874023,9.931303977966309,0.09921475499868393,2.247753143310547,-19.394615173339844,2.760982036590576,-0.7837623953819275
1781548274678780,206274595,-0.5821170806884766,-0.44621342420578003,0.40527933835983276,-0.5456942319869995,9.821630477905273,0.1699826419353485,2.292941093444824,2.936964273452759,7.640406131744385,1.521695852279663
1781548274680240,206291262,-0.582219123840332,-0.44615301489830017,0.4038752317428589,-0.5466749668121338,9.588214874267578,0.3420667350292206,2.400465250015259,7.8194780349731445,9.299060821533203,-0.0547855906188488
1781548274708974,206307929,-0.5822655558586121,-0.4468458592891693,0.402473121881485,-0.5470933318138123,9.463969230651855,0.4380049705505371,2.1953048706054688,9.435575485229492,4.580609321594238,-4.183157920837402
1781548274711097,206324596,-0.5816873908042908,-0.4490322768688202,0.4007149934768677,-0.5472090244293213,9.592055320739746,0.6840592622756958,2.281710386276245,17.8367919921875,-2.2691218852996826,-8.27265739440918
1781548274739489,206341263,-0.5813043713569641,-0.45148026943206787,0.3989555239677429,-0.5468871593475342,9.778352737426758,1.045303225517273,2.5148608684539795,17.079938888549805,-4.060694694519043,-11.481332778930664
1781548274741667,206357930,-0.5822843909263611,-0.45243939757347107,0.39825522899627686,-0.545560896396637,9.737113952636719,1.0861982107162476,2.6987693309783936,0.15979132056236267,-2.0737974643707275,-13.249585151672363
1781548274768934,206374597,-0.5840728282928467,-0.45237597823143005,0.39839664101600647,-0.5435945987701416,9.651509284973145,0.7917086482048035,2.609295129776001,-11.357565879821777,-1.38511061668396,-13.424999237060547
1781548274770579,206391264,-0.5850417613983154,-0.45358264446258545,0.39751532673835754,-0.5421907901763916,9.660161018371582,0.6416327953338623,2.3714394569396973,1.6555356979370117,-2.519792079925537,-14.763566970825195
1781548274798251,206407931,-0.585062563419342,-0.4562312662601471,0.3954560458660126,-0.5414512753486633,9.778922080993652,0.8367778062820435,2.5275678634643555,16.61935043334961,-3.6756858825683594,-16.172121047973633
1781548274828115,206424598,-0.5852380990982056,-0.4589012563228607,0.39324307441711426,-0.5406163334846497,9.86667537689209,1.1631699800491333,2.8149187564849854,16.530961990356445,-3.0155811309814453,-17.67377281188965
1781548274830146,206441265,-0.5865230560302734,-0.46019867062568665,0.39213305711746216,-0.5389246940612793,10.014008522033691,1.377737283706665,2.9915223121643066,1.092491626739502,-2.055626392364502,-18.052812576293945
1781548274857973,206457932,-0.5894239544868469,-0.45964500308036804,0.39196446537971497,-0.5363485813140869,9.890689849853516,1.2153003215789795,3.0038373470306396,-17.357616424560547,2.565803289413452,-19.638303756713867
1781548274860373,206474599,-0.5930588245391846,-0.4584888517856598,0.39169296622276306,-0.5335222482681274,9.539590835571289,0.8252930641174316,2.9133598804473877,-22.413177490234375,6.3905510902404785,-22.059938430786133
1781548274888687,206491266,-0.5957368612289429,-0.45874691009521484,0.39027053117752075,-0.5313547253608704,9.336007118225098,0.6096932888031006,2.7277331352233887,-7.634266376495361,5.396076202392578,-23.300922393798828
1781548274889829,206507933,-0.5968807935714722,-0.46079111099243164,0.3874567151069641,-0.5303605198860168,9.491009712219238,0.7377591729164124,2.651743173599243,12.7518310546875,4.153960227966309,-22.07280731201172
1781548274918180,206524600,-0.5967731475830078,-0.4642239511013031,0.3832229971885681,-0.5305641293525696,9.702131271362305,1.1134496927261353,2.5849499702453613,30.78495979309082,5.378046989440918,-20.79268455505371
1781548274920086,206541267,-0.5966152548789978,-0.46795153617858887,0.3788200318813324,-0.5306289792060852,9.894679069519043,1.5663479566574097,2.719491720199585,32.405975341796875,4.422998428344727,-22.496091842651367
1781548274948141,206557934,-0.5971682071685791,-0.47105684876441956,0.374744713306427,-0.5301529765129089,10.087190628051758,1.935631513595581,2.7740416526794434,24.962432861328125,5.461068153381348,-24.633033752441406
1781548274978191,206574601,-0.5990583300590515,-0.47298184037208557,0.3712446093559265,-0.528767466545105,9.882383346557617,2.176546812057495,2.839761972427368,11.345831871032715,7.901193618774414,-28.33627700805664
1781548274979838,206591268,-0.6020640730857849,-0.47384628653526306,0.36875423789024353,-0.5263165831565857,9.554949760437012,2.1890182495117188,2.953997850418091,-3.040776491165161,6.980939865112305,-30.789140701293945
1781548275007951,206607935,-0.6053619384765625,-0.4740617573261261,0.3669227361679077,-0.5236128568649292,9.33113956451416,2.0815181732177734,2.8607394695281982,-9.70394229888916,6.518986225128174,-29.10032844543457
1781548275009720,206624602,-0.6081244349479675,-0.4744955897331238,0.36476609110832214,-0.5215212106704712,9.315071105957031,1.9780727624893188,2.796356678009033,-4.33510160446167,7.730490207672119,-26.23569679260254
1781548275038435,206641269,-0.6105804443359375,-0.47484391927719116,0.36243826150894165,-0.5199551582336426,9.583910942077637,2.071227788925171,2.910263776779175,-1.7619655132293701,9.698378562927246,-23.283430099487305
1781548275039412,206657936,-0.613194465637207,-0.47499778866767883,0.3597213923931122,-0.518623411655426,9.627948760986328,2.2182717323303223,2.9007205963134766,-1.1189961433410645,13.185508728027344,-23.650646209716797
1781548275068321,206674603,-0.6160311102867126,-0.47538307309150696,0.35684946179389954,-0.5168901085853577,9.496517181396484,2.3217947483062744,2.965442419052124,-1.3103625774383545,12.253532409667969,-27.21546173095703
1781548275071454,206691270,-0.6191076040267944,-0.4759024977684021,0.3540894389152527,-0.5146293044090271,9.324621200561523,2.3868987560272217,2.9924309253692627,-3.2186312675476074,10.166874885559082,-30.26589012145996
1781548275098029,206707937,-0.6225197315216064,-0.476010799407959,0.35186269879341125,-0.5119333863258362,9.12069320678711,2.2767574787139893,2.9927875995635986,-9.012093544006348,8.7453031539917,-30.558921813964844
1781548275128935,206724604,-0.6253950595855713,-0.4763703942298889,0.34951186180114746,-0.509699821472168,8.983773231506348,2.1056060791015625,3.0027682781219482,-4.624476432800293,8.606910705566406,-27.705291748046875
1781548275131358,206741271,-0.627631425857544,-0.4771815836429596,0.34659022092819214,-0.5081850290298462,8.951769828796387,2.1933512687683105,3.2776379585266113,3.1375832557678223,10.296224594116211,-25.330810546875
1781548275158133,206757938,-0.6295194029808044,-0.4784467816352844,0.3430810868740082,-0.5070402026176453,9.043717384338379,2.477464199066162,3.2064218521118164,9.174554824829102,11.62855339050293,-25.526256561279297
1781548275159768,206774605,-0.6314148902893066,-0.48022589087486267,0.3390510678291321,-0.5057103037834167,9.056124687194824,2.8412842750549316,3.151505470275879,12.752225875854492,11.500143051147461,-29.279224395751953
1781548275188187,206791272,-0.6339442729949951,-0.48137572407722473,0.3354359269142151,-0.5038601756095886,8.770319938659668,3.079247236251831,3.3155417442321777,5.274168491363525,11.647287368774414,-30.904273986816406
1781548275190985,206807939,-0.6366605162620544,-0.48234257102012634,0.33241984248161316,-0.5015038847923279,8.524702072143555,3.166260242462158,3.441993236541748,0.6174154877662659,8.426025390625,-31.351839065551758
1781548275218572,206824606,-0.6393068432807922,-0.48245686292648315,0.3303474485874176,-0.4993925094604492,8.490880012512207,3.085728168487549,3.5418739318847656,-5.573606014251709,7.88695764541626,-24.959033966064453
1781548275220161,206841273,-0.6410104036331177,-0.48288267850875854,0.32788875699043274,-0.4984164834022522,8.628560066223145,3.0473365783691406,3.4025301933288574,2.8317384719848633,10.14079475402832,-18.718467712402344
1781548275248149,206857940,-0.64185631275177,-0.4842827320098877,0.32472628355026245,-0.4980398714542389,8.7113037109375,3.27581787109375,3.1168415546417236,13.720283508300781,9.955530166625977,-17.67547607421875
1781548275278419,206874607,-0.6435461640357971,-0.48466360569000244,0.3221701383590698,-0.4971481263637543,8.526488304138184,3.4316763877868652,3.1357340812683105,3.196476697921753,10.94184684753418,-18.540218353271484
1781548275279456,206891274,-0.6459764838218689,-0.4839876890182495,0.32066917419433594,-0.4956227242946625,8.398731231689453,3.2816531658172607,3.234647274017334,-8.945379257202148,9.418375015258789,-18.012853622436523
1781548275308420,206907941,-0.647483766078949,-0.4842093586921692,0.31872278451919556,-0.4946938157081604,8.523225784301758,3.12886643409729,3.1491899490356445,0.9825618863105774,8.300054550170898,-15.665091514587402
1781548275309492,206924608,-0.647112250328064,-0.48649945855140686,0.31563135981559753,-0.49491533637046814,8.770303726196289,3.3779587745666504,3.10384202003479,22.823192596435547,6.062534332275391,-12.511385917663574
1781548275338522,206941275,-0.6464974284172058,-0.48842450976371765,0.3128804862499237,-0.4955689609050751,8.74392032623291,3.8136658668518066,3.362286329269409,21.738676071166992,6.688328266143799,-7.848810195922852
1781548275340196,206957942,-0.6469665765762329,-0.48793065547943115,0.3123697340488434,-0.4957653284072876,8.478389739990234,3.844298839569092,3.45817232131958,-1.2306007146835327,5.783265113830566,-0.8334117531776428
1781548275368725,206974609,-0.647272527217865,-0.4868710935115814,0.3133699893951416,-0.495776504278183,8.373174667358398,3.5356640815734863,3.3868184089660645,-8.718283653259277,0.0284108966588974,5.194429874420166
1781548275369795,206991276,-0.646687388420105,-0.48581796884536743,0.31475821137428284,-0.4966929256916046,8.570011138916016,3.351818561553955,3.6640939712524414,-5.101015567779541,-0.6173304915428162,13.538273811340332
1781548275398160,207007943,-0.6459736227989197,-0.48449617624282837,0.3154640793800354,-0.4984618127346039,8.622807502746582,3.545538902282715,3.923464775085449,-1.7073698043823242,5.896246910095215,16.063602447509766
1781548275458404,207024610,-0.6459250450134277,-0.4830973148345947,0.31639915704727173,-0.49928924441337585,8.674858093261719,3.775743246078491,3.5176970958709717,-7.084002494812012,3.45078182220459,10.53803825378418
1781548275460034,207041277,-0.6470709443092346,-0.4805038571357727,0.31883248686790466,-0.4987596571445465,8.810009956359863,3.511622905731201,3.277884006500244,-24.454944610595703,-1.0119729042053223,7.985846042633057
1781548275461653,207057944,-0.6484155654907227,-0.4775364398956299,0.3218541741371155,-0.4979221224784851,8.884953498840332,2.989328145980835,3.322920322418213,-29.46706199645996,-2.9292960166931152,8.699094772338867
1781548275488809,207074611,-0.6486974954605103,-0.4753943085670471,0.32471051812171936,-0.49774986505508423,8.888736724853516,2.5291147232055664,3.3115792274475098,-20.260238647460938,-5.184507846832275,12.933012962341309
1781548275489925,207091278,-0.6475447416305542,-0.4741896390914917,0.32645145058631897,-0.4992591440677643,9.07933235168457,2.299161434173584,3.4382941722869873,-3.818641424179077,-1.1247448921203613,19.603418350219727
1781548275491524,207107945,-0.6452912092208862,-0.4746335744857788,0.32593661546707153,-0.5020835399627686,9.162569999694824,2.6705691814422607,3.6131057739257812,17.804948806762695,5.075534343719482,18.1811466217041
1781548275518547,207124612,-0.6431037187576294,-0.4760829210281372,0.3249512016773224,-0.5041523575782776,9.232884407043457,3.43517804145813,3.583167552947998,21.980398178100586,1.3753217458724976,10.81204605102539
1781548275521316,207141279,-0.643172562122345,-0.4752728044986725,0.32585129141807556,-0.5042480826377869,9.239004135131836,3.6038761138916016,3.6126630306243896,-6.338119029998779,-0.5467287302017212,5.487656116485596
1781548275548183,207157946,-0.6454423666000366,-0.47209179401397705,0.3280416429042816,-0.5029139518737793,9.109797477722168,3.124892234802246,3.621964454650879,-31.692190170288086,2.2248358726501465,1.0622713565826416
1781548275578021,207174613,-0.6476736664772034,-0.46854645013809204,0.330445259809494,-0.5017859935760498,9.02829360961914,2.3997793197631836,3.4619619846343994,-33.45627212524414,3.120208978652954,3.6241791248321533
1781548275579932,207191280,-0.6479904055595398,-0.46713554859161377,0.3313736617565155,-0.502080500125885,9.140144348144531,2.112680435180664,3.2272918224334717,-9.462654113769531,2.5575764179229736,6.96128511428833
1781548275608354,207207947,-0.6461455225944519,-0.46810653805732727,0.3304486572742462,-0.5041589140892029,8.993341445922852,2.5573978424072266,3.272132158279419,18.554658889770508,3.398574113845825,10.991087913513184
1781548275609845,207224614,-0.6445560455322266,-0.46870091557502747,0.3299321234226227,-0.5059763193130493,8.786828994750977,3.1786465644836426,3.6118710041046143,14.050498008728027,2.629793643951416,11.115893363952637
1781548275639121,207241281,-0.6450374722480774,-0.46677860617637634,0.33144280314445496,-0.5061522722244263,8.737565040588379,3.1848437786102295,3.7040414810180664,-14.552214622497559,1.808661699295044,8.878976821899414
1781548275640452,207257948,-0.647157609462738,-0.4633322060108185,0.33371394872665405,-0.5051194429397583,8.758647918701172,2.5400166511535645,3.4785072803497314,-31.971460342407227,3.593865394592285,3.730419635772705
1781548275668668,207274615,-0.6488436460494995,-0.46073487401008606,0.33487462997436523,-0.5045636296272278,8.784238815307617,1.9920599460601807,3.271327257156372,-21.860567092895508,6.1095428466796875,1.8739885091781616
1781548275670608,207291282,-0.6484914422035217,-0.46102356910705566,0.3340083956718445,-0.5053263306617737,8.774759292602539,2.1563212871551514,3.1627211570739746,7.538081169128418,4.624380588531494,1.7606620788574219
1781548275698536,207307949,-0.6470951437950134,-0.462656706571579,0.3329198956489563,-0.5063411593437195,8.750096321105957,2.6682322025299072,3.3253402709960938,18.193546295166016,-0.6541233658790588,2.719975709915161
1781548275730405,207324616,-0.6466890573501587,-0.4625188708305359,0.3333227038383484,-0.5067204833030701,8.821944236755371,2.8861918449401855,3.4325788021087646,0.5182538628578186,-0.8778754472732544,5.2426581382751465
1781548275730903,207341283,-0.6471557021141052,-0.4612658619880676,0.3343467116355896,-0.5065922141075134,8.762345314025879,2.724858045578003,3.374717950820923,-10.543293952941895,0.6311548352241516,4.476263046264648
1781548275758838,207357950,-0.6474475860595703,-0.4604428708553314,0.3348201513290405,-0.5066553354263306,8.609882354736328,2.5021870136260986,3.295400381088257,-5.718023300170898,1.7881954908370972,3.202414035797119
1781548275760805,207374617,-0.6467818021774292,-0.460817813873291,0.33465442061424255,-0.5072739720344543,8.620818138122559,2.537583112716675,3.431471109390259,6.15112829208374,0.01466967724263668,4.230316638946533
1781548275789433,207391284,-0.645576536655426,-0.4617635905742645,0.3342853784561157,-0.508191704750061,8.817989349365234,2.743067502975464,3.5534303188323975,11.796796798706055,-1.3654006719589233,5.4841485023498535
1781548275792119,207407951,-0.6446436047554016,-0.462420254945755,0.33391499519348145,-0.5090216994285583,9.04251766204834,2.9914603233337402,3.5041568279266357,9.451863288879395,-0.0024716262705624104,4.803938388824463
1781548275818675,207424618,-0.644773542881012,-0.46158894896507263,0.33430400490760803,-0.5093562006950378,9.004236221313477,2.989959955215454,3.487548828125,-4.317777156829834,2.704810380935669,4.719659328460693
1781548275820755,207441285,-0.644952118396759,-0.45996958017349243,0.335539847612381,-0.5097823739051819,8.839302062988281,2.8323569297790527,3.454136610031128,-10.719295501708984,2.1132354736328125,9.455109596252441
1781548275848095,207457952,-0.6450427174568176,-0.4580405354499817,0.33707335591316223,-0.5103926062583923,8.757746696472168,2.6500496864318848,3.544443130493164,-12.435567855834961,2.25728178024292,12.234936714172363
1781548275878532,207474619,-0.6455253958702087,-0.45574870705604553,0.33870649337768555,-0.51075279712677,8.72141170501709,2.384323835372925,3.5963048934936523,-16.20790672302246,3.209935426712036,10.905423164367676
1781548275879360,207491286,-0.6461337804794312,-0.4535734951496124,0.3402702808380127,-0.5108802914619446,8.929067611694336,2.14463210105896,3.5982754230499268,-16.381900787353516,2.671375274658203,8.941781997680664
1781548275908101,207507953,-0.6459470391273499,-0.4529639780521393,0.3406905233860016,-0.511376678943634,9.357829093933105,2.2047483921051025,3.345640182495117,-2.067751884460449,1.5419167280197144,6.144173622131348
1781548275909878,207524620,-0.6453881859779358,-0.4531310498714447,0.3401292860507965,-0.5123069882392883,9.316685676574707,2.4160385131835938,3.446117639541626,7.00750207901001,3.650496244430542,4.503194808959961
1781548275938602,207541287,-0.6454432606697083,-0.4523763358592987,0.34015870094299316,-0.5128849744796753,8.973671913146973,2.471517562866211,3.6922576427459717,-1.9003089666366577,4.6153130531311035,4.773458957672119
1781548275941237,207557954,-0.6454917192459106,-0.45140406489372253,0.3410490155220032,-0.5130891799926758,8.870338439941406,2.2734897136688232,3.674089193344116,-6.754748821258545,0.38356950879096985,6.324411392211914
1781548275968161,207574621,-0.6450561285018921,-0.4510197043418884,0.34161365032196045,-0.5135995149612427,9.112191200256348,2.1027135848999023,3.5637738704681396,-0.7771663665771484,-0.4300629794597626,7.0006890296936035
1781548275970345,207591288,-0.6441666483879089,-0.45137932896614075,0.34106892347335815,-0.5147604942321777,9.206998825073242,2.301645040512085,3.5745441913604736,9.375360488891602,2.814804792404175,6.301015377044678
1781548275998179,207607955,-0.6437354683876038,-0.4512661099433899,0.3408154547214508,-0.5155661702156067,9.152239799499512,2.530111789703369,3.7112812995910645,3.995164632797241,3.1703336238861084,5.118346214294434
1781548276028622,207624622,-0.6440306901931763,-0.4506058692932129,0.3411625623703003,-0.5155453085899353,9.074715614318848,2.4896411895751953,3.674828290939331,-4.745471000671387,1.5890313386917114,2.030325412750244
1781548276029578,207641289,-0.6450788974761963,-0.44934120774269104,0.3420723080635071,-0.5147352814674377,9.068243026733398,2.204210042953491,3.6767187118530273,-13.599724769592285,0.5613731145858765,-0.9719769954681396
1781548276058441,207657956,-0.6462700366973877,-0.4478900134563446,0.34314805269241333,-0.5137889981269836,9.26585578918457,1.828669786453247,3.610200881958008,-15.775872230529785,0.4003716707229614,-1.1304045915603638
1781548276060473,207674623,-0.6453717947006226,-0.44815972447395325,0.34275078773498535,-0.5149468183517456,9.342226028442383,1.9019578695297241,3.5605180263519287,8.472203254699707,2.416693687438965,7.002110481262207
1781548276088514,207691290,-0.6423980593681335,-0.44989410042762756,0.3406762182712555,-0.5185171365737915,9.23510456085205,2.704209327697754,4.150334358215332,32.990535736083984,7.216152191162109,16.434810638427734
1781548276089594,207707957,-0.6414269208908081,-0.4489530622959137,0.33940795063972473,-0.5213589072227478,8.92010498046875,3.414783000946045,4.714937210083008,10.397758483886719,15.629969596862793,14.839341163635254
1781548276118291,207724624,-0.6442288756370544,-0.4439898133277893,0.3414779007434845,-0.5208024978637695,8.611655235290527,3.023665428161621,4.438172817230225,-38.88292694091797,13.639697074890137,6.019782543182373
1781548276120356,207741291,-0.6476682424545288,-0.43852469325065613,0.34492120146751404,-0.5188949108123779,8.637181282043457,2.0110788345336914,3.778059482574463,-51.142372131347656,6.723365306854248,3.124068260192871
1781548276148044,207757958,-0.6492276787757874,-0.4356897175312042,0.34657275676727295,-0.5182329416275024,8.788165092468262,1.4630329608917236,3.5354204177856445,-24.41620445251465,4.61578369140625,3.7375733852386475
1781548276178010,207774625,-0.6491568684577942,-0.4350062906742096,0.34632226824760437,-0.5190626978874207,8.80860424041748,1.5604684352874756,3.5918126106262207,0.4032015800476074,6.024587631225586,5.379800796508789
1781548276179631,207791292,-0.6483978629112244,-0.43489497900009155,0.34564003348350525,-0.5205572247505188,8.633013725280762,1.847715973854065,3.7341418266296387,8.138945579528809,6.259574890136719,8.148487091064453
1781548276209185,207807959,-0.6471748948097229,-0.4348866641521454,0.3455403745174408,-0.5221496820449829,8.426636695861816,2.1047098636627197,3.839883327484131,8.132966995239258,2.4838507175445557,11.742385864257812
1781548276210942,207824626,-0.6458494067192078,-0.43454885482788086,0.34643077850341797,-0.5234802961349487,8.46398639678955,2.1902658939361572,3.8524258136749268,2.7972097396850586,-1.7646265029907227,14.689104080200195
1781548276238386,207841293,-0.6442192196846008,-0.4344528317451477,0.3473856449127197,-0.5249338746070862,8.734375953674316,2.231886386871338,3.65527081489563,4.842066287994385,-3.2801318168640137,15.948563575744629
1781548276240492,207857960,-0.64188551902771,-0.43507859110832214,0.3475596308708191,-0.5271549820899963,9.244017601013184,2.422879219055176,3.6339781284332275,14.790894508361816,-1.8142534494400024,17.83179473876953
1781548276269593,207874627,-0.6388996243476868,-0.4357668161392212,0.34644004702568054,-0.5309370160102844,9.615625381469727,2.9900963306427,3.759742259979248,25.435806274414062,6.779922008514404,23.06555938720703
1781548276271165,207891294,-0.6363403797149658,-0.4348764419555664,0.3459640443325043,-0.5350348353385925,9.78213119506836,3.7083020210266113,3.9685325622558594,15.625163078308105,11.678447723388672,28.584911346435547
1781548276298302,207907961,-0.6361854672431946,-0.4293999969959259,0.3492632508277893,-0.5374932289123535,9.797659873962402,3.7883641719818115,3.9989962577819824,-29.41645622253418,12.849089622497559,34.767242431640625
1781548276330973,207924628,-0.6394511461257935,-0.41928955912590027,0.3563811182975769,-0.5369275808334351,9.497251510620117,2.8246822357177734,3.9866390228271484,-81.16154479980469,12.557270050048828,31.303369522094727
1781548276332800,207941295,-0.6447805166244507,-0.4067898094654083,0.36572563648223877,-0.533877432346344,9.125868797302246,1.208743929862976,3.686058521270752,-111.92658233642578,9.481513977050781,25.03668975830078
1781548276358800,207957962,-0.6500532627105713,-0.3954622447490692,0.3740347623825073,-0.5302249789237976,8.820307731628418,-0.2482237070798874,3.15144944190979,-104.2841796875,7.941767692565918,16.729372024536133
1781548276360144,207974629,-0.6522808074951172,-0.39030206203460693,0.3779051601886749,-0.5285658240318298,8.59317684173584,-1.0907378196716309,3.01387095451355,-47.12852096557617,2.8857614994049072,8.806646347045898
1781548276388164,207991296,-0.6505131721496582,-0.3926626145839691,0.37671560049057007,-0.5298435688018799,8.587685585021973,-0.7341904044151306,3.4626970291137695,23.340381622314453,-4.250782489776611,3.3744096755981445
1781548276389987,208007963,-0.6465398669242859,-0.3986535668373108,0.3733839988708496,-0.5325844287872314,8.729113578796387,0.26989543437957764,3.907151222229004,57.12643814086914,-9.658458709716797,2.7643537521362305
1781548276418697,208024630,-0.6419171094894409,-0.4046230912208557,0.3706059455871582,-0.5356062650680542,9.10938835144043,1.197011113166809,4.105316162109375,57.50704574584961,-12.936712265014648,7.9627227783203125
1781548276419399,208041297,-0.6376059651374817,-0.4092606008052826,0.36866313219070435,-0.5385648608207703,9.498022079467773,1.781171202659607,4.215859413146973,47.523616790771484,-11.099388122558594,12.253819465637207
1781548276448084,208057964,-0.6344656348228455,-0.4122307300567627,0.36727410554885864,-0.5409520268440247,9.621030807495117,2.1411526203155518,4.353457450866699,33.4211540222168,-5.992719650268555,11.199631690979004
1781548276478342,208074631,-0.6333370804786682,-0.4130726158618927,0.36687514185905457,-0.5419021844863892,9.439979553222656,2.23919677734375,4.37219762802124,11.123723030090332,-1.3892719745635986,5.629616737365723
1781548276479634,208091298,-0.6341803073883057,-0.41155585646629333,0.3680434823036194,-0.5412775278091431,9.176482200622559,1.8822907209396362,4.138063430786133,-14.558422088623047,1.0746135711669922,1.8286008834838867
1781548276509071,208107965,-0.6357391476631165,-0.4090430438518524,0.3699679374694824,-0.5400403141975403,9.093048095703125,1.3484342098236084,3.884350299835205,-25.290048599243164,1.5618083477020264,1.1553595066070557
1781548276510819,208124632,-0.6364049315452576,-0.4072255492210388,0.3709753751754761,-0.5399384498596191,9.14087200164795,1.0593693256378174,3.6520235538482666,-13.448240280151367,3.9090967178344727,5.085795879364014
1781548276540801,208141299,-0.6358044743537903,-0.4062654674053192,0.3705982565879822,-0.5416253805160522,9.016091346740723,1.2339500188827515,3.789799213409424,3.5517609119415283,8.563838005065918,11.549665451049805
1781548276542046,208157966,-0.6353716850280762,-0.40419864654541016,0.3706934154033661,-0.5436109900474548,8.892379760742188,1.4692543745040894,4.179190635681152,-2.752779960632324,11.882804870605469,16.36951446533203
1781548276568485,208174633,-0.6360496282577515,-0.40033456683158875,0.3721967339515686,-0.5446491241455078,8.84216022491455,1.290710210800171,4.142433166503906,-21.369279861450195,12.645676612854004,16.57358741760254
1781548276570544,208191300,-0.6369662284851074,-0.3969130516052246,0.37390175461769104,-0.5449143648147583,8.906376838684082,0.8643924593925476,3.8577516078948975,-22.823572158813477,8.589465141296387,11.723417282104492
1781548276598337,208207967,-0.6372830867767334,-0.3952050507068634,0.37478458881378174,-0.5451790690422058,9.030324935913086,0.5553137063980103,3.6934468746185303,-10.60416316986084,4.226873397827148,7.31820011138916
1781548276628574,208224634,-0.6364771723747253,-0.395567387342453,0.37431561946868896,-0.5461786985397339,9.103447914123535,0.5706884860992432,3.793826103210449,8.479016304016113,1.4943671226501465,5.7384443283081055
1781548276630737,208241301,-0.6346567273139954,-0.3973655104637146,0.37300559878349304,-0.5478856563568115,9.100505828857422,0.8411542773246765,3.967303514480591,22.500152587890625,-0.903873860836029,6.660806655883789
1781548276657994,208257968,-0.6324170827865601,-0.3992936909198761,0.37182384729385376,-0.549872875213623,9.175689697265625,1.1288617849349976,4.100846290588379,24.44855308532715,-2.2616326808929443,9.479226112365723
1781548276659970,208274635,-0.6302439570426941,-0.40073028206825256,0.3711307644844055,-0.5517880916595459,9.253762245178223,1.3823963403701782,4.215590000152588,20.095972061157227,-2.556152105331421,11.512988090515137
1781548276689646,208291302,-0.6286458373069763,-0.4013392925262451,0.37117838859558105,-0.5531347990036011,9.326088905334473,1.5575693845748901,4.347774028778076,10.665231704711914,-2.7249372005462646,11.021005630493164
1781548276691115,208307969,-0.6282984614372253,-0.40029802918434143,0.37247779965400696,-0.5534103512763977,9.439078330993652,1.4546784162521362,4.335695743560791,-7.413701057434082,-1.6232951879501343,9.301031112670898
1781548276719685,208324636,-0.6286423206329346,-0.39854276180267334,0.37399208545684814,-0.5532656311988831,9.406349182128906,1.1823970079421997,4.245587348937988,-14.293499946594238,0.7782105207443237,7.276273250579834
1781548276721041,208341303,-0.6290341019630432,-0.3966118395328522,0.37536582350730896,-0.5532774329185486,9.3096923828125,0.9424654841423035,4.238565444946289,-14.247344970703125,2.6059343814849854,7.837320327758789
1781548276748188,208357970,-0.629181981086731,-0.39465969800949097,0.3763265311717987,-0.553852379322052,9.144020080566406,0.8229326605796814,4.242499351501465,-10.64952564239502,5.378729343414307,10.130234718322754
1781548276779266,208374637,-0.628997266292572,-0.3929397165775299,0.3768913745880127,-0.5548998713493347,8.972975730895996,0.7727876901626587,4.274625778198242,-6.012918949127197,6.628476142883301,11.764979362487793
1781548276780757,208391304,-0.6287732720375061,-0.39097341895103455,0.37764284014701843,-0.5560304522514343,8.926681518554688,0.7775495052337646,4.284036636352539,-7.468874931335449,6.883848190307617,13.416423797607422
1781548276808463,208407971,-0.6288542747497559,-0.3884824514389038,0.3787911534309387,-0.5569031834602356,8.967001914978027,0.6715241074562073,4.282969951629639,-12.74312973022461,7.272640228271484,13.564689636230469
1781548276811009,208424638,-0.6292245984077454,-0.38595762848854065,0.3797859847545624,-0.557562530040741,8.916364669799805,0.48331326246261597,4.190794467926025,-13.63096809387207,8.248779296875,11.212004661560059
1781548276838466,208441305,-0.6295541524887085,-0.38410094380378723,0.3804069757461548,-0.5580490231513977,8.852746963500977,0.3908689022064209,4.202866077423096,-9.6504487991333,6.738929748535156,7.884074687957764
1781548276840203,208457972,-0.6298802495002747,-0.3828640878200531,0.3810168206691742,-0.5581151843070984,8.830697059631348,0.2711438536643982,4.207565784454346,-8.014678001403809,3.290163993835449,4.426292896270752
1781548276869299,208474639,-0.6299158334732056,-0.3824598789215088,0.3814423382282257,-0.5580612421035767,8.975456237792969,0.14622172713279724,4.056357383728027,-3.250994920730591,-0.1839248239994049,2.354543924331665
1781548276870372,208491306,-0.6293702721595764,-0.38309019804000854,0.38088786602020264,-0.5586228966712952,9.169122695922852,0.2617650628089905,4.0486063957214355,8.13209056854248,0.18576253950595856,1.9590197801589966
1781548276898162,208507973,-0.6281832456588745,-0.38452017307281494,0.37942036986351013,-0.5599735975265503,9.169922828674316,0.5632247924804688,4.1778106689453125,18.85471534729004,1.4640941619873047,3.3378958702087402
1781548276928244,208524640,-0.6269383430480957,-0.3858160078525543,0.3779177665710449,-0.5614913702011108,9.066912651062012,0.9052276611328125,4.374828815460205,19.000173568725586,2.4233553409576416,4.539083003997803
1781548276930160,208541307,-0.626557469367981,-0.38591867685317993,0.37757039070129395,-0.5620793700218201,8.959940910339355,1.0209121704101562,4.56929349899292,4.689153671264648,1.828317642211914,3.3609304428100586
1781548276959411,208557974,-0.627167284488678,-0.38473984599113464,0.3786337375640869,-0.561491847038269,8.981039047241211,0.8072289228439331,4.466344356536865,-11.963543891906738,0.15560361742973328,1.5388052463531494
1781548276961053,208574641,-0.6280869841575623,-0.3834390640258789,0.3799229562282562,-0.5604820251464844,8.960339546203613,0.4812960624694824,4.255098819732666,-15.280304908752441,-0.6585670709609985,-0.5629035234451294
1781548276988976,208591308,-0.6285944581031799,-0.38297712802886963,0.38051894307136536,-0.5598241686820984,8.968708992004395,0.2343001812696457,4.096742630004883,-6.97896146774292,-1.0465989112854004,-1.4729480743408203
1781548276990446,208607975,-0.6280950903892517,-0.38407737016677856,0.3797342777252197,-0.5601636171340942,8.919661521911621,0.32971709966659546,4.064981460571289,10.345633506774902,-1.1011289358139038,-1.0109593868255615
1781548277018441,208624642,-0.627107560634613,-0.385843425989151,0.37835878133773804,-0.5609863996505737,8.866790771484375,0.65593421459198,4.27017879486084,18.048154830932617,-1.111067295074463,-0.34300562739372253
1781548277019772,208641309,-0.62647545337677,-0.3868524134159088,0.37762269377708435,-0.5614935159683228,8.848015785217285,0.8643444776535034,4.385214328765869,10.552210807800293,-0.8613041043281555,0.5906482934951782
1781548277048639,208657976,-0.6262000799179077,-0.38719505071640015,0.37745189666748047,-0.561679482460022,8.939518928527832,0.8619856238365173,4.255407333374023,3.7179336547851562,-0.6522018313407898,1.0646880865097046
1781548277078952,208674643,-0.6261594891548157,-0.38724762201309204,0.3773800730705261,-0.5617366433143616,8.914241790771484,0.829636812210083,4.1907057762146,1.1262223720550537,0.30835768580436707,0.6187323927879333
1781548277081003,208691310,-0.6261206269264221,-0.38715916872024536,0.3776276707649231,-0.5616745948791504,8.848938941955566,0.7656916975975037,4.139467716217041,-1.0272741317749023,-0.8349483609199524,1.3163455724716187
1781548277109146,208707977,-0.626089334487915,-0.38707631826400757,0.3782333433628082,-0.5613588690757751,8.853580474853516,0.6276859641075134,4.132018566131592,-3.0644311904907227,-3.0535073280334473,1.1341623067855835
1781548277110229,208724644,-0.6260846853256226,-0.3870900869369507,0.37886208295822144,-0.5609304904937744,8.9847993850708,0.4981507956981659,3.9719557762145996,-3.101377487182617,-3.7561533451080322,0.35659921169281006
1781548277139418,208741311,-0.6256933808326721,-0.3878147602081299,0.3786662518978119,-0.5609986186027527,9.018186569213867,0.49681293964385986,3.897761821746826,5.4607110023498535,-2.634535312652588,-0.062072381377220154
1781548277141526,208757978,-0.6248677372932434,-0.3893883228302002,0.37780094146728516,-0.5614121556282043,8.9839506149292,0.7281144261360168,4.097472667694092,13.751921653747559,-3.2376649379730225,-0.8961504697799683
1781548277168767,208774645,-0.6242383718490601,-0.39069488644599915,0.3773321211338043,-0.5615198016166687,9.042269706726074,0.9460151195526123,4.321298599243164,9.754785537719727,-4.219283580780029,-1.21294105052948
1781548277170219,208791312,-0.6241903305053711,-0.3910519778728485,0.3779115080833435,-0.5609347224235535,9.087007522583008,0.9110968708992004,4.336655616760254,-1.7256301641464233,-5.405726909637451,-1.1501253843307495
1781548277198188,208807979,-0.6244790554046631,-0.3907994329929352,0.3792676031589508,-0.5598731637001038,9.293803215026855,0.6658927202224731,4.266511917114258,-9.481159210205078,-6.7939252853393555,-0.8214763402938843
1781548277228545,208824646,-0.6248483657836914,-0.3905472159385681,0.380551278591156,-0.5587652325630188,9.52718734741211,0.42377403378486633,4.151817321777344,-9.538007736206055,-6.399528503417969,-1.5271450281143188
1781548277229948,208841313,-0.6252303719520569,-0.39083972573280334,0.38080692291259766,-0.5579583644866943,9.509428024291992,0.38392096757888794,4.117636203765869,-2.494433641433716,-3.2340643405914307,-4.467700004577637
1781548277258007,208857980,-0.6256396770477295,-0.3916608393192291,0.3801838159561157,-0.5573484897613525,9.14708423614502,0.4238903224468231,4.157041549682617,3.591061592102051,-0.8834719061851501,-7.4720845222473145
1781548277259617,208874647,-0.6257283091545105,-0.39316093921661377,0.37925681471824646,-0.5568241477012634,8.940167427062988,0.4624558389186859,4.253634929656982,8.764599800109863,-2.785459280014038,-8.467869758605957
1781548277288460,208891314,-0.6252515912055969,-0.39502662420272827,0.37825894355773926,-0.5567180514335632,9.157731056213379,0.6144052147865295,4.330379486083984,13.226888656616211,-4.224664688110352,-5.65078067779541
1781548277289987,208907981,-0.6247860193252563,-0.39635759592056274,0.37701717019081116,-0.5571367740631104,9.476295471191406,0.8751959800720215,4.307290554046631,13.197254180908203,0.3255568742752075,-2.7081737518310547
1781548277318974,208924648,-0.6247982382774353,-0.3970315456390381,0.3753764033317566,-0.5577508807182312,9.414031028747559,1.1500186920166016,4.20010232925415,11.107126235961914,6.3267693519592285,-3.083655595779419
1781548277319866,208941315,-0.6251566410064697,-0.397102028131485,0.37416425347328186,-0.5581132769584656,9.113920211791992,1.3301935195922852,4.16447639465332,5.276594638824463,7.006028652191162,-2.764251232147217
1781548277348201,208957982,-0.6258118152618408,-0.39621469378471375,0.37411874532699585,-0.5580400824546814,9.05861759185791,1.316571593284607,4.25009822845459,-5.247889518737793,5.241800785064697,-0.12501563131809235
1781548277379341,208974649,-0.6270798444747925,-0.39388105273246765,0.3753206133842468,-0.5574612617492676,9.190878868103027,1.0829379558563232,4.231809139251709,-19.226598739624023,5.62188720703125,2.466653823852539
1781548277382556,208991316,-0.6286106705665588,-0.39109402894973755,0.376761794090271,-0.5567268133163452,9.188799858093262,0.7590363621711731,4.041436195373535,-23.2125301361084,6.5839948654174805,2.60642409324646
1781548277408837,209007983,-0.6298123002052307,-0.38912996649742126,0.37768682837486267,-0.5561177134513855,9.154271125793457,0.5421737432479858,3.9248461723327637,-16.4711856842041,5.148971080780029,0.8885887265205383
1781548277410394,209024650,-0.6304343938827515,-0.38847002387046814,0.3777293562889099,-0.5558456182479858,9.148073196411133,0.533312201499939,3.925138473510742,-5.023290634155273,3.3812415599823,-1.1847026348114014
1781548277438635,209041317,-0.6306117177009583,-0.3886187970638275,0.37726905941963196,-0.555853009223938,9.202615737915039,0.6543677449226379,4.006109237670898,2.3173282146453857,2.06123948097229,-1.716678261756897
1781548277440610,209057984,-0.6306117177009583,-0.3890206515789032,0.37664228677749634,-0.5559968948364258,9.279955863952637,0.7853108644485474,4.076961040496826,4.8789567947387695,1.7214360237121582,-1.5486592054367065
1781548277468189,209074651,-0.6305710077285767,-0.38951024413108826,0.37600773572921753,-0.5561299324035645,9.256474494934082,0.8509336113929749,4.119877815246582,5.369760513305664,1.2859431505203247,-1.6887989044189453
1781548277470425,209091318,-0.6305189728736877,-0.3901495635509491,0.37541258335113525,-0.5561426877975464,9.20781421661377,0.9188434481620789,4.135257720947266,5.587801456451416,0.19080820679664612,-2.447050094604492
1781548277498187,209107985,-0.6308881044387817,-0.3902232348918915,0.37523192167282104,-0.5557942390441895,9.079817771911621,0.8962821364402771,4.11800479888916,-0.5111782550811768,0.6760278940200806,-3.0520474910736084
1781548277529086,209124652,-0.6312814354896545,-0.3903079926967621,0.3752715587615967,-0.5552610754966736,8.925684928894043,0.7583200335502625,4.038215160369873,-1.8468936681747437,-0.7558436393737793,-3.3830156326293945
1781548277530842,209141319,-0.6311213970184326,-0.39134302735328674,0.3746507465839386,-0.5551338791847229,8.969146728515625,0.7295746803283691,3.988520383834839,7.3315277099609375,-1.8544108867645264,-3.7326159477233887
1781548277558429,209157986,-0.630506694316864,-0.39305686950683594,0.37316590547561646,-0.5556212663650513,8.966485977172852,0.981968343257904,4.054266929626465,16.381507873535156,-0.2137894183397293,-3.4041359424591064
1781548277560010,209174653,-0.6302160620689392,-0.3940926492214203,0.37230536341667175,-0.5557944178581238,8.884459495544434,1.1649675369262695,4.131172180175781,9.374808311462402,-0.34698814153671265,-2.5771126747131348
1781548277588349,209191320,-0.6306229829788208,-0.3940124809741974,0.3726380169391632,-0.5551664233207703,8.848013877868652,1.052394151687622,4.200009346008301,-3.960683822631836,-1.6383802890777588,-2.6237263679504395
1781548277589507,209207987,-0.6310758590698242,-0.39383891224861145,0.37320342659950256,-0.5543948411941528,9.015351295471191,0.8226879239082336,3.9852280616760254,-5.746901035308838,-2.5620641708374023,-2.5523569583892822
1781548277617991,209224654,-0.6306160092353821,-0.39498406648635864,0.3725897967815399,-0.554516077041626,9.077557563781738,0.8510913252830505,3.773017406463623,9.231440544128418,-2.3971316814422607,-1.7757673263549805
1781548277620716,209241321,-0.6293220520019531,-0.3972277045249939,0.3711547553539276,-0.5553451776504517,8.978780746459961,1.1141043901443481,3.9178829193115234,21.204322814941406,-3.237732410430908,-0.5707414746284485
1781548277648536,209257988,-0.628161609172821,-0.39907515048980713,0.3703181743621826,-0.5558925867080688,8.930134773254395,1.3533257246017456,4.181285381317139,16.121126174926758,-4.742720127105713,0.3463287651538849
1781548277678679,209274655,-0.6277217864990234,-0.3996962606906891,0.3709900379180908,-0.5554949641227722,8.987873077392578,1.2930967807769775,4.212530612945557,0.6759257316589355,-7.328038215637207,0.7722167372703552
1781548277682392,209291322,-0.6278770565986633,-0.39952942728996277,0.3722842037677765,-0.5545731782913208,8.964057922363281,1.0493851900100708,4.032589435577393,-8.074073791503906,-6.9279046058654785,-0.042696382850408554
1781548277708926,209307989,-0.6281339526176453,-0.39950814843177795,0.3733827471733093,-0.5535581707954407,8.817450523376465,0.8078863620758057,3.965811252593994,-7.216789722442627,-6.634177207946777,-1.7421764135360718
1781548277711541,209324656,-0.6280324459075928,-0.40015363693237305,0.3740563988685608,-0.5527516007423401,8.751381874084473,0.6358324289321899,3.945958375930786,-1.2008644342422485,-7.68438720703125,-2.356637716293335
1781548277738868,209341323,-0.6273142695426941,-0.4016902446746826,0.37435826659202576,-0.5522481799125671,8.918493270874023,0.6227632164955139,4.023808479309082,6.536459922790527,-10.217602729797363,-2.0191268920898438
1781548277740687,209357990,-0.6261438727378845,-0.40381795167922974,0.3743327260017395,-0.55204176902771,9.182449340820312,0.7575165629386902,4.154890537261963,12.34315013885498,-11.393705368041992,-1.4470036029815674
1781548277767996,209374657,-0.6249691843986511,-0.405843585729599,0.3738061487674713,-0.5522440671920776,9.227380752563477,0.9357863068580627,4.30380392074585,14.869589805603027,-7.725668907165527,-0.7996677160263062
1781548277770612,209391324,-0.6242294907569885,-0.4070650339126587,0.37321293354034424,-0.5525827407836914,9.161797523498535,1.1046308279037476,4.393373489379883,10.803742408752441,-2.8876922130584717,0.015399642288684845
1781548277798093,209407991,-0.6235971450805664,-0.40792104601860046,0.37268462777137756,-0.5530221462249756,9.174684524536133,1.275899887084961,4.2934136390686035,8.946691513061523,-1.221239447593689,1.159685730934143
1781548277827958,209424658,-0.6232892870903015,-0.40798965096473694,0.3726786971092224,-0.5533224940299988,9.25574016571045,1.378894567489624,4.255147457122803,2.3183014392852783,-0.02600969560444355,2.8130109310150146
1781548277829833,209441325,-0.6236054301261902,-0.4068606197834015,0.3734654188156128,-0.5532671213150024,9.405888557434082,1.3131296634674072,4.317682266235352,-8.491930961608887,1.7342298030853271,4.206752300262451
1781548277859441,209457992,-0.6245157122612,-0.404690146446228,0.3747777044773102,-0.5529446601867676,9.435792922973633,1.182449460029602,4.207016468048096,-17.304563522338867,4.2199602127075195,4.945607662200928
1781548277861405,209474659,-0.6258478164672852,-0.4018465578556061,0.3762076199054718,-0.5525413751602173,9.344391822814941,0.9442241191864014,3.989121675491333,-22.023889541625977,7.135742664337158,5.057640075683594
1781548277888223,209491326,-0.6269832849502563,-0.39923980832099915,0.37729549407958984,-0.5524020195007324,9.259535789489746,0.685920000076294,3.7474420070648193,-18.479434967041016,7.928787708282471,5.381985664367676
1781548277890191,209507993,-0.6270468235015869,-0.3982063829898834,0.3772602379322052,-0.5530992746353149,9.27892780303955,0.6708102822303772,3.7019333839416504,-2.319819450378418,6.310093402862549,5.895308494567871
1781548277919207,209524660,-0.6262044310569763,-0.3985178470611572,0.37640514969825745,-0.554410457611084,9.382189750671387,0.9866406917572021,3.893094301223755,10.66950798034668,4.062080383300781,6.253824234008789
1781548277921489,209541327,-0.6258758902549744,-0.3981351852416992,0.3761792778968811,-0.555209219455719,9.343990325927734,1.2649635076522827,4.1297101974487305,2.5483806133270264,3.925255060195923,5.6093926429748535
1781548277948201,209557994,-0.6270607709884644,-0.3957670032978058,0.37771090865135193,-0.5545250773429871,9.111024856567383,1.040166974067688,4.12278413772583,-20.682748794555664,3.796762228012085,3.397728443145752
1781548277977985,209574661,-0.6286700963973999,-0.39320144057273865,0.3800406754016876,-0.5529338121414185,9.020268440246582,0.4989560544490814,3.7690203189849854,-28.087387084960938,-0.25811272859573364,0.55305016040802
1781548277980825,209591328,-0.6295011639595032,-0.3924811780452728,0.38122841715812683,-0.5516809821128845,9.120503425598145,0.16024404764175415,3.6053202152252197,-12.78189754486084,-3.4551424980163574,-2.935307025909424
1781548278009026,209607995,-0.629153847694397,-0.3940727114677429,0.3805396854877472,-0.5514179468154907,9.083169937133789,0.26153597235679626,3.696187973022461,10.116067886352539,-4.519453048706055,-5.305737495422363
1781548278011111,209624662,-0.6280974745750427,-0.397199809551239,0.37881845235824585,-0.5515638589859009,9.010638236999512,0.6197428703308105,3.915609359741211,23.664003372192383,-6.621346473693848,-7.664489269256592
1781548278038574,209641329,-0.6270380020141602,-0.40025901794433594,0.3773420453071594,-0.5515698194503784,9.089591979980469,0.9491527676582336,4.100424766540527,22.087419509887695,-7.811120510101318,-7.411447048187256
1781548278039661,209657996,-0.6264608502388,-0.40225788950920105,0.37633582949638367,-0.551459014415741,9.181341171264648,1.152295470237732,4.142242431640625,14.10224437713623,-4.887151718139648,-5.699356555938721
1781548278069055,209674663,-0.6266390681266785,-0.4030088484287262,0.37584102153778076,-0.5510454773902893,9.107081413269043,1.2156803607940674,4.13447380065918,3.91679048538208,-1.2411786317825317,-5.223147392272949
1781548278069971,209691330,-0.6276264190673828,-0.4027119278907776,0.3760387599468231,-0.5500029921531677,9.003305435180664,1.1092913150787354,4.11413049697876,-7.088149070739746,0.09266036003828049,-6.370353698730469
1781548278098075,209707997,-0.6290934681892395,-0.4019511640071869,0.37661412358283997,-0.5484874248504639,8.98129653930664,0.8795512914657593,4.065302848815918,-13.070042610168457,0.14733076095581055,-7.98175573348999
1781548278128117,209724664,-0.630664050579071,-0.4014471471309662,0.3769002854824066,-0.5468542575836182,8.99532413482666,0.6629549860954285,3.924145460128784,-11.459758758544922,0.37244099378585815,-10.34532356262207
1781548278130130,209741331,-0.6318215131759644,-0.401846706867218,0.3764285445213318,-0.545548141002655,9.07884407043457,0.5308859944343567,3.788541078567505,-2.703972339630127,0.09382575750350952,-11.80765151977539
1781548278158793,209757998,-0.6319077610969543,-0.4040566682815552,0.37449759244918823,-0.5451444983482361,9.197556495666504,0.700770378112793,3.762068033218384,15.92895221710205,-0.637283205986023,-12.587122917175293
1781548278160894,209774665,-0.6313401460647583,-0.4071904718875885,0.37167665362358093,-0.5454009771347046,9.213285446166992,1.108951449394226,3.885178804397583,26.794994354248047,-0.08224263042211533,-12.120108604431152
1781548278189306,209791332,-0.6311619281768799,-0.40968093276023865,0.3693810701370239,-0.5453017950057983,9.242518424987793,1.424495816230774,4.024052143096924,20.033323287963867,0.04950303956866264,-12.009048461914062
1781548278191430,209807999,-0.6317501664161682,-0.4108356237411499,0.36814117431640625,-0.544589638710022,9.315682411193848,1.4989252090454102,3.9996116161346436,6.563482284545898,0.6965569853782654,-11.176274299621582
1781548278219152,209824666,-0.632037878036499,-0.4118823707103729,0.3670923411846161,-0.5441729426383972,9.315999984741211,1.514865756034851,3.9100711345672607,6.975780487060547,0.34471505880355835,-7.9546918869018555
1781548278221591,209841333,-0.6319800019264221,-0.41293084621429443,0.36592501401901245,-0.5442321300506592,9.288188934326172,1.6428741216659546,4.078823089599609,9.606527328491211,1.3286784887313843,-4.932969093322754
1781548278248348,209858000,-0.6325799226760864,-0.41286078095436096,0.36520764231681824,-0.5440700650215149,9.225014686584473,1.6779729127883911,4.196005344390869,0.63701993227005,4.585704326629639,-4.264092445373535
1781548278278488,209874667,-0.6341899633407593,-0.41154366731643677,0.3653087913990021,-0.5431248545646667,9.083578109741211,1.4450030326843262,4.140117168426514,-12.680703163146973,6.003921985626221,-5.993350028991699
1781548278279653,209891334,-0.6357241868972778,-0.4106333553791046,0.36545535922050476,-0.5419202446937561,9.070642471313477,1.1454554796218872,3.9390015602111816,-11.515028953552246,3.3617522716522217,-7.734053611755371
1781548278308418,209908001,-0.6365862488746643,-0.41095471382141113,0.36473485827445984,-0.5411494970321655,9.159581184387207,1.0537290573120117,3.8520352840423584,0.08830619603395462,2.0989291667938232,-8.875838279724121
1781548278309551,209924668,-0.6370456218719482,-0.4120860695838928,0.36310499906539917,-0.5408446788787842,9.11379337310791,1.1657742261886597,3.8426573276519775,9.322023391723633,3.3716516494750977,-9.940038681030273
1781548278337997,209941335,-0.6374763250350952,-0.41347384452819824,0.36124080419540405,-0.540526270866394,9.048481941223145,1.2962427139282227,3.806926727294922,11.365036010742188,3.3345775604248047,-11.19780445098877
1781548278340086,209958002,-0.6379073262214661,-0.4150238633155823,0.35955214500427246,-0.5399554371833801,9.03508472442627,1.3817319869995117,3.7440121173858643,10.796243667602539,1.2465392351150513,-12.208510398864746
1781548278367988,209974669,-0.6385287046432495,-0.4164593517780304,0.3580586314201355,-0.5391074419021606,9.094099998474121,1.3943274021148682,3.755740165710449,8.339802742004395,0.49515146017074585,-13.291669845581055
1781548278371837,209991336,-0.6391111612319946,-0.41809189319610596,0.3563787341117859,-0.5382660031318665,9.091737747192383,1.428979754447937,3.7464711666107178,10.023188591003418,0.5067926049232483,-14.137879371643066
1781548278398166,210008003,-0.6394307017326355,-0.42018771171569824,0.3545081615447998,-0.5374894142150879,9.044113159179688,1.4984564781188965,3.8260750770568848,13.681560516357422,-0.8268047571182251,-14.56159496307373
1781548278429735,210024670,-0.6398266553878784,-0.4223836362361908,0.35252904891967773,-0.5365979671478271,9.05240249633789,1.537826418876648,3.9400699138641357,14.020675659179688,-0.8655056953430176,-15.907867431640625
1781548278430344,210041337,-0.6401706337928772,-0.4249154031276703,0.35027605295181274,-0.535663366317749,9.035577774047852,1.5923374891281128,3.8770692348480225,16.55474281311035,-1.1501405239105225,-17.515316009521484
1781548278458274,210058004,-0.6402649879455566,-0.4279073476791382,0.3480808138847351,-0.5345989465713501,9.100109100341797,1.6897387504577637,3.9193038940429688,18.784648895263672,-4.078999042510986,-18.10686492919922
1781548278459946,210074671,-0.6405089497566223,-0.4309040606021881,0.34592342376708984,-0.5332983136177063,9.390196800231934,1.805776596069336,3.9328927993774414,17.66120147705078,-4.600232124328613,-19.59687614440918
1781548278488010,210091338,-0.6406091451644897,-0.43415310978889465,0.34290552139282227,-0.5324915051460266,9.343794822692871,1.9806418418884277,4.006149768829346,23.52500343322754,-0.6153215765953064,-20.045347213745117
1781548278491110,210108005,-0.6407379508018494,-0.4375230669975281,0.3395887017250061,-0.5317030549049377,9.041898727416992,2.4624884128570557,4.383767604827881,25.105554580688477,0.3801003098487854,-21.248706817626953
1781548278518816,210124672,-0.6422910094261169,-0.43854665756225586,0.338401198387146,-0.529739260673523,8.86463451385498,2.6678051948547363,4.580522060394287,-0.04381057992577553,-0.6335822343826294,-19.74872589111328
1781548278520969,210141339,-0.6446124911308289,-0.43781593441963196,0.33921441435813904,-0.526996910572052,8.895463943481445,2.0849063396453857,4.100152969360352,-19.18960189819336,-3.636089563369751,-15.863608360290527
1781548278548197,210158006,-0.6464954018592834,-0.4372706413269043,0.3391178250312805,-0.5252020955085754,9.125371932983398,1.5636085271835327,3.922372817993164,-11.547598838806152,1.5509976148605347,-13.249359130859375
1781548278578488,210174673,-0.6475239396095276,-0.4379102885723114,0.3369849920272827,-0.5247750878334045,9.084554672241211,1.628286361694336,3.9901483058929443,6.882223129272461,8.45571517944336,-12.947042465209961
1781548278580661,210191340,-0.6475121974945068,-0.4404792785644531,0.33392879366874695,-0.5245928168296814,8.947603225708008,2.0535082817077637,4.08489465713501,22.424074172973633,3.9135472774505615,-15.38931655883789
1781548278608661,210208007,-0.6474318504333496,-0.44341278076171875,0.331066370010376,-0.5240345597267151,9.063337326049805,2.489109754562378,4.115292072296143,22.704551696777344,0.44319701194763184,-17.06078338623047
1781548278637982,210224674,-0.648247480392456,-0.4448401927947998,0.3288639783859253,-0.5232025980949402,9.077733993530273,2.7621586322784424,4.1347126960754395,10.278946876525879,4.138998508453369,-16.061309814453125
1781548278672963,210241341,-0.649818480014801,-0.445163369178772,0.3274400532245636,-0.5218702554702759,8.942313194274902,2.849641799926758,4.104666709899902,-0.8740085363388062,4.8216142654418945,-16.12603759765625
1781548278673630,210258008,-0.6518020629882812,-0.4449273645877838,0.3267419934272766,-0.5200323462486267,8.830951690673828,2.7071449756622314,3.9890477657318115,-8.388336181640625,2.962733745574951,-16.388858795166016
1781548278676710,210274675,-0.653613269329071,-0.44480443000793457,0.32583045959472656,-0.518433690071106,8.784830093383789,2.5079245567321777,3.8719065189361572,-6.053966045379639,3.859563112258911,-15.607860565185547
1781548278698851,210291342,-0.6548066735267639,-0.4449867010116577,0.3244361877441406,-0.5176453590393066,8.649144172668457,2.570011854171753,3.8623619079589844,0.7214269638061523,6.029521465301514,-11.932669639587402
1781548278700925,210308009,-0.6557887196540833,-0.4449301064014435,0.3235984742641449,-0.5169746279716492,8.519092559814453,2.6732773780822754,4.008913516998291,-1.4202501773834229,4.26411247253418,-8.412903785705566
1781548278728915,210324676,-0.6571308374404907,-0.44392523169517517,0.32415053248405457,-0.5157867670059204,8.611062049865723,2.474372625350952,3.970672845840454,-12.873540878295898,0.5907252430915833,-5.657567501068115
1781548278731488,210341343,-0.6581711769104004,-0.44352632761001587,0.32443884015083313,-0.5146209597587585,8.805843353271484,2.2354795932769775,3.709488868713379,-8.230874061584473,-0.9722200036048889,-6.643386363983154
1781548278758682,210358010,-0.6582139730453491,-0.4451160728931427,0.3230312466621399,-0.5140789747238159,8.840641975402832,2.3673717975616455,3.768873691558838,11.212690353393555,-0.6531754732131958,-9.89334774017334
1781548278759486,210374677,-0.6580492258071899,-0.4472314119338989,0.32124319672584534,-0.5135741829872131,8.687891006469727,2.7285315990448,3.9557888507843018,15.645736694335938,-1.1381529569625854,-11.327960968017578
1781548278788463,210391344,-0.6584749817848206,-0.4482767581939697,0.32055163383483887,-0.51254802942276,8.592805862426758,2.876678228378296,4.026918888092041,3.969285011291504,-2.6191301345825195,-10.034662246704102
1781548278789358,210408011,-0.6593294143676758,-0.4483218491077423,0.32084134221076965,-0.5112272500991821,8.644780158996582,2.667595624923706,4.046341419219971,-5.986433029174805,-3.499131679534912,-7.649530410766602
1781548278820091,210424678,-0.6596648693084717,-0.44895845651626587,0.32057610154151917,-0.5104016661643982,8.66079044342041,2.4662604331970215,3.8896408081054688,1.3354655504226685,-2.6825718879699707,-6.596871376037598
1781548278820582,210441345,-0.6591208577156067,-0.45081627368927,0.3192208707332611,-0.5103165507316589,8.567564964294434,2.5740933418273926,3.8485569953918457,15.042627334594727,-1.6780431270599365,-6.210624694824219
1781548278848187,210458012,-0.6582140922546387,-0.45310842990875244,0.3176399767398834,-0.5104431509971619,8.3495512008667,2.868206739425659,3.938199996948242,19.3919734954834,-2.3185927867889404,-5.6307806968688965
1781548278878504,210474679,-0.6575462818145752,-0.4546341001987457,0.3171694874763489,-0.5102395415306091,8.165202140808105,2.9580788612365723,3.990173578262329,10.55456829071045,-5.163279056549072,-2.8333933353424072
1781548278880183,210491346,-0.6569040417671204,-0.45556896924972534,0.31789806485176086,-0.5097793340682983,8.245898246765137,2.784374713897705,3.835535764694214,3.0439999103546143,-9.256048202514648,0.956948459148407
1781548278908500,210508013,-0.6556413173675537,-0.4568905830383301,0.31855592131614685,-0.5098114609718323,8.537394523620605,2.608337879180908,3.6580913066864014,8.066705703735352,-10.103731155395508,4.291942596435547
1781548278910270,210524680,-0.6537364721298218,-0.4588407278060913,0.31809335947036743,-0.5107941031455994,9.007988929748535,2.6744441986083984,3.827643871307373,18.9205322265625,-5.67833137512207,5.9291253089904785
1781548278938870,210541347,-0.6513441205024719,-0.461731880903244,0.31624019145965576,-0.5123932957649231,9.35627269744873,3.2177295684814453,3.833296537399292,30.919546127319336,-1.8539048433303833,3.967132329940796
1781548278940580,210558014,-0.6492971181869507,-0.46453776955604553,0.3148926794528961,-0.5132842659950256,9.391209602355957,3.7318036556243896,3.7632782459259033,26.117353439331055,-5.315800666809082,1.3688548803329468
1781548278968886,210574681,-0.6491745114326477,-0.4644746780395508,0.31614965200424194,-0.5127235651016235,9.395143508911133,3.558659315109253,3.810260772705078,-5.169027805328369,-7.287108421325684,2.628779172897339
1781548278969960,210591348,-0.649619996547699,-0.463515043258667,0.3180381655693054,-0.5118589401245117,9.285124778747559,3.040160655975342,3.694624900817871,-13.86709976196289,-6.67941427230835,3.2381460666656494
1781548278998278,210608015,-0.6492279171943665,-0.4635697901248932,0.319424033164978,-0.5114437341690063,9.046521186828613,2.666907548904419,3.5542101860046387,-3.9190263748168945,-8.404478073120117,4.371340274810791
1781548279028752,210624682,-0.6480048298835754,-0.46444544196128845,0.3205905556678772,-0.5114707350730896,8.902506828308105,2.5321457386016846,3.4664649963378906,4.135806560516357,-10.72704029083252,6.765041351318359
1781548279030723,210641349,-0.6463115811347961,-0.46560826897621155,0.3216533064842224,-0.5118884444236755,8.816502571105957,2.5099780559539795,3.445352554321289,8.142547607421875,-11.063238143920898,9.19414234161377
1781548279058039,210658016,-0.6445407271385193,-0.4670206606388092,0.322621613740921,-0.5122247934341431,8.829093933105469,2.5497727394104004,3.553732395172119,9.65239143371582,-11.952945709228516,8.251567840576172
1781548279060032,210674683,-0.6431037187576294,-0.46864259243011475,0.32323896884918213,-0.5121604800224304,9.055257797241211,2.5483765602111816,3.6110966205596924,9.862031936645508,-11.680118560791016,3.710111379623413
1781548279088198,210691350,-0.642643928527832,-0.4696773290634155,0.32320961356163025,-0.511808454990387,9.22884750366211,2.610149621963501,3.756089448928833,5.750455856323242,-5.509613037109375,-1.783515214920044
1781548279090393,210708017,-0.6427593231201172,-0.4706646800041199,0.32254940271377563,-0.5111724734306335,9.042142868041992,2.6852262020111084,3.61725115776062,5.273611545562744,-2.19417667388916,-6.994433403015137
1781548279118201,210724684,-0.6429662704467773,-0.4718312919139862,0.3221558928489685,-0.5100838541984558,8.839488983154297,2.6387076377868652,3.4744508266448975,3.8303487300872803,-5.2638983726501465,-8.850113868713379
1781548279119980,210741351,-0.6432105302810669,-0.47290247678756714,0.3218918740749359,-0.5089494585990906,8.873627662658691,2.4724414348602295,3.3970839977264404,2.7305386066436768,-5.56865119934082,-8.553426742553711
1781548279148310,210758018,-0.6428554058074951,-0.47467195987701416,0.3208548128604889,-0.5084053874015808,8.830971717834473,2.436882257461548,3.3271737098693848,11.780242919921875,-3.9999632835388184,-7.904969215393066
1781548279178955,210774685,-0.6418977975845337,-0.4769832193851471,0.3192771077156067,-0.508445143699646,8.829269409179688,2.6210217475891113,3.3396780490875244,19.317426681518555,-2.9275617599487305,-6.1785736083984375
1781548279180027,210791352,-0.6410566568374634,-0.47891297936439514,0.3177404999732971,-0.5086551308631897,8.939963340759277,2.9282402992248535,3.4027843475341797,17.477375030517578,-0.9629871845245361,-4.863818645477295
1781548279208127,210808019,-0.6407236456871033,-0.48022615909576416,0.3166052997112274,-0.508544385433197,8.988321304321289,3.1188244819641113,3.3896901607513428,10.987360000610352,-0.5195538997650146,-5.384227752685547
1781548279209877,210824686,-0.641133725643158,-0.48092710971832275,0.31606945395469666,-0.5076978206634521,8.969283103942871,3.0788967609405518,3.3373870849609375,2.1394612789154053,-1.8316539525985718,-7.911969184875488
1781548279239723,210841353,-0.6420335173606873,-0.4816163182258606,0.3156370222568512,-0.506173849105835,8.982670783996582,2.867323398590088,3.295396327972412,-1.3637616634368896,-3.4214234352111816,-12.23990535736084
1781548279241040,210858020,-0.6427741050720215,-0.4830588698387146,0.3145994246006012,-0.5045027732849121,9.051087379455566,2.7097280025482178,3.279400110244751,4.274539947509766,-4.204495429992676,-15.974363327026367
1781548279268647,210874687,-0.6434067487716675,-0.48476648330688477,0.31283673644065857,-0.5031525492668152,9.137939453125,2.748548984527588,3.3845250606536865,9.01247501373291,-1.0882465839385986,-17.16484832763672
1781548279270015,210891354,-0.6438367962837219,-0.48679476976394653,0.3102995753288269,-0.5022144913673401,9.084304809570312,2.929861068725586,3.385073661804199,14.67248821258545,2.1673059463500977,-17.912647247314453
1781548279298196,210908021,-0.6436387896537781,-0.48988357186317444,0.3071216940879822,-0.5014175176620483,8.950992584228516,3.1809489727020264,3.349634885787964,23.98155403137207,0.4735867977142334,-19.527048110961914
1781548279328582,210924688,-0.6433541178703308,-0.4930882155895233,0.30388495326042175,-0.5006129741668701,8.921241760253906,3.441303253173828,3.4088075160980225,24.973731994628906,0.1267256885766983,-19.704059600830078
1781548279329789,210941355,-0.6430251002311707,-0.4959680140018463,0.3008038401603699,-0.5000516772270203,8.852592468261719,3.6718790531158447,3.2999086380004883,23.65982437133789,1.2883803844451904,-17.26895523071289
1781548279358099,210958022,-0.6424177289009094,-0.49836817383766174,0.2982746362686157,-0.4999610483646393,8.724139213562012,3.835780382156372,3.267510414123535,21.564905166625977,1.5272434949874878,-11.356797218322754
1781548279359838,210974689,-0.6419708132743835,-0.499835729598999,0.2967592775821686,-0.49997198581695557,8.670055389404297,3.905846357345581,3.304335832595825,13.618517875671387,0.9321300387382507,-6.072903633117676
1781548279388396,210991356,-0.6420601010322571,-0.5001386404037476,0.29620876908302307,-0.49988049268722534,8.785721778869629,3.8973865509033203,3.3401637077331543,3.109874963760376,1.4185916185379028,-2.675464630126953
1781548279390265,211008023,-0.6428492665290833,-0.49928906559944153,0.29623186588287354,-0.49970218539237976,8.9371337890625,3.8466341495513916,3.2395071983337402,-6.532673358917236,3.974189043045044,-1.1436456441879272
1781548279418319,211024690,-0.6441986560821533,-0.4980672597885132,0.2963907718658447,-0.49908891320228577,8.95064926147461,3.742776870727539,3.1523430347442627,-11.453723907470703,4.300662517547607,-3.766439199447632
1781548279420055,211041357,-0.6460340023040771,-0.49671271443367004,0.2967749238014221,-0.497836709022522,8.85195541381836,3.4879567623138428,3.1532411575317383,-15.780373573303223,2.561445713043213,-7.22148323059082
1781548279448166,211058024,-0.6475391387939453,-0.4960757791996002,0.2966677248477936,-0.49657854437828064,8.744584083557129,3.1950366497039795,3.1272740364074707,-9.796159744262695,1.5930660963058472,-9.26049518585205
1781548279478736,211074691,-0.6479957103729248,-0.49691304564476013,0.2955078184604645,-0.49583688378334045,8.62877368927002,3.1432852745056152,3.136402130126953,4.990898609161377,0.8701086044311523,-9.978531837463379
1781548279480943,211091358,-0.6476360559463501,-0.4986603260040283,0.2940506935119629,-0.4954186975955963,8.543118476867676,3.2543020248413086,3.225508689880371,13.504325866699219,-1.4609111547470093,-8.620166778564453
1781548279508057,211108025,-0.6468135118484497,-0.500693142414093,0.29259374737739563,-0.4953056573867798,8.455242156982422,3.3818483352661133,3.281205654144287,16.9788875579834,-2.3235483169555664,-6.261927127838135
1781548279510312,211124692,-0.6456490159034729,-0.5028387308120728,0.2911437451839447,-0.49550580978393555,8.387801170349121,3.5648086071014404,3.3712282180786133,19.263933181762695,-2.3484573364257812,-3.9072353839874268
1781548279538213,211141359,-0.644564151763916,-0.5046421885490417,0.2898945212364197,-0.49581706523895264,8.362198829650879,3.791652202606201,3.399014949798584,17.008224487304688,-1.5306804180145264,-2.306387424468994
1781548279540173,211158026,-0.6435644030570984,-0.5061896443367004,0.2890165150165558,-0.49605074524879456,8.307415962219238,3.9071195125579834,3.3977558612823486,14.159204483032227,-2.4032413959503174,-1.1422760486602783
1781548279568491,211174693,-0.6426796317100525,-0.5074437856674194,0.2887968420982361,-0.4960445463657379,8.314818382263184,3.861483335494995,3.397775411605835,9.739328384399414,-4.922019958496094,0.27954351902008057
1781548279570058,211191360,-0.641855776309967,-0.5084897875785828,0.2890550494194031,-0.4958897531032562,8.509204864501953,3.79219651222229,3.44622540473938,6.682784557342529,-6.721324920654297,1.4961727857589722
1781548279598746,211208027,-0.640981912612915,-0.5094729661941528,0.2891642451286316,-0.4959474503993988,8.756935119628906,3.7613906860351562,3.4372916221618652,7.510945796966553,-5.207037448883057,2.2086410522460938
1781548279628118,211224694,-0.6401590704917908,-0.5102496147155762,0.2891940474510193,-0.49619412422180176,8.824151992797852,3.8364531993865967,3.3892438411712646,7.068036079406738,-3.3896234035491943,2.9997918605804443
1781548279629644,211241361,-0.6392790675163269,-0.5108119249343872,0.2895575165748596,-0.49653828144073486,8.86710262298584,3.869934320449829,3.3020527362823486,5.381017208099365,-3.8987274169921875,5.220605373382568
1781548279658072,211258028,-0.6381161212921143,-0.5112502574920654,0.290149062871933,-0.49723708629608154,8.856562614440918,3.873737335205078,3.2689507007598877,5.756974220275879,-3.795649766921997,8.79387378692627
1781548279659588,211274695,-0.6365860104560852,-0.5116618871688843,0.2909286618232727,-0.4983181655406952,8.73980712890625,3.8765759468078613,3.2853281497955322,7.050201416015625,-3.9188098907470703,12.440258026123047
1781548279688415,211291362,-0.6349576115608215,-0.5119276642799377,0.29232916235923767,-0.49930229783058167,8.70742416381836,3.8188421726226807,3.342358350753784,4.436309814453125,-6.673895359039307,14.82923698425293
1781548279690544,211308029,-0.6335957646369934,-0.511749804019928,0.2940328121185303,-0.5002133846282959,8.901535987854004,3.7645115852355957,3.304234027862549,0.37408027052879333,-6.196678638458252,15.55410099029541
1781548279718054,211324696,-0.6327111721038818,-0.5109817385673523,0.2954854369163513,-0.5012614130973816,9.042670249938965,3.734126091003418,3.1827750205993652,-2.7355282306671143,-1.6266382932662964,14.819475173950195
1781548279719840,211341363,-0.6322027444839478,-0.510002851486206,0.29667559266090393,-0.5021958947181702,8.961533546447754,3.75561785697937,3.0928916931152344,-4.300131797790527,0.6067716479301453,12.535447120666504
1781548279748170,211358030,-0.6321273446083069,-0.5089157223701477,0.29802602529525757,-0.5025938153266907,8.777809143066406,3.645592451095581,2.977479934692383,-7.938238143920898,-0.7138775587081909,9.490976333618164
1781548279778585,211374697,-0.6323545575141907,-0.5075801014900208,0.29996728897094727,-0.5025034546852112,8.719677925109863,3.3882925510406494,2.9184041023254395,-13.11809253692627,-3.5123493671417236,8.899492263793945
1781548279780498,211391364,-0.632421612739563,-0.5063654184341431,0.3020068109035492,-0.5024231672286987,8.766915321350098,3.096190929412842,2.8162152767181396,-12.35254192352295,-4.651514053344727,9.5902681350708
1781548279809079,211408031,-0.6318128705024719,-0.5057210922241211,0.3036161959171295,-0.5028676986694336,8.750739097595215,2.8778843879699707,2.7911288738250732,-4.94447135925293,-4.327908992767334,11.523885726928711
1781548279809728,211424698,-0.6302735805511475,-0.5059095621109009,0.30470508337020874,-0.5039499998092651,8.639318466186523,2.85492205619812,2.8471240997314453,5.039745330810547,-4.670364856719971,13.963102340698242
1781548279839045,211441365,-0.6281319856643677,-0.5069062113761902,0.30562037229537964,-0.505066990852356,8.681078910827637,2.9752962589263916,2.8520731925964355,11.311229705810547,-7.859471321105957,13.902803421020508
1781548279841631,211458032,-0.6259089708328247,-0.5083144903182983,0.30637019872665405,-0.5059562921524048,8.904788970947266,3.090487003326416,2.8569858074188232,13.469064712524414,-9.539130210876465,11.760222434997559
1781548279868612,211474699,-0.6238830089569092,-0.5097265839576721,0.3067724108695984,-0.5067936182022095,9.04734992980957,3.143462657928467,2.867539644241333,13.896472930908203,-7.821857452392578,9.62809944152832
1781548279870056,211491366,-0.6220139265060425,-0.5110688209533691,0.30681124329566956,-0.5077149868011475,8.998899459838867,3.1865105628967285,2.900775909423828,14.490152359008789,-5.394463539123535,8.315267562866211
1781548279898180,211508033,-0.6203014254570007,-0.5123447775840759,0.30681729316711426,-0.5085198879241943,8.951456069946289,3.2272515296936035,2.940621852874756,13.525188446044922,-5.101337432861328,7.295022010803223
1781548279930322,211524700,-0.6187235713005066,-0.5135700106620789,0.30701056122779846,-0.5090893507003784,9.081981658935547,3.2183384895324707,2.895479917526245,11.683734893798828,-6.267726421356201,6.586598873138428
1781548279931401,211541367,-0.6172878742218018,-0.5146908760070801,0.30704787373542786,-0.5096771121025085,9.238365173339844,3.1767542362213135,2.8702480792999268,11.322978019714355,-4.8748555183410645,5.8362226486206055
1781548279958814,211558034,-0.6157572269439697,-0.5159595608711243,0.3067956566810608,-0.5103973150253296,9.259626388549805,3.1431150436401367,2.8969223499298096,13.579846382141113,-3.8954265117645264,5.394148349761963
1781548279960076,211574701,-0.6140064001083374,-0.5176369547843933,0.3063367009162903,-0.5110832452774048,9.335493087768555,3.1634390354156494,2.880680561065674,16.74483871459961,-5.039957046508789,4.426717758178711
1781548279988118,211591368,-0.6122770309448242,-0.5193403959274292,0.305695116519928,-0.5118136405944824,9.397290229797363,3.2900888919830322,2.8440964221954346,17.513235092163086,-4.156984329223633,3.833091974258423
1781548280020797,211608035,-0.6108296513557434,-0.5206061005592346,0.30511829257011414,-0.5126006007194519,9.288631439208984,3.390178918838501,2.847353219985962,14.555418014526367,-2.0943262577056885,4.230420112609863
1781548280021886,211624702,-0.6098475456237793,-0.5212082862854004,0.30496788024902344,-0.5132471323013306,9.102119445800781,3.420724391937256,2.870506525039673,8.306092262268066,-1.0733004808425903,4.919029235839844
1781548280023153,211641369,-0.6093047261238098,-0.5213340520858765,0.30529356002807617,-0.5135705471038818,9.04051685333252,3.339407444000244,2.87251877784729,2.3769419193267822,-1.6252539157867432,4.719415187835693
1781548280048379,211658036,-0.608938992023468,-0.521365761756897,0.30574479699134827,-0.513703465461731,9.138267517089844,3.280508041381836,2.78599214553833,0.5049607753753662,-2.1296961307525635,3.943542957305908
1781548280078686,211674703,-0.6086854338645935,-0.5213257670402527,0.3059573173522949,-0.5139180421829224,9.197366714477539,3.3145313262939453,2.7486038208007812,0.817666232585907,-0.349523663520813,3.1851248741149902
1781548280081095,211691370,-0.6088732481002808,-0.5208403468132019,0.3062077462673187,-0.5140383839607239,9.068062782287598,3.3461811542510986,2.7959275245666504,-2.9603540897369385,1.6572247743606567,2.3034844398498535
1781548280108813,211708037,-0.6097407937049866,-0.5197209715843201,0.3070118725299835,-0.5136635303497314,8.912871360778809,3.2157087326049805,2.832951784133911,-11.047477722167969,1.2368568181991577,1.1457395553588867
1781548280112085,211724704,-0.6106380224227905,-0.5185678005218506,0.3079274594783783,-0.5132150053977966,8.81817626953125,2.9449622631073,2.764913558959961,-11.84577751159668,0.6883352994918823,1.2011146545410156
1781548280138640,211741371,-0.6109145879745483,-0.518033504486084,0.30812782049179077,-0.5133052468299866,8.780982971191406,2.8413634300231934,2.765409231185913,-3.3700292110443115,2.113950490951538,1.792510986328125
1781548280140191,211758038,-0.610751211643219,-0.5179941654205322,0.3074952960014343,-0.5139181613922119,8.97568416595459,2.9966607093811035,2.8195836544036865,4.322610855102539,4.794627666473389,1.525242805480957
1781548280168574,211774705,-0.6108132600784302,-0.5179470181465149,0.30601316690444946,-0.5147760510444641,9.089181900024414,3.3497345447540283,2.9790780544281006,7.00718355178833,9.739047050476074,-1.2516674995422363
1781548280170034,211791372,-0.6116927266120911,-0.517102062702179,0.30541008710861206,-0.5149391293525696,8.907363891601562,3.600709915161133,2.9619064331054688,-3.826627731323242,8.115981101989746,-2.253610610961914
1781548280198092,211808039,-0.6131428480148315,-0.5153610706329346,0.3066672682762146,-0.5142123699188232,8.824495315551758,3.3837127685546875,2.79986310005188,-18.078601837158203,1.4990168809890747,0.4789644181728363
1781548280228819,211824706,-0.6143072247505188,-0.5134878754615784,0.30800965428352356,-0.5138943195343018,8.792274475097656,3.0924277305603027,2.703571319580078,-17.063478469848633,2.453411102294922,3.793161392211914
1781548280230079,211841373,-0.6146371960639954,-0.5121026039123535,0.30840495228767395,-0.514644205570221,8.633755683898926,3.028669834136963,2.842567205429077,-6.448319911956787,6.732409954071045,6.874957084655762
1781548280258359,211858040,-0.6142377257347107,-0.5116028785705566,0.3083919286727905,-0.5156249403953552,8.609846115112305,3.2054197788238525,2.9398419857025146,1.7956620454788208,4.5911865234375,7.116074562072754
1781548280259882,211874707,-0.6140317916870117,-0.5109668374061584,0.30932578444480896,-0.5159413814544678,8.806625366210938,3.3387434482574463,2.876042127609253,-4.225647926330566,-0.8513533473014832,7.244354724884033
1781548280288434,211891374,-0.6144096255302429,-0.5095337629318237,0.3114215135574341,-0.5156480669975281,9.090593338012695,3.147634506225586,2.741942882537842,-15.05971908569336,-3.8295764923095703,8.376750946044922
1781548280290548,211908041,-0.6145488619804382,-0.5081873536109924,0.3135720193386078,-0.515507698059082,9.226106643676758,2.919412612915039,2.652909994125366,-13.7245512008667,-4.344493865966797,9.87517261505127
1781548280319599,211924708,-0.6139310598373413,-0.5076488256454468,0.3151399791240692,-0.5158179998397827,9.233817100524902,2.8415701389312744,2.7185332775115967,-4.629664421081543,-4.801999092102051,10.684285163879395
1781548280320912,211941375,-0.6128151416778564,-0.5077198147773743,0.31607672572135925,-0.516501784324646,9.1946439743042,2.87445330619812,2.8066322803497314,2.728886842727661,-4.075865745544434,10.502908706665039
1781548280348395,211958042,-0.61139315366745,-0.5082541704177856,0.31669187545776367,-0.517284095287323,9.19172477722168,2.999584197998047,2.887084484100342,7.106407165527344,-4.687241554260254,9.875615119934082
1781548280378152,211974709,-0.6103250980377197,-0.5084480047225952,0.3175089657306671,-0.5178534388542175,9.278548240661621,3.111992597579956,3.0627520084381104,3.2554585933685303,-4.298439979553223,9.168651580810547
1781548280380181,211991376,-0.6100014448165894,-0.5078763365745544,0.31886863708496094,-0.5179600119590759,9.306144714355469,3.064514636993408,3.0551419258117676,-5.499867916107178,-3.8415732383728027,8.144770622253418
1781548280410278,212008043,-0.6100050806999207,-0.5070277452468872,0.32063108682632446,-0.5176992416381836,9.271754264831543,2.8863563537597656,2.935579776763916,-10.0438871383667,-5.1106977462768555,7.45161771774292
1781548280410754,212024710,-0.6101932525634766,-0.5059367418289185,0.32259202003479004,-0.5173265337944031,9.273476600646973,2.6962521076202393,2.9520106315612793,-12.657575607299805,-5.063327312469482,7.552019119262695
1781548280438301,212041377,-0.6102455258369446,-0.5051045417785645,0.3241584002971649,-0.5170987844467163,9.230253219604492,2.524970769882202,2.8138656616210938,-9.373112678527832,-4.126477241516113,6.695489883422852
1781548280440034,212058044,-0.6093730330467224,-0.505325198173523,0.3248552978038788,-0.5174747109413147,9.121186256408691,2.503141403198242,2.755366086959839,2.691364049911499,-4.186166763305664,7.150191307067871
1781548280468242,212074711,-0.6078137159347534,-0.5062057971954346,0.32466328144073486,-0.5185673236846924,9.095263481140137,2.6797423362731934,2.9021828174591064,12.606202125549316,-1.8544632196426392,8.03395938873291
1781548280470093,212091378,-0.6058996915817261,-0.5073980093002319,0.3240917921066284,-0.5199974775314331,9.028902053833008,3.0253782272338867,2.9930646419525146,17.24959373474121,-0.9954772591590881,8.69304370880127
1781548280498177,212108045,-0.6044657826423645,-0.5077295303344727,0.3241775631904602,-0.5212879180908203,8.860953330993652,3.2424824237823486,3.1220431327819824,9.328375816345215,-0.0749940276145935,10.605181694030762
1781548280529067,212124712,-0.6038177609443665,-0.5068768262863159,0.3254295289516449,-0.5220879316329956,8.848870277404785,3.1776020526885986,3.050999164581299,-3.610189199447632,-0.6378591060638428,12.461040496826172
1781548280530644,212141379,-0.6035746932029724,-0.505399763584137,0.3273208439350128,-0.522618293762207,8.927704811096191,2.9591856002807617,2.899771213531494,-10.511500358581543,-1.0851342678070068,13.514189720153809
1781548280559021,212158046,-0.6034353375434875,-0.5036817193031311,0.3293846845626831,-0.5231407880783081,9.015219688415527,2.7397165298461914,2.8282618522644043,-12.509437561035156,-0.7297964096069336,14.250764846801758
1781548280560409,212174713,-0.6031378507614136,-0.5020201802253723,0.33142542839050293,-0.5237918496131897,9.018397331237793,2.6065938472747803,2.71134877204895,-11.35364818572998,-0.750017523765564,15.145173072814941
1781548280588771,212191380,-0.6025654673576355,-0.5005505084991455,0.3333631455898285,-0.5246267318725586,9.032130241394043,2.4985454082489014,2.6407907009124756,-8.818589210510254,-1.0063624382019043,16.10464859008789
1781548280590821,212208047,-0.6017389297485352,-0.4993645250797272,0.3351324796676636,-0.52557772397995,9.03693675994873,2.4732768535614014,2.6773319244384766,-5.895730018615723,-1.5150953531265259,16.272130966186523
1781548280618652,212224714,-0.6008121371269226,-0.49836087226867676,0.3370223343372345,-0.526381254196167,9.081311225891113,2.491971015930176,2.7044644355773926,-5.571792125701904,-3.4088616371154785,16.018474578857422
1781548280621514,212241381,-0.5999221205711365,-0.4972976744174957,0.339252769947052,-0.5269688963890076,9.133703231811523,2.4459588527679443,2.7218446731567383,-7.677761077880859,-5.2546563148498535,16.29856300354004
1781548280649889,212258048,-0.5990908145904541,-0.4961203336715698,0.3416810929775238,-0.5274550914764404,9.202917098999023,2.291839838027954,2.6802244186401367,-9.30267333984375,-5.867788314819336,16.609378814697266
1781548280678508,212274715,-0.5978406071662903,-0.4954501688480377,0.343863844871521,-0.5280847549438477,9.291862487792969,2.122023582458496,2.5167927742004395,-4.556914329528809,-7.1903510093688965,16.690631866455078
1781548280679871,212291382,-0.5958464741706848,-0.49562686681747437,0.34556958079338074,-0.5290582776069641,9.436131477355957,2.0420126914978027,2.4750051498413086,4.002508163452148,-8.890921592712402,17.178043365478516
1781548280707992,212308049,-0.5932154059410095,-0.4964864253997803,0.3467490077018738,-0.5304355621337891,9.565818786621094,2.1550211906433105,2.5300254821777344,11.844403266906738,-9.356285095214844,17.732223510742188
1781548280709804,212324716,-0.5904529094696045,-0.4972675144672394,0.347777783870697,-0.5321102142333984,9.547478675842285,2.358206033706665,2.720785140991211,13.230775833129883,-7.753544807434082,19.09722328186035
1781548280738665,212341383,-0.5882250666618347,-0.4972587823867798,0.34915441274642944,-0.5336820483207703,9.521149635314941,2.5552470684051514,2.8710734844207764,6.678285598754883,-5.348439693450928,19.801830291748047
1781548280739325,212358050,-0.5867302417755127,-0.49668699502944946,0.3511338531970978,-0.5345603823661804,9.393722534179688,2.6255128383636475,2.712705135345459,-1.9814263582229614,-6.332312107086182,17.72000503540039
1781548280767945,212374717,-0.5864500999450684,-0.4948316216468811,0.3545979857444763,-0.5343016982078552,9.369762420654297,2.343848943710327,2.6595683097839355,-19.50934600830078,-8.554431915283203,16.839210510253906
1781548280769787,212391384,-0.5869569778442383,-0.4922884404659271,0.3585517108440399,-0.5334553122520447,9.397480964660645,1.8790298700332642,2.549762487411499,-28.191993713378906,-8.083270072937012,14.920676231384277
1781548280798749,212408051,-0.58716881275177,-0.4903402328491211,0.36178287863731384,-0.5328345894813538,9.527220726013184,1.544133186340332,2.5034079551696777,-21.585308074951172,-7.312046527862549,13.001120567321777
1781548280828769,212424718,-0.5871352553367615,-0.4888577163219452,0.3639943599700928,-0.5327274799346924,9.644610404968262,1.3814828395843506,2.4798758029937744,-13.86548900604248,-3.7814886569976807,11.375732421875
1781548280830707,212441385,-0.5866246819496155,-0.4881676435470581,0.36496004462242126,-0.5332619547843933,9.62343692779541,1.3713626861572266,2.410712957382202,-2.89436411857605,-0.691837728023529,9.542072296142578
1781548280859032,212458052,-0.5855452418327332,-0.4883807301521301,0.36476144194602966,-0.5343878269195557,9.524487495422363,1.4589039087295532,2.460765838623047,8.410849571228027,1.2504701614379883,7.838788986206055
1781548280860613,212474719,-0.5840227007865906,-0.48926636576652527,0.3641018569469452,-0.5356920957565308,9.471057891845703,1.7024462223052979,2.616339683532715,14.747401237487793,0.1235237568616867,6.949724197387695
1781548280889106,212491386,-0.5830460786819458,-0.4895087778568268,0.36406072974205017,-0.5365618467330933,9.432926177978516,1.8641273975372314,2.63960862159729,6.963717937469482,-0.08480368554592133,6.884767055511475
1781548280891241,212508053,-0.5827891230583191,-0.4888492226600647,0.364835262298584,-0.5369159579277039,9.446744918823242,1.7337075471878052,2.616776943206787,-3.374755620956421,0.03793881833553314,7.164968490600586
1781548280948467,212524720,-0.5825443863868713,-0.4882639944553375,0.36549004912376404,-0.5372684597969055,9.476336479187012,1.5654948949813843,2.493574857711792,-2.6798574924468994,0.2686452567577362,6.524766445159912
1781548280950223,212541387,-0.5817916989326477,-0.48837119340896606,0.3655756711959839,-0.5379279851913452,9.452367782592773,1.531725525856018,2.4628889560699463,4.671878337860107,-0.25496163964271545,5.980072975158691
1781548280952601,212558054,-0.5806341171264648,-0.4890410006046295,0.36538317799568176,-0.5387005805969238,9.5609769821167,1.6560715436935425,2.4634759426116943,9.594372749328613,-1.8610705137252808,5.581092357635498
1781548280978399,212574721,-0.5794278979301453,-0.4896578788757324,0.36526718735694885,-0.5395169854164124,9.70177173614502,1.7735464572906494,2.4744749069213867,9.373324394226074,-1.9452983140945435,6.326333999633789
1781548280980130,212591388,-0.5785703063011169,-0.4898674786090851,0.3652912974357605,-0.5402303338050842,9.703618049621582,1.8807132244110107,2.5445053577423096,5.799683094024658,-0.4635258913040161,6.117152690887451
1781548281008832,212608055,-0.5783867239952087,-0.4894479215145111,0.3658739924430847,-0.5404126644134521,9.57382583618164,1.8864171504974365,2.5653231143951416,-2.3805341720581055,-0.44397062063217163,4.963428020477295
1781548281012464,212624722,-0.5787525773048401,-0.48862671852111816,0.36702612042427063,-0.5399826765060425,9.476115226745605,1.7420369386672974,2.5578808784484863,-9.483631134033203,-1.894866704940796,3.413463592529297
1781548281037971,212641389,-0.579168975353241,-0.48794400691986084,0.36824023723602295,-0.5393269062042236,9.510842323303223,1.530961513519287,2.4952754974365234,-9.902565002441406,-3.286571502685547,2.1858205795288086
1781548281039905,212658056,-0.5792110562324524,-0.48767706751823425,0.3689870238304138,-0.5390123724937439,9.544443130493164,1.3975285291671753,2.4522082805633545,-4.394000053405762,-2.770692825317383,2.311732292175293
1781548281068213,212674723,-0.5787543058395386,-0.4879644215106964,0.369106262922287,-0.5391613841056824,9.590514183044434,1.398915410041809,2.538621664047241,2.9871511459350586,-2.0364785194396973,2.495297908782959
1781548281070396,212691390,-0.5780909061431885,-0.48858994245529175,0.3688495457172394,-0.5394821166992188,9.60923957824707,1.5134332180023193,2.601613759994507,6.8555402755737305,-1.7426114082336426,1.8245655298233032
1781548281098746,212708057,-0.5776512622833252,-0.4890908896923065,0.36870038509368896,-0.53960120677948,9.655464172363281,1.604110598564148,2.5860049724578857,4.6983232498168945,-1.8184634447097778,0.8699545860290527
1781548281128601,212724724,-0.5775349140167236,-0.4893372654914856,0.3686351478099823,-0.5395470261573792,9.686423301696777,1.6353845596313477,2.5501537322998047,1.8506903648376465,-0.969850480556488,-0.08991336822509766
1781548281130687,212741391,-0.5774508714675903,-0.4897204339504242,0.3682245910167694,-0.539569616317749,9.572142601013184,1.677977442741394,2.5588836669921875,3.761078357696533,0.23449069261550903,-1.4132449626922607
1781548281158497,212758058,-0.5775426030158997,-0.48997414112091064,0.367888867855072,-0.5394699573516846,9.491497039794922,1.7008388042449951,2.616487503051758,2.0674123764038086,0.4505721628665924,-1.9708844423294067
1781548281160802,212774725,-0.5779064893722534,-0.489818274974823,0.3678610324859619,-0.5392407178878784,9.467263221740723,1.6733789443969727,2.6099958419799805,-1.9456430673599243,0.9992601871490479,-1.4217097759246826
1781548281192977,212791392,-0.5784362554550171,-0.4894229769706726,0.3679422438144684,-0.53897625207901,9.478257179260254,1.6375319957733154,2.5548222064971924,-3.949388265609741,1.7538999319076538,-1.2048853635787964
1781548281194000,212808059,-0.5790448784828186,-0.4890667498111725,0.36793163418769836,-0.5386534929275513,9.458490371704102,1.6119633913040161,2.5196852684020996,-3.865814208984375,1.978036642074585,-2.136291027069092
1781548281219066,212824726,-0.5797735452651978,-0.4887908101081848,0.36786025762557983,-0.5381684899330139,9.44844913482666,1.5394771099090576,2.4896838665008545,-4.134607315063477,1.6804301738739014,-3.6340579986572266
1781548281219453,212841393,-0.5805342793464661,-0.48876652121543884,0.3675258457660675,-0.5375986695289612,9.472332000732422,1.5193265676498413,2.438671588897705,-2.481269121170044,1.5938595533370972,-5.611820697784424
1781548281248129,212858060,-0.5811157822608948,-0.4891267418861389,0.3668314814567566,-0.5371166467666626,9.446855545043945,1.5226138830184937,2.3949108123779297,1.2080169916152954,1.4512735605239868,-6.780746936798096
1781548281278495,212874727,-0.5814071893692017,-0.48986196517944336,0.36585134267807007,-0.5367996096611023,9.41515827178955,1.567954182624817,2.4345624446868896,5.154038906097412,1.0324803590774536,-6.957115650177002
1781548281279683,212891394,-0.5814222097396851,-0.4907818138599396,0.36461079120635986,-0.5367872714996338,9.443269729614258,1.6368263959884644,2.475705146789551,8.550065994262695,1.7230243682861328,-6.061452388763428
1781548281308030,212908061,-0.5811092853546143,-0.49206221103668213,0.3629165589809418,-0.5371019840240479,9.458351135253906,1.7878965139389038,2.5044195652008057,13.592023849487305,2.48720645904541,-5.9788031578063965
1781548281309916,212924728,-0.5805292725563049,-0.4936460256576538,0.36105185747146606,-0.5375326871871948,9.426316261291504,1.9756461381912231,2.5249569416046143,16.62664794921875,1.7740333080291748,-5.862137794494629
1781548281338650,212941395,-0.5801461338996887,-0.4949183166027069,0.3596462309360504,-0.5377185344696045,9.408742904663086,2.18674898147583,2.6284801959991455,12.411006927490234,0.7509840726852417,-5.236186981201172
1781548281340487,212958062,-0.5804963707923889,-0.49531203508377075,0.3591032922267914,-0.5373406410217285,9.426913261413574,2.2289202213287354,2.6298699378967285,1.8277031183242798,0.45318472385406494,-5.087592124938965
1781548281368430,212974729,-0.5811926126480103,-0.49523797631263733,0.3590002655982971,-0.5367248058319092,9.432591438293457,2.134061813354492,2.5790090560913086,-3.430488348007202,0.46920540928840637,-4.661793231964111
1781548281370227,212991396,-0.5818654298782349,-0.49515673518180847,0.3588807284832001,-0.5361506342887878,9.41207504272461,2.0322329998016357,2.563347339630127,-3.2160844802856445,0.6451263427734375,-4.447210311889648
1781548281398191,213008063,-0.5826254487037659,-0.49487802386283875,0.35896608233451843,-0.5355250835418701,9.432514190673828,1.9722493886947632,2.532289981842041,-5.184791564941406,0.5941058397293091,-3.789079189300537
1781548281428236,213024730,-0.5834997892379761,-0.4943987727165222,0.35916903614997864,-0.534879207611084,9.453544616699219,1.8891448974609375,2.516779661178589,-6.859364032745361,1.0740752220153809,-3.3964879512786865
1781548281430334,213041397,-0.5841009616851807,-0.4941234290599823,0.3590730130672455,-0.5345414876937866,9.43515396118164,1.8229694366455078,2.563978433609009,-3.252544641494751,1.8972417116165161,-2.6753365993499756
1781548281458481,213058064,-0.5843154788017273,-0.4943082630634308,0.3585296869277954,-0.5345010161399841,9.385083198547363,1.8802372217178345,2.569143772125244,2.2860422134399414,2.056821346282959,-2.7171106338500977
1781548281459587,213074731,-0.5843973755836487,-0.49467477202415466,0.3579414486885071,-0.5344668626785278,9.402297019958496,1.9773147106170654,2.607544422149658,3.6484591960906982,1.2644416093826294,-2.8047831058502197
1781548281488047,213091398,-0.5847068428993225,-0.4947725236415863,0.3575184643268585,-0.5343208909034729,9.45096206665039,1.9888075590133667,2.6240663528442383,0.9123947024345398,1.7675515413284302,-2.866560459136963
1781548281489921,213108065,-0.5851503014564514,-0.49467921257019043,0.35729706287384033,-0.5340697765350342,9.471488952636719,1.9242973327636719,2.6048777103424072,-1.3115366697311401,1.6310741901397705,-2.626979112625122
1781548281518129,213124732,-0.5852810144424438,-0.49496516585350037,0.3567352294921875,-0.5340371131896973,9.482260704040527,1.91083824634552,2.533933162689209,3.0649499893188477,1.5829098224639893,-2.6884500980377197
1781548281520032,213141399,-0.5851262807846069,-0.4955589771270752,0.35586023330688477,-0.5342398881912231,9.428799629211426,2.0348079204559326,2.6244544982910156,7.002378940582275,1.8136802911758423,-2.5141944885253906
1781548281548621,213158066,-0.5855207443237305,-0.49549683928489685,0.3554344177246094,-0.5341489315032959,9.405606269836426,2.1428816318511963,2.730506658554077,0.12466341257095337,2.7590320110321045,-2.577726125717163
1781548281579038,213174733,-0.5861631631851196,-0.49527543783187866,0.35532256960868835,-0.5337238907814026,9.338597297668457,2.094573497772217,2.60571026802063,-3.331533432006836,1.547564148902893,-3.3746137619018555
1781548281579669,213191400,-0.5869046449661255,-0.49486255645751953,0.3555077910423279,-0.5331683158874512,9.361559867858887,1.9862334728240967,2.6157710552215576,-5.848711967468262,0.8502457737922668,-2.784459352493286
1781548281608390,213208067,-0.587565004825592,-0.4945124685764313,0.35555019974708557,-0.5327373147010803,9.430618286132812,1.894834280014038,2.596900463104248,-4.4920454025268555,1.4219211339950562,-2.624021291732788
1781548281610362,213224734,-0.5878210067749023,-0.49464941024780273,0.35507434606552124,-0.5326452255249023,9.419486999511719,1.911513328552246,2.5249831676483154,1.5775052309036255,1.8959096670150757,-2.726318120956421
1781548281668758,213241401,-0.5879426598548889,-0.4949871897697449,0.3543395698070526,-0.5326862931251526,9.3972806930542,1.99339759349823,2.5871074199676514,4.119322776794434,2.3311848640441895,-3.067530393600464
1781548281670931,213258068,-0.5881019830703735,-0.49541816115379333,0.353544682264328,-0.532637894153595,9.364084243774414,2.0638914108276367,2.613229513168335,4.37026309967041,2.020566940307617,-3.999026298522949
1781548281672726,213274735,-0.5883861780166626,-0.4956873059272766,0.3530702292919159,-0.5323883295059204,9.337306022644043,2.0954372882843018,2.6739044189453125,1.6274501085281372,0.9358816146850586,-3.78489089012146
1781548281698441,213291402,-0.5888821482658386,-0.4955887496471405,0.3529638946056366,-0.5320022702217102,9.349390029907227,2.0283098220825195,2.669346332550049,-2.259936809539795,0.8414220809936523,-2.9649136066436768
1781548281700460,213308069,-0.5891919136047363,-0.4957139790058136,0.35262447595596313,-0.5317675471305847,9.335363388061523,1.9848965406417847,2.5997838973999023,0.49977418780326843,1.0299185514450073,-3.0089030265808105
1781548281728200,213324736,-0.5891585946083069,-0.49628129601478577,0.35191044211387634,-0.5317481160163879,9.336997032165527,2.034721851348877,2.598600387573242,5.351870536804199,0.8338152170181274,-3.2305305004119873
1781548281730038,213341403,-0.589057207107544,-0.49688830971717834,0.3512364625930786,-0.5317391157150269,9.356135368347168,2.130223274230957,2.6657192707061768,5.623659610748291,0.39679840207099915,-2.8991150856018066
1781548281758642,213358070,-0.5890763998031616,-0.49730417132377625,0.350716769695282,-0.5316724181175232,9.411853790283203,2.2544004917144775,2.7044081687927246,3.7344281673431396,0.5653299689292908,-2.5850002765655518
1781548281759693,213374737,-0.5893554091453552,-0.49739211797714233,0.35036540031433105,-0.531512439250946,9.411887168884277,2.2835135459899902,2.6551833152770996,0.6777439713478088,1.3890470266342163,-2.546555280685425
